{"type": "FeatureCollection", "features": [{"type": "Feature", "geometry": {"type": "LineString", "coordinates": [[-102.16819, 35.82003], [-102.26778, 35.88723]]}, "properties": {"operator": "Colorado Interstate Gas Co", "pipe_type": "Interstate"}}, {"type": "Feature", "geometry": {"type": "LineString", "coordinates": [[-102.16819, 35.63584], [-102.23283, 35.65664]]}, "properties": {"operator": "Colorado Interstate Gas Co", "pipe_type": "Interstate"}}, {"type": "Feature", "geometry": {"type": "LineString", "coordinates": [[-102.05818, 35.61824], [-101.95155, 35.59584]]}, "properties": {"operator": "Colorado Interstate Gas Co", "pipe_type": "Interstate"}}, {"type": "Feature", "geometry": {"type": "LineString", "coordinates": [[-102.128, 36.50061], [-102.12778, 36.5]]}, "properties": {"operator": "Colorado Interstate Gas Co", "pipe_type": "Interstate"}}, {"type": "Feature", "geometry": {"type": "LineString", "coordinates": [[-102.05933, 36.31002], [-102.01995, 36.18629]]}, "properties": {"operator": "Colorado Interstate Gas Co", "pipe_type": "Interstate"}}, {"type": "Feature", "geometry": {"type": "LineString", "coordinates": [[-101.94538, 35.65917], [-102.16819, 35.82003]]}, "properties": {"operator": "Colorado Interstate Gas Co", "pipe_type": "Interstate"}}, {"type": "Feature", "geometry": {"type": "LineString", "coordinates": [[-101.97779, 36.05382], [-101.96073, 35.84606]]}, "properties": {"operator": "Colorado Interstate Gas Co", "pipe_type": "Interstate"}}, {"type": "Feature", "geometry": {"type": "LineString", "coordinates": [[-102.12778, 36.5], [-102.05933, 36.31002]]}, "properties": {"operator": "Colorado Interstate Gas Co", "pipe_type": "Interstate"}}, {"type": "Feature", "geometry": {"type": "LineString", "coordinates": [[-102.01995, 36.18629], [-101.97779, 36.05382]]}, "properties": {"operator": "Colorado Interstate Gas Co", "pipe_type": "Interstate"}}, {"type": "Feature", "geometry": {"type": "LineString", "coordinates": [[-101.96073, 35.84606], [-101.96047, 35.83876]]}, "properties": {"operator": "Colorado Interstate Gas Co", "pipe_type": "Interstate"}}, {"type": "Feature", "geometry": {"type": "LineString", "coordinates": [[-101.96047, 35.83876], [-101.95777, 35.81489], [-101.94538, 35.65917]]}, "properties": {"operator": "Colorado Interstate Gas Co", "pipe_type": "Interstate"}}, {"type": "Feature", "geometry": {"type": "LineString", "coordinates": [[-101.97552, 35.62955], [-102.05818, 35.61824]]}, "properties": {"operator": "Colorado Interstate Gas Co", "pipe_type": "Interstate"}}, {"type": "Feature", "geometry": {"type": "LineString", "coordinates": [[-101.97552, 35.62955], [-102.16819, 35.63584]]}, "properties": {"operator": "Colorado Interstate Gas Co", "pipe_type": "Interstate"}}, {"type": "Feature", "geometry": {"type": "LineString", "coordinates": [[-101.94538, 35.65917], [-101.97552, 35.62955]]}, "properties": {"operator": "Colorado Interstate Gas Co", "pipe_type": "Interstate"}}, {"type": "Feature", "geometry": {"type": "LineString", "coordinates": [[-100.02863, 35.65313], [-100.02722, 35.65706]]}, "properties": {"operator": "ONEOK Gas Transmission LLC", "pipe_type": "Intrastate"}}, {"type": "Feature", "geometry": {"type": "LineString", "coordinates": [[-100.02385, 35.83609], [-100.01563, 35.8348]]}, "properties": {"operator": "ONEOK Gas Transmission LLC", "pipe_type": "Intrastate"}}, {"type": "Feature", "geometry": {"type": "LineString", "coordinates": [[-100.04487, 35.6357], [-100.04416, 35.63738], [-100.04275, 35.64131], [-100.03993, 35.64244], [-100.03781, 35.64525], [-100.03498, 35.64694], [-100.03287, 35.64919], [-100.03005, 35.65144], [-100.02863, 35.65313], [-100.02016, 35.65372], [-100.01522, 35.65317], [-100.01028, 35.65262], [-100.00605, 35.65151], [-100.00181, 35.64929], [-100.00111, 35.64929], [-100.00015, 35.64907]]}, "properties": {"operator": "ONEOK Gas Transmission LLC", "pipe_type": "Intrastate"}}, {"type": "Feature", "geometry": {"type": "LineString", "coordinates": [[-100.04487, 35.6357], [-100.03993, 35.63571], [-100.03498, 35.63573], [-100.03005, 35.6363], [-100.02581, 35.63688], [-100.02087, 35.63689], [-100.01593, 35.63691], [-100.01099, 35.63636], [-100.00675, 35.63638], [-100.00181, 35.63695], [-100.00015, 35.63696]]}, "properties": {"operator": "ONEOK Gas Transmission LLC", "pipe_type": "Intrastate"}}, {"type": "Feature", "geometry": {"type": "LineString", "coordinates": [[-100.00181, 35.62238], [-100.00017, 35.62421]]}, "properties": {"operator": "ONEOK Gas Transmission LLC", "pipe_type": "Intrastate"}}, {"type": "Feature", "geometry": {"type": "LineString", "coordinates": [[-99.99999, 35.98957], [-100.00252, 35.99014], [-100.00746, 35.989], [-100.0124, 35.98898], [-100.01663, 35.98897], [-100.02157, 35.98952], [-100.02652, 35.99006], [-100.03146, 35.98948], [-100.03569, 35.98947], [-100.04063, 35.98946], [-100.04557, 35.98944]]}, "properties": {"operator": "ONEOK Gas Transmission LLC", "pipe_type": "Intrastate"}}, {"type": "Feature", "geometry": {"type": "LineString", "coordinates": [[-100.04712, 35.82822], [-100.04218, 35.82991], [-100.03795, 35.83215], [-100.03301, 35.83216], [-100.02808, 35.83329], [-100.02385, 35.83609], [-100.02314, 35.83834], [-100.02314, 35.84002], [-100.02314, 35.84394], [-100.02314, 35.84787], [-100.02314, 35.85179], [-100.01891, 35.85292], [-100.01397, 35.85405], [-100.00904, 35.85461], [-100.0041, 35.85462], [-99.99982, 35.85365]]}, "properties": {"operator": "ONEOK Gas Transmission LLC", "pipe_type": "Intrastate"}}, {"type": "Feature", "geometry": {"type": "LineString", "coordinates": [[-100.24843, 35.58709], [-100.26637, 35.70178]]}, "properties": {"operator": "El Paso Natural Gas Co", "pipe_type": "Interstate"}}, {"type": "Feature", "geometry": {"type": "LineString", "coordinates": [[-100.26637, 35.70178], [-100.14671, 35.73279]]}, "properties": {"operator": "El Paso Natural Gas Co", "pipe_type": "Interstate"}}, {"type": "Feature", "geometry": {"type": "LineString", "coordinates": [[-100.53883, 35.23642], [-100.12069, 35.14188]]}, "properties": {"operator": "El Paso Natural Gas Co", "pipe_type": "Interstate"}}, {"type": "Feature", "geometry": {"type": "LineString", "coordinates": [[-100.14671, 35.73279], [-100.10655, 35.82342], [-100.047, 35.95783]]}, "properties": {"operator": "El Paso Natural Gas Co", "pipe_type": "Interstate"}}, {"type": "Feature", "geometry": {"type": "LineString", "coordinates": [[-100.53883, 35.23642], [-100.24843, 35.58709]]}, "properties": {"operator": "El Paso Natural Gas Co", "pipe_type": "Interstate"}}, {"type": "Feature", "geometry": {"type": "LineString", "coordinates": [[-100.24843, 35.58709], [-100.09997, 35.58886]]}, "properties": {"operator": "El Paso Natural Gas Co", "pipe_type": "Interstate"}}, {"type": "Feature", "geometry": {"type": "LineString", "coordinates": [[-100.09997, 35.58886], [-100.14671, 35.73279]]}, "properties": {"operator": "El Paso Natural Gas Co", "pipe_type": "Interstate"}}, {"type": "Feature", "geometry": {"type": "LineString", "coordinates": [[-101.96448, 35.81545], [-102.00021, 35.81542]]}, "properties": {"operator": "El Paso Natural Gas Co", "pipe_type": "Interstate"}}, {"type": "Feature", "geometry": {"type": "LineString", "coordinates": [[-101.65272, 35.76837], [-101.68687, 35.77353], [-101.72218, 35.77886], [-101.76568, 35.78543], [-101.82226, 35.79397], [-101.85443, 35.79883], [-101.86687, 35.80071], [-101.92399, 35.80933], [-101.93868, 35.81155], [-101.96448, 35.81545]]}, "properties": {"operator": "El Paso Natural Gas Co", "pipe_type": "Interstate"}}, {"type": "Feature", "geometry": {"type": "LineString", "coordinates": [[-100.0, 35.32603], [-100.17175, 35.32586], [-100.2058, 35.31756], [-100.53883, 35.23642]]}, "properties": {"operator": "El Paso Natural Gas Co", "pipe_type": "Interstate"}}, {"type": "Feature", "geometry": {"type": "LineString", "coordinates": [[-101.07629, 35.52635], [-101.1045, 35.54245], [-101.13343, 35.56993], [-101.14904, 35.58316], [-101.1694, 35.58233], [-101.19357, 35.58135]]}, "properties": {"operator": "El Paso Natural Gas Co", "pipe_type": "Interstate"}}, {"type": "Feature", "geometry": {"type": "LineString", "coordinates": [[-101.19357, 35.58135], [-101.21269, 35.58102], [-101.22921, 35.58074], [-101.28166, 35.57984]]}, "properties": {"operator": "El Paso Natural Gas Co", "pipe_type": "Interstate"}}, {"type": "Feature", "geometry": {"type": "LineString", "coordinates": [[-101.28166, 35.57984], [-101.30997, 35.59442], [-101.39745, 35.63948], [-101.44714, 35.66508], [-101.54582, 35.71589], [-101.57733, 35.73277], [-101.58662, 35.73774], [-101.60199, 35.7459], [-101.60919, 35.74973], [-101.62481, 35.75678], [-101.65028, 35.76971]]}, "properties": {"operator": "El Paso Natural Gas Co", "pipe_type": "Interstate"}}, {"type": "Feature", "geometry": {"type": "LineString", "coordinates": [[-101.65028, 35.76971], [-101.65272, 35.76837]]}, "properties": {"operator": "El Paso Natural Gas Co", "pipe_type": "Interstate"}}, {"type": "Feature", "geometry": {"type": "LineString", "coordinates": [[-102.00021, 35.81542], [-102.00131, 35.80918], [-102.00221, 35.80397], [-102.01041, 35.75704], [-102.01296, 35.74239], [-102.02453, 35.67616], [-102.03286, 35.62847], [-102.03433, 35.62005]]}, "properties": {"operator": "El Paso Natural Gas Co", "pipe_type": "Interstate"}}, {"type": "Feature", "geometry": {"type": "LineString", "coordinates": [[-102.03433, 35.62005], [-102.04544, 35.4965], [-102.06758, 35.25057], [-102.07096, 35.21296], [-102.07358, 35.18389]]}, "properties": {"operator": "El Paso Natural Gas Co", "pipe_type": "Interstate"}}, {"type": "Feature", "geometry": {"type": "LineString", "coordinates": [[-102.07358, 35.18389], [-102.07363, 35.1535], [-102.07365, 35.13702], [-102.07366, 35.13189]]}, "properties": {"operator": "El Paso Natural Gas Co", "pipe_type": "Interstate"}}, {"type": "Feature", "geometry": {"type": "LineString", "coordinates": [[-102.07366, 35.13189], [-102.07451, 35.12809], [-102.07927, 35.10679], [-102.08812, 35.06717], [-102.09789, 35.02345], [-102.1051, 34.99116], [-102.1151, 34.94643], [-102.1574, 34.75707], [-102.16101, 34.74092]]}, "properties": {"operator": "El Paso Natural Gas Co", "pipe_type": "Interstate"}}, {"type": "Feature", "geometry": {"type": "LineString", "coordinates": [[-102.16101, 34.74092], [-102.17546, 34.70326], [-102.19503, 34.65222], [-102.20598, 34.6237], [-102.23697, 34.5429], [-102.24815, 34.51377], [-102.25649, 34.49123], [-102.25914, 34.48409], [-102.28197, 34.42247], [-102.29171, 34.39618], [-102.30105, 34.37584], [-102.30544, 34.3644], [-102.315, 34.3395], [-102.32115, 34.32344], [-102.32461, 34.31444], [-102.32555, 34.31199]]}, "properties": {"operator": "El Paso Natural Gas Co", "pipe_type": "Interstate"}}, {"type": "Feature", "geometry": {"type": "LineString", "coordinates": [[-100.53883, 35.23642], [-100.62082, 35.28064], [-100.9589, 35.46302], [-100.98591, 35.47759], [-101.07629, 35.52635]]}, "properties": {"operator": "El Paso Natural Gas Co", "pipe_type": "Interstate"}}, {"type": "Feature", "geometry": {"type": "LineString", "coordinates": [[-102.78165, 34.3132], [-102.7616, 34.30561], [-102.75241, 34.30502], [-102.71881, 34.30289], [-102.71266, 34.30296], [-102.66176, 34.30352], [-102.6546, 34.3036], [-102.58713, 34.30289], [-102.58599, 34.29319], [-102.55641, 34.29201], [-102.53666, 34.29292], [-102.52788, 34.30923], [-102.51581, 34.30742], [-102.51362, 34.29564]]}, "properties": {"operator": "El Paso Natural Gas Co", "pipe_type": "Interstate"}}, {"type": "Feature", "geometry": {"type": "LineString", "coordinates": [[-102.78165, 34.3132], [-102.81568, 34.3145], [-102.87077, 34.34675], [-102.908, 34.36352], [-102.92943, 34.38123], [-102.95877, 34.39428], [-102.99938, 34.40919], [-103.02187, 34.41002], [-103.04309, 34.41081]]}, "properties": {"operator": "El Paso Natural Gas Co", "pipe_type": "Interstate"}}, {"type": "Feature", "geometry": {"type": "LineString", "coordinates": [[-100.28642, 35.70277], [-100.37888, 35.69241], [-100.51398, 35.78486], [-100.54284, 35.90955], [-100.56192, 35.99195]]}, "properties": {"operator": "El Paso Natural Gas Co", "pipe_type": "Interstate"}}, {"type": "Feature", "geometry": {"type": "LineString", "coordinates": [[-100.636, 35.87362], [-100.54284, 35.90955]]}, "properties": {"operator": "El Paso Natural Gas Co", "pipe_type": "Interstate"}}, {"type": "Feature", "geometry": {"type": "LineString", "coordinates": [[-100.5532, 35.73679], [-100.51398, 35.78486]]}, "properties": {"operator": "El Paso Natural Gas Co", "pipe_type": "Interstate"}}, {"type": "Feature", "geometry": {"type": "LineString", "coordinates": [[-100.40504, 35.83664], [-100.40939, 35.72569], [-100.4399, 35.7072]]}, "properties": {"operator": "El Paso Natural Gas Co", "pipe_type": "Interstate"}}, {"type": "Feature", "geometry": {"type": "LineString", "coordinates": [[-100.08789, 35.82978], [-100.10655, 35.82342]]}, "properties": {"operator": "El Paso Natural Gas Co", "pipe_type": "Interstate"}}, {"type": "Feature", "geometry": {"type": "LineString", "coordinates": [[-100.28642, 35.70277], [-100.26637, 35.70178]]}, "properties": {"operator": "El Paso Natural Gas Co", "pipe_type": "Interstate"}}, {"type": "Feature", "geometry": {"type": "LineString", "coordinates": [[-100.0, 35.58886], [-100.09997, 35.58886]]}, "properties": {"operator": "El Paso Natural Gas Co", "pipe_type": "Interstate"}}, {"type": "Feature", "geometry": {"type": "LineString", "coordinates": [[-100.08789, 35.82978], [-100.0, 35.86348]]}, "properties": {"operator": "El Paso Natural Gas Co", "pipe_type": "Interstate"}}, {"type": "Feature", "geometry": {"type": "LineString", "coordinates": [[-102.32928, 34.29564], [-102.33696, 34.30561], [-102.39402, 34.30561], [-102.48838, 34.3047], [-102.49387, 34.3192], [-102.51252, 34.32192], [-102.53556, 34.32101], [-102.54434, 34.31105], [-102.57506, 34.31195], [-102.60359, 34.31376], [-102.61456, 34.32192], [-102.66732, 34.32192], [-102.68808, 34.32192], [-102.73417, 34.32373], [-102.76845, 34.32576], [-102.78165, 34.3132]]}, "properties": {"operator": "El Paso Natural Gas Co", "pipe_type": "Interstate"}}, {"type": "Feature", "geometry": {"type": "LineString", "coordinates": [[-100.2096, 34.43479], [-100.1811, 34.45005]]}, "properties": {"operator": "Atmos Pipeline - Texas", "pipe_type": "Intrastate"}}, {"type": "Feature", "geometry": {"type": "LineString", "coordinates": [[-100.34236, 34.48364], [-100.28824, 34.44793], [-100.28007, 34.4473], [-100.27041, 34.44919], [-100.26624, 34.45035], [-100.25663, 34.45381], [-100.25582, 34.46416], [-100.24839, 34.46892], [-100.19071, 34.4629], [-100.1811, 34.45005]]}, "properties": {"operator": "Atmos Pipeline - Texas", "pipe_type": "Intrastate"}}, {"type": "Feature", "geometry": {"type": "LineString", "coordinates": [[-100.39531, 34.39952], [-100.38707, 34.39949], [-100.38602, 34.3998]]}, "properties": {"operator": "Atmos Pipeline - Texas", "pipe_type": "Intrastate"}}, {"type": "Feature", "geometry": {"type": "LineString", "coordinates": [[-100.38602, 34.3998], [-100.34862, 34.41102], [-100.2937, 34.4085]]}, "properties": {"operator": "Atmos Pipeline - Texas", "pipe_type": "Intrastate"}}, {"type": "Feature", "geometry": {"type": "LineString", "coordinates": [[-100.31873, 34.40904], [-100.32075, 34.40224], [-100.32175, 34.38768], [-100.31924, 34.38198], [-100.32225, 34.38008], [-100.32575, 34.37281], [-100.32575, 34.36489], [-100.32225, 34.36425], [-100.32525, 34.36045], [-100.32575, 34.34335], [-100.31752, 34.31168]]}, "properties": {"operator": "Atmos Pipeline - Texas", "pipe_type": "Intrastate"}}, {"type": "Feature", "geometry": {"type": "LineString", "coordinates": [[-100.2937, 34.4085], [-100.29507, 34.39685], [-100.29777, 34.38462]]}, "properties": {"operator": "Atmos Pipeline - Texas", "pipe_type": "Intrastate"}}, {"type": "Feature", "geometry": {"type": "LineString", "coordinates": [[-100.26624, 34.45035], [-100.2731, 34.40493], [-100.28134, 34.3968], [-100.29507, 34.39685]]}, "properties": {"operator": "Atmos Pipeline - Texas", "pipe_type": "Intrastate"}}, {"type": "Feature", "geometry": {"type": "LineString", "coordinates": [[-100.1811, 34.45005], [-100.13742, 34.45327], [-100.05478, 34.46008], [-99.95898, 34.42076]]}, "properties": {"operator": "Atmos Pipeline - Texas", "pipe_type": "Intrastate"}}, {"type": "Feature", "geometry": {"type": "LineString", "coordinates": [[-102.79821, 34.17869], [-102.73139, 34.31322]]}, "properties": {"operator": "Natural Gas PL Co of Am", "pipe_type": "Interstate"}}, {"type": "Feature", "geometry": {"type": "LineString", "coordinates": [[-101.0857, 35.46176], [-101.1151, 35.46714], [-101.16403, 35.4761]]}, "properties": {"operator": "Natural Gas PL Co of Am", "pipe_type": "Interstate"}}, {"type": "Feature", "geometry": {"type": "LineString", "coordinates": [[-101.46202, 35.56019], [-101.47837, 35.57931], [-101.49024, 35.59318], [-101.51962, 35.62752]]}, "properties": {"operator": "Natural Gas PL Co of Am", "pipe_type": "Interstate"}}, {"type": "Feature", "geometry": {"type": "LineString", "coordinates": [[-101.16403, 35.4761], [-101.0857, 35.52166]]}, "properties": {"operator": "Natural Gas PL Co of Am", "pipe_type": "Interstate"}}, {"type": "Feature", "geometry": {"type": "LineString", "coordinates": [[-101.16403, 35.4761], [-101.21011, 35.4891], [-101.23588, 35.49637], [-101.30963, 35.51719]]}, "properties": {"operator": "Natural Gas PL Co of Am", "pipe_type": "Interstate"}}, {"type": "Feature", "geometry": {"type": "LineString", "coordinates": [[-102.52877, 34.51494], [-102.31066, 34.74317]]}, "properties": {"operator": "Natural Gas PL Co of Am", "pipe_type": "Interstate"}}, {"type": "Feature", "geometry": {"type": "LineString", "coordinates": [[-102.31066, 34.74317], [-102.26701, 34.8224]]}, "properties": {"operator": "Natural Gas PL Co of Am", "pipe_type": "Interstate"}}, {"type": "Feature", "geometry": {"type": "LineString", "coordinates": [[-102.26701, 34.8224], [-102.2215, 34.93829], [-102.16704, 35.07699]]}, "properties": {"operator": "Natural Gas PL Co of Am", "pipe_type": "Interstate"}}, {"type": "Feature", "geometry": {"type": "LineString", "coordinates": [[-101.0857, 35.52166], [-100.96026, 35.61779]]}, "properties": {"operator": "Natural Gas PL Co of Am", "pipe_type": "Interstate"}}, {"type": "Feature", "geometry": {"type": "LineString", "coordinates": [[-100.96026, 35.61779], [-100.81907, 35.70906]]}, "properties": {"operator": "Natural Gas PL Co of Am", "pipe_type": "Interstate"}}, {"type": "Feature", "geometry": {"type": "LineString", "coordinates": [[-100.53683, 35.4761], [-100.7328, 35.49056]]}, "properties": {"operator": "Natural Gas PL Co of Am", "pipe_type": "Interstate"}}, {"type": "Feature", "geometry": {"type": "LineString", "coordinates": [[-100.77203, 35.48941], [-100.94845, 35.48607], [-100.96806, 35.4857]]}, "properties": {"operator": "Natural Gas PL Co of Am", "pipe_type": "Interstate"}}, {"type": "Feature", "geometry": {"type": "LineString", "coordinates": [[-100.7328, 35.49056], [-100.77203, 35.48941]]}, "properties": {"operator": "Natural Gas PL Co of Am", "pipe_type": "Interstate"}}, {"type": "Feature", "geometry": {"type": "LineString", "coordinates": [[-101.04286, 35.46273], [-101.0857, 35.46176]]}, "properties": {"operator": "Natural Gas PL Co of Am", "pipe_type": "Interstate"}}, {"type": "Feature", "geometry": {"type": "LineString", "coordinates": [[-100.96806, 35.4857], [-101.04286, 35.46273]]}, "properties": {"operator": "Natural Gas PL Co of Am", "pipe_type": "Interstate"}}, {"type": "Feature", "geometry": {"type": "LineString", "coordinates": [[-101.3648, 36.08549], [-101.30874, 36.14381]]}, "properties": {"operator": "Natural Gas PL Co of Am", "pipe_type": "Interstate"}}, {"type": "Feature", "geometry": {"type": "LineString", "coordinates": [[-101.3945, 36.0544], [-101.3648, 36.08549]]}, "properties": {"operator": "Natural Gas PL Co of Am", "pipe_type": "Interstate"}}, {"type": "Feature", "geometry": {"type": "LineString", "coordinates": [[-101.15046, 36.26906], [-101.08922, 36.30035]]}, "properties": {"operator": "Natural Gas PL Co of Am", "pipe_type": "Interstate"}}, {"type": "Feature", "geometry": {"type": "LineString", "coordinates": [[-101.25944, 36.33735], [-101.30029, 36.36294]]}, "properties": {"operator": "Natural Gas PL Co of Am", "pipe_type": "Interstate"}}, {"type": "Feature", "geometry": {"type": "LineString", "coordinates": [[-101.15046, 36.26906], [-101.25944, 36.33735]]}, "properties": {"operator": "Natural Gas PL Co of Am", "pipe_type": "Interstate"}}, {"type": "Feature", "geometry": {"type": "LineString", "coordinates": [[-101.30874, 36.14381], [-101.38054, 36.20416]]}, "properties": {"operator": "Natural Gas PL Co of Am", "pipe_type": "Interstate"}}, {"type": "Feature", "geometry": {"type": "LineString", "coordinates": [[-101.30874, 36.14381], [-101.22643, 36.21216]]}, "properties": {"operator": "Natural Gas PL Co of Am", "pipe_type": "Interstate"}}, {"type": "Feature", "geometry": {"type": "LineString", "coordinates": [[-101.22643, 36.21216], [-101.1995, 36.23233]]}, "properties": {"operator": "Natural Gas PL Co of Am", "pipe_type": "Interstate"}}, {"type": "Feature", "geometry": {"type": "LineString", "coordinates": [[-101.1995, 36.23233], [-101.15046, 36.26906]]}, "properties": {"operator": "Natural Gas PL Co of Am", "pipe_type": "Interstate"}}, {"type": "Feature", "geometry": {"type": "LineString", "coordinates": [[-100.29376, 35.61779], [-100.27366, 35.65798]]}, "properties": {"operator": "Natural Gas PL Co of Am", "pipe_type": "Interstate"}}, {"type": "Feature", "geometry": {"type": "LineString", "coordinates": [[-100.41139, 35.61779], [-100.44544, 35.67552]]}, "properties": {"operator": "Natural Gas PL Co of Am", "pipe_type": "Interstate"}}, {"type": "Feature", "geometry": {"type": "LineString", "coordinates": [[-100.27366, 35.65798], [-100.34867, 35.61779]]}, "properties": {"operator": "Natural Gas PL Co of Am", "pipe_type": "Interstate"}}, {"type": "Feature", "geometry": {"type": "LineString", "coordinates": [[-101.62675, 35.80518], [-101.57235, 35.91475]]}, "properties": {"operator": "Natural Gas PL Co of Am", "pipe_type": "Interstate"}}, {"type": "Feature", "geometry": {"type": "LineString", "coordinates": [[-101.57235, 35.91475], [-101.45229, 35.99846]]}, "properties": {"operator": "Natural Gas PL Co of Am", "pipe_type": "Interstate"}}, {"type": "Feature", "geometry": {"type": "LineString", "coordinates": [[-101.51962, 35.62752], [-101.54822, 35.65695], [-101.5639, 35.67309]]}, "properties": {"operator": "Natural Gas PL Co of Am", "pipe_type": "Interstate"}}, {"type": "Feature", "geometry": {"type": "LineString", "coordinates": [[-101.45229, 35.99846], [-101.44155, 36.00886], [-101.3945, 36.0544]]}, "properties": {"operator": "Natural Gas PL Co of Am", "pipe_type": "Interstate"}}, {"type": "Feature", "geometry": {"type": "LineString", "coordinates": [[-101.5639, 35.67309], [-101.61882, 35.69946]]}, "properties": {"operator": "Natural Gas PL Co of Am", "pipe_type": "Interstate"}}, {"type": "Feature", "geometry": {"type": "LineString", "coordinates": [[-101.5639, 35.67309], [-101.53126, 35.76825]]}, "properties": {"operator": "Natural Gas PL Co of Am", "pipe_type": "Interstate"}}, {"type": "Feature", "geometry": {"type": "LineString", "coordinates": [[-101.61882, 35.69946], [-101.68678, 35.73786]]}, "properties": {"operator": "Natural Gas PL Co of Am", "pipe_type": "Interstate"}}, {"type": "Feature", "geometry": {"type": "LineString", "coordinates": [[-101.81507, 35.57134], [-101.68678, 35.73786]]}, "properties": {"operator": "Natural Gas PL Co of Am", "pipe_type": "Interstate"}}, {"type": "Feature", "geometry": {"type": "LineString", "coordinates": [[-101.65744, 35.77076], [-101.62675, 35.80518]]}, "properties": {"operator": "Natural Gas PL Co of Am", "pipe_type": "Interstate"}}, {"type": "Feature", "geometry": {"type": "LineString", "coordinates": [[-101.68678, 35.73786], [-101.68155, 35.74373], [-101.65744, 35.77076]]}, "properties": {"operator": "Natural Gas PL Co of Am", "pipe_type": "Interstate"}}, {"type": "Feature", "geometry": {"type": "LineString", "coordinates": [[-101.22643, 36.21216], [-100.96806, 36.05734]]}, "properties": {"operator": "Natural Gas PL Co of Am", "pipe_type": "Interstate"}}, {"type": "Feature", "geometry": {"type": "LineString", "coordinates": [[-101.08922, 36.30035], [-101.02054, 36.33754]]}, "properties": {"operator": "Natural Gas PL Co of Am", "pipe_type": "Interstate"}}, {"type": "Feature", "geometry": {"type": "LineString", "coordinates": [[-101.02054, 36.33754], [-100.93269, 36.49981]]}, "properties": {"operator": "Natural Gas PL Co of Am", "pipe_type": "Interstate"}}, {"type": "Feature", "geometry": {"type": "LineString", "coordinates": [[-102.67039, 34.37394], [-102.57061, 34.47329], [-102.52877, 34.51494]]}, "properties": {"operator": "Natural Gas PL Co of Am", "pipe_type": "Interstate"}}, {"type": "Feature", "geometry": {"type": "LineString", "coordinates": [[-102.73139, 34.31322], [-102.67039, 34.37394]]}, "properties": {"operator": "Natural Gas PL Co of Am", "pipe_type": "Interstate"}}, {"type": "Feature", "geometry": {"type": "LineString", "coordinates": [[-102.08742, 35.18272], [-102.02866, 35.26656], [-101.81507, 35.57134]]}, "properties": {"operator": "Natural Gas PL Co of Am", "pipe_type": "Interstate"}}, {"type": "Feature", "geometry": {"type": "LineString", "coordinates": [[-102.16704, 35.07699], [-102.12032, 35.13904], [-102.08742, 35.18272]]}, "properties": {"operator": "Natural Gas PL Co of Am", "pipe_type": "Interstate"}}, {"type": "Feature", "geometry": {"type": "LineString", "coordinates": [[-100.96806, 36.05734], [-100.91584, 36.0311]]}, "properties": {"operator": "Natural Gas PL Co of Am", "pipe_type": "Interstate"}}, {"type": "Feature", "geometry": {"type": "LineString", "coordinates": [[-100.34867, 35.61779], [-100.39578, 35.58182]]}, "properties": {"operator": "Natural Gas PL Co of Am", "pipe_type": "Interstate"}}, {"type": "Feature", "geometry": {"type": "LineString", "coordinates": [[-100.39578, 35.58182], [-100.41139, 35.61779]]}, "properties": {"operator": "Natural Gas PL Co of Am", "pipe_type": "Interstate"}}, {"type": "Feature", "geometry": {"type": "LineString", "coordinates": [[-100.37729, 35.44834], [-100.29376, 35.61779]]}, "properties": {"operator": "Natural Gas PL Co of Am", "pipe_type": "Interstate"}}, {"type": "Feature", "geometry": {"type": "LineString", "coordinates": [[-100.37729, 35.44834], [-100.39856, 35.45204], [-100.42347, 35.45637], [-100.53683, 35.4761]]}, "properties": {"operator": "Natural Gas PL Co of Am", "pipe_type": "Interstate"}}, {"type": "Feature", "geometry": {"type": "LineString", "coordinates": [[-99.99974, 35.38266], [-100.00584, 35.38365]]}, "properties": {"operator": "Natural Gas PL Co of Am", "pipe_type": "Interstate"}}, {"type": "Feature", "geometry": {"type": "LineString", "coordinates": [[-100.00584, 35.38365], [-100.00797, 35.38403], [-100.03427, 35.38873], [-100.03559, 35.38896], [-100.06226, 35.39372], [-100.17821, 35.41443]]}, "properties": {"operator": "Natural Gas PL Co of Am", "pipe_type": "Interstate"}}, {"type": "Feature", "geometry": {"type": "LineString", "coordinates": [[-100.22366, 35.42314], [-100.37729, 35.44834]]}, "properties": {"operator": "Natural Gas PL Co of Am", "pipe_type": "Interstate"}}, {"type": "Feature", "geometry": {"type": "LineString", "coordinates": [[-100.17821, 35.41443], [-100.22366, 35.42314]]}, "properties": {"operator": "Natural Gas PL Co of Am", "pipe_type": "Interstate"}}, {"type": "Feature", "geometry": {"type": "LineString", "coordinates": [[-101.53126, 35.76825], [-101.49677, 35.86801], [-101.48964, 35.88957], [-101.46295, 35.96738], [-101.45229, 35.99846]]}, "properties": {"operator": "Natural Gas PL Co of Am", "pipe_type": "Interstate"}}, {"type": "Feature", "geometry": {"type": "LineString", "coordinates": [[-101.30963, 35.51719], [-101.37642, 35.53603], [-101.38834, 35.5394], [-101.41912, 35.54808], [-101.46202, 35.56019]]}, "properties": {"operator": "Natural Gas PL Co of Am", "pipe_type": "Interstate"}}, {"type": "Feature", "geometry": {"type": "LineString", "coordinates": [[-101.54061, 34.74739], [-101.52448, 34.83648]]}, "properties": {"operator": "Northern Natural Gas Co", "pipe_type": "Interstate"}}, {"type": "Feature", "geometry": {"type": "LineString", "coordinates": [[-101.55622, 34.64346], [-101.54061, 34.74739]]}, "properties": {"operator": "Northern Natural Gas Co", "pipe_type": "Interstate"}}, {"type": "Feature", "geometry": {"type": "LineString", "coordinates": [[-101.75334, 34.30938], [-101.55622, 34.64346]]}, "properties": {"operator": "Northern Natural Gas Co", "pipe_type": "Interstate"}}, {"type": "Feature", "geometry": {"type": "LineString", "coordinates": [[-100.0009, 35.73696], [-99.91424, 35.72749]]}, "properties": {"operator": "Northern Natural Gas Co", "pipe_type": "Interstate"}}, {"type": "Feature", "geometry": {"type": "LineString", "coordinates": [[-100.09472, 35.75296], [-100.0009, 35.73696]]}, "properties": {"operator": "Northern Natural Gas Co", "pipe_type": "Interstate"}}, {"type": "Feature", "geometry": {"type": "LineString", "coordinates": [[-100.18496, 35.82605], [-100.09472, 35.75296]]}, "properties": {"operator": "Northern Natural Gas Co", "pipe_type": "Interstate"}}, {"type": "Feature", "geometry": {"type": "LineString", "coordinates": [[-100.20224, 35.87379], [-100.18496, 35.82605]]}, "properties": {"operator": "Northern Natural Gas Co", "pipe_type": "Interstate"}}, {"type": "Feature", "geometry": {"type": "LineString", "coordinates": [[-100.21965, 35.90554], [-100.20224, 35.87379]]}, "properties": {"operator": "Northern Natural Gas Co", "pipe_type": "Interstate"}}, {"type": "Feature", "geometry": {"type": "LineString", "coordinates": [[-100.45901, 35.97542], [-100.21965, 35.90554]]}, "properties": {"operator": "Northern Natural Gas Co", "pipe_type": "Interstate"}}, {"type": "Feature", "geometry": {"type": "LineString", "coordinates": [[-100.38963, 35.61946], [-100.33075, 35.55891]]}, "properties": {"operator": "Northern Natural Gas Co", "pipe_type": "Interstate"}}, {"type": "Feature", "geometry": {"type": "LineString", "coordinates": [[-101.29587, 35.90528], [-101.13997, 36.0535]]}, "properties": {"operator": "Northern Natural Gas Co", "pipe_type": "Interstate"}}, {"type": "Feature", "geometry": {"type": "LineString", "coordinates": [[-101.62714, 35.90528], [-101.86394, 35.90528]]}, "properties": {"operator": "Northern Natural Gas Co", "pipe_type": "Interstate"}}, {"type": "Feature", "geometry": {"type": "LineString", "coordinates": [[-101.5639, 35.90528], [-101.62714, 35.90528]]}, "properties": {"operator": "Northern Natural Gas Co", "pipe_type": "Interstate"}}, {"type": "Feature", "geometry": {"type": "LineString", "coordinates": [[-101.5639, 35.90528], [-101.53267, 36.06093]]}, "properties": {"operator": "Northern Natural Gas Co", "pipe_type": "Interstate"}}, {"type": "Feature", "geometry": {"type": "LineString", "coordinates": [[-101.29587, 35.90528], [-101.5639, 35.90528]]}, "properties": {"operator": "Northern Natural Gas Co", "pipe_type": "Interstate"}}, {"type": "Feature", "geometry": {"type": "LineString", "coordinates": [[-101.29587, 35.61574], [-101.29587, 35.90528]]}, "properties": {"operator": "Northern Natural Gas Co", "pipe_type": "Interstate"}}, {"type": "Feature", "geometry": {"type": "LineString", "coordinates": [[-101.28794, 35.51181], [-101.29587, 35.61574]]}, "properties": {"operator": "Northern Natural Gas Co", "pipe_type": "Interstate"}}, {"type": "Feature", "geometry": {"type": "LineString", "coordinates": [[-101.28794, 35.51181], [-101.42208, 35.51181]]}, "properties": {"operator": "Northern Natural Gas Co", "pipe_type": "Interstate"}}, {"type": "Feature", "geometry": {"type": "LineString", "coordinates": [[-101.28794, 35.43014], [-101.28794, 35.51181]]}, "properties": {"operator": "Northern Natural Gas Co", "pipe_type": "Interstate"}}, {"type": "Feature", "geometry": {"type": "LineString", "coordinates": [[-101.24851, 35.39302], [-101.28794, 35.43014]]}, "properties": {"operator": "Northern Natural Gas Co", "pipe_type": "Interstate"}}, {"type": "Feature", "geometry": {"type": "LineString", "coordinates": [[-101.20909, 35.30419], [-101.24851, 35.39302]]}, "properties": {"operator": "Northern Natural Gas Co", "pipe_type": "Interstate"}}, {"type": "Feature", "geometry": {"type": "LineString", "coordinates": [[-101.20909, 35.30419], [-101.19595, 35.32884], [-101.16173, 35.39302]]}, "properties": {"operator": "Northern Natural Gas Co", "pipe_type": "Interstate"}}, {"type": "Feature", "geometry": {"type": "LineString", "coordinates": [[-101.20909, 35.30419], [-101.19347, 35.24454]]}, "properties": {"operator": "Northern Natural Gas Co", "pipe_type": "Interstate"}}, {"type": "Feature", "geometry": {"type": "LineString", "coordinates": [[-101.29587, 35.18541], [-101.25737, 35.23811], [-101.20909, 35.30419]]}, "properties": {"operator": "Northern Natural Gas Co", "pipe_type": "Interstate"}}, {"type": "Feature", "geometry": {"type": "LineString", "coordinates": [[-101.42208, 35.02208], [-101.29587, 35.18541]]}, "properties": {"operator": "Northern Natural Gas Co", "pipe_type": "Interstate"}}, {"type": "Feature", "geometry": {"type": "LineString", "coordinates": [[-101.52448, 34.83648], [-101.42208, 35.02208]]}, "properties": {"operator": "Northern Natural Gas Co", "pipe_type": "Interstate"}}, {"type": "Feature", "geometry": {"type": "LineString", "coordinates": [[-100.94144, 35.99142], [-100.83034, 35.93101]]}, "properties": {"operator": "Northern Natural Gas Co", "pipe_type": "Interstate"}}, {"type": "Feature", "geometry": {"type": "LineString", "coordinates": [[-101.01773, 36.06131], [-100.94144, 35.99142]]}, "properties": {"operator": "Northern Natural Gas Co", "pipe_type": "Interstate"}}, {"type": "Feature", "geometry": {"type": "LineString", "coordinates": [[-100.9344, 35.78163], [-100.83034, 35.93101]]}, "properties": {"operator": "Northern Natural Gas Co", "pipe_type": "Interstate"}}, {"type": "Feature", "geometry": {"type": "LineString", "coordinates": [[-101.0455, 35.61613], [-100.9344, 35.78163]]}, "properties": {"operator": "Northern Natural Gas Co", "pipe_type": "Interstate"}}, {"type": "Feature", "geometry": {"type": "LineString", "coordinates": [[-101.0773, 35.55267], [-101.07142, 35.56464], [-101.06023, 35.58739], [-101.0455, 35.61613]]}, "properties": {"operator": "Northern Natural Gas Co", "pipe_type": "Interstate"}}, {"type": "Feature", "geometry": {"type": "LineString", "coordinates": [[-101.16173, 35.39302], [-101.12048, 35.4783], [-101.0773, 35.55267]]}, "properties": {"operator": "Northern Natural Gas Co", "pipe_type": "Interstate"}}, {"type": "Feature", "geometry": {"type": "LineString", "coordinates": [[-101.01965, 35.30419], [-100.83814, 35.25965]]}, "properties": {"operator": "Northern Natural Gas Co", "pipe_type": "Interstate"}}, {"type": "Feature", "geometry": {"type": "LineString", "coordinates": [[-101.01965, 35.36333], [-101.01965, 35.30419]]}, "properties": {"operator": "Northern Natural Gas Co", "pipe_type": "Interstate"}}, {"type": "Feature", "geometry": {"type": "LineString", "coordinates": [[-101.09082, 35.37818], [-101.01965, 35.36333]]}, "properties": {"operator": "Northern Natural Gas Co", "pipe_type": "Interstate"}}, {"type": "Feature", "geometry": {"type": "LineString", "coordinates": [[-101.16173, 35.39302], [-101.09082, 35.37818]]}, "properties": {"operator": "Northern Natural Gas Co", "pipe_type": "Interstate"}}, {"type": "Feature", "geometry": {"type": "LineString", "coordinates": [[-101.19347, 35.24454], [-101.10643, 35.2151]]}, "properties": {"operator": "Northern Natural Gas Co", "pipe_type": "Interstate"}}, {"type": "Feature", "geometry": {"type": "LineString", "coordinates": [[-100.41741, 35.65747], [-100.38963, 35.61946]]}, "properties": {"operator": "Northern Natural Gas Co", "pipe_type": "Interstate"}}, {"type": "Feature", "geometry": {"type": "LineString", "coordinates": [[-100.41741, 35.74029], [-100.41741, 35.65747]]}, "properties": {"operator": "Northern Natural Gas Co", "pipe_type": "Interstate"}}, {"type": "Feature", "geometry": {"type": "LineString", "coordinates": [[-100.42432, 35.90554], [-100.41741, 35.74029]]}, "properties": {"operator": "Northern Natural Gas Co", "pipe_type": "Interstate"}}, {"type": "Feature", "geometry": {"type": "LineString", "coordinates": [[-100.45901, 35.97542], [-100.42432, 35.90554]]}, "properties": {"operator": "Northern Natural Gas Co", "pipe_type": "Interstate"}}, {"type": "Feature", "geometry": {"type": "LineString", "coordinates": [[-100.53875, 35.9977], [-100.45901, 35.97542]]}, "properties": {"operator": "Northern Natural Gas Co", "pipe_type": "Interstate"}}, {"type": "Feature", "geometry": {"type": "LineString", "coordinates": [[-100.76787, 36.05491], [-100.53875, 35.9977]]}, "properties": {"operator": "Northern Natural Gas Co", "pipe_type": "Interstate"}}, {"type": "Feature", "geometry": {"type": "LineString", "coordinates": [[-100.83034, 35.93101], [-100.80824, 35.97484], [-100.76787, 36.05491]]}, "properties": {"operator": "Northern Natural Gas Co", "pipe_type": "Interstate"}}, {"type": "Feature", "geometry": {"type": "LineString", "coordinates": [[-101.34374, 36.13491], [-101.40928, 36.20147]]}, "properties": {"operator": "Northern Natural Gas Co", "pipe_type": "Interstate"}}, {"type": "Feature", "geometry": {"type": "LineString", "coordinates": [[-101.13997, 36.0535], [-101.34374, 36.13491]]}, "properties": {"operator": "Northern Natural Gas Co", "pipe_type": "Interstate"}}, {"type": "Feature", "geometry": {"type": "LineString", "coordinates": [[-101.53267, 36.06093], [-101.54061, 36.2391]]}, "properties": {"operator": "Northern Natural Gas Co", "pipe_type": "Interstate"}}, {"type": "Feature", "geometry": {"type": "LineString", "coordinates": [[-101.08365, 36.06451], [-101.01773, 36.06131]]}, "properties": {"operator": "Northern Natural Gas Co", "pipe_type": "Interstate"}}, {"type": "Feature", "geometry": {"type": "LineString", "coordinates": [[-101.09082, 36.09805], [-101.08365, 36.06451]]}, "properties": {"operator": "Northern Natural Gas Co", "pipe_type": "Interstate"}}, {"type": "Feature", "geometry": {"type": "LineString", "coordinates": [[-101.09082, 36.09805], [-101.09082, 36.16739], [-101.09082, 36.23885]]}, "properties": {"operator": "Northern Natural Gas Co", "pipe_type": "Interstate"}}, {"type": "Feature", "geometry": {"type": "LineString", "coordinates": [[-101.09082, 36.09805], [-100.97613, 36.23168]]}, "properties": {"operator": "Northern Natural Gas Co", "pipe_type": "Interstate"}}, {"type": "Feature", "geometry": {"type": "LineString", "coordinates": [[-101.13997, 36.0535], [-101.09082, 36.09805]]}, "properties": {"operator": "Northern Natural Gas Co", "pipe_type": "Interstate"}}, {"type": "Feature", "geometry": {"type": "LineString", "coordinates": [[-101.47482, 36.40218], [-101.34374, 36.46874]]}, "properties": {"operator": "Northern Natural Gas Co", "pipe_type": "Interstate"}}, {"type": "Feature", "geometry": {"type": "LineString", "coordinates": [[-101.47482, 36.27571], [-101.47482, 36.40218]]}, "properties": {"operator": "Northern Natural Gas Co", "pipe_type": "Interstate"}}, {"type": "Feature", "geometry": {"type": "LineString", "coordinates": [[-101.40928, 36.20147], [-101.47482, 36.27571]]}, "properties": {"operator": "Northern Natural Gas Co", "pipe_type": "Interstate"}}, {"type": "Feature", "geometry": {"type": "LineString", "coordinates": [[-101.40928, 36.20147], [-101.36013, 36.29824]]}, "properties": {"operator": "Northern Natural Gas Co", "pipe_type": "Interstate"}}, {"type": "Feature", "geometry": {"type": "LineString", "coordinates": [[-101.34374, 36.13491], [-101.22138, 36.29824]]}, "properties": {"operator": "Northern Natural Gas Co", "pipe_type": "Interstate"}}, {"type": "Feature", "geometry": {"type": "LineString", "coordinates": [[-100.89626, 36.45555], [-101.08698, 36.47142]]}, "properties": {"operator": "Northern Natural Gas Co", "pipe_type": "Interstate"}}, {"type": "Feature", "geometry": {"type": "LineString", "coordinates": [[-100.89626, 36.45555], [-100.87885, 36.5033]]}, "properties": {"operator": "Northern Natural Gas Co", "pipe_type": "Interstate"}}, {"type": "Feature", "geometry": {"type": "LineString", "coordinates": [[-100.97613, 36.23168], [-100.94755, 36.25846], [-100.91699, 36.2871]]}, "properties": {"operator": "Northern Natural Gas Co", "pipe_type": "Interstate"}}, {"type": "Feature", "geometry": {"type": "LineString", "coordinates": [[-101.09082, 36.23885], [-101.05805, 36.34995]]}, "properties": {"operator": "Northern Natural Gas Co", "pipe_type": "Interstate"}}, {"type": "Feature", "geometry": {"type": "LineString", "coordinates": [[-101.09082, 36.23885], [-101.14816, 36.23168]]}, "properties": {"operator": "Northern Natural Gas Co", "pipe_type": "Interstate"}}, {"type": "Feature", "geometry": {"type": "LineString", "coordinates": [[-100.97613, 36.23168], [-101.09082, 36.23885]]}, "properties": {"operator": "Northern Natural Gas Co", "pipe_type": "Interstate"}}, {"type": "Feature", "geometry": {"type": "LineString", "coordinates": [[-100.79898, 36.36019], [-100.65548, 36.47142], [-100.61865, 36.49997]]}, "properties": {"operator": "Northern Natural Gas Co", "pipe_type": "Interstate"}}, {"type": "Feature", "geometry": {"type": "LineString", "coordinates": [[-100.54234, 36.43021], [-100.51802, 36.5001]]}, "properties": {"operator": "Northern Natural Gas Co", "pipe_type": "Interstate"}}, {"type": "Feature", "geometry": {"type": "LineString", "coordinates": [[-100.76787, 36.05491], [-100.68163, 36.19842], [-100.54234, 36.43021]]}, "properties": {"operator": "Northern Natural Gas Co", "pipe_type": "Interstate"}}, {"type": "Feature", "geometry": {"type": "LineString", "coordinates": [[-100.8407, 36.42688], [-100.89626, 36.45555]]}, "properties": {"operator": "Northern Natural Gas Co", "pipe_type": "Interstate"}}, {"type": "Feature", "geometry": {"type": "LineString", "coordinates": [[-100.79898, 36.36019], [-100.8407, 36.42688]]}, "properties": {"operator": "Northern Natural Gas Co", "pipe_type": "Interstate"}}, {"type": "Feature", "geometry": {"type": "LineString", "coordinates": [[-100.91699, 36.2871], [-100.79898, 36.36019]]}, "properties": {"operator": "Northern Natural Gas Co", "pipe_type": "Interstate"}}, {"type": "Feature", "geometry": {"type": "LineString", "coordinates": [[-100.54234, 36.30618], [-100.4937, 36.34432]]}, "properties": {"operator": "Northern Natural Gas Co", "pipe_type": "Interstate"}}, {"type": "Feature", "geometry": {"type": "LineString", "coordinates": [[-100.45555, 36.29978], [-100.4, 36.33165]]}, "properties": {"operator": "Northern Natural Gas Co", "pipe_type": "Interstate"}}, {"type": "Feature", "geometry": {"type": "LineString", "coordinates": [[-100.54234, 36.30618], [-100.45555, 36.29978]]}, "properties": {"operator": "Northern Natural Gas Co", "pipe_type": "Interstate"}}, {"type": "Feature", "geometry": {"type": "LineString", "coordinates": [[-100.6464, 36.26803], [-100.54234, 36.30618]]}, "properties": {"operator": "Northern Natural Gas Co", "pipe_type": "Interstate"}}, {"type": "Feature", "geometry": {"type": "LineString", "coordinates": [[-100.77478, 36.25536], [-100.6464, 36.26803]]}, "properties": {"operator": "Northern Natural Gas Co", "pipe_type": "Interstate"}}, {"type": "Feature", "geometry": {"type": "LineString", "coordinates": [[-100.91699, 36.2871], [-100.77478, 36.25536]]}, "properties": {"operator": "Northern Natural Gas Co", "pipe_type": "Interstate"}}, {"type": "Feature", "geometry": {"type": "LineString", "coordinates": [[-101.86394, 35.90528], [-101.96073, 35.84606]]}, "properties": {"operator": "Northern Natural Gas Co", "pipe_type": "Interstate"}}, {"type": "Feature", "geometry": {"type": "LineString", "coordinates": [[-101.97855, 35.8321], [-102.00021, 35.81542]]}, "properties": {"operator": "Northern Natural Gas Co", "pipe_type": "Interstate"}}, {"type": "Feature", "geometry": {"type": "LineString", "coordinates": [[-101.96073, 35.84606], [-101.96529, 35.84313], [-101.97855, 35.8321]]}, "properties": {"operator": "Northern Natural Gas Co", "pipe_type": "Interstate"}}, {"type": "Feature", "geometry": {"type": "LineString", "coordinates": [[-99.71648, 35.56531], [-100.11515, 35.49347], [-100.37702, 35.52643], [-100.59973, 35.54907], [-100.9344, 35.78163]]}, "properties": {"operator": "Northern Natural Gas Co", "pipe_type": "Interstate"}}, {"type": "Feature", "geometry": {"type": "LineString", "coordinates": [[-99.99888, 35.4122], [-100.07831, 35.48104]]}, "properties": {"operator": "Oklahoma Texas Gas Co", "pipe_type": "Intrastate"}}, {"type": "Feature", "geometry": {"type": "LineString", "coordinates": [[-100.02578, 35.39237], [-100.01181, 35.38759]]}, "properties": {"operator": "ONEOK Gas Transportation LLC", "pipe_type": "Intrastate"}}, {"type": "Feature", "geometry": {"type": "LineString", "coordinates": [[-100.0005, 35.37656], [-99.99882, 35.37657]]}, "properties": {"operator": "ONEOK Gas Transportation LLC", "pipe_type": "Intrastate"}}, {"type": "Feature", "geometry": {"type": "LineString", "coordinates": [[-99.99875, 35.36828], [-100.02907, 35.36817], [-100.02578, 35.39237], [-100.02085, 35.39654]]}, "properties": {"operator": "ONEOK Gas Transportation LLC", "pipe_type": "Intrastate"}}, {"type": "Feature", "geometry": {"type": "LineString", "coordinates": [[-100.01099, 35.36824], [-100.01099, 35.36202], [-100.00277, 35.36067]]}, "properties": {"operator": "ONEOK Gas Transportation LLC", "pipe_type": "Intrastate"}}, {"type": "Feature", "geometry": {"type": "LineString", "coordinates": [[-99.99879, 35.37327], [-100.0005, 35.37656], [-100.00195, 35.37933]]}, "properties": {"operator": "ONEOK Gas Transportation LLC", "pipe_type": "Intrastate"}}, {"type": "Feature", "geometry": {"type": "LineString", "coordinates": [[-100.00199, 35.70912], [-99.96717, 35.72157], [-99.87942, 35.74082], [-99.83903, 35.73742], [-99.79307, 35.74988], [-99.72621, 35.77365], [-99.65386, 35.77481], [-99.61575, 35.77381], [-99.54792, 35.78837], [-99.51129, 35.79151], [-99.46157, 35.79177], [-99.44903, 35.78385], [-99.43718, 35.79454], [-99.39749, 35.79856]]}, "properties": {"operator": "ONEOK Gas Transportation LLC", "pipe_type": "Intrastate"}}, {"type": "Feature", "geometry": {"type": "LineString", "coordinates": [[-100.40418, 35.74816], [-100.39683, 35.74069], [-100.36123, 35.73467], [-100.35788, 35.72977], [-100.27357, 35.70748], [-100.25751, 35.70041], [-100.24212, 35.69497]]}, "properties": {"operator": "ONEOK Gas Transportation LLC", "pipe_type": "Intrastate"}}, {"type": "Feature", "geometry": {"type": "LineString", "coordinates": [[-100.24245, 35.69603], [-100.24245, 35.68815], [-100.23576, 35.68815], [-100.23342, 35.65935], [-100.23877, 35.65907], [-100.2381, 35.65554], [-100.24312, 35.655], [-100.24279, 35.65174], [-100.24245, 35.64956]]}, "properties": {"operator": "ONEOK Gas Transportation LLC", "pipe_type": "Intrastate"}}, {"type": "Feature", "geometry": {"type": "LineString", "coordinates": [[-100.24345, 35.69497], [-100.18122, 35.6879], [-100.08018, 35.69769], [-100.05676, 35.70693], [-100.0233, 35.70693], [-100.00055, 35.70911]]}, "properties": {"operator": "ONEOK Gas Transportation LLC", "pipe_type": "Intrastate"}}, {"type": "Feature", "geometry": {"type": "LineString", "coordinates": [[-100.24245, 35.64956], [-100.32235, 35.64685]]}, "properties": {"operator": "ONEOK Gas Transportation LLC", "pipe_type": "Intrastate"}}, {"type": "Feature", "geometry": {"type": "LineString", "coordinates": [[-100.02143, 35.3563], [-100.0, 35.36102]]}, "properties": {"operator": "Enable Gas Transmission", "pipe_type": "Interstate"}}, {"type": "Feature", "geometry": {"type": "LineString", "coordinates": [[-100.0227, 35.32948], [-100.02183, 35.32949], [-100.02171, 35.33302], [-100.02223, 35.33448], [-100.02226, 35.34133], [-100.02198, 35.34175], [-100.02232, 35.34341], [-100.02236, 35.34673], [-100.02224, 35.3492], [-100.02222, 35.34969], [-100.02235, 35.35002], [-100.02242, 35.35273], [-100.02231, 35.35346], [-100.02237, 35.35442], [-100.02236, 35.35602], [-100.02143, 35.3563]]}, "properties": {"operator": "Enable Gas Transmission", "pipe_type": "Interstate"}}, {"type": "Feature", "geometry": {"type": "LineString", "coordinates": [[-100.22717, 35.69268], [-100.22714, 35.69497]]}, "properties": {"operator": "Enable Gas Transmission", "pipe_type": "Interstate"}}, {"type": "Feature", "geometry": {"type": "LineString", "coordinates": [[-100.22711, 35.69496], [-100.22711, 35.69556], [-100.22024, 35.71161], [-100.21966, 35.71822], [-100.2195, 35.71858], [-100.21956, 35.73393], [-100.21968, 35.73533], [-100.21851, 35.76438], [-100.21883, 35.76464], [-100.21877, 35.78471], [-100.21902, 35.78697], [-100.21901, 35.78774], [-100.21895, 35.79266], [-100.21893, 35.79358], [-100.21863, 35.80295], [-100.21875, 35.80369], [-100.21866, 35.8079], [-100.21868, 35.81841], [-100.22276, 35.82537], [-100.22444, 35.82868], [-100.22277, 35.85305], [-100.2228, 35.85493]]}, "properties": {"operator": "Enable Gas Transmission", "pipe_type": "Interstate"}}, {"type": "Feature", "geometry": {"type": "LineString", "coordinates": [[-100.0, 35.70712], [-100.01149, 35.70691], [-100.07552, 35.70673], [-100.09381, 35.70517], [-100.11188, 35.70245], [-100.11261, 35.70234], [-100.13782, 35.69929], [-100.16938, 35.69567], [-100.17584, 35.69461], [-100.17869, 35.69438], [-100.20102, 35.69466], [-100.20501, 35.69468], [-100.2192, 35.69467], [-100.22624, 35.69386], [-100.22841, 35.69388]]}, "properties": {"operator": "Enable Gas Transmission", "pipe_type": "Interstate"}}, {"type": "Feature", "geometry": {"type": "LineString", "coordinates": [[-100.22785, 35.69363], [-100.22848, 35.69362], [-100.23001, 35.69264], [-100.23169, 35.6804], [-100.2324, 35.66355], [-100.23276, 35.66188], [-100.2351, 35.64063], [-100.24014, 35.64056]]}, "properties": {"operator": "Enable Gas Transmission", "pipe_type": "Interstate"}}, {"type": "Feature", "geometry": {"type": "LineString", "coordinates": [[-100.41547, 35.69231], [-100.41588, 35.72304], [-100.40843, 35.73545], [-100.40277, 35.75207], [-100.40287, 35.76043], [-100.40608, 35.76869], [-100.4064, 35.77002], [-100.40743, 35.77846], [-100.4072, 35.7793]]}, "properties": {"operator": "Enable Gas Transmission", "pipe_type": "Interstate"}}, {"type": "Feature", "geometry": {"type": "LineString", "coordinates": [[-100.02143, 35.3563], [-100.02192, 35.35711], [-100.03399, 35.38303], [-100.03503, 35.38598], [-100.03752, 35.39863], [-100.03863, 35.40087], [-100.04685, 35.41921], [-100.05028, 35.43025], [-100.05045, 35.43079], [-100.05629, 35.44384], [-100.0563, 35.44451], [-100.05634, 35.44506], [-100.05806, 35.44996], [-100.05803, 35.45523], [-100.06658, 35.48295], [-100.06881, 35.48972], [-100.07332, 35.49709], [-100.07755, 35.50306], [-100.08231, 35.50606], [-100.08763, 35.50851], [-100.11057, 35.55153], [-100.11144, 35.55186], [-100.11183, 35.55201], [-100.125, 35.56241], [-100.14039, 35.57435], [-100.16877, 35.59657], [-100.1778, 35.60401], [-100.17816, 35.60479], [-100.17845, 35.60516], [-100.18657, 35.61128], [-100.18795, 35.61291], [-100.19412, 35.61906], [-100.19457, 35.61941], [-100.19664, 35.62167], [-100.20788, 35.62903], [-100.21401, 35.6331], [-100.21491, 35.637], [-100.21472, 35.64077], [-100.21502, 35.64429], [-100.21606, 35.64638], [-100.21606, 35.64691], [-100.21623, 35.6473], [-100.21623, 35.64854], [-100.21505, 35.64928], [-100.21294, 35.65276], [-100.21318, 35.65277]]}, "properties": {"operator": "Enable Gas Transmission", "pipe_type": "Interstate"}}, {"type": "Feature", "geometry": {"type": "LineString", "coordinates": [[-100.22821, 35.69438], [-100.22821, 35.69466], [-100.26349, 35.69495], [-100.28811, 35.6938], [-100.29776, 35.69343], [-100.30796, 35.69435], [-100.3246, 35.6946], [-100.32641, 35.69458], [-100.3405, 35.69498], [-100.34508, 35.69482], [-100.34875, 35.69441], [-100.37099, 35.69264], [-100.37296, 35.69214], [-100.38526, 35.69281], [-100.39023, 35.69284], [-100.39724, 35.69288], [-100.40795, 35.69215], [-100.40898, 35.69223], [-100.41646, 35.69232], [-100.41706, 35.6924], [-100.41764, 35.69235], [-100.43133, 35.69283], [-100.43313, 35.69292], [-100.43558, 35.69287], [-100.45173, 35.69287], [-100.46265, 35.69047], [-100.46857, 35.68977], [-100.49041, 35.68894], [-100.49403, 35.68841], [-100.50962, 35.68889], [-100.52112, 35.68861], [-100.52278, 35.68858], [-100.52279, 35.68874]]}, "properties": {"operator": "Enable Gas Transmission", "pipe_type": "Interstate"}}, {"type": "Feature", "geometry": {"type": "LineString", "coordinates": [[-100.22811, 35.69421], [-100.2264, 35.69419], [-100.22644, 35.69208], [-100.22644, 35.69176], [-100.22543, 35.6897], [-100.22326, 35.68044], [-100.21883, 35.67211], [-100.21243, 35.65914], [-100.21302, 35.65493], [-100.21294, 35.65276]]}, "properties": {"operator": "Enable Gas Transmission", "pipe_type": "Interstate"}}, {"type": "Feature", "geometry": {"type": "LineString", "coordinates": [[-100.08115, 35.66771], [-100.0001, 35.64151]]}, "properties": {"operator": "TransOk Pipeline Co", "pipe_type": "Interstate"}}, {"type": "Feature", "geometry": {"type": "LineString", "coordinates": [[-100.15539, 35.6823], [-100.08115, 35.66771]]}, "properties": {"operator": "TransOk Pipeline Co", "pipe_type": "Interstate"}}, {"type": "Feature", "geometry": {"type": "LineString", "coordinates": [[-100.00205, 35.53357], [-100.00013, 35.53307]]}, "properties": {"operator": "TransOk Pipeline Co", "pipe_type": "Interstate"}}, {"type": "Feature", "geometry": {"type": "LineString", "coordinates": [[-100.03584, 35.55738], [-100.00205, 35.53357]]}, "properties": {"operator": "TransOk Pipeline Co", "pipe_type": "Interstate"}}, {"type": "Feature", "geometry": {"type": "LineString", "coordinates": [[-100.06195, 35.53331], [-100.03584, 35.55738]]}, "properties": {"operator": "TransOk Pipeline Co", "pipe_type": "Interstate"}}, {"type": "Feature", "geometry": {"type": "LineString", "coordinates": [[-100.12442, 35.61984], [-100.06195, 35.53331]]}, "properties": {"operator": "TransOk Pipeline Co", "pipe_type": "Interstate"}}, {"type": "Feature", "geometry": {"type": "LineString", "coordinates": [[-100.15539, 35.6823], [-100.12442, 35.61984]]}, "properties": {"operator": "TransOk Pipeline Co", "pipe_type": "Interstate"}}, {"type": "Feature", "geometry": {"type": "LineString", "coordinates": [[-100.28468, 35.6662], [-100.22172, 35.66855], [-100.21479, 35.68451], [-100.18302, 35.68498], [-100.18071, 35.68216], [-100.15539, 35.6823]]}, "properties": {"operator": "TransOk Pipeline Co", "pipe_type": "Interstate"}}, {"type": "Feature", "geometry": {"type": "LineString", "coordinates": [[-100.07578, 35.38176], [-100.06758, 35.30086]]}, "properties": {"operator": "TransOk Pipeline Co", "pipe_type": "Interstate"}}, {"type": "Feature", "geometry": {"type": "LineString", "coordinates": [[-100.0457, 35.41222], [-100.07578, 35.38176]]}, "properties": {"operator": "TransOk Pipeline Co", "pipe_type": "Interstate"}}, {"type": "Feature", "geometry": {"type": "LineString", "coordinates": [[-99.99882, 35.42498], [-100.0457, 35.41222]]}, "properties": {"operator": "TransOk Pipeline Co", "pipe_type": "Interstate"}}, {"type": "Feature", "geometry": {"type": "LineString", "coordinates": [[-100.06195, 35.53331], [-99.99906, 35.4655]]}, "properties": {"operator": "TransOk Pipeline Co", "pipe_type": "Interstate"}}, {"type": "Feature", "geometry": {"type": "LineString", "coordinates": [[-100.15539, 35.6823], [-100.15296, 35.7242]]}, "properties": {"operator": "TransOk Pipeline Co", "pipe_type": "Interstate"}}, {"type": "Feature", "geometry": {"type": "LineString", "coordinates": [[-100.08115, 35.66771], [-100.08022, 35.70844]]}, "properties": {"operator": "TransOk Pipeline Co", "pipe_type": "Interstate"}}, {"type": "Feature", "geometry": {"type": "LineString", "coordinates": [[-100.12442, 35.61984], [-100.18636, 35.64432]]}, "properties": {"operator": "TransOk Pipeline Co", "pipe_type": "Interstate"}}, {"type": "Feature", "geometry": {"type": "LineString", "coordinates": [[-100.14169, 36.01653], [-100.14417, 36.05548]]}, "properties": {"operator": "Transwestern Gas Co", "pipe_type": "Interstate"}}, {"type": "Feature", "geometry": {"type": "LineString", "coordinates": [[-100.14417, 36.05548], [-100.1466, 36.09367], [-100.14915, 36.13382], [-100.15625, 36.24543], [-100.15855, 36.28157], [-100.15898, 36.2884], [-100.1672, 36.4176], [-100.16913, 36.44797], [-100.17242, 36.49971]]}, "properties": {"operator": "Transwestern Gas Co", "pipe_type": "Interstate"}}, {"type": "Feature", "geometry": {"type": "LineString", "coordinates": [[-100.14169, 36.01653], [-99.99994, 35.9503]]}, "properties": {"operator": "Transwestern Gas Co", "pipe_type": "Interstate"}}, {"type": "Feature", "geometry": {"type": "LineString", "coordinates": [[-101.33513, 36.05524], [-101.08543, 35.80066]]}, "properties": {"operator": "Transwestern Gas Co", "pipe_type": "Interstate"}}, {"type": "Feature", "geometry": {"type": "LineString", "coordinates": [[-103.13432, 34.30259], [-103.09043, 34.33275], [-103.04227, 34.36103]]}, "properties": {"operator": "Transwestern Gas Co", "pipe_type": "Interstate"}}, {"type": "Feature", "geometry": {"type": "LineString", "coordinates": [[-103.04227, 34.36103], [-103.02845, 34.36914], [-102.91274, 34.44198], [-102.88795, 34.44185], [-102.82596, 34.48158], [-102.73918, 34.50451], [-102.66067, 34.5208], [-102.58628, 34.56047], [-102.53256, 34.57688], [-102.525, 34.58085]]}, "properties": {"operator": "Transwestern Gas Co", "pipe_type": "Interstate"}}, {"type": "Feature", "geometry": {"type": "LineString", "coordinates": [[-102.525, 34.58085], [-102.40033, 34.64629], [-102.34247, 34.6727], [-102.29702, 34.72587], [-102.27304, 34.74661]]}, "properties": {"operator": "Transwestern Gas Co", "pipe_type": "Interstate"}}, {"type": "Feature", "geometry": {"type": "LineString", "coordinates": [[-102.27304, 34.74661], [-102.2115, 34.79987], [-102.16779, 34.8354]]}, "properties": {"operator": "Transwestern Gas Co", "pipe_type": "Interstate"}}, {"type": "Feature", "geometry": {"type": "LineString", "coordinates": [[-102.16779, 34.8354], [-102.12526, 34.86995], [-102.01027, 34.90666], [-101.98974, 34.91], [-101.91582, 34.96339], [-101.86654, 35.0001], [-101.75154, 35.0902], [-101.69405, 35.12357], [-101.62281, 35.1686]]}, "properties": {"operator": "Transwestern Gas Co", "pipe_type": "Interstate"}}, {"type": "Feature", "geometry": {"type": "LineString", "coordinates": [[-101.62281, 35.1686], [-101.59978, 35.18315]]}, "properties": {"operator": "Transwestern Gas Co", "pipe_type": "Interstate"}}, {"type": "Feature", "geometry": {"type": "LineString", "coordinates": [[-101.59978, 35.18315], [-101.58317, 35.19365], [-101.43122, 35.28709], [-101.33676, 35.34382], [-101.26798, 35.41064], [-101.19586, 35.46929], [-101.15272, 35.51441], [-101.08578, 35.54646]]}, "properties": {"operator": "Transwestern Gas Co", "pipe_type": "Interstate"}}, {"type": "Feature", "geometry": {"type": "LineString", "coordinates": [[-101.62306, 36.08771], [-101.44824, 36.08956], [-101.36962, 36.0904], [-101.3648, 36.08549], [-101.33513, 36.05524]]}, "properties": {"operator": "Transwestern Gas Co", "pipe_type": "Interstate"}}, {"type": "Feature", "geometry": {"type": "LineString", "coordinates": [[-101.08578, 35.54646], [-101.0773, 35.55267], [-101.05551, 35.56425], [-101.02125, 35.58042], [-100.94345, 35.61265], [-100.93327, 35.61953]]}, "properties": {"operator": "Transwestern Gas Co", "pipe_type": "Interstate"}}, {"type": "Feature", "geometry": {"type": "LineString", "coordinates": [[-101.08543, 35.80066], [-101.03697, 35.75125], [-101.03286, 35.7076], [-100.98358, 35.65723], [-100.94896, 35.61949]]}, "properties": {"operator": "Transwestern Gas Co", "pipe_type": "Interstate"}}, {"type": "Feature", "geometry": {"type": "LineString", "coordinates": [[-100.93327, 35.61953], [-100.89733, 35.6438], [-100.78645, 35.67402], [-100.72485, 35.68745], [-100.68378, 35.72439], [-100.65914, 35.72775], [-100.54036, 35.80186]]}, "properties": {"operator": "Transwestern Gas Co", "pipe_type": "Interstate"}}, {"type": "Feature", "geometry": {"type": "LineString", "coordinates": [[-100.54036, 35.80186], [-100.50308, 35.82512], [-100.41684, 35.88892], [-100.38549, 35.94444]]}, "properties": {"operator": "Transwestern Gas Co", "pipe_type": "Interstate"}}, {"type": "Feature", "geometry": {"type": "LineString", "coordinates": [[-100.38549, 35.94444], [-100.37577, 35.95608], [-100.19205, 36.00352], [-100.14169, 36.01653]]}, "properties": {"operator": "Transwestern Gas Co", "pipe_type": "Interstate"}}, {"type": "Feature", "geometry": {"type": "LineString", "coordinates": [[-102.01805, 36.49946], [-101.97658, 36.61568]]}, "properties": {"operator": "Transwestern Gas Co", "pipe_type": "Interstate"}}, {"type": "Feature", "geometry": {"type": "LineString", "coordinates": [[-102.01805, 36.49946], [-102.01995, 36.18629], [-102.00206, 36.08368], [-101.88798, 36.0849], [-101.87312, 36.08505], [-101.62306, 36.08771]]}, "properties": {"operator": "Transwestern Gas Co", "pipe_type": "Interstate"}}, {"type": "Feature", "geometry": {"type": "LineString", "coordinates": [[-100.94896, 35.61949], [-100.94345, 35.61265], [-100.89733, 35.57999], [-100.74949, 35.44232]]}, "properties": {"operator": "Transwestern Gas Co", "pipe_type": "Interstate"}}, {"type": "Feature", "geometry": {"type": "LineString", "coordinates": [[-100.41684, 35.88892], [-100.46763, 36.01019], [-100.52088, 36.08915], [-100.57396, 36.14832], [-100.63486, 36.17522], [-100.68163, 36.19842]]}, "properties": {"operator": "Transwestern Gas Co", "pipe_type": "Interstate"}}, {"type": "Feature", "geometry": {"type": "LineString", "coordinates": [[-100.19738, 35.9232], [-100.06733, 35.9191]]}, "properties": {"operator": "ONEOK Westex Pipeline", "pipe_type": "Intrastate"}}, {"type": "Feature", "geometry": {"type": "LineString", "coordinates": [[-100.2583, 35.65875], [-100.14541, 35.65491]]}, "properties": {"operator": "ONEOK Westex Pipeline", "pipe_type": "Intrastate"}}, {"type": "Feature", "geometry": {"type": "LineString", "coordinates": [[-100.10624, 35.23456], [-100.10624, 35.46291]]}, "properties": {"operator": "ONEOK Westex Pipeline", "pipe_type": "Intrastate"}}, {"type": "Feature", "geometry": {"type": "LineString", "coordinates": [[-100.25395, 35.33082], [-100.10624, 35.23456]]}, "properties": {"operator": "ONEOK Westex Pipeline", "pipe_type": "Intrastate"}}, {"type": "Feature", "geometry": {"type": "LineString", "coordinates": [[-100.2496, 35.61882], [-100.25395, 35.33082]]}, "properties": {"operator": "ONEOK Westex Pipeline", "pipe_type": "Intrastate"}}, {"type": "Feature", "geometry": {"type": "LineString", "coordinates": [[-100.2583, 35.65875], [-100.2496, 35.61882]]}, "properties": {"operator": "ONEOK Westex Pipeline", "pipe_type": "Intrastate"}}, {"type": "Feature", "geometry": {"type": "LineString", "coordinates": [[-100.2583, 35.65875], [-100.24212, 35.69551], [-100.23275, 35.8592], [-100.20643, 35.88392], [-100.19738, 35.9232]]}, "properties": {"operator": "ONEOK Westex Pipeline", "pipe_type": "Intrastate"}}, {"type": "Feature", "geometry": {"type": "LineString", "coordinates": [[-100.2583, 35.65875], [-100.34509, 35.65491]]}, "properties": {"operator": "ONEOK Westex Pipeline", "pipe_type": "Intrastate"}}, {"type": "Feature", "geometry": {"type": "LineString", "coordinates": [[-100.34509, 35.61498], [-100.34509, 35.53894]]}, "properties": {"operator": "ONEOK Westex Pipeline", "pipe_type": "Intrastate"}}, {"type": "Feature", "geometry": {"type": "LineString", "coordinates": [[-100.34509, 35.65491], [-100.34509, 35.61498]]}, "properties": {"operator": "ONEOK Westex Pipeline", "pipe_type": "Intrastate"}}, {"type": "Feature", "geometry": {"type": "LineString", "coordinates": [[-100.40141, 35.65491], [-100.34509, 35.65491]]}, "properties": {"operator": "ONEOK Westex Pipeline", "pipe_type": "Intrastate"}}, {"type": "Feature", "geometry": {"type": "LineString", "coordinates": [[-100.28006, 36.0553], [-100.28006, 36.20326]]}, "properties": {"operator": "ONEOK Westex Pipeline", "pipe_type": "Intrastate"}}, {"type": "Feature", "geometry": {"type": "LineString", "coordinates": [[-100.27546, 35.9831], [-100.28006, 36.0553]]}, "properties": {"operator": "ONEOK Westex Pipeline", "pipe_type": "Intrastate"}}, {"type": "Feature", "geometry": {"type": "LineString", "coordinates": [[-100.19738, 35.9232], [-100.27546, 35.9831]]}, "properties": {"operator": "ONEOK Westex Pipeline", "pipe_type": "Intrastate"}}, {"type": "Feature", "geometry": {"type": "LineString", "coordinates": [[-100.34074, 35.9232], [-100.19738, 35.9232]]}, "properties": {"operator": "ONEOK Westex Pipeline", "pipe_type": "Intrastate"}}, {"type": "Feature", "geometry": {"type": "LineString", "coordinates": [[-100.40602, 35.7591], [-100.34074, 35.9232]]}, "properties": {"operator": "ONEOK Westex Pipeline", "pipe_type": "Intrastate"}}, {"type": "Feature", "geometry": {"type": "LineString", "coordinates": [[-100.40141, 35.65491], [-100.40602, 35.7591]]}, "properties": {"operator": "ONEOK Westex Pipeline", "pipe_type": "Intrastate"}}, {"type": "Feature", "geometry": {"type": "LineString", "coordinates": [[-100.53606, 35.65491], [-100.40141, 35.65491]]}, "properties": {"operator": "ONEOK Westex Pipeline", "pipe_type": "Intrastate"}}, {"type": "Feature", "geometry": {"type": "LineString", "coordinates": [[-100.61005, 35.65491], [-100.53606, 35.65491]]}, "properties": {"operator": "ONEOK Westex Pipeline", "pipe_type": "Intrastate"}}, {"type": "Feature", "geometry": {"type": "LineString", "coordinates": [[-100.65766, 35.62675], [-100.61005, 35.65491]]}, "properties": {"operator": "ONEOK Westex Pipeline", "pipe_type": "Intrastate"}}, {"type": "Feature", "geometry": {"type": "LineString", "coordinates": [[-100.8937, 35.46701], [-100.65766, 35.62675]]}, "properties": {"operator": "ONEOK Westex Pipeline", "pipe_type": "Intrastate"}}, {"type": "Feature", "geometry": {"type": "LineString", "coordinates": [[-100.74726, 35.31085], [-100.65254, 35.31085]]}, "properties": {"operator": "ONEOK Westex Pipeline", "pipe_type": "Intrastate"}}, {"type": "Feature", "geometry": {"type": "LineString", "coordinates": [[-100.8937, 35.46701], [-100.74726, 35.31085]]}, "properties": {"operator": "ONEOK Westex Pipeline", "pipe_type": "Intrastate"}}, {"type": "Feature", "geometry": {"type": "LineString", "coordinates": [[-100.86784, 35.25478], [-100.79898, 35.18285]]}, "properties": {"operator": "ONEOK Westex Pipeline", "pipe_type": "Intrastate"}}, {"type": "Feature", "geometry": {"type": "LineString", "coordinates": [[-100.86784, 35.25478], [-100.9111, 35.17875]]}, "properties": {"operator": "ONEOK Westex Pipeline", "pipe_type": "Intrastate"}}, {"type": "Feature", "geometry": {"type": "LineString", "coordinates": [[-100.8937, 35.46701], [-100.86784, 35.25478]]}, "properties": {"operator": "ONEOK Westex Pipeline", "pipe_type": "Intrastate"}}, {"type": "Feature", "geometry": {"type": "LineString", "coordinates": [[-100.99277, 35.48698], [-100.8937, 35.57094]]}, "properties": {"operator": "ONEOK Westex Pipeline", "pipe_type": "Intrastate"}}, {"type": "Feature", "geometry": {"type": "LineString", "coordinates": [[-100.8937, 35.46701], [-101.08774, 35.30266]]}, "properties": {"operator": "ONEOK Westex Pipeline", "pipe_type": "Intrastate"}}, {"type": "Feature", "geometry": {"type": "LineString", "coordinates": [[-100.8937, 35.57094], [-100.8937, 35.46701]]}, "properties": {"operator": "ONEOK Westex Pipeline", "pipe_type": "Intrastate"}}, {"type": "Feature", "geometry": {"type": "LineString", "coordinates": [[-100.95411, 35.61907], [-100.8937, 35.57094]]}, "properties": {"operator": "ONEOK Westex Pipeline", "pipe_type": "Intrastate"}}, {"type": "Feature", "geometry": {"type": "LineString", "coordinates": [[-101.01018, 35.67514], [-100.95411, 35.61907]]}, "properties": {"operator": "ONEOK Westex Pipeline", "pipe_type": "Intrastate"}}, {"type": "Feature", "geometry": {"type": "LineString", "coordinates": [[-101.08339, 35.68307], [-101.01018, 35.67514]]}, "properties": {"operator": "ONEOK Westex Pipeline", "pipe_type": "Intrastate"}}, {"type": "Feature", "geometry": {"type": "LineString", "coordinates": [[-101.32019, 35.7033], [-101.08339, 35.68307]]}, "properties": {"operator": "ONEOK Westex Pipeline", "pipe_type": "Intrastate"}}, {"type": "Feature", "geometry": {"type": "LineString", "coordinates": [[-101.45792, 36.02739], [-101.5831, 36.03149]]}, "properties": {"operator": "ONEOK Westex Pipeline", "pipe_type": "Intrastate"}}, {"type": "Feature", "geometry": {"type": "LineString", "coordinates": [[-101.42362, 35.98746], [-101.45792, 36.02739]]}, "properties": {"operator": "ONEOK Westex Pipeline", "pipe_type": "Intrastate"}}, {"type": "Feature", "geometry": {"type": "LineString", "coordinates": [[-101.32019, 35.7033], [-101.3632, 35.83514]]}, "properties": {"operator": "ONEOK Westex Pipeline", "pipe_type": "Intrastate"}}, {"type": "Feature", "geometry": {"type": "LineString", "coordinates": [[-101.1392, 35.61907], [-101.32019, 35.7033]]}, "properties": {"operator": "ONEOK Westex Pipeline", "pipe_type": "Intrastate"}}, {"type": "Feature", "geometry": {"type": "LineString", "coordinates": [[-101.08774, 35.5671], [-101.1392, 35.61907]]}, "properties": {"operator": "ONEOK Westex Pipeline", "pipe_type": "Intrastate"}}, {"type": "Feature", "geometry": {"type": "LineString", "coordinates": [[-100.99277, 35.48698], [-101.08774, 35.5671]]}, "properties": {"operator": "ONEOK Westex Pipeline", "pipe_type": "Intrastate"}}, {"type": "Feature", "geometry": {"type": "LineString", "coordinates": [[-101.08774, 35.41504], [-100.99277, 35.48698]]}, "properties": {"operator": "ONEOK Westex Pipeline", "pipe_type": "Intrastate"}}, {"type": "Feature", "geometry": {"type": "LineString", "coordinates": [[-101.40211, 35.30266], [-101.08774, 35.41504]]}, "properties": {"operator": "ONEOK Westex Pipeline", "pipe_type": "Intrastate"}}, {"type": "Feature", "geometry": {"type": "LineString", "coordinates": [[-101.40211, 35.30266], [-101.63046, 35.24685]]}, "properties": {"operator": "ONEOK Westex Pipeline", "pipe_type": "Intrastate"}}, {"type": "Feature", "geometry": {"type": "LineString", "coordinates": [[-101.08774, 35.30266], [-101.40211, 35.30266]]}, "properties": {"operator": "ONEOK Westex Pipeline", "pipe_type": "Intrastate"}}, {"type": "Feature", "geometry": {"type": "LineString", "coordinates": [[-101.36781, 35.17875], [-101.08774, 35.30266]]}, "properties": {"operator": "ONEOK Westex Pipeline", "pipe_type": "Intrastate"}}, {"type": "Feature", "geometry": {"type": "LineString", "coordinates": [[-101.62176, 35.10272], [-101.36781, 35.17875]]}, "properties": {"operator": "ONEOK Westex Pipeline", "pipe_type": "Intrastate"}}, {"type": "Feature", "geometry": {"type": "LineString", "coordinates": [[-101.96198, 34.99059], [-101.62176, 35.10272]]}, "properties": {"operator": "ONEOK Westex Pipeline", "pipe_type": "Intrastate"}}, {"type": "Feature", "geometry": {"type": "LineString", "coordinates": [[-101.58746, 35.61498], [-101.53549, 35.73914]]}, "properties": {"operator": "ONEOK Westex Pipeline", "pipe_type": "Intrastate"}}, {"type": "Feature", "geometry": {"type": "LineString", "coordinates": [[-101.62611, 35.56301], [-101.58746, 35.61498]]}, "properties": {"operator": "ONEOK Westex Pipeline", "pipe_type": "Intrastate"}}, {"type": "Feature", "geometry": {"type": "LineString", "coordinates": [[-101.65632, 35.46291], [-101.62611, 35.56301]]}, "properties": {"operator": "ONEOK Westex Pipeline", "pipe_type": "Intrastate"}}, {"type": "Feature", "geometry": {"type": "LineString", "coordinates": [[-101.63046, 35.24685], [-101.5529, 35.39098]]}, "properties": {"operator": "ONEOK Westex Pipeline", "pipe_type": "Intrastate"}}, {"type": "Feature", "geometry": {"type": "LineString", "coordinates": [[-101.71238, 35.69126], [-101.69933, 35.83514]]}, "properties": {"operator": "ONEOK Westex Pipeline", "pipe_type": "Intrastate"}}, {"type": "Feature", "geometry": {"type": "LineString", "coordinates": [[-101.71238, 35.69126], [-101.78995, 35.69126]]}, "properties": {"operator": "ONEOK Westex Pipeline", "pipe_type": "Intrastate"}}, {"type": "Feature", "geometry": {"type": "LineString", "coordinates": [[-101.72083, 35.61907], [-101.71238, 35.69126]]}, "properties": {"operator": "ONEOK Westex Pipeline", "pipe_type": "Intrastate"}}, {"type": "Feature", "geometry": {"type": "LineString", "coordinates": [[-101.72954, 35.55507], [-101.72083, 35.61907]]}, "properties": {"operator": "ONEOK Westex Pipeline", "pipe_type": "Intrastate"}}, {"type": "Feature", "geometry": {"type": "LineString", "coordinates": [[-101.8199, 35.55507], [-101.85856, 35.52307]]}, "properties": {"operator": "ONEOK Westex Pipeline", "pipe_type": "Intrastate"}}, {"type": "Feature", "geometry": {"type": "LineString", "coordinates": [[-101.72954, 35.55507], [-101.8199, 35.55507]]}, "properties": {"operator": "ONEOK Westex Pipeline", "pipe_type": "Intrastate"}}, {"type": "Feature", "geometry": {"type": "LineString", "coordinates": [[-101.65632, 35.46291], [-101.72954, 35.55507]]}, "properties": {"operator": "ONEOK Westex Pipeline", "pipe_type": "Intrastate"}}, {"type": "Feature", "geometry": {"type": "LineString", "coordinates": [[-101.63046, 35.24685], [-101.65632, 35.46291]]}, "properties": {"operator": "ONEOK Westex Pipeline", "pipe_type": "Intrastate"}}, {"type": "Feature", "geometry": {"type": "LineString", "coordinates": [[-102.4361, 35.83514], [-102.6729, 36.05939]]}, "properties": {"operator": "ONEOK Westex Pipeline", "pipe_type": "Intrastate"}}, {"type": "Feature", "geometry": {"type": "LineString", "coordinates": [[-102.36698, 35.83514], [-102.4361, 35.83514]]}, "properties": {"operator": "ONEOK Westex Pipeline", "pipe_type": "Intrastate"}}, {"type": "Feature", "geometry": {"type": "LineString", "coordinates": [[-102.36698, 35.73504], [-102.41024, 35.69126]]}, "properties": {"operator": "ONEOK Westex Pipeline", "pipe_type": "Intrastate"}}, {"type": "Feature", "geometry": {"type": "LineString", "coordinates": [[-102.36698, 35.83514], [-102.36698, 35.73504]]}, "properties": {"operator": "ONEOK Westex Pipeline", "pipe_type": "Intrastate"}}, {"type": "Feature", "geometry": {"type": "LineString", "coordinates": [[-102.16448, 35.83514], [-102.36698, 35.83514]]}, "properties": {"operator": "ONEOK Westex Pipeline", "pipe_type": "Intrastate"}}, {"type": "Feature", "geometry": {"type": "LineString", "coordinates": [[-102.06976, 35.8313], [-102.16448, 35.83514]]}, "properties": {"operator": "ONEOK Westex Pipeline", "pipe_type": "Intrastate"}}, {"type": "Feature", "geometry": {"type": "LineString", "coordinates": [[-101.89747, 35.62317], [-101.89747, 35.88736]]}, "properties": {"operator": "ONEOK Westex Pipeline", "pipe_type": "Intrastate"}}, {"type": "Feature", "geometry": {"type": "LineString", "coordinates": [[-101.89747, 35.44294], [-101.89747, 35.62317]]}, "properties": {"operator": "ONEOK Westex Pipeline", "pipe_type": "Intrastate"}}, {"type": "Feature", "geometry": {"type": "LineString", "coordinates": [[-101.63046, 35.24685], [-101.89747, 35.44294]]}, "properties": {"operator": "ONEOK Westex Pipeline", "pipe_type": "Intrastate"}}, {"type": "Feature", "geometry": {"type": "LineString", "coordinates": [[-101.63046, 35.17875], [-101.63046, 35.24685]]}, "properties": {"operator": "ONEOK Westex Pipeline", "pipe_type": "Intrastate"}}, {"type": "Feature", "geometry": {"type": "LineString", "coordinates": [[-101.96198, 34.99059], [-101.63046, 35.17875]]}, "properties": {"operator": "ONEOK Westex Pipeline", "pipe_type": "Intrastate"}}, {"type": "Feature", "geometry": {"type": "LineString", "coordinates": [[-101.93203, 34.74637], [-101.96198, 34.99059]]}, "properties": {"operator": "ONEOK Westex Pipeline", "pipe_type": "Intrastate"}}, {"type": "Feature", "geometry": {"type": "LineString", "coordinates": [[-101.90618, 34.65421], [-101.93203, 34.74637]]}, "properties": {"operator": "ONEOK Westex Pipeline", "pipe_type": "Intrastate"}}, {"type": "Feature", "geometry": {"type": "LineString", "coordinates": [[-101.99654, 34.65421], [-102.10867, 34.65421]]}, "properties": {"operator": "ONEOK Westex Pipeline", "pipe_type": "Intrastate"}}, {"type": "Feature", "geometry": {"type": "LineString", "coordinates": [[-101.90618, 34.65421], [-101.99654, 34.65421]]}, "properties": {"operator": "ONEOK Westex Pipeline", "pipe_type": "Intrastate"}}, {"type": "Feature", "geometry": {"type": "LineString", "coordinates": [[-101.47533, 34.65421], [-101.39341, 34.65421]]}, "properties": {"operator": "ONEOK Westex Pipeline", "pipe_type": "Intrastate"}}, {"type": "Feature", "geometry": {"type": "LineString", "coordinates": [[-101.90618, 34.65421], [-101.47533, 34.65421]]}, "properties": {"operator": "ONEOK Westex Pipeline", "pipe_type": "Intrastate"}}, {"type": "Feature", "geometry": {"type": "LineString", "coordinates": [[-101.90618, 34.55437], [-101.90618, 34.65421]]}, "properties": {"operator": "ONEOK Westex Pipeline", "pipe_type": "Intrastate"}}, {"type": "Feature", "geometry": {"type": "LineString", "coordinates": [[-102.17318, 34.49805], [-102.39718, 34.49446]]}, "properties": {"operator": "ONEOK Westex Pipeline", "pipe_type": "Intrastate"}}, {"type": "Feature", "geometry": {"type": "LineString", "coordinates": [[-102.17318, 34.49805], [-102.17318, 34.54618]]}, "properties": {"operator": "ONEOK Westex Pipeline", "pipe_type": "Intrastate"}}, {"type": "Feature", "geometry": {"type": "LineString", "coordinates": [[-101.99654, 34.49805], [-102.17318, 34.49805]]}, "properties": {"operator": "ONEOK Westex Pipeline", "pipe_type": "Intrastate"}}, {"type": "Feature", "geometry": {"type": "LineString", "coordinates": [[-101.95789, 34.49805], [-101.99654, 34.49805]]}, "properties": {"operator": "ONEOK Westex Pipeline", "pipe_type": "Intrastate"}}, {"type": "Feature", "geometry": {"type": "LineString", "coordinates": [[-101.95789, 34.55437], [-101.95789, 34.49805]]}, "properties": {"operator": "ONEOK Westex Pipeline", "pipe_type": "Intrastate"}}, {"type": "Feature", "geometry": {"type": "LineString", "coordinates": [[-101.90618, 34.55437], [-101.95789, 34.55437]]}, "properties": {"operator": "ONEOK Westex Pipeline", "pipe_type": "Intrastate"}}, {"type": "Feature", "geometry": {"type": "LineString", "coordinates": [[-101.90234, 34.37056], [-101.90618, 34.55437]]}, "properties": {"operator": "ONEOK Westex Pipeline", "pipe_type": "Intrastate"}}, {"type": "Feature", "geometry": {"type": "LineString", "coordinates": [[-102.16678, 34.99085], [-101.96198, 34.99059]]}, "properties": {"operator": "ONEOK Westex Pipeline", "pipe_type": "Intrastate"}}, {"type": "Feature", "geometry": {"type": "LineString", "coordinates": [[-100.94669, 34.4023], [-100.87834, 34.4023]]}, "properties": {"operator": "ONEOK Westex Pipeline", "pipe_type": "Intrastate"}}, {"type": "Feature", "geometry": {"type": "LineString", "coordinates": [[-101.47149, 34.4023], [-100.94669, 34.4023]]}, "properties": {"operator": "ONEOK Westex Pipeline", "pipe_type": "Intrastate"}}, {"type": "Feature", "geometry": {"type": "LineString", "coordinates": [[-101.83834, 34.4023], [-101.47149, 34.4023]]}, "properties": {"operator": "ONEOK Westex Pipeline", "pipe_type": "Intrastate"}}, {"type": "Feature", "geometry": {"type": "LineString", "coordinates": [[-101.90234, 34.37056], [-101.83834, 34.4023]]}, "properties": {"operator": "ONEOK Westex Pipeline", "pipe_type": "Intrastate"}}, {"type": "Feature", "geometry": {"type": "LineString", "coordinates": [[-102.52954, 34.4064], [-102.62349, 34.4064]]}, "properties": {"operator": "ONEOK Westex Pipeline", "pipe_type": "Intrastate"}}, {"type": "Feature", "geometry": {"type": "LineString", "coordinates": [[-102.43558, 34.4064], [-102.52954, 34.4064]]}, "properties": {"operator": "ONEOK Westex Pipeline", "pipe_type": "Intrastate"}}, {"type": "Feature", "geometry": {"type": "LineString", "coordinates": [[-102.43558, 34.37056], [-102.43558, 34.4064]]}, "properties": {"operator": "ONEOK Westex Pipeline", "pipe_type": "Intrastate"}}, {"type": "Feature", "geometry": {"type": "LineString", "coordinates": [[-102.00038, 34.37056], [-102.43558, 34.37056]]}, "properties": {"operator": "ONEOK Westex Pipeline", "pipe_type": "Intrastate"}}, {"type": "Feature", "geometry": {"type": "LineString", "coordinates": [[-101.90234, 34.37056], [-102.00038, 34.37056]]}, "properties": {"operator": "ONEOK Westex Pipeline", "pipe_type": "Intrastate"}}, {"type": "Feature", "geometry": {"type": "LineString", "coordinates": [[-101.90234, 34.3145], [-101.90234, 34.37056]]}, "properties": {"operator": "ONEOK Westex Pipeline", "pipe_type": "Intrastate"}}, {"type": "Feature", "geometry": {"type": "LineString", "coordinates": [[-101.89824, 34.13018], [-101.90234, 34.3145]]}, "properties": {"operator": "ONEOK Westex Pipeline", "pipe_type": "Intrastate"}}, {"type": "Feature", "geometry": {"type": "LineString", "coordinates": [[-102.55078, 35.07098], [-102.72998, 35.06688]]}, "properties": {"operator": "ONEOK Westex Pipeline", "pipe_type": "Intrastate"}}, {"type": "Feature", "geometry": {"type": "LineString", "coordinates": [[-102.55078, 35.17901], [-102.55078, 35.32314]]}, "properties": {"operator": "ONEOK Westex Pipeline", "pipe_type": "Intrastate"}}, {"type": "Feature", "geometry": {"type": "LineString", "coordinates": [[-102.55078, 35.07098], [-102.55078, 35.17901]]}, "properties": {"operator": "ONEOK Westex Pipeline", "pipe_type": "Intrastate"}}, {"type": "Feature", "geometry": {"type": "LineString", "coordinates": [[-102.39718, 35.07098], [-102.55078, 35.07098]]}, "properties": {"operator": "ONEOK Westex Pipeline", "pipe_type": "Intrastate"}}, {"type": "Feature", "geometry": {"type": "LineString", "coordinates": [[-102.39309, 34.99494], [-102.39718, 35.07098]]}, "properties": {"operator": "ONEOK Westex Pipeline", "pipe_type": "Intrastate"}}, {"type": "Feature", "geometry": {"type": "LineString", "coordinates": [[-102.39718, 34.73459], [-102.39309, 34.91891]]}, "properties": {"operator": "ONEOK Westex Pipeline", "pipe_type": "Intrastate"}}, {"type": "Feature", "geometry": {"type": "LineString", "coordinates": [[-102.39718, 34.49446], [-102.39718, 34.73459]]}, "properties": {"operator": "ONEOK Westex Pipeline", "pipe_type": "Intrastate"}}, {"type": "Feature", "geometry": {"type": "LineString", "coordinates": [[-102.52518, 34.49446], [-102.39718, 34.49446]]}, "properties": {"operator": "ONEOK Westex Pipeline", "pipe_type": "Intrastate"}}, {"type": "Feature", "geometry": {"type": "LineString", "coordinates": [[-102.76403, 34.49037], [-102.52518, 34.49446]]}, "properties": {"operator": "ONEOK Westex Pipeline", "pipe_type": "Intrastate"}}, {"type": "Feature", "geometry": {"type": "LineString", "coordinates": [[-102.76403, 34.49037], [-102.69158, 34.36646]]}, "properties": {"operator": "ONEOK Westex Pipeline", "pipe_type": "Intrastate"}}, {"type": "Feature", "geometry": {"type": "LineString", "coordinates": [[-102.76613, 34.64949], [-102.76403, 34.49037]]}, "properties": {"operator": "ONEOK Westex Pipeline", "pipe_type": "Intrastate"}}, {"type": "Feature", "geometry": {"type": "LineString", "coordinates": [[-102.76613, 34.64949], [-102.62349, 34.75072]]}, "properties": {"operator": "ONEOK Westex Pipeline", "pipe_type": "Intrastate"}}, {"type": "Feature", "geometry": {"type": "LineString", "coordinates": [[-102.99034, 34.49037], [-102.76613, 34.64949]]}, "properties": {"operator": "ONEOK Westex Pipeline", "pipe_type": "Intrastate"}}, {"type": "Feature", "geometry": {"type": "LineString", "coordinates": [[-102.90074, 34.98291], [-102.90074, 35.09094]]}, "properties": {"operator": "ONEOK Westex Pipeline", "pipe_type": "Intrastate"}}, {"type": "Feature", "geometry": {"type": "LineString", "coordinates": [[-102.81114, 34.92275], [-102.90074, 34.98291]]}, "properties": {"operator": "ONEOK Westex Pipeline", "pipe_type": "Intrastate"}}, {"type": "Feature", "geometry": {"type": "LineString", "coordinates": [[-102.39309, 34.91891], [-102.81114, 34.92275]]}, "properties": {"operator": "ONEOK Westex Pipeline", "pipe_type": "Intrastate"}}, {"type": "Feature", "geometry": {"type": "LineString", "coordinates": [[-102.39309, 34.99494], [-102.39309, 34.91891]]}, "properties": {"operator": "ONEOK Westex Pipeline", "pipe_type": "Intrastate"}}, {"type": "Feature", "geometry": {"type": "LineString", "coordinates": [[-102.16678, 34.99085], [-102.39309, 34.99494]]}, "properties": {"operator": "ONEOK Westex Pipeline", "pipe_type": "Intrastate"}}, {"type": "Feature", "geometry": {"type": "LineString", "coordinates": [[-102.62349, 34.75072], [-102.16678, 34.99085]]}, "properties": {"operator": "ONEOK Westex Pipeline", "pipe_type": "Intrastate"}}, {"type": "Feature", "geometry": {"type": "LineString", "coordinates": [[-102.78118, 34.31834], [-102.99034, 34.49037]]}, "properties": {"operator": "ONEOK Westex Pipeline", "pipe_type": "Intrastate"}}, {"type": "Feature", "geometry": {"type": "LineString", "coordinates": [[-102.61478, 34.1783], [-102.78118, 34.31834]]}, "properties": {"operator": "ONEOK Westex Pipeline", "pipe_type": "Intrastate"}}, {"type": "Feature", "geometry": {"type": "LineString", "coordinates": [[-100.31514, 34.41894], [-100.31514, 34.30758]]}, "properties": {"operator": "ONEOK Westex Pipeline", "pipe_type": "Intrastate"}}, {"type": "Feature", "geometry": {"type": "LineString", "coordinates": [[-100.36659, 34.46566], [-100.31514, 34.41894]]}, "properties": {"operator": "ONEOK Westex Pipeline", "pipe_type": "Intrastate"}}, {"type": "Feature", "geometry": {"type": "LineString", "coordinates": [[-100.36659, 34.57331], [-100.36659, 34.46566]]}, "properties": {"operator": "ONEOK Westex Pipeline", "pipe_type": "Intrastate"}}, {"type": "Feature", "geometry": {"type": "LineString", "coordinates": [[-100.32371, 34.62323], [-100.36659, 34.57331]]}, "properties": {"operator": "ONEOK Westex Pipeline", "pipe_type": "Intrastate"}}, {"type": "Feature", "geometry": {"type": "LineString", "coordinates": [[-100.32371, 34.7488], [-100.32371, 34.62323]]}, "properties": {"operator": "ONEOK Westex Pipeline", "pipe_type": "Intrastate"}}, {"type": "Feature", "geometry": {"type": "LineString", "coordinates": [[-100.32166, 35.18336], [-100.32371, 34.7488]]}, "properties": {"operator": "ONEOK Westex Pipeline", "pipe_type": "Intrastate"}}, {"type": "Feature", "geometry": {"type": "LineString", "coordinates": [[-100.32397, 35.30291], [-100.32166, 35.18336]]}, "properties": {"operator": "ONEOK Westex Pipeline", "pipe_type": "Intrastate"}}, {"type": "Feature", "geometry": {"type": "LineString", "coordinates": [[-100.47078, 35.41248], [-100.32397, 35.30291]]}, "properties": {"operator": "ONEOK Westex Pipeline", "pipe_type": "Intrastate"}}, {"type": "Feature", "geometry": {"type": "LineString", "coordinates": [[-100.43622, 35.45638], [-100.47078, 35.41248]]}, "properties": {"operator": "ONEOK Westex Pipeline", "pipe_type": "Intrastate"}}, {"type": "Feature", "geometry": {"type": "LineString", "coordinates": [[-100.19226, 35.38662], [-100.32397, 35.30291]]}, "properties": {"operator": "ONEOK Westex Pipeline", "pipe_type": "Intrastate"}}, {"type": "Feature", "geometry": {"type": "LineString", "coordinates": [[-100.19008, 35.68358], [-100.19226, 35.38662]]}, "properties": {"operator": "ONEOK Westex Pipeline", "pipe_type": "Intrastate"}}, {"type": "Feature", "geometry": {"type": "LineString", "coordinates": [[-100.39309, 35.7335], [-100.19008, 35.68358]]}, "properties": {"operator": "ONEOK Westex Pipeline", "pipe_type": "Intrastate"}}, {"type": "Feature", "geometry": {"type": "LineString", "coordinates": [[-100.4535, 35.70957], [-100.39309, 35.7335]]}, "properties": {"operator": "ONEOK Westex Pipeline", "pipe_type": "Intrastate"}}, {"type": "Feature", "geometry": {"type": "LineString", "coordinates": [[-100.48154, 35.73747], [-100.4535, 35.70957]]}, "properties": {"operator": "ONEOK Westex Pipeline", "pipe_type": "Intrastate"}}, {"type": "Feature", "geometry": {"type": "LineString", "coordinates": [[-100.02893, 35.9721], [-100.00008, 35.98139]]}, "properties": {"operator": "Southern Star Central Gas PL Co", "pipe_type": "Interstate"}}, {"type": "Feature", "geometry": {"type": "LineString", "coordinates": [[-100.02893, 35.9721], [-100.38549, 35.94444]]}, "properties": {"operator": "Southern Star Central Gas PL Co", "pipe_type": "Interstate"}}, {"type": "Feature", "geometry": {"type": "LineString", "coordinates": [[-100.38549, 35.94444], [-100.42679, 35.94116], [-100.41608, 35.89087]]}, "properties": {"operator": "Southern Star Central Gas PL Co", "pipe_type": "Interstate"}}, {"type": "Feature", "geometry": {"type": "LineString", "coordinates": [[-101.1932, 36.26733], [-101.16269, 36.24243], [-101.15233, 36.23259], [-101.14052, 36.224], [-101.08334, 36.1824]]}, "properties": {"operator": "ANR Pipeline Co", "pipe_type": "Interstate"}}, {"type": "Feature", "geometry": {"type": "LineString", "coordinates": [[-101.08334, 36.1824], [-101.03915, 36.14407], [-100.99883, 36.11418], [-100.99725, 36.11231], [-100.98912, 36.10624], [-100.97653, 36.09785], [-100.96385, 36.09017]]}, "properties": {"operator": "ANR Pipeline Co", "pipe_type": "Interstate"}}, {"type": "Feature", "geometry": {"type": "LineString", "coordinates": [[-101.37265, 36.40988], [-101.35657, 36.39815], [-101.35444, 36.39788], [-101.35258, 36.39562], [-101.35118, 36.39537], [-101.34141, 36.38493], [-101.32869, 36.37476], [-101.3151, 36.36586], [-101.25823, 36.31799], [-101.23418, 36.2992], [-101.22818, 36.29583], [-101.1932, 36.26733]]}, "properties": {"operator": "ANR Pipeline Co", "pipe_type": "Interstate"}}, {"type": "Feature", "geometry": {"type": "LineString", "coordinates": [[-100.24614, 35.51087], [-100.23974, 35.50718], [-100.21951, 35.49474], [-100.19927, 35.4862]]}, "properties": {"operator": "ANR Pipeline Co", "pipe_type": "Interstate"}}, {"type": "Feature", "geometry": {"type": "LineString", "coordinates": [[-101.12146, 36.6555], [-101.12926, 36.65158], [-101.13373, 36.64937], [-101.14652, 36.64364], [-101.16932, 36.63404], [-101.17504, 36.63177], [-101.20058, 36.62031], [-101.20544, 36.61794], [-101.21009, 36.61535], [-101.21882, 36.61053], [-101.25818, 36.58878], [-101.26229, 36.58482], [-101.26459, 36.58357], [-101.27322, 36.57865], [-101.27576, 36.5772], [-101.29017, 36.57215], [-101.29242, 36.57052], [-101.29528, 36.56893], [-101.30184, 36.5619], [-101.31106, 36.55767], [-101.31869, 36.55724], [-101.32581, 36.55345], [-101.34395, 36.54517], [-101.36319, 36.5371], [-101.39434, 36.52365], [-101.40168, 36.52054], [-101.4433, 36.49935]]}, "properties": {"operator": "ANR Pipeline Co", "pipe_type": "Interstate"}}, {"type": "Feature", "geometry": {"type": "LineString", "coordinates": [[-100.19927, 35.4862], [-100.17406, 35.47174], [-100.17246, 35.47087], [-100.15355, 35.4606], [-100.14645, 35.45749], [-100.13429, 35.45452], [-100.12541, 35.44845], [-100.09342, 35.43202]]}, "properties": {"operator": "ANR Pipeline Co", "pipe_type": "Interstate"}}, {"type": "Feature", "geometry": {"type": "LineString", "coordinates": [[-100.08822, 35.42993], [-100.06723, 35.41502], [-100.04825, 35.39987], [-100.04164, 35.39458], [-100.02587, 35.38199]]}, "properties": {"operator": "ANR Pipeline Co", "pipe_type": "Interstate"}}, {"type": "Feature", "geometry": {"type": "LineString", "coordinates": [[-100.09342, 35.43202], [-100.09214, 35.43274], [-100.00076, 35.48022], [-99.99943, 35.48091]]}, "properties": {"operator": "ANR Pipeline Co", "pipe_type": "Interstate"}}, {"type": "Feature", "geometry": {"type": "LineString", "coordinates": [[-100.02591, 35.38187], [-99.94836, 35.31665]]}, "properties": {"operator": "ANR Pipeline Co", "pipe_type": "Interstate"}}, {"type": "Feature", "geometry": {"type": "LineString", "coordinates": [[-100.24614, 35.51087], [-100.26318, 35.52085], [-100.27678, 35.52761], [-100.28253, 35.53003]]}, "properties": {"operator": "ANR Pipeline Co", "pipe_type": "Interstate"}}, {"type": "Feature", "geometry": {"type": "LineString", "coordinates": [[-100.28253, 35.53003], [-100.26107, 35.55611]]}, "properties": {"operator": "ANR Pipeline Co", "pipe_type": "Interstate"}}, {"type": "Feature", "geometry": {"type": "LineString", "coordinates": [[-100.28253, 35.53003], [-100.28972, 35.50176], [-100.29247, 35.50097], [-100.29353, 35.48912], [-100.29211, 35.47988], [-100.29034, 35.47814], [-100.28927, 35.47207], [-100.29531, 35.46802], [-100.29957, 35.46167], [-100.30238, 35.45187], [-100.30243, 35.45171], [-100.30317, 35.45087], [-100.30719, 35.44629], [-100.30755, 35.44566], [-100.30757, 35.44496], [-100.30794, 35.43811], [-100.30797, 35.43766], [-100.30914, 35.43715], [-100.31004, 35.43673], [-100.31011, 35.43653], [-100.31025, 35.43616], [-100.31011, 35.42508], [-100.3048, 35.42117], [-100.29436, 35.41453], [-100.29152, 35.41468]]}, "properties": {"operator": "ANR Pipeline Co", "pipe_type": "Interstate"}}, {"type": "Feature", "geometry": {"type": "LineString", "coordinates": [[-100.28253, 35.53003], [-100.30333, 35.5428], [-100.32005, 35.5486], [-100.33685, 35.5556], [-100.35347, 35.56507], [-100.37086, 35.57379], [-100.39324, 35.5839], [-100.39375, 35.58949]]}, "properties": {"operator": "ANR Pipeline Co", "pipe_type": "Interstate"}}, {"type": "Feature", "geometry": {"type": "LineString", "coordinates": [[-100.39526, 35.58737], [-100.39375, 35.58949], [-100.39969, 35.59601], [-100.40034, 35.59684], [-100.40083, 35.59732], [-100.40143, 35.598], [-100.40582, 35.60258], [-100.41254, 35.6088], [-100.43634, 35.63238], [-100.44035, 35.63635], [-100.45196, 35.64752], [-100.46785, 35.66241], [-100.4868, 35.67928], [-100.49169, 35.68177], [-100.50022, 35.68937]]}, "properties": {"operator": "ANR Pipeline Co", "pipe_type": "Interstate"}}, {"type": "Feature", "geometry": {"type": "LineString", "coordinates": [[-100.50022, 35.68937], [-100.47186, 35.70615], [-100.4604, 35.71193], [-100.45823, 35.71177], [-100.4444, 35.71707], [-100.43195, 35.72414], [-100.42859, 35.72414], [-100.41516, 35.72944], [-100.4116, 35.72912], [-100.40587, 35.73169], [-100.3958, 35.73635], [-100.39619, 35.74615]]}, "properties": {"operator": "ANR Pipeline Co", "pipe_type": "Interstate"}}, {"type": "Feature", "geometry": {"type": "LineString", "coordinates": [[-100.43634, 35.63238], [-100.4533, 35.63], [-100.47608, 35.62251], [-100.53723, 35.59747], [-100.54226, 35.60004], [-100.54626, 35.59823]]}, "properties": {"operator": "ANR Pipeline Co", "pipe_type": "Interstate"}}, {"type": "Feature", "geometry": {"type": "LineString", "coordinates": [[-100.50022, 35.68937], [-100.52539, 35.71161], [-100.54258, 35.7243], [-100.55903, 35.73363], [-100.56367, 35.74162], [-100.57532, 35.74723], [-100.57848, 35.75517], [-100.58285, 35.75881], [-100.58446, 35.759], [-100.59071, 35.75983], [-100.59559, 35.76021], [-100.59657, 35.76212], [-100.59949, 35.76946], [-100.60248, 35.77044], [-100.6054, 35.77185], [-100.62415, 35.78679]]}, "properties": {"operator": "ANR Pipeline Co", "pipe_type": "Interstate"}}, {"type": "Feature", "geometry": {"type": "LineString", "coordinates": [[-100.62415, 35.78679], [-100.62415, 35.78455], [-100.6239, 35.78217], [-100.62627, 35.77709], [-100.62558, 35.77358], [-100.62346, 35.77146], [-100.62603, 35.76614]]}, "properties": {"operator": "ANR Pipeline Co", "pipe_type": "Interstate"}}, {"type": "Feature", "geometry": {"type": "LineString", "coordinates": [[-100.62415, 35.78679], [-100.61601, 35.79427], [-100.60802, 35.80374], [-100.6031, 35.82119], [-100.59788, 35.82668], [-100.59665, 35.83789], [-100.58805, 35.85609], [-100.58928, 35.86083], [-100.58651, 35.87578], [-100.5819, 35.88152], [-100.57883, 35.88201], [-100.57576, 35.886], [-100.5693, 35.886], [-100.565, 35.88027], [-100.565, 35.87678], [-100.55947, 35.87429], [-100.55056, 35.86731], [-100.55087, 35.86307], [-100.54349, 35.85858]]}, "properties": {"operator": "ANR Pipeline Co", "pipe_type": "Interstate"}}, {"type": "Feature", "geometry": {"type": "LineString", "coordinates": [[-100.62415, 35.78679], [-100.6498, 35.80848], [-100.6707, 35.82742], [-100.67531, 35.82718], [-100.69038, 35.83503], [-100.69721, 35.83837]]}, "properties": {"operator": "ANR Pipeline Co", "pipe_type": "Interstate"}}, {"type": "Feature", "geometry": {"type": "LineString", "coordinates": [[-100.69718, 35.83832], [-100.69751, 35.83916], [-100.70133, 35.84774], [-100.70555, 35.85242], [-100.70849, 35.85438], [-100.71229, 35.85903], [-100.71307, 35.86208], [-100.71459, 35.86804], [-100.71869, 35.87156]]}, "properties": {"operator": "ANR Pipeline Co", "pipe_type": "Interstate"}}, {"type": "Feature", "geometry": {"type": "LineString", "coordinates": [[-100.71869, 35.87156], [-100.73056, 35.87358], [-100.73504, 35.87633], [-100.74369, 35.87923], [-100.74842, 35.88206], [-100.76296, 35.89067]]}, "properties": {"operator": "ANR Pipeline Co", "pipe_type": "Interstate"}}, {"type": "Feature", "geometry": {"type": "LineString", "coordinates": [[-100.76296, 35.89067], [-100.76506, 35.89405], [-100.77003, 35.89699], [-100.77233, 35.89827], [-100.77312, 35.89923], [-100.7753, 35.90181], [-100.77634, 35.90375], [-100.7784, 35.90806], [-100.77901, 35.9087], [-100.78116, 35.90956], [-100.7882, 35.9219], [-100.79102, 35.92414], [-100.79339, 35.92604]]}, "properties": {"operator": "ANR Pipeline Co", "pipe_type": "Interstate"}}, {"type": "Feature", "geometry": {"type": "LineString", "coordinates": [[-100.79339, 35.92604], [-100.8124, 35.94076]]}, "properties": {"operator": "ANR Pipeline Co", "pipe_type": "Interstate"}}, {"type": "Feature", "geometry": {"type": "LineString", "coordinates": [[-100.8124, 35.94076], [-100.80859, 35.97996]]}, "properties": {"operator": "ANR Pipeline Co", "pipe_type": "Interstate"}}, {"type": "Feature", "geometry": {"type": "LineString", "coordinates": [[-100.80858, 35.97997], [-100.8169, 35.98625], [-100.81881, 35.98864], [-100.84705, 36.01897], [-100.85433, 36.01961]]}, "properties": {"operator": "ANR Pipeline Co", "pipe_type": "Interstate"}}, {"type": "Feature", "geometry": {"type": "LineString", "coordinates": [[-100.85433, 36.01961], [-100.87376, 36.0336], [-100.88168, 36.04531], [-100.89625, 36.05131], [-100.90122, 36.05724]]}, "properties": {"operator": "ANR Pipeline Co", "pipe_type": "Interstate"}}, {"type": "Feature", "geometry": {"type": "LineString", "coordinates": [[-100.90122, 36.05724], [-100.91396, 36.06162], [-100.91976, 36.06381], [-100.96385, 36.09017]]}, "properties": {"operator": "ANR Pipeline Co", "pipe_type": "Interstate"}}, {"type": "Feature", "geometry": {"type": "LineString", "coordinates": [[-101.37265, 36.40988], [-101.39122, 36.42648], [-101.40625, 36.43977], [-101.43251, 36.45868], [-101.47137, 36.49312], [-101.4715, 36.49791], [-101.46619, 36.49818], [-101.4454, 36.49825], [-101.4433, 36.49935]]}, "properties": {"operator": "ANR Pipeline Co", "pipe_type": "Interstate"}}, {"type": "Feature", "geometry": {"type": "LineString", "coordinates": [[-99.98395, 36.68958], [-99.98878, 36.68978], [-99.99166, 36.68606], [-99.99186, 36.68526], [-99.99006, 36.67082], [-99.98914, 36.65936], [-99.98316, 36.65073], [-99.97979, 36.64592], [-99.97397, 36.63779], [-99.97029, 36.62904], [-99.97136, 36.61661], [-99.98899, 36.61572], [-99.98761, 36.60539], [-99.99466, 36.60253], [-100.03206, 36.55298], [-100.02118, 36.54159], [-100.01321, 36.53161], [-100.01474, 36.52385], [-100.0149, 36.5188], [-100.01014, 36.514], [-100.00984, 36.51153], [-100.00784, 36.51005], [-100.00432, 36.49946], [-100.00217, 36.49761], [-100.0, 36.49532], [-99.99773, 36.49268], [-99.99389, 36.48271], [-99.98715, 36.46497], [-99.98592, 36.46066], [-99.98362, 36.45906], [-99.96615, 36.45856], [-99.9296, 36.45996]]}, "properties": {"operator": "ANR Pipeline Co", "pipe_type": "Interstate"}}, {"type": "Feature", "geometry": {"type": "LineString", "coordinates": [[-100.17246, 35.47087], [-100.17855, 35.46958], [-100.20825, 35.44848]]}, "properties": {"operator": "ANR Pipeline Co", "pipe_type": "Interstate"}}, {"type": "Feature", "geometry": {"type": "LineString", "coordinates": [[-100.39051, 35.5973], [-100.39116, 35.59691], [-100.39969, 35.59601]]}, "properties": {"operator": "ANR Pipeline Co", "pipe_type": "Interstate"}}, {"type": "Feature", "geometry": {"type": "LineString", "coordinates": [[-100.40143, 35.598], [-100.40208, 35.59761], [-100.40525, 35.5957]]}, "properties": {"operator": "ANR Pipeline Co", "pipe_type": "Interstate"}}, {"type": "Feature", "geometry": {"type": "LineString", "coordinates": [[-100.76532, 35.90854], [-100.76853, 35.90857], [-100.77136, 35.90483], [-100.77193, 35.90273], [-100.7735, 35.90272], [-100.7753, 35.90181]]}, "properties": {"operator": "ANR Pipeline Co", "pipe_type": "Interstate"}}, {"type": "Feature", "geometry": {"type": "LineString", "coordinates": [[-100.91356, 36.06337], [-100.91401, 36.06164]]}, "properties": {"operator": "ANR Pipeline Co", "pipe_type": "Interstate"}}, {"type": "Feature", "geometry": {"type": "LineString", "coordinates": [[-99.99988, 35.58667], [-100.00529, 35.59062], [-100.00777, 35.59062], [-100.02411, 35.57621]]}, "properties": {"operator": "ANR Pipeline Co", "pipe_type": "Interstate"}}, {"type": "Feature", "geometry": {"type": "LineString", "coordinates": [[-100.08822, 35.42993], [-100.05813, 35.43037], [-100.0357, 35.42957], [-100.01542, 35.42885], [-100.00428, 35.42921], [-100.00184, 35.43146], [-99.99988, 35.43131]]}, "properties": {"operator": "ANR Pipeline Co", "pipe_type": "Interstate"}}, {"type": "Feature", "geometry": {"type": "LineString", "coordinates": [[-100.09342, 35.43202], [-100.08822, 35.42993]]}, "properties": {"operator": "ANR Pipeline Co", "pipe_type": "Interstate"}}, {"type": "Feature", "geometry": {"type": "LineString", "coordinates": [[-102.01942, 35.81956], [-101.96922, 35.90228], [-101.84194, 35.93606], [-101.81412, 35.97678], [-101.59947, 36.00229], [-101.16975, 36.00092], [-101.05377, 36.08154], [-100.91561, 36.18024], [-100.73216, 36.36369], [-100.41973, 36.61604], [-100.18283, 36.82301], [-100.00603, 36.92216], [-99.96898, 36.96418], [-99.97378, 37.03908], [-99.94332, 37.05893], [-99.67052, 37.28109], [-99.50768, 37.48358], [-99.39714, 37.5533]]}, "properties": {"operator": "Cimarron River Pipeline", "pipe_type": "Interstate"}}, {"type": "Feature", "geometry": {"type": "LineString", "coordinates": [[-101.71546, 36.05043], [-101.65427, 36.09565]]}, "properties": {"operator": "Panhandle Eastern PL Co", "pipe_type": "Interstate"}}, {"type": "Feature", "geometry": {"type": "LineString", "coordinates": [[-101.87422, 35.95455], [-101.71546, 36.05043]]}, "properties": {"operator": "Panhandle Eastern PL Co", "pipe_type": "Interstate"}}, {"type": "Feature", "geometry": {"type": "LineString", "coordinates": [[-101.22622, 36.46058], [-101.20339, 36.50278]]}, "properties": {"operator": "Panhandle Eastern PL Co", "pipe_type": "Interstate"}}, {"type": "Feature", "geometry": {"type": "LineString", "coordinates": [[-101.3431, 36.37492], [-101.32083, 36.31275]]}, "properties": {"operator": "Panhandle Eastern PL Co", "pipe_type": "Interstate"}}, {"type": "Feature", "geometry": {"type": "LineString", "coordinates": [[-101.65427, 36.09565], [-101.22622, 36.46058]]}, "properties": {"operator": "Panhandle Eastern PL Co", "pipe_type": "Interstate"}}, {"type": "Feature", "geometry": {"type": "LineString", "coordinates": [[-101.32154, 36.31397], [-101.22622, 36.46058]]}, "properties": {"operator": "Panhandle Eastern PL Co", "pipe_type": "Interstate"}}, {"type": "Feature", "geometry": {"type": "LineString", "coordinates": [[-101.47389, 35.56224], [-101.51916, 35.71942], [-101.6326, 35.80906], [-101.31896, 36.31033]]}, "properties": {"operator": "Panhandle Eastern PL Co", "pipe_type": "Interstate"}}]}