{"type": "FeatureCollection", "features": [{"type": "Feature", "geometry": {"type": "LineString", "coordinates": [[-99.91341, 35.38324], [-99.91353, 35.383], [-99.91354, 35.38258], [-99.91424, 35.38258], [-99.91711, 35.38259], [-99.91956, 35.38258], [-99.92182, 35.38258], [-99.92436, 35.38259], [-99.92692, 35.38259], [-99.92963, 35.38258], [-99.93216, 35.38258], [-99.93464, 35.3826], [-99.93745, 35.3826], [-99.94003, 35.3826], [-99.9423, 35.3826], [-99.94456, 35.38258], [-99.94743, 35.3826], [-99.95011, 35.38261], [-99.95276, 35.3826], [-99.95555, 35.38261], [-99.95829, 35.38261], [-99.96076, 35.38261], [-99.96338, 35.38261], [-99.96591, 35.38262], [-99.96847, 35.38261], [-99.97114, 35.38261], [-99.97357, 35.38262], [-99.97601, 35.38261], [-99.97867, 35.38262], [-99.9812, 35.38262], [-99.98389, 35.38262], [-99.98624, 35.38262], [-99.98896, 35.38262], [-99.99164, 35.38262], [-99.99401, 35.38262], [-99.99671, 35.38264], [-99.99911, 35.38148], [-100.00039, 35.38088], [-100.001, 35.38059], [-100.00292, 35.37965], [-100.00476, 35.3788], [-100.00706, 35.37764], [-100.00928, 35.3766], [-100.01142, 35.37561], [-100.01364, 35.37456], [-100.01577, 35.37355], [-100.01808, 35.37245], [-100.01991, 35.37155], [-100.02226, 35.3716], [-100.02494, 35.37159], [-100.02761, 35.37159], [-100.0303, 35.37161], [-100.03273, 35.37161], [-100.0355, 35.37161], [-100.03807, 35.37162], [-100.04069, 35.37162], [-100.04335, 35.37163], [-100.04577, 35.37164], [-100.04873, 35.37165], [-100.05126, 35.37166], [-100.05392, 35.37166], [-100.05678, 35.37166], [-100.05911, 35.37167], [-100.06171, 35.37168], [-100.06432, 35.37168], [-100.06649, 35.37169], [-100.06924, 35.37169], [-100.07129, 35.3717], [-100.07395, 35.37171], [-100.07655, 35.37171], [-100.07906, 35.37172], [-100.08109, 35.37172], [-100.08377, 35.37173], [-100.08622, 35.37174], [-100.08888, 35.37174], [-100.09124, 35.37174], [-100.09389, 35.37175], [-100.09601, 35.37175], [-100.09851, 35.37174], [-100.10088, 35.37174], [-100.10357, 35.37174], [-100.10597, 35.37174], [-100.10869, 35.37172], [-100.11136, 35.37173], [-100.11393, 35.37171], [-100.11629, 35.37171], [-100.11864, 35.37171], [-100.12119, 35.37171], [-100.1239, 35.37171], [-100.12655, 35.37172], [-100.12923, 35.37171], [-100.13192, 35.37171], [-100.1346, 35.37171], [-100.1373, 35.37171], [-100.13979, 35.37171], [-100.14234, 35.37172], [-100.14486, 35.37172], [-100.14736, 35.37172], [-100.14949, 35.37172], [-100.15196, 35.3717], [-100.15411, 35.37168], [-100.15629, 35.37167], [-100.15843, 35.37167], [-100.16077, 35.37166], [-100.16305, 35.37167], [-100.16539, 35.37166], [-100.16775, 35.37166], [-100.17001, 35.37167], [-100.17244, 35.37166], [-100.17477, 35.37166], [-100.17712, 35.37166], [-100.17979, 35.37166], [-100.18248, 35.37166], [-100.18482, 35.37166], [-100.18719, 35.37167], [-100.18953, 35.37167], [-100.19211, 35.37166], [-100.19505, 35.37167], [-100.1978, 35.37167], [-100.20067, 35.37167], [-100.2031, 35.37168], [-100.20577, 35.37167], [-100.20812, 35.37167], [-100.21062, 35.37168], [-100.21315, 35.37168], [-100.21571, 35.37169], [-100.21828, 35.37169], [-100.22053, 35.37169], [-100.22288, 35.3717], [-100.22525, 35.3717], [-100.22789, 35.3717], [-100.2306, 35.3717], [-100.23337, 35.37169], [-100.23613, 35.37169], [-100.23872, 35.37172], [-100.24131, 35.37173], [-100.24338, 35.37173], [-100.24378, 35.37285]]}, "properties": {"owner": "PUBLIC SERVICE CO OF OKLAHOMA", "voltage_kv": 230.0}}, {"type": "Feature", "geometry": {"type": "LineString", "coordinates": [[-100.97526, 37.915], [-100.97503, 37.91392], [-100.97501, 37.91363], [-100.97502, 37.911], [-100.97502, 37.90798], [-100.97504, 37.90512], [-100.97504, 37.90231], [-100.97504, 37.89911], [-100.97506, 37.89635], [-100.97505, 37.89354], [-100.97505, 37.8907], [-100.97507, 37.88782], [-100.97798, 37.88616], [-100.98085, 37.88443], [-100.98384, 37.88255], [-100.98731, 37.88055], [-100.99041, 37.87867], [-100.99316, 37.87702], [-100.99615, 37.87525], [-100.99915, 37.87342], [-101.00204, 37.87167], [-101.00529, 37.86975], [-101.00837, 37.86788], [-101.01159, 37.86596], [-101.01165, 37.86395], [-101.01163, 37.86123], [-101.0117, 37.85868], [-101.01368, 37.85866], [-101.01747, 37.85865], [-101.02063, 37.85866], [-101.02379, 37.85865], [-101.02775, 37.85865], [-101.03184, 37.85863], [-101.03617, 37.85861], [-101.03912, 37.85861], [-101.04213, 37.8586], [-101.04552, 37.85859], [-101.04814, 37.85859], [-101.05084, 37.85856], [-101.0548, 37.85853], [-101.0578, 37.85849], [-101.06074, 37.85846], [-101.06483, 37.85842], [-101.06868, 37.85838], [-101.07277, 37.85838], [-101.07672, 37.85841], [-101.0807, 37.85835], [-101.08416, 37.85835], [-101.08791, 37.85833], [-101.09139, 37.85832], [-101.09535, 37.8583], [-101.09911, 37.85828], [-101.10249, 37.85827], [-101.10598, 37.85831], [-101.1101, 37.85824], [-101.11248, 37.85822], [-101.11504, 37.8582], [-101.11909, 37.85819], [-101.12154, 37.85819], [-101.12458, 37.85814], [-101.12849, 37.85813], [-101.13324, 37.8581], [-101.13798, 37.85808], [-101.14177, 37.85805], [-101.14671, 37.85802], [-101.15164, 37.858], [-101.15555, 37.85797], [-101.15804, 37.85796], [-101.16098, 37.85794], [-101.16494, 37.85792], [-101.1673, 37.8579], [-101.17001, 37.85789], [-101.17404, 37.85787], [-101.1769, 37.85785], [-101.17944, 37.85784], [-101.18333, 37.85782], [-101.18606, 37.85779], [-101.18863, 37.85778], [-101.19232, 37.85776], [-101.19544, 37.85774], [-101.1984, 37.85772], [-101.20202, 37.85768], [-101.20592, 37.85768], [-101.20979, 37.85765], [-101.21265, 37.85762], [-101.21265, 37.85573], [-101.21261, 37.8519], [-101.21266, 37.84857], [-101.21264, 37.8447], [-101.21266, 37.84114], [-101.21264, 37.83796], [-101.21265, 37.83615], [-101.21267, 37.83355], [-101.21266, 37.83043], [-101.21471, 37.82825], [-101.21652, 37.8263], [-101.21651, 37.82345], [-101.21653, 37.82082], [-101.21651, 37.8185], [-101.21655, 37.81538], [-101.21653, 37.81241], [-101.21657, 37.80945], [-101.21654, 37.80679], [-101.2165, 37.80361], [-101.21655, 37.79951], [-101.21655, 37.79653], [-101.21659, 37.79499], [-101.21656, 37.7924], [-101.21655, 37.78894], [-101.2165, 37.78532], [-101.2165, 37.78165], [-101.21656, 37.77796], [-101.21657, 37.7743], [-101.2166, 37.77099], [-101.21655, 37.76773], [-101.2166, 37.76449], [-101.21657, 37.76123], [-101.21658, 37.75806], [-101.2165, 37.75486], [-101.2165, 37.75159], [-101.21649, 37.74865], [-101.21646, 37.74579], [-101.21648, 37.74272], [-101.2165, 37.73974], [-101.2165, 37.73651], [-101.22021, 37.73652], [-101.22456, 37.73656], [-101.22833, 37.73654], [-101.23239, 37.7365], [-101.23483, 37.73651], [-101.23484, 37.73435], [-101.23478, 37.73068], [-101.23478, 37.727], [-101.23475, 37.72366], [-101.23474, 37.72142], [-101.23472, 37.71959], [-101.23475, 37.71606], [-101.23478, 37.71223], [-101.23479, 37.70904], [-101.23478, 37.70699], [-101.23478, 37.70495], [-101.23477, 37.70184], [-101.23476, 37.69798], [-101.23476, 37.69426], [-101.23479, 37.69113], [-101.23483, 37.68736], [-101.23485, 37.68313], [-101.23483, 37.67938], [-101.23487, 37.67617], [-101.23482, 37.6727], [-101.23487, 37.67001], [-101.23489, 37.66723], [-101.23492, 37.66439], [-101.23492, 37.66147], [-101.23494, 37.65812], [-101.2349, 37.65444], [-101.2349, 37.6508], [-101.23495, 37.64698], [-101.2349, 37.64344], [-101.23489, 37.63981], [-101.23489, 37.6363], [-101.23485, 37.63235], [-101.2349, 37.62919], [-101.23495, 37.62638], [-101.23499, 37.6233], [-101.23499, 37.62026], [-101.23503, 37.61738], [-101.23506, 37.61454], [-101.23511, 37.61163], [-101.23508, 37.60866], [-101.23512, 37.6056], [-101.23514, 37.6029], [-101.23515, 37.59965], [-101.23517, 37.59645], [-101.23518, 37.59324], [-101.2352, 37.59016], [-101.23521, 37.58721], [-101.23522, 37.58413], [-101.23525, 37.58107], [-101.23526, 37.57809], [-101.23527, 37.57514], [-101.23532, 37.57202], [-101.23536, 37.56879], [-101.23608, 37.56577], [-101.23609, 37.56263], [-101.23605, 37.56035], [-101.23603, 37.55802], [-101.236, 37.55547], [-101.23595, 37.55292], [-101.23592, 37.55039], [-101.23592, 37.54758], [-101.23586, 37.54466], [-101.2358, 37.54141], [-101.23577, 37.53825], [-101.23574, 37.53535], [-101.23573, 37.53244], [-101.23567, 37.52955], [-101.23566, 37.52651], [-101.23562, 37.52359], [-101.23557, 37.52077], [-101.23553, 37.51826], [-101.23542, 37.51507], [-101.2387, 37.51319], [-101.23864, 37.5105], [-101.23853, 37.5072], [-101.23843, 37.50382], [-101.23434, 37.50331], [-101.23436, 37.50022], [-101.23436, 37.49731], [-101.23437, 37.49436], [-101.23437, 37.49156], [-101.23437, 37.48856], [-101.23439, 37.48553], [-101.23441, 37.48252], [-101.23441, 37.47963], [-101.2344, 37.47684], [-101.23441, 37.47445], [-101.23442, 37.47238], [-101.23438, 37.46934], [-101.23434, 37.46663], [-101.23432, 37.46398], [-101.23432, 37.46114], [-101.23426, 37.45819], [-101.23429, 37.45524], [-101.23429, 37.45293], [-101.2343, 37.45065], [-101.23434, 37.4479], [-101.23497, 37.4452], [-101.23491, 37.44339], [-101.23493, 37.44056], [-101.23496, 37.43836], [-101.23501, 37.43619], [-101.23504, 37.43331], [-101.23507, 37.43078], [-101.23508, 37.42785], [-101.23508, 37.42495], [-101.23507, 37.42193], [-101.23509, 37.41837], [-101.23509, 37.41593], [-101.23507, 37.41288], [-101.23509, 37.40988], [-101.23508, 37.40713], [-101.23509, 37.40364], [-101.2351, 37.40057], [-101.23508, 37.39743], [-101.2351, 37.39431], [-101.2351, 37.39118], [-101.23508, 37.38824], [-101.2387, 37.38824], [-101.24213, 37.38826], [-101.24582, 37.38827], [-101.24953, 37.38827], [-101.24954, 37.38569], [-101.2495, 37.38298], [-101.2495, 37.38119], [-101.24948, 37.37838], [-101.24947, 37.37568], [-101.24946, 37.37388], [-101.24938, 37.37098], [-101.24943, 37.36826], [-101.24943, 37.36539], [-101.24942, 37.36246], [-101.2494, 37.3595], [-101.24931, 37.35649], [-101.24936, 37.35379], [-101.24935, 37.3521], [-101.24934, 37.34929], [-101.24927, 37.34656], [-101.24931, 37.34412], [-101.24931, 37.34231], [-101.24933, 37.33888], [-101.24925, 37.33522], [-101.24918, 37.3322], [-101.24923, 37.32954], [-101.24922, 37.32714], [-101.24917, 37.32471], [-101.24924, 37.32317], [-101.24925, 37.32023], [-101.24927, 37.31731], [-101.24927, 37.31284], [-101.24927, 37.31018], [-101.24921, 37.30837], [-101.24929, 37.30555], [-101.24932, 37.30287], [-101.24924, 37.30067], [-101.2493, 37.29857], [-101.24925, 37.29536], [-101.24927, 37.29164], [-101.24923, 37.28806], [-101.24921, 37.28559], [-101.24854, 37.28285], [-101.24865, 37.27992], [-101.2486, 37.27675], [-101.24862, 37.27382], [-101.24861, 37.27188], [-101.24859, 37.26937], [-101.24859, 37.26624], [-101.2486, 37.26236], [-101.24855, 37.25875], [-101.24855, 37.25601], [-101.24855, 37.25371], [-101.24852, 37.25118], [-101.24854, 37.24851], [-101.2485, 37.24578], [-101.2485, 37.24315], [-101.24847, 37.2402], [-101.24839, 37.23728], [-101.24845, 37.2344], [-101.24843, 37.23135], [-101.24841, 37.22849], [-101.24829, 37.22544], [-101.24826, 37.22256], [-101.24824, 37.21963], [-101.24817, 37.2168], [-101.24813, 37.21386], [-101.24815, 37.21205], [-101.24816, 37.20989], [-101.24816, 37.20699], [-101.24826, 37.20417], [-101.24829, 37.20142], [-101.24834, 37.19848], [-101.24828, 37.19535], [-101.24829, 37.19221], [-101.2483, 37.18929], [-101.2483, 37.18608], [-101.24835, 37.18343], [-101.24834, 37.18021], [-101.24838, 37.17701], [-101.24836, 37.17393], [-101.24838, 37.17078], [-101.24837, 37.16761], [-101.24834, 37.16481], [-101.24834, 37.16218], [-101.24834, 37.15932], [-101.24832, 37.15652], [-101.24831, 37.15363], [-101.24824, 37.15096], [-101.24885, 37.14822], [-101.24876, 37.14538], [-101.24874, 37.1423], [-101.24873, 37.13912], [-101.24883, 37.13572], [-101.24881, 37.13167], [-101.24865, 37.12782], [-101.24874, 37.12473], [-101.24862, 37.12153], [-101.24861, 37.11957], [-101.24861, 37.11697], [-101.24862, 37.11427], [-101.24857, 37.11174], [-101.25173, 37.11173], [-101.25521, 37.11172], [-101.2589, 37.11171], [-101.26212, 37.1117], [-101.26624, 37.1117], [-101.26991, 37.11168], [-101.27372, 37.11168], [-101.27723, 37.11166], [-101.28101, 37.11166], [-101.28457, 37.11166], [-101.28456, 37.10875], [-101.28455, 37.10567], [-101.2845, 37.10265], [-101.2845, 37.10039], [-101.28452, 37.0978], [-101.2845, 37.09505], [-101.28465, 37.09191], [-101.28461, 37.08877], [-101.2846, 37.08554], [-101.28457, 37.08278], [-101.28458, 37.07966], [-101.28458, 37.07663], [-101.28457, 37.0736], [-101.28454, 37.07069], [-101.2846, 37.06926], [-101.28394, 37.06658], [-101.28395, 37.06318], [-101.28389, 37.05991], [-101.28383, 37.05603], [-101.28379, 37.05237], [-101.28372, 37.04915], [-101.28373, 37.04606], [-101.28375, 37.04479], [-101.28377, 37.04151], [-101.28378, 37.03916], [-101.28382, 37.03718], [-101.28384, 37.03491], [-101.28384, 37.03259], [-101.28387, 37.02991], [-101.28384, 37.02671], [-101.28381, 37.02348], [-101.2838, 37.02021], [-101.28377, 37.01752], [-101.28375, 37.01445], [-101.28374, 37.0112], [-101.28375, 37.00796], [-101.2837, 37.0049], [-101.28369, 37.00188], [-101.28368, 36.99882], [-101.28507, 36.9975], [-101.28591, 36.99668], [-101.28668, 36.99593], [-101.28859, 36.99408], [-101.28858, 36.99123], [-101.28857, 36.98834], [-101.28855, 36.98563], [-101.28855, 36.98283], [-101.28854, 36.97969], [-101.28853, 36.97647], [-101.28852, 36.97323], [-101.28851, 36.97019], [-101.2885, 36.96709], [-101.28849, 36.96409], [-101.28847, 36.96135], [-101.28847, 36.95834], [-101.28846, 36.95545], [-101.28844, 36.95244], [-101.28844, 36.94933], [-101.28843, 36.94634], [-101.28843, 36.9436], [-101.28842, 36.94053], [-101.28842, 36.93797], [-101.28841, 36.93599], [-101.28842, 36.93342], [-101.2884, 36.9307], [-101.28841, 36.92851], [-101.2884, 36.92623], [-101.2884, 36.92345], [-101.2884, 36.92024], [-101.28839, 36.91691], [-101.28839, 36.91376], [-101.28839, 36.91047], [-101.28839, 36.90717], [-101.28838, 36.90433], [-101.28838, 36.90139], [-101.28838, 36.89843], [-101.28838, 36.89536], [-101.28837, 36.89209], [-101.28837, 36.889], [-101.28837, 36.88597], [-101.28836, 36.88294], [-101.28836, 36.87992], [-101.28836, 36.87671], [-101.28835, 36.87378], [-101.28833, 36.87069], [-101.28833, 36.86749], [-101.28833, 36.86443], [-101.28832, 36.86131], [-101.28832, 36.85813], [-101.28832, 36.8562], [-101.28832, 36.85376], [-101.28832, 36.85087], [-101.28832, 36.84937], [-101.28832, 36.84849], [-101.29093, 36.84848], [-101.2933, 36.84848], [-101.2963, 36.84849], [-101.2963, 36.84547], [-101.2963, 36.84235], [-101.2963, 36.83941], [-101.29632, 36.83668], [-101.29631, 36.83385], [-101.29632, 36.83082], [-101.29631, 36.82784], [-101.29631, 36.8248], [-101.29631, 36.82174], [-101.2963, 36.81927], [-101.29631, 36.81629], [-101.2963, 36.81317], [-101.2963, 36.81011], [-101.2963, 36.80668], [-101.2963, 36.80286], [-101.2963, 36.80023], [-101.29629, 36.79681], [-101.29632, 36.7934], [-101.29565, 36.79068], [-101.2957, 36.78804], [-101.2957, 36.78431], [-101.2957, 36.78093], [-101.29568, 36.77806], [-101.29568, 36.77498], [-101.29568, 36.7722], [-101.29567, 36.76925], [-101.29566, 36.76643], [-101.29564, 36.76336], [-101.29564, 36.76089], [-101.29564, 36.7578], [-101.29563, 36.75447], [-101.29564, 36.75242], [-101.29562, 36.74928], [-101.2956, 36.74651], [-101.29561, 36.74327], [-101.29559, 36.74036], [-101.29558, 36.73732], [-101.29556, 36.7344], [-101.29559, 36.7313], [-101.29556, 36.72789], [-101.29556, 36.72497], [-101.29554, 36.72189], [-101.29554, 36.7199], [-101.29553, 36.71633], [-101.29551, 36.71399], [-101.2955, 36.71091], [-101.29551, 36.70753], [-101.29549, 36.70453], [-101.29548, 36.70098], [-101.29547, 36.69823], [-101.29546, 36.69478], [-101.29547, 36.69192], [-101.29545, 36.68912], [-101.29544, 36.6862], [-101.29545, 36.68334], [-101.29542, 36.68046], [-101.29542, 36.67759], [-101.29541, 36.67488], [-101.29541, 36.67252], [-101.29542, 36.66977], [-101.29542, 36.66724], [-101.29542, 36.66452], [-101.29542, 36.66224], [-101.29542, 36.65978], [-101.29542, 36.65696], [-101.29542, 36.65386], [-101.29543, 36.6508], [-101.29544, 36.64787], [-101.29544, 36.64501], [-101.29544, 36.64226], [-101.29539, 36.63956], [-101.29678, 36.63744], [-101.29818, 36.63522], [-101.2995, 36.63314], [-101.30101, 36.63074], [-101.30279, 36.62792], [-101.30444, 36.62532], [-101.30636, 36.62223], [-101.30808, 36.6195], [-101.30963, 36.61705], [-101.31118, 36.61459], [-101.31274, 36.61213], [-101.31424, 36.60973], [-101.31582, 36.60722], [-101.31744, 36.60465], [-101.31908, 36.60185], [-101.32082, 36.59939], [-101.32164, 36.59718], [-101.3229, 36.59309], [-101.32343, 36.59065], [-101.32375, 36.58889], [-101.32545, 36.58726], [-101.32732, 36.58539], [-101.32992, 36.58282], [-101.33205, 36.58069], [-101.332, 36.57785], [-101.33199, 36.57497], [-101.33194, 36.57188], [-101.33192, 36.56834], [-101.33188, 36.56722], [-101.33186, 36.56343], [-101.33185, 36.56177], [-101.3318, 36.55877], [-101.33184, 36.55594], [-101.33184, 36.5532], [-101.33185, 36.55043], [-101.33188, 36.54768], [-101.33188, 36.54438], [-101.33508, 36.54436], [-101.33917, 36.54434], [-101.34319, 36.54432], [-101.34618, 36.54429], [-101.3495, 36.54426], [-101.35318, 36.54427], [-101.35655, 36.54429], [-101.36421, 36.5443], [-101.36715, 36.54428], [-101.37033, 36.5443], [-101.37352, 36.5443], [-101.37695, 36.54434], [-101.37904, 36.54337], [-101.38136, 36.54232], [-101.38406, 36.54111], [-101.38436, 36.53933], [-101.3848, 36.53682], [-101.38526, 36.53415], [-101.38585, 36.53128], [-101.38626, 36.52849], [-101.38673, 36.52562], [-101.38737, 36.52261], [-101.38837, 36.52026], [-101.38932, 36.51829], [-101.39011, 36.51633], [-101.3917, 36.51306], [-101.39287, 36.51052], [-101.39416, 36.5078], [-101.39445, 36.50524], [-101.39464, 36.50278], [-101.39486, 36.49999], [-101.3952, 36.49518], [-101.39232, 36.49518], [-101.39168, 36.49632]]}, "properties": {"owner": "NOT AVAILABLE", "voltage_kv": 345.0}}, {"type": "Feature", "geometry": {"type": "LineString", "coordinates": [[-100.94988, 36.52525], [-100.95184, 36.52573], [-100.95322, 36.52908], [-100.96154, 36.52903], [-101.15435, 36.52909], [-101.17865, 36.52837], [-101.19055, 36.53], [-101.19642, 36.52972], [-101.23233, 36.52974], [-101.23253, 36.54365], [-101.29422, 36.54369], [-101.29965, 36.54771], [-101.31401, 36.5477], [-101.31391, 36.55176], [-101.33098, 36.55191], [-101.33098, 36.52986], [-101.36581, 36.52987], [-101.36773, 36.52865], [-101.36768, 36.5148], [-101.37467, 36.51486], [-101.37683, 36.51415], [-101.38102, 36.51427], [-101.38406, 36.5043], [-101.38486, 36.50245], [-101.38479, 36.50091], [-101.38996, 36.50085], [-101.39011, 36.49581], [-101.39098, 36.49581], [-101.39168, 36.49632]]}, "properties": {"owner": "TRI-COUNTY ELECTRIC COOP, INC", "voltage_kv": 345.0}}, {"type": "Feature", "geometry": {"type": "LineString", "coordinates": [[-100.94988, 36.52525], [-100.9508, 36.52656], [-100.95319, 36.52915], [-100.96154, 36.5291], [-101.15436, 36.52916], [-101.17864, 36.52844], [-101.19054, 36.53007], [-101.19642, 36.52979], [-101.23224, 36.52981], [-101.23244, 36.54372], [-101.29419, 36.54376], [-101.29962, 36.54778], [-101.31392, 36.54777], [-101.31381, 36.55183], [-101.33107, 36.55198], [-101.33107, 36.52993], [-101.36585, 36.52994], [-101.36782, 36.52869], [-101.36777, 36.51487], [-101.37468, 36.51493], [-101.37685, 36.51423], [-101.38109, 36.51435], [-101.38414, 36.50432], [-101.38495, 36.50246], [-101.38492, 36.50106], [-101.39009, 36.501], [-101.39015, 36.49936], [-101.39021, 36.49591], [-101.39027, 36.49591], [-101.39097, 36.49591], [-101.39168, 36.49632]]}, "properties": {"owner": "TRI-COUNTY ELECTRIC COOP, INC", "voltage_kv": 345.0}}, {"type": "Feature", "geometry": {"type": "LineString", "coordinates": [[-101.74719, 35.29816], [-101.74726, 35.29645]]}, "properties": {"owner": "SOUTHWESTERN PUBLIC SERVICE CO.", "voltage_kv": 230.0}}, {"type": "Feature", "geometry": {"type": "LineString", "coordinates": [[-101.86303, 35.96674], [-101.865, 35.96664], [-101.86536, 35.96718]]}, "properties": {"owner": "SOUTHWESTERN PUBLIC SERVICE CO.", "voltage_kv": 230.0}}, {"type": "Feature", "geometry": {"type": "LineString", "coordinates": [[-101.15387, 35.40231], [-101.15372, 35.40293], [-101.15377, 35.40328], [-101.15, 35.40331], [-101.1473, 35.40114], [-101.14354, 35.40078], [-101.10082, 35.40128], [-101.02743, 35.40164], [-100.97636, 35.40196], [-100.97055, 35.40112], [-100.93205, 35.40118], [-100.89608, 35.40138], [-100.88754, 35.39994], [-100.88539, 35.40056], [-100.8286, 35.39142], [-100.81642, 35.39097], [-100.81672, 35.40564], [-100.81982, 35.40561], [-100.81984, 35.40751]]}, "properties": {"owner": "SOUTHWESTERN PUBLIC SERVICE CO.", "voltage_kv": 345.0}}, {"type": "Feature", "geometry": {"type": "LineString", "coordinates": [[-101.53938, 35.3821], [-101.5397, 35.37654]]}, "properties": {"owner": "SOUTHWESTERN PUBLIC SERVICE CO.", "voltage_kv": 230.0}}, {"type": "Feature", "geometry": {"type": "LineString", "coordinates": [[-102.43469, 35.28301], [-102.4347, 35.28264], [-102.42358, 35.28246], [-102.40639, 35.28228], [-102.37886, 35.31244], [-102.36166, 35.34763], [-102.32807, 35.34715], [-102.25188, 35.34607], [-102.2497, 35.34603], [-102.20844, 35.35036], [-102.19981, 35.35174], [-102.17695, 35.35179], [-102.16781, 35.35758], [-102.1569, 35.36501], [-102.15153, 35.36737], [-102.04134, 35.36727], [-102.04097, 35.36762], [-101.99047, 35.36767], [-101.97453, 35.36749], [-101.97463, 35.34425], [-101.97489, 35.3096], [-101.92377, 35.30945], [-101.92262, 35.31029]]}, "properties": {"owner": "SOUTHWESTERN PUBLIC SERVICE CO.", "voltage_kv": 345.0}}, {"type": "Feature", "geometry": {"type": "LineString", "coordinates": [[-102.30456, 34.77353], [-102.30691, 34.77363], [-102.30699, 34.77034], [-102.2629, 34.76982], [-102.24644, 34.74793], [-102.05032, 34.56717], [-102.02592, 34.56683], [-102.02651, 34.53655], [-102.02738, 34.53338], [-102.0276, 34.52353], [-102.03418, 34.52364], [-102.03537, 34.52299], [-102.03874, 34.523], [-102.03871, 34.51959]]}, "properties": {"owner": "DEAF SMITH ELECTRIC COOP, INC", "voltage_kv": 345.0}}, {"type": "Feature", "geometry": {"type": "LineString", "coordinates": [[-102.36079, 34.8209], [-102.36097, 34.82054], [-102.36109, 34.82018], [-102.36111, 34.81865], [-102.36114, 34.81749], [-102.36116, 34.81584], [-102.36119, 34.81414], [-102.36121, 34.81249], [-102.36122, 34.81083], [-102.36127, 34.80919], [-102.36131, 34.80748], [-102.36133, 34.8059], [-102.36136, 34.80425], [-102.36138, 34.8026], [-102.36141, 34.80096], [-102.36145, 34.7993], [-102.36146, 34.79765], [-102.3615, 34.79601], [-102.36153, 34.79436], [-102.36155, 34.79268], [-102.36158, 34.79104], [-102.36162, 34.78939], [-102.36165, 34.78775], [-102.36166, 34.78609], [-102.36169, 34.78444], [-102.36172, 34.7828], [-102.36175, 34.78108], [-102.36175, 34.77956], [-102.36181, 34.77762], [-102.36184, 34.77597], [-102.36186, 34.7743], [-102.3619, 34.77241], [-102.36194, 34.77039], [-102.36197, 34.76836], [-102.362, 34.76642], [-102.36204, 34.76422], [-102.36208, 34.76189], [-102.36211, 34.75995], [-102.36215, 34.75785], [-102.36217, 34.75582], [-102.36224, 34.75344], [-102.36226, 34.75149], [-102.36231, 34.74916], [-102.36234, 34.74741], [-102.36237, 34.74543], [-102.3624, 34.74365], [-102.36243, 34.74137], [-102.36245, 34.73934], [-102.36248, 34.73737], [-102.3625, 34.73538], [-102.36254, 34.73348], [-102.36257, 34.73144], [-102.36261, 34.72938], [-102.36264, 34.72723], [-102.36268, 34.72558], [-102.36272, 34.72352], [-102.36274, 34.72153], [-102.36277, 34.71919], [-102.36284, 34.71687], [-102.36287, 34.71486], [-102.36289, 34.71284], [-102.36294, 34.71084], [-102.36298, 34.70879], [-102.36301, 34.7066], [-102.36304, 34.70463], [-102.36308, 34.70243], [-102.36311, 34.70042], [-102.36316, 34.69839], [-102.36319, 34.6964], [-102.36322, 34.6944], [-102.36325, 34.69238], [-102.36329, 34.69008], [-102.36334, 34.68791], [-102.36337, 34.6858], [-102.36341, 34.68376], [-102.36344, 34.68153], [-102.36349, 34.67911], [-102.36352, 34.67715], [-102.36355, 34.67493], [-102.3636, 34.67275], [-102.36366, 34.67053], [-102.36371, 34.6685], [-102.36373, 34.66676], [-102.36376, 34.66481], [-102.36381, 34.66286], [-102.36385, 34.6609], [-102.36387, 34.65896], [-102.3639, 34.65687], [-102.36394, 34.65491], [-102.36397, 34.65288], [-102.36401, 34.65093], [-102.36404, 34.64893], [-102.36408, 34.64686], [-102.3641, 34.64501], [-102.36412, 34.64317], [-102.36413, 34.64132], [-102.36413, 34.63946], [-102.36416, 34.63761], [-102.36414, 34.63576], [-102.36416, 34.63389], [-102.36415, 34.63197], [-102.36418, 34.62993], [-102.36419, 34.62798], [-102.36419, 34.62598], [-102.36421, 34.62401], [-102.36423, 34.62198], [-102.36422, 34.61992], [-102.36425, 34.61798], [-102.36424, 34.61602], [-102.36426, 34.61399], [-102.36427, 34.61201], [-102.36427, 34.60995], [-102.36429, 34.60774], [-102.3643, 34.60598], [-102.36431, 34.60365], [-102.36432, 34.60147], [-102.36433, 34.59947], [-102.36435, 34.59748], [-102.36435, 34.59548], [-102.36435, 34.59348], [-102.36438, 34.59149], [-102.36438, 34.58945], [-102.36439, 34.58742], [-102.3644, 34.58547], [-102.36442, 34.58333], [-102.36442, 34.58141], [-102.36444, 34.57907], [-102.36444, 34.57706], [-102.36443, 34.57509], [-102.36445, 34.57307], [-102.36447, 34.57109], [-102.36447, 34.56912], [-102.3645, 34.56717], [-102.36453, 34.56487], [-102.36457, 34.5623], [-102.36462, 34.55984], [-102.36466, 34.55772], [-102.36469, 34.55577], [-102.36473, 34.55327], [-102.36477, 34.55112], [-102.36481, 34.54882], [-102.36486, 34.54636], [-102.3649, 34.5442], [-102.36492, 34.54221], [-102.36496, 34.54021], [-102.36498, 34.53798], [-102.36501, 34.53571], [-102.36504, 34.5335], [-102.36508, 34.53148], [-102.36514, 34.52937], [-102.36499, 34.52694], [-102.36489, 34.52466], [-102.36478, 34.52255], [-102.36466, 34.52004], [-102.36455, 34.51797], [-102.36445, 34.51602], [-102.36436, 34.51388], [-102.36424, 34.5127], [-102.36423, 34.51211], [-102.3643, 34.50992], [-102.36435, 34.50792], [-102.36438, 34.50595], [-102.36444, 34.50395], [-102.36449, 34.50195], [-102.36454, 34.49992], [-102.36457, 34.49796], [-102.36462, 34.49614], [-102.36467, 34.49415], [-102.36471, 34.49219], [-102.36475, 34.49025], [-102.3648, 34.48829], [-102.36484, 34.48635], [-102.36489, 34.48436], [-102.36494, 34.48234], [-102.36499, 34.48035], [-102.36503, 34.47832], [-102.36508, 34.47618], [-102.36512, 34.4741], [-102.36516, 34.47208], [-102.36522, 34.47013], [-102.36525, 34.46821], [-102.36531, 34.46608], [-102.36535, 34.4641], [-102.3654, 34.46214], [-102.36545, 34.4601], [-102.36548, 34.45807], [-102.36553, 34.45594], [-102.36558, 34.45398], [-102.36562, 34.45197], [-102.36566, 34.44999], [-102.36571, 34.44794], [-102.36575, 34.44618], [-102.3658, 34.44413], [-102.36585, 34.44173], [-102.36589, 34.43968], [-102.36594, 34.43731], [-102.36599, 34.43518], [-102.36603, 34.43317], [-102.36608, 34.4312], [-102.36614, 34.42917], [-102.36618, 34.427], [-102.36622, 34.42502], [-102.36627, 34.42286], [-102.36632, 34.42088], [-102.36637, 34.41886], [-102.3664, 34.41679], [-102.36645, 34.41475], [-102.3665, 34.41282], [-102.36655, 34.41042], [-102.3666, 34.40855], [-102.36665, 34.40646], [-102.36669, 34.40445], [-102.36673, 34.40241], [-102.36678, 34.40041], [-102.36683, 34.3984], [-102.36687, 34.39625], [-102.36691, 34.39407], [-102.36696, 34.39206], [-102.36699, 34.39], [-102.36704, 34.38829], [-102.36709, 34.38621], [-102.36714, 34.38417], [-102.36718, 34.38217], [-102.36723, 34.38016], [-102.36728, 34.37815], [-102.36732, 34.37616], [-102.36737, 34.37417], [-102.36741, 34.3722], [-102.36746, 34.37019], [-102.36751, 34.36819], [-102.36756, 34.36615], [-102.3676, 34.364], [-102.36766, 34.36178], [-102.36769, 34.3596], [-102.36777, 34.35752], [-102.36688, 34.35565], [-102.36601, 34.35379], [-102.36513, 34.35193], [-102.36518, 34.35002], [-102.36522, 34.34809], [-102.36524, 34.34618], [-102.36528, 34.34424], [-102.3653, 34.34232], [-102.36534, 34.34059], [-102.36537, 34.33809], [-102.36541, 34.33597], [-102.36545, 34.33383], [-102.36547, 34.33165], [-102.3655, 34.32954], [-102.36555, 34.32734], [-102.36557, 34.32533], [-102.36561, 34.32333], [-102.36564, 34.32162], [-102.36567, 34.31936], [-102.36571, 34.31706], [-102.36575, 34.31498], [-102.36578, 34.31289], [-102.3658, 34.31089], [-102.36584, 34.30864], [-102.36586, 34.30695], [-102.36589, 34.30478], [-102.36592, 34.30291], [-102.36596, 34.30099], [-102.36598, 34.2991], [-102.36603, 34.29751], [-102.36605, 34.29546], [-102.36609, 34.29351], [-102.36612, 34.29142], [-102.36614, 34.29016], [-102.36618, 34.28803], [-102.36621, 34.28607], [-102.36624, 34.28409], [-102.36627, 34.2821], [-102.36629, 34.28025], [-102.36633, 34.2783], [-102.36636, 34.2763], [-102.36639, 34.27435], [-102.36641, 34.27272], [-102.36645, 34.2711], [-102.36648, 34.26916], [-102.36651, 34.26713], [-102.36655, 34.2651], [-102.36658, 34.26306], [-102.3666, 34.26114], [-102.36665, 34.25894], [-102.36668, 34.25695], [-102.36671, 34.25491], [-102.36674, 34.25288], [-102.36678, 34.25083], [-102.36682, 34.24885], [-102.36686, 34.24674], [-102.36689, 34.24469], [-102.36692, 34.24261], [-102.36695, 34.24062], [-102.36697, 34.23872], [-102.36703, 34.23671], [-102.36705, 34.23473], [-102.36708, 34.23273], [-102.36709, 34.23092], [-102.36713, 34.22888], [-102.36715, 34.22682], [-102.36718, 34.22473], [-102.3672, 34.22284], [-102.36725, 34.22072], [-102.36727, 34.21874], [-102.36731, 34.21678], [-102.36734, 34.21487], [-102.36736, 34.21298], [-102.3674, 34.21086], [-102.36743, 34.20871], [-102.36745, 34.20689], [-102.36749, 34.20481], [-102.36752, 34.20285], [-102.36756, 34.20053], [-102.36759, 34.19833], [-102.36761, 34.19616], [-102.36765, 34.19401], [-102.36769, 34.192], [-102.36772, 34.1898], [-102.36775, 34.18775], [-102.36779, 34.18583], [-102.36782, 34.18384], [-102.36976, 34.18252], [-102.3717, 34.18121], [-102.37365, 34.1799], [-102.37561, 34.17859], [-102.37756, 34.17727], [-102.37965, 34.17585], [-102.38146, 34.17463], [-102.38303, 34.17357], [-102.38461, 34.17251], [-102.38626, 34.17139], [-102.38794, 34.17025], [-102.38969, 34.16907], [-102.39153, 34.16784], [-102.39383, 34.16628], [-102.39578, 34.16497], [-102.39773, 34.16366], [-102.40025, 34.16367], [-102.40276, 34.16368], [-102.40526, 34.16368], [-102.40777, 34.16369], [-102.4088, 34.1637], [-102.40882, 34.16471], [-102.40968, 34.16505]]}, "properties": {"owner": "SOUTHWESTERN PUBLIC SERVICE CO", "voltage_kv": 230.0}}, {"type": "Feature", "geometry": {"type": "LineString", "coordinates": [[-100.54135, 35.62026], [-100.54035, 35.62048], [-100.54016, 35.58566], [-100.56462, 35.54688], [-100.59306, 35.54712], [-100.61445, 35.53491], [-100.61726, 35.5343], [-100.75239, 35.46674], [-100.78949, 35.43136], [-100.79288, 35.42421], [-100.80234, 35.41458], [-100.81468, 35.40769], [-100.81734, 35.40775], [-100.81984, 35.40751]]}, "properties": {"owner": "NOT AVAILABLE", "voltage_kv": 345.0}}, {"type": "Feature", "geometry": {"type": "LineString", "coordinates": [[-101.48812, 35.62104], [-101.48812, 35.62524], [-101.4881, 35.62946], [-101.48814, 35.63878], [-101.48822, 35.6488], [-101.48841, 35.66201], [-101.48849, 35.67319], [-101.48857, 35.68468], [-101.48912, 35.6999], [-101.48979, 35.71683], [-101.49029, 35.72888], [-101.49058, 35.73548], [-101.49049, 35.74093], [-101.49042, 35.74897], [-101.49032, 35.7535], [-101.49105, 35.76], [-101.49125, 35.76171], [-101.49145, 35.76976], [-101.49153, 35.77366], [-101.49426, 35.77602], [-101.4929, 35.77895], [-101.49267, 35.78444], [-101.49253, 35.78826], [-101.49209, 35.79804], [-101.49186, 35.8039], [-101.49177, 35.80583], [-101.49167, 35.80773], [-101.49159, 35.8099], [-101.49153, 35.81644], [-101.48757, 35.82188], [-101.48116, 35.83088], [-101.47847, 35.83457], [-101.47851, 35.84037], [-101.47847, 35.85347], [-101.4784, 35.85809], [-101.47912, 35.8662], [-101.48018, 35.87813], [-101.48068, 35.884], [-101.48067, 35.89062], [-101.48062, 35.90333], [-101.48061, 35.91578], [-101.48061, 35.92828], [-101.48058, 35.93863], [-101.48051, 35.95115], [-101.48044, 35.96398], [-101.48045, 35.97671], [-101.48044, 35.98885], [-101.48038, 35.99427], [-101.46792, 35.99421], [-101.44483, 35.99416], [-101.42248, 35.9941], [-101.39804, 35.99401], [-101.39313, 35.994], [-101.39318, 35.99439], [-101.39265, 35.99439], [-101.39215, 35.99451]]}, "properties": {"owner": "SOUTHWESTERN PUBLIC SERVICE CO", "voltage_kv": 230.0}}, {"type": "Feature", "geometry": {"type": "LineString", "coordinates": [[-101.92262, 35.31029], [-101.92151, 35.30949], [-101.92152, 35.30901], [-101.91612, 35.30899], [-101.91337, 35.30898], [-101.91066, 35.30897], [-101.90829, 35.30895], [-101.90579, 35.30895], [-101.90306, 35.30889], [-101.9005, 35.30887], [-101.89808, 35.30886], [-101.89564, 35.30886], [-101.89309, 35.30884], [-101.89045, 35.30884], [-101.88812, 35.30883], [-101.8856, 35.30881], [-101.8829, 35.30881], [-101.88039, 35.3088], [-101.8777, 35.3088], [-101.87498, 35.30878], [-101.87229, 35.3088], [-101.86968, 35.3088], [-101.86687, 35.3088], [-101.86496, 35.30879], [-101.86274, 35.30879], [-101.86048, 35.30877], [-101.85825, 35.30877], [-101.85573, 35.30879], [-101.85332, 35.30878], [-101.85088, 35.30879], [-101.84864, 35.3088], [-101.84694, 35.30879], [-101.84519, 35.30879], [-101.84518, 35.30706], [-101.84517, 35.30544], [-101.84517, 35.30379], [-101.84516, 35.30172], [-101.84272, 35.30172], [-101.84015, 35.30172], [-101.83758, 35.30172], [-101.83501, 35.30173], [-101.83263, 35.30174], [-101.83111, 35.30174], [-101.82878, 35.30175], [-101.82639, 35.30178], [-101.82387, 35.30179], [-101.82129, 35.30181], [-101.81866, 35.30184], [-101.81632, 35.30184], [-101.81387, 35.30184], [-101.81103, 35.30183], [-101.80838, 35.30184], [-101.8057, 35.30184], [-101.80339, 35.30184], [-101.80124, 35.30184], [-101.7989, 35.30184], [-101.79605, 35.30184], [-101.79354, 35.30184], [-101.79101, 35.30184], [-101.78832, 35.30184], [-101.78614, 35.30184], [-101.78364, 35.30183], [-101.78152, 35.30184], [-101.77945, 35.30184], [-101.77711, 35.30185], [-101.77443, 35.30185], [-101.77198, 35.30184], [-101.7694, 35.30184], [-101.76665, 35.30184], [-101.76388, 35.30184], [-101.76118, 35.30184], [-101.76046, 35.30014], [-101.75972, 35.2984], [-101.759, 35.29673], [-101.75844, 35.29544], [-101.75792, 35.2943], [-101.75743, 35.29312], [-101.75695, 35.292], [-101.7558, 35.29199], [-101.75366, 35.29198], [-101.74791, 35.29196], [-101.74642, 35.29198], [-101.74644, 35.29355], [-101.74645, 35.29389], [-101.74643, 35.29607], [-101.74726, 35.29645]]}, "properties": {"owner": "SOUTHWESTERN PUBLIC SERVICE CO.", "voltage_kv": 230.0}}, {"type": "Feature", "geometry": {"type": "LineString", "coordinates": [[-100.81984, 35.40751], [-100.82052, 35.40525], [-100.83133, 35.40513], [-100.83135, 35.39622], [-100.83366, 35.39103], [-100.88465, 35.39096], [-100.88459, 35.38267], [-100.88537, 35.38049], [-100.8854, 35.36756], [-100.88542, 35.35989], [-100.92058, 35.35988], [-100.92061, 35.2846], [-100.91298, 35.27576], [-100.90306, 35.27049], [-100.90269, 35.24852], [-100.91037, 35.23986], [-100.93798, 35.23983], [-100.93952, 35.22622], [-100.93878, 35.16808], [-100.94028, 35.16801], [-100.94045, 35.1656], [-100.9401, 35.16386]]}, "properties": {"owner": "SOUTHWESTERN PUBLIC SERVICE CO.", "voltage_kv": 345.0}}, {"type": "Feature", "geometry": {"type": "LineString", "coordinates": [[-100.24378, 35.37285], [-100.24383, 35.37181], [-100.24601, 35.37175], [-100.24856, 35.37176], [-100.25123, 35.37178], [-100.25392, 35.37179], [-100.25673, 35.3718], [-100.25941, 35.3718], [-100.26208, 35.37179], [-100.26479, 35.37178], [-100.26682, 35.37238], [-100.26885, 35.37238], [-100.27102, 35.37238], [-100.27294, 35.37145], [-100.27518, 35.37149], [-100.27754, 35.37148], [-100.27988, 35.37149], [-100.28256, 35.37149], [-100.28497, 35.37148], [-100.28731, 35.37167], [-100.28965, 35.37186], [-100.29186, 35.37183], [-100.29428, 35.37183], [-100.29649, 35.37184], [-100.29871, 35.37184], [-100.30139, 35.37185], [-100.3038, 35.37184], [-100.30641, 35.37185], [-100.30905, 35.37184], [-100.31135, 35.37185], [-100.31369, 35.37185], [-100.31586, 35.37186], [-100.3181, 35.37185], [-100.32087, 35.37185], [-100.32404, 35.37185], [-100.32652, 35.37185], [-100.3292, 35.37186], [-100.3317, 35.37186], [-100.33421, 35.37187], [-100.33669, 35.37189], [-100.3392, 35.37189], [-100.34171, 35.3719], [-100.3442, 35.3719], [-100.34662, 35.3719], [-100.34956, 35.37191], [-100.35224, 35.37191], [-100.35491, 35.37192], [-100.35753, 35.37191], [-100.36015, 35.37191], [-100.36287, 35.37191], [-100.36546, 35.37191], [-100.36798, 35.37192], [-100.37076, 35.37192], [-100.37335, 35.37192], [-100.37589, 35.37191], [-100.37838, 35.37192], [-100.38079, 35.37191], [-100.38348, 35.37191], [-100.386, 35.37192], [-100.38861, 35.37191], [-100.39144, 35.37192], [-100.39428, 35.37192], [-100.3968, 35.37191], [-100.39949, 35.37192], [-100.40218, 35.3719], [-100.40484, 35.37189], [-100.40787, 35.37187], [-100.41024, 35.37187], [-100.41308, 35.37187], [-100.41593, 35.37186], [-100.41854, 35.37184], [-100.42078, 35.37184], [-100.42311, 35.37183], [-100.42546, 35.37183], [-100.42782, 35.37181], [-100.42998, 35.37181], [-100.43233, 35.3718], [-100.43499, 35.3718], [-100.43683, 35.3718], [-100.43952, 35.37181], [-100.44253, 35.3718], [-100.44506, 35.37181], [-100.44747, 35.3718], [-100.45014, 35.37181], [-100.45269, 35.37182], [-100.45471, 35.37182], [-100.45678, 35.3718], [-100.45879, 35.3718], [-100.46115, 35.37181], [-100.46367, 35.37181], [-100.46568, 35.37181], [-100.46798, 35.37181], [-100.47016, 35.37181], [-100.47287, 35.37183], [-100.47518, 35.37181], [-100.47791, 35.37182], [-100.48038, 35.37181], [-100.48258, 35.37182], [-100.48491, 35.37181], [-100.48733, 35.37182], [-100.48943, 35.37182], [-100.49168, 35.37182], [-100.49402, 35.37182], [-100.49599, 35.37183], [-100.49781, 35.37184], [-100.49965, 35.37183], [-100.5016, 35.37184], [-100.50348, 35.37185], [-100.50571, 35.37185], [-100.50779, 35.37184], [-100.5098, 35.37184], [-100.51174, 35.37185], [-100.51407, 35.37185], [-100.51573, 35.37186], [-100.51812, 35.37185], [-100.52044, 35.37186], [-100.52313, 35.37187], [-100.52512, 35.37187], [-100.5273, 35.37186], [-100.52963, 35.37187], [-100.532, 35.37187], [-100.53432, 35.37186], [-100.53666, 35.37187], [-100.53903, 35.37189], [-100.5415, 35.37187], [-100.54431, 35.37187], [-100.54698, 35.37187], [-100.54941, 35.37186], [-100.55152, 35.37186], [-100.55412, 35.37187], [-100.55663, 35.37187], [-100.55862, 35.37185], [-100.56141, 35.37185], [-100.5642, 35.37184], [-100.56651, 35.37182], [-100.5693, 35.37183], [-100.5712, 35.37181], [-100.57315, 35.37183], [-100.57583, 35.37183], [-100.57775, 35.37183], [-100.5804, 35.37182], [-100.58355, 35.37181], [-100.58607, 35.37181], [-100.58797, 35.3718], [-100.58992, 35.3718], [-100.59255, 35.37181], [-100.59472, 35.3718], [-100.59686, 35.37179], [-100.59926, 35.37179], [-100.60163, 35.3718], [-100.60375, 35.37178], [-100.60638, 35.37179], [-100.60784, 35.37179], [-100.60957, 35.37179], [-100.61136, 35.37179], [-100.61324, 35.37179], [-100.61586, 35.37178], [-100.61864, 35.37177], [-100.62086, 35.37177], [-100.62344, 35.37177], [-100.62573, 35.37179], [-100.62814, 35.37162], [-100.63047, 35.37165], [-100.63275, 35.37168], [-100.63501, 35.3717], [-100.63751, 35.37172], [-100.64032, 35.37172], [-100.64309, 35.37173], [-100.64597, 35.37173], [-100.64865, 35.37173], [-100.65135, 35.37174], [-100.65403, 35.37173], [-100.65672, 35.37175], [-100.65942, 35.37176], [-100.66148, 35.37174], [-100.66321, 35.37175], [-100.66604, 35.37175], [-100.66826, 35.37175], [-100.67078, 35.37177], [-100.67283, 35.37175], [-100.67527, 35.37177], [-100.6778, 35.37175], [-100.68045, 35.37176], [-100.68315, 35.37177], [-100.68582, 35.37177], [-100.68851, 35.37177], [-100.69118, 35.37176], [-100.69369, 35.37177], [-100.69639, 35.37177], [-100.69875, 35.37176], [-100.70054, 35.37204], [-100.703, 35.37239], [-100.70567, 35.37277], [-100.70748, 35.37304], [-100.71013, 35.37341], [-100.71277, 35.37379], [-100.71517, 35.37413], [-100.71773, 35.37451], [-100.72014, 35.37484], [-100.72268, 35.37521], [-100.72506, 35.37554], [-100.72764, 35.37591], [-100.73028, 35.3763], [-100.7326, 35.37662], [-100.73475, 35.37694], [-100.73722, 35.37729], [-100.73988, 35.37767], [-100.74272, 35.37808], [-100.74492, 35.37839], [-100.74757, 35.37877], [-100.74979, 35.37908], [-100.7518, 35.37938], [-100.75426, 35.37974], [-100.75681, 35.3801], [-100.75931, 35.38045], [-100.76203, 35.38084], [-100.76469, 35.38121], [-100.76734, 35.38159], [-100.76962, 35.38191], [-100.7721, 35.38227], [-100.77451, 35.38262], [-100.77708, 35.38298], [-100.77979, 35.38336], [-100.78178, 35.38365], [-100.78443, 35.38403], [-100.78704, 35.38441], [-100.78945, 35.38475], [-100.79171, 35.38507], [-100.79399, 35.38544], [-100.79638, 35.38581], [-100.79938, 35.3863], [-100.80112, 35.38657], [-100.80392, 35.38702], [-100.80655, 35.38743], [-100.80938, 35.38789], [-100.81219, 35.38834], [-100.8138, 35.38859], [-100.81619, 35.38897], [-100.81896, 35.3894], [-100.82188, 35.38988], [-100.82452, 35.39029], [-100.82722, 35.39073], [-100.82984, 35.39115], [-100.83214, 35.39151], [-100.83443, 35.39188], [-100.83624, 35.39216], [-100.83841, 35.39251], [-100.84079, 35.39289], [-100.84302, 35.39324], [-100.84552, 35.39364], [-100.84763, 35.39398], [-100.8506, 35.39445], [-100.85307, 35.39484], [-100.85546, 35.39522], [-100.85816, 35.39564], [-100.86081, 35.39607], [-100.86314, 35.39643], [-100.86541, 35.3968], [-100.86805, 35.39722], [-100.87002, 35.39753], [-100.87183, 35.39782], [-100.87465, 35.39827], [-100.87638, 35.39854], [-100.87853, 35.39888], [-100.88062, 35.39921], [-100.88253, 35.39952], [-100.88505, 35.39992], [-100.88793, 35.40037], [-100.88977, 35.40071], [-100.89109, 35.40092], [-100.89071, 35.40164], [-100.89097, 35.40193]]}, "properties": {"owner": "GREENBELT ELECTRIC COOP, INC", "voltage_kv": 230.0}}, {"type": "Feature", "geometry": {"type": "LineString", "coordinates": [[-99.77397, 33.9444], [-99.77513, 33.94507], [-99.77608, 33.94505], [-99.77607, 33.94759], [-99.75742, 33.94741], [-99.74238, 33.94744], [-99.72818, 33.94792], [-99.71525, 33.94837], [-99.67155, 33.94798], [-99.67149, 33.9549], [-99.66658, 33.96707], [-99.6662, 33.98942], [-99.67611, 34.05618], [-99.69362, 34.17415], [-99.69481, 34.18308], [-99.69938, 34.22506], [-99.8287, 34.2277], [-99.84681, 34.22808], [-99.84617, 34.25712], [-99.91811, 34.25846], [-99.9168, 34.31033], [-100.0076, 34.33431], [-100.03008, 34.34033], [-100.06768, 34.35015], [-100.08405, 34.35704], [-100.0834, 34.37313], [-100.08575, 34.3732], [-100.08701, 34.37378]]}, "properties": {"owner": "SOUTH PLAINS ELECTRIC COOP INC", "voltage_kv": 345.0}}, {"type": "Feature", "geometry": {"type": "LineString", "coordinates": [[-100.08701, 34.37378], [-100.08824, 34.3733], [-100.09237, 34.37347], [-100.09227, 34.37804], [-100.10968, 34.37844], [-100.11123, 34.33542], [-100.18154, 34.3371], [-100.195, 34.33547], [-100.24274, 34.33638], [-100.29432, 34.3375], [-100.32534, 34.3386], [-100.36042, 34.33958], [-100.36449, 34.33906], [-100.38696, 34.33963], [-100.41535, 34.33382], [-100.6061, 34.33678], [-100.64649, 34.33722], [-100.67882, 34.33776], [-100.68806, 34.32676], [-100.69371, 34.31368], [-100.71641, 34.31361], [-100.74373, 34.32849], [-100.76069, 34.33733], [-100.82283, 34.3371], [-100.82259, 34.32674], [-100.88265, 34.32669], [-100.88422, 34.3425], [-100.8925, 34.3425], [-100.89255, 34.34394], [-100.89367, 34.34399]]}, "properties": {"owner": "LIGHTHOUSE ELECTRIC COOP, INC", "voltage_kv": 345.0}}, {"type": "Feature", "geometry": {"type": "LineString", "coordinates": [[-102.58257, 35.29215], [-102.58264, 35.27749], [-102.5531, 35.26918], [-102.44327, 35.2676], [-102.44333, 35.2827], [-102.43469, 35.28301]]}, "properties": {"owner": "SOUTHWESTERN PUBLIC SERVICE CO.", "voltage_kv": 345.0}}, {"type": "Feature", "geometry": {"type": "LineString", "coordinates": [[-101.86536, 35.96718], [-101.86303, 35.96674]]}, "properties": {"owner": "SOUTHWESTERN PUBLIC SERVICE CO.", "voltage_kv": 230.0}}, {"type": "Feature", "geometry": {"type": "LineString", "coordinates": [[-101.35964, 34.43227], [-101.35934, 34.43163], [-101.35936, 34.42904], [-101.35943, 34.42788], [-101.36468, 34.42773], [-101.36468, 34.42355], [-101.36525, 34.42114], [-101.36519, 34.41301], [-101.36453, 34.41027], [-101.36453, 34.40621], [-101.35815, 34.40632], [-101.32945, 34.40645], [-101.32914, 34.34951], [-101.31872, 34.34838], [-101.28807, 34.34852], [-101.2423, 34.34864], [-101.22434, 34.35604], [-101.18915, 34.35585], [-101.16535, 34.35185], [-101.15897, 34.35047], [-101.12264, 34.33831], [-101.07949, 34.33776], [-101.07206, 34.33731], [-101.04268, 34.33722], [-101.04273, 34.3504], [-101.00017, 34.3503], [-100.99036, 34.35416], [-100.97276, 34.35416], [-100.9718, 34.35083], [-100.94409, 34.35085], [-100.93921, 34.34852], [-100.91925, 34.34864], [-100.9193, 34.34248], [-100.89504, 34.34293], [-100.89502, 34.34401], [-100.89367, 34.34399]]}, "properties": {"owner": "LIGHTHOUSE ELECTRIC COOP, INC", "voltage_kv": 345.0}}, {"type": "Feature", "geometry": {"type": "LineString", "coordinates": [[-101.17948, 34.05904], [-101.17896, 34.05754], [-101.17421, 34.05758], [-101.17846, 34.07266], [-101.29265, 34.18607], [-101.29277, 34.1979], [-101.29467, 34.20121], [-101.34464, 34.20092], [-101.34521, 34.25675], [-101.34596, 34.25831], [-101.34603, 34.27339], [-101.34548, 34.2759], [-101.34553, 34.28968], [-101.34647, 34.29327], [-101.34647, 34.30489], [-101.34725, 34.30794], [-101.34738, 34.35945], [-101.34785, 34.40481], [-101.34774, 34.41292], [-101.35576, 34.4129], [-101.35588, 34.4275], [-101.3565, 34.42907], [-101.35651, 34.43466], [-101.35935, 34.43464], [-101.35964, 34.43227]]}, "properties": {"owner": "NOT AVAILABLE", "voltage_kv": 345.0}}, {"type": "Feature", "geometry": {"type": "LineString", "coordinates": [[-100.89097, 35.40193], [-100.89063, 35.40258], [-100.89026, 35.40399], [-100.88815, 35.4121], [-100.88697, 35.41675], [-100.88598, 35.42055], [-100.88579, 35.42759], [-100.88576, 35.43123], [-100.88537, 35.43296], [-100.88519, 35.43462], [-100.88503, 35.44007], [-100.88145, 35.44244], [-100.87547, 35.44646], [-100.87402, 35.44742], [-100.86812, 35.44748], [-100.86533, 35.44748]]}, "properties": {"owner": "SOUTHWESTERN PUBLIC SERVICE CO.", "voltage_kv": 230.0}}, {"type": "Feature", "geometry": {"type": "LineString", "coordinates": [[-101.35964, 34.43227], [-101.36029, 34.42931], [-101.35842, 34.42914], [-101.35458, 34.428], [-101.33041, 34.42804], [-101.33042, 34.42205], [-101.321, 34.41384], [-101.32085, 34.40166], [-101.31512, 34.39861], [-101.3149, 34.39253]]}, "properties": {"owner": "NOT AVAILABLE", "voltage_kv": 345.0}}, {"type": "Feature", "geometry": {"type": "LineString", "coordinates": [[-100.86533, 35.44748], [-100.86542, 35.44779], [-100.86656, 35.44778], [-100.88846, 35.45376], [-100.9065, 35.45883], [-100.91085, 35.46001], [-100.91458, 35.46102], [-100.93227, 35.46572], [-100.94205, 35.46839], [-100.95197, 35.47111], [-100.95796, 35.47274], [-100.96307, 35.47412], [-100.96816, 35.4755], [-100.98201, 35.47929], [-100.99387, 35.48249], [-101.00887, 35.48644], [-101.02844, 35.49156], [-101.04098, 35.49485], [-101.04178, 35.4954], [-101.04239, 35.49559]]}, "properties": {"owner": "SOUTHWESTERN PUBLIC SERVICE CO.", "voltage_kv": 230.0}}, {"type": "Feature", "geometry": {"type": "LineString", "coordinates": [[-101.92262, 35.31029], [-101.92236, 35.30948], [-101.92233, 35.30903], [-101.92457, 35.30901], [-101.92682, 35.30902], [-101.929, 35.30903], [-101.93143, 35.30904], [-101.93422, 35.30905], [-101.9367, 35.30905], [-101.93917, 35.30907], [-101.94182, 35.30907], [-101.9444, 35.30908], [-101.94686, 35.30909], [-101.94935, 35.3091], [-101.95203, 35.30911], [-101.95449, 35.30913], [-101.95693, 35.30913], [-101.95932, 35.30914], [-101.9619, 35.30916], [-101.96447, 35.30916], [-101.96714, 35.30917], [-101.96966, 35.30918], [-101.97252, 35.30919], [-101.97526, 35.3092], [-101.97782, 35.30921], [-101.98046, 35.30923], [-101.98301, 35.30923], [-101.98575, 35.30924], [-101.98807, 35.30926], [-101.99098, 35.3093], [-101.99305, 35.30827], [-101.99577, 35.30829], [-101.99852, 35.30831], [-102.00085, 35.30833], [-102.00319, 35.30833], [-102.00587, 35.30835], [-102.00855, 35.30836], [-102.01116, 35.30837], [-102.01286, 35.30839], [-102.01461, 35.30689], [-102.01614, 35.30559], [-102.01775, 35.3042], [-102.01936, 35.3028], [-102.0211, 35.30131], [-102.02271, 35.29992], [-102.02451, 35.29837], [-102.02637, 35.29677], [-102.02817, 35.29522], [-102.02818, 35.29398], [-102.02818, 35.29192], [-102.02818, 35.28994], [-102.02819, 35.28799], [-102.02819, 35.2862], [-102.0282, 35.28401], [-102.0282, 35.28182], [-102.0282, 35.27962], [-102.0282, 35.27753], [-102.0282, 35.27533], [-102.02821, 35.27309], [-102.02822, 35.27097], [-102.02821, 35.26891], [-102.02825, 35.26699], [-102.03013, 35.26571], [-102.03187, 35.26455], [-102.03369, 35.26333], [-102.03584, 35.26189], [-102.03796, 35.26051], [-102.0399, 35.25921], [-102.04203, 35.25779], [-102.04415, 35.25637], [-102.04621, 35.25498], [-102.04621, 35.25277], [-102.0462, 35.25064], [-102.04623, 35.24927], [-102.04626, 35.248], [-102.04622, 35.24674], [-102.04624, 35.24449], [-102.04624, 35.24295], [-102.04624, 35.24131], [-102.04626, 35.23966], [-102.04625, 35.23771], [-102.04626, 35.23575], [-102.04627, 35.23369], [-102.04628, 35.23152], [-102.04629, 35.22927], [-102.04631, 35.22717], [-102.04631, 35.22509], [-102.04632, 35.22297], [-102.04633, 35.22106], [-102.04634, 35.21893], [-102.04635, 35.2169], [-102.04635, 35.21479], [-102.04636, 35.21267], [-102.04638, 35.21056], [-102.04636, 35.20845], [-102.04639, 35.20631], [-102.04639, 35.20421], [-102.0464, 35.20212], [-102.04641, 35.20002], [-102.04643, 35.19792], [-102.04643, 35.19584], [-102.04644, 35.19374], [-102.04643, 35.19164], [-102.04645, 35.19035], [-102.04644, 35.18893], [-102.04645, 35.18709], [-102.04646, 35.18503], [-102.04646, 35.18297], [-102.04647, 35.18091], [-102.04647, 35.17886], [-102.04648, 35.17673], [-102.04648, 35.17458], [-102.0465, 35.17246], [-102.04649, 35.17033], [-102.04649, 35.16836], [-102.0465, 35.16616], [-102.04652, 35.16405], [-102.04651, 35.16194], [-102.04652, 35.15984], [-102.04654, 35.15776], [-102.04654, 35.15567], [-102.04655, 35.15359], [-102.04656, 35.1515], [-102.04656, 35.14941], [-102.04658, 35.1473], [-102.04657, 35.14517], [-102.04659, 35.14307], [-102.0466, 35.14097], [-102.04663, 35.13889], [-102.04662, 35.13678], [-102.04665, 35.13468], [-102.04664, 35.1325], [-102.04665, 35.1303], [-102.04665, 35.12821], [-102.04665, 35.12615], [-102.04667, 35.12405], [-102.04667, 35.12194], [-102.04668, 35.11982], [-102.04668, 35.11811], [-102.04634, 35.11648], [-102.04633, 35.11457], [-102.04635, 35.1126], [-102.04635, 35.11062], [-102.04634, 35.10864], [-102.04635, 35.10666], [-102.04637, 35.10468], [-102.04637, 35.1027], [-102.04637, 35.1006], [-102.04637, 35.09848], [-102.04639, 35.09638], [-102.0464, 35.09423], [-102.04639, 35.09213], [-102.04639, 35.08999], [-102.0464, 35.08785], [-102.0464, 35.08565], [-102.04641, 35.08342], [-102.04643, 35.08119], [-102.04643, 35.07896], [-102.04643, 35.07676], [-102.04645, 35.07457], [-102.04468, 35.07296], [-102.04292, 35.07131], [-102.04292, 35.06918], [-102.04293, 35.06704], [-102.04293, 35.06492], [-102.04295, 35.06279], [-102.04295, 35.06072], [-102.04294, 35.05852], [-102.04297, 35.05655], [-102.04299, 35.05431], [-102.043, 35.05217], [-102.04302, 35.04986], [-102.04302, 35.04777], [-102.04303, 35.04582], [-102.04304, 35.04385], [-102.04306, 35.04212], [-102.04307, 35.03984], [-102.04306, 35.03778], [-102.04308, 35.03563], [-102.04307, 35.03347], [-102.04312, 35.0313], [-102.04291, 35.02922], [-102.04296, 35.02778], [-102.04297, 35.02598], [-102.04298, 35.02402], [-102.043, 35.02209], [-102.04302, 35.02019], [-102.04303, 35.0184], [-102.04304, 35.01636], [-102.04307, 35.01413], [-102.04307, 35.01188], [-102.0431, 35.00967], [-102.04312, 35.00743], [-102.04314, 35.00531], [-102.04316, 35.00323], [-102.04316, 35.00112], [-102.04321, 34.99912], [-102.04327, 34.99707], [-102.04327, 34.99487], [-102.04326, 34.99276], [-102.04329, 34.99044], [-102.04331, 34.98819], [-102.04336, 34.98589], [-102.0434, 34.98373], [-102.04343, 34.98161], [-102.04344, 34.97947], [-102.04345, 34.97736], [-102.04347, 34.97525], [-102.04349, 34.97313], [-102.04351, 34.97166], [-102.04352, 34.96969], [-102.04354, 34.96769], [-102.04356, 34.96552], [-102.04357, 34.9634], [-102.04358, 34.96128], [-102.0436, 34.95917], [-102.04364, 34.95702], [-102.04367, 34.95484], [-102.04339, 34.95295], [-102.04315, 34.95116], [-102.04295, 34.94981], [-102.04315, 34.94807], [-102.04341, 34.94586], [-102.04358, 34.94417], [-102.04378, 34.94269], [-102.04376, 34.94101], [-102.04378, 34.93923], [-102.04379, 34.93731], [-102.0438, 34.93527], [-102.04381, 34.93324], [-102.04383, 34.93118], [-102.04384, 34.92903], [-102.04387, 34.92701], [-102.04387, 34.92485], [-102.0439, 34.92272], [-102.04392, 34.92061], [-102.04394, 34.9185], [-102.04394, 34.9164], [-102.04396, 34.9143], [-102.04398, 34.91217], [-102.04399, 34.9101], [-102.044, 34.90802], [-102.04401, 34.90593], [-102.04403, 34.90385], [-102.04404, 34.90175], [-102.04404, 34.89967], [-102.04405, 34.89757], [-102.04408, 34.89544], [-102.04409, 34.89327], [-102.04409, 34.89112], [-102.04413, 34.88897], [-102.04413, 34.88679], [-102.04414, 34.88465], [-102.04417, 34.8825], [-102.04418, 34.88028], [-102.0442, 34.87808], [-102.0442, 34.87599], [-102.04422, 34.87371], [-102.04425, 34.87154], [-102.04426, 34.86939], [-102.04428, 34.86729], [-102.0443, 34.86518], [-102.04431, 34.86308], [-102.04432, 34.86143], [-102.04433, 34.85914], [-102.04435, 34.85704], [-102.04437, 34.85485], [-102.04438, 34.85261], [-102.0444, 34.85045], [-102.04442, 34.84824], [-102.04442, 34.84604], [-102.04445, 34.84391], [-102.04445, 34.84182], [-102.04449, 34.83967], [-102.04447, 34.83759], [-102.04448, 34.8355], [-102.04448, 34.83342], [-102.04448, 34.83122], [-102.04448, 34.82902], [-102.04449, 34.82704], [-102.04452, 34.82496], [-102.04453, 34.82289], [-102.04454, 34.82084], [-102.04458, 34.8185], [-102.0446, 34.8167], [-102.04461, 34.81464], [-102.04463, 34.81259], [-102.04467, 34.81053], [-102.04468, 34.80845], [-102.04469, 34.80638], [-102.04471, 34.80432], [-102.04474, 34.80224], [-102.04475, 34.80016], [-102.04478, 34.7981], [-102.04478, 34.796], [-102.04484, 34.79392], [-102.04451, 34.79218], [-102.04419, 34.79041], [-102.0442, 34.78856], [-102.04419, 34.78668], [-102.04419, 34.78476], [-102.04418, 34.78284], [-102.04417, 34.78091], [-102.04415, 34.77899], [-102.04415, 34.77683], [-102.04415, 34.77467], [-102.04413, 34.77253], [-102.04413, 34.77039], [-102.04412, 34.76822], [-102.04411, 34.7661], [-102.04412, 34.76395], [-102.04412, 34.76181], [-102.0441, 34.75967], [-102.04409, 34.75765], [-102.04408, 34.75567], [-102.04406, 34.75369], [-102.04406, 34.75171], [-102.04402, 34.74971], [-102.0464, 34.74925], [-102.04882, 34.74878], [-102.05125, 34.74831], [-102.05369, 34.74784], [-102.05612, 34.74737], [-102.05854, 34.74691], [-102.06081, 34.74647], [-102.0634, 34.74596], [-102.06599, 34.74549], [-102.06605, 34.74337], [-102.06609, 34.74125], [-102.06612, 34.73907], [-102.06618, 34.73693], [-102.06622, 34.73476], [-102.06625, 34.73255], [-102.06629, 34.73034], [-102.06633, 34.72836], [-102.06638, 34.72617], [-102.06642, 34.72396], [-102.06646, 34.72193], [-102.0665, 34.71973], [-102.06651, 34.71772], [-102.06678, 34.71581], [-102.06679, 34.71389], [-102.06683, 34.71184], [-102.06688, 34.70978], [-102.0669, 34.70772], [-102.06697, 34.70565], [-102.067, 34.70355], [-102.06702, 34.70145], [-102.06706, 34.69951], [-102.06712, 34.69752], [-102.06714, 34.69554], [-102.06718, 34.69338], [-102.06721, 34.69143], [-102.06726, 34.68923], [-102.0673, 34.68704], [-102.06734, 34.68489], [-102.06738, 34.68276], [-102.06743, 34.68061], [-102.06747, 34.67847], [-102.06749, 34.67632], [-102.06753, 34.67418], [-102.06758, 34.67204], [-102.06763, 34.66989], [-102.06768, 34.66775], [-102.06772, 34.66557], [-102.06777, 34.6634], [-102.0678, 34.66121], [-102.06787, 34.65907], [-102.06792, 34.6569], [-102.06794, 34.65471], [-102.06798, 34.65254], [-102.06802, 34.65034], [-102.06806, 34.64814], [-102.06809, 34.64594], [-102.06813, 34.64376], [-102.06816, 34.64189], [-102.0682, 34.64005], [-102.06822, 34.63805], [-102.06827, 34.63612], [-102.0683, 34.63414], [-102.06833, 34.63216], [-102.06837, 34.63014], [-102.06841, 34.62815], [-102.06844, 34.62623], [-102.06846, 34.62413], [-102.06853, 34.62209], [-102.06824, 34.62029], [-102.06831, 34.61809], [-102.06836, 34.61583], [-102.0684, 34.61358], [-102.06845, 34.61187], [-102.06847, 34.60973], [-102.06851, 34.60767], [-102.06856, 34.60563], [-102.0686, 34.60356], [-102.06863, 34.60147], [-102.06867, 34.59931], [-102.06871, 34.59738], [-102.06874, 34.59545], [-102.06878, 34.59353], [-102.06882, 34.5916], [-102.06879, 34.58975], [-102.0714, 34.58982], [-102.07395, 34.58986], [-102.07643, 34.58988], [-102.07916, 34.58992], [-102.08175, 34.58995], [-102.08448, 34.59], [-102.08709, 34.59007], [-102.0871, 34.58805], [-102.08713, 34.58612], [-102.08716, 34.5842], [-102.08721, 34.58228], [-102.08723, 34.58022], [-102.08729, 34.57816], [-102.08731, 34.57637], [-102.08735, 34.57453], [-102.08739, 34.57261], [-102.08742, 34.57036], [-102.08747, 34.56812], [-102.08751, 34.56597], [-102.08754, 34.56374], [-102.08758, 34.56183], [-102.08761, 34.55974], [-102.08764, 34.55768], [-102.08769, 34.55559], [-102.08771, 34.55348], [-102.08776, 34.55134], [-102.0878, 34.54919], [-102.08784, 34.54703], [-102.08788, 34.54488], [-102.08791, 34.54273], [-102.08795, 34.54057], [-102.08799, 34.53839], [-102.08802, 34.53631], [-102.08806, 34.53423], [-102.08808, 34.53216], [-102.08812, 34.53009], [-102.08815, 34.52802], [-102.08819, 34.52599], [-102.08824, 34.52388], [-102.08829, 34.5217], [-102.08834, 34.51953], [-102.08838, 34.51733], [-102.08842, 34.51514], [-102.08846, 34.51326], [-102.0885, 34.51126], [-102.08855, 34.50927], [-102.08858, 34.50725], [-102.08862, 34.50521], [-102.08866, 34.50315], [-102.08869, 34.50111], [-102.08873, 34.49906], [-102.08877, 34.497], [-102.08881, 34.49489], [-102.08884, 34.4927], [-102.08889, 34.4904], [-102.08892, 34.48844], [-102.08896, 34.48652], [-102.08899, 34.48459], [-102.08904, 34.48256], [-102.08908, 34.48041], [-102.08912, 34.47841], [-102.08915, 34.47624], [-102.08919, 34.47404], [-102.08923, 34.47184], [-102.08927, 34.46959], [-102.08932, 34.46745], [-102.08936, 34.46526], [-102.08939, 34.46314], [-102.08943, 34.46101], [-102.08947, 34.45891], [-102.0895, 34.45679], [-102.08955, 34.45467], [-102.08958, 34.45256], [-102.08962, 34.45047], [-102.08965, 34.44842], [-102.08968, 34.44636], [-102.08973, 34.44432], [-102.08977, 34.44228], [-102.08982, 34.44023], [-102.08984, 34.43819], [-102.08987, 34.43616], [-102.09252, 34.4362], [-102.09517, 34.43624], [-102.09783, 34.43628], [-102.10013, 34.4363], [-102.10273, 34.43633], [-102.10525, 34.43637], [-102.10788, 34.43644], [-102.11056, 34.43644], [-102.11326, 34.43647], [-102.11592, 34.43651], [-102.11856, 34.43654], [-102.12112, 34.43657], [-102.12377, 34.4366], [-102.12625, 34.43663], [-102.1288, 34.43666], [-102.13152, 34.43669], [-102.13417, 34.43673], [-102.13651, 34.43675], [-102.13887, 34.43679], [-102.14127, 34.43681], [-102.14366, 34.43684], [-102.14617, 34.43689], [-102.14875, 34.43691], [-102.15134, 34.43695], [-102.15392, 34.43697], [-102.1565, 34.437], [-102.15911, 34.43703], [-102.16173, 34.43706], [-102.16439, 34.4371], [-102.16703, 34.43714], [-102.16946, 34.43718], [-102.17188, 34.43721], [-102.17431, 34.43723], [-102.17675, 34.43727], [-102.17908, 34.4373], [-102.18134, 34.43733], [-102.184, 34.43736], [-102.18657, 34.43739], [-102.18924, 34.43742], [-102.19176, 34.43746], [-102.19439, 34.43749], [-102.19707, 34.43752], [-102.1996, 34.43753], [-102.20217, 34.43757], [-102.20468, 34.43759], [-102.20721, 34.43762], [-102.20983, 34.43766], [-102.21247, 34.43768], [-102.2152, 34.43772], [-102.21521, 34.43559], [-102.21525, 34.43349], [-102.21528, 34.43139], [-102.21532, 34.42929], [-102.21538, 34.4272], [-102.2154, 34.42508], [-102.21544, 34.42295], [-102.21548, 34.42086], [-102.21552, 34.41875], [-102.21555, 34.41661], [-102.21558, 34.41449], [-102.21564, 34.41236], [-102.21567, 34.41023], [-102.21571, 34.4081], [-102.21575, 34.40619], [-102.2158, 34.40393], [-102.21581, 34.402], [-102.21584, 34.39993], [-102.21587, 34.39787], [-102.2159, 34.39579], [-102.21594, 34.39386], [-102.21597, 34.39176], [-102.216, 34.38971], [-102.21604, 34.3876], [-102.21607, 34.38547], [-102.2161, 34.38349], [-102.21614, 34.38143], [-102.21617, 34.37921], [-102.2162, 34.37702], [-102.21625, 34.37492], [-102.2163, 34.37286], [-102.21633, 34.37075], [-102.21636, 34.36867], [-102.2164, 34.36658], [-102.21642, 34.36455], [-102.21646, 34.36245], [-102.2165, 34.36037], [-102.21653, 34.35826], [-102.21661, 34.35407], [-102.21665, 34.35198], [-102.21671, 34.34987], [-102.21674, 34.34782], [-102.21678, 34.34578], [-102.21682, 34.3438], [-102.21686, 34.34172], [-102.21689, 34.33962], [-102.21692, 34.33749], [-102.21697, 34.33584], [-102.21844, 34.33436], [-102.21994, 34.3328], [-102.22145, 34.33125], [-102.22304, 34.32966], [-102.22455, 34.32813], [-102.22619, 34.32647], [-102.22796, 34.32467], [-102.22975, 34.32286], [-102.23151, 34.32104], [-102.23308, 34.31945], [-102.23459, 34.31791], [-102.23708, 34.31794], [-102.23962, 34.31797], [-102.24211, 34.31799], [-102.24467, 34.31804], [-102.24721, 34.31806], [-102.24976, 34.3181], [-102.25229, 34.31812], [-102.25231, 34.31611], [-102.25235, 34.31413], [-102.25239, 34.31208], [-102.25243, 34.31003], [-102.25244, 34.30801], [-102.25249, 34.30598], [-102.25253, 34.30396], [-102.25255, 34.30175], [-102.2526, 34.29947], [-102.25264, 34.29747], [-102.25267, 34.29545], [-102.25271, 34.29342], [-102.25274, 34.29138], [-102.25277, 34.28938], [-102.2528, 34.28739], [-102.25283, 34.28539], [-102.25286, 34.28339], [-102.2529, 34.28119], [-102.25295, 34.279], [-102.253, 34.27681], [-102.253, 34.2746], [-102.25306, 34.27257], [-102.25309, 34.27054], [-102.25313, 34.26849], [-102.25316, 34.26646], [-102.25319, 34.26434], [-102.25323, 34.26269], [-102.25325, 34.26042], [-102.2533, 34.25835], [-102.25336, 34.25624], [-102.25338, 34.25422], [-102.25342, 34.25217], [-102.25344, 34.25003], [-102.25348, 34.24791], [-102.25354, 34.24582], [-102.25585, 34.24585], [-102.25815, 34.24585], [-102.26051, 34.2459], [-102.26296, 34.2459], [-102.26565, 34.24594], [-102.26832, 34.24596], [-102.271, 34.246], [-102.27348, 34.24602], [-102.27593, 34.24606], [-102.27848, 34.24609], [-102.28091, 34.24611], [-102.28337, 34.24615], [-102.28587, 34.24618], [-102.28852, 34.24621], [-102.29093, 34.24624], [-102.29335, 34.24626], [-102.29577, 34.24629], [-102.29816, 34.24631], [-102.30056, 34.24634], [-102.30299, 34.24636], [-102.30539, 34.24639], [-102.30809, 34.24641], [-102.31076, 34.24646], [-102.31314, 34.24649], [-102.31553, 34.24652], [-102.31794, 34.24655], [-102.32058, 34.2466], [-102.32317, 34.24663], [-102.3251, 34.24641], [-102.32767, 34.24646], [-102.33026, 34.24648], [-102.33282, 34.24651], [-102.33543, 34.24655], [-102.33798, 34.24658], [-102.34055, 34.24662], [-102.34061, 34.24485], [-102.34063, 34.24306], [-102.34066, 34.24126], [-102.34069, 34.23943], [-102.34073, 34.23715], [-102.34075, 34.23541], [-102.34077, 34.23367], [-102.3408, 34.23191], [-102.34084, 34.22994], [-102.34087, 34.22789], [-102.3409, 34.22585], [-102.34093, 34.22379], [-102.34097, 34.22172], [-102.34099, 34.21967], [-102.34101, 34.21762], [-102.34106, 34.21554], [-102.34109, 34.21344], [-102.34113, 34.21135], [-102.34116, 34.20928], [-102.34119, 34.20719], [-102.34122, 34.20509], [-102.34121, 34.20297], [-102.34262, 34.20088], [-102.34259, 34.19867], [-102.3426, 34.19672], [-102.34261, 34.19453], [-102.34263, 34.19233], [-102.34263, 34.19013], [-102.34265, 34.18792], [-102.34266, 34.18574], [-102.34268, 34.18354], [-102.34269, 34.18133], [-102.3427, 34.17914], [-102.34272, 34.17695], [-102.34504, 34.17696], [-102.34746, 34.17698], [-102.35001, 34.17697], [-102.3524, 34.17697], [-102.35479, 34.17698], [-102.35744, 34.177], [-102.3601, 34.177], [-102.36273, 34.17701], [-102.36538, 34.17702], [-102.3679, 34.17703], [-102.36792, 34.17121], [-102.36793, 34.16922], [-102.36794, 34.16722], [-102.36796, 34.16522], [-102.36796, 34.16328], [-102.37013, 34.1633], [-102.37229, 34.16329], [-102.37433, 34.16331], [-102.37676, 34.1633], [-102.37918, 34.16331], [-102.38164, 34.16332], [-102.38395, 34.16334], [-102.38652, 34.16337], [-102.38898, 34.16335], [-102.39115, 34.16338], [-102.3933, 34.16341], [-102.39569, 34.16337], [-102.39804, 34.16337], [-102.40022, 34.16338], [-102.40239, 34.16339], [-102.40458, 34.16342], [-102.40698, 34.16341], [-102.40913, 34.16343], [-102.40914, 34.16473], [-102.40968, 34.16505]]}, "properties": {"owner": "SOUTHWESTERN PUBLIC SERVICE CO", "voltage_kv": 230.0}}, {"type": "Feature", "geometry": {"type": "LineString", "coordinates": [[-100.89367, 34.34399], [-100.89492, 34.34391], [-100.89494, 34.34283], [-100.9194, 34.34237], [-100.91935, 34.34854], [-100.93923, 34.34842], [-100.94411, 34.35075], [-100.97188, 34.35073], [-100.97283, 34.35406], [-100.99034, 34.35406], [-101.00015, 34.3502], [-101.04263, 34.3503], [-101.04258, 34.33712], [-101.07207, 34.33721], [-101.07949, 34.33766], [-101.12266, 34.33821], [-101.159, 34.35037], [-101.16537, 34.35175], [-101.18916, 34.35575], [-101.22432, 34.35594], [-101.24228, 34.34854], [-101.28807, 34.34842], [-101.31872, 34.34828], [-101.32924, 34.34942], [-101.32955, 34.40635], [-101.35815, 34.40622], [-101.36463, 34.40611], [-101.36463, 34.41026], [-101.36529, 34.41299], [-101.36535, 34.42116], [-101.36478, 34.42356], [-101.36478, 34.42783], [-101.35952, 34.42798], [-101.35946, 34.42905], [-101.35992, 34.43166], [-101.35964, 34.43227]]}, "properties": {"owner": "LIGHTHOUSE ELECTRIC COOP, INC", "voltage_kv": 345.0}}, {"type": "Feature", "geometry": {"type": "LineString", "coordinates": [[-102.36079, 34.8209], [-102.36057, 34.82053], [-102.36058, 34.82037], [-102.36011, 34.82039], [-102.36011, 34.82132], [-102.35823, 34.82187], [-102.35578, 34.82258], [-102.3535, 34.82324], [-102.35156, 34.82379], [-102.34903, 34.82452], [-102.34683, 34.82515], [-102.3446, 34.82578], [-102.34242, 34.82641], [-102.33993, 34.82713], [-102.33768, 34.82777], [-102.33518, 34.8285], [-102.33288, 34.82916], [-102.33042, 34.82986], [-102.32784, 34.83061], [-102.32564, 34.83124], [-102.32346, 34.83187], [-102.32126, 34.83249], [-102.31876, 34.83321], [-102.31625, 34.83393], [-102.31363, 34.83469], [-102.31126, 34.83536], [-102.30905, 34.83601], [-102.30643, 34.83676], [-102.30437, 34.83735], [-102.30226, 34.83796], [-102.30004, 34.83859], [-102.29781, 34.83922], [-102.29557, 34.83987], [-102.29335, 34.8405], [-102.29111, 34.84115], [-102.28884, 34.8418], [-102.2866, 34.84245], [-102.28452, 34.84305], [-102.28231, 34.84368], [-102.27993, 34.84436], [-102.27751, 34.84505], [-102.27546, 34.84564], [-102.27317, 34.84629], [-102.27093, 34.84693], [-102.26869, 34.84757], [-102.26627, 34.84827], [-102.26364, 34.84903], [-102.26142, 34.84966], [-102.25894, 34.85037], [-102.25628, 34.85112], [-102.25372, 34.85187], [-102.25122, 34.85258], [-102.2487, 34.85331], [-102.24615, 34.85403], [-102.24361, 34.85478], [-102.24083, 34.85475], [-102.23797, 34.85475], [-102.23545, 34.85474], [-102.23304, 34.85473], [-102.2307, 34.85472], [-102.22836, 34.85471], [-102.22605, 34.85471], [-102.22338, 34.8547], [-102.22086, 34.85469], [-102.21854, 34.85469], [-102.21612, 34.85468], [-102.21373, 34.85467], [-102.21139, 34.85466], [-102.20905, 34.85465], [-102.20673, 34.85465], [-102.20473, 34.85468], [-102.20468, 34.85649], [-102.20467, 34.85861], [-102.20469, 34.86069], [-102.20465, 34.86281], [-102.20466, 34.86492], [-102.20472, 34.86697], [-102.20275, 34.86822], [-102.20068, 34.86961], [-102.19862, 34.87096], [-102.19659, 34.87232], [-102.1947, 34.87361], [-102.19276, 34.87492], [-102.19098, 34.87609], [-102.18907, 34.87738], [-102.18721, 34.87863], [-102.18518, 34.88], [-102.18322, 34.8813], [-102.18126, 34.88263], [-102.17929, 34.88394], [-102.17724, 34.88532], [-102.17528, 34.88665], [-102.17334, 34.88796], [-102.17144, 34.88922], [-102.16964, 34.89045], [-102.16782, 34.89168], [-102.16574, 34.89307], [-102.16376, 34.89438], [-102.16175, 34.89574], [-102.15983, 34.89702], [-102.15806, 34.89822], [-102.15615, 34.89948], [-102.15432, 34.9007], [-102.15228, 34.90208], [-102.15051, 34.90327], [-102.14849, 34.90463], [-102.14644, 34.90598], [-102.14455, 34.90721], [-102.14253, 34.90864], [-102.14055, 34.90992], [-102.13841, 34.91138], [-102.13652, 34.91266], [-102.13475, 34.91384], [-102.13331, 34.91477], [-102.13331, 34.91645], [-102.1333, 34.9183], [-102.1333, 34.92022], [-102.13328, 34.92217], [-102.13325, 34.92409], [-102.13325, 34.92606], [-102.13324, 34.92796], [-102.13321, 34.92986], [-102.13319, 34.9318], [-102.13319, 34.93377], [-102.13318, 34.93562], [-102.13319, 34.93725], [-102.13314, 34.93889], [-102.13313, 34.9405], [-102.13313, 34.94228], [-102.13313, 34.94439], [-102.1331, 34.94642], [-102.13309, 34.94845], [-102.13309, 34.9505], [-102.13309, 34.95243], [-102.13306, 34.95451], [-102.13305, 34.95651], [-102.13304, 34.95851], [-102.13303, 34.96048], [-102.13299, 34.96242], [-102.133, 34.96438], [-102.13299, 34.96634], [-102.13296, 34.96827], [-102.13296, 34.97022], [-102.13296, 34.97221], [-102.13294, 34.97409], [-102.13293, 34.97601], [-102.13291, 34.97792], [-102.1329, 34.98002], [-102.13289, 34.98218], [-102.13286, 34.98426], [-102.13286, 34.98632], [-102.13286, 34.98844], [-102.13284, 34.99035], [-102.13281, 34.99249], [-102.1328, 34.9946], [-102.1328, 34.99672], [-102.13275, 34.99864], [-102.13268, 35.00055], [-102.13267, 35.00252], [-102.13266, 35.00463], [-102.13266, 35.0069], [-102.13262, 35.00914], [-102.13263, 35.01127], [-102.13261, 35.01327], [-102.13256, 35.01518], [-102.13249, 35.01711], [-102.13247, 35.01902], [-102.13247, 35.02095], [-102.13247, 35.02287], [-102.13244, 35.02479], [-102.13243, 35.02671], [-102.13244, 35.02864], [-102.13242, 35.03074], [-102.13235, 35.03281], [-102.13236, 35.03466], [-102.13237, 35.03653], [-102.13236, 35.03838], [-102.13233, 35.04023], [-102.13233, 35.04209], [-102.13231, 35.04396], [-102.13005, 35.04396], [-102.12772, 35.04395], [-102.12536, 35.04393], [-102.12301, 35.04392], [-102.12066, 35.04391], [-102.1183, 35.0439], [-102.11593, 35.04389], [-102.11359, 35.04388], [-102.11125, 35.04387], [-102.10891, 35.04385], [-102.10658, 35.04384], [-102.10408, 35.04383], [-102.10161, 35.04382], [-102.09952, 35.0438], [-102.09951, 35.04575], [-102.0995, 35.04767], [-102.0995, 35.04967], [-102.09948, 35.05165], [-102.09948, 35.05361], [-102.09947, 35.05575], [-102.09947, 35.05813], [-102.09946, 35.06016], [-102.09945, 35.06224], [-102.09944, 35.06423], [-102.09943, 35.06615], [-102.09943, 35.06832], [-102.09941, 35.07043], [-102.09941, 35.07236], [-102.0994, 35.07439], [-102.09941, 35.07637], [-102.0994, 35.07835], [-102.09938, 35.08032], [-102.09939, 35.08229], [-102.09939, 35.08425], [-102.09937, 35.08621], [-102.09936, 35.08824], [-102.09936, 35.09034], [-102.09936, 35.09229], [-102.09934, 35.09428], [-102.09934, 35.09625], [-102.09933, 35.09818], [-102.09932, 35.10027], [-102.09932, 35.10247], [-102.09931, 35.1044], [-102.09931, 35.10643], [-102.09929, 35.10825], [-102.09929, 35.11012], [-102.09929, 35.11197], [-102.09927, 35.11381], [-102.09923, 35.11563], [-102.09966, 35.11767], [-102.09962, 35.11949], [-102.09961, 35.12151], [-102.09962, 35.12348], [-102.09961, 35.12541], [-102.0996, 35.12734], [-102.0996, 35.1293], [-102.09959, 35.13128], [-102.09959, 35.13326], [-102.0996, 35.13524], [-102.09959, 35.13727], [-102.09959, 35.13931], [-102.09959, 35.14126], [-102.09956, 35.14315], [-102.09956, 35.14533], [-102.09954, 35.14751], [-102.0992, 35.14752], [-102.09853, 35.14778]]}, "properties": {"owner": "SOUTHWESTERN PUBLIC SERVICE CO", "voltage_kv": 230.0}}, {"type": "Feature", "geometry": {"type": "LineString", "coordinates": [[-101.79515, 34.39868], [-101.79446, 34.39844], [-101.79441, 34.39755], [-101.7944, 34.39594], [-101.79442, 34.3938], [-101.7944, 34.39173], [-101.79439, 34.38963], [-101.79438, 34.38754], [-101.79438, 34.38545], [-101.79439, 34.38358], [-101.79436, 34.38152], [-101.79439, 34.37951], [-101.79439, 34.3775], [-101.79441, 34.37543], [-101.79438, 34.37327], [-101.79439, 34.37108], [-101.7944, 34.36886], [-101.7944, 34.36688], [-101.7944, 34.36486], [-101.79441, 34.36286], [-101.79441, 34.36081], [-101.79442, 34.35874], [-101.79441, 34.35665], [-101.79442, 34.35456], [-101.79441, 34.35243], [-101.7944, 34.3503], [-101.79441, 34.34826], [-101.79442, 34.34618], [-101.79441, 34.34413], [-101.7944, 34.34193], [-101.7944, 34.34001], [-101.79439, 34.33796], [-101.79439, 34.3359], [-101.7944, 34.33383], [-101.7944, 34.33176], [-101.79442, 34.32969], [-101.79441, 34.32766], [-101.79444, 34.32558], [-101.79444, 34.32338], [-101.79462, 34.32118], [-101.79481, 34.31899], [-101.79473, 34.3167], [-101.79468, 34.31479], [-101.79463, 34.31287], [-101.79458, 34.31097], [-101.79454, 34.30908], [-101.7945, 34.30718], [-101.79443, 34.30533], [-101.79439, 34.30354], [-101.79432, 34.30119], [-101.79523, 34.29921], [-101.797, 34.29514], [-101.79694, 34.29308], [-101.79692, 34.29101], [-101.79683, 34.28898], [-101.79677, 34.2869], [-101.79673, 34.28484], [-101.79667, 34.28279], [-101.79663, 34.28073], [-101.79658, 34.27868], [-101.79654, 34.27654], [-101.79648, 34.27445], [-101.79643, 34.27231], [-101.79638, 34.27017], [-101.79633, 34.26805], [-101.79627, 34.26592], [-101.79623, 34.2638], [-101.79617, 34.26166], [-101.79613, 34.25968], [-101.79609, 34.25777], [-101.79604, 34.25585], [-101.79601, 34.25392], [-101.79596, 34.25196], [-101.7959, 34.24972], [-101.79586, 34.24747], [-101.79584, 34.24554], [-101.79578, 34.24361], [-101.79573, 34.24171], [-101.79568, 34.23978], [-101.79563, 34.23788], [-101.79558, 34.23619], [-101.79552, 34.23455], [-101.79549, 34.2329], [-101.79545, 34.23083], [-101.79541, 34.22877], [-101.79534, 34.22671], [-101.7953, 34.22466], [-101.79525, 34.22259], [-101.79518, 34.22054], [-101.79513, 34.21843], [-101.79509, 34.21627], [-101.79505, 34.21413], [-101.79501, 34.21199], [-101.79496, 34.20985], [-101.79492, 34.20808], [-101.7949, 34.20618], [-101.79452, 34.20407], [-101.79453, 34.20252], [-101.79449, 34.20079], [-101.79446, 34.19922], [-101.79442, 34.19756], [-101.79436, 34.19533], [-101.79432, 34.19307], [-101.79424, 34.19086], [-101.79451, 34.18886], [-101.79444, 34.18753], [-101.7944, 34.18544], [-101.79435, 34.18333], [-101.7943, 34.18124], [-101.79423, 34.17918], [-101.79419, 34.17702], [-101.7941, 34.17491], [-101.79409, 34.17263], [-101.79308, 34.17059], [-101.79308, 34.16847], [-101.79303, 34.16635], [-101.79298, 34.16434], [-101.79294, 34.16229], [-101.7929, 34.16022], [-101.79286, 34.15816], [-101.79278, 34.15612], [-101.79274, 34.15405], [-101.79268, 34.15199], [-101.79264, 34.14984], [-101.79257, 34.14774], [-101.79251, 34.14562], [-101.79248, 34.14357], [-101.79241, 34.14156], [-101.79238, 34.13953], [-101.79234, 34.13748], [-101.79235, 34.13544], [-101.79233, 34.13338], [-101.79235, 34.13132], [-101.79237, 34.12924], [-101.79237, 34.12716], [-101.79236, 34.12507], [-101.79237, 34.12304], [-101.7924, 34.12111], [-101.7924, 34.11929], [-101.79239, 34.1174], [-101.7924, 34.11553], [-101.7945, 34.11554], [-101.79666, 34.11553], [-101.79894, 34.11554], [-101.80124, 34.11553], [-101.80337, 34.11554], [-101.80552, 34.11553], [-101.80767, 34.11553], [-101.80982, 34.11553], [-101.80984, 34.1138], [-101.80984, 34.11205], [-101.80983, 34.11032], [-101.80984, 34.10821], [-101.80985, 34.10617], [-101.80985, 34.10416], [-101.80985, 34.10216], [-101.80985, 34.10015], [-101.80985, 34.09815], [-101.80986, 34.09614], [-101.80986, 34.09409], [-101.80986, 34.09226], [-101.80987, 34.09041], [-101.80987, 34.08881], [-101.80988, 34.08683], [-101.80989, 34.08499], [-101.80987, 34.08316], [-101.8099, 34.08131], [-101.80988, 34.07945], [-101.80989, 34.07742], [-101.80989, 34.07539], [-101.8099, 34.07335], [-101.80991, 34.07132], [-101.80991, 34.06926], [-101.80992, 34.0672], [-101.80992, 34.06506], [-101.80993, 34.06319], [-101.80994, 34.06125], [-101.80993, 34.05915], [-101.80993, 34.05703], [-101.80995, 34.05492], [-101.80995, 34.0528], [-101.80995, 34.05077], [-101.80997, 34.04885], [-101.80996, 34.04693], [-101.80996, 34.04501], [-101.80996, 34.04308], [-101.81217, 34.04308], [-101.81435, 34.04308], [-101.81653, 34.04309], [-101.81871, 34.04308], [-101.8187, 34.04134], [-101.8187, 34.03955], [-101.81869, 34.03777], [-101.81868, 34.03598], [-101.81868, 34.03389], [-101.81867, 34.0318], [-101.81868, 34.02974], [-101.8187, 34.02768], [-101.8187, 34.02561], [-101.81869, 34.02356], [-101.8187, 34.0215], [-101.81873, 34.01943], [-101.81872, 34.01736], [-101.8187, 34.01531], [-101.81872, 34.01325], [-101.81873, 34.01119], [-101.81872, 34.00914], [-101.81873, 34.00695], [-101.81873, 34.00489], [-101.81874, 34.0028], [-101.81876, 34.00075], [-101.81876, 33.99867], [-101.81878, 33.99659], [-101.81879, 33.99453], [-101.8188, 33.99246], [-101.8188, 33.99047], [-101.81881, 33.9884], [-101.81881, 33.98631], [-101.81881, 33.98424], [-101.8188, 33.98216], [-101.81881, 33.98007], [-101.8188, 33.97802], [-101.81879, 33.9758], [-101.81879, 33.97379], [-101.81879, 33.97165], [-101.81878, 33.96954], [-101.81875, 33.9675], [-101.81874, 33.96547], [-101.8187, 33.96343], [-101.8187, 33.96141], [-101.8187, 33.95931], [-101.81871, 33.95718], [-101.8187, 33.95507], [-101.81871, 33.95297], [-101.81871, 33.95086], [-101.81872, 33.94874], [-101.81873, 33.94669], [-101.81872, 33.94461], [-101.81873, 33.94251], [-101.81873, 33.94041], [-101.81873, 33.93833], [-101.81873, 33.93624], [-101.81872, 33.93415], [-101.81871, 33.9321], [-101.81871, 33.93003], [-101.8187, 33.92797], [-101.81868, 33.92591], [-101.81868, 33.92385], [-101.81867, 33.92178], [-101.81866, 33.91972], [-101.81861, 33.91769], [-101.81858, 33.91567], [-101.81858, 33.91369], [-101.81854, 33.91171], [-101.81851, 33.90961], [-101.81848, 33.90749], [-101.81844, 33.90543], [-101.81844, 33.90327], [-101.81846, 33.90105], [-101.81845, 33.89904], [-101.81845, 33.89697], [-101.81847, 33.89488], [-101.81846, 33.8928], [-101.81845, 33.89073], [-101.81848, 33.88868], [-101.81848, 33.88664], [-101.81849, 33.88461], [-101.81848, 33.8825], [-101.8185, 33.88037], [-101.8185, 33.87821], [-101.8185, 33.87609], [-101.81852, 33.87428], [-101.81852, 33.87251], [-101.81852, 33.87073], [-101.81854, 33.86902], [-101.82096, 33.86901], [-101.8235, 33.869], [-101.8259, 33.86901], [-101.82867, 33.869], [-101.83108, 33.86902], [-101.83339, 33.86902], [-101.83569, 33.86899], [-101.83634, 33.86897], [-101.83856, 33.86916], [-101.84069, 33.8693], [-101.84292, 33.86945], [-101.84341, 33.8691]]}, "properties": {"owner": "LIGHTHOUSE ELECTRIC COOP, INC", "voltage_kv": 230.0}}, {"type": "Feature", "geometry": {"type": "LineString", "coordinates": [[-101.74531, 35.28353], [-101.74458, 35.28384], [-101.74294, 35.28385], [-101.74282, 35.28605], [-101.74281, 35.28827], [-101.7428, 35.29044], [-101.74281, 35.29218], [-101.7428, 35.29392], [-101.7428, 35.29563], [-101.74279, 35.29631], [-101.74186, 35.29761], [-101.74057, 35.29954], [-101.73931, 35.30138], [-101.73809, 35.30319], [-101.7368, 35.30511], [-101.73559, 35.30691], [-101.73427, 35.30886], [-101.73301, 35.3107], [-101.7317, 35.31267], [-101.73036, 35.31462], [-101.729, 35.31664], [-101.72771, 35.31853], [-101.72649, 35.32032], [-101.7254, 35.32192], [-101.72437, 35.32347], [-101.72305, 35.32542], [-101.72179, 35.32729], [-101.72049, 35.32918], [-101.71946, 35.33072], [-101.7182, 35.33259], [-101.71709, 35.33424], [-101.71593, 35.33594], [-101.71465, 35.3378], [-101.7134, 35.33969], [-101.71208, 35.34159], [-101.71078, 35.34351], [-101.70948, 35.34544], [-101.70818, 35.34737], [-101.707, 35.34909], [-101.70571, 35.35102], [-101.70434, 35.35303], [-101.70295, 35.35506], [-101.70166, 35.35696], [-101.70052, 35.35864], [-101.69906, 35.36078], [-101.69776, 35.36272], [-101.69642, 35.36469], [-101.69512, 35.36659], [-101.69385, 35.36848], [-101.69261, 35.37032], [-101.69135, 35.37218], [-101.69005, 35.37409], [-101.68875, 35.37599], [-101.68745, 35.3779], [-101.68625, 35.37969], [-101.68495, 35.38161], [-101.6839, 35.38315], [-101.68322, 35.38326], [-101.68095, 35.38376], [-101.67823, 35.38434], [-101.67555, 35.3849], [-101.67292, 35.38544], [-101.67038, 35.38598], [-101.668, 35.38647], [-101.6654, 35.38702], [-101.66282, 35.38756], [-101.66041, 35.38806], [-101.65784, 35.3886], [-101.65546, 35.38911], [-101.65319, 35.38958], [-101.65038, 35.39017], [-101.64826, 35.39061], [-101.64599, 35.39108], [-101.64388, 35.39152], [-101.64145, 35.39203], [-101.63888, 35.39256], [-101.63655, 35.39306], [-101.63399, 35.39359], [-101.63124, 35.39415], [-101.62903, 35.39462], [-101.62677, 35.39508], [-101.62449, 35.39557], [-101.62214, 35.39606], [-101.62013, 35.3965], [-101.61778, 35.3965], [-101.61521, 35.39652], [-101.61273, 35.39654], [-101.61025, 35.39657], [-101.60758, 35.39659], [-101.60494, 35.3966], [-101.60227, 35.39663], [-101.59968, 35.39666], [-101.59734, 35.39667], [-101.59469, 35.3967], [-101.59225, 35.39671], [-101.58982, 35.39673], [-101.58729, 35.39675], [-101.58474, 35.39676], [-101.58223, 35.39677], [-101.57975, 35.39679], [-101.57726, 35.3968], [-101.57503, 35.39682], [-101.5724, 35.39686], [-101.56979, 35.39686], [-101.56717, 35.39689], [-101.56451, 35.39692], [-101.5619, 35.39695], [-101.55948, 35.39698], [-101.55688, 35.39702], [-101.55436, 35.39705], [-101.55184, 35.3971], [-101.54926, 35.39714], [-101.54665, 35.39718], [-101.54403, 35.39721], [-101.54144, 35.39726], [-101.53894, 35.39729], [-101.53641, 35.39733], [-101.5339, 35.39738], [-101.53138, 35.39742], [-101.52886, 35.39745], [-101.52634, 35.39749], [-101.52376, 35.39749], [-101.52123, 35.39753], [-101.51872, 35.39756], [-101.51603, 35.39759], [-101.51368, 35.39761], [-101.51119, 35.39764], [-101.50873, 35.39767], [-101.50627, 35.39769], [-101.50399, 35.3977], [-101.50175, 35.39773], [-101.49951, 35.39774], [-101.49724, 35.39777], [-101.49461, 35.39781], [-101.49311, 35.39747], [-101.49071, 35.39751], [-101.48829, 35.39754], [-101.48599, 35.39755], [-101.48357, 35.39752], [-101.48116, 35.39754], [-101.47871, 35.39755], [-101.47637, 35.39758], [-101.47389, 35.39759], [-101.47115, 35.39762], [-101.46855, 35.39767], [-101.46588, 35.39769], [-101.46321, 35.39772], [-101.46204, 35.39772], [-101.45976, 35.39777], [-101.45749, 35.3978], [-101.45521, 35.39782], [-101.45292, 35.39784], [-101.45022, 35.39786], [-101.44767, 35.39788], [-101.44512, 35.3979], [-101.44259, 35.39793], [-101.44008, 35.39795], [-101.43757, 35.39797], [-101.43503, 35.39799], [-101.43251, 35.39801], [-101.43005, 35.39802], [-101.42753, 35.39803], [-101.42502, 35.39805], [-101.42271, 35.39807], [-101.42032, 35.39805], [-101.41781, 35.39804], [-101.41516, 35.39802], [-101.41247, 35.39801], [-101.4099, 35.39803], [-101.40734, 35.39806], [-101.40477, 35.39808], [-101.4022, 35.39809], [-101.39967, 35.39812], [-101.39709, 35.39813], [-101.39456, 35.39813], [-101.39202, 35.39813], [-101.38951, 35.39814], [-101.38697, 35.39814], [-101.38443, 35.39814], [-101.38191, 35.39816], [-101.37951, 35.39818], [-101.37737, 35.3982], [-101.37475, 35.3982], [-101.37216, 35.39821], [-101.36959, 35.39822], [-101.36696, 35.39824], [-101.36435, 35.39826], [-101.3618, 35.39828], [-101.35924, 35.39831], [-101.35671, 35.39835], [-101.35417, 35.39838], [-101.35167, 35.39842], [-101.34914, 35.39844], [-101.34662, 35.3985], [-101.34404, 35.39847], [-101.34146, 35.39848], [-101.33889, 35.39847], [-101.33629, 35.39846], [-101.33369, 35.39846], [-101.33112, 35.39845], [-101.3286, 35.39846], [-101.32604, 35.39848], [-101.32369, 35.39849], [-101.32101, 35.39851], [-101.31859, 35.39853], [-101.31614, 35.39855], [-101.31359, 35.3986], [-101.31112, 35.39863], [-101.30914, 35.39913], [-101.30724, 35.39913], [-101.30472, 35.39915], [-101.30221, 35.39917], [-101.30021, 35.39915], [-101.29779, 35.39914], [-101.29536, 35.39912], [-101.2929, 35.3991], [-101.29034, 35.39912], [-101.28779, 35.39914], [-101.28525, 35.39918], [-101.2827, 35.39919], [-101.28009, 35.39921], [-101.27766, 35.39923], [-101.27522, 35.39925], [-101.27267, 35.39927], [-101.27012, 35.39931], [-101.26758, 35.39933], [-101.26502, 35.39933], [-101.26247, 35.39936], [-101.25992, 35.39938], [-101.25737, 35.3994], [-101.25516, 35.39944], [-101.25295, 35.39949], [-101.25127, 35.39953], [-101.24955, 35.39956], [-101.24685, 35.39962], [-101.24412, 35.39967], [-101.24184, 35.39972], [-101.23916, 35.39977], [-101.2366, 35.3998], [-101.23404, 35.39982], [-101.23148, 35.39984], [-101.22891, 35.39986], [-101.22634, 35.39989], [-101.22378, 35.39991], [-101.22124, 35.39992], [-101.21876, 35.39995], [-101.21632, 35.39997], [-101.21379, 35.4], [-101.21124, 35.40001], [-101.20873, 35.40003], [-101.20622, 35.40005], [-101.20332, 35.3998], [-101.20097, 35.39984], [-101.1986, 35.39986], [-101.19593, 35.39988], [-101.1934, 35.3999], [-101.19077, 35.39992], [-101.18822, 35.39995], [-101.18568, 35.39997], [-101.18313, 35.39999], [-101.18057, 35.4], [-101.17806, 35.40002], [-101.17552, 35.40004], [-101.17297, 35.40006], [-101.17041, 35.40007], [-101.16785, 35.4001], [-101.16524, 35.40012], [-101.16269, 35.40014], [-101.16014, 35.40016], [-101.15757, 35.40018], [-101.155, 35.40019], [-101.15243, 35.40021], [-101.1498, 35.40024], [-101.14726, 35.40026], [-101.14471, 35.40029], [-101.14216, 35.40032], [-101.13961, 35.40031], [-101.13706, 35.40033], [-101.13451, 35.40035], [-101.13203, 35.40037], [-101.13018, 35.40038], [-101.12839, 35.4004], [-101.12619, 35.4004], [-101.12368, 35.40042], [-101.12121, 35.40043], [-101.11869, 35.40045], [-101.11628, 35.40047], [-101.11376, 35.4005], [-101.11114, 35.40051], [-101.1085, 35.40053], [-101.10587, 35.40057], [-101.10329, 35.40054], [-101.10068, 35.40081], [-101.09806, 35.4008], [-101.09543, 35.40081], [-101.09281, 35.40082], [-101.09018, 35.40083], [-101.08755, 35.40085], [-101.08493, 35.40086], [-101.08236, 35.40088], [-101.0798, 35.40089], [-101.07724, 35.40089], [-101.07496, 35.40091], [-101.0724, 35.40094], [-101.07004, 35.40095], [-101.06771, 35.40095], [-101.06502, 35.40097], [-101.0626, 35.40099], [-101.06005, 35.40099], [-101.05754, 35.401], [-101.05501, 35.40103], [-101.0525, 35.40102], [-101.04999, 35.40105], [-101.04747, 35.40105], [-101.04487, 35.40106], [-101.04236, 35.40107], [-101.03985, 35.40109], [-101.03732, 35.4011], [-101.03489, 35.40113], [-101.0322, 35.40114], [-101.02954, 35.40117], [-101.0271, 35.40118], [-101.0245, 35.4012], [-101.02232, 35.40121], [-101.01995, 35.40123], [-101.01729, 35.40123], [-101.01462, 35.40123], [-101.01186, 35.40126], [-101.00941, 35.40126], [-101.00727, 35.40127], [-101.00514, 35.40128], [-101.00284, 35.40129], [-101.00051, 35.40129], [-100.99751, 35.4013], [-100.99498, 35.40132], [-100.99213, 35.40132], [-100.99022, 35.40133], [-100.98743, 35.40135], [-100.9851, 35.40135], [-100.98342, 35.40136], [-100.98079, 35.40137], [-100.97838, 35.40138], [-100.97603, 35.40138], [-100.97328, 35.4014], [-100.97053, 35.40142], [-100.96807, 35.40145], [-100.96518, 35.40149], [-100.9628, 35.40151], [-100.96002, 35.40154], [-100.95741, 35.40157], [-100.95463, 35.40159], [-100.95206, 35.40162], [-100.94958, 35.40165], [-100.94711, 35.40168], [-100.94435, 35.40171], [-100.94234, 35.40173], [-100.94081, 35.40174], [-100.93835, 35.40179], [-100.93567, 35.40181], [-100.93278, 35.40182], [-100.93049, 35.40184], [-100.92794, 35.40188], [-100.92524, 35.4019], [-100.92323, 35.40192], [-100.92181, 35.40194], [-100.91977, 35.40196], [-100.91856, 35.40197], [-100.91646, 35.40195], [-100.91394, 35.40193], [-100.91169, 35.4019], [-100.90942, 35.40188], [-100.90704, 35.40184], [-100.90456, 35.40183], [-100.90185, 35.4018], [-100.89932, 35.40178], [-100.89656, 35.40178], [-100.89432, 35.40138], [-100.89265, 35.40113], [-100.89173, 35.40102], [-100.8912, 35.40192], [-100.89097, 35.40193]]}, "properties": {"owner": "SOUTHWESTERN PUBLIC SERVICE CO.", "voltage_kv": 230.0}}, {"type": "Feature", "geometry": {"type": "LineString", "coordinates": [[-102.03871, 34.51959], [-102.03867, 34.51865], [-102.03871, 34.51635], [-102.03471, 34.51633], [-102.03516, 34.49432], [-102.02162, 34.49425], [-102.01793, 34.49308], [-102.01484, 34.48887], [-102.00044, 34.48599], [-101.93801, 34.48625], [-101.93808, 34.4563], [-101.91961, 34.44576], [-101.88365, 34.44616], [-101.85737, 34.4333], [-101.85348, 34.43046], [-101.81221, 34.43074], [-101.8123, 34.4193], [-101.81074, 34.41335], [-101.76717, 34.4138], [-101.74348, 34.41328], [-101.73506, 34.41149], [-101.72668, 34.41144], [-101.71409, 34.40526], [-101.68201, 34.40521], [-101.68042, 34.40419], [-101.64142, 34.40419], [-101.63742, 34.40514], [-101.58587, 34.40502], [-101.58389, 34.40421], [-101.54531, 34.40452], [-101.54112, 34.40516], [-101.51918, 34.40535], [-101.42849, 34.40607], [-101.42064, 34.40504], [-101.41637, 34.40507], [-101.4129, 34.40621], [-101.40049, 34.40614], [-101.40078, 34.43448], [-101.36479, 34.43466], [-101.36121, 34.43358], [-101.36099, 34.43282], [-101.35964, 34.43227]]}, "properties": {"owner": "SOUTHWESTERN PUBLIC SERVICE CO", "voltage_kv": 345.0}}, {"type": "Feature", "geometry": {"type": "LineString", "coordinates": [[-101.79515, 34.39868], [-101.79445, 34.3989], [-101.79441, 34.40011], [-101.7944, 34.40224], [-101.79441, 34.40416], [-101.7944, 34.40639], [-101.79443, 34.40855], [-101.79442, 34.41075], [-101.79442, 34.41295], [-101.79444, 34.41493], [-101.79443, 34.41691], [-101.7944, 34.4189], [-101.7944, 34.42086], [-101.79443, 34.42304], [-101.7944, 34.42525], [-101.79439, 34.42748], [-101.79438, 34.42959], [-101.7944, 34.43167], [-101.79438, 34.43377], [-101.79437, 34.43586], [-101.79439, 34.43794], [-101.79438, 34.44003], [-101.79437, 34.44218], [-101.79436, 34.44427], [-101.79438, 34.44642], [-101.79436, 34.44869], [-101.79433, 34.45061], [-101.79433, 34.45249], [-101.79436, 34.4544], [-101.79433, 34.45633], [-101.79428, 34.45845], [-101.79423, 34.46054], [-101.79417, 34.46266], [-101.7941, 34.46477], [-101.79402, 34.4669], [-101.79399, 34.469], [-101.79391, 34.47104], [-101.79389, 34.47327], [-101.79388, 34.47551], [-101.79389, 34.47774], [-101.79388, 34.47994], [-101.79386, 34.48213], [-101.79384, 34.48406], [-101.79429, 34.48569], [-101.79427, 34.48774], [-101.79425, 34.48983], [-101.79427, 34.4919], [-101.79424, 34.494], [-101.79423, 34.4961], [-101.79422, 34.49819], [-101.79424, 34.5002], [-101.79423, 34.5023], [-101.79424, 34.50439], [-101.79423, 34.50652], [-101.79425, 34.50861], [-101.79426, 34.51073], [-101.79427, 34.51285], [-101.79426, 34.51426], [-101.79431, 34.5155], [-101.79429, 34.51757], [-101.79427, 34.51932], [-101.79427, 34.52107], [-101.79428, 34.52322], [-101.79428, 34.52539], [-101.79428, 34.5275], [-101.79428, 34.52958], [-101.79429, 34.53166], [-101.79428, 34.53375], [-101.79425, 34.53584], [-101.79426, 34.538], [-101.79425, 34.54001], [-101.79424, 34.54209], [-101.7942, 34.5444], [-101.79419, 34.54601], [-101.7942, 34.54807], [-101.79418, 34.55015], [-101.79417, 34.55238], [-101.79417, 34.55459], [-101.79416, 34.55685], [-101.79414, 34.55889], [-101.79414, 34.56089], [-101.79414, 34.56305], [-101.79412, 34.56518], [-101.79396, 34.56725], [-101.79381, 34.56931], [-101.79364, 34.57142], [-101.79236, 34.57349], [-101.79238, 34.57581], [-101.79238, 34.578], [-101.79237, 34.58021], [-101.79314, 34.58187], [-101.7941, 34.58385], [-101.79411, 34.58604], [-101.79408, 34.58818], [-101.79408, 34.59024], [-101.79407, 34.59228], [-101.79409, 34.59437], [-101.79408, 34.59646], [-101.79407, 34.59853], [-101.79406, 34.6006], [-101.79408, 34.60268], [-101.79407, 34.60464], [-101.79406, 34.60685], [-101.79408, 34.60888], [-101.79408, 34.611], [-101.79406, 34.61314], [-101.79404, 34.61525], [-101.79406, 34.61732], [-101.79404, 34.61948], [-101.79404, 34.62168], [-101.79405, 34.62388], [-101.79406, 34.6259], [-101.79404, 34.62794], [-101.79404, 34.62998], [-101.79406, 34.63193], [-101.79405, 34.63388], [-101.79405, 34.63581], [-101.79405, 34.63795], [-101.79406, 34.64002], [-101.79409, 34.64211], [-101.79408, 34.64419], [-101.79409, 34.64635], [-101.79407, 34.64843], [-101.79408, 34.65052], [-101.79409, 34.65262], [-101.79408, 34.65472], [-101.79408, 34.65682], [-101.79408, 34.65893], [-101.79406, 34.66099], [-101.79407, 34.66311], [-101.79406, 34.66521], [-101.79401, 34.66733], [-101.79401, 34.66943], [-101.79402, 34.67152], [-101.794, 34.67362], [-101.79398, 34.67575], [-101.794, 34.67783], [-101.79399, 34.67993], [-101.79397, 34.68202], [-101.79395, 34.68414], [-101.79397, 34.68625], [-101.79395, 34.68837], [-101.79392, 34.69055], [-101.79395, 34.6927], [-101.79396, 34.69484], [-101.79398, 34.69698], [-101.79398, 34.69913], [-101.794, 34.70127], [-101.79402, 34.70342], [-101.79401, 34.7056], [-101.79402, 34.7078], [-101.79404, 34.70999], [-101.79405, 34.71219], [-101.79404, 34.71442], [-101.79405, 34.7167], [-101.79403, 34.71901], [-101.79402, 34.7212], [-101.794, 34.7234], [-101.79399, 34.72559], [-101.79399, 34.72781], [-101.79397, 34.73004], [-101.79397, 34.73223], [-101.79395, 34.73444], [-101.79394, 34.73655], [-101.79395, 34.73865], [-101.79396, 34.74074], [-101.79396, 34.74284], [-101.79395, 34.74495], [-101.79396, 34.74705], [-101.79398, 34.74912], [-101.79397, 34.75119], [-101.79395, 34.75326], [-101.79394, 34.75531], [-101.79394, 34.75737], [-101.79392, 34.75944], [-101.7939, 34.7615], [-101.79391, 34.76358], [-101.79388, 34.76567], [-101.79387, 34.76778], [-101.79385, 34.7699], [-101.79385, 34.77202], [-101.79383, 34.77417], [-101.79382, 34.77628], [-101.79382, 34.77836], [-101.79383, 34.78012], [-101.79379, 34.7819], [-101.79377, 34.78367], [-101.79374, 34.78547], [-101.79376, 34.78767], [-101.79374, 34.7899], [-101.79371, 34.79213], [-101.79369, 34.79423], [-101.79365, 34.79636], [-101.79361, 34.79853], [-101.79357, 34.80073], [-101.79356, 34.80291], [-101.79352, 34.8051], [-101.79347, 34.8073], [-101.79348, 34.80946], [-101.79348, 34.81164], [-101.79344, 34.81381], [-101.79343, 34.81595], [-101.79342, 34.81806], [-101.79341, 34.82018], [-101.79338, 34.8223], [-101.7934, 34.82446], [-101.7934, 34.82664], [-101.7934, 34.82881], [-101.79339, 34.83099], [-101.79341, 34.83315], [-101.79339, 34.83531], [-101.79343, 34.83747], [-101.79346, 34.83947], [-101.79347, 34.84144], [-101.79346, 34.84343], [-101.79346, 34.84541], [-101.79346, 34.8474], [-101.79348, 34.8497], [-101.79345, 34.85204], [-101.79344, 34.85423], [-101.79347, 34.85642], [-101.79346, 34.85862], [-101.79345, 34.86084], [-101.79347, 34.86307], [-101.79346, 34.86529], [-101.79346, 34.86753], [-101.79348, 34.86975], [-101.79351, 34.87195], [-101.7935, 34.87419], [-101.79352, 34.87644], [-101.79355, 34.87864], [-101.79358, 34.88087], [-101.79359, 34.88311], [-101.79358, 34.88524], [-101.79361, 34.88705], [-101.79362, 34.88947], [-101.79361, 34.89158], [-101.79363, 34.8937], [-101.79364, 34.89581], [-101.79364, 34.89793], [-101.79365, 34.90012], [-101.79368, 34.90232], [-101.79369, 34.90453], [-101.7937, 34.90678], [-101.79371, 34.90904], [-101.79373, 34.91128], [-101.79372, 34.91349], [-101.79373, 34.91565], [-101.79376, 34.91781], [-101.79378, 34.91998], [-101.79378, 34.92217], [-101.79381, 34.92432], [-101.7938, 34.9265], [-101.79381, 34.92859], [-101.79383, 34.93067], [-101.79384, 34.93273], [-101.79385, 34.93481], [-101.79386, 34.93689], [-101.79386, 34.93896], [-101.79388, 34.94104], [-101.79388, 34.94313], [-101.79389, 34.94525], [-101.79389, 34.94734], [-101.79391, 34.94944], [-101.79392, 34.95155], [-101.79393, 34.95365], [-101.79396, 34.95575], [-101.79396, 34.95787], [-101.79397, 34.95998], [-101.79399, 34.96211], [-101.794, 34.96421], [-101.79402, 34.96633], [-101.79403, 34.96845], [-101.79404, 34.9706], [-101.79404, 34.97273], [-101.79404, 34.97487], [-101.79407, 34.97699], [-101.79409, 34.97912], [-101.7941, 34.98126], [-101.79411, 34.98338], [-101.79414, 34.98549], [-101.79415, 34.98756], [-101.79417, 34.98962], [-101.79417, 34.99171], [-101.79419, 34.9938], [-101.7942, 34.9959], [-101.79421, 34.99798], [-101.79372, 34.99977], [-101.79379, 35.0019], [-101.79378, 35.0041], [-101.7938, 35.00628], [-101.79381, 35.00845], [-101.79383, 35.01063], [-101.79384, 35.01286], [-101.79385, 35.01503], [-101.79387, 35.01723], [-101.79388, 35.01943], [-101.79389, 35.02162], [-101.7939, 35.02382], [-101.79391, 35.02601], [-101.79392, 35.02821], [-101.79394, 35.0304], [-101.79396, 35.03261], [-101.79397, 35.03479], [-101.79398, 35.03691], [-101.79399, 35.03912], [-101.79401, 35.04132], [-101.79402, 35.04351], [-101.79403, 35.04572], [-101.79403, 35.04792], [-101.79404, 35.05011], [-101.79402, 35.05154], [-101.7945, 35.05219], [-101.79452, 35.05367], [-101.79448, 35.05587], [-101.79452, 35.05816], [-101.79452, 35.06001], [-101.79453, 35.06193], [-101.79453, 35.06404], [-101.79456, 35.06602], [-101.79456, 35.06819], [-101.79457, 35.0704], [-101.79455, 35.07255], [-101.79493, 35.07418], [-101.79532, 35.07558], [-101.79536, 35.07684], [-101.79369, 35.07685], [-101.7917, 35.07686], [-101.7897, 35.07687], [-101.78736, 35.07687], [-101.78468, 35.07686], [-101.78201, 35.07687], [-101.77973, 35.07689], [-101.77878, 35.07901], [-101.77778, 35.08115], [-101.77781, 35.08311], [-101.77782, 35.0853], [-101.77781, 35.08722], [-101.77782, 35.08921], [-101.77782, 35.09119], [-101.77782, 35.09332], [-101.77783, 35.0954], [-101.77782, 35.09748], [-101.77783, 35.09941], [-101.77783, 35.10152], [-101.77786, 35.10364], [-101.77754, 35.106], [-101.77757, 35.1079], [-101.77757, 35.10997], [-101.77756, 35.1115], [-101.78006, 35.11175], [-101.78221, 35.11175], [-101.78433, 35.11176], [-101.78644, 35.11175], [-101.78865, 35.1104], [-101.79109, 35.1104], [-101.79351, 35.11039], [-101.79591, 35.1104], [-101.7959, 35.10825], [-101.79589, 35.10602], [-101.7986, 35.10601], [-101.80128, 35.106], [-101.80395, 35.10599], [-101.80662, 35.10599], [-101.80925, 35.10599], [-101.81193, 35.10598], [-101.81363, 35.10595], [-101.81588, 35.10595], [-101.81829, 35.10595], [-101.8207, 35.10594], [-101.8231, 35.10576], [-101.8255, 35.10559], [-101.82817, 35.10559], [-101.83064, 35.10559], [-101.83314, 35.10559], [-101.83564, 35.10559], [-101.83812, 35.10558], [-101.84064, 35.10571], [-101.84313, 35.1057], [-101.84563, 35.10569], [-101.84808, 35.10567], [-101.84808, 35.10468], [-101.84807, 35.10348], [-101.84807, 35.10226], [-101.84806, 35.1011], [-101.84806, 35.09992], [-101.84806, 35.0987], [-101.85034, 35.09871], [-101.85259, 35.09869], [-101.85485, 35.0987], [-101.8571, 35.09869], [-101.85933, 35.09869], [-101.86154, 35.09869], [-101.8638, 35.09869], [-101.86391, 35.0997]]}, "properties": {"owner": "SOUTHWESTERN PUBLIC SERVICE CO", "voltage_kv": 230.0}}, {"type": "Feature", "geometry": {"type": "LineString", "coordinates": [[-101.74726, 35.29645], [-101.74624, 35.29611], [-101.74602, 35.29521], [-101.74356, 35.29521], [-101.74354, 35.29681], [-101.74355, 35.29882], [-101.74353, 35.30083], [-101.74352, 35.30288], [-101.74351, 35.30491], [-101.74352, 35.30688], [-101.7435, 35.30887], [-101.7435, 35.31084], [-101.74349, 35.31303], [-101.74343, 35.31505], [-101.74343, 35.31704], [-101.74346, 35.31863], [-101.74295, 35.32074], [-101.74244, 35.32271], [-101.74198, 35.32459], [-101.74155, 35.32639], [-101.74113, 35.32815], [-101.7406, 35.3303], [-101.74013, 35.33226], [-101.73968, 35.33416], [-101.7392, 35.33617], [-101.73874, 35.33805], [-101.73824, 35.34007], [-101.73774, 35.34215], [-101.73722, 35.34431], [-101.73674, 35.34627], [-101.73625, 35.34829], [-101.73575, 35.35036], [-101.73526, 35.35247], [-101.73476, 35.35451], [-101.73425, 35.35667], [-101.73371, 35.35883], [-101.73322, 35.36086], [-101.73269, 35.36308], [-101.73217, 35.36523], [-101.73166, 35.36739], [-101.73113, 35.3696], [-101.73054, 35.37197], [-101.72996, 35.37434], [-101.72944, 35.3765], [-101.72893, 35.37862], [-101.72838, 35.38096], [-101.7279, 35.38295], [-101.72735, 35.38526], [-101.72688, 35.3871], [-101.72636, 35.3893], [-101.72587, 35.39133], [-101.72536, 35.39344], [-101.72486, 35.39553], [-101.72436, 35.39758], [-101.72377, 35.40003], [-101.72327, 35.40226], [-101.72209, 35.40369], [-101.72079, 35.40531], [-101.71925, 35.40723], [-101.71766, 35.4092], [-101.7161, 35.41117], [-101.71455, 35.41312], [-101.71326, 35.41469], [-101.71167, 35.41669], [-101.7102, 35.41853], [-101.70942, 35.41949], [-101.70796, 35.42137], [-101.70622, 35.42349], [-101.70451, 35.42562], [-101.7033, 35.42716], [-101.70194, 35.42884], [-101.70032, 35.43088], [-101.69882, 35.43273], [-101.69731, 35.4346], [-101.69627, 35.43594], [-101.69479, 35.43777], [-101.69343, 35.43949], [-101.69197, 35.44133], [-101.69055, 35.4431], [-101.68902, 35.445], [-101.68755, 35.44684], [-101.68606, 35.44868], [-101.68464, 35.45046], [-101.68313, 35.45233], [-101.68168, 35.45419], [-101.68034, 35.45587], [-101.67859, 35.45801], [-101.67733, 35.45949], [-101.67577, 35.46146], [-101.67398, 35.46379], [-101.67267, 35.4654], [-101.6713, 35.46737], [-101.67004, 35.46867], [-101.66752, 35.4718], [-101.66626, 35.47339], [-101.66487, 35.47515], [-101.6641, 35.47613], [-101.66254, 35.47804], [-101.66103, 35.47989], [-101.65956, 35.48173], [-101.6581, 35.48356], [-101.65668, 35.48533], [-101.65521, 35.48717], [-101.65373, 35.48901], [-101.65239, 35.49068], [-101.65092, 35.49252], [-101.64948, 35.49432], [-101.64809, 35.49606], [-101.64678, 35.49769], [-101.64548, 35.49931], [-101.64406, 35.50109], [-101.64276, 35.50272], [-101.64139, 35.5044], [-101.63994, 35.50624], [-101.6386, 35.50791], [-101.63717, 35.50967], [-101.63584, 35.51133], [-101.63436, 35.51318], [-101.63294, 35.51495], [-101.63148, 35.51676], [-101.63008, 35.5185], [-101.62865, 35.5203], [-101.62718, 35.52212], [-101.62586, 35.52377], [-101.62442, 35.52559], [-101.6232, 35.52709], [-101.62166, 35.52901], [-101.62021, 35.53083], [-101.61843, 35.53302], [-101.61715, 35.53463], [-101.6158, 35.53635], [-101.61431, 35.53817], [-101.61299, 35.53979], [-101.61189, 35.54117], [-101.61044, 35.543], [-101.609, 35.54479], [-101.60812, 35.54587], [-101.60688, 35.54735], [-101.60563, 35.54894], [-101.60413, 35.5508], [-101.60282, 35.55243], [-101.60146, 35.55413], [-101.59997, 35.55597], [-101.59858, 35.55772], [-101.59724, 35.55938], [-101.59577, 35.56121], [-101.59435, 35.56296], [-101.59306, 35.56457], [-101.59172, 35.56625], [-101.59049, 35.56778], [-101.58915, 35.56944], [-101.58785, 35.57106], [-101.58649, 35.57276], [-101.58509, 35.5745], [-101.5838, 35.57613], [-101.58185, 35.57703], [-101.57978, 35.57801], [-101.57771, 35.57897], [-101.57587, 35.57984], [-101.57341, 35.581], [-101.57211, 35.5816], [-101.56961, 35.58278], [-101.56728, 35.58388], [-101.56495, 35.58497], [-101.56261, 35.58607], [-101.56028, 35.58717], [-101.55796, 35.58826], [-101.55557, 35.58938], [-101.55317, 35.5905], [-101.55106, 35.5915], [-101.54893, 35.5925], [-101.54689, 35.59345], [-101.54465, 35.5945], [-101.54288, 35.59533], [-101.54111, 35.59616], [-101.53931, 35.597], [-101.53709, 35.59806], [-101.53491, 35.59906], [-101.53302, 35.59995], [-101.53066, 35.60106], [-101.52825, 35.60221], [-101.52651, 35.60301], [-101.52481, 35.60382], [-101.5227, 35.6048], [-101.52066, 35.60575], [-101.51804, 35.60699], [-101.51541, 35.60822], [-101.51337, 35.60918], [-101.51105, 35.61027], [-101.5093, 35.61109], [-101.5072, 35.61207], [-101.50476, 35.6132], [-101.50268, 35.61418], [-101.50026, 35.61533], [-101.49823, 35.6163], [-101.496, 35.61734], [-101.49368, 35.61842], [-101.49105, 35.61961], [-101.48978, 35.62023], [-101.48812, 35.62104]]}, "properties": {"owner": "SOUTHWESTERN PUBLIC SERVICE CO.", "voltage_kv": 230.0}}, {"type": "Feature", "geometry": {"type": "LineString", "coordinates": [[-101.92262, 35.31029], [-101.92203, 35.30948], [-101.92193, 35.30888], [-101.92166, 35.30652], [-101.9214, 35.30416], [-101.92114, 35.3018], [-101.92087, 35.29942], [-101.92087, 35.29746], [-101.92088, 35.29548], [-101.92088, 35.29351], [-101.92089, 35.29153], [-101.92085, 35.28987], [-101.92255, 35.28967], [-101.92396, 35.28951], [-101.92625, 35.28925], [-101.92839, 35.28896], [-101.93022, 35.28875], [-101.93213, 35.28853], [-101.93391, 35.28831], [-101.93565, 35.2881], [-101.9374, 35.28789], [-101.93932, 35.28766], [-101.94136, 35.28743], [-101.9427, 35.28725], [-101.94481, 35.28701], [-101.94724, 35.28671], [-101.94941, 35.28646], [-101.95162, 35.28619], [-101.95372, 35.28595], [-101.95617, 35.28565], [-101.95868, 35.28537], [-101.96074, 35.28482], [-101.96309, 35.28422], [-101.96533, 35.28364], [-101.96759, 35.28306], [-101.96985, 35.2825], [-101.97223, 35.28189], [-101.97467, 35.28128], [-101.97727, 35.2806], [-101.97986, 35.27992], [-101.9826, 35.27922], [-101.98482, 35.27867], [-101.98674, 35.27816], [-101.98913, 35.27755], [-101.9915, 35.27694], [-101.994, 35.2763], [-101.99628, 35.27571], [-101.99865, 35.2751], [-102.00108, 35.27447], [-102.00338, 35.27388], [-102.0057, 35.27328], [-102.00794, 35.2727], [-102.01012, 35.27218], [-102.01184, 35.27098], [-102.01398, 35.26955], [-102.01583, 35.26832], [-102.01781, 35.26699], [-102.01989, 35.26561], [-102.02176, 35.26436], [-102.02357, 35.26314], [-102.0255, 35.26186], [-102.02765, 35.26042], [-102.02948, 35.2592], [-102.03151, 35.25784], [-102.03337, 35.25659], [-102.03539, 35.25523], [-102.03752, 35.25385], [-102.03938, 35.25261], [-102.04136, 35.25128], [-102.04328, 35.25], [-102.04529, 35.24866], [-102.04625, 35.248], [-102.04726, 35.24733], [-102.04919, 35.24604], [-102.05083, 35.24494], [-102.05262, 35.24374], [-102.05428, 35.24264], [-102.05622, 35.24133], [-102.05811, 35.24007], [-102.05968, 35.23902], [-102.06179, 35.23762], [-102.0637, 35.23633], [-102.06557, 35.23509], [-102.06724, 35.23396], [-102.0684, 35.23323], [-102.06967, 35.23198], [-102.07129, 35.23044], [-102.0729, 35.2289], [-102.07457, 35.22732], [-102.07624, 35.22572], [-102.07779, 35.22425], [-102.0793, 35.22281], [-102.08083, 35.22136], [-102.08231, 35.21997], [-102.08402, 35.21833], [-102.08588, 35.21655], [-102.08733, 35.21518], [-102.0892, 35.21341], [-102.09134, 35.2114], [-102.0926, 35.21017], [-102.09451, 35.20834], [-102.0961, 35.20684], [-102.09739, 35.20561], [-102.09855, 35.20452], [-102.0994, 35.20369], [-102.09938, 35.20274], [-102.0994, 35.20168], [-102.09941, 35.19953], [-102.09942, 35.19745], [-102.09943, 35.19511], [-102.09943, 35.19312], [-102.09942, 35.19181], [-102.09943, 35.19017], [-102.09943, 35.18839], [-102.09945, 35.1866], [-102.09945, 35.1848], [-102.09946, 35.18301], [-102.09946, 35.1812], [-102.09946, 35.1792], [-102.09947, 35.17703], [-102.09947, 35.17476], [-102.09948, 35.17265], [-102.09949, 35.1707], [-102.09947, 35.16873], [-102.09949, 35.16674], [-102.09949, 35.16477], [-102.0995, 35.16283], [-102.09952, 35.16084], [-102.09953, 35.1588], [-102.09952, 35.15683], [-102.09954, 35.15487], [-102.09954, 35.15288], [-102.09954, 35.15089], [-102.09954, 35.14895], [-102.09954, 35.14784], [-102.09919, 35.14785], [-102.09853, 35.14778]]}, "properties": {"owner": "SOUTHWESTERN PUBLIC SERVICE CO.", "voltage_kv": 230.0}}, {"type": "Feature", "geometry": {"type": "LineString", "coordinates": [[-102.29824, 34.77301], [-102.30389, 34.77308], [-102.30456, 34.77353]]}, "properties": {"owner": "DEAF SMITH ELECTRIC COOP, INC", "voltage_kv": 345.0}}, {"type": "Feature", "geometry": {"type": "LineString", "coordinates": [[-99.77397, 33.9444], [-99.7751, 33.94517], [-99.77598, 33.94515], [-99.77597, 33.94749], [-99.75742, 33.94731], [-99.74238, 33.94734], [-99.72818, 33.94782], [-99.71525, 33.94827], [-99.67145, 33.94788], [-99.67139, 33.95488], [-99.66648, 33.96705], [-99.6661, 33.98943], [-99.67602, 34.0562], [-99.69352, 34.17416], [-99.69471, 34.18309], [-99.69929, 34.22516], [-99.8287, 34.2278], [-99.84671, 34.22818], [-99.84606, 34.25722], [-99.91801, 34.25855], [-99.9167, 34.3104], [-100.00757, 34.33441], [-100.03006, 34.34043], [-100.06765, 34.35024], [-100.08395, 34.35711], [-100.08329, 34.37323], [-100.08573, 34.3733], [-100.08701, 34.37378]]}, "properties": {"owner": "SOUTH PLAINS ELECTRIC COOP INC", "voltage_kv": 345.0}}, {"type": "Feature", "geometry": {"type": "LineString", "coordinates": [[-101.35964, 34.43227], [-101.36107, 34.43275], [-101.36129, 34.4335], [-101.36481, 34.43456], [-101.40068, 34.43438], [-101.40039, 34.40604], [-101.41288, 34.40611], [-101.41635, 34.40497], [-101.42065, 34.40494], [-101.4285, 34.40597], [-101.51918, 34.40525], [-101.54111, 34.40506], [-101.5453, 34.40442], [-101.58391, 34.40411], [-101.58588, 34.40492], [-101.63741, 34.40504], [-101.64141, 34.40409], [-101.68045, 34.40409], [-101.68204, 34.40511], [-101.71412, 34.40516], [-101.7267, 34.41134], [-101.73507, 34.41139], [-101.7435, 34.41318], [-101.76717, 34.4137], [-101.81082, 34.41325], [-101.8124, 34.41929], [-101.81231, 34.43064], [-101.85351, 34.43036], [-101.85742, 34.43322], [-101.88368, 34.44606], [-101.91963, 34.44566], [-101.93818, 34.45624], [-101.93811, 34.48615], [-102.00045, 34.48589], [-102.0149, 34.48878], [-102.01799, 34.49299], [-102.02163, 34.49415], [-102.03526, 34.49422], [-102.03481, 34.51623], [-102.03881, 34.51625], [-102.03877, 34.51863], [-102.03871, 34.51959]]}, "properties": {"owner": "SOUTHWESTERN PUBLIC SERVICE CO", "voltage_kv": 345.0}}, {"type": "Feature", "geometry": {"type": "LineString", "coordinates": [[-101.35945, 35.25489], [-101.35982, 35.25441], [-101.35966, 35.25173], [-101.35523, 35.25188], [-101.30654, 35.25195], [-101.30058, 35.25432], [-101.28594, 35.2545], [-101.27556, 35.26101], [-101.27556, 35.28038], [-101.27478, 35.283], [-101.27468, 35.2974], [-101.22995, 35.29779], [-101.2268, 35.29841], [-101.21858, 35.2985], [-101.18882, 35.29864], [-101.18687, 35.29993], [-101.18669, 35.32619], [-101.18148, 35.33252], [-101.17028, 35.35155], [-101.16681, 35.35634], [-101.15032, 35.3565], [-101.15028, 35.37944], [-101.15007, 35.40001], [-101.15005, 35.4012], [-101.14353, 35.40067], [-101.10082, 35.40118], [-101.02743, 35.40154], [-100.97636, 35.40186], [-100.97056, 35.40102], [-100.93205, 35.40108], [-100.89609, 35.40128], [-100.88753, 35.39984], [-100.88538, 35.40046], [-100.82861, 35.39132], [-100.81632, 35.39087], [-100.81662, 35.40574], [-100.81972, 35.40571], [-100.81984, 35.40751]]}, "properties": {"owner": "SOUTHWESTERN PUBLIC SERVICE CO.", "voltage_kv": 345.0}}, {"type": "Feature", "geometry": {"type": "LineString", "coordinates": [[-101.93722, 35.25084], [-101.9376, 35.25089], [-101.93882, 35.25088], [-101.93882, 35.25394], [-101.93881, 35.25532], [-101.93884, 35.25642], [-101.93884, 35.25789], [-101.93885, 35.25937], [-101.93885, 35.2608], [-101.93885, 35.26218], [-101.93885, 35.26356], [-101.93887, 35.26495], [-101.93887, 35.26629], [-101.93885, 35.26766], [-101.93885, 35.26904], [-101.93884, 35.27042], [-101.93883, 35.27178], [-101.93883, 35.27316], [-101.93882, 35.27453], [-101.93882, 35.27591], [-101.93881, 35.27728], [-101.93879, 35.27865], [-101.93879, 35.28003], [-101.93881, 35.2814], [-101.93883, 35.28276], [-101.93884, 35.28415], [-101.93885, 35.28538], [-101.93887, 35.28663], [-101.93888, 35.28775], [-101.9374, 35.28792], [-101.93566, 35.28814], [-101.93391, 35.28835], [-101.93214, 35.28857], [-101.93022, 35.28879], [-101.9284, 35.289], [-101.92626, 35.28929], [-101.92396, 35.28955], [-101.92256, 35.2897], [-101.9209, 35.28991], [-101.91986, 35.29002], [-101.9177, 35.29028], [-101.9158, 35.29051], [-101.91395, 35.29073], [-101.91168, 35.291], [-101.90966, 35.29124], [-101.90751, 35.29151], [-101.90547, 35.29175], [-101.90379, 35.29195], [-101.9021, 35.29215], [-101.9004, 35.29236], [-101.89872, 35.29255], [-101.8963, 35.29284], [-101.8946, 35.29305], [-101.89278, 35.29326], [-101.89044, 35.29353], [-101.88822, 35.2938], [-101.8862, 35.29404], [-101.88462, 35.29423], [-101.88293, 35.29424], [-101.88102, 35.29425], [-101.8792, 35.29426], [-101.8767, 35.29428], [-101.87466, 35.29429], [-101.87256, 35.2943], [-101.87051, 35.2943], [-101.86847, 35.29431], [-101.86642, 35.29431], [-101.86427, 35.29431], [-101.862, 35.29432], [-101.85963, 35.29432], [-101.85744, 35.29432], [-101.85516, 35.29433], [-101.85281, 35.29434], [-101.85057, 35.29434], [-101.84861, 35.29433], [-101.84693, 35.29434], [-101.84503, 35.29433], [-101.84288, 35.29432], [-101.84256, 35.29545], [-101.84227, 35.29571], [-101.84192, 35.29566], [-101.84115, 35.29565]]}, "properties": {"owner": "SOUTHWESTERN PUBLIC SERVICE CO.", "voltage_kv": 230.0}}, {"type": "Feature", "geometry": {"type": "LineString", "coordinates": [[-100.08701, 34.37378], [-100.08822, 34.37426], [-100.0915, 34.3744], [-100.09109, 34.38533], [-100.10293, 34.38806], [-100.16076, 34.40174], [-100.17892, 34.4085], [-100.17862, 34.41931], [-100.17728, 34.45204], [-100.1767, 34.46621], [-100.221, 34.46745], [-100.22246, 34.46874], [-100.2168, 34.49652], [-100.21648, 34.50073], [-100.20426, 34.56179], [-100.20215, 34.56415], [-100.1968, 34.57298], [-100.19775, 34.58498], [-100.19864, 34.5868], [-100.20274, 34.64818], [-100.20445, 34.67292], [-100.20538, 34.68484], [-100.2047, 34.68669], [-100.20481, 34.6935], [-100.20595, 34.70351], [-100.20694, 34.71731], [-100.2069, 34.72516], [-100.20774, 34.72792], [-100.20913, 34.7433], [-100.209, 34.76285], [-100.20894, 34.81964], [-100.25785, 34.81969], [-100.25778, 34.83983], [-100.25839, 34.84175], [-100.25802, 34.8852], [-100.25779, 34.90696], [-100.25722, 34.90943], [-100.25714, 34.91819], [-100.25698, 34.9365], [-100.26607, 34.93654], [-100.27424, 34.95357], [-100.27394, 34.96328], [-100.27444, 34.96522], [-100.2743, 34.9994], [-100.27362, 35.00131], [-100.27349, 35.03794], [-100.29107, 35.03789], [-100.2909, 35.07229], [-100.29093, 35.08507], [-100.29084, 35.08989], [-100.29017, 35.09537], [-100.29017, 35.1129], [-100.27343, 35.13943], [-100.27337, 35.1446], [-100.27306, 35.16657], [-100.27244, 35.16848], [-100.27216, 35.19771], [-100.28124, 35.19773], [-100.28096, 35.21951], [-100.30525, 35.21952], [-100.30757, 35.21966], [-100.30728, 35.26926], [-100.31661, 35.27307], [-100.33635, 35.277], [-100.3421, 35.27804], [-100.36892, 35.28504], [-100.39909, 35.2919], [-100.41418, 35.30198], [-100.41411, 35.32066], [-100.44449, 35.32076], [-100.48543, 35.34228], [-100.48559, 35.35723], [-100.50357, 35.35723], [-100.51237, 35.36458], [-100.5122, 35.37145], [-100.55495, 35.37144], [-100.6101, 35.37144], [-100.62164, 35.37064], [-100.62751, 35.37029], [-100.66309, 35.3702], [-100.68269, 35.37148], [-100.69929, 35.37147], [-100.8159, 35.38855], [-100.81618, 35.40699], [-100.81849, 35.40707], [-100.81984, 35.40751]]}, "properties": {"owner": "GREENBELT ELECTRIC COOP, INC", "voltage_kv": 345.0}}, {"type": "Feature", "geometry": {"type": "LineString", "coordinates": [[-101.35945, 35.25489], [-101.3593, 35.25569], [-101.35915, 35.25856], [-101.35503, 35.2586], [-101.34664, 35.25865], [-101.34666, 35.23838], [-101.34704, 35.23547], [-101.3475, 35.21921], [-101.34727, 35.18734], [-101.34714, 35.16833], [-101.34354, 35.16301], [-101.32928, 35.16306], [-101.32869, 35.13446], [-101.3285, 35.12192], [-101.3282, 35.09729], [-101.32789, 35.07853], [-101.32715, 35.07212], [-101.32704, 35.06776], [-101.3262, 35.04578], [-101.30937, 35.01744], [-101.30895, 34.96451], [-101.30867, 34.94219], [-101.30754, 34.93907], [-101.30735, 34.90066], [-101.27244, 34.90085], [-101.27197, 34.87902], [-101.28131, 34.8621], [-101.28405, 34.85484], [-101.29711, 34.84351], [-101.30789, 34.83882], [-101.31087, 34.83082], [-101.31337, 34.81993], [-101.31502, 34.81604], [-101.31801, 34.8113], [-101.3191, 34.80862], [-101.33264, 34.80931], [-101.33496, 34.8016], [-101.33261, 34.79547], [-101.33057, 34.79167], [-101.32895, 34.7862], [-101.33983, 34.77418], [-101.32904, 34.76114], [-101.3195, 34.75246], [-101.31536, 34.74725], [-101.31283, 34.74404], [-101.31222, 34.73219], [-101.29172, 34.72292], [-101.29434, 34.7167], [-101.29126, 34.71191], [-101.30442, 34.69672], [-101.3032, 34.68275], [-101.30499, 34.66382], [-101.31769, 34.6581], [-101.3261, 34.651], [-101.33353, 34.64614], [-101.35465, 34.62861], [-101.35794, 34.62691], [-101.36236, 34.6189], [-101.36362, 34.61621], [-101.36452, 34.61135], [-101.36442, 34.60499], [-101.36604, 34.59575], [-101.37492, 34.58188], [-101.37293, 34.57498], [-101.3684, 34.57047], [-101.36621, 34.55227], [-101.36598, 34.52537], [-101.36535, 34.52219], [-101.36522, 34.50613], [-101.36483, 34.44038], [-101.3648, 34.43673], [-101.36481, 34.43504], [-101.36061, 34.43365], [-101.36051, 34.43281], [-101.35964, 34.43227]]}, "properties": {"owner": "SOUTHWESTERN PUBLIC SERVICE CO", "voltage_kv": 345.0}}, {"type": "Feature", "geometry": {"type": "LineString", "coordinates": [[-101.74531, 35.28353], [-101.74642, 35.28336]]}, "properties": {"owner": "SOUTHWESTERN PUBLIC SERVICE CO.", "voltage_kv": 230.0}}, {"type": "Feature", "geometry": {"type": "LineString", "coordinates": [[-101.35945, 35.25489], [-101.36037, 35.25556], [-101.36034, 35.25671], [-101.36066, 35.25854], [-101.36377, 35.25858], [-101.38222, 35.26582], [-101.41672, 35.28828], [-101.43531, 35.31832], [-101.43542, 35.3542], [-101.52328, 35.35333], [-101.52333, 35.3608], [-101.54615, 35.36052], [-101.55243, 35.36772], [-101.61739, 35.36704], [-101.61871, 35.3602], [-101.64883, 35.36003], [-101.68587, 35.37364], [-101.70685, 35.36678], [-101.76709, 35.36678], [-101.81203, 35.36685], [-101.84895, 35.36681], [-101.8664, 35.35235], [-101.88446, 35.35241], [-101.89954, 35.35396], [-101.90261, 35.3543], [-101.91151, 35.3543], [-101.91629, 35.3543], [-101.95129, 35.35311], [-101.98649, 35.35271], [-102.04563, 35.31789], [-102.05051, 35.31499], [-102.04975, 35.31406], [-102.05015, 35.31361]]}, "properties": {"owner": "SOUTHWESTERN PUBLIC SERVICE CO.", "voltage_kv": 345.0}}, {"type": "Feature", "geometry": {"type": "LineString", "coordinates": [[-102.7103, 35.29718], [-102.65583, 35.29669], [-102.60374, 35.28373], [-102.58275, 35.28347], [-102.58264, 35.27749], [-102.5531, 35.26918], [-102.44327, 35.2676], [-102.44333, 35.2827], [-102.43689, 35.28265], [-102.4348, 35.28215], [-102.43282, 35.28256], [-102.42358, 35.28241], [-102.40636, 35.28223], [-102.37881, 35.31241], [-102.36163, 35.34758], [-102.32807, 35.3471], [-102.25188, 35.34602], [-102.2497, 35.34598], [-102.20844, 35.35031], [-102.19981, 35.35169], [-102.17694, 35.35174], [-102.16778, 35.35754], [-102.15688, 35.36496], [-102.15152, 35.36732], [-102.04488, 35.36722], [-102.04488, 35.31903], [-102.05154, 35.31526], [-102.05015, 35.31361]]}, "properties": {"owner": "RITA BLANCA ELECTRIC COOP, INC", "voltage_kv": 345.0}}, {"type": "Feature", "geometry": {"type": "LineString", "coordinates": [[-101.35964, 34.43227], [-101.36023, 34.43286], [-101.36034, 34.43371], [-101.36471, 34.43511], [-101.3647, 34.43673], [-101.36473, 34.44038], [-101.36512, 34.50613], [-101.36525, 34.5222], [-101.36588, 34.52538], [-101.36611, 34.55228], [-101.3683, 34.57052], [-101.37284, 34.57503], [-101.37481, 34.58187], [-101.36594, 34.59572], [-101.36432, 34.60498], [-101.36442, 34.61134], [-101.36352, 34.61618], [-101.36227, 34.61886], [-101.35786, 34.62684], [-101.3546, 34.62853], [-101.33347, 34.64606], [-101.32604, 34.65092], [-101.31763, 34.65801], [-101.3049, 34.66375], [-101.3031, 34.68275], [-101.30432, 34.69668], [-101.29114, 34.7119], [-101.29423, 34.71671], [-101.29159, 34.72298], [-101.31213, 34.73225], [-101.31274, 34.74408], [-101.31528, 34.74731], [-101.31943, 34.75253], [-101.32897, 34.76121], [-101.33969, 34.77417], [-101.32883, 34.78617], [-101.33048, 34.79171], [-101.33252, 34.79552], [-101.33485, 34.80161], [-101.33257, 34.80921], [-101.31903, 34.80852], [-101.31792, 34.81125], [-101.31493, 34.81599], [-101.31327, 34.8199], [-101.31078, 34.83079], [-101.30782, 34.83874], [-101.29705, 34.84342], [-101.28396, 34.85478], [-101.28122, 34.86206], [-101.27187, 34.87899], [-101.27234, 34.90095], [-101.30725, 34.90076], [-101.30744, 34.93909], [-101.30857, 34.94221], [-101.30885, 34.96451], [-101.30927, 35.01747], [-101.3261, 35.04581], [-101.32694, 35.06776], [-101.32705, 35.07213], [-101.32779, 35.07854], [-101.3281, 35.09729], [-101.3284, 35.12192], [-101.32859, 35.13446], [-101.32918, 35.16316], [-101.34348, 35.16311], [-101.34704, 35.16836], [-101.34717, 35.18735], [-101.3474, 35.21921], [-101.34694, 35.23546], [-101.34656, 35.23838], [-101.34654, 35.25875], [-101.35503, 35.2587], [-101.35931, 35.25875], [-101.3599, 35.2563], [-101.35984, 35.2556], [-101.35945, 35.25489]]}, "properties": {"owner": "SOUTHWESTERN PUBLIC SERVICE CO", "voltage_kv": 345.0}}, {"type": "Feature", "geometry": {"type": "LineString", "coordinates": [[-101.43993, 35.63163], [-101.4405, 35.63132], [-101.44303, 35.63131], [-101.44538, 35.63129], [-101.44773, 35.63129], [-101.45009, 35.63128], [-101.45247, 35.63126], [-101.45517, 35.63126], [-101.45798, 35.63126], [-101.46098, 35.63124], [-101.46386, 35.63122], [-101.46636, 35.63123], [-101.46867, 35.63013], [-101.47099, 35.62904], [-101.47332, 35.62795], [-101.47565, 35.62686], [-101.47798, 35.62577], [-101.48009, 35.62478], [-101.48227, 35.62375], [-101.48452, 35.62271], [-101.48687, 35.62162], [-101.48812, 35.62104]]}, "properties": {"owner": "SOUTHWESTERN PUBLIC SERVICE CO.", "voltage_kv": 230.0}}, {"type": "Feature", "geometry": {"type": "LineString", "coordinates": [[-101.35945, 35.25489], [-101.35933, 35.25442], [-101.35938, 35.25324], [-101.35943, 35.25198], [-101.35523, 35.25198], [-101.30656, 35.25205], [-101.3006, 35.25442], [-101.28597, 35.2546], [-101.27566, 35.26106], [-101.27566, 35.2804], [-101.27487, 35.28302], [-101.27478, 35.2975], [-101.22996, 35.29789], [-101.22681, 35.29851], [-101.21858, 35.2986], [-101.18885, 35.29874], [-101.18697, 35.29998], [-101.18679, 35.32622], [-101.18156, 35.33258], [-101.17037, 35.35161], [-101.16686, 35.35644], [-101.15042, 35.3566], [-101.15038, 35.37944], [-101.15017, 35.40002], [-101.15043, 35.40095], [-101.15371, 35.40097], [-101.1537, 35.40167], [-101.15387, 35.40231]]}, "properties": {"owner": "SOUTHWESTERN PUBLIC SERVICE CO.", "voltage_kv": 345.0}}, {"type": "Feature", "geometry": {"type": "LineString", "coordinates": [[-101.15387, 35.40231], [-101.15407, 35.40061], [-101.18383, 35.40038], [-101.18383, 35.39956], [-101.20204, 35.39947], [-101.20628, 35.3997], [-101.23767, 35.39935], [-101.23795, 35.41348], [-101.25228, 35.41385], [-101.25651, 35.41387], [-101.25656, 35.41438], [-101.25634, 35.41485]]}, "properties": {"owner": "SOUTHWESTERN PUBLIC SERVICE CO.", "voltage_kv": 345.0}}, {"type": "Feature", "geometry": {"type": "LineString", "coordinates": [[-101.92262, 35.31029], [-101.92388, 35.31092], [-101.92384, 35.31213], [-101.92382, 35.31471], [-101.92381, 35.31735], [-101.9238, 35.3197], [-101.92378, 35.32155], [-101.9238, 35.32363], [-101.92378, 35.32623], [-101.92375, 35.32882], [-101.92373, 35.33239], [-101.92372, 35.33478], [-101.92369, 35.33764], [-101.927, 35.33769], [-101.93071, 35.33775], [-101.93339, 35.33777], [-101.93606, 35.3378], [-101.93928, 35.33784], [-101.93928, 35.34028], [-101.93928, 35.34328], [-101.93928, 35.34614], [-101.93928, 35.34961], [-101.93929, 35.35251], [-101.93928, 35.35558], [-101.93928, 35.35918], [-101.93927, 35.36192], [-101.93925, 35.36541], [-101.93927, 35.36853], [-101.93925, 35.37116], [-101.93925, 35.37378], [-101.93924, 35.37656], [-101.93922, 35.37941], [-101.93921, 35.38264], [-101.93918, 35.38551], [-101.93918, 35.38907], [-101.93917, 35.39162], [-101.93916, 35.39419], [-101.93914, 35.39707], [-101.93913, 35.39995], [-101.93912, 35.40273], [-101.93911, 35.40538], [-101.9393, 35.40766], [-101.93952, 35.41044], [-101.93972, 35.41305], [-101.93995, 35.41582], [-101.94023, 35.41911], [-101.94044, 35.42196], [-101.94068, 35.42481], [-101.94093, 35.42811], [-101.94118, 35.43106], [-101.94143, 35.43414], [-101.94159, 35.43644], [-101.94196, 35.44103], [-101.94222, 35.44417], [-101.94238, 35.44636], [-101.94258, 35.44893], [-101.94282, 35.45166], [-101.94307, 35.45486], [-101.94331, 35.45803], [-101.94355, 35.46092], [-101.94378, 35.46381], [-101.94399, 35.46646], [-101.94423, 35.46889], [-101.94282, 35.47161], [-101.94148, 35.47428], [-101.94028, 35.47663], [-101.93879, 35.4796], [-101.93733, 35.48252], [-101.936, 35.48516], [-101.93459, 35.48784], [-101.93464, 35.49058], [-101.93462, 35.49391], [-101.93462, 35.49699], [-101.93462, 35.50042], [-101.93461, 35.50351], [-101.93459, 35.50613], [-101.9346, 35.50944], [-101.93459, 35.51154], [-101.93458, 35.51426], [-101.93458, 35.51753], [-101.93456, 35.52055], [-101.93456, 35.52311], [-101.93458, 35.52649], [-101.93461, 35.52939], [-101.93463, 35.53202], [-101.93466, 35.53411], [-101.93468, 35.53608], [-101.93469, 35.539], [-101.93466, 35.54245], [-101.93465, 35.54523], [-101.93464, 35.54829], [-101.93463, 35.5514], [-101.93463, 35.55445], [-101.9346, 35.55757], [-101.93458, 35.56084], [-101.93342, 35.56204], [-101.93083, 35.5647], [-101.92852, 35.56706], [-101.92618, 35.56945], [-101.92382, 35.57186], [-101.92155, 35.57417], [-101.9191, 35.57667], [-101.91696, 35.57884], [-101.91479, 35.58107], [-101.91236, 35.58355], [-101.90965, 35.58631], [-101.90728, 35.58873], [-101.9046, 35.59147], [-101.90226, 35.59386], [-101.90025, 35.59594], [-101.89777, 35.59845], [-101.89572, 35.60054], [-101.89328, 35.60306], [-101.89077, 35.6055], [-101.88831, 35.60803], [-101.88597, 35.61044], [-101.88394, 35.61248], [-101.88217, 35.61432], [-101.87986, 35.61666], [-101.8778, 35.61876], [-101.87582, 35.6208], [-101.87345, 35.62319], [-101.87366, 35.62594], [-101.87392, 35.62873], [-101.87414, 35.6315], [-101.87443, 35.63503], [-101.87471, 35.63818], [-101.87494, 35.64092], [-101.87519, 35.64389], [-101.87541, 35.64665], [-101.87563, 35.64907], [-101.87593, 35.65252], [-101.87615, 35.65465], [-101.87606, 35.65751], [-101.87604, 35.66032], [-101.876, 35.66303], [-101.87598, 35.66564], [-101.87595, 35.66831], [-101.87593, 35.67143], [-101.87589, 35.67495], [-101.87589, 35.67803], [-101.87491, 35.68076], [-101.87582, 35.68352], [-101.87575, 35.68588], [-101.87573, 35.68836], [-101.87571, 35.69115], [-101.87567, 35.69432], [-101.87565, 35.69722], [-101.87562, 35.69981], [-101.87561, 35.7031], [-101.87558, 35.70647], [-101.87555, 35.70976], [-101.87551, 35.71276], [-101.8755, 35.7163], [-101.87547, 35.71925], [-101.87544, 35.72214], [-101.87541, 35.72518], [-101.87538, 35.72867], [-101.87536, 35.73142], [-101.87533, 35.73463], [-101.87531, 35.73714], [-101.87528, 35.74013], [-101.87526, 35.74313], [-101.87524, 35.74558], [-101.8752, 35.74837], [-101.87517, 35.75162], [-101.87514, 35.75417], [-101.87513, 35.75736], [-101.87511, 35.76089], [-101.87507, 35.76402], [-101.87504, 35.76748], [-101.875, 35.77048], [-101.87498, 35.77358], [-101.87495, 35.77692], [-101.87491, 35.78004], [-101.87488, 35.78325], [-101.87487, 35.7865], [-101.87483, 35.78988], [-101.87479, 35.79308], [-101.87476, 35.79653], [-101.87473, 35.79976], [-101.87471, 35.80265], [-101.87467, 35.80601], [-101.87464, 35.80888], [-101.87463, 35.81184], [-101.87459, 35.81503], [-101.87455, 35.81812], [-101.87455, 35.82095], [-101.87113, 35.82097], [-101.86755, 35.82098], [-101.86345, 35.821], [-101.8597, 35.82103], [-101.85652, 35.82107], [-101.85297, 35.82107], [-101.84958, 35.82107], [-101.84593, 35.82109], [-101.84202, 35.8211], [-101.83917, 35.82112], [-101.83608, 35.82112], [-101.83199, 35.82112], [-101.82871, 35.82112], [-101.82513, 35.82112], [-101.82175, 35.82113], [-101.81842, 35.82096], [-101.81505, 35.82079], [-101.81134, 35.82063], [-101.80816, 35.82063], [-101.80425, 35.82065], [-101.80188, 35.82066], [-101.80019, 35.82067], [-101.79669, 35.8207], [-101.7935, 35.8207], [-101.79351, 35.82341], [-101.79353, 35.82547], [-101.79355, 35.82848], [-101.79357, 35.83149], [-101.79358, 35.83448], [-101.79367, 35.83756], [-101.79377, 35.84066], [-101.79377, 35.84365], [-101.79377, 35.84591], [-101.79377, 35.84832], [-101.79378, 35.85112], [-101.79381, 35.85402], [-101.79381, 35.85685], [-101.79382, 35.85932], [-101.79384, 35.86239], [-101.79386, 35.86498], [-101.79388, 35.86829], [-101.79389, 35.87149], [-101.79391, 35.87447], [-101.794, 35.87761], [-101.79358, 35.87917], [-101.79359, 35.88159], [-101.79364, 35.88409], [-101.7936, 35.88798], [-101.79361, 35.89134], [-101.79361, 35.8945], [-101.79361, 35.89774], [-101.79356, 35.901], [-101.7936, 35.90414], [-101.79356, 35.9072], [-101.79355, 35.91043], [-101.79359, 35.91304], [-101.79358, 35.91746], [-101.79361, 35.91993], [-101.79358, 35.92275], [-101.7936, 35.92564], [-101.79361, 35.92757], [-101.79317, 35.93019], [-101.79262, 35.93344], [-101.79218, 35.93592], [-101.79223, 35.93866], [-101.79225, 35.94223], [-101.79223, 35.94578], [-101.79218, 35.95047], [-101.79303, 35.95273], [-101.79357, 35.95408], [-101.79354, 35.95663], [-101.79354, 35.9604], [-101.79357, 35.96352], [-101.79355, 35.96616], [-101.79355, 35.96909], [-101.79353, 35.97198], [-101.79354, 35.97484], [-101.79352, 35.9777], [-101.79351, 35.9806], [-101.7935, 35.98349], [-101.79351, 35.98639], [-101.79347, 35.98925], [-101.79346, 35.99214], [-101.79344, 35.99526], [-101.79353, 35.99725], [-101.79365, 35.99935], [-101.79283, 36.00283], [-101.79347, 36.00531], [-101.7942, 36.00805], [-101.79382, 36.01037], [-101.7934, 36.01347], [-101.79343, 36.01483], [-101.79343, 36.01825], [-101.79343, 36.02146], [-101.79342, 36.02431], [-101.79343, 36.02748], [-101.79342, 36.03069], [-101.79341, 36.03327], [-101.79128, 36.03566], [-101.79127, 36.03873], [-101.7919, 36.04132], [-101.79242, 36.04372], [-101.79291, 36.046], [-101.79351, 36.04856], [-101.79344, 36.05112], [-101.79343, 36.05431], [-101.79344, 36.05686], [-101.79344, 36.05945], [-101.79345, 36.06204], [-101.79342, 36.06507], [-101.79341, 36.06719], [-101.79341, 36.06983], [-101.79341, 36.07304], [-101.79341, 36.07637], [-101.79339, 36.07965], [-101.79339, 36.08189], [-101.79339, 36.08414], [-101.79337, 36.087], [-101.79337, 36.08928], [-101.79335, 36.09156], [-101.79337, 36.09399], [-101.79339, 36.09663], [-101.79335, 36.09902], [-101.79335, 36.10178], [-101.79341, 36.10584], [-101.79345, 36.1093], [-101.79342, 36.11276], [-101.79344, 36.11634], [-101.79341, 36.12027], [-101.79343, 36.1229], [-101.79342, 36.12554], [-101.7934, 36.12911], [-101.79341, 36.13269], [-101.79338, 36.13642], [-101.79068, 36.13935], [-101.78852, 36.14163], [-101.78852, 36.14436], [-101.7885, 36.14687], [-101.78849, 36.14936], [-101.7885, 36.15202], [-101.7885, 36.15419], [-101.78848, 36.15636], [-101.78849, 36.15959], [-101.78846, 36.16282], [-101.78848, 36.16613], [-101.78848, 36.16865], [-101.78847, 36.17081], [-101.78846, 36.1741], [-101.78845, 36.17734], [-101.78844, 36.18072], [-101.78843, 36.18316], [-101.78842, 36.18579], [-101.78843, 36.18836], [-101.7884, 36.19242], [-101.78841, 36.19535], [-101.78842, 36.19755], [-101.78836, 36.19976], [-101.78839, 36.20273], [-101.7884, 36.20602], [-101.78837, 36.20931], [-101.78837, 36.21268], [-101.78834, 36.21606], [-101.78511, 36.21692], [-101.78164, 36.21784], [-101.7781, 36.21879], [-101.77436, 36.21978], [-101.77087, 36.2207], [-101.7668, 36.2218], [-101.76297, 36.22284], [-101.75936, 36.2238], [-101.75535, 36.2249], [-101.75182, 36.22585], [-101.74934, 36.22648], [-101.74738, 36.22708], [-101.74368, 36.22807], [-101.74031, 36.22898], [-101.73655, 36.22999], [-101.73284, 36.23098], [-101.72937, 36.23192], [-101.72577, 36.23288], [-101.7221, 36.23387], [-101.71829, 36.23486], [-101.71472, 36.23585], [-101.7118, 36.23662], [-101.70795, 36.23764], [-101.70411, 36.23869], [-101.70053, 36.23965], [-101.69688, 36.24067], [-101.69333, 36.24053], [-101.68984, 36.24045], [-101.68641, 36.24034], [-101.68106, 36.24021], [-101.67934, 36.24018], [-101.6758, 36.24024], [-101.67205, 36.24031], [-101.66846, 36.24037], [-101.66487, 36.24043], [-101.66133, 36.2405], [-101.65802, 36.24049], [-101.65516, 36.24047], [-101.65416, 36.243], [-101.65312, 36.24553], [-101.65211, 36.24797], [-101.65077, 36.2512], [-101.64959, 36.25412], [-101.64834, 36.25714], [-101.64691, 36.26068], [-101.64516, 36.26491], [-101.6437, 36.26842], [-101.64235, 36.27174], [-101.64109, 36.27471], [-101.63983, 36.27783], [-101.63857, 36.28085], [-101.63719, 36.28419], [-101.63594, 36.28727], [-101.63469, 36.2903], [-101.63341, 36.29336], [-101.63223, 36.29624], [-101.63118, 36.29882], [-101.63, 36.30174], [-101.62782, 36.30363], [-101.62554, 36.30569], [-101.62299, 36.308], [-101.62054, 36.31022], [-101.61847, 36.31211], [-101.6158, 36.31452], [-101.61349, 36.3166], [-101.6108, 36.319], [-101.60846, 36.3211], [-101.60585, 36.3235], [-101.60294, 36.32619], [-101.60074, 36.32817], [-101.59803, 36.33059], [-101.59572, 36.33267], [-101.59337, 36.33475], [-101.59094, 36.33696], [-101.58847, 36.33917], [-101.58559, 36.34179], [-101.58281, 36.3443], [-101.5799, 36.34691], [-101.57752, 36.34903], [-101.57443, 36.35178], [-101.57305, 36.35302], [-101.57072, 36.35511], [-101.56828, 36.35733], [-101.56828, 36.36052], [-101.56824, 36.36347], [-101.5682, 36.36693], [-101.56818, 36.36991], [-101.5682, 36.37302], [-101.56813, 36.37588], [-101.5681, 36.3787], [-101.56803, 36.38168], [-101.56798, 36.38451], [-101.56798, 36.38708], [-101.56464, 36.38708], [-101.56105, 36.38706], [-101.55718, 36.38705], [-101.55366, 36.38705], [-101.54963, 36.387], [-101.54952, 36.38959], [-101.54955, 36.3925], [-101.54951, 36.3952], [-101.54948, 36.39797], [-101.54944, 36.40127], [-101.54942, 36.40328], [-101.54649, 36.40331], [-101.54369, 36.40328], [-101.54042, 36.40324], [-101.53784, 36.40484], [-101.53523, 36.40643], [-101.53214, 36.40833], [-101.52937, 36.40835], [-101.52545, 36.40841], [-101.52136, 36.40847], [-101.51763, 36.40849], [-101.51479, 36.40971], [-101.51124, 36.41119], [-101.50742, 36.41281], [-101.50467, 36.41396], [-101.50142, 36.41533], [-101.49753, 36.41698], [-101.49408, 36.41841], [-101.49013, 36.42004], [-101.4865, 36.42158], [-101.48276, 36.42311], [-101.47892, 36.42476], [-101.47577, 36.42609], [-101.47237, 36.4275], [-101.4686, 36.42906], [-101.46478, 36.43065], [-101.4611, 36.43227], [-101.4578, 36.43368], [-101.45429, 36.43519], [-101.45052, 36.43675], [-101.44843, 36.43916], [-101.44631, 36.44159], [-101.44415, 36.44403], [-101.44164, 36.44684], [-101.43946, 36.44939], [-101.43725, 36.4519], [-101.43498, 36.45449], [-101.433, 36.45675], [-101.43075, 36.45929], [-101.42892, 36.4614], [-101.42692, 36.46371], [-101.42522, 36.46455], [-101.42211, 36.46609], [-101.41907, 36.46759], [-101.41563, 36.46931], [-101.41224, 36.47098], [-101.40917, 36.47253], [-101.40566, 36.47431], [-101.40219, 36.47602], [-101.39938, 36.47742], [-101.39648, 36.47886], [-101.39627, 36.48107], [-101.39604, 36.48466], [-101.39585, 36.48716], [-101.39574, 36.4888], [-101.39535, 36.49323], [-101.39522, 36.49493], [-101.39484, 36.49494], [-101.39301, 36.49494], [-101.39209, 36.49495], [-101.39168, 36.49632]]}, "properties": {"owner": "RITA BLANCA ELECTRIC COOP, INC", "voltage_kv": 345.0}}, {"type": "Feature", "geometry": {"type": "LineString", "coordinates": [[-101.15387, 35.40231], [-101.15433, 35.40157], [-101.15431, 35.40069], [-101.15663, 35.40069], [-101.18393, 35.40048], [-101.18393, 35.39966], [-101.20204, 35.39957], [-101.20628, 35.3998], [-101.23757, 35.39946], [-101.23785, 35.41358], [-101.25228, 35.41395], [-101.25442, 35.41399], [-101.2544, 35.41449], [-101.25677, 35.41665], [-101.25679, 35.42793], [-101.25806, 35.42883], [-101.26166, 35.42882], [-101.26484, 35.42829], [-101.35932, 35.42742], [-101.35931, 35.42744], [-101.36157, 35.42727], [-101.36148, 35.43381], [-101.36163, 35.44172], [-101.36337, 35.44276], [-101.36721, 35.44287], [-101.37286, 35.44306]]}, "properties": {"owner": "SOUTHWESTERN PUBLIC SERVICE CO.", "voltage_kv": 345.0}}, {"type": "Feature", "geometry": {"type": "LineString", "coordinates": [[-101.84115, 35.29565], [-101.83939, 35.29578], [-101.83893, 35.29437], [-101.83694, 35.29434], [-101.83448, 35.29435], [-101.83311, 35.29435], [-101.83145, 35.29435], [-101.83, 35.29435], [-101.82847, 35.29436], [-101.82689, 35.29437], [-101.82501, 35.29437], [-101.82325, 35.29438], [-101.8208, 35.29439], [-101.81866, 35.29439], [-101.81678, 35.2944], [-101.81459, 35.2944], [-101.81263, 35.29439], [-101.81065, 35.29439], [-101.80889, 35.29438], [-101.80688, 35.2944], [-101.80485, 35.29438], [-101.80282, 35.29438], [-101.80075, 35.29438], [-101.79874, 35.29438], [-101.79673, 35.29437], [-101.79473, 35.29437], [-101.79228, 35.29437], [-101.79052, 35.29436], [-101.78856, 35.29437], [-101.78652, 35.29435], [-101.7845, 35.29435], [-101.78257, 35.29435], [-101.78055, 35.29435], [-101.77853, 35.29435], [-101.77651, 35.29434], [-101.77405, 35.29435], [-101.77186, 35.29433], [-101.77, 35.29433], [-101.76794, 35.29434], [-101.76602, 35.29434], [-101.76419, 35.29434], [-101.7621, 35.29435], [-101.75957, 35.29435], [-101.75957, 35.29431], [-101.75957, 35.29414], [-101.75958, 35.29232], [-101.75959, 35.29034], [-101.75959, 35.28836], [-101.75959, 35.28643], [-101.7596, 35.28452], [-101.75961, 35.28251], [-101.75962, 35.28066], [-101.75726, 35.28065], [-101.75484, 35.28065], [-101.7526, 35.28065], [-101.75117, 35.28062], [-101.7495, 35.28064], [-101.74787, 35.28065], [-101.74568, 35.28063], [-101.74568, 35.28227], [-101.74531, 35.28353]]}, "properties": {"owner": "SOUTHWESTERN PUBLIC SERVICE CO.", "voltage_kv": 230.0}}, {"type": "Feature", "geometry": {"type": "LineString", "coordinates": [[-101.74726, 35.29645], [-101.74854, 35.29613], [-101.74855, 35.2942], [-101.75003, 35.29422], [-101.75149, 35.29423], [-101.75346, 35.29425], [-101.75552, 35.29427], [-101.75792, 35.2943], [-101.76016, 35.29431], [-101.7621, 35.29431], [-101.76419, 35.29431], [-101.76602, 35.29431], [-101.76794, 35.2943], [-101.77, 35.2943], [-101.77186, 35.2943], [-101.77405, 35.29431], [-101.77651, 35.2943], [-101.77853, 35.29431], [-101.78055, 35.29431], [-101.78257, 35.29432], [-101.7845, 35.29431], [-101.78652, 35.29431], [-101.78856, 35.29433], [-101.79052, 35.29432], [-101.79228, 35.29433], [-101.79473, 35.29434], [-101.79673, 35.29434], [-101.79874, 35.29434], [-101.80075, 35.29434], [-101.80282, 35.29434], [-101.80485, 35.29435], [-101.80688, 35.29436], [-101.80889, 35.29434], [-101.81065, 35.29435], [-101.81263, 35.29435], [-101.81459, 35.29436], [-101.81678, 35.29436], [-101.81866, 35.29435], [-101.8208, 35.29435], [-101.82325, 35.29434], [-101.82501, 35.29434], [-101.82689, 35.29433], [-101.82847, 35.29432], [-101.83, 35.29432], [-101.83145, 35.29431], [-101.83311, 35.29431], [-101.83448, 35.29431], [-101.83694, 35.2943], [-101.83946, 35.29429], [-101.84077, 35.29427], [-101.84288, 35.29428], [-101.84503, 35.2943], [-101.84693, 35.2943], [-101.84861, 35.29429], [-101.85057, 35.2943], [-101.85281, 35.29431], [-101.85516, 35.29429], [-101.85744, 35.29428], [-101.85963, 35.29428], [-101.862, 35.29428], [-101.86427, 35.29428], [-101.86642, 35.29427], [-101.86847, 35.29428], [-101.87051, 35.29427], [-101.87255, 35.29426], [-101.87466, 35.29425], [-101.8767, 35.29424], [-101.8792, 35.29423], [-101.88102, 35.29421], [-101.88293, 35.2942], [-101.88462, 35.2942], [-101.8862, 35.29401], [-101.88822, 35.29376], [-101.89043, 35.2935], [-101.89277, 35.29323], [-101.8946, 35.29301], [-101.8963, 35.2928], [-101.89871, 35.29251], [-101.90039, 35.29232], [-101.90209, 35.29212], [-101.90379, 35.29192], [-101.90546, 35.29172], [-101.9075, 35.29147], [-101.90966, 35.29121], [-101.91167, 35.29097], [-101.91394, 35.29069], [-101.9158, 35.29048], [-101.91769, 35.29025], [-101.91985, 35.28999], [-101.92064, 35.2899], [-101.92083, 35.29153], [-101.92082, 35.29351], [-101.92081, 35.29548], [-101.92081, 35.29746], [-101.9208, 35.29942], [-101.92107, 35.30181], [-101.92133, 35.30416], [-101.9216, 35.30653], [-101.92187, 35.30888], [-101.92179, 35.30948], [-101.92262, 35.31029]]}, "properties": {"owner": "SOUTHWESTERN PUBLIC SERVICE CO.", "voltage_kv": 230.0}}, {"type": "Feature", "geometry": {"type": "LineString", "coordinates": [[-100.08701, 34.37378], [-100.08559, 34.37419], [-100.08332, 34.37407], [-100.08311, 34.37844], [-100.07448, 34.37823], [-100.07012, 34.37809], [-100.06239, 34.38445], [-100.03866, 34.38412], [-100.03881, 34.37712], [-100.02588, 34.3766], [-99.98628, 34.37576], [-99.98216, 34.37744], [-99.84333, 34.37475], [-99.84367, 34.36112], [-99.83463, 34.36112], [-99.75773, 34.33204], [-99.72347, 34.32043], [-99.69109, 34.3092], [-99.67629, 34.30239], [-99.66836, 34.29882], [-99.5953, 34.29751], [-99.59283, 34.29689], [-99.5514, 34.29623], [-99.49399, 34.29292], [-99.48628, 34.27157], [-99.4774, 34.27376], [-99.47364, 34.26331], [-99.4651, 34.26548], [-99.46002, 34.25132], [-99.44823, 34.24122], [-99.43594, 34.23327], [-99.43199, 34.23151], [-99.42286, 34.22926], [-99.404, 34.22445], [-99.40134, 34.22368], [-99.39163, 34.22564], [-99.37854, 34.22149], [-99.33311, 34.20746], [-99.31996, 34.20319], [-99.26243, 34.18944], [-99.25364, 34.1875], [-99.24198, 34.18728], [-99.23943, 34.18097], [-99.20736, 34.16996], [-99.1909, 34.12817], [-99.18336, 34.10463], [-99.16724, 34.10793], [-99.15885, 34.08085], [-99.14825, 34.08302], [-99.14858, 34.08494], [-99.14636, 34.08552], [-99.14548, 34.08496], [-99.14502, 34.08425]]}, "properties": {"owner": "AEP TEXAS NORTH COMPANY", "voltage_kv": 345.0}}, {"type": "Feature", "geometry": {"type": "LineString", "coordinates": [[-101.74531, 35.28353], [-101.74482, 35.2841], [-101.74444, 35.2841], [-101.74307, 35.28412], [-101.74308, 35.28526], [-101.74307, 35.28706], [-101.74307, 35.28888], [-101.74305, 35.29064], [-101.74306, 35.29218], [-101.74306, 35.29394], [-101.74305, 35.29566], [-101.74304, 35.29723], [-101.74305, 35.29897], [-101.74307, 35.30047], [-101.7422, 35.30178], [-101.74109, 35.30366], [-101.73999, 35.3055], [-101.73896, 35.30719], [-101.73775, 35.30923], [-101.73593, 35.30923], [-101.73433, 35.30924], [-101.73324, 35.31082], [-101.73193, 35.31276], [-101.73059, 35.31473], [-101.72923, 35.31674], [-101.72795, 35.31864], [-101.72898, 35.32037], [-101.73003, 35.32211], [-101.72891, 35.324], [-101.72775, 35.32592], [-101.72654, 35.32798], [-101.72527, 35.3301], [-101.72401, 35.3322], [-101.72293, 35.33398], [-101.72162, 35.33617], [-101.72051, 35.33804], [-101.71942, 35.33987], [-101.71825, 35.34181], [-101.71719, 35.34358], [-101.71603, 35.3455], [-101.71497, 35.34728], [-101.71392, 35.34905], [-101.7127, 35.35107], [-101.71163, 35.35286], [-101.71064, 35.35453], [-101.70971, 35.35607], [-101.70877, 35.35762], [-101.70782, 35.35919], [-101.70646, 35.36149], [-101.70535, 35.36335], [-101.70427, 35.36514], [-101.70324, 35.36686], [-101.70221, 35.36859], [-101.70094, 35.3707], [-101.6996, 35.37292], [-101.69849, 35.3748], [-101.69742, 35.37656], [-101.69614, 35.37872], [-101.69507, 35.3805], [-101.69403, 35.38224], [-101.69299, 35.38397], [-101.69184, 35.38582], [-101.69068, 35.38779], [-101.68935, 35.39001], [-101.68832, 35.3918], [-101.68701, 35.39394], [-101.68594, 35.39571], [-101.68488, 35.39748], [-101.68398, 35.39898], [-101.68287, 35.40083], [-101.68158, 35.40293], [-101.68047, 35.40481], [-101.67919, 35.40693], [-101.67809, 35.40875], [-101.67698, 35.41056], [-101.67569, 35.41277], [-101.67443, 35.41483], [-101.6731, 35.41705], [-101.67204, 35.41881], [-101.67097, 35.42057], [-101.6698, 35.42256], [-101.66869, 35.42443], [-101.66758, 35.42626], [-101.66668, 35.4278], [-101.66568, 35.42942], [-101.66461, 35.43124], [-101.66358, 35.43292], [-101.66259, 35.43454], [-101.6616, 35.43622], [-101.66043, 35.43816], [-101.65941, 35.43991], [-101.65828, 35.44181], [-101.65727, 35.4435], [-101.65634, 35.44511], [-101.65534, 35.44681], [-101.65421, 35.44877], [-101.65304, 35.45075], [-101.65208, 35.45228], [-101.65109, 35.4539], [-101.65008, 35.45552], [-101.64897, 35.45728], [-101.64772, 35.4593], [-101.64663, 35.4611], [-101.64557, 35.46288], [-101.64428, 35.46503], [-101.64323, 35.46679], [-101.64195, 35.46892], [-101.64076, 35.47088], [-101.63968, 35.47267], [-101.63864, 35.47441], [-101.6374, 35.47649], [-101.63635, 35.47821], [-101.6352, 35.48013], [-101.63402, 35.48209], [-101.63291, 35.484], [-101.63094, 35.48531], [-101.62907, 35.48655], [-101.62686, 35.48802], [-101.62503, 35.48925], [-101.62312, 35.49052], [-101.62108, 35.49189], [-101.61946, 35.49302], [-101.61821, 35.49381], [-101.61698, 35.49464], [-101.6149, 35.49602], [-101.613, 35.4973], [-101.6109, 35.4987], [-101.60901, 35.49998], [-101.60688, 35.50136], [-101.605, 35.50263], [-101.60296, 35.50399], [-101.60097, 35.50533], [-101.59904, 35.5066], [-101.59698, 35.50799], [-101.59489, 35.50937], [-101.59282, 35.51078], [-101.59075, 35.51215], [-101.58875, 35.51351], [-101.5871, 35.51458], [-101.58528, 35.51582], [-101.5832, 35.5172], [-101.58114, 35.51859], [-101.57906, 35.51997], [-101.5772, 35.52122], [-101.57514, 35.52259], [-101.57317, 35.52391], [-101.57119, 35.52524], [-101.56934, 35.52647], [-101.56754, 35.52769], [-101.56571, 35.5289], [-101.56377, 35.5302], [-101.56174, 35.53152], [-101.56008, 35.53329], [-101.55858, 35.53483], [-101.55726, 35.5362], [-101.55578, 35.53772], [-101.55435, 35.53921], [-101.55288, 35.54072], [-101.55122, 35.54245], [-101.54978, 35.54394], [-101.54813, 35.54564], [-101.54646, 35.54738], [-101.54501, 35.54888], [-101.54352, 35.55043], [-101.54177, 35.55222], [-101.54033, 35.55375], [-101.53881, 35.55531], [-101.53726, 35.55687], [-101.53562, 35.55857], [-101.53403, 35.5602], [-101.53242, 35.56188], [-101.53067, 35.56369], [-101.52884, 35.56558], [-101.52701, 35.56748], [-101.52517, 35.56936], [-101.52364, 35.57094], [-101.52191, 35.57275], [-101.52022, 35.57454], [-101.51842, 35.5758], [-101.51666, 35.57706], [-101.51488, 35.57832], [-101.5131, 35.57958], [-101.51133, 35.58085], [-101.50956, 35.58212], [-101.50762, 35.5835], [-101.50583, 35.58479], [-101.50406, 35.58605], [-101.50248, 35.58719], [-101.50047, 35.58864], [-101.49854, 35.59], [-101.49664, 35.59132], [-101.49495, 35.59257], [-101.49319, 35.59384], [-101.4911, 35.59531], [-101.48908, 35.59675], [-101.48725, 35.59807], [-101.48539, 35.5994], [-101.48345, 35.60078], [-101.48147, 35.60218], [-101.47951, 35.60359], [-101.47742, 35.60507], [-101.4756, 35.60638], [-101.4738, 35.60766], [-101.47187, 35.60904], [-101.47, 35.61035], [-101.4682, 35.61165], [-101.4663, 35.61301], [-101.46453, 35.61428], [-101.46248, 35.61571], [-101.46064, 35.61706], [-101.45865, 35.61848], [-101.45672, 35.61986], [-101.45488, 35.62117], [-101.45288, 35.62267], [-101.45078, 35.62425], [-101.44895, 35.62566], [-101.44698, 35.62712], [-101.44508, 35.62857], [-101.44304, 35.63012], [-101.44188, 35.63101], [-101.44049, 35.63119], [-101.43993, 35.63163]]}, "properties": {"owner": "SOUTHWESTERN PUBLIC SERVICE CO.", "voltage_kv": 230.0}}, {"type": "Feature", "geometry": {"type": "LineString", "coordinates": [[-101.74531, 35.28353], [-101.74492, 35.28277], [-101.74255, 35.28275]]}, "properties": {"owner": "SOUTHWESTERN PUBLIC SERVICE CO.", "voltage_kv": 230.0}}, {"type": "Feature", "geometry": {"type": "LineString", "coordinates": [[-102.30456, 34.77353], [-102.30378, 34.77398], [-102.29968, 34.77396], [-102.29968, 34.77698], [-102.29944, 34.79228], [-102.29922, 34.80669], [-102.28487, 34.85033], [-102.27663, 34.8624], [-102.27625, 34.91386], [-102.2808, 34.91384], [-102.27975, 34.97611], [-102.27525, 34.98415], [-102.27489, 35.02829], [-102.2787, 35.03988], [-102.27842, 35.0646], [-102.27466, 35.07107], [-102.27449, 35.10234], [-102.27784, 35.10605], [-102.27711, 35.14603], [-102.25631, 35.16152], [-102.25588, 35.22643], [-102.25588, 35.2328], [-102.19076, 35.23247], [-102.18664, 35.2324], [-102.18252, 35.23737], [-102.05187, 35.31425], [-102.05134, 35.31354], [-102.05015, 35.31361]]}, "properties": {"owner": "SOUTHWESTERN PUBLIC SERVICE CO", "voltage_kv": 345.0}}, {"type": "Feature", "geometry": {"type": "LineString", "coordinates": [[-101.74726, 35.29645], [-101.74719, 35.29816]]}, "properties": {"owner": "SOUTHWESTERN PUBLIC SERVICE CO.", "voltage_kv": 230.0}}, {"type": "Feature", "geometry": {"type": "LineString", "coordinates": [[-101.2407, 34.31687], [-101.24198, 34.31685], [-101.25936, 34.31231], [-101.29176, 34.31215], [-101.30992, 34.31207], [-101.32971, 34.312], [-101.33006, 34.36267], [-101.34122, 34.3627], [-101.34807, 34.36297], [-101.34841, 34.39966], [-101.34852, 34.40561], [-101.35053, 34.40554], [-101.35041, 34.4069], [-101.34858, 34.40696], [-101.34856, 34.41238], [-101.35644, 34.41231], [-101.35659, 34.42363], [-101.35665, 34.42555], [-101.35667, 34.42733], [-101.35869, 34.42731], [-101.35882, 34.43171], [-101.35964, 34.43227]]}, "properties": {"owner": "LIGHTHOUSE ELECTRIC COOP, INC", "voltage_kv": 345.0}}, {"type": "Feature", "geometry": {"type": "LineString", "coordinates": [[-101.86303, 35.96674], [-101.8626, 35.96647], [-101.86282, 35.96577], [-101.86282, 35.96489], [-101.86282, 35.96285], [-101.86279, 35.96083], [-101.86348, 35.95945], [-101.86411, 35.95813], [-101.86425, 35.95642], [-101.8644, 35.95472], [-101.86456, 35.95306], [-101.86475, 35.95139], [-101.86471, 35.94973], [-101.86471, 35.94805], [-101.8647, 35.94631], [-101.86471, 35.9447], [-101.8647, 35.94302], [-101.86469, 35.94136], [-101.86469, 35.93973], [-101.86469, 35.93811], [-101.86471, 35.93649], [-101.86448, 35.9348], [-101.86451, 35.93308], [-101.8645, 35.93126], [-101.8645, 35.92961], [-101.8645, 35.92797], [-101.8645, 35.92632], [-101.86449, 35.92468], [-101.86449, 35.92302], [-101.86449, 35.92137], [-101.86449, 35.91974], [-101.86449, 35.91808], [-101.86449, 35.91644], [-101.86449, 35.91479], [-101.86448, 35.91313], [-101.86448, 35.91149], [-101.86448, 35.90968], [-101.86448, 35.90797], [-101.86448, 35.9061], [-101.86448, 35.90444], [-101.86448, 35.90276], [-101.86447, 35.90109], [-101.86448, 35.89941], [-101.86446, 35.89759], [-101.86447, 35.89579], [-101.86447, 35.89411], [-101.86446, 35.89244], [-101.86445, 35.89076], [-101.86446, 35.88908], [-101.86446, 35.8874], [-101.86445, 35.88573], [-101.86445, 35.88404], [-101.86445, 35.8823], [-101.86445, 35.88054], [-101.86445, 35.87887], [-101.86445, 35.87719], [-101.86444, 35.87552], [-101.86444, 35.87442], [-101.86444, 35.8734], [-101.86445, 35.87173], [-101.86444, 35.87012], [-101.86444, 35.86847], [-101.86443, 35.86693], [-101.86443, 35.8653], [-101.86443, 35.86365], [-101.86443, 35.862], [-101.86443, 35.86056], [-101.86442, 35.85892], [-101.86442, 35.8573], [-101.86626, 35.85659], [-101.86819, 35.8558], [-101.8702, 35.85502], [-101.87208, 35.85429], [-101.87399, 35.85354], [-101.87409, 35.85133], [-101.87419, 35.84902], [-101.87428, 35.84683], [-101.87438, 35.84462], [-101.87447, 35.84254], [-101.87456, 35.8404], [-101.87466, 35.8382], [-101.87474, 35.83612], [-101.87477, 35.83392], [-101.87479, 35.83172], [-101.87481, 35.82976], [-101.87483, 35.82761], [-101.87485, 35.82546], [-101.87488, 35.82333], [-101.8749, 35.82112], [-101.87492, 35.81903], [-101.87493, 35.81695], [-101.87496, 35.81487], [-101.87498, 35.81275], [-101.875, 35.81074], [-101.87502, 35.80861], [-101.87504, 35.80647], [-101.87506, 35.80453], [-101.87509, 35.80246], [-101.8751, 35.80038], [-101.87512, 35.79829], [-101.87513, 35.7962], [-101.87516, 35.79401], [-101.87517, 35.79191], [-101.8752, 35.78972], [-101.87523, 35.78807], [-101.87524, 35.78614], [-101.87525, 35.78423], [-101.87527, 35.78209], [-101.8753, 35.77994], [-101.87532, 35.7778], [-101.87533, 35.77565], [-101.87536, 35.77368], [-101.87537, 35.77153], [-101.87539, 35.76944], [-101.87542, 35.76742], [-101.87544, 35.76528], [-101.87546, 35.76319], [-101.87548, 35.76104], [-101.87549, 35.7589], [-101.87549, 35.7567], [-101.87552, 35.7545], [-101.87554, 35.75271], [-101.87557, 35.75053], [-101.87557, 35.74837], [-101.87561, 35.74617], [-101.87563, 35.74413], [-101.87563, 35.7421], [-101.87567, 35.73989], [-101.8757, 35.73772], [-101.87571, 35.73563], [-101.87572, 35.73354], [-101.87577, 35.7314], [-101.87577, 35.72936], [-101.87579, 35.72729], [-101.87578, 35.72519], [-101.87581, 35.72327], [-101.87583, 35.72135], [-101.87584, 35.71942], [-101.87587, 35.7175], [-101.87588, 35.71558], [-101.8759, 35.71339], [-101.87592, 35.7113], [-101.87594, 35.70911], [-101.87596, 35.70695], [-101.87599, 35.70478], [-101.876, 35.70268], [-101.87602, 35.70054], [-101.87604, 35.69841], [-101.87607, 35.69658], [-101.87606, 35.69473], [-101.87607, 35.6927], [-101.87608, 35.6905], [-101.8761, 35.68835], [-101.87613, 35.68622], [-101.87615, 35.68413], [-101.87617, 35.68198], [-101.8762, 35.67984], [-101.87621, 35.67785], [-101.87625, 35.67569], [-101.87626, 35.67364], [-101.87629, 35.67148], [-101.87631, 35.66957], [-101.87633, 35.66749], [-101.87635, 35.66564], [-101.87636, 35.66381], [-101.87639, 35.66191], [-101.87643, 35.6601], [-101.87643, 35.65833], [-101.87647, 35.65653], [-101.87651, 35.65465], [-101.87634, 35.65285], [-101.87618, 35.65108], [-101.87601, 35.64898], [-101.87582, 35.647], [-101.87566, 35.64508], [-101.87549, 35.6431], [-101.87533, 35.64108], [-101.87516, 35.63927], [-101.875, 35.63714], [-101.8748, 35.63501], [-101.87464, 35.63319], [-101.87446, 35.63089], [-101.87411, 35.62685], [-101.87397, 35.62509], [-101.87382, 35.62333], [-101.87547, 35.62161], [-101.87712, 35.61994], [-101.87879, 35.61824], [-101.88046, 35.61651], [-101.88215, 35.61481], [-101.88346, 35.61347], [-101.88475, 35.61213], [-101.88645, 35.61042], [-101.88812, 35.60871], [-101.8898, 35.60699], [-101.89152, 35.60523], [-101.89321, 35.60362], [-101.89475, 35.60202], [-101.89636, 35.60036], [-101.89796, 35.59874], [-101.89957, 35.5971], [-101.90112, 35.59552], [-101.90251, 35.5941], [-101.90388, 35.59269], [-101.90535, 35.59119], [-101.90683, 35.58968], [-101.9083, 35.58818], [-101.90975, 35.58669], [-101.91124, 35.58518], [-101.9127, 35.58368], [-101.91409, 35.58227], [-101.91543, 35.58087], [-101.91716, 35.57914], [-101.91862, 35.57764], [-101.92019, 35.57606], [-101.92174, 35.57447], [-101.92328, 35.57288], [-101.92483, 35.5713], [-101.92644, 35.56968], [-101.92791, 35.56816], [-101.92958, 35.56646], [-101.93125, 35.56474], [-101.93296, 35.56302], [-101.93422, 35.56172], [-101.93423, 35.55963], [-101.93423, 35.55751], [-101.93424, 35.55541], [-101.93425, 35.55332], [-101.93424, 35.55128], [-101.93426, 35.54932], [-101.93426, 35.54733], [-101.93426, 35.54513], [-101.93428, 35.54321], [-101.93428, 35.54143], [-101.93429, 35.53964], [-101.93429, 35.53786], [-101.9343, 35.53608], [-101.93429, 35.53418], [-101.93427, 35.5325], [-101.93425, 35.53077], [-101.93423, 35.52904], [-101.93421, 35.52686], [-101.9342, 35.52516], [-101.93418, 35.52311], [-101.93419, 35.52104], [-101.9342, 35.51922], [-101.93419, 35.51742], [-101.9342, 35.51521], [-101.9342, 35.51318], [-101.93421, 35.51103], [-101.93421, 35.50917], [-101.93423, 35.50727], [-101.93422, 35.50516], [-101.93423, 35.50301], [-101.93423, 35.50078], [-101.93425, 35.49869], [-101.93425, 35.49659], [-101.93425, 35.49447], [-101.93428, 35.49229], [-101.93427, 35.49003], [-101.93425, 35.48779], [-101.93526, 35.48584], [-101.93621, 35.48395], [-101.93713, 35.48213], [-101.93805, 35.48025], [-101.93906, 35.47826], [-101.94003, 35.47633], [-101.94093, 35.47455], [-101.9419, 35.47262], [-101.94287, 35.47068], [-101.94384, 35.46882], [-101.94364, 35.46689], [-101.94349, 35.46497], [-101.94335, 35.46317], [-101.94321, 35.4613], [-101.94305, 35.45931], [-101.94289, 35.45735], [-101.94274, 35.45537], [-101.94257, 35.45345], [-101.94241, 35.45141], [-101.94227, 35.44963], [-101.94197, 35.44579], [-101.94183, 35.44409], [-101.94161, 35.44161], [-101.94144, 35.43909], [-101.94123, 35.43658], [-101.94108, 35.4349], [-101.94094, 35.43298], [-101.94079, 35.43106], [-101.94064, 35.42915], [-101.94049, 35.42733], [-101.94032, 35.42514], [-101.94017, 35.42323], [-101.94001, 35.4213], [-101.93987, 35.4194], [-101.93973, 35.41774], [-101.93957, 35.41584], [-101.9394, 35.41375], [-101.93925, 35.41167], [-101.93907, 35.40959], [-101.93892, 35.40749], [-101.93871, 35.40539], [-101.93875, 35.40333], [-101.93875, 35.40129], [-101.93876, 35.39923], [-101.93876, 35.39718], [-101.93878, 35.39509], [-101.93879, 35.39294], [-101.93879, 35.39089], [-101.93878, 35.38625], [-101.93881, 35.38433], [-101.93882, 35.38262], [-101.93884, 35.38044], [-101.93886, 35.37822], [-101.93887, 35.37599], [-101.93888, 35.37378], [-101.93888, 35.37173], [-101.93888, 35.36964], [-101.93889, 35.36751], [-101.93888, 35.36534], [-101.93889, 35.36355], [-101.93889, 35.36181], [-101.93889, 35.36], [-101.93892, 35.35834], [-101.93891, 35.35616], [-101.93891, 35.35396], [-101.93891, 35.35202], [-101.93891, 35.35011], [-101.9389, 35.34821], [-101.9389, 35.34628], [-101.93891, 35.34435], [-101.93891, 35.34239], [-101.93891, 35.34017], [-101.9389, 35.33815], [-101.93665, 35.33812], [-101.9345, 35.33809], [-101.93245, 35.33808], [-101.92966, 35.33804], [-101.92697, 35.33805], [-101.92464, 35.33797], [-101.92236, 35.33793], [-101.92224, 35.33633], [-101.92212, 35.33477], [-101.92196, 35.3326], [-101.92182, 35.33078], [-101.92169, 35.32892], [-101.92152, 35.32712], [-101.92142, 35.32548], [-101.92124, 35.32378], [-101.92127, 35.32181], [-101.92126, 35.31989], [-101.92129, 35.31796], [-101.92129, 35.3157], [-101.9213, 35.31346], [-101.92129, 35.3112], [-101.92131, 35.31061], [-101.92262, 35.31029]]}, "properties": {"owner": "SOUTHWESTERN PUBLIC SERVICE CO", "voltage_kv": 230.0}}, {"type": "Feature", "geometry": {"type": "LineString", "coordinates": [[-101.35964, 34.43227], [-101.35935, 34.43464], [-101.35651, 34.43466], [-101.3565, 34.42907], [-101.35588, 34.4275], [-101.35576, 34.4129], [-101.34774, 34.41292], [-101.34789, 34.40185], [-101.34762, 34.37483], [-101.34738, 34.35945], [-101.34719, 34.3196], [-101.34715, 34.30796], [-101.34647, 34.30489], [-101.34637, 34.29328], [-101.34553, 34.28968], [-101.34538, 34.27589], [-101.34603, 34.27339], [-101.34586, 34.25833], [-101.34521, 34.25675], [-101.34464, 34.20092], [-101.29467, 34.20121], [-101.29277, 34.1979], [-101.29265, 34.18607], [-101.23745, 34.1325], [-101.17846, 34.07266], [-101.17384, 34.05629], [-101.13523, 34.05648], [-101.13523, 34.0489], [-101.13397, 34.03782], [-101.13393, 34.02914], [-101.09894, 33.99399], [-101.08046, 33.99414], [-101.08037, 33.97553], [-101.05461, 33.94897], [-101.04662, 33.94064], [-101.04683, 33.89815], [-101.04667, 33.89544], [-101.04829, 33.8875], [-101.04759, 33.85774], [-101.04764, 33.83729], [-101.00782, 33.83729], [-100.97945, 33.83721], [-100.9623, 33.83816], [-100.91767, 33.84136], [-100.90756, 33.83559], [-100.8823, 33.83572], [-100.88226, 33.7819], [-100.88126, 33.78056], [-100.87699, 33.78037], [-100.87701, 33.77907], [-100.87658, 33.77815]]}, "properties": {"owner": "LIGHTHOUSE ELECTRIC COOP, INC", "voltage_kv": 345.0}}, {"type": "Feature", "geometry": {"type": "LineString", "coordinates": [[-102.58257, 35.29215], [-102.58275, 35.28357], [-102.60374, 35.28373], [-102.64746, 35.29456], [-102.65583, 35.29669], [-102.71027, 35.29672], [-102.7103, 35.29718]]}, "properties": {"owner": "NOT AVAILABLE", "voltage_kv": 345.0}}]}