month,formation,value_bcf_per_day,units,source
2009-01,Permian,0.308,billion cubic feet per day,https://www.eia.gov/outlooks/steo/xls/chart-gallery.xlsx sheet 43; STEO September 2026
2009-01,Haynesville,0.457,billion cubic feet per day,https://www.eia.gov/outlooks/steo/xls/chart-gallery.xlsx sheet 43; STEO September 2026
2009-01,Marcellus,0.147,billion cubic feet per day,https://www.eia.gov/outlooks/steo/xls/chart-gallery.xlsx sheet 43; STEO September 2026
2009-01,Utica,0.001,billion cubic feet per day,https://www.eia.gov/outlooks/steo/xls/chart-gallery.xlsx sheet 43; STEO September 2026
2009-01,Eagle Ford,0.006,billion cubic feet per day,https://www.eia.gov/outlooks/steo/xls/chart-gallery.xlsx sheet 43; STEO September 2026
2009-01,Bakken,0.108,billion cubic feet per day,https://www.eia.gov/outlooks/steo/xls/chart-gallery.xlsx sheet 43; STEO September 2026
2009-01,Barnett,5.177,billion cubic feet per day,https://www.eia.gov/outlooks/steo/xls/chart-gallery.xlsx sheet 43; STEO September 2026
2009-01,Fayetteville,1.116,billion cubic feet per day,https://www.eia.gov/outlooks/steo/xls/chart-gallery.xlsx sheet 43; STEO September 2026
2009-01,Mississippian,0.788,billion cubic feet per day,https://www.eia.gov/outlooks/steo/xls/chart-gallery.xlsx sheet 43; STEO September 2026
2009-01,Niobrara-Codell,0.568,billion cubic feet per day,https://www.eia.gov/outlooks/steo/xls/chart-gallery.xlsx sheet 43; STEO September 2026
2009-01,Woodford,0.821,billion cubic feet per day,https://www.eia.gov/outlooks/steo/xls/chart-gallery.xlsx sheet 43; STEO September 2026
2009-01,Rest of U.S.,2.054,billion cubic feet per day,https://www.eia.gov/outlooks/steo/xls/chart-gallery.xlsx sheet 43; STEO September 2026
2009-02,Permian,0.305,billion cubic feet per day,https://www.eia.gov/outlooks/steo/xls/chart-gallery.xlsx sheet 43; STEO September 2026
2009-02,Haynesville,0.547,billion cubic feet per day,https://www.eia.gov/outlooks/steo/xls/chart-gallery.xlsx sheet 43; STEO September 2026
2009-02,Marcellus,0.172,billion cubic feet per day,https://www.eia.gov/outlooks/steo/xls/chart-gallery.xlsx sheet 43; STEO September 2026
2009-02,Utica,0.001,billion cubic feet per day,https://www.eia.gov/outlooks/steo/xls/chart-gallery.xlsx sheet 43; STEO September 2026
2009-02,Eagle Ford,0.01,billion cubic feet per day,https://www.eia.gov/outlooks/steo/xls/chart-gallery.xlsx sheet 43; STEO September 2026
2009-02,Bakken,0.113,billion cubic feet per day,https://www.eia.gov/outlooks/steo/xls/chart-gallery.xlsx sheet 43; STEO September 2026
2009-02,Barnett,5.294,billion cubic feet per day,https://www.eia.gov/outlooks/steo/xls/chart-gallery.xlsx sheet 43; STEO September 2026
2009-02,Fayetteville,1.137,billion cubic feet per day,https://www.eia.gov/outlooks/steo/xls/chart-gallery.xlsx sheet 43; STEO September 2026
2009-02,Mississippian,0.793,billion cubic feet per day,https://www.eia.gov/outlooks/steo/xls/chart-gallery.xlsx sheet 43; STEO September 2026
2009-02,Niobrara-Codell,0.586,billion cubic feet per day,https://www.eia.gov/outlooks/steo/xls/chart-gallery.xlsx sheet 43; STEO September 2026
2009-02,Woodford,0.858,billion cubic feet per day,https://www.eia.gov/outlooks/steo/xls/chart-gallery.xlsx sheet 43; STEO September 2026
2009-02,Rest of U.S.,2.074,billion cubic feet per day,https://www.eia.gov/outlooks/steo/xls/chart-gallery.xlsx sheet 43; STEO September 2026
2009-03,Permian,0.309,billion cubic feet per day,https://www.eia.gov/outlooks/steo/xls/chart-gallery.xlsx sheet 43; STEO September 2026
2009-03,Haynesville,0.656,billion cubic feet per day,https://www.eia.gov/outlooks/steo/xls/chart-gallery.xlsx sheet 43; STEO September 2026
2009-03,Marcellus,0.195,billion cubic feet per day,https://www.eia.gov/outlooks/steo/xls/chart-gallery.xlsx sheet 43; STEO September 2026
2009-03,Utica,0.001,billion cubic feet per day,https://www.eia.gov/outlooks/steo/xls/chart-gallery.xlsx sheet 43; STEO September 2026
2009-03,Eagle Ford,0.012,billion cubic feet per day,https://www.eia.gov/outlooks/steo/xls/chart-gallery.xlsx sheet 43; STEO September 2026
2009-03,Bakken,0.12,billion cubic feet per day,https://www.eia.gov/outlooks/steo/xls/chart-gallery.xlsx sheet 43; STEO September 2026
2009-03,Barnett,5.321,billion cubic feet per day,https://www.eia.gov/outlooks/steo/xls/chart-gallery.xlsx sheet 43; STEO September 2026
2009-03,Fayetteville,1.202,billion cubic feet per day,https://www.eia.gov/outlooks/steo/xls/chart-gallery.xlsx sheet 43; STEO September 2026
2009-03,Mississippian,0.747,billion cubic feet per day,https://www.eia.gov/outlooks/steo/xls/chart-gallery.xlsx sheet 43; STEO September 2026
2009-03,Niobrara-Codell,0.597,billion cubic feet per day,https://www.eia.gov/outlooks/steo/xls/chart-gallery.xlsx sheet 43; STEO September 2026
2009-03,Woodford,0.885,billion cubic feet per day,https://www.eia.gov/outlooks/steo/xls/chart-gallery.xlsx sheet 43; STEO September 2026
2009-03,Rest of U.S.,2.002,billion cubic feet per day,https://www.eia.gov/outlooks/steo/xls/chart-gallery.xlsx sheet 43; STEO September 2026
2009-04,Permian,0.309,billion cubic feet per day,https://www.eia.gov/outlooks/steo/xls/chart-gallery.xlsx sheet 43; STEO September 2026
2009-04,Haynesville,0.823,billion cubic feet per day,https://www.eia.gov/outlooks/steo/xls/chart-gallery.xlsx sheet 43; STEO September 2026
2009-04,Marcellus,0.226,billion cubic feet per day,https://www.eia.gov/outlooks/steo/xls/chart-gallery.xlsx sheet 43; STEO September 2026
2009-04,Utica,0.001,billion cubic feet per day,https://www.eia.gov/outlooks/steo/xls/chart-gallery.xlsx sheet 43; STEO September 2026
2009-04,Eagle Ford,0.015,billion cubic feet per day,https://www.eia.gov/outlooks/steo/xls/chart-gallery.xlsx sheet 43; STEO September 2026
2009-04,Bakken,0.129,billion cubic feet per day,https://www.eia.gov/outlooks/steo/xls/chart-gallery.xlsx sheet 43; STEO September 2026
2009-04,Barnett,5.27,billion cubic feet per day,https://www.eia.gov/outlooks/steo/xls/chart-gallery.xlsx sheet 43; STEO September 2026
2009-04,Fayetteville,1.289,billion cubic feet per day,https://www.eia.gov/outlooks/steo/xls/chart-gallery.xlsx sheet 43; STEO September 2026
2009-04,Mississippian,0.74,billion cubic feet per day,https://www.eia.gov/outlooks/steo/xls/chart-gallery.xlsx sheet 43; STEO September 2026
2009-04,Niobrara-Codell,0.573,billion cubic feet per day,https://www.eia.gov/outlooks/steo/xls/chart-gallery.xlsx sheet 43; STEO September 2026
2009-04,Woodford,0.89,billion cubic feet per day,https://www.eia.gov/outlooks/steo/xls/chart-gallery.xlsx sheet 43; STEO September 2026
2009-04,Rest of U.S.,2.029,billion cubic feet per day,https://www.eia.gov/outlooks/steo/xls/chart-gallery.xlsx sheet 43; STEO September 2026
2009-05,Permian,0.319,billion cubic feet per day,https://www.eia.gov/outlooks/steo/xls/chart-gallery.xlsx sheet 43; STEO September 2026
2009-05,Haynesville,0.978,billion cubic feet per day,https://www.eia.gov/outlooks/steo/xls/chart-gallery.xlsx sheet 43; STEO September 2026
2009-05,Marcellus,0.243,billion cubic feet per day,https://www.eia.gov/outlooks/steo/xls/chart-gallery.xlsx sheet 43; STEO September 2026
2009-05,Utica,0.001,billion cubic feet per day,https://www.eia.gov/outlooks/steo/xls/chart-gallery.xlsx sheet 43; STEO September 2026
2009-05,Eagle Ford,0.021,billion cubic feet per day,https://www.eia.gov/outlooks/steo/xls/chart-gallery.xlsx sheet 43; STEO September 2026
2009-05,Bakken,0.133,billion cubic feet per day,https://www.eia.gov/outlooks/steo/xls/chart-gallery.xlsx sheet 43; STEO September 2026
2009-05,Barnett,5.172,billion cubic feet per day,https://www.eia.gov/outlooks/steo/xls/chart-gallery.xlsx sheet 43; STEO September 2026
2009-05,Fayetteville,1.35,billion cubic feet per day,https://www.eia.gov/outlooks/steo/xls/chart-gallery.xlsx sheet 43; STEO September 2026
2009-05,Mississippian,0.757,billion cubic feet per day,https://www.eia.gov/outlooks/steo/xls/chart-gallery.xlsx sheet 43; STEO September 2026
2009-05,Niobrara-Codell,0.584,billion cubic feet per day,https://www.eia.gov/outlooks/steo/xls/chart-gallery.xlsx sheet 43; STEO September 2026
2009-05,Woodford,0.889,billion cubic feet per day,https://www.eia.gov/outlooks/steo/xls/chart-gallery.xlsx sheet 43; STEO September 2026
2009-05,Rest of U.S.,2.033,billion cubic feet per day,https://www.eia.gov/outlooks/steo/xls/chart-gallery.xlsx sheet 43; STEO September 2026
2009-06,Permian,0.325,billion cubic feet per day,https://www.eia.gov/outlooks/steo/xls/chart-gallery.xlsx sheet 43; STEO September 2026
2009-06,Haynesville,1.159,billion cubic feet per day,https://www.eia.gov/outlooks/steo/xls/chart-gallery.xlsx sheet 43; STEO September 2026
2009-06,Marcellus,0.265,billion cubic feet per day,https://www.eia.gov/outlooks/steo/xls/chart-gallery.xlsx sheet 43; STEO September 2026
2009-06,Utica,0.001,billion cubic feet per day,https://www.eia.gov/outlooks/steo/xls/chart-gallery.xlsx sheet 43; STEO September 2026
2009-06,Eagle Ford,0.027,billion cubic feet per day,https://www.eia.gov/outlooks/steo/xls/chart-gallery.xlsx sheet 43; STEO September 2026
2009-06,Bakken,0.137,billion cubic feet per day,https://www.eia.gov/outlooks/steo/xls/chart-gallery.xlsx sheet 43; STEO September 2026
2009-06,Barnett,5.1,billion cubic feet per day,https://www.eia.gov/outlooks/steo/xls/chart-gallery.xlsx sheet 43; STEO September 2026
2009-06,Fayetteville,1.425,billion cubic feet per day,https://www.eia.gov/outlooks/steo/xls/chart-gallery.xlsx sheet 43; STEO September 2026
2009-06,Mississippian,0.766,billion cubic feet per day,https://www.eia.gov/outlooks/steo/xls/chart-gallery.xlsx sheet 43; STEO September 2026
2009-06,Niobrara-Codell,0.577,billion cubic feet per day,https://www.eia.gov/outlooks/steo/xls/chart-gallery.xlsx sheet 43; STEO September 2026
2009-06,Woodford,0.905,billion cubic feet per day,https://www.eia.gov/outlooks/steo/xls/chart-gallery.xlsx sheet 43; STEO September 2026
2009-06,Rest of U.S.,1.978,billion cubic feet per day,https://www.eia.gov/outlooks/steo/xls/chart-gallery.xlsx sheet 43; STEO September 2026
2009-07,Permian,0.326,billion cubic feet per day,https://www.eia.gov/outlooks/steo/xls/chart-gallery.xlsx sheet 43; STEO September 2026
2009-07,Haynesville,1.305,billion cubic feet per day,https://www.eia.gov/outlooks/steo/xls/chart-gallery.xlsx sheet 43; STEO September 2026
2009-07,Marcellus,0.467,billion cubic feet per day,https://www.eia.gov/outlooks/steo/xls/chart-gallery.xlsx sheet 43; STEO September 2026
2009-07,Utica,0.001,billion cubic feet per day,https://www.eia.gov/outlooks/steo/xls/chart-gallery.xlsx sheet 43; STEO September 2026
2009-07,Eagle Ford,0.037,billion cubic feet per day,https://www.eia.gov/outlooks/steo/xls/chart-gallery.xlsx sheet 43; STEO September 2026
2009-07,Bakken,0.147,billion cubic feet per day,https://www.eia.gov/outlooks/steo/xls/chart-gallery.xlsx sheet 43; STEO September 2026
2009-07,Barnett,5.042,billion cubic feet per day,https://www.eia.gov/outlooks/steo/xls/chart-gallery.xlsx sheet 43; STEO September 2026
2009-07,Fayetteville,1.391,billion cubic feet per day,https://www.eia.gov/outlooks/steo/xls/chart-gallery.xlsx sheet 43; STEO September 2026
2009-07,Mississippian,0.755,billion cubic feet per day,https://www.eia.gov/outlooks/steo/xls/chart-gallery.xlsx sheet 43; STEO September 2026
2009-07,Niobrara-Codell,0.572,billion cubic feet per day,https://www.eia.gov/outlooks/steo/xls/chart-gallery.xlsx sheet 43; STEO September 2026
2009-07,Woodford,0.926,billion cubic feet per day,https://www.eia.gov/outlooks/steo/xls/chart-gallery.xlsx sheet 43; STEO September 2026
2009-07,Rest of U.S.,1.966,billion cubic feet per day,https://www.eia.gov/outlooks/steo/xls/chart-gallery.xlsx sheet 43; STEO September 2026
2009-08,Permian,0.326,billion cubic feet per day,https://www.eia.gov/outlooks/steo/xls/chart-gallery.xlsx sheet 43; STEO September 2026
2009-08,Haynesville,1.531,billion cubic feet per day,https://www.eia.gov/outlooks/steo/xls/chart-gallery.xlsx sheet 43; STEO September 2026
2009-08,Marcellus,0.474,billion cubic feet per day,https://www.eia.gov/outlooks/steo/xls/chart-gallery.xlsx sheet 43; STEO September 2026
2009-08,Utica,0.001,billion cubic feet per day,https://www.eia.gov/outlooks/steo/xls/chart-gallery.xlsx sheet 43; STEO September 2026
2009-08,Eagle Ford,0.048,billion cubic feet per day,https://www.eia.gov/outlooks/steo/xls/chart-gallery.xlsx sheet 43; STEO September 2026
2009-08,Bakken,0.151,billion cubic feet per day,https://www.eia.gov/outlooks/steo/xls/chart-gallery.xlsx sheet 43; STEO September 2026
2009-08,Barnett,4.96,billion cubic feet per day,https://www.eia.gov/outlooks/steo/xls/chart-gallery.xlsx sheet 43; STEO September 2026
2009-08,Fayetteville,1.599,billion cubic feet per day,https://www.eia.gov/outlooks/steo/xls/chart-gallery.xlsx sheet 43; STEO September 2026
2009-08,Mississippian,0.75,billion cubic feet per day,https://www.eia.gov/outlooks/steo/xls/chart-gallery.xlsx sheet 43; STEO September 2026
2009-08,Niobrara-Codell,0.58,billion cubic feet per day,https://www.eia.gov/outlooks/steo/xls/chart-gallery.xlsx sheet 43; STEO September 2026
2009-08,Woodford,0.893,billion cubic feet per day,https://www.eia.gov/outlooks/steo/xls/chart-gallery.xlsx sheet 43; STEO September 2026
2009-08,Rest of U.S.,1.959,billion cubic feet per day,https://www.eia.gov/outlooks/steo/xls/chart-gallery.xlsx sheet 43; STEO September 2026
2009-09,Permian,0.328,billion cubic feet per day,https://www.eia.gov/outlooks/steo/xls/chart-gallery.xlsx sheet 43; STEO September 2026
2009-09,Haynesville,1.742,billion cubic feet per day,https://www.eia.gov/outlooks/steo/xls/chart-gallery.xlsx sheet 43; STEO September 2026
2009-09,Marcellus,0.486,billion cubic feet per day,https://www.eia.gov/outlooks/steo/xls/chart-gallery.xlsx sheet 43; STEO September 2026
2009-09,Utica,0.001,billion cubic feet per day,https://www.eia.gov/outlooks/steo/xls/chart-gallery.xlsx sheet 43; STEO September 2026
2009-09,Eagle Ford,0.061,billion cubic feet per day,https://www.eia.gov/outlooks/steo/xls/chart-gallery.xlsx sheet 43; STEO September 2026
2009-09,Bakken,0.155,billion cubic feet per day,https://www.eia.gov/outlooks/steo/xls/chart-gallery.xlsx sheet 43; STEO September 2026
2009-09,Barnett,4.889,billion cubic feet per day,https://www.eia.gov/outlooks/steo/xls/chart-gallery.xlsx sheet 43; STEO September 2026
2009-09,Fayetteville,1.143,billion cubic feet per day,https://www.eia.gov/outlooks/steo/xls/chart-gallery.xlsx sheet 43; STEO September 2026
2009-09,Mississippian,0.702,billion cubic feet per day,https://www.eia.gov/outlooks/steo/xls/chart-gallery.xlsx sheet 43; STEO September 2026
2009-09,Niobrara-Codell,0.577,billion cubic feet per day,https://www.eia.gov/outlooks/steo/xls/chart-gallery.xlsx sheet 43; STEO September 2026
2009-09,Woodford,0.887,billion cubic feet per day,https://www.eia.gov/outlooks/steo/xls/chart-gallery.xlsx sheet 43; STEO September 2026
2009-09,Rest of U.S.,1.947,billion cubic feet per day,https://www.eia.gov/outlooks/steo/xls/chart-gallery.xlsx sheet 43; STEO September 2026
2009-10,Permian,0.336,billion cubic feet per day,https://www.eia.gov/outlooks/steo/xls/chart-gallery.xlsx sheet 43; STEO September 2026
2009-10,Haynesville,2.041,billion cubic feet per day,https://www.eia.gov/outlooks/steo/xls/chart-gallery.xlsx sheet 43; STEO September 2026
2009-10,Marcellus,0.488,billion cubic feet per day,https://www.eia.gov/outlooks/steo/xls/chart-gallery.xlsx sheet 43; STEO September 2026
2009-10,Utica,0.001,billion cubic feet per day,https://www.eia.gov/outlooks/steo/xls/chart-gallery.xlsx sheet 43; STEO September 2026
2009-10,Eagle Ford,0.087,billion cubic feet per day,https://www.eia.gov/outlooks/steo/xls/chart-gallery.xlsx sheet 43; STEO September 2026
2009-10,Bakken,0.152,billion cubic feet per day,https://www.eia.gov/outlooks/steo/xls/chart-gallery.xlsx sheet 43; STEO September 2026
2009-10,Barnett,4.92,billion cubic feet per day,https://www.eia.gov/outlooks/steo/xls/chart-gallery.xlsx sheet 43; STEO September 2026
2009-10,Fayetteville,1.591,billion cubic feet per day,https://www.eia.gov/outlooks/steo/xls/chart-gallery.xlsx sheet 43; STEO September 2026
2009-10,Mississippian,0.717,billion cubic feet per day,https://www.eia.gov/outlooks/steo/xls/chart-gallery.xlsx sheet 43; STEO September 2026
2009-10,Niobrara-Codell,0.559,billion cubic feet per day,https://www.eia.gov/outlooks/steo/xls/chart-gallery.xlsx sheet 43; STEO September 2026
2009-10,Woodford,0.935,billion cubic feet per day,https://www.eia.gov/outlooks/steo/xls/chart-gallery.xlsx sheet 43; STEO September 2026
2009-10,Rest of U.S.,1.936,billion cubic feet per day,https://www.eia.gov/outlooks/steo/xls/chart-gallery.xlsx sheet 43; STEO September 2026
2009-11,Permian,0.34,billion cubic feet per day,https://www.eia.gov/outlooks/steo/xls/chart-gallery.xlsx sheet 43; STEO September 2026
2009-11,Haynesville,2.331,billion cubic feet per day,https://www.eia.gov/outlooks/steo/xls/chart-gallery.xlsx sheet 43; STEO September 2026
2009-11,Marcellus,0.495,billion cubic feet per day,https://www.eia.gov/outlooks/steo/xls/chart-gallery.xlsx sheet 43; STEO September 2026
2009-11,Utica,0.001,billion cubic feet per day,https://www.eia.gov/outlooks/steo/xls/chart-gallery.xlsx sheet 43; STEO September 2026
2009-11,Eagle Ford,0.127,billion cubic feet per day,https://www.eia.gov/outlooks/steo/xls/chart-gallery.xlsx sheet 43; STEO September 2026
2009-11,Bakken,0.158,billion cubic feet per day,https://www.eia.gov/outlooks/steo/xls/chart-gallery.xlsx sheet 43; STEO September 2026
2009-11,Barnett,4.902,billion cubic feet per day,https://www.eia.gov/outlooks/steo/xls/chart-gallery.xlsx sheet 43; STEO September 2026
2009-11,Fayetteville,1.779,billion cubic feet per day,https://www.eia.gov/outlooks/steo/xls/chart-gallery.xlsx sheet 43; STEO September 2026
2009-11,Mississippian,0.721,billion cubic feet per day,https://www.eia.gov/outlooks/steo/xls/chart-gallery.xlsx sheet 43; STEO September 2026
2009-11,Niobrara-Codell,0.568,billion cubic feet per day,https://www.eia.gov/outlooks/steo/xls/chart-gallery.xlsx sheet 43; STEO September 2026
2009-11,Woodford,0.966,billion cubic feet per day,https://www.eia.gov/outlooks/steo/xls/chart-gallery.xlsx sheet 43; STEO September 2026
2009-11,Rest of U.S.,1.938,billion cubic feet per day,https://www.eia.gov/outlooks/steo/xls/chart-gallery.xlsx sheet 43; STEO September 2026
2009-12,Permian,0.33,billion cubic feet per day,https://www.eia.gov/outlooks/steo/xls/chart-gallery.xlsx sheet 43; STEO September 2026
2009-12,Haynesville,2.389,billion cubic feet per day,https://www.eia.gov/outlooks/steo/xls/chart-gallery.xlsx sheet 43; STEO September 2026
2009-12,Marcellus,0.487,billion cubic feet per day,https://www.eia.gov/outlooks/steo/xls/chart-gallery.xlsx sheet 43; STEO September 2026
2009-12,Utica,0.001,billion cubic feet per day,https://www.eia.gov/outlooks/steo/xls/chart-gallery.xlsx sheet 43; STEO September 2026
2009-12,Eagle Ford,0.126,billion cubic feet per day,https://www.eia.gov/outlooks/steo/xls/chart-gallery.xlsx sheet 43; STEO September 2026
2009-12,Bakken,0.156,billion cubic feet per day,https://www.eia.gov/outlooks/steo/xls/chart-gallery.xlsx sheet 43; STEO September 2026
2009-12,Barnett,4.88,billion cubic feet per day,https://www.eia.gov/outlooks/steo/xls/chart-gallery.xlsx sheet 43; STEO September 2026
2009-12,Fayetteville,1.819,billion cubic feet per day,https://www.eia.gov/outlooks/steo/xls/chart-gallery.xlsx sheet 43; STEO September 2026
2009-12,Mississippian,0.688,billion cubic feet per day,https://www.eia.gov/outlooks/steo/xls/chart-gallery.xlsx sheet 43; STEO September 2026
2009-12,Niobrara-Codell,0.555,billion cubic feet per day,https://www.eia.gov/outlooks/steo/xls/chart-gallery.xlsx sheet 43; STEO September 2026
2009-12,Woodford,0.992,billion cubic feet per day,https://www.eia.gov/outlooks/steo/xls/chart-gallery.xlsx sheet 43; STEO September 2026
2009-12,Rest of U.S.,1.886,billion cubic feet per day,https://www.eia.gov/outlooks/steo/xls/chart-gallery.xlsx sheet 43; STEO September 2026
2010-01,Permian,0.344,billion cubic feet per day,https://www.eia.gov/outlooks/steo/xls/chart-gallery.xlsx sheet 43; STEO September 2026
2010-01,Haynesville,2.626,billion cubic feet per day,https://www.eia.gov/outlooks/steo/xls/chart-gallery.xlsx sheet 43; STEO September 2026
2010-01,Marcellus,0.552,billion cubic feet per day,https://www.eia.gov/outlooks/steo/xls/chart-gallery.xlsx sheet 43; STEO September 2026
2010-01,Utica,0.001,billion cubic feet per day,https://www.eia.gov/outlooks/steo/xls/chart-gallery.xlsx sheet 43; STEO September 2026
2010-01,Eagle Ford,0.138,billion cubic feet per day,https://www.eia.gov/outlooks/steo/xls/chart-gallery.xlsx sheet 43; STEO September 2026
2010-01,Bakken,0.156,billion cubic feet per day,https://www.eia.gov/outlooks/steo/xls/chart-gallery.xlsx sheet 43; STEO September 2026
2010-01,Barnett,4.969,billion cubic feet per day,https://www.eia.gov/outlooks/steo/xls/chart-gallery.xlsx sheet 43; STEO September 2026
2010-01,Fayetteville,1.814,billion cubic feet per day,https://www.eia.gov/outlooks/steo/xls/chart-gallery.xlsx sheet 43; STEO September 2026
2010-01,Mississippian,0.678,billion cubic feet per day,https://www.eia.gov/outlooks/steo/xls/chart-gallery.xlsx sheet 43; STEO September 2026
2010-01,Niobrara-Codell,0.577,billion cubic feet per day,https://www.eia.gov/outlooks/steo/xls/chart-gallery.xlsx sheet 43; STEO September 2026
2010-01,Woodford,1.033,billion cubic feet per day,https://www.eia.gov/outlooks/steo/xls/chart-gallery.xlsx sheet 43; STEO September 2026
2010-01,Rest of U.S.,1.878,billion cubic feet per day,https://www.eia.gov/outlooks/steo/xls/chart-gallery.xlsx sheet 43; STEO September 2026
2010-02,Permian,0.366,billion cubic feet per day,https://www.eia.gov/outlooks/steo/xls/chart-gallery.xlsx sheet 43; STEO September 2026
2010-02,Haynesville,2.862,billion cubic feet per day,https://www.eia.gov/outlooks/steo/xls/chart-gallery.xlsx sheet 43; STEO September 2026
2010-02,Marcellus,0.673,billion cubic feet per day,https://www.eia.gov/outlooks/steo/xls/chart-gallery.xlsx sheet 43; STEO September 2026
2010-02,Utica,0.001,billion cubic feet per day,https://www.eia.gov/outlooks/steo/xls/chart-gallery.xlsx sheet 43; STEO September 2026
2010-02,Eagle Ford,0.149,billion cubic feet per day,https://www.eia.gov/outlooks/steo/xls/chart-gallery.xlsx sheet 43; STEO September 2026
2010-02,Bakken,0.167,billion cubic feet per day,https://www.eia.gov/outlooks/steo/xls/chart-gallery.xlsx sheet 43; STEO September 2026
2010-02,Barnett,5.012,billion cubic feet per day,https://www.eia.gov/outlooks/steo/xls/chart-gallery.xlsx sheet 43; STEO September 2026
2010-02,Fayetteville,1.841,billion cubic feet per day,https://www.eia.gov/outlooks/steo/xls/chart-gallery.xlsx sheet 43; STEO September 2026
2010-02,Mississippian,0.681,billion cubic feet per day,https://www.eia.gov/outlooks/steo/xls/chart-gallery.xlsx sheet 43; STEO September 2026
2010-02,Niobrara-Codell,0.585,billion cubic feet per day,https://www.eia.gov/outlooks/steo/xls/chart-gallery.xlsx sheet 43; STEO September 2026
2010-02,Woodford,1.079,billion cubic feet per day,https://www.eia.gov/outlooks/steo/xls/chart-gallery.xlsx sheet 43; STEO September 2026
2010-02,Rest of U.S.,1.946,billion cubic feet per day,https://www.eia.gov/outlooks/steo/xls/chart-gallery.xlsx sheet 43; STEO September 2026
2010-03,Permian,0.37,billion cubic feet per day,https://www.eia.gov/outlooks/steo/xls/chart-gallery.xlsx sheet 43; STEO September 2026
2010-03,Haynesville,3.261,billion cubic feet per day,https://www.eia.gov/outlooks/steo/xls/chart-gallery.xlsx sheet 43; STEO September 2026
2010-03,Marcellus,0.786,billion cubic feet per day,https://www.eia.gov/outlooks/steo/xls/chart-gallery.xlsx sheet 43; STEO September 2026
2010-03,Utica,0.001,billion cubic feet per day,https://www.eia.gov/outlooks/steo/xls/chart-gallery.xlsx sheet 43; STEO September 2026
2010-03,Eagle Ford,0.163,billion cubic feet per day,https://www.eia.gov/outlooks/steo/xls/chart-gallery.xlsx sheet 43; STEO September 2026
2010-03,Bakken,0.179,billion cubic feet per day,https://www.eia.gov/outlooks/steo/xls/chart-gallery.xlsx sheet 43; STEO September 2026
2010-03,Barnett,5.126,billion cubic feet per day,https://www.eia.gov/outlooks/steo/xls/chart-gallery.xlsx sheet 43; STEO September 2026
2010-03,Fayetteville,1.898,billion cubic feet per day,https://www.eia.gov/outlooks/steo/xls/chart-gallery.xlsx sheet 43; STEO September 2026
2010-03,Mississippian,0.657,billion cubic feet per day,https://www.eia.gov/outlooks/steo/xls/chart-gallery.xlsx sheet 43; STEO September 2026
2010-03,Niobrara-Codell,0.588,billion cubic feet per day,https://www.eia.gov/outlooks/steo/xls/chart-gallery.xlsx sheet 43; STEO September 2026
2010-03,Woodford,1.094,billion cubic feet per day,https://www.eia.gov/outlooks/steo/xls/chart-gallery.xlsx sheet 43; STEO September 2026
2010-03,Rest of U.S.,2.069,billion cubic feet per day,https://www.eia.gov/outlooks/steo/xls/chart-gallery.xlsx sheet 43; STEO September 2026
2010-04,Permian,0.383,billion cubic feet per day,https://www.eia.gov/outlooks/steo/xls/chart-gallery.xlsx sheet 43; STEO September 2026
2010-04,Haynesville,3.363,billion cubic feet per day,https://www.eia.gov/outlooks/steo/xls/chart-gallery.xlsx sheet 43; STEO September 2026
2010-04,Marcellus,0.889,billion cubic feet per day,https://www.eia.gov/outlooks/steo/xls/chart-gallery.xlsx sheet 43; STEO September 2026
2010-04,Utica,0.001,billion cubic feet per day,https://www.eia.gov/outlooks/steo/xls/chart-gallery.xlsx sheet 43; STEO September 2026
2010-04,Eagle Ford,0.182,billion cubic feet per day,https://www.eia.gov/outlooks/steo/xls/chart-gallery.xlsx sheet 43; STEO September 2026
2010-04,Bakken,0.188,billion cubic feet per day,https://www.eia.gov/outlooks/steo/xls/chart-gallery.xlsx sheet 43; STEO September 2026
2010-04,Barnett,4.94,billion cubic feet per day,https://www.eia.gov/outlooks/steo/xls/chart-gallery.xlsx sheet 43; STEO September 2026
2010-04,Fayetteville,2.002,billion cubic feet per day,https://www.eia.gov/outlooks/steo/xls/chart-gallery.xlsx sheet 43; STEO September 2026
2010-04,Mississippian,0.669,billion cubic feet per day,https://www.eia.gov/outlooks/steo/xls/chart-gallery.xlsx sheet 43; STEO September 2026
2010-04,Niobrara-Codell,0.599,billion cubic feet per day,https://www.eia.gov/outlooks/steo/xls/chart-gallery.xlsx sheet 43; STEO September 2026
2010-04,Woodford,1.089,billion cubic feet per day,https://www.eia.gov/outlooks/steo/xls/chart-gallery.xlsx sheet 43; STEO September 2026
2010-04,Rest of U.S.,2.037,billion cubic feet per day,https://www.eia.gov/outlooks/steo/xls/chart-gallery.xlsx sheet 43; STEO September 2026
2010-05,Permian,0.419,billion cubic feet per day,https://www.eia.gov/outlooks/steo/xls/chart-gallery.xlsx sheet 43; STEO September 2026
2010-05,Haynesville,3.59,billion cubic feet per day,https://www.eia.gov/outlooks/steo/xls/chart-gallery.xlsx sheet 43; STEO September 2026
2010-05,Marcellus,1.051,billion cubic feet per day,https://www.eia.gov/outlooks/steo/xls/chart-gallery.xlsx sheet 43; STEO September 2026
2010-05,Utica,0.001,billion cubic feet per day,https://www.eia.gov/outlooks/steo/xls/chart-gallery.xlsx sheet 43; STEO September 2026
2010-05,Eagle Ford,0.223,billion cubic feet per day,https://www.eia.gov/outlooks/steo/xls/chart-gallery.xlsx sheet 43; STEO September 2026
2010-05,Bakken,0.202,billion cubic feet per day,https://www.eia.gov/outlooks/steo/xls/chart-gallery.xlsx sheet 43; STEO September 2026
2010-05,Barnett,5.247,billion cubic feet per day,https://www.eia.gov/outlooks/steo/xls/chart-gallery.xlsx sheet 43; STEO September 2026
2010-05,Fayetteville,2.031,billion cubic feet per day,https://www.eia.gov/outlooks/steo/xls/chart-gallery.xlsx sheet 43; STEO September 2026
2010-05,Mississippian,0.666,billion cubic feet per day,https://www.eia.gov/outlooks/steo/xls/chart-gallery.xlsx sheet 43; STEO September 2026
2010-05,Niobrara-Codell,0.606,billion cubic feet per day,https://www.eia.gov/outlooks/steo/xls/chart-gallery.xlsx sheet 43; STEO September 2026
2010-05,Woodford,1.213,billion cubic feet per day,https://www.eia.gov/outlooks/steo/xls/chart-gallery.xlsx sheet 43; STEO September 2026
2010-05,Rest of U.S.,2.03,billion cubic feet per day,https://www.eia.gov/outlooks/steo/xls/chart-gallery.xlsx sheet 43; STEO September 2026
2010-06,Permian,0.43,billion cubic feet per day,https://www.eia.gov/outlooks/steo/xls/chart-gallery.xlsx sheet 43; STEO September 2026
2010-06,Haynesville,3.961,billion cubic feet per day,https://www.eia.gov/outlooks/steo/xls/chart-gallery.xlsx sheet 43; STEO September 2026
2010-06,Marcellus,1.164,billion cubic feet per day,https://www.eia.gov/outlooks/steo/xls/chart-gallery.xlsx sheet 43; STEO September 2026
2010-06,Utica,0.001,billion cubic feet per day,https://www.eia.gov/outlooks/steo/xls/chart-gallery.xlsx sheet 43; STEO September 2026
2010-06,Eagle Ford,0.272,billion cubic feet per day,https://www.eia.gov/outlooks/steo/xls/chart-gallery.xlsx sheet 43; STEO September 2026
2010-06,Bakken,0.214,billion cubic feet per day,https://www.eia.gov/outlooks/steo/xls/chart-gallery.xlsx sheet 43; STEO September 2026
2010-06,Barnett,5.212,billion cubic feet per day,https://www.eia.gov/outlooks/steo/xls/chart-gallery.xlsx sheet 43; STEO September 2026
2010-06,Fayetteville,2.075,billion cubic feet per day,https://www.eia.gov/outlooks/steo/xls/chart-gallery.xlsx sheet 43; STEO September 2026
2010-06,Mississippian,0.669,billion cubic feet per day,https://www.eia.gov/outlooks/steo/xls/chart-gallery.xlsx sheet 43; STEO September 2026
2010-06,Niobrara-Codell,0.596,billion cubic feet per day,https://www.eia.gov/outlooks/steo/xls/chart-gallery.xlsx sheet 43; STEO September 2026
2010-06,Woodford,1.167,billion cubic feet per day,https://www.eia.gov/outlooks/steo/xls/chart-gallery.xlsx sheet 43; STEO September 2026
2010-06,Rest of U.S.,2.048,billion cubic feet per day,https://www.eia.gov/outlooks/steo/xls/chart-gallery.xlsx sheet 43; STEO September 2026
2010-07,Permian,0.446,billion cubic feet per day,https://www.eia.gov/outlooks/steo/xls/chart-gallery.xlsx sheet 43; STEO September 2026
2010-07,Haynesville,4.266,billion cubic feet per day,https://www.eia.gov/outlooks/steo/xls/chart-gallery.xlsx sheet 43; STEO September 2026
2010-07,Marcellus,1.276,billion cubic feet per day,https://www.eia.gov/outlooks/steo/xls/chart-gallery.xlsx sheet 43; STEO September 2026
2010-07,Utica,0.001,billion cubic feet per day,https://www.eia.gov/outlooks/steo/xls/chart-gallery.xlsx sheet 43; STEO September 2026
2010-07,Eagle Ford,0.287,billion cubic feet per day,https://www.eia.gov/outlooks/steo/xls/chart-gallery.xlsx sheet 43; STEO September 2026
2010-07,Bakken,0.226,billion cubic feet per day,https://www.eia.gov/outlooks/steo/xls/chart-gallery.xlsx sheet 43; STEO September 2026
2010-07,Barnett,5.35,billion cubic feet per day,https://www.eia.gov/outlooks/steo/xls/chart-gallery.xlsx sheet 43; STEO September 2026
2010-07,Fayetteville,2.145,billion cubic feet per day,https://www.eia.gov/outlooks/steo/xls/chart-gallery.xlsx sheet 43; STEO September 2026
2010-07,Mississippian,0.677,billion cubic feet per day,https://www.eia.gov/outlooks/steo/xls/chart-gallery.xlsx sheet 43; STEO September 2026
2010-07,Niobrara-Codell,0.556,billion cubic feet per day,https://www.eia.gov/outlooks/steo/xls/chart-gallery.xlsx sheet 43; STEO September 2026
2010-07,Woodford,1.175,billion cubic feet per day,https://www.eia.gov/outlooks/steo/xls/chart-gallery.xlsx sheet 43; STEO September 2026
2010-07,Rest of U.S.,2.106,billion cubic feet per day,https://www.eia.gov/outlooks/steo/xls/chart-gallery.xlsx sheet 43; STEO September 2026
2010-08,Permian,0.463,billion cubic feet per day,https://www.eia.gov/outlooks/steo/xls/chart-gallery.xlsx sheet 43; STEO September 2026
2010-08,Haynesville,4.518,billion cubic feet per day,https://www.eia.gov/outlooks/steo/xls/chart-gallery.xlsx sheet 43; STEO September 2026
2010-08,Marcellus,1.417,billion cubic feet per day,https://www.eia.gov/outlooks/steo/xls/chart-gallery.xlsx sheet 43; STEO September 2026
2010-08,Utica,0.001,billion cubic feet per day,https://www.eia.gov/outlooks/steo/xls/chart-gallery.xlsx sheet 43; STEO September 2026
2010-08,Eagle Ford,0.324,billion cubic feet per day,https://www.eia.gov/outlooks/steo/xls/chart-gallery.xlsx sheet 43; STEO September 2026
2010-08,Bakken,0.234,billion cubic feet per day,https://www.eia.gov/outlooks/steo/xls/chart-gallery.xlsx sheet 43; STEO September 2026
2010-08,Barnett,5.415,billion cubic feet per day,https://www.eia.gov/outlooks/steo/xls/chart-gallery.xlsx sheet 43; STEO September 2026
2010-08,Fayetteville,2.233,billion cubic feet per day,https://www.eia.gov/outlooks/steo/xls/chart-gallery.xlsx sheet 43; STEO September 2026
2010-08,Mississippian,0.663,billion cubic feet per day,https://www.eia.gov/outlooks/steo/xls/chart-gallery.xlsx sheet 43; STEO September 2026
2010-08,Niobrara-Codell,0.611,billion cubic feet per day,https://www.eia.gov/outlooks/steo/xls/chart-gallery.xlsx sheet 43; STEO September 2026
2010-08,Woodford,1.134,billion cubic feet per day,https://www.eia.gov/outlooks/steo/xls/chart-gallery.xlsx sheet 43; STEO September 2026
2010-08,Rest of U.S.,2.08,billion cubic feet per day,https://www.eia.gov/outlooks/steo/xls/chart-gallery.xlsx sheet 43; STEO September 2026
2010-09,Permian,0.487,billion cubic feet per day,https://www.eia.gov/outlooks/steo/xls/chart-gallery.xlsx sheet 43; STEO September 2026
2010-09,Haynesville,4.734,billion cubic feet per day,https://www.eia.gov/outlooks/steo/xls/chart-gallery.xlsx sheet 43; STEO September 2026
2010-09,Marcellus,1.631,billion cubic feet per day,https://www.eia.gov/outlooks/steo/xls/chart-gallery.xlsx sheet 43; STEO September 2026
2010-09,Utica,0.001,billion cubic feet per day,https://www.eia.gov/outlooks/steo/xls/chart-gallery.xlsx sheet 43; STEO September 2026
2010-09,Eagle Ford,0.373,billion cubic feet per day,https://www.eia.gov/outlooks/steo/xls/chart-gallery.xlsx sheet 43; STEO September 2026
2010-09,Bakken,0.251,billion cubic feet per day,https://www.eia.gov/outlooks/steo/xls/chart-gallery.xlsx sheet 43; STEO September 2026
2010-09,Barnett,5.596,billion cubic feet per day,https://www.eia.gov/outlooks/steo/xls/chart-gallery.xlsx sheet 43; STEO September 2026
2010-09,Fayetteville,2.264,billion cubic feet per day,https://www.eia.gov/outlooks/steo/xls/chart-gallery.xlsx sheet 43; STEO September 2026
2010-09,Mississippian,0.689,billion cubic feet per day,https://www.eia.gov/outlooks/steo/xls/chart-gallery.xlsx sheet 43; STEO September 2026
2010-09,Niobrara-Codell,0.613,billion cubic feet per day,https://www.eia.gov/outlooks/steo/xls/chart-gallery.xlsx sheet 43; STEO September 2026
2010-09,Woodford,1.166,billion cubic feet per day,https://www.eia.gov/outlooks/steo/xls/chart-gallery.xlsx sheet 43; STEO September 2026
2010-09,Rest of U.S.,2.115,billion cubic feet per day,https://www.eia.gov/outlooks/steo/xls/chart-gallery.xlsx sheet 43; STEO September 2026
2010-10,Permian,0.513,billion cubic feet per day,https://www.eia.gov/outlooks/steo/xls/chart-gallery.xlsx sheet 43; STEO September 2026
2010-10,Haynesville,4.823,billion cubic feet per day,https://www.eia.gov/outlooks/steo/xls/chart-gallery.xlsx sheet 43; STEO September 2026
2010-10,Marcellus,1.894,billion cubic feet per day,https://www.eia.gov/outlooks/steo/xls/chart-gallery.xlsx sheet 43; STEO September 2026
2010-10,Utica,0.001,billion cubic feet per day,https://www.eia.gov/outlooks/steo/xls/chart-gallery.xlsx sheet 43; STEO September 2026
2010-10,Eagle Ford,0.417,billion cubic feet per day,https://www.eia.gov/outlooks/steo/xls/chart-gallery.xlsx sheet 43; STEO September 2026
2010-10,Bakken,0.253,billion cubic feet per day,https://www.eia.gov/outlooks/steo/xls/chart-gallery.xlsx sheet 43; STEO September 2026
2010-10,Barnett,5.602,billion cubic feet per day,https://www.eia.gov/outlooks/steo/xls/chart-gallery.xlsx sheet 43; STEO September 2026
2010-10,Fayetteville,2.289,billion cubic feet per day,https://www.eia.gov/outlooks/steo/xls/chart-gallery.xlsx sheet 43; STEO September 2026
2010-10,Mississippian,0.681,billion cubic feet per day,https://www.eia.gov/outlooks/steo/xls/chart-gallery.xlsx sheet 43; STEO September 2026
2010-10,Niobrara-Codell,0.611,billion cubic feet per day,https://www.eia.gov/outlooks/steo/xls/chart-gallery.xlsx sheet 43; STEO September 2026
2010-10,Woodford,1.174,billion cubic feet per day,https://www.eia.gov/outlooks/steo/xls/chart-gallery.xlsx sheet 43; STEO September 2026
2010-10,Rest of U.S.,2.123,billion cubic feet per day,https://www.eia.gov/outlooks/steo/xls/chart-gallery.xlsx sheet 43; STEO September 2026
2010-11,Permian,0.517,billion cubic feet per day,https://www.eia.gov/outlooks/steo/xls/chart-gallery.xlsx sheet 43; STEO September 2026
2010-11,Haynesville,5.231,billion cubic feet per day,https://www.eia.gov/outlooks/steo/xls/chart-gallery.xlsx sheet 43; STEO September 2026
2010-11,Marcellus,2.044,billion cubic feet per day,https://www.eia.gov/outlooks/steo/xls/chart-gallery.xlsx sheet 43; STEO September 2026
2010-11,Utica,0.001,billion cubic feet per day,https://www.eia.gov/outlooks/steo/xls/chart-gallery.xlsx sheet 43; STEO September 2026
2010-11,Eagle Ford,0.467,billion cubic feet per day,https://www.eia.gov/outlooks/steo/xls/chart-gallery.xlsx sheet 43; STEO September 2026
2010-11,Bakken,0.274,billion cubic feet per day,https://www.eia.gov/outlooks/steo/xls/chart-gallery.xlsx sheet 43; STEO September 2026
2010-11,Barnett,5.671,billion cubic feet per day,https://www.eia.gov/outlooks/steo/xls/chart-gallery.xlsx sheet 43; STEO September 2026
2010-11,Fayetteville,2.323,billion cubic feet per day,https://www.eia.gov/outlooks/steo/xls/chart-gallery.xlsx sheet 43; STEO September 2026
2010-11,Mississippian,0.723,billion cubic feet per day,https://www.eia.gov/outlooks/steo/xls/chart-gallery.xlsx sheet 43; STEO September 2026
2010-11,Niobrara-Codell,0.619,billion cubic feet per day,https://www.eia.gov/outlooks/steo/xls/chart-gallery.xlsx sheet 43; STEO September 2026
2010-11,Woodford,1.219,billion cubic feet per day,https://www.eia.gov/outlooks/steo/xls/chart-gallery.xlsx sheet 43; STEO September 2026
2010-11,Rest of U.S.,2.231,billion cubic feet per day,https://www.eia.gov/outlooks/steo/xls/chart-gallery.xlsx sheet 43; STEO September 2026
2010-12,Permian,0.526,billion cubic feet per day,https://www.eia.gov/outlooks/steo/xls/chart-gallery.xlsx sheet 43; STEO September 2026
2010-12,Haynesville,5.604,billion cubic feet per day,https://www.eia.gov/outlooks/steo/xls/chart-gallery.xlsx sheet 43; STEO September 2026
2010-12,Marcellus,2.165,billion cubic feet per day,https://www.eia.gov/outlooks/steo/xls/chart-gallery.xlsx sheet 43; STEO September 2026
2010-12,Utica,0.001,billion cubic feet per day,https://www.eia.gov/outlooks/steo/xls/chart-gallery.xlsx sheet 43; STEO September 2026
2010-12,Eagle Ford,0.605,billion cubic feet per day,https://www.eia.gov/outlooks/steo/xls/chart-gallery.xlsx sheet 43; STEO September 2026
2010-12,Bakken,0.262,billion cubic feet per day,https://www.eia.gov/outlooks/steo/xls/chart-gallery.xlsx sheet 43; STEO September 2026
2010-12,Barnett,5.698,billion cubic feet per day,https://www.eia.gov/outlooks/steo/xls/chart-gallery.xlsx sheet 43; STEO September 2026
2010-12,Fayetteville,2.385,billion cubic feet per day,https://www.eia.gov/outlooks/steo/xls/chart-gallery.xlsx sheet 43; STEO September 2026
2010-12,Mississippian,0.669,billion cubic feet per day,https://www.eia.gov/outlooks/steo/xls/chart-gallery.xlsx sheet 43; STEO September 2026
2010-12,Niobrara-Codell,0.625,billion cubic feet per day,https://www.eia.gov/outlooks/steo/xls/chart-gallery.xlsx sheet 43; STEO September 2026
2010-12,Woodford,1.276,billion cubic feet per day,https://www.eia.gov/outlooks/steo/xls/chart-gallery.xlsx sheet 43; STEO September 2026
2010-12,Rest of U.S.,2.177,billion cubic feet per day,https://www.eia.gov/outlooks/steo/xls/chart-gallery.xlsx sheet 43; STEO September 2026
2011-01,Permian,0.539,billion cubic feet per day,https://www.eia.gov/outlooks/steo/xls/chart-gallery.xlsx sheet 43; STEO September 2026
2011-01,Haynesville,5.814,billion cubic feet per day,https://www.eia.gov/outlooks/steo/xls/chart-gallery.xlsx sheet 43; STEO September 2026
2011-01,Marcellus,2.179,billion cubic feet per day,https://www.eia.gov/outlooks/steo/xls/chart-gallery.xlsx sheet 43; STEO September 2026
2011-01,Utica,0,billion cubic feet per day,https://www.eia.gov/outlooks/steo/xls/chart-gallery.xlsx sheet 43; STEO September 2026
2011-01,Eagle Ford,0.673,billion cubic feet per day,https://www.eia.gov/outlooks/steo/xls/chart-gallery.xlsx sheet 43; STEO September 2026
2011-01,Bakken,0.261,billion cubic feet per day,https://www.eia.gov/outlooks/steo/xls/chart-gallery.xlsx sheet 43; STEO September 2026
2011-01,Barnett,5.608,billion cubic feet per day,https://www.eia.gov/outlooks/steo/xls/chart-gallery.xlsx sheet 43; STEO September 2026
2011-01,Fayetteville,2.385,billion cubic feet per day,https://www.eia.gov/outlooks/steo/xls/chart-gallery.xlsx sheet 43; STEO September 2026
2011-01,Mississippian,0.639,billion cubic feet per day,https://www.eia.gov/outlooks/steo/xls/chart-gallery.xlsx sheet 43; STEO September 2026
2011-01,Niobrara-Codell,0.609,billion cubic feet per day,https://www.eia.gov/outlooks/steo/xls/chart-gallery.xlsx sheet 43; STEO September 2026
2011-01,Woodford,1.32,billion cubic feet per day,https://www.eia.gov/outlooks/steo/xls/chart-gallery.xlsx sheet 43; STEO September 2026
2011-01,Rest of U.S.,2.148,billion cubic feet per day,https://www.eia.gov/outlooks/steo/xls/chart-gallery.xlsx sheet 43; STEO September 2026
2011-02,Permian,0.506,billion cubic feet per day,https://www.eia.gov/outlooks/steo/xls/chart-gallery.xlsx sheet 43; STEO September 2026
2011-02,Haynesville,6.012,billion cubic feet per day,https://www.eia.gov/outlooks/steo/xls/chart-gallery.xlsx sheet 43; STEO September 2026
2011-02,Marcellus,2.462,billion cubic feet per day,https://www.eia.gov/outlooks/steo/xls/chart-gallery.xlsx sheet 43; STEO September 2026
2011-02,Utica,0,billion cubic feet per day,https://www.eia.gov/outlooks/steo/xls/chart-gallery.xlsx sheet 43; STEO September 2026
2011-02,Eagle Ford,0.719,billion cubic feet per day,https://www.eia.gov/outlooks/steo/xls/chart-gallery.xlsx sheet 43; STEO September 2026
2011-02,Bakken,0.268,billion cubic feet per day,https://www.eia.gov/outlooks/steo/xls/chart-gallery.xlsx sheet 43; STEO September 2026
2011-02,Barnett,5.278,billion cubic feet per day,https://www.eia.gov/outlooks/steo/xls/chart-gallery.xlsx sheet 43; STEO September 2026
2011-02,Fayetteville,2.36,billion cubic feet per day,https://www.eia.gov/outlooks/steo/xls/chart-gallery.xlsx sheet 43; STEO September 2026
2011-02,Mississippian,0.626,billion cubic feet per day,https://www.eia.gov/outlooks/steo/xls/chart-gallery.xlsx sheet 43; STEO September 2026
2011-02,Niobrara-Codell,0.603,billion cubic feet per day,https://www.eia.gov/outlooks/steo/xls/chart-gallery.xlsx sheet 43; STEO September 2026
2011-02,Woodford,1.251,billion cubic feet per day,https://www.eia.gov/outlooks/steo/xls/chart-gallery.xlsx sheet 43; STEO September 2026
2011-02,Rest of U.S.,2.165,billion cubic feet per day,https://www.eia.gov/outlooks/steo/xls/chart-gallery.xlsx sheet 43; STEO September 2026
2011-03,Permian,0.591,billion cubic feet per day,https://www.eia.gov/outlooks/steo/xls/chart-gallery.xlsx sheet 43; STEO September 2026
2011-03,Haynesville,6.53,billion cubic feet per day,https://www.eia.gov/outlooks/steo/xls/chart-gallery.xlsx sheet 43; STEO September 2026
2011-03,Marcellus,2.75,billion cubic feet per day,https://www.eia.gov/outlooks/steo/xls/chart-gallery.xlsx sheet 43; STEO September 2026
2011-03,Utica,0,billion cubic feet per day,https://www.eia.gov/outlooks/steo/xls/chart-gallery.xlsx sheet 43; STEO September 2026
2011-03,Eagle Ford,0.738,billion cubic feet per day,https://www.eia.gov/outlooks/steo/xls/chart-gallery.xlsx sheet 43; STEO September 2026
2011-03,Bakken,0.286,billion cubic feet per day,https://www.eia.gov/outlooks/steo/xls/chart-gallery.xlsx sheet 43; STEO September 2026
2011-03,Barnett,5.783,billion cubic feet per day,https://www.eia.gov/outlooks/steo/xls/chart-gallery.xlsx sheet 43; STEO September 2026
2011-03,Fayetteville,2.428,billion cubic feet per day,https://www.eia.gov/outlooks/steo/xls/chart-gallery.xlsx sheet 43; STEO September 2026
2011-03,Mississippian,0.673,billion cubic feet per day,https://www.eia.gov/outlooks/steo/xls/chart-gallery.xlsx sheet 43; STEO September 2026
2011-03,Niobrara-Codell,0.637,billion cubic feet per day,https://www.eia.gov/outlooks/steo/xls/chart-gallery.xlsx sheet 43; STEO September 2026
2011-03,Woodford,1.23,billion cubic feet per day,https://www.eia.gov/outlooks/steo/xls/chart-gallery.xlsx sheet 43; STEO September 2026
2011-03,Rest of U.S.,2.268,billion cubic feet per day,https://www.eia.gov/outlooks/steo/xls/chart-gallery.xlsx sheet 43; STEO September 2026
2011-04,Permian,0.602,billion cubic feet per day,https://www.eia.gov/outlooks/steo/xls/chart-gallery.xlsx sheet 43; STEO September 2026
2011-04,Haynesville,6.822,billion cubic feet per day,https://www.eia.gov/outlooks/steo/xls/chart-gallery.xlsx sheet 43; STEO September 2026
2011-04,Marcellus,2.989,billion cubic feet per day,https://www.eia.gov/outlooks/steo/xls/chart-gallery.xlsx sheet 43; STEO September 2026
2011-04,Utica,0,billion cubic feet per day,https://www.eia.gov/outlooks/steo/xls/chart-gallery.xlsx sheet 43; STEO September 2026
2011-04,Eagle Ford,0.869,billion cubic feet per day,https://www.eia.gov/outlooks/steo/xls/chart-gallery.xlsx sheet 43; STEO September 2026
2011-04,Bakken,0.285,billion cubic feet per day,https://www.eia.gov/outlooks/steo/xls/chart-gallery.xlsx sheet 43; STEO September 2026
2011-04,Barnett,5.855,billion cubic feet per day,https://www.eia.gov/outlooks/steo/xls/chart-gallery.xlsx sheet 43; STEO September 2026
2011-04,Fayetteville,2.547,billion cubic feet per day,https://www.eia.gov/outlooks/steo/xls/chart-gallery.xlsx sheet 43; STEO September 2026
2011-04,Mississippian,0.682,billion cubic feet per day,https://www.eia.gov/outlooks/steo/xls/chart-gallery.xlsx sheet 43; STEO September 2026
2011-04,Niobrara-Codell,0.644,billion cubic feet per day,https://www.eia.gov/outlooks/steo/xls/chart-gallery.xlsx sheet 43; STEO September 2026
2011-04,Woodford,1.315,billion cubic feet per day,https://www.eia.gov/outlooks/steo/xls/chart-gallery.xlsx sheet 43; STEO September 2026
2011-04,Rest of U.S.,2.315,billion cubic feet per day,https://www.eia.gov/outlooks/steo/xls/chart-gallery.xlsx sheet 43; STEO September 2026
2011-05,Permian,0.635,billion cubic feet per day,https://www.eia.gov/outlooks/steo/xls/chart-gallery.xlsx sheet 43; STEO September 2026
2011-05,Haynesville,7.054,billion cubic feet per day,https://www.eia.gov/outlooks/steo/xls/chart-gallery.xlsx sheet 43; STEO September 2026
2011-05,Marcellus,3.224,billion cubic feet per day,https://www.eia.gov/outlooks/steo/xls/chart-gallery.xlsx sheet 43; STEO September 2026
2011-05,Utica,0,billion cubic feet per day,https://www.eia.gov/outlooks/steo/xls/chart-gallery.xlsx sheet 43; STEO September 2026
2011-05,Eagle Ford,0.936,billion cubic feet per day,https://www.eia.gov/outlooks/steo/xls/chart-gallery.xlsx sheet 43; STEO September 2026
2011-05,Bakken,0.295,billion cubic feet per day,https://www.eia.gov/outlooks/steo/xls/chart-gallery.xlsx sheet 43; STEO September 2026
2011-05,Barnett,5.93,billion cubic feet per day,https://www.eia.gov/outlooks/steo/xls/chart-gallery.xlsx sheet 43; STEO September 2026
2011-05,Fayetteville,2.55,billion cubic feet per day,https://www.eia.gov/outlooks/steo/xls/chart-gallery.xlsx sheet 43; STEO September 2026
2011-05,Mississippian,0.698,billion cubic feet per day,https://www.eia.gov/outlooks/steo/xls/chart-gallery.xlsx sheet 43; STEO September 2026
2011-05,Niobrara-Codell,0.628,billion cubic feet per day,https://www.eia.gov/outlooks/steo/xls/chart-gallery.xlsx sheet 43; STEO September 2026
2011-05,Woodford,1.254,billion cubic feet per day,https://www.eia.gov/outlooks/steo/xls/chart-gallery.xlsx sheet 43; STEO September 2026
2011-05,Rest of U.S.,2.329,billion cubic feet per day,https://www.eia.gov/outlooks/steo/xls/chart-gallery.xlsx sheet 43; STEO September 2026
2011-06,Permian,0.679,billion cubic feet per day,https://www.eia.gov/outlooks/steo/xls/chart-gallery.xlsx sheet 43; STEO September 2026
2011-06,Haynesville,6.968,billion cubic feet per day,https://www.eia.gov/outlooks/steo/xls/chart-gallery.xlsx sheet 43; STEO September 2026
2011-06,Marcellus,3.457,billion cubic feet per day,https://www.eia.gov/outlooks/steo/xls/chart-gallery.xlsx sheet 43; STEO September 2026
2011-06,Utica,0.008,billion cubic feet per day,https://www.eia.gov/outlooks/steo/xls/chart-gallery.xlsx sheet 43; STEO September 2026
2011-06,Eagle Ford,0.988,billion cubic feet per day,https://www.eia.gov/outlooks/steo/xls/chart-gallery.xlsx sheet 43; STEO September 2026
2011-06,Bakken,0.325,billion cubic feet per day,https://www.eia.gov/outlooks/steo/xls/chart-gallery.xlsx sheet 43; STEO September 2026
2011-06,Barnett,5.85,billion cubic feet per day,https://www.eia.gov/outlooks/steo/xls/chart-gallery.xlsx sheet 43; STEO September 2026
2011-06,Fayetteville,2.553,billion cubic feet per day,https://www.eia.gov/outlooks/steo/xls/chart-gallery.xlsx sheet 43; STEO September 2026
2011-06,Mississippian,0.666,billion cubic feet per day,https://www.eia.gov/outlooks/steo/xls/chart-gallery.xlsx sheet 43; STEO September 2026
2011-06,Niobrara-Codell,0.655,billion cubic feet per day,https://www.eia.gov/outlooks/steo/xls/chart-gallery.xlsx sheet 43; STEO September 2026
2011-06,Woodford,1.222,billion cubic feet per day,https://www.eia.gov/outlooks/steo/xls/chart-gallery.xlsx sheet 43; STEO September 2026
2011-06,Rest of U.S.,2.311,billion cubic feet per day,https://www.eia.gov/outlooks/steo/xls/chart-gallery.xlsx sheet 43; STEO September 2026
2011-07,Permian,0.721,billion cubic feet per day,https://www.eia.gov/outlooks/steo/xls/chart-gallery.xlsx sheet 43; STEO September 2026
2011-07,Haynesville,7.141,billion cubic feet per day,https://www.eia.gov/outlooks/steo/xls/chart-gallery.xlsx sheet 43; STEO September 2026
2011-07,Marcellus,3.254,billion cubic feet per day,https://www.eia.gov/outlooks/steo/xls/chart-gallery.xlsx sheet 43; STEO September 2026
2011-07,Utica,0.009,billion cubic feet per day,https://www.eia.gov/outlooks/steo/xls/chart-gallery.xlsx sheet 43; STEO September 2026
2011-07,Eagle Ford,1.091,billion cubic feet per day,https://www.eia.gov/outlooks/steo/xls/chart-gallery.xlsx sheet 43; STEO September 2026
2011-07,Bakken,0.364,billion cubic feet per day,https://www.eia.gov/outlooks/steo/xls/chart-gallery.xlsx sheet 43; STEO September 2026
2011-07,Barnett,5.828,billion cubic feet per day,https://www.eia.gov/outlooks/steo/xls/chart-gallery.xlsx sheet 43; STEO September 2026
2011-07,Fayetteville,2.584,billion cubic feet per day,https://www.eia.gov/outlooks/steo/xls/chart-gallery.xlsx sheet 43; STEO September 2026
2011-07,Mississippian,0.689,billion cubic feet per day,https://www.eia.gov/outlooks/steo/xls/chart-gallery.xlsx sheet 43; STEO September 2026
2011-07,Niobrara-Codell,0.661,billion cubic feet per day,https://www.eia.gov/outlooks/steo/xls/chart-gallery.xlsx sheet 43; STEO September 2026
2011-07,Woodford,1.224,billion cubic feet per day,https://www.eia.gov/outlooks/steo/xls/chart-gallery.xlsx sheet 43; STEO September 2026
2011-07,Rest of U.S.,2.272,billion cubic feet per day,https://www.eia.gov/outlooks/steo/xls/chart-gallery.xlsx sheet 43; STEO September 2026
2011-08,Permian,0.749,billion cubic feet per day,https://www.eia.gov/outlooks/steo/xls/chart-gallery.xlsx sheet 43; STEO September 2026
2011-08,Haynesville,7.42,billion cubic feet per day,https://www.eia.gov/outlooks/steo/xls/chart-gallery.xlsx sheet 43; STEO September 2026
2011-08,Marcellus,3.557,billion cubic feet per day,https://www.eia.gov/outlooks/steo/xls/chart-gallery.xlsx sheet 43; STEO September 2026
2011-08,Utica,0.012,billion cubic feet per day,https://www.eia.gov/outlooks/steo/xls/chart-gallery.xlsx sheet 43; STEO September 2026
2011-08,Eagle Ford,1.235,billion cubic feet per day,https://www.eia.gov/outlooks/steo/xls/chart-gallery.xlsx sheet 43; STEO September 2026
2011-08,Bakken,0.395,billion cubic feet per day,https://www.eia.gov/outlooks/steo/xls/chart-gallery.xlsx sheet 43; STEO September 2026
2011-08,Barnett,5.881,billion cubic feet per day,https://www.eia.gov/outlooks/steo/xls/chart-gallery.xlsx sheet 43; STEO September 2026
2011-08,Fayetteville,2.583,billion cubic feet per day,https://www.eia.gov/outlooks/steo/xls/chart-gallery.xlsx sheet 43; STEO September 2026
2011-08,Mississippian,0.673,billion cubic feet per day,https://www.eia.gov/outlooks/steo/xls/chart-gallery.xlsx sheet 43; STEO September 2026
2011-08,Niobrara-Codell,0.676,billion cubic feet per day,https://www.eia.gov/outlooks/steo/xls/chart-gallery.xlsx sheet 43; STEO September 2026
2011-08,Woodford,1.274,billion cubic feet per day,https://www.eia.gov/outlooks/steo/xls/chart-gallery.xlsx sheet 43; STEO September 2026
2011-08,Rest of U.S.,2.294,billion cubic feet per day,https://www.eia.gov/outlooks/steo/xls/chart-gallery.xlsx sheet 43; STEO September 2026
2011-09,Permian,0.767,billion cubic feet per day,https://www.eia.gov/outlooks/steo/xls/chart-gallery.xlsx sheet 43; STEO September 2026
2011-09,Haynesville,7.571,billion cubic feet per day,https://www.eia.gov/outlooks/steo/xls/chart-gallery.xlsx sheet 43; STEO September 2026
2011-09,Marcellus,3.861,billion cubic feet per day,https://www.eia.gov/outlooks/steo/xls/chart-gallery.xlsx sheet 43; STEO September 2026
2011-09,Utica,0.018,billion cubic feet per day,https://www.eia.gov/outlooks/steo/xls/chart-gallery.xlsx sheet 43; STEO September 2026
2011-09,Eagle Ford,1.406,billion cubic feet per day,https://www.eia.gov/outlooks/steo/xls/chart-gallery.xlsx sheet 43; STEO September 2026
2011-09,Bakken,0.413,billion cubic feet per day,https://www.eia.gov/outlooks/steo/xls/chart-gallery.xlsx sheet 43; STEO September 2026
2011-09,Barnett,6.033,billion cubic feet per day,https://www.eia.gov/outlooks/steo/xls/chart-gallery.xlsx sheet 43; STEO September 2026
2011-09,Fayetteville,2.681,billion cubic feet per day,https://www.eia.gov/outlooks/steo/xls/chart-gallery.xlsx sheet 43; STEO September 2026
2011-09,Mississippian,0.679,billion cubic feet per day,https://www.eia.gov/outlooks/steo/xls/chart-gallery.xlsx sheet 43; STEO September 2026
2011-09,Niobrara-Codell,0.667,billion cubic feet per day,https://www.eia.gov/outlooks/steo/xls/chart-gallery.xlsx sheet 43; STEO September 2026
2011-09,Woodford,1.268,billion cubic feet per day,https://www.eia.gov/outlooks/steo/xls/chart-gallery.xlsx sheet 43; STEO September 2026
2011-09,Rest of U.S.,2.317,billion cubic feet per day,https://www.eia.gov/outlooks/steo/xls/chart-gallery.xlsx sheet 43; STEO September 2026
2011-10,Permian,0.789,billion cubic feet per day,https://www.eia.gov/outlooks/steo/xls/chart-gallery.xlsx sheet 43; STEO September 2026
2011-10,Haynesville,7.628,billion cubic feet per day,https://www.eia.gov/outlooks/steo/xls/chart-gallery.xlsx sheet 43; STEO September 2026
2011-10,Marcellus,4.256,billion cubic feet per day,https://www.eia.gov/outlooks/steo/xls/chart-gallery.xlsx sheet 43; STEO September 2026
2011-10,Utica,0.019,billion cubic feet per day,https://www.eia.gov/outlooks/steo/xls/chart-gallery.xlsx sheet 43; STEO September 2026
2011-10,Eagle Ford,1.497,billion cubic feet per day,https://www.eia.gov/outlooks/steo/xls/chart-gallery.xlsx sheet 43; STEO September 2026
2011-10,Bakken,0.443,billion cubic feet per day,https://www.eia.gov/outlooks/steo/xls/chart-gallery.xlsx sheet 43; STEO September 2026
2011-10,Barnett,6.08,billion cubic feet per day,https://www.eia.gov/outlooks/steo/xls/chart-gallery.xlsx sheet 43; STEO September 2026
2011-10,Fayetteville,2.716,billion cubic feet per day,https://www.eia.gov/outlooks/steo/xls/chart-gallery.xlsx sheet 43; STEO September 2026
2011-10,Mississippian,0.716,billion cubic feet per day,https://www.eia.gov/outlooks/steo/xls/chart-gallery.xlsx sheet 43; STEO September 2026
2011-10,Niobrara-Codell,0.69,billion cubic feet per day,https://www.eia.gov/outlooks/steo/xls/chart-gallery.xlsx sheet 43; STEO September 2026
2011-10,Woodford,1.244,billion cubic feet per day,https://www.eia.gov/outlooks/steo/xls/chart-gallery.xlsx sheet 43; STEO September 2026
2011-10,Rest of U.S.,2.301,billion cubic feet per day,https://www.eia.gov/outlooks/steo/xls/chart-gallery.xlsx sheet 43; STEO September 2026
2011-11,Permian,0.832,billion cubic feet per day,https://www.eia.gov/outlooks/steo/xls/chart-gallery.xlsx sheet 43; STEO September 2026
2011-11,Haynesville,7.828,billion cubic feet per day,https://www.eia.gov/outlooks/steo/xls/chart-gallery.xlsx sheet 43; STEO September 2026
2011-11,Marcellus,4.605,billion cubic feet per day,https://www.eia.gov/outlooks/steo/xls/chart-gallery.xlsx sheet 43; STEO September 2026
2011-11,Utica,0.019,billion cubic feet per day,https://www.eia.gov/outlooks/steo/xls/chart-gallery.xlsx sheet 43; STEO September 2026
2011-11,Eagle Ford,1.665,billion cubic feet per day,https://www.eia.gov/outlooks/steo/xls/chart-gallery.xlsx sheet 43; STEO September 2026
2011-11,Bakken,0.466,billion cubic feet per day,https://www.eia.gov/outlooks/steo/xls/chart-gallery.xlsx sheet 43; STEO September 2026
2011-11,Barnett,6.19,billion cubic feet per day,https://www.eia.gov/outlooks/steo/xls/chart-gallery.xlsx sheet 43; STEO September 2026
2011-11,Fayetteville,2.702,billion cubic feet per day,https://www.eia.gov/outlooks/steo/xls/chart-gallery.xlsx sheet 43; STEO September 2026
2011-11,Mississippian,0.714,billion cubic feet per day,https://www.eia.gov/outlooks/steo/xls/chart-gallery.xlsx sheet 43; STEO September 2026
2011-11,Niobrara-Codell,0.703,billion cubic feet per day,https://www.eia.gov/outlooks/steo/xls/chart-gallery.xlsx sheet 43; STEO September 2026
2011-11,Woodford,1.304,billion cubic feet per day,https://www.eia.gov/outlooks/steo/xls/chart-gallery.xlsx sheet 43; STEO September 2026
2011-11,Rest of U.S.,2.351,billion cubic feet per day,https://www.eia.gov/outlooks/steo/xls/chart-gallery.xlsx sheet 43; STEO September 2026
2011-12,Permian,0.845,billion cubic feet per day,https://www.eia.gov/outlooks/steo/xls/chart-gallery.xlsx sheet 43; STEO September 2026
2011-12,Haynesville,7.765,billion cubic feet per day,https://www.eia.gov/outlooks/steo/xls/chart-gallery.xlsx sheet 43; STEO September 2026
2011-12,Marcellus,4.911,billion cubic feet per day,https://www.eia.gov/outlooks/steo/xls/chart-gallery.xlsx sheet 43; STEO September 2026
2011-12,Utica,0.019,billion cubic feet per day,https://www.eia.gov/outlooks/steo/xls/chart-gallery.xlsx sheet 43; STEO September 2026
2011-12,Eagle Ford,1.794,billion cubic feet per day,https://www.eia.gov/outlooks/steo/xls/chart-gallery.xlsx sheet 43; STEO September 2026
2011-12,Bakken,0.486,billion cubic feet per day,https://www.eia.gov/outlooks/steo/xls/chart-gallery.xlsx sheet 43; STEO September 2026
2011-12,Barnett,6.097,billion cubic feet per day,https://www.eia.gov/outlooks/steo/xls/chart-gallery.xlsx sheet 43; STEO September 2026
2011-12,Fayetteville,2.723,billion cubic feet per day,https://www.eia.gov/outlooks/steo/xls/chart-gallery.xlsx sheet 43; STEO September 2026
2011-12,Mississippian,0.73,billion cubic feet per day,https://www.eia.gov/outlooks/steo/xls/chart-gallery.xlsx sheet 43; STEO September 2026
2011-12,Niobrara-Codell,0.698,billion cubic feet per day,https://www.eia.gov/outlooks/steo/xls/chart-gallery.xlsx sheet 43; STEO September 2026
2011-12,Woodford,1.32,billion cubic feet per day,https://www.eia.gov/outlooks/steo/xls/chart-gallery.xlsx sheet 43; STEO September 2026
2011-12,Rest of U.S.,2.322,billion cubic feet per day,https://www.eia.gov/outlooks/steo/xls/chart-gallery.xlsx sheet 43; STEO September 2026
2012-01,Permian,0.879,billion cubic feet per day,https://www.eia.gov/outlooks/steo/xls/chart-gallery.xlsx sheet 43; STEO September 2026
2012-01,Haynesville,7.701,billion cubic feet per day,https://www.eia.gov/outlooks/steo/xls/chart-gallery.xlsx sheet 43; STEO September 2026
2012-01,Marcellus,4.849,billion cubic feet per day,https://www.eia.gov/outlooks/steo/xls/chart-gallery.xlsx sheet 43; STEO September 2026
2012-01,Utica,0.013,billion cubic feet per day,https://www.eia.gov/outlooks/steo/xls/chart-gallery.xlsx sheet 43; STEO September 2026
2012-01,Eagle Ford,1.89,billion cubic feet per day,https://www.eia.gov/outlooks/steo/xls/chart-gallery.xlsx sheet 43; STEO September 2026
2012-01,Bakken,0.512,billion cubic feet per day,https://www.eia.gov/outlooks/steo/xls/chart-gallery.xlsx sheet 43; STEO September 2026
2012-01,Barnett,5.953,billion cubic feet per day,https://www.eia.gov/outlooks/steo/xls/chart-gallery.xlsx sheet 43; STEO September 2026
2012-01,Fayetteville,2.731,billion cubic feet per day,https://www.eia.gov/outlooks/steo/xls/chart-gallery.xlsx sheet 43; STEO September 2026
2012-01,Mississippian,0.74,billion cubic feet per day,https://www.eia.gov/outlooks/steo/xls/chart-gallery.xlsx sheet 43; STEO September 2026
2012-01,Niobrara-Codell,0.696,billion cubic feet per day,https://www.eia.gov/outlooks/steo/xls/chart-gallery.xlsx sheet 43; STEO September 2026
2012-01,Woodford,1.431,billion cubic feet per day,https://www.eia.gov/outlooks/steo/xls/chart-gallery.xlsx sheet 43; STEO September 2026
2012-01,Rest of U.S.,2.292,billion cubic feet per day,https://www.eia.gov/outlooks/steo/xls/chart-gallery.xlsx sheet 43; STEO September 2026
2012-02,Permian,0.925,billion cubic feet per day,https://www.eia.gov/outlooks/steo/xls/chart-gallery.xlsx sheet 43; STEO September 2026
2012-02,Haynesville,7.306,billion cubic feet per day,https://www.eia.gov/outlooks/steo/xls/chart-gallery.xlsx sheet 43; STEO September 2026
2012-02,Marcellus,5.208,billion cubic feet per day,https://www.eia.gov/outlooks/steo/xls/chart-gallery.xlsx sheet 43; STEO September 2026
2012-02,Utica,0.015,billion cubic feet per day,https://www.eia.gov/outlooks/steo/xls/chart-gallery.xlsx sheet 43; STEO September 2026
2012-02,Eagle Ford,1.938,billion cubic feet per day,https://www.eia.gov/outlooks/steo/xls/chart-gallery.xlsx sheet 43; STEO September 2026
2012-02,Bakken,0.534,billion cubic feet per day,https://www.eia.gov/outlooks/steo/xls/chart-gallery.xlsx sheet 43; STEO September 2026
2012-02,Barnett,5.892,billion cubic feet per day,https://www.eia.gov/outlooks/steo/xls/chart-gallery.xlsx sheet 43; STEO September 2026
2012-02,Fayetteville,2.707,billion cubic feet per day,https://www.eia.gov/outlooks/steo/xls/chart-gallery.xlsx sheet 43; STEO September 2026
2012-02,Mississippian,0.728,billion cubic feet per day,https://www.eia.gov/outlooks/steo/xls/chart-gallery.xlsx sheet 43; STEO September 2026
2012-02,Niobrara-Codell,0.717,billion cubic feet per day,https://www.eia.gov/outlooks/steo/xls/chart-gallery.xlsx sheet 43; STEO September 2026
2012-02,Woodford,1.385,billion cubic feet per day,https://www.eia.gov/outlooks/steo/xls/chart-gallery.xlsx sheet 43; STEO September 2026
2012-02,Rest of U.S.,2.32,billion cubic feet per day,https://www.eia.gov/outlooks/steo/xls/chart-gallery.xlsx sheet 43; STEO September 2026
2012-03,Permian,0.964,billion cubic feet per day,https://www.eia.gov/outlooks/steo/xls/chart-gallery.xlsx sheet 43; STEO September 2026
2012-03,Haynesville,7.266,billion cubic feet per day,https://www.eia.gov/outlooks/steo/xls/chart-gallery.xlsx sheet 43; STEO September 2026
2012-03,Marcellus,5.57,billion cubic feet per day,https://www.eia.gov/outlooks/steo/xls/chart-gallery.xlsx sheet 43; STEO September 2026
2012-03,Utica,0.015,billion cubic feet per day,https://www.eia.gov/outlooks/steo/xls/chart-gallery.xlsx sheet 43; STEO September 2026
2012-03,Eagle Ford,2.035,billion cubic feet per day,https://www.eia.gov/outlooks/steo/xls/chart-gallery.xlsx sheet 43; STEO September 2026
2012-03,Bakken,0.559,billion cubic feet per day,https://www.eia.gov/outlooks/steo/xls/chart-gallery.xlsx sheet 43; STEO September 2026
2012-03,Barnett,6.056,billion cubic feet per day,https://www.eia.gov/outlooks/steo/xls/chart-gallery.xlsx sheet 43; STEO September 2026
2012-03,Fayetteville,2.744,billion cubic feet per day,https://www.eia.gov/outlooks/steo/xls/chart-gallery.xlsx sheet 43; STEO September 2026
2012-03,Mississippian,0.716,billion cubic feet per day,https://www.eia.gov/outlooks/steo/xls/chart-gallery.xlsx sheet 43; STEO September 2026
2012-03,Niobrara-Codell,0.739,billion cubic feet per day,https://www.eia.gov/outlooks/steo/xls/chart-gallery.xlsx sheet 43; STEO September 2026
2012-03,Woodford,1.467,billion cubic feet per day,https://www.eia.gov/outlooks/steo/xls/chart-gallery.xlsx sheet 43; STEO September 2026
2012-03,Rest of U.S.,2.181,billion cubic feet per day,https://www.eia.gov/outlooks/steo/xls/chart-gallery.xlsx sheet 43; STEO September 2026
2012-04,Permian,1.03,billion cubic feet per day,https://www.eia.gov/outlooks/steo/xls/chart-gallery.xlsx sheet 43; STEO September 2026
2012-04,Haynesville,7.237,billion cubic feet per day,https://www.eia.gov/outlooks/steo/xls/chart-gallery.xlsx sheet 43; STEO September 2026
2012-04,Marcellus,5.954,billion cubic feet per day,https://www.eia.gov/outlooks/steo/xls/chart-gallery.xlsx sheet 43; STEO September 2026
2012-04,Utica,0.019,billion cubic feet per day,https://www.eia.gov/outlooks/steo/xls/chart-gallery.xlsx sheet 43; STEO September 2026
2012-04,Eagle Ford,2.07,billion cubic feet per day,https://www.eia.gov/outlooks/steo/xls/chart-gallery.xlsx sheet 43; STEO September 2026
2012-04,Bakken,0.584,billion cubic feet per day,https://www.eia.gov/outlooks/steo/xls/chart-gallery.xlsx sheet 43; STEO September 2026
2012-04,Barnett,5.995,billion cubic feet per day,https://www.eia.gov/outlooks/steo/xls/chart-gallery.xlsx sheet 43; STEO September 2026
2012-04,Fayetteville,2.779,billion cubic feet per day,https://www.eia.gov/outlooks/steo/xls/chart-gallery.xlsx sheet 43; STEO September 2026
2012-04,Mississippian,0.763,billion cubic feet per day,https://www.eia.gov/outlooks/steo/xls/chart-gallery.xlsx sheet 43; STEO September 2026
2012-04,Niobrara-Codell,0.668,billion cubic feet per day,https://www.eia.gov/outlooks/steo/xls/chart-gallery.xlsx sheet 43; STEO September 2026
2012-04,Woodford,1.44,billion cubic feet per day,https://www.eia.gov/outlooks/steo/xls/chart-gallery.xlsx sheet 43; STEO September 2026
2012-04,Rest of U.S.,2.33,billion cubic feet per day,https://www.eia.gov/outlooks/steo/xls/chart-gallery.xlsx sheet 43; STEO September 2026
2012-05,Permian,1.051,billion cubic feet per day,https://www.eia.gov/outlooks/steo/xls/chart-gallery.xlsx sheet 43; STEO September 2026
2012-05,Haynesville,7.304,billion cubic feet per day,https://www.eia.gov/outlooks/steo/xls/chart-gallery.xlsx sheet 43; STEO September 2026
2012-05,Marcellus,6.337,billion cubic feet per day,https://www.eia.gov/outlooks/steo/xls/chart-gallery.xlsx sheet 43; STEO September 2026
2012-05,Utica,0.019,billion cubic feet per day,https://www.eia.gov/outlooks/steo/xls/chart-gallery.xlsx sheet 43; STEO September 2026
2012-05,Eagle Ford,2.235,billion cubic feet per day,https://www.eia.gov/outlooks/steo/xls/chart-gallery.xlsx sheet 43; STEO September 2026
2012-05,Bakken,0.621,billion cubic feet per day,https://www.eia.gov/outlooks/steo/xls/chart-gallery.xlsx sheet 43; STEO September 2026
2012-05,Barnett,6.001,billion cubic feet per day,https://www.eia.gov/outlooks/steo/xls/chart-gallery.xlsx sheet 43; STEO September 2026
2012-05,Fayetteville,2.757,billion cubic feet per day,https://www.eia.gov/outlooks/steo/xls/chart-gallery.xlsx sheet 43; STEO September 2026
2012-05,Mississippian,0.778,billion cubic feet per day,https://www.eia.gov/outlooks/steo/xls/chart-gallery.xlsx sheet 43; STEO September 2026
2012-05,Niobrara-Codell,0.739,billion cubic feet per day,https://www.eia.gov/outlooks/steo/xls/chart-gallery.xlsx sheet 43; STEO September 2026
2012-05,Woodford,1.527,billion cubic feet per day,https://www.eia.gov/outlooks/steo/xls/chart-gallery.xlsx sheet 43; STEO September 2026
2012-05,Rest of U.S.,2.307,billion cubic feet per day,https://www.eia.gov/outlooks/steo/xls/chart-gallery.xlsx sheet 43; STEO September 2026
2012-06,Permian,1.078,billion cubic feet per day,https://www.eia.gov/outlooks/steo/xls/chart-gallery.xlsx sheet 43; STEO September 2026
2012-06,Haynesville,7.502,billion cubic feet per day,https://www.eia.gov/outlooks/steo/xls/chart-gallery.xlsx sheet 43; STEO September 2026
2012-06,Marcellus,6.543,billion cubic feet per day,https://www.eia.gov/outlooks/steo/xls/chart-gallery.xlsx sheet 43; STEO September 2026
2012-06,Utica,0.032,billion cubic feet per day,https://www.eia.gov/outlooks/steo/xls/chart-gallery.xlsx sheet 43; STEO September 2026
2012-06,Eagle Ford,2.337,billion cubic feet per day,https://www.eia.gov/outlooks/steo/xls/chart-gallery.xlsx sheet 43; STEO September 2026
2012-06,Bakken,0.642,billion cubic feet per day,https://www.eia.gov/outlooks/steo/xls/chart-gallery.xlsx sheet 43; STEO September 2026
2012-06,Barnett,5.939,billion cubic feet per day,https://www.eia.gov/outlooks/steo/xls/chart-gallery.xlsx sheet 43; STEO September 2026
2012-06,Fayetteville,2.759,billion cubic feet per day,https://www.eia.gov/outlooks/steo/xls/chart-gallery.xlsx sheet 43; STEO September 2026
2012-06,Mississippian,0.788,billion cubic feet per day,https://www.eia.gov/outlooks/steo/xls/chart-gallery.xlsx sheet 43; STEO September 2026
2012-06,Niobrara-Codell,0.682,billion cubic feet per day,https://www.eia.gov/outlooks/steo/xls/chart-gallery.xlsx sheet 43; STEO September 2026
2012-06,Woodford,1.479,billion cubic feet per day,https://www.eia.gov/outlooks/steo/xls/chart-gallery.xlsx sheet 43; STEO September 2026
2012-06,Rest of U.S.,2.299,billion cubic feet per day,https://www.eia.gov/outlooks/steo/xls/chart-gallery.xlsx sheet 43; STEO September 2026
2012-07,Permian,1.148,billion cubic feet per day,https://www.eia.gov/outlooks/steo/xls/chart-gallery.xlsx sheet 43; STEO September 2026
2012-07,Haynesville,7.449,billion cubic feet per day,https://www.eia.gov/outlooks/steo/xls/chart-gallery.xlsx sheet 43; STEO September 2026
2012-07,Marcellus,6.369,billion cubic feet per day,https://www.eia.gov/outlooks/steo/xls/chart-gallery.xlsx sheet 43; STEO September 2026
2012-07,Utica,0.042,billion cubic feet per day,https://www.eia.gov/outlooks/steo/xls/chart-gallery.xlsx sheet 43; STEO September 2026
2012-07,Eagle Ford,2.445,billion cubic feet per day,https://www.eia.gov/outlooks/steo/xls/chart-gallery.xlsx sheet 43; STEO September 2026
2012-07,Bakken,0.668,billion cubic feet per day,https://www.eia.gov/outlooks/steo/xls/chart-gallery.xlsx sheet 43; STEO September 2026
2012-07,Barnett,6.066,billion cubic feet per day,https://www.eia.gov/outlooks/steo/xls/chart-gallery.xlsx sheet 43; STEO September 2026
2012-07,Fayetteville,2.755,billion cubic feet per day,https://www.eia.gov/outlooks/steo/xls/chart-gallery.xlsx sheet 43; STEO September 2026
2012-07,Mississippian,0.793,billion cubic feet per day,https://www.eia.gov/outlooks/steo/xls/chart-gallery.xlsx sheet 43; STEO September 2026
2012-07,Niobrara-Codell,0.684,billion cubic feet per day,https://www.eia.gov/outlooks/steo/xls/chart-gallery.xlsx sheet 43; STEO September 2026
2012-07,Woodford,1.411,billion cubic feet per day,https://www.eia.gov/outlooks/steo/xls/chart-gallery.xlsx sheet 43; STEO September 2026
2012-07,Rest of U.S.,2.329,billion cubic feet per day,https://www.eia.gov/outlooks/steo/xls/chart-gallery.xlsx sheet 43; STEO September 2026
2012-08,Permian,1.189,billion cubic feet per day,https://www.eia.gov/outlooks/steo/xls/chart-gallery.xlsx sheet 43; STEO September 2026
2012-08,Haynesville,7.444,billion cubic feet per day,https://www.eia.gov/outlooks/steo/xls/chart-gallery.xlsx sheet 43; STEO September 2026
2012-08,Marcellus,6.713,billion cubic feet per day,https://www.eia.gov/outlooks/steo/xls/chart-gallery.xlsx sheet 43; STEO September 2026
2012-08,Utica,0.052,billion cubic feet per day,https://www.eia.gov/outlooks/steo/xls/chart-gallery.xlsx sheet 43; STEO September 2026
2012-08,Eagle Ford,2.62,billion cubic feet per day,https://www.eia.gov/outlooks/steo/xls/chart-gallery.xlsx sheet 43; STEO September 2026
2012-08,Bakken,0.711,billion cubic feet per day,https://www.eia.gov/outlooks/steo/xls/chart-gallery.xlsx sheet 43; STEO September 2026
2012-08,Barnett,6.023,billion cubic feet per day,https://www.eia.gov/outlooks/steo/xls/chart-gallery.xlsx sheet 43; STEO September 2026
2012-08,Fayetteville,2.84,billion cubic feet per day,https://www.eia.gov/outlooks/steo/xls/chart-gallery.xlsx sheet 43; STEO September 2026
2012-08,Mississippian,0.847,billion cubic feet per day,https://www.eia.gov/outlooks/steo/xls/chart-gallery.xlsx sheet 43; STEO September 2026
2012-08,Niobrara-Codell,0.688,billion cubic feet per day,https://www.eia.gov/outlooks/steo/xls/chart-gallery.xlsx sheet 43; STEO September 2026
2012-08,Woodford,1.503,billion cubic feet per day,https://www.eia.gov/outlooks/steo/xls/chart-gallery.xlsx sheet 43; STEO September 2026
2012-08,Rest of U.S.,2.362,billion cubic feet per day,https://www.eia.gov/outlooks/steo/xls/chart-gallery.xlsx sheet 43; STEO September 2026
2012-09,Permian,1.243,billion cubic feet per day,https://www.eia.gov/outlooks/steo/xls/chart-gallery.xlsx sheet 43; STEO September 2026
2012-09,Haynesville,7.272,billion cubic feet per day,https://www.eia.gov/outlooks/steo/xls/chart-gallery.xlsx sheet 43; STEO September 2026
2012-09,Marcellus,7.012,billion cubic feet per day,https://www.eia.gov/outlooks/steo/xls/chart-gallery.xlsx sheet 43; STEO September 2026
2012-09,Utica,0.063,billion cubic feet per day,https://www.eia.gov/outlooks/steo/xls/chart-gallery.xlsx sheet 43; STEO September 2026
2012-09,Eagle Ford,2.733,billion cubic feet per day,https://www.eia.gov/outlooks/steo/xls/chart-gallery.xlsx sheet 43; STEO September 2026
2012-09,Bakken,0.744,billion cubic feet per day,https://www.eia.gov/outlooks/steo/xls/chart-gallery.xlsx sheet 43; STEO September 2026
2012-09,Barnett,6.004,billion cubic feet per day,https://www.eia.gov/outlooks/steo/xls/chart-gallery.xlsx sheet 43; STEO September 2026
2012-09,Fayetteville,2.869,billion cubic feet per day,https://www.eia.gov/outlooks/steo/xls/chart-gallery.xlsx sheet 43; STEO September 2026
2012-09,Mississippian,0.842,billion cubic feet per day,https://www.eia.gov/outlooks/steo/xls/chart-gallery.xlsx sheet 43; STEO September 2026
2012-09,Niobrara-Codell,0.751,billion cubic feet per day,https://www.eia.gov/outlooks/steo/xls/chart-gallery.xlsx sheet 43; STEO September 2026
2012-09,Woodford,1.624,billion cubic feet per day,https://www.eia.gov/outlooks/steo/xls/chart-gallery.xlsx sheet 43; STEO September 2026
2012-09,Rest of U.S.,2.291,billion cubic feet per day,https://www.eia.gov/outlooks/steo/xls/chart-gallery.xlsx sheet 43; STEO September 2026
2012-10,Permian,1.27,billion cubic feet per day,https://www.eia.gov/outlooks/steo/xls/chart-gallery.xlsx sheet 43; STEO September 2026
2012-10,Haynesville,7.022,billion cubic feet per day,https://www.eia.gov/outlooks/steo/xls/chart-gallery.xlsx sheet 43; STEO September 2026
2012-10,Marcellus,7.599,billion cubic feet per day,https://www.eia.gov/outlooks/steo/xls/chart-gallery.xlsx sheet 43; STEO September 2026
2012-10,Utica,0.063,billion cubic feet per day,https://www.eia.gov/outlooks/steo/xls/chart-gallery.xlsx sheet 43; STEO September 2026
2012-10,Eagle Ford,2.881,billion cubic feet per day,https://www.eia.gov/outlooks/steo/xls/chart-gallery.xlsx sheet 43; STEO September 2026
2012-10,Bakken,0.749,billion cubic feet per day,https://www.eia.gov/outlooks/steo/xls/chart-gallery.xlsx sheet 43; STEO September 2026
2012-10,Barnett,5.928,billion cubic feet per day,https://www.eia.gov/outlooks/steo/xls/chart-gallery.xlsx sheet 43; STEO September 2026
2012-10,Fayetteville,2.878,billion cubic feet per day,https://www.eia.gov/outlooks/steo/xls/chart-gallery.xlsx sheet 43; STEO September 2026
2012-10,Mississippian,0.838,billion cubic feet per day,https://www.eia.gov/outlooks/steo/xls/chart-gallery.xlsx sheet 43; STEO September 2026
2012-10,Niobrara-Codell,0.807,billion cubic feet per day,https://www.eia.gov/outlooks/steo/xls/chart-gallery.xlsx sheet 43; STEO September 2026
2012-10,Woodford,1.531,billion cubic feet per day,https://www.eia.gov/outlooks/steo/xls/chart-gallery.xlsx sheet 43; STEO September 2026
2012-10,Rest of U.S.,2.357,billion cubic feet per day,https://www.eia.gov/outlooks/steo/xls/chart-gallery.xlsx sheet 43; STEO September 2026
2012-11,Permian,1.318,billion cubic feet per day,https://www.eia.gov/outlooks/steo/xls/chart-gallery.xlsx sheet 43; STEO September 2026
2012-11,Haynesville,6.696,billion cubic feet per day,https://www.eia.gov/outlooks/steo/xls/chart-gallery.xlsx sheet 43; STEO September 2026
2012-11,Marcellus,7.87,billion cubic feet per day,https://www.eia.gov/outlooks/steo/xls/chart-gallery.xlsx sheet 43; STEO September 2026
2012-11,Utica,0.075,billion cubic feet per day,https://www.eia.gov/outlooks/steo/xls/chart-gallery.xlsx sheet 43; STEO September 2026
2012-11,Eagle Ford,2.994,billion cubic feet per day,https://www.eia.gov/outlooks/steo/xls/chart-gallery.xlsx sheet 43; STEO September 2026
2012-11,Bakken,0.735,billion cubic feet per day,https://www.eia.gov/outlooks/steo/xls/chart-gallery.xlsx sheet 43; STEO September 2026
2012-11,Barnett,5.505,billion cubic feet per day,https://www.eia.gov/outlooks/steo/xls/chart-gallery.xlsx sheet 43; STEO September 2026
2012-11,Fayetteville,2.9,billion cubic feet per day,https://www.eia.gov/outlooks/steo/xls/chart-gallery.xlsx sheet 43; STEO September 2026
2012-11,Mississippian,0.864,billion cubic feet per day,https://www.eia.gov/outlooks/steo/xls/chart-gallery.xlsx sheet 43; STEO September 2026
2012-11,Niobrara-Codell,0.818,billion cubic feet per day,https://www.eia.gov/outlooks/steo/xls/chart-gallery.xlsx sheet 43; STEO September 2026
2012-11,Woodford,1.536,billion cubic feet per day,https://www.eia.gov/outlooks/steo/xls/chart-gallery.xlsx sheet 43; STEO September 2026
2012-11,Rest of U.S.,2.299,billion cubic feet per day,https://www.eia.gov/outlooks/steo/xls/chart-gallery.xlsx sheet 43; STEO September 2026
2012-12,Permian,1.318,billion cubic feet per day,https://www.eia.gov/outlooks/steo/xls/chart-gallery.xlsx sheet 43; STEO September 2026
2012-12,Haynesville,6.471,billion cubic feet per day,https://www.eia.gov/outlooks/steo/xls/chart-gallery.xlsx sheet 43; STEO September 2026
2012-12,Marcellus,8.146,billion cubic feet per day,https://www.eia.gov/outlooks/steo/xls/chart-gallery.xlsx sheet 43; STEO September 2026
2012-12,Utica,0.087,billion cubic feet per day,https://www.eia.gov/outlooks/steo/xls/chart-gallery.xlsx sheet 43; STEO September 2026
2012-12,Eagle Ford,3.003,billion cubic feet per day,https://www.eia.gov/outlooks/steo/xls/chart-gallery.xlsx sheet 43; STEO September 2026
2012-12,Bakken,0.772,billion cubic feet per day,https://www.eia.gov/outlooks/steo/xls/chart-gallery.xlsx sheet 43; STEO September 2026
2012-12,Barnett,5.582,billion cubic feet per day,https://www.eia.gov/outlooks/steo/xls/chart-gallery.xlsx sheet 43; STEO September 2026
2012-12,Fayetteville,2.889,billion cubic feet per day,https://www.eia.gov/outlooks/steo/xls/chart-gallery.xlsx sheet 43; STEO September 2026
2012-12,Mississippian,0.844,billion cubic feet per day,https://www.eia.gov/outlooks/steo/xls/chart-gallery.xlsx sheet 43; STEO September 2026
2012-12,Niobrara-Codell,0.822,billion cubic feet per day,https://www.eia.gov/outlooks/steo/xls/chart-gallery.xlsx sheet 43; STEO September 2026
2012-12,Woodford,1.671,billion cubic feet per day,https://www.eia.gov/outlooks/steo/xls/chart-gallery.xlsx sheet 43; STEO September 2026
2012-12,Rest of U.S.,2.221,billion cubic feet per day,https://www.eia.gov/outlooks/steo/xls/chart-gallery.xlsx sheet 43; STEO September 2026
2013-01,Permian,1.109,billion cubic feet per day,https://www.eia.gov/outlooks/steo/xls/chart-gallery.xlsx sheet 43; STEO September 2026
2013-01,Haynesville,5.939,billion cubic feet per day,https://www.eia.gov/outlooks/steo/xls/chart-gallery.xlsx sheet 43; STEO September 2026
2013-01,Marcellus,8.028,billion cubic feet per day,https://www.eia.gov/outlooks/steo/xls/chart-gallery.xlsx sheet 43; STEO September 2026
2013-01,Utica,0.086,billion cubic feet per day,https://www.eia.gov/outlooks/steo/xls/chart-gallery.xlsx sheet 43; STEO September 2026
2013-01,Eagle Ford,2.562,billion cubic feet per day,https://www.eia.gov/outlooks/steo/xls/chart-gallery.xlsx sheet 43; STEO September 2026
2013-01,Bakken,0.448,billion cubic feet per day,https://www.eia.gov/outlooks/steo/xls/chart-gallery.xlsx sheet 43; STEO September 2026
2013-01,Barnett,4.735,billion cubic feet per day,https://www.eia.gov/outlooks/steo/xls/chart-gallery.xlsx sheet 43; STEO September 2026
2013-01,Fayetteville,2.833,billion cubic feet per day,https://www.eia.gov/outlooks/steo/xls/chart-gallery.xlsx sheet 43; STEO September 2026
2013-01,Mississippian,0.818,billion cubic feet per day,https://www.eia.gov/outlooks/steo/xls/chart-gallery.xlsx sheet 43; STEO September 2026
2013-01,Niobrara-Codell,0.765,billion cubic feet per day,https://www.eia.gov/outlooks/steo/xls/chart-gallery.xlsx sheet 43; STEO September 2026
2013-01,Woodford,1.635,billion cubic feet per day,https://www.eia.gov/outlooks/steo/xls/chart-gallery.xlsx sheet 43; STEO September 2026
2013-01,Rest of U.S.,1.942,billion cubic feet per day,https://www.eia.gov/outlooks/steo/xls/chart-gallery.xlsx sheet 43; STEO September 2026
2013-02,Permian,1.177,billion cubic feet per day,https://www.eia.gov/outlooks/steo/xls/chart-gallery.xlsx sheet 43; STEO September 2026
2013-02,Haynesville,5.814,billion cubic feet per day,https://www.eia.gov/outlooks/steo/xls/chart-gallery.xlsx sheet 43; STEO September 2026
2013-02,Marcellus,8.241,billion cubic feet per day,https://www.eia.gov/outlooks/steo/xls/chart-gallery.xlsx sheet 43; STEO September 2026
2013-02,Utica,0.106,billion cubic feet per day,https://www.eia.gov/outlooks/steo/xls/chart-gallery.xlsx sheet 43; STEO September 2026
2013-02,Eagle Ford,2.71,billion cubic feet per day,https://www.eia.gov/outlooks/steo/xls/chart-gallery.xlsx sheet 43; STEO September 2026
2013-02,Bakken,0.475,billion cubic feet per day,https://www.eia.gov/outlooks/steo/xls/chart-gallery.xlsx sheet 43; STEO September 2026
2013-02,Barnett,4.719,billion cubic feet per day,https://www.eia.gov/outlooks/steo/xls/chart-gallery.xlsx sheet 43; STEO September 2026
2013-02,Fayetteville,2.767,billion cubic feet per day,https://www.eia.gov/outlooks/steo/xls/chart-gallery.xlsx sheet 43; STEO September 2026
2013-02,Mississippian,0.787,billion cubic feet per day,https://www.eia.gov/outlooks/steo/xls/chart-gallery.xlsx sheet 43; STEO September 2026
2013-02,Niobrara-Codell,0.786,billion cubic feet per day,https://www.eia.gov/outlooks/steo/xls/chart-gallery.xlsx sheet 43; STEO September 2026
2013-02,Woodford,1.558,billion cubic feet per day,https://www.eia.gov/outlooks/steo/xls/chart-gallery.xlsx sheet 43; STEO September 2026
2013-02,Rest of U.S.,1.936,billion cubic feet per day,https://www.eia.gov/outlooks/steo/xls/chart-gallery.xlsx sheet 43; STEO September 2026
2013-03,Permian,1.21,billion cubic feet per day,https://www.eia.gov/outlooks/steo/xls/chart-gallery.xlsx sheet 43; STEO September 2026
2013-03,Haynesville,5.556,billion cubic feet per day,https://www.eia.gov/outlooks/steo/xls/chart-gallery.xlsx sheet 43; STEO September 2026
2013-03,Marcellus,8.702,billion cubic feet per day,https://www.eia.gov/outlooks/steo/xls/chart-gallery.xlsx sheet 43; STEO September 2026
2013-03,Utica,0.117,billion cubic feet per day,https://www.eia.gov/outlooks/steo/xls/chart-gallery.xlsx sheet 43; STEO September 2026
2013-03,Eagle Ford,2.863,billion cubic feet per day,https://www.eia.gov/outlooks/steo/xls/chart-gallery.xlsx sheet 43; STEO September 2026
2013-03,Bakken,0.482,billion cubic feet per day,https://www.eia.gov/outlooks/steo/xls/chart-gallery.xlsx sheet 43; STEO September 2026
2013-03,Barnett,4.702,billion cubic feet per day,https://www.eia.gov/outlooks/steo/xls/chart-gallery.xlsx sheet 43; STEO September 2026
2013-03,Fayetteville,2.749,billion cubic feet per day,https://www.eia.gov/outlooks/steo/xls/chart-gallery.xlsx sheet 43; STEO September 2026
2013-03,Mississippian,0.805,billion cubic feet per day,https://www.eia.gov/outlooks/steo/xls/chart-gallery.xlsx sheet 43; STEO September 2026
2013-03,Niobrara-Codell,0.794,billion cubic feet per day,https://www.eia.gov/outlooks/steo/xls/chart-gallery.xlsx sheet 43; STEO September 2026
2013-03,Woodford,1.615,billion cubic feet per day,https://www.eia.gov/outlooks/steo/xls/chart-gallery.xlsx sheet 43; STEO September 2026
2013-03,Rest of U.S.,1.95,billion cubic feet per day,https://www.eia.gov/outlooks/steo/xls/chart-gallery.xlsx sheet 43; STEO September 2026
2013-04,Permian,1.314,billion cubic feet per day,https://www.eia.gov/outlooks/steo/xls/chart-gallery.xlsx sheet 43; STEO September 2026
2013-04,Haynesville,5.448,billion cubic feet per day,https://www.eia.gov/outlooks/steo/xls/chart-gallery.xlsx sheet 43; STEO September 2026
2013-04,Marcellus,9.129,billion cubic feet per day,https://www.eia.gov/outlooks/steo/xls/chart-gallery.xlsx sheet 43; STEO September 2026
2013-04,Utica,0.155,billion cubic feet per day,https://www.eia.gov/outlooks/steo/xls/chart-gallery.xlsx sheet 43; STEO September 2026
2013-04,Eagle Ford,2.942,billion cubic feet per day,https://www.eia.gov/outlooks/steo/xls/chart-gallery.xlsx sheet 43; STEO September 2026
2013-04,Bakken,0.49,billion cubic feet per day,https://www.eia.gov/outlooks/steo/xls/chart-gallery.xlsx sheet 43; STEO September 2026
2013-04,Barnett,4.626,billion cubic feet per day,https://www.eia.gov/outlooks/steo/xls/chart-gallery.xlsx sheet 43; STEO September 2026
2013-04,Fayetteville,2.78,billion cubic feet per day,https://www.eia.gov/outlooks/steo/xls/chart-gallery.xlsx sheet 43; STEO September 2026
2013-04,Mississippian,0.86,billion cubic feet per day,https://www.eia.gov/outlooks/steo/xls/chart-gallery.xlsx sheet 43; STEO September 2026
2013-04,Niobrara-Codell,0.803,billion cubic feet per day,https://www.eia.gov/outlooks/steo/xls/chart-gallery.xlsx sheet 43; STEO September 2026
2013-04,Woodford,1.697,billion cubic feet per day,https://www.eia.gov/outlooks/steo/xls/chart-gallery.xlsx sheet 43; STEO September 2026
2013-04,Rest of U.S.,1.963,billion cubic feet per day,https://www.eia.gov/outlooks/steo/xls/chart-gallery.xlsx sheet 43; STEO September 2026
2013-05,Permian,1.373,billion cubic feet per day,https://www.eia.gov/outlooks/steo/xls/chart-gallery.xlsx sheet 43; STEO September 2026
2013-05,Haynesville,5.318,billion cubic feet per day,https://www.eia.gov/outlooks/steo/xls/chart-gallery.xlsx sheet 43; STEO September 2026
2013-05,Marcellus,9.729,billion cubic feet per day,https://www.eia.gov/outlooks/steo/xls/chart-gallery.xlsx sheet 43; STEO September 2026
2013-05,Utica,0.171,billion cubic feet per day,https://www.eia.gov/outlooks/steo/xls/chart-gallery.xlsx sheet 43; STEO September 2026
2013-05,Eagle Ford,3.065,billion cubic feet per day,https://www.eia.gov/outlooks/steo/xls/chart-gallery.xlsx sheet 43; STEO September 2026
2013-05,Bakken,0.514,billion cubic feet per day,https://www.eia.gov/outlooks/steo/xls/chart-gallery.xlsx sheet 43; STEO September 2026
2013-05,Barnett,4.637,billion cubic feet per day,https://www.eia.gov/outlooks/steo/xls/chart-gallery.xlsx sheet 43; STEO September 2026
2013-05,Fayetteville,2.816,billion cubic feet per day,https://www.eia.gov/outlooks/steo/xls/chart-gallery.xlsx sheet 43; STEO September 2026
2013-05,Mississippian,0.893,billion cubic feet per day,https://www.eia.gov/outlooks/steo/xls/chart-gallery.xlsx sheet 43; STEO September 2026
2013-05,Niobrara-Codell,0.795,billion cubic feet per day,https://www.eia.gov/outlooks/steo/xls/chart-gallery.xlsx sheet 43; STEO September 2026
2013-05,Woodford,1.694,billion cubic feet per day,https://www.eia.gov/outlooks/steo/xls/chart-gallery.xlsx sheet 43; STEO September 2026
2013-05,Rest of U.S.,2.005,billion cubic feet per day,https://www.eia.gov/outlooks/steo/xls/chart-gallery.xlsx sheet 43; STEO September 2026
2013-06,Permian,1.426,billion cubic feet per day,https://www.eia.gov/outlooks/steo/xls/chart-gallery.xlsx sheet 43; STEO September 2026
2013-06,Haynesville,5.169,billion cubic feet per day,https://www.eia.gov/outlooks/steo/xls/chart-gallery.xlsx sheet 43; STEO September 2026
2013-06,Marcellus,10.162,billion cubic feet per day,https://www.eia.gov/outlooks/steo/xls/chart-gallery.xlsx sheet 43; STEO September 2026
2013-06,Utica,0.212,billion cubic feet per day,https://www.eia.gov/outlooks/steo/xls/chart-gallery.xlsx sheet 43; STEO September 2026
2013-06,Eagle Ford,3.21,billion cubic feet per day,https://www.eia.gov/outlooks/steo/xls/chart-gallery.xlsx sheet 43; STEO September 2026
2013-06,Bakken,0.535,billion cubic feet per day,https://www.eia.gov/outlooks/steo/xls/chart-gallery.xlsx sheet 43; STEO September 2026
2013-06,Barnett,4.622,billion cubic feet per day,https://www.eia.gov/outlooks/steo/xls/chart-gallery.xlsx sheet 43; STEO September 2026
2013-06,Fayetteville,2.82,billion cubic feet per day,https://www.eia.gov/outlooks/steo/xls/chart-gallery.xlsx sheet 43; STEO September 2026
2013-06,Mississippian,0.876,billion cubic feet per day,https://www.eia.gov/outlooks/steo/xls/chart-gallery.xlsx sheet 43; STEO September 2026
2013-06,Niobrara-Codell,0.788,billion cubic feet per day,https://www.eia.gov/outlooks/steo/xls/chart-gallery.xlsx sheet 43; STEO September 2026
2013-06,Woodford,1.645,billion cubic feet per day,https://www.eia.gov/outlooks/steo/xls/chart-gallery.xlsx sheet 43; STEO September 2026
2013-06,Rest of U.S.,2.017,billion cubic feet per day,https://www.eia.gov/outlooks/steo/xls/chart-gallery.xlsx sheet 43; STEO September 2026
2013-07,Permian,1.472,billion cubic feet per day,https://www.eia.gov/outlooks/steo/xls/chart-gallery.xlsx sheet 43; STEO September 2026
2013-07,Haynesville,4.98,billion cubic feet per day,https://www.eia.gov/outlooks/steo/xls/chart-gallery.xlsx sheet 43; STEO September 2026
2013-07,Marcellus,9.733,billion cubic feet per day,https://www.eia.gov/outlooks/steo/xls/chart-gallery.xlsx sheet 43; STEO September 2026
2013-07,Utica,0.341,billion cubic feet per day,https://www.eia.gov/outlooks/steo/xls/chart-gallery.xlsx sheet 43; STEO September 2026
2013-07,Eagle Ford,3.255,billion cubic feet per day,https://www.eia.gov/outlooks/steo/xls/chart-gallery.xlsx sheet 43; STEO September 2026
2013-07,Bakken,0.565,billion cubic feet per day,https://www.eia.gov/outlooks/steo/xls/chart-gallery.xlsx sheet 43; STEO September 2026
2013-07,Barnett,4.619,billion cubic feet per day,https://www.eia.gov/outlooks/steo/xls/chart-gallery.xlsx sheet 43; STEO September 2026
2013-07,Fayetteville,2.807,billion cubic feet per day,https://www.eia.gov/outlooks/steo/xls/chart-gallery.xlsx sheet 43; STEO September 2026
2013-07,Mississippian,0.895,billion cubic feet per day,https://www.eia.gov/outlooks/steo/xls/chart-gallery.xlsx sheet 43; STEO September 2026
2013-07,Niobrara-Codell,0.809,billion cubic feet per day,https://www.eia.gov/outlooks/steo/xls/chart-gallery.xlsx sheet 43; STEO September 2026
2013-07,Woodford,1.674,billion cubic feet per day,https://www.eia.gov/outlooks/steo/xls/chart-gallery.xlsx sheet 43; STEO September 2026
2013-07,Rest of U.S.,2.003,billion cubic feet per day,https://www.eia.gov/outlooks/steo/xls/chart-gallery.xlsx sheet 43; STEO September 2026
2013-08,Permian,1.512,billion cubic feet per day,https://www.eia.gov/outlooks/steo/xls/chart-gallery.xlsx sheet 43; STEO September 2026
2013-08,Haynesville,4.761,billion cubic feet per day,https://www.eia.gov/outlooks/steo/xls/chart-gallery.xlsx sheet 43; STEO September 2026
2013-08,Marcellus,10.114,billion cubic feet per day,https://www.eia.gov/outlooks/steo/xls/chart-gallery.xlsx sheet 43; STEO September 2026
2013-08,Utica,0.385,billion cubic feet per day,https://www.eia.gov/outlooks/steo/xls/chart-gallery.xlsx sheet 43; STEO September 2026
2013-08,Eagle Ford,3.242,billion cubic feet per day,https://www.eia.gov/outlooks/steo/xls/chart-gallery.xlsx sheet 43; STEO September 2026
2013-08,Bakken,0.584,billion cubic feet per day,https://www.eia.gov/outlooks/steo/xls/chart-gallery.xlsx sheet 43; STEO September 2026
2013-08,Barnett,4.632,billion cubic feet per day,https://www.eia.gov/outlooks/steo/xls/chart-gallery.xlsx sheet 43; STEO September 2026
2013-08,Fayetteville,2.834,billion cubic feet per day,https://www.eia.gov/outlooks/steo/xls/chart-gallery.xlsx sheet 43; STEO September 2026
2013-08,Mississippian,0.919,billion cubic feet per day,https://www.eia.gov/outlooks/steo/xls/chart-gallery.xlsx sheet 43; STEO September 2026
2013-08,Niobrara-Codell,0.842,billion cubic feet per day,https://www.eia.gov/outlooks/steo/xls/chart-gallery.xlsx sheet 43; STEO September 2026
2013-08,Woodford,1.757,billion cubic feet per day,https://www.eia.gov/outlooks/steo/xls/chart-gallery.xlsx sheet 43; STEO September 2026
2013-08,Rest of U.S.,2.024,billion cubic feet per day,https://www.eia.gov/outlooks/steo/xls/chart-gallery.xlsx sheet 43; STEO September 2026
2013-09,Permian,1.598,billion cubic feet per day,https://www.eia.gov/outlooks/steo/xls/chart-gallery.xlsx sheet 43; STEO September 2026
2013-09,Haynesville,4.451,billion cubic feet per day,https://www.eia.gov/outlooks/steo/xls/chart-gallery.xlsx sheet 43; STEO September 2026
2013-09,Marcellus,10.472,billion cubic feet per day,https://www.eia.gov/outlooks/steo/xls/chart-gallery.xlsx sheet 43; STEO September 2026
2013-09,Utica,0.423,billion cubic feet per day,https://www.eia.gov/outlooks/steo/xls/chart-gallery.xlsx sheet 43; STEO September 2026
2013-09,Eagle Ford,3.309,billion cubic feet per day,https://www.eia.gov/outlooks/steo/xls/chart-gallery.xlsx sheet 43; STEO September 2026
2013-09,Bakken,0.614,billion cubic feet per day,https://www.eia.gov/outlooks/steo/xls/chart-gallery.xlsx sheet 43; STEO September 2026
2013-09,Barnett,4.587,billion cubic feet per day,https://www.eia.gov/outlooks/steo/xls/chart-gallery.xlsx sheet 43; STEO September 2026
2013-09,Fayetteville,2.833,billion cubic feet per day,https://www.eia.gov/outlooks/steo/xls/chart-gallery.xlsx sheet 43; STEO September 2026
2013-09,Mississippian,0.855,billion cubic feet per day,https://www.eia.gov/outlooks/steo/xls/chart-gallery.xlsx sheet 43; STEO September 2026
2013-09,Niobrara-Codell,0.814,billion cubic feet per day,https://www.eia.gov/outlooks/steo/xls/chart-gallery.xlsx sheet 43; STEO September 2026
2013-09,Woodford,1.704,billion cubic feet per day,https://www.eia.gov/outlooks/steo/xls/chart-gallery.xlsx sheet 43; STEO September 2026
2013-09,Rest of U.S.,2.017,billion cubic feet per day,https://www.eia.gov/outlooks/steo/xls/chart-gallery.xlsx sheet 43; STEO September 2026
2013-10,Permian,1.624,billion cubic feet per day,https://www.eia.gov/outlooks/steo/xls/chart-gallery.xlsx sheet 43; STEO September 2026
2013-10,Haynesville,4.321,billion cubic feet per day,https://www.eia.gov/outlooks/steo/xls/chart-gallery.xlsx sheet 43; STEO September 2026
2013-10,Marcellus,11.04,billion cubic feet per day,https://www.eia.gov/outlooks/steo/xls/chart-gallery.xlsx sheet 43; STEO September 2026
2013-10,Utica,0.434,billion cubic feet per day,https://www.eia.gov/outlooks/steo/xls/chart-gallery.xlsx sheet 43; STEO September 2026
2013-10,Eagle Ford,3.265,billion cubic feet per day,https://www.eia.gov/outlooks/steo/xls/chart-gallery.xlsx sheet 43; STEO September 2026
2013-10,Bakken,0.614,billion cubic feet per day,https://www.eia.gov/outlooks/steo/xls/chart-gallery.xlsx sheet 43; STEO September 2026
2013-10,Barnett,4.576,billion cubic feet per day,https://www.eia.gov/outlooks/steo/xls/chart-gallery.xlsx sheet 43; STEO September 2026
2013-10,Fayetteville,2.867,billion cubic feet per day,https://www.eia.gov/outlooks/steo/xls/chart-gallery.xlsx sheet 43; STEO September 2026
2013-10,Mississippian,0.906,billion cubic feet per day,https://www.eia.gov/outlooks/steo/xls/chart-gallery.xlsx sheet 43; STEO September 2026
2013-10,Niobrara-Codell,0.874,billion cubic feet per day,https://www.eia.gov/outlooks/steo/xls/chart-gallery.xlsx sheet 43; STEO September 2026
2013-10,Woodford,1.717,billion cubic feet per day,https://www.eia.gov/outlooks/steo/xls/chart-gallery.xlsx sheet 43; STEO September 2026
2013-10,Rest of U.S.,2.015,billion cubic feet per day,https://www.eia.gov/outlooks/steo/xls/chart-gallery.xlsx sheet 43; STEO September 2026
2013-11,Permian,1.58,billion cubic feet per day,https://www.eia.gov/outlooks/steo/xls/chart-gallery.xlsx sheet 43; STEO September 2026
2013-11,Haynesville,4.314,billion cubic feet per day,https://www.eia.gov/outlooks/steo/xls/chart-gallery.xlsx sheet 43; STEO September 2026
2013-11,Marcellus,11.715,billion cubic feet per day,https://www.eia.gov/outlooks/steo/xls/chart-gallery.xlsx sheet 43; STEO September 2026
2013-11,Utica,0.475,billion cubic feet per day,https://www.eia.gov/outlooks/steo/xls/chart-gallery.xlsx sheet 43; STEO September 2026
2013-11,Eagle Ford,3.246,billion cubic feet per day,https://www.eia.gov/outlooks/steo/xls/chart-gallery.xlsx sheet 43; STEO September 2026
2013-11,Bakken,0.629,billion cubic feet per day,https://www.eia.gov/outlooks/steo/xls/chart-gallery.xlsx sheet 43; STEO September 2026
2013-11,Barnett,4.509,billion cubic feet per day,https://www.eia.gov/outlooks/steo/xls/chart-gallery.xlsx sheet 43; STEO September 2026
2013-11,Fayetteville,2.866,billion cubic feet per day,https://www.eia.gov/outlooks/steo/xls/chart-gallery.xlsx sheet 43; STEO September 2026
2013-11,Mississippian,0.928,billion cubic feet per day,https://www.eia.gov/outlooks/steo/xls/chart-gallery.xlsx sheet 43; STEO September 2026
2013-11,Niobrara-Codell,0.891,billion cubic feet per day,https://www.eia.gov/outlooks/steo/xls/chart-gallery.xlsx sheet 43; STEO September 2026
2013-11,Woodford,1.683,billion cubic feet per day,https://www.eia.gov/outlooks/steo/xls/chart-gallery.xlsx sheet 43; STEO September 2026
2013-11,Rest of U.S.,2.02,billion cubic feet per day,https://www.eia.gov/outlooks/steo/xls/chart-gallery.xlsx sheet 43; STEO September 2026
2013-12,Permian,1.568,billion cubic feet per day,https://www.eia.gov/outlooks/steo/xls/chart-gallery.xlsx sheet 43; STEO September 2026
2013-12,Haynesville,4.244,billion cubic feet per day,https://www.eia.gov/outlooks/steo/xls/chart-gallery.xlsx sheet 43; STEO September 2026
2013-12,Marcellus,11.999,billion cubic feet per day,https://www.eia.gov/outlooks/steo/xls/chart-gallery.xlsx sheet 43; STEO September 2026
2013-12,Utica,0.55,billion cubic feet per day,https://www.eia.gov/outlooks/steo/xls/chart-gallery.xlsx sheet 43; STEO September 2026
2013-12,Eagle Ford,3.435,billion cubic feet per day,https://www.eia.gov/outlooks/steo/xls/chart-gallery.xlsx sheet 43; STEO September 2026
2013-12,Bakken,0.589,billion cubic feet per day,https://www.eia.gov/outlooks/steo/xls/chart-gallery.xlsx sheet 43; STEO September 2026
2013-12,Barnett,4.21,billion cubic feet per day,https://www.eia.gov/outlooks/steo/xls/chart-gallery.xlsx sheet 43; STEO September 2026
2013-12,Fayetteville,2.79,billion cubic feet per day,https://www.eia.gov/outlooks/steo/xls/chart-gallery.xlsx sheet 43; STEO September 2026
2013-12,Mississippian,0.869,billion cubic feet per day,https://www.eia.gov/outlooks/steo/xls/chart-gallery.xlsx sheet 43; STEO September 2026
2013-12,Niobrara-Codell,0.839,billion cubic feet per day,https://www.eia.gov/outlooks/steo/xls/chart-gallery.xlsx sheet 43; STEO September 2026
2013-12,Woodford,1.704,billion cubic feet per day,https://www.eia.gov/outlooks/steo/xls/chart-gallery.xlsx sheet 43; STEO September 2026
2013-12,Rest of U.S.,1.997,billion cubic feet per day,https://www.eia.gov/outlooks/steo/xls/chart-gallery.xlsx sheet 43; STEO September 2026
2014-01,Permian,1.699,billion cubic feet per day,https://www.eia.gov/outlooks/steo/xls/chart-gallery.xlsx sheet 43; STEO September 2026
2014-01,Haynesville,4.138,billion cubic feet per day,https://www.eia.gov/outlooks/steo/xls/chart-gallery.xlsx sheet 43; STEO September 2026
2014-01,Marcellus,11.587,billion cubic feet per day,https://www.eia.gov/outlooks/steo/xls/chart-gallery.xlsx sheet 43; STEO September 2026
2014-01,Utica,0.685,billion cubic feet per day,https://www.eia.gov/outlooks/steo/xls/chart-gallery.xlsx sheet 43; STEO September 2026
2014-01,Eagle Ford,3.344,billion cubic feet per day,https://www.eia.gov/outlooks/steo/xls/chart-gallery.xlsx sheet 43; STEO September 2026
2014-01,Bakken,0.608,billion cubic feet per day,https://www.eia.gov/outlooks/steo/xls/chart-gallery.xlsx sheet 43; STEO September 2026
2014-01,Barnett,4.302,billion cubic feet per day,https://www.eia.gov/outlooks/steo/xls/chart-gallery.xlsx sheet 43; STEO September 2026
2014-01,Fayetteville,2.77,billion cubic feet per day,https://www.eia.gov/outlooks/steo/xls/chart-gallery.xlsx sheet 43; STEO September 2026
2014-01,Mississippian,0.903,billion cubic feet per day,https://www.eia.gov/outlooks/steo/xls/chart-gallery.xlsx sheet 43; STEO September 2026
2014-01,Niobrara-Codell,0.834,billion cubic feet per day,https://www.eia.gov/outlooks/steo/xls/chart-gallery.xlsx sheet 43; STEO September 2026
2014-01,Woodford,1.588,billion cubic feet per day,https://www.eia.gov/outlooks/steo/xls/chart-gallery.xlsx sheet 43; STEO September 2026
2014-01,Rest of U.S.,1.962,billion cubic feet per day,https://www.eia.gov/outlooks/steo/xls/chart-gallery.xlsx sheet 43; STEO September 2026
2014-02,Permian,1.764,billion cubic feet per day,https://www.eia.gov/outlooks/steo/xls/chart-gallery.xlsx sheet 43; STEO September 2026
2014-02,Haynesville,4.099,billion cubic feet per day,https://www.eia.gov/outlooks/steo/xls/chart-gallery.xlsx sheet 43; STEO September 2026
2014-02,Marcellus,11.901,billion cubic feet per day,https://www.eia.gov/outlooks/steo/xls/chart-gallery.xlsx sheet 43; STEO September 2026
2014-02,Utica,0.715,billion cubic feet per day,https://www.eia.gov/outlooks/steo/xls/chart-gallery.xlsx sheet 43; STEO September 2026
2014-02,Eagle Ford,3.432,billion cubic feet per day,https://www.eia.gov/outlooks/steo/xls/chart-gallery.xlsx sheet 43; STEO September 2026
2014-02,Bakken,0.635,billion cubic feet per day,https://www.eia.gov/outlooks/steo/xls/chart-gallery.xlsx sheet 43; STEO September 2026
2014-02,Barnett,4.287,billion cubic feet per day,https://www.eia.gov/outlooks/steo/xls/chart-gallery.xlsx sheet 43; STEO September 2026
2014-02,Fayetteville,2.805,billion cubic feet per day,https://www.eia.gov/outlooks/steo/xls/chart-gallery.xlsx sheet 43; STEO September 2026
2014-02,Mississippian,0.869,billion cubic feet per day,https://www.eia.gov/outlooks/steo/xls/chart-gallery.xlsx sheet 43; STEO September 2026
2014-02,Niobrara-Codell,0.869,billion cubic feet per day,https://www.eia.gov/outlooks/steo/xls/chart-gallery.xlsx sheet 43; STEO September 2026
2014-02,Woodford,1.619,billion cubic feet per day,https://www.eia.gov/outlooks/steo/xls/chart-gallery.xlsx sheet 43; STEO September 2026
2014-02,Rest of U.S.,1.948,billion cubic feet per day,https://www.eia.gov/outlooks/steo/xls/chart-gallery.xlsx sheet 43; STEO September 2026
2014-03,Permian,1.874,billion cubic feet per day,https://www.eia.gov/outlooks/steo/xls/chart-gallery.xlsx sheet 43; STEO September 2026
2014-03,Haynesville,4.09,billion cubic feet per day,https://www.eia.gov/outlooks/steo/xls/chart-gallery.xlsx sheet 43; STEO September 2026
2014-03,Marcellus,12.234,billion cubic feet per day,https://www.eia.gov/outlooks/steo/xls/chart-gallery.xlsx sheet 43; STEO September 2026
2014-03,Utica,0.782,billion cubic feet per day,https://www.eia.gov/outlooks/steo/xls/chart-gallery.xlsx sheet 43; STEO September 2026
2014-03,Eagle Ford,3.557,billion cubic feet per day,https://www.eia.gov/outlooks/steo/xls/chart-gallery.xlsx sheet 43; STEO September 2026
2014-03,Bakken,0.65,billion cubic feet per day,https://www.eia.gov/outlooks/steo/xls/chart-gallery.xlsx sheet 43; STEO September 2026
2014-03,Barnett,4.333,billion cubic feet per day,https://www.eia.gov/outlooks/steo/xls/chart-gallery.xlsx sheet 43; STEO September 2026
2014-03,Fayetteville,2.82,billion cubic feet per day,https://www.eia.gov/outlooks/steo/xls/chart-gallery.xlsx sheet 43; STEO September 2026
2014-03,Mississippian,0.923,billion cubic feet per day,https://www.eia.gov/outlooks/steo/xls/chart-gallery.xlsx sheet 43; STEO September 2026
2014-03,Niobrara-Codell,0.927,billion cubic feet per day,https://www.eia.gov/outlooks/steo/xls/chart-gallery.xlsx sheet 43; STEO September 2026
2014-03,Woodford,1.767,billion cubic feet per day,https://www.eia.gov/outlooks/steo/xls/chart-gallery.xlsx sheet 43; STEO September 2026
2014-03,Rest of U.S.,1.956,billion cubic feet per day,https://www.eia.gov/outlooks/steo/xls/chart-gallery.xlsx sheet 43; STEO September 2026
2014-04,Permian,1.986,billion cubic feet per day,https://www.eia.gov/outlooks/steo/xls/chart-gallery.xlsx sheet 43; STEO September 2026
2014-04,Haynesville,4.143,billion cubic feet per day,https://www.eia.gov/outlooks/steo/xls/chart-gallery.xlsx sheet 43; STEO September 2026
2014-04,Marcellus,12.655,billion cubic feet per day,https://www.eia.gov/outlooks/steo/xls/chart-gallery.xlsx sheet 43; STEO September 2026
2014-04,Utica,0.862,billion cubic feet per day,https://www.eia.gov/outlooks/steo/xls/chart-gallery.xlsx sheet 43; STEO September 2026
2014-04,Eagle Ford,3.745,billion cubic feet per day,https://www.eia.gov/outlooks/steo/xls/chart-gallery.xlsx sheet 43; STEO September 2026
2014-04,Bakken,0.668,billion cubic feet per day,https://www.eia.gov/outlooks/steo/xls/chart-gallery.xlsx sheet 43; STEO September 2026
2014-04,Barnett,4.368,billion cubic feet per day,https://www.eia.gov/outlooks/steo/xls/chart-gallery.xlsx sheet 43; STEO September 2026
2014-04,Fayetteville,2.822,billion cubic feet per day,https://www.eia.gov/outlooks/steo/xls/chart-gallery.xlsx sheet 43; STEO September 2026
2014-04,Mississippian,0.976,billion cubic feet per day,https://www.eia.gov/outlooks/steo/xls/chart-gallery.xlsx sheet 43; STEO September 2026
2014-04,Niobrara-Codell,0.98,billion cubic feet per day,https://www.eia.gov/outlooks/steo/xls/chart-gallery.xlsx sheet 43; STEO September 2026
2014-04,Woodford,1.924,billion cubic feet per day,https://www.eia.gov/outlooks/steo/xls/chart-gallery.xlsx sheet 43; STEO September 2026
2014-04,Rest of U.S.,2.017,billion cubic feet per day,https://www.eia.gov/outlooks/steo/xls/chart-gallery.xlsx sheet 43; STEO September 2026
2014-05,Permian,2.044,billion cubic feet per day,https://www.eia.gov/outlooks/steo/xls/chart-gallery.xlsx sheet 43; STEO September 2026
2014-05,Haynesville,4.236,billion cubic feet per day,https://www.eia.gov/outlooks/steo/xls/chart-gallery.xlsx sheet 43; STEO September 2026
2014-05,Marcellus,13.179,billion cubic feet per day,https://www.eia.gov/outlooks/steo/xls/chart-gallery.xlsx sheet 43; STEO September 2026
2014-05,Utica,0.912,billion cubic feet per day,https://www.eia.gov/outlooks/steo/xls/chart-gallery.xlsx sheet 43; STEO September 2026
2014-05,Eagle Ford,3.896,billion cubic feet per day,https://www.eia.gov/outlooks/steo/xls/chart-gallery.xlsx sheet 43; STEO September 2026
2014-05,Bakken,0.708,billion cubic feet per day,https://www.eia.gov/outlooks/steo/xls/chart-gallery.xlsx sheet 43; STEO September 2026
2014-05,Barnett,4.337,billion cubic feet per day,https://www.eia.gov/outlooks/steo/xls/chart-gallery.xlsx sheet 43; STEO September 2026
2014-05,Fayetteville,2.831,billion cubic feet per day,https://www.eia.gov/outlooks/steo/xls/chart-gallery.xlsx sheet 43; STEO September 2026
2014-05,Mississippian,0.987,billion cubic feet per day,https://www.eia.gov/outlooks/steo/xls/chart-gallery.xlsx sheet 43; STEO September 2026
2014-05,Niobrara-Codell,1.032,billion cubic feet per day,https://www.eia.gov/outlooks/steo/xls/chart-gallery.xlsx sheet 43; STEO September 2026
2014-05,Woodford,1.912,billion cubic feet per day,https://www.eia.gov/outlooks/steo/xls/chart-gallery.xlsx sheet 43; STEO September 2026
2014-05,Rest of U.S.,2.005,billion cubic feet per day,https://www.eia.gov/outlooks/steo/xls/chart-gallery.xlsx sheet 43; STEO September 2026
2014-06,Permian,2.117,billion cubic feet per day,https://www.eia.gov/outlooks/steo/xls/chart-gallery.xlsx sheet 43; STEO September 2026
2014-06,Haynesville,4.178,billion cubic feet per day,https://www.eia.gov/outlooks/steo/xls/chart-gallery.xlsx sheet 43; STEO September 2026
2014-06,Marcellus,13.619,billion cubic feet per day,https://www.eia.gov/outlooks/steo/xls/chart-gallery.xlsx sheet 43; STEO September 2026
2014-06,Utica,1.02,billion cubic feet per day,https://www.eia.gov/outlooks/steo/xls/chart-gallery.xlsx sheet 43; STEO September 2026
2014-06,Eagle Ford,4.006,billion cubic feet per day,https://www.eia.gov/outlooks/steo/xls/chart-gallery.xlsx sheet 43; STEO September 2026
2014-06,Bakken,0.746,billion cubic feet per day,https://www.eia.gov/outlooks/steo/xls/chart-gallery.xlsx sheet 43; STEO September 2026
2014-06,Barnett,4.284,billion cubic feet per day,https://www.eia.gov/outlooks/steo/xls/chart-gallery.xlsx sheet 43; STEO September 2026
2014-06,Fayetteville,2.777,billion cubic feet per day,https://www.eia.gov/outlooks/steo/xls/chart-gallery.xlsx sheet 43; STEO September 2026
2014-06,Mississippian,0.991,billion cubic feet per day,https://www.eia.gov/outlooks/steo/xls/chart-gallery.xlsx sheet 43; STEO September 2026
2014-06,Niobrara-Codell,1.038,billion cubic feet per day,https://www.eia.gov/outlooks/steo/xls/chart-gallery.xlsx sheet 43; STEO September 2026
2014-06,Woodford,1.937,billion cubic feet per day,https://www.eia.gov/outlooks/steo/xls/chart-gallery.xlsx sheet 43; STEO September 2026
2014-06,Rest of U.S.,1.974,billion cubic feet per day,https://www.eia.gov/outlooks/steo/xls/chart-gallery.xlsx sheet 43; STEO September 2026
2014-07,Permian,2.2,billion cubic feet per day,https://www.eia.gov/outlooks/steo/xls/chart-gallery.xlsx sheet 43; STEO September 2026
2014-07,Haynesville,4.09,billion cubic feet per day,https://www.eia.gov/outlooks/steo/xls/chart-gallery.xlsx sheet 43; STEO September 2026
2014-07,Marcellus,12.596,billion cubic feet per day,https://www.eia.gov/outlooks/steo/xls/chart-gallery.xlsx sheet 43; STEO September 2026
2014-07,Utica,1.263,billion cubic feet per day,https://www.eia.gov/outlooks/steo/xls/chart-gallery.xlsx sheet 43; STEO September 2026
2014-07,Eagle Ford,4.047,billion cubic feet per day,https://www.eia.gov/outlooks/steo/xls/chart-gallery.xlsx sheet 43; STEO September 2026
2014-07,Bakken,0.775,billion cubic feet per day,https://www.eia.gov/outlooks/steo/xls/chart-gallery.xlsx sheet 43; STEO September 2026
2014-07,Barnett,4.212,billion cubic feet per day,https://www.eia.gov/outlooks/steo/xls/chart-gallery.xlsx sheet 43; STEO September 2026
2014-07,Fayetteville,2.791,billion cubic feet per day,https://www.eia.gov/outlooks/steo/xls/chart-gallery.xlsx sheet 43; STEO September 2026
2014-07,Mississippian,1.017,billion cubic feet per day,https://www.eia.gov/outlooks/steo/xls/chart-gallery.xlsx sheet 43; STEO September 2026
2014-07,Niobrara-Codell,1.048,billion cubic feet per day,https://www.eia.gov/outlooks/steo/xls/chart-gallery.xlsx sheet 43; STEO September 2026
2014-07,Woodford,1.924,billion cubic feet per day,https://www.eia.gov/outlooks/steo/xls/chart-gallery.xlsx sheet 43; STEO September 2026
2014-07,Rest of U.S.,1.985,billion cubic feet per day,https://www.eia.gov/outlooks/steo/xls/chart-gallery.xlsx sheet 43; STEO September 2026
2014-08,Permian,2.313,billion cubic feet per day,https://www.eia.gov/outlooks/steo/xls/chart-gallery.xlsx sheet 43; STEO September 2026
2014-08,Haynesville,4.1,billion cubic feet per day,https://www.eia.gov/outlooks/steo/xls/chart-gallery.xlsx sheet 43; STEO September 2026
2014-08,Marcellus,12.982,billion cubic feet per day,https://www.eia.gov/outlooks/steo/xls/chart-gallery.xlsx sheet 43; STEO September 2026
2014-08,Utica,1.397,billion cubic feet per day,https://www.eia.gov/outlooks/steo/xls/chart-gallery.xlsx sheet 43; STEO September 2026
2014-08,Eagle Ford,4.09,billion cubic feet per day,https://www.eia.gov/outlooks/steo/xls/chart-gallery.xlsx sheet 43; STEO September 2026
2014-08,Bakken,0.806,billion cubic feet per day,https://www.eia.gov/outlooks/steo/xls/chart-gallery.xlsx sheet 43; STEO September 2026
2014-08,Barnett,4.198,billion cubic feet per day,https://www.eia.gov/outlooks/steo/xls/chart-gallery.xlsx sheet 43; STEO September 2026
2014-08,Fayetteville,2.793,billion cubic feet per day,https://www.eia.gov/outlooks/steo/xls/chart-gallery.xlsx sheet 43; STEO September 2026
2014-08,Mississippian,1.06,billion cubic feet per day,https://www.eia.gov/outlooks/steo/xls/chart-gallery.xlsx sheet 43; STEO September 2026
2014-08,Niobrara-Codell,1.146,billion cubic feet per day,https://www.eia.gov/outlooks/steo/xls/chart-gallery.xlsx sheet 43; STEO September 2026
2014-08,Woodford,1.962,billion cubic feet per day,https://www.eia.gov/outlooks/steo/xls/chart-gallery.xlsx sheet 43; STEO September 2026
2014-08,Rest of U.S.,1.986,billion cubic feet per day,https://www.eia.gov/outlooks/steo/xls/chart-gallery.xlsx sheet 43; STEO September 2026
2014-09,Permian,2.215,billion cubic feet per day,https://www.eia.gov/outlooks/steo/xls/chart-gallery.xlsx sheet 43; STEO September 2026
2014-09,Haynesville,4.04,billion cubic feet per day,https://www.eia.gov/outlooks/steo/xls/chart-gallery.xlsx sheet 43; STEO September 2026
2014-09,Marcellus,13.519,billion cubic feet per day,https://www.eia.gov/outlooks/steo/xls/chart-gallery.xlsx sheet 43; STEO September 2026
2014-09,Utica,1.53,billion cubic feet per day,https://www.eia.gov/outlooks/steo/xls/chart-gallery.xlsx sheet 43; STEO September 2026
2014-09,Eagle Ford,4.102,billion cubic feet per day,https://www.eia.gov/outlooks/steo/xls/chart-gallery.xlsx sheet 43; STEO September 2026
2014-09,Bakken,0.851,billion cubic feet per day,https://www.eia.gov/outlooks/steo/xls/chart-gallery.xlsx sheet 43; STEO September 2026
2014-09,Barnett,4.183,billion cubic feet per day,https://www.eia.gov/outlooks/steo/xls/chart-gallery.xlsx sheet 43; STEO September 2026
2014-09,Fayetteville,2.782,billion cubic feet per day,https://www.eia.gov/outlooks/steo/xls/chart-gallery.xlsx sheet 43; STEO September 2026
2014-09,Mississippian,1.093,billion cubic feet per day,https://www.eia.gov/outlooks/steo/xls/chart-gallery.xlsx sheet 43; STEO September 2026
2014-09,Niobrara-Codell,1.129,billion cubic feet per day,https://www.eia.gov/outlooks/steo/xls/chart-gallery.xlsx sheet 43; STEO September 2026
2014-09,Woodford,1.966,billion cubic feet per day,https://www.eia.gov/outlooks/steo/xls/chart-gallery.xlsx sheet 43; STEO September 2026
2014-09,Rest of U.S.,2.006,billion cubic feet per day,https://www.eia.gov/outlooks/steo/xls/chart-gallery.xlsx sheet 43; STEO September 2026
2014-10,Permian,2.367,billion cubic feet per day,https://www.eia.gov/outlooks/steo/xls/chart-gallery.xlsx sheet 43; STEO September 2026
2014-10,Haynesville,3.996,billion cubic feet per day,https://www.eia.gov/outlooks/steo/xls/chart-gallery.xlsx sheet 43; STEO September 2026
2014-10,Marcellus,14.085,billion cubic feet per day,https://www.eia.gov/outlooks/steo/xls/chart-gallery.xlsx sheet 43; STEO September 2026
2014-10,Utica,1.676,billion cubic feet per day,https://www.eia.gov/outlooks/steo/xls/chart-gallery.xlsx sheet 43; STEO September 2026
2014-10,Eagle Ford,4.186,billion cubic feet per day,https://www.eia.gov/outlooks/steo/xls/chart-gallery.xlsx sheet 43; STEO September 2026
2014-10,Bakken,0.855,billion cubic feet per day,https://www.eia.gov/outlooks/steo/xls/chart-gallery.xlsx sheet 43; STEO September 2026
2014-10,Barnett,4.166,billion cubic feet per day,https://www.eia.gov/outlooks/steo/xls/chart-gallery.xlsx sheet 43; STEO September 2026
2014-10,Fayetteville,2.763,billion cubic feet per day,https://www.eia.gov/outlooks/steo/xls/chart-gallery.xlsx sheet 43; STEO September 2026
2014-10,Mississippian,1.133,billion cubic feet per day,https://www.eia.gov/outlooks/steo/xls/chart-gallery.xlsx sheet 43; STEO September 2026
2014-10,Niobrara-Codell,1.185,billion cubic feet per day,https://www.eia.gov/outlooks/steo/xls/chart-gallery.xlsx sheet 43; STEO September 2026
2014-10,Woodford,1.975,billion cubic feet per day,https://www.eia.gov/outlooks/steo/xls/chart-gallery.xlsx sheet 43; STEO September 2026
2014-10,Rest of U.S.,2.01,billion cubic feet per day,https://www.eia.gov/outlooks/steo/xls/chart-gallery.xlsx sheet 43; STEO September 2026
2014-11,Permian,2.412,billion cubic feet per day,https://www.eia.gov/outlooks/steo/xls/chart-gallery.xlsx sheet 43; STEO September 2026
2014-11,Haynesville,3.9,billion cubic feet per day,https://www.eia.gov/outlooks/steo/xls/chart-gallery.xlsx sheet 43; STEO September 2026
2014-11,Marcellus,14.74,billion cubic feet per day,https://www.eia.gov/outlooks/steo/xls/chart-gallery.xlsx sheet 43; STEO September 2026
2014-11,Utica,1.781,billion cubic feet per day,https://www.eia.gov/outlooks/steo/xls/chart-gallery.xlsx sheet 43; STEO September 2026
2014-11,Eagle Ford,4.3,billion cubic feet per day,https://www.eia.gov/outlooks/steo/xls/chart-gallery.xlsx sheet 43; STEO September 2026
2014-11,Bakken,0.857,billion cubic feet per day,https://www.eia.gov/outlooks/steo/xls/chart-gallery.xlsx sheet 43; STEO September 2026
2014-11,Barnett,4.112,billion cubic feet per day,https://www.eia.gov/outlooks/steo/xls/chart-gallery.xlsx sheet 43; STEO September 2026
2014-11,Fayetteville,2.806,billion cubic feet per day,https://www.eia.gov/outlooks/steo/xls/chart-gallery.xlsx sheet 43; STEO September 2026
2014-11,Mississippian,1.151,billion cubic feet per day,https://www.eia.gov/outlooks/steo/xls/chart-gallery.xlsx sheet 43; STEO September 2026
2014-11,Niobrara-Codell,1.168,billion cubic feet per day,https://www.eia.gov/outlooks/steo/xls/chart-gallery.xlsx sheet 43; STEO September 2026
2014-11,Woodford,2.046,billion cubic feet per day,https://www.eia.gov/outlooks/steo/xls/chart-gallery.xlsx sheet 43; STEO September 2026
2014-11,Rest of U.S.,2.014,billion cubic feet per day,https://www.eia.gov/outlooks/steo/xls/chart-gallery.xlsx sheet 43; STEO September 2026
2014-12,Permian,2.456,billion cubic feet per day,https://www.eia.gov/outlooks/steo/xls/chart-gallery.xlsx sheet 43; STEO September 2026
2014-12,Haynesville,3.923,billion cubic feet per day,https://www.eia.gov/outlooks/steo/xls/chart-gallery.xlsx sheet 43; STEO September 2026
2014-12,Marcellus,15.338,billion cubic feet per day,https://www.eia.gov/outlooks/steo/xls/chart-gallery.xlsx sheet 43; STEO September 2026
2014-12,Utica,1.927,billion cubic feet per day,https://www.eia.gov/outlooks/steo/xls/chart-gallery.xlsx sheet 43; STEO September 2026
2014-12,Eagle Ford,4.574,billion cubic feet per day,https://www.eia.gov/outlooks/steo/xls/chart-gallery.xlsx sheet 43; STEO September 2026
2014-12,Bakken,0.904,billion cubic feet per day,https://www.eia.gov/outlooks/steo/xls/chart-gallery.xlsx sheet 43; STEO September 2026
2014-12,Barnett,4.13,billion cubic feet per day,https://www.eia.gov/outlooks/steo/xls/chart-gallery.xlsx sheet 43; STEO September 2026
2014-12,Fayetteville,2.746,billion cubic feet per day,https://www.eia.gov/outlooks/steo/xls/chart-gallery.xlsx sheet 43; STEO September 2026
2014-12,Mississippian,1.176,billion cubic feet per day,https://www.eia.gov/outlooks/steo/xls/chart-gallery.xlsx sheet 43; STEO September 2026
2014-12,Niobrara-Codell,1.231,billion cubic feet per day,https://www.eia.gov/outlooks/steo/xls/chart-gallery.xlsx sheet 43; STEO September 2026
2014-12,Woodford,2.013,billion cubic feet per day,https://www.eia.gov/outlooks/steo/xls/chart-gallery.xlsx sheet 43; STEO September 2026
2014-12,Rest of U.S.,2.054,billion cubic feet per day,https://www.eia.gov/outlooks/steo/xls/chart-gallery.xlsx sheet 43; STEO September 2026
2015-01,Permian,2.188,billion cubic feet per day,https://www.eia.gov/outlooks/steo/xls/chart-gallery.xlsx sheet 43; STEO September 2026
2015-01,Haynesville,3.874,billion cubic feet per day,https://www.eia.gov/outlooks/steo/xls/chart-gallery.xlsx sheet 43; STEO September 2026
2015-01,Marcellus,15.027,billion cubic feet per day,https://www.eia.gov/outlooks/steo/xls/chart-gallery.xlsx sheet 43; STEO September 2026
2015-01,Utica,2.022,billion cubic feet per day,https://www.eia.gov/outlooks/steo/xls/chart-gallery.xlsx sheet 43; STEO September 2026
2015-01,Eagle Ford,4.415,billion cubic feet per day,https://www.eia.gov/outlooks/steo/xls/chart-gallery.xlsx sheet 43; STEO September 2026
2015-01,Bakken,0.922,billion cubic feet per day,https://www.eia.gov/outlooks/steo/xls/chart-gallery.xlsx sheet 43; STEO September 2026
2015-01,Barnett,3.88,billion cubic feet per day,https://www.eia.gov/outlooks/steo/xls/chart-gallery.xlsx sheet 43; STEO September 2026
2015-01,Fayetteville,2.638,billion cubic feet per day,https://www.eia.gov/outlooks/steo/xls/chart-gallery.xlsx sheet 43; STEO September 2026
2015-01,Mississippian,1.172,billion cubic feet per day,https://www.eia.gov/outlooks/steo/xls/chart-gallery.xlsx sheet 43; STEO September 2026
2015-01,Niobrara-Codell,1.237,billion cubic feet per day,https://www.eia.gov/outlooks/steo/xls/chart-gallery.xlsx sheet 43; STEO September 2026
2015-01,Woodford,1.985,billion cubic feet per day,https://www.eia.gov/outlooks/steo/xls/chart-gallery.xlsx sheet 43; STEO September 2026
2015-01,Rest of U.S.,2.033,billion cubic feet per day,https://www.eia.gov/outlooks/steo/xls/chart-gallery.xlsx sheet 43; STEO September 2026
2015-02,Permian,2.402,billion cubic feet per day,https://www.eia.gov/outlooks/steo/xls/chart-gallery.xlsx sheet 43; STEO September 2026
2015-02,Haynesville,3.931,billion cubic feet per day,https://www.eia.gov/outlooks/steo/xls/chart-gallery.xlsx sheet 43; STEO September 2026
2015-02,Marcellus,15.063,billion cubic feet per day,https://www.eia.gov/outlooks/steo/xls/chart-gallery.xlsx sheet 43; STEO September 2026
2015-02,Utica,2.119,billion cubic feet per day,https://www.eia.gov/outlooks/steo/xls/chart-gallery.xlsx sheet 43; STEO September 2026
2015-02,Eagle Ford,4.521,billion cubic feet per day,https://www.eia.gov/outlooks/steo/xls/chart-gallery.xlsx sheet 43; STEO September 2026
2015-02,Bakken,0.928,billion cubic feet per day,https://www.eia.gov/outlooks/steo/xls/chart-gallery.xlsx sheet 43; STEO September 2026
2015-02,Barnett,3.826,billion cubic feet per day,https://www.eia.gov/outlooks/steo/xls/chart-gallery.xlsx sheet 43; STEO September 2026
2015-02,Fayetteville,2.528,billion cubic feet per day,https://www.eia.gov/outlooks/steo/xls/chart-gallery.xlsx sheet 43; STEO September 2026
2015-02,Mississippian,1.213,billion cubic feet per day,https://www.eia.gov/outlooks/steo/xls/chart-gallery.xlsx sheet 43; STEO September 2026
2015-02,Niobrara-Codell,1.307,billion cubic feet per day,https://www.eia.gov/outlooks/steo/xls/chart-gallery.xlsx sheet 43; STEO September 2026
2015-02,Woodford,1.972,billion cubic feet per day,https://www.eia.gov/outlooks/steo/xls/chart-gallery.xlsx sheet 43; STEO September 2026
2015-02,Rest of U.S.,1.99,billion cubic feet per day,https://www.eia.gov/outlooks/steo/xls/chart-gallery.xlsx sheet 43; STEO September 2026
2015-03,Permian,2.575,billion cubic feet per day,https://www.eia.gov/outlooks/steo/xls/chart-gallery.xlsx sheet 43; STEO September 2026
2015-03,Haynesville,3.954,billion cubic feet per day,https://www.eia.gov/outlooks/steo/xls/chart-gallery.xlsx sheet 43; STEO September 2026
2015-03,Marcellus,15.304,billion cubic feet per day,https://www.eia.gov/outlooks/steo/xls/chart-gallery.xlsx sheet 43; STEO September 2026
2015-03,Utica,2.149,billion cubic feet per day,https://www.eia.gov/outlooks/steo/xls/chart-gallery.xlsx sheet 43; STEO September 2026
2015-03,Eagle Ford,4.553,billion cubic feet per day,https://www.eia.gov/outlooks/steo/xls/chart-gallery.xlsx sheet 43; STEO September 2026
2015-03,Bakken,0.957,billion cubic feet per day,https://www.eia.gov/outlooks/steo/xls/chart-gallery.xlsx sheet 43; STEO September 2026
2015-03,Barnett,3.777,billion cubic feet per day,https://www.eia.gov/outlooks/steo/xls/chart-gallery.xlsx sheet 43; STEO September 2026
2015-03,Fayetteville,2.606,billion cubic feet per day,https://www.eia.gov/outlooks/steo/xls/chart-gallery.xlsx sheet 43; STEO September 2026
2015-03,Mississippian,1.048,billion cubic feet per day,https://www.eia.gov/outlooks/steo/xls/chart-gallery.xlsx sheet 43; STEO September 2026
2015-03,Niobrara-Codell,1.349,billion cubic feet per day,https://www.eia.gov/outlooks/steo/xls/chart-gallery.xlsx sheet 43; STEO September 2026
2015-03,Woodford,2.045,billion cubic feet per day,https://www.eia.gov/outlooks/steo/xls/chart-gallery.xlsx sheet 43; STEO September 2026
2015-03,Rest of U.S.,2.045,billion cubic feet per day,https://www.eia.gov/outlooks/steo/xls/chart-gallery.xlsx sheet 43; STEO September 2026
2015-04,Permian,2.783,billion cubic feet per day,https://www.eia.gov/outlooks/steo/xls/chart-gallery.xlsx sheet 43; STEO September 2026
2015-04,Haynesville,3.914,billion cubic feet per day,https://www.eia.gov/outlooks/steo/xls/chart-gallery.xlsx sheet 43; STEO September 2026
2015-04,Marcellus,15.105,billion cubic feet per day,https://www.eia.gov/outlooks/steo/xls/chart-gallery.xlsx sheet 43; STEO September 2026
2015-04,Utica,2.331,billion cubic feet per day,https://www.eia.gov/outlooks/steo/xls/chart-gallery.xlsx sheet 43; STEO September 2026
2015-04,Eagle Ford,4.531,billion cubic feet per day,https://www.eia.gov/outlooks/steo/xls/chart-gallery.xlsx sheet 43; STEO September 2026
2015-04,Bakken,0.963,billion cubic feet per day,https://www.eia.gov/outlooks/steo/xls/chart-gallery.xlsx sheet 43; STEO September 2026
2015-04,Barnett,3.778,billion cubic feet per day,https://www.eia.gov/outlooks/steo/xls/chart-gallery.xlsx sheet 43; STEO September 2026
2015-04,Fayetteville,2.647,billion cubic feet per day,https://www.eia.gov/outlooks/steo/xls/chart-gallery.xlsx sheet 43; STEO September 2026
2015-04,Mississippian,1.252,billion cubic feet per day,https://www.eia.gov/outlooks/steo/xls/chart-gallery.xlsx sheet 43; STEO September 2026
2015-04,Niobrara-Codell,1.397,billion cubic feet per day,https://www.eia.gov/outlooks/steo/xls/chart-gallery.xlsx sheet 43; STEO September 2026
2015-04,Woodford,2.117,billion cubic feet per day,https://www.eia.gov/outlooks/steo/xls/chart-gallery.xlsx sheet 43; STEO September 2026
2015-04,Rest of U.S.,2.054,billion cubic feet per day,https://www.eia.gov/outlooks/steo/xls/chart-gallery.xlsx sheet 43; STEO September 2026
2015-05,Permian,2.899,billion cubic feet per day,https://www.eia.gov/outlooks/steo/xls/chart-gallery.xlsx sheet 43; STEO September 2026
2015-05,Haynesville,3.898,billion cubic feet per day,https://www.eia.gov/outlooks/steo/xls/chart-gallery.xlsx sheet 43; STEO September 2026
2015-05,Marcellus,14.707,billion cubic feet per day,https://www.eia.gov/outlooks/steo/xls/chart-gallery.xlsx sheet 43; STEO September 2026
2015-05,Utica,2.528,billion cubic feet per day,https://www.eia.gov/outlooks/steo/xls/chart-gallery.xlsx sheet 43; STEO September 2026
2015-05,Eagle Ford,4.511,billion cubic feet per day,https://www.eia.gov/outlooks/steo/xls/chart-gallery.xlsx sheet 43; STEO September 2026
2015-05,Bakken,1.016,billion cubic feet per day,https://www.eia.gov/outlooks/steo/xls/chart-gallery.xlsx sheet 43; STEO September 2026
2015-05,Barnett,3.703,billion cubic feet per day,https://www.eia.gov/outlooks/steo/xls/chart-gallery.xlsx sheet 43; STEO September 2026
2015-05,Fayetteville,2.626,billion cubic feet per day,https://www.eia.gov/outlooks/steo/xls/chart-gallery.xlsx sheet 43; STEO September 2026
2015-05,Mississippian,1.254,billion cubic feet per day,https://www.eia.gov/outlooks/steo/xls/chart-gallery.xlsx sheet 43; STEO September 2026
2015-05,Niobrara-Codell,1.403,billion cubic feet per day,https://www.eia.gov/outlooks/steo/xls/chart-gallery.xlsx sheet 43; STEO September 2026
2015-05,Woodford,2.033,billion cubic feet per day,https://www.eia.gov/outlooks/steo/xls/chart-gallery.xlsx sheet 43; STEO September 2026
2015-05,Rest of U.S.,2.035,billion cubic feet per day,https://www.eia.gov/outlooks/steo/xls/chart-gallery.xlsx sheet 43; STEO September 2026
2015-06,Permian,2.952,billion cubic feet per day,https://www.eia.gov/outlooks/steo/xls/chart-gallery.xlsx sheet 43; STEO September 2026
2015-06,Haynesville,3.786,billion cubic feet per day,https://www.eia.gov/outlooks/steo/xls/chart-gallery.xlsx sheet 43; STEO September 2026
2015-06,Marcellus,14.534,billion cubic feet per day,https://www.eia.gov/outlooks/steo/xls/chart-gallery.xlsx sheet 43; STEO September 2026
2015-06,Utica,2.624,billion cubic feet per day,https://www.eia.gov/outlooks/steo/xls/chart-gallery.xlsx sheet 43; STEO September 2026
2015-06,Eagle Ford,4.508,billion cubic feet per day,https://www.eia.gov/outlooks/steo/xls/chart-gallery.xlsx sheet 43; STEO September 2026
2015-06,Bakken,1.038,billion cubic feet per day,https://www.eia.gov/outlooks/steo/xls/chart-gallery.xlsx sheet 43; STEO September 2026
2015-06,Barnett,3.651,billion cubic feet per day,https://www.eia.gov/outlooks/steo/xls/chart-gallery.xlsx sheet 43; STEO September 2026
2015-06,Fayetteville,2.543,billion cubic feet per day,https://www.eia.gov/outlooks/steo/xls/chart-gallery.xlsx sheet 43; STEO September 2026
2015-06,Mississippian,1.25,billion cubic feet per day,https://www.eia.gov/outlooks/steo/xls/chart-gallery.xlsx sheet 43; STEO September 2026
2015-06,Niobrara-Codell,1.463,billion cubic feet per day,https://www.eia.gov/outlooks/steo/xls/chart-gallery.xlsx sheet 43; STEO September 2026
2015-06,Woodford,2.054,billion cubic feet per day,https://www.eia.gov/outlooks/steo/xls/chart-gallery.xlsx sheet 43; STEO September 2026
2015-06,Rest of U.S.,2.014,billion cubic feet per day,https://www.eia.gov/outlooks/steo/xls/chart-gallery.xlsx sheet 43; STEO September 2026
2015-07,Permian,2.924,billion cubic feet per day,https://www.eia.gov/outlooks/steo/xls/chart-gallery.xlsx sheet 43; STEO September 2026
2015-07,Haynesville,3.776,billion cubic feet per day,https://www.eia.gov/outlooks/steo/xls/chart-gallery.xlsx sheet 43; STEO September 2026
2015-07,Marcellus,14.817,billion cubic feet per day,https://www.eia.gov/outlooks/steo/xls/chart-gallery.xlsx sheet 43; STEO September 2026
2015-07,Utica,2.644,billion cubic feet per day,https://www.eia.gov/outlooks/steo/xls/chart-gallery.xlsx sheet 43; STEO September 2026
2015-07,Eagle Ford,4.605,billion cubic feet per day,https://www.eia.gov/outlooks/steo/xls/chart-gallery.xlsx sheet 43; STEO September 2026
2015-07,Bakken,1.046,billion cubic feet per day,https://www.eia.gov/outlooks/steo/xls/chart-gallery.xlsx sheet 43; STEO September 2026
2015-07,Barnett,3.61,billion cubic feet per day,https://www.eia.gov/outlooks/steo/xls/chart-gallery.xlsx sheet 43; STEO September 2026
2015-07,Fayetteville,2.494,billion cubic feet per day,https://www.eia.gov/outlooks/steo/xls/chart-gallery.xlsx sheet 43; STEO September 2026
2015-07,Mississippian,1.246,billion cubic feet per day,https://www.eia.gov/outlooks/steo/xls/chart-gallery.xlsx sheet 43; STEO September 2026
2015-07,Niobrara-Codell,1.421,billion cubic feet per day,https://www.eia.gov/outlooks/steo/xls/chart-gallery.xlsx sheet 43; STEO September 2026
2015-07,Woodford,2.161,billion cubic feet per day,https://www.eia.gov/outlooks/steo/xls/chart-gallery.xlsx sheet 43; STEO September 2026
2015-07,Rest of U.S.,2.016,billion cubic feet per day,https://www.eia.gov/outlooks/steo/xls/chart-gallery.xlsx sheet 43; STEO September 2026
2015-08,Permian,3.059,billion cubic feet per day,https://www.eia.gov/outlooks/steo/xls/chart-gallery.xlsx sheet 43; STEO September 2026
2015-08,Haynesville,3.725,billion cubic feet per day,https://www.eia.gov/outlooks/steo/xls/chart-gallery.xlsx sheet 43; STEO September 2026
2015-08,Marcellus,15.155,billion cubic feet per day,https://www.eia.gov/outlooks/steo/xls/chart-gallery.xlsx sheet 43; STEO September 2026
2015-08,Utica,2.797,billion cubic feet per day,https://www.eia.gov/outlooks/steo/xls/chart-gallery.xlsx sheet 43; STEO September 2026
2015-08,Eagle Ford,4.537,billion cubic feet per day,https://www.eia.gov/outlooks/steo/xls/chart-gallery.xlsx sheet 43; STEO September 2026
2015-08,Bakken,1.035,billion cubic feet per day,https://www.eia.gov/outlooks/steo/xls/chart-gallery.xlsx sheet 43; STEO September 2026
2015-08,Barnett,3.57,billion cubic feet per day,https://www.eia.gov/outlooks/steo/xls/chart-gallery.xlsx sheet 43; STEO September 2026
2015-08,Fayetteville,2.443,billion cubic feet per day,https://www.eia.gov/outlooks/steo/xls/chart-gallery.xlsx sheet 43; STEO September 2026
2015-08,Mississippian,1.265,billion cubic feet per day,https://www.eia.gov/outlooks/steo/xls/chart-gallery.xlsx sheet 43; STEO September 2026
2015-08,Niobrara-Codell,1.517,billion cubic feet per day,https://www.eia.gov/outlooks/steo/xls/chart-gallery.xlsx sheet 43; STEO September 2026
2015-08,Woodford,2.153,billion cubic feet per day,https://www.eia.gov/outlooks/steo/xls/chart-gallery.xlsx sheet 43; STEO September 2026
2015-08,Rest of U.S.,2,billion cubic feet per day,https://www.eia.gov/outlooks/steo/xls/chart-gallery.xlsx sheet 43; STEO September 2026
2015-09,Permian,3.099,billion cubic feet per day,https://www.eia.gov/outlooks/steo/xls/chart-gallery.xlsx sheet 43; STEO September 2026
2015-09,Haynesville,3.664,billion cubic feet per day,https://www.eia.gov/outlooks/steo/xls/chart-gallery.xlsx sheet 43; STEO September 2026
2015-09,Marcellus,15.224,billion cubic feet per day,https://www.eia.gov/outlooks/steo/xls/chart-gallery.xlsx sheet 43; STEO September 2026
2015-09,Utica,2.914,billion cubic feet per day,https://www.eia.gov/outlooks/steo/xls/chart-gallery.xlsx sheet 43; STEO September 2026
2015-09,Eagle Ford,4.657,billion cubic feet per day,https://www.eia.gov/outlooks/steo/xls/chart-gallery.xlsx sheet 43; STEO September 2026
2015-09,Bakken,1.011,billion cubic feet per day,https://www.eia.gov/outlooks/steo/xls/chart-gallery.xlsx sheet 43; STEO September 2026
2015-09,Barnett,3.533,billion cubic feet per day,https://www.eia.gov/outlooks/steo/xls/chart-gallery.xlsx sheet 43; STEO September 2026
2015-09,Fayetteville,2.445,billion cubic feet per day,https://www.eia.gov/outlooks/steo/xls/chart-gallery.xlsx sheet 43; STEO September 2026
2015-09,Mississippian,1.262,billion cubic feet per day,https://www.eia.gov/outlooks/steo/xls/chart-gallery.xlsx sheet 43; STEO September 2026
2015-09,Niobrara-Codell,1.516,billion cubic feet per day,https://www.eia.gov/outlooks/steo/xls/chart-gallery.xlsx sheet 43; STEO September 2026
2015-09,Woodford,2.169,billion cubic feet per day,https://www.eia.gov/outlooks/steo/xls/chart-gallery.xlsx sheet 43; STEO September 2026
2015-09,Rest of U.S.,1.988,billion cubic feet per day,https://www.eia.gov/outlooks/steo/xls/chart-gallery.xlsx sheet 43; STEO September 2026
2015-10,Permian,3.064,billion cubic feet per day,https://www.eia.gov/outlooks/steo/xls/chart-gallery.xlsx sheet 43; STEO September 2026
2015-10,Haynesville,3.628,billion cubic feet per day,https://www.eia.gov/outlooks/steo/xls/chart-gallery.xlsx sheet 43; STEO September 2026
2015-10,Marcellus,14.84,billion cubic feet per day,https://www.eia.gov/outlooks/steo/xls/chart-gallery.xlsx sheet 43; STEO September 2026
2015-10,Utica,3.181,billion cubic feet per day,https://www.eia.gov/outlooks/steo/xls/chart-gallery.xlsx sheet 43; STEO September 2026
2015-10,Eagle Ford,4.64,billion cubic feet per day,https://www.eia.gov/outlooks/steo/xls/chart-gallery.xlsx sheet 43; STEO September 2026
2015-10,Bakken,1.048,billion cubic feet per day,https://www.eia.gov/outlooks/steo/xls/chart-gallery.xlsx sheet 43; STEO September 2026
2015-10,Barnett,3.499,billion cubic feet per day,https://www.eia.gov/outlooks/steo/xls/chart-gallery.xlsx sheet 43; STEO September 2026
2015-10,Fayetteville,2.405,billion cubic feet per day,https://www.eia.gov/outlooks/steo/xls/chart-gallery.xlsx sheet 43; STEO September 2026
2015-10,Mississippian,1.293,billion cubic feet per day,https://www.eia.gov/outlooks/steo/xls/chart-gallery.xlsx sheet 43; STEO September 2026
2015-10,Niobrara-Codell,1.552,billion cubic feet per day,https://www.eia.gov/outlooks/steo/xls/chart-gallery.xlsx sheet 43; STEO September 2026
2015-10,Woodford,2.253,billion cubic feet per day,https://www.eia.gov/outlooks/steo/xls/chart-gallery.xlsx sheet 43; STEO September 2026
2015-10,Rest of U.S.,1.986,billion cubic feet per day,https://www.eia.gov/outlooks/steo/xls/chart-gallery.xlsx sheet 43; STEO September 2026
2015-11,Permian,3.078,billion cubic feet per day,https://www.eia.gov/outlooks/steo/xls/chart-gallery.xlsx sheet 43; STEO September 2026
2015-11,Haynesville,3.737,billion cubic feet per day,https://www.eia.gov/outlooks/steo/xls/chart-gallery.xlsx sheet 43; STEO September 2026
2015-11,Marcellus,15.031,billion cubic feet per day,https://www.eia.gov/outlooks/steo/xls/chart-gallery.xlsx sheet 43; STEO September 2026
2015-11,Utica,3.406,billion cubic feet per day,https://www.eia.gov/outlooks/steo/xls/chart-gallery.xlsx sheet 43; STEO September 2026
2015-11,Eagle Ford,4.512,billion cubic feet per day,https://www.eia.gov/outlooks/steo/xls/chart-gallery.xlsx sheet 43; STEO September 2026
2015-11,Bakken,1.062,billion cubic feet per day,https://www.eia.gov/outlooks/steo/xls/chart-gallery.xlsx sheet 43; STEO September 2026
2015-11,Barnett,3.467,billion cubic feet per day,https://www.eia.gov/outlooks/steo/xls/chart-gallery.xlsx sheet 43; STEO September 2026
2015-11,Fayetteville,2.365,billion cubic feet per day,https://www.eia.gov/outlooks/steo/xls/chart-gallery.xlsx sheet 43; STEO September 2026
2015-11,Mississippian,1.26,billion cubic feet per day,https://www.eia.gov/outlooks/steo/xls/chart-gallery.xlsx sheet 43; STEO September 2026
2015-11,Niobrara-Codell,1.553,billion cubic feet per day,https://www.eia.gov/outlooks/steo/xls/chart-gallery.xlsx sheet 43; STEO September 2026
2015-11,Woodford,2.266,billion cubic feet per day,https://www.eia.gov/outlooks/steo/xls/chart-gallery.xlsx sheet 43; STEO September 2026
2015-11,Rest of U.S.,2.043,billion cubic feet per day,https://www.eia.gov/outlooks/steo/xls/chart-gallery.xlsx sheet 43; STEO September 2026
2015-12,Permian,2.796,billion cubic feet per day,https://www.eia.gov/outlooks/steo/xls/chart-gallery.xlsx sheet 43; STEO September 2026
2015-12,Haynesville,3.661,billion cubic feet per day,https://www.eia.gov/outlooks/steo/xls/chart-gallery.xlsx sheet 43; STEO September 2026
2015-12,Marcellus,15.44,billion cubic feet per day,https://www.eia.gov/outlooks/steo/xls/chart-gallery.xlsx sheet 43; STEO September 2026
2015-12,Utica,3.545,billion cubic feet per day,https://www.eia.gov/outlooks/steo/xls/chart-gallery.xlsx sheet 43; STEO September 2026
2015-12,Eagle Ford,4.559,billion cubic feet per day,https://www.eia.gov/outlooks/steo/xls/chart-gallery.xlsx sheet 43; STEO September 2026
2015-12,Bakken,1.057,billion cubic feet per day,https://www.eia.gov/outlooks/steo/xls/chart-gallery.xlsx sheet 43; STEO September 2026
2015-12,Barnett,3.417,billion cubic feet per day,https://www.eia.gov/outlooks/steo/xls/chart-gallery.xlsx sheet 43; STEO September 2026
2015-12,Fayetteville,2.324,billion cubic feet per day,https://www.eia.gov/outlooks/steo/xls/chart-gallery.xlsx sheet 43; STEO September 2026
2015-12,Mississippian,1.228,billion cubic feet per day,https://www.eia.gov/outlooks/steo/xls/chart-gallery.xlsx sheet 43; STEO September 2026
2015-12,Niobrara-Codell,1.533,billion cubic feet per day,https://www.eia.gov/outlooks/steo/xls/chart-gallery.xlsx sheet 43; STEO September 2026
2015-12,Woodford,2.364,billion cubic feet per day,https://www.eia.gov/outlooks/steo/xls/chart-gallery.xlsx sheet 43; STEO September 2026
2015-12,Rest of U.S.,2.128,billion cubic feet per day,https://www.eia.gov/outlooks/steo/xls/chart-gallery.xlsx sheet 43; STEO September 2026
2016-01,Permian,2.806,billion cubic feet per day,https://www.eia.gov/outlooks/steo/xls/chart-gallery.xlsx sheet 43; STEO September 2026
2016-01,Haynesville,3.75,billion cubic feet per day,https://www.eia.gov/outlooks/steo/xls/chart-gallery.xlsx sheet 43; STEO September 2026
2016-01,Marcellus,16.14,billion cubic feet per day,https://www.eia.gov/outlooks/steo/xls/chart-gallery.xlsx sheet 43; STEO September 2026
2016-01,Utica,3.654,billion cubic feet per day,https://www.eia.gov/outlooks/steo/xls/chart-gallery.xlsx sheet 43; STEO September 2026
2016-01,Eagle Ford,4.344,billion cubic feet per day,https://www.eia.gov/outlooks/steo/xls/chart-gallery.xlsx sheet 43; STEO September 2026
2016-01,Bakken,1.109,billion cubic feet per day,https://www.eia.gov/outlooks/steo/xls/chart-gallery.xlsx sheet 43; STEO September 2026
2016-01,Barnett,3.287,billion cubic feet per day,https://www.eia.gov/outlooks/steo/xls/chart-gallery.xlsx sheet 43; STEO September 2026
2016-01,Fayetteville,2.243,billion cubic feet per day,https://www.eia.gov/outlooks/steo/xls/chart-gallery.xlsx sheet 43; STEO September 2026
2016-01,Mississippian,1.268,billion cubic feet per day,https://www.eia.gov/outlooks/steo/xls/chart-gallery.xlsx sheet 43; STEO September 2026
2016-01,Niobrara-Codell,1.583,billion cubic feet per day,https://www.eia.gov/outlooks/steo/xls/chart-gallery.xlsx sheet 43; STEO September 2026
2016-01,Woodford,2.433,billion cubic feet per day,https://www.eia.gov/outlooks/steo/xls/chart-gallery.xlsx sheet 43; STEO September 2026
2016-01,Rest of U.S.,2.077,billion cubic feet per day,https://www.eia.gov/outlooks/steo/xls/chart-gallery.xlsx sheet 43; STEO September 2026
2016-02,Permian,2.996,billion cubic feet per day,https://www.eia.gov/outlooks/steo/xls/chart-gallery.xlsx sheet 43; STEO September 2026
2016-02,Haynesville,3.731,billion cubic feet per day,https://www.eia.gov/outlooks/steo/xls/chart-gallery.xlsx sheet 43; STEO September 2026
2016-02,Marcellus,16.523,billion cubic feet per day,https://www.eia.gov/outlooks/steo/xls/chart-gallery.xlsx sheet 43; STEO September 2026
2016-02,Utica,3.815,billion cubic feet per day,https://www.eia.gov/outlooks/steo/xls/chart-gallery.xlsx sheet 43; STEO September 2026
2016-02,Eagle Ford,4.283,billion cubic feet per day,https://www.eia.gov/outlooks/steo/xls/chart-gallery.xlsx sheet 43; STEO September 2026
2016-02,Bakken,1.145,billion cubic feet per day,https://www.eia.gov/outlooks/steo/xls/chart-gallery.xlsx sheet 43; STEO September 2026
2016-02,Barnett,3.301,billion cubic feet per day,https://www.eia.gov/outlooks/steo/xls/chart-gallery.xlsx sheet 43; STEO September 2026
2016-02,Fayetteville,2.214,billion cubic feet per day,https://www.eia.gov/outlooks/steo/xls/chart-gallery.xlsx sheet 43; STEO September 2026
2016-02,Mississippian,1.253,billion cubic feet per day,https://www.eia.gov/outlooks/steo/xls/chart-gallery.xlsx sheet 43; STEO September 2026
2016-02,Niobrara-Codell,1.592,billion cubic feet per day,https://www.eia.gov/outlooks/steo/xls/chart-gallery.xlsx sheet 43; STEO September 2026
2016-02,Woodford,2.219,billion cubic feet per day,https://www.eia.gov/outlooks/steo/xls/chart-gallery.xlsx sheet 43; STEO September 2026
2016-02,Rest of U.S.,2.055,billion cubic feet per day,https://www.eia.gov/outlooks/steo/xls/chart-gallery.xlsx sheet 43; STEO September 2026
2016-03,Permian,3.12,billion cubic feet per day,https://www.eia.gov/outlooks/steo/xls/chart-gallery.xlsx sheet 43; STEO September 2026
2016-03,Haynesville,3.527,billion cubic feet per day,https://www.eia.gov/outlooks/steo/xls/chart-gallery.xlsx sheet 43; STEO September 2026
2016-03,Marcellus,16.052,billion cubic feet per day,https://www.eia.gov/outlooks/steo/xls/chart-gallery.xlsx sheet 43; STEO September 2026
2016-03,Utica,3.897,billion cubic feet per day,https://www.eia.gov/outlooks/steo/xls/chart-gallery.xlsx sheet 43; STEO September 2026
2016-03,Eagle Ford,4.245,billion cubic feet per day,https://www.eia.gov/outlooks/steo/xls/chart-gallery.xlsx sheet 43; STEO September 2026
2016-03,Bakken,1.16,billion cubic feet per day,https://www.eia.gov/outlooks/steo/xls/chart-gallery.xlsx sheet 43; STEO September 2026
2016-03,Barnett,3.253,billion cubic feet per day,https://www.eia.gov/outlooks/steo/xls/chart-gallery.xlsx sheet 43; STEO September 2026
2016-03,Fayetteville,2.148,billion cubic feet per day,https://www.eia.gov/outlooks/steo/xls/chart-gallery.xlsx sheet 43; STEO September 2026
2016-03,Mississippian,1.144,billion cubic feet per day,https://www.eia.gov/outlooks/steo/xls/chart-gallery.xlsx sheet 43; STEO September 2026
2016-03,Niobrara-Codell,1.584,billion cubic feet per day,https://www.eia.gov/outlooks/steo/xls/chart-gallery.xlsx sheet 43; STEO September 2026
2016-03,Woodford,2.193,billion cubic feet per day,https://www.eia.gov/outlooks/steo/xls/chart-gallery.xlsx sheet 43; STEO September 2026
2016-03,Rest of U.S.,2.051,billion cubic feet per day,https://www.eia.gov/outlooks/steo/xls/chart-gallery.xlsx sheet 43; STEO September 2026
2016-04,Permian,3.21,billion cubic feet per day,https://www.eia.gov/outlooks/steo/xls/chart-gallery.xlsx sheet 43; STEO September 2026
2016-04,Haynesville,3.763,billion cubic feet per day,https://www.eia.gov/outlooks/steo/xls/chart-gallery.xlsx sheet 43; STEO September 2026
2016-04,Marcellus,16.04,billion cubic feet per day,https://www.eia.gov/outlooks/steo/xls/chart-gallery.xlsx sheet 43; STEO September 2026
2016-04,Utica,3.762,billion cubic feet per day,https://www.eia.gov/outlooks/steo/xls/chart-gallery.xlsx sheet 43; STEO September 2026
2016-04,Eagle Ford,4.253,billion cubic feet per day,https://www.eia.gov/outlooks/steo/xls/chart-gallery.xlsx sheet 43; STEO September 2026
2016-04,Bakken,1.101,billion cubic feet per day,https://www.eia.gov/outlooks/steo/xls/chart-gallery.xlsx sheet 43; STEO September 2026
2016-04,Barnett,3.199,billion cubic feet per day,https://www.eia.gov/outlooks/steo/xls/chart-gallery.xlsx sheet 43; STEO September 2026
2016-04,Fayetteville,2.109,billion cubic feet per day,https://www.eia.gov/outlooks/steo/xls/chart-gallery.xlsx sheet 43; STEO September 2026
2016-04,Mississippian,1.163,billion cubic feet per day,https://www.eia.gov/outlooks/steo/xls/chart-gallery.xlsx sheet 43; STEO September 2026
2016-04,Niobrara-Codell,1.634,billion cubic feet per day,https://www.eia.gov/outlooks/steo/xls/chart-gallery.xlsx sheet 43; STEO September 2026
2016-04,Woodford,2.418,billion cubic feet per day,https://www.eia.gov/outlooks/steo/xls/chart-gallery.xlsx sheet 43; STEO September 2026
2016-04,Rest of U.S.,2.036,billion cubic feet per day,https://www.eia.gov/outlooks/steo/xls/chart-gallery.xlsx sheet 43; STEO September 2026
2016-05,Permian,3.276,billion cubic feet per day,https://www.eia.gov/outlooks/steo/xls/chart-gallery.xlsx sheet 43; STEO September 2026
2016-05,Haynesville,3.786,billion cubic feet per day,https://www.eia.gov/outlooks/steo/xls/chart-gallery.xlsx sheet 43; STEO September 2026
2016-05,Marcellus,15.996,billion cubic feet per day,https://www.eia.gov/outlooks/steo/xls/chart-gallery.xlsx sheet 43; STEO September 2026
2016-05,Utica,3.818,billion cubic feet per day,https://www.eia.gov/outlooks/steo/xls/chart-gallery.xlsx sheet 43; STEO September 2026
2016-05,Eagle Ford,4.266,billion cubic feet per day,https://www.eia.gov/outlooks/steo/xls/chart-gallery.xlsx sheet 43; STEO September 2026
2016-05,Bakken,1.113,billion cubic feet per day,https://www.eia.gov/outlooks/steo/xls/chart-gallery.xlsx sheet 43; STEO September 2026
2016-05,Barnett,3.194,billion cubic feet per day,https://www.eia.gov/outlooks/steo/xls/chart-gallery.xlsx sheet 43; STEO September 2026
2016-05,Fayetteville,2.066,billion cubic feet per day,https://www.eia.gov/outlooks/steo/xls/chart-gallery.xlsx sheet 43; STEO September 2026
2016-05,Mississippian,1.281,billion cubic feet per day,https://www.eia.gov/outlooks/steo/xls/chart-gallery.xlsx sheet 43; STEO September 2026
2016-05,Niobrara-Codell,1.654,billion cubic feet per day,https://www.eia.gov/outlooks/steo/xls/chart-gallery.xlsx sheet 43; STEO September 2026
2016-05,Woodford,2.502,billion cubic feet per day,https://www.eia.gov/outlooks/steo/xls/chart-gallery.xlsx sheet 43; STEO September 2026
2016-05,Rest of U.S.,2.014,billion cubic feet per day,https://www.eia.gov/outlooks/steo/xls/chart-gallery.xlsx sheet 43; STEO September 2026
2016-06,Permian,3.375,billion cubic feet per day,https://www.eia.gov/outlooks/steo/xls/chart-gallery.xlsx sheet 43; STEO September 2026
2016-06,Haynesville,3.763,billion cubic feet per day,https://www.eia.gov/outlooks/steo/xls/chart-gallery.xlsx sheet 43; STEO September 2026
2016-06,Marcellus,15.957,billion cubic feet per day,https://www.eia.gov/outlooks/steo/xls/chart-gallery.xlsx sheet 43; STEO September 2026
2016-06,Utica,3.912,billion cubic feet per day,https://www.eia.gov/outlooks/steo/xls/chart-gallery.xlsx sheet 43; STEO September 2026
2016-06,Eagle Ford,4.246,billion cubic feet per day,https://www.eia.gov/outlooks/steo/xls/chart-gallery.xlsx sheet 43; STEO September 2026
2016-06,Bakken,1.123,billion cubic feet per day,https://www.eia.gov/outlooks/steo/xls/chart-gallery.xlsx sheet 43; STEO September 2026
2016-06,Barnett,3.129,billion cubic feet per day,https://www.eia.gov/outlooks/steo/xls/chart-gallery.xlsx sheet 43; STEO September 2026
2016-06,Fayetteville,1.996,billion cubic feet per day,https://www.eia.gov/outlooks/steo/xls/chart-gallery.xlsx sheet 43; STEO September 2026
2016-06,Mississippian,1.334,billion cubic feet per day,https://www.eia.gov/outlooks/steo/xls/chart-gallery.xlsx sheet 43; STEO September 2026
2016-06,Niobrara-Codell,1.593,billion cubic feet per day,https://www.eia.gov/outlooks/steo/xls/chart-gallery.xlsx sheet 43; STEO September 2026
2016-06,Woodford,2.447,billion cubic feet per day,https://www.eia.gov/outlooks/steo/xls/chart-gallery.xlsx sheet 43; STEO September 2026
2016-06,Rest of U.S.,1.991,billion cubic feet per day,https://www.eia.gov/outlooks/steo/xls/chart-gallery.xlsx sheet 43; STEO September 2026
2016-07,Permian,3.498,billion cubic feet per day,https://www.eia.gov/outlooks/steo/xls/chart-gallery.xlsx sheet 43; STEO September 2026
2016-07,Haynesville,3.849,billion cubic feet per day,https://www.eia.gov/outlooks/steo/xls/chart-gallery.xlsx sheet 43; STEO September 2026
2016-07,Marcellus,16.215,billion cubic feet per day,https://www.eia.gov/outlooks/steo/xls/chart-gallery.xlsx sheet 43; STEO September 2026
2016-07,Utica,3.841,billion cubic feet per day,https://www.eia.gov/outlooks/steo/xls/chart-gallery.xlsx sheet 43; STEO September 2026
2016-07,Eagle Ford,4.156,billion cubic feet per day,https://www.eia.gov/outlooks/steo/xls/chart-gallery.xlsx sheet 43; STEO September 2026
2016-07,Bakken,1.144,billion cubic feet per day,https://www.eia.gov/outlooks/steo/xls/chart-gallery.xlsx sheet 43; STEO September 2026
2016-07,Barnett,3.093,billion cubic feet per day,https://www.eia.gov/outlooks/steo/xls/chart-gallery.xlsx sheet 43; STEO September 2026
2016-07,Fayetteville,1.954,billion cubic feet per day,https://www.eia.gov/outlooks/steo/xls/chart-gallery.xlsx sheet 43; STEO September 2026
2016-07,Mississippian,1.316,billion cubic feet per day,https://www.eia.gov/outlooks/steo/xls/chart-gallery.xlsx sheet 43; STEO September 2026
2016-07,Niobrara-Codell,1.601,billion cubic feet per day,https://www.eia.gov/outlooks/steo/xls/chart-gallery.xlsx sheet 43; STEO September 2026
2016-07,Woodford,2.496,billion cubic feet per day,https://www.eia.gov/outlooks/steo/xls/chart-gallery.xlsx sheet 43; STEO September 2026
2016-07,Rest of U.S.,1.986,billion cubic feet per day,https://www.eia.gov/outlooks/steo/xls/chart-gallery.xlsx sheet 43; STEO September 2026
2016-08,Permian,3.594,billion cubic feet per day,https://www.eia.gov/outlooks/steo/xls/chart-gallery.xlsx sheet 43; STEO September 2026
2016-08,Haynesville,3.748,billion cubic feet per day,https://www.eia.gov/outlooks/steo/xls/chart-gallery.xlsx sheet 43; STEO September 2026
2016-08,Marcellus,16.2,billion cubic feet per day,https://www.eia.gov/outlooks/steo/xls/chart-gallery.xlsx sheet 43; STEO September 2026
2016-08,Utica,4.108,billion cubic feet per day,https://www.eia.gov/outlooks/steo/xls/chart-gallery.xlsx sheet 43; STEO September 2026
2016-08,Eagle Ford,4.06,billion cubic feet per day,https://www.eia.gov/outlooks/steo/xls/chart-gallery.xlsx sheet 43; STEO September 2026
2016-08,Bakken,1.101,billion cubic feet per day,https://www.eia.gov/outlooks/steo/xls/chart-gallery.xlsx sheet 43; STEO September 2026
2016-08,Barnett,3.053,billion cubic feet per day,https://www.eia.gov/outlooks/steo/xls/chart-gallery.xlsx sheet 43; STEO September 2026
2016-08,Fayetteville,1.918,billion cubic feet per day,https://www.eia.gov/outlooks/steo/xls/chart-gallery.xlsx sheet 43; STEO September 2026
2016-08,Mississippian,1.35,billion cubic feet per day,https://www.eia.gov/outlooks/steo/xls/chart-gallery.xlsx sheet 43; STEO September 2026
2016-08,Niobrara-Codell,1.65,billion cubic feet per day,https://www.eia.gov/outlooks/steo/xls/chart-gallery.xlsx sheet 43; STEO September 2026
2016-08,Woodford,2.484,billion cubic feet per day,https://www.eia.gov/outlooks/steo/xls/chart-gallery.xlsx sheet 43; STEO September 2026
2016-08,Rest of U.S.,2.017,billion cubic feet per day,https://www.eia.gov/outlooks/steo/xls/chart-gallery.xlsx sheet 43; STEO September 2026
2016-09,Permian,3.617,billion cubic feet per day,https://www.eia.gov/outlooks/steo/xls/chart-gallery.xlsx sheet 43; STEO September 2026
2016-09,Haynesville,3.756,billion cubic feet per day,https://www.eia.gov/outlooks/steo/xls/chart-gallery.xlsx sheet 43; STEO September 2026
2016-09,Marcellus,15.761,billion cubic feet per day,https://www.eia.gov/outlooks/steo/xls/chart-gallery.xlsx sheet 43; STEO September 2026
2016-09,Utica,4.19,billion cubic feet per day,https://www.eia.gov/outlooks/steo/xls/chart-gallery.xlsx sheet 43; STEO September 2026
2016-09,Eagle Ford,3.95,billion cubic feet per day,https://www.eia.gov/outlooks/steo/xls/chart-gallery.xlsx sheet 43; STEO September 2026
2016-09,Bakken,1.084,billion cubic feet per day,https://www.eia.gov/outlooks/steo/xls/chart-gallery.xlsx sheet 43; STEO September 2026
2016-09,Barnett,3.001,billion cubic feet per day,https://www.eia.gov/outlooks/steo/xls/chart-gallery.xlsx sheet 43; STEO September 2026
2016-09,Fayetteville,1.894,billion cubic feet per day,https://www.eia.gov/outlooks/steo/xls/chart-gallery.xlsx sheet 43; STEO September 2026
2016-09,Mississippian,1.367,billion cubic feet per day,https://www.eia.gov/outlooks/steo/xls/chart-gallery.xlsx sheet 43; STEO September 2026
2016-09,Niobrara-Codell,1.635,billion cubic feet per day,https://www.eia.gov/outlooks/steo/xls/chart-gallery.xlsx sheet 43; STEO September 2026
2016-09,Woodford,2.44,billion cubic feet per day,https://www.eia.gov/outlooks/steo/xls/chart-gallery.xlsx sheet 43; STEO September 2026
2016-09,Rest of U.S.,1.99,billion cubic feet per day,https://www.eia.gov/outlooks/steo/xls/chart-gallery.xlsx sheet 43; STEO September 2026
2016-10,Permian,3.687,billion cubic feet per day,https://www.eia.gov/outlooks/steo/xls/chart-gallery.xlsx sheet 43; STEO September 2026
2016-10,Haynesville,3.725,billion cubic feet per day,https://www.eia.gov/outlooks/steo/xls/chart-gallery.xlsx sheet 43; STEO September 2026
2016-10,Marcellus,15.413,billion cubic feet per day,https://www.eia.gov/outlooks/steo/xls/chart-gallery.xlsx sheet 43; STEO September 2026
2016-10,Utica,3.957,billion cubic feet per day,https://www.eia.gov/outlooks/steo/xls/chart-gallery.xlsx sheet 43; STEO September 2026
2016-10,Eagle Ford,3.91,billion cubic feet per day,https://www.eia.gov/outlooks/steo/xls/chart-gallery.xlsx sheet 43; STEO September 2026
2016-10,Bakken,1.157,billion cubic feet per day,https://www.eia.gov/outlooks/steo/xls/chart-gallery.xlsx sheet 43; STEO September 2026
2016-10,Barnett,2.984,billion cubic feet per day,https://www.eia.gov/outlooks/steo/xls/chart-gallery.xlsx sheet 43; STEO September 2026
2016-10,Fayetteville,1.88,billion cubic feet per day,https://www.eia.gov/outlooks/steo/xls/chart-gallery.xlsx sheet 43; STEO September 2026
2016-10,Mississippian,1.411,billion cubic feet per day,https://www.eia.gov/outlooks/steo/xls/chart-gallery.xlsx sheet 43; STEO September 2026
2016-10,Niobrara-Codell,1.673,billion cubic feet per day,https://www.eia.gov/outlooks/steo/xls/chart-gallery.xlsx sheet 43; STEO September 2026
2016-10,Woodford,2.414,billion cubic feet per day,https://www.eia.gov/outlooks/steo/xls/chart-gallery.xlsx sheet 43; STEO September 2026
2016-10,Rest of U.S.,1.953,billion cubic feet per day,https://www.eia.gov/outlooks/steo/xls/chart-gallery.xlsx sheet 43; STEO September 2026
2016-11,Permian,3.635,billion cubic feet per day,https://www.eia.gov/outlooks/steo/xls/chart-gallery.xlsx sheet 43; STEO September 2026
2016-11,Haynesville,3.715,billion cubic feet per day,https://www.eia.gov/outlooks/steo/xls/chart-gallery.xlsx sheet 43; STEO September 2026
2016-11,Marcellus,16.406,billion cubic feet per day,https://www.eia.gov/outlooks/steo/xls/chart-gallery.xlsx sheet 43; STEO September 2026
2016-11,Utica,4.063,billion cubic feet per day,https://www.eia.gov/outlooks/steo/xls/chart-gallery.xlsx sheet 43; STEO September 2026
2016-11,Eagle Ford,3.85,billion cubic feet per day,https://www.eia.gov/outlooks/steo/xls/chart-gallery.xlsx sheet 43; STEO September 2026
2016-11,Bakken,1.188,billion cubic feet per day,https://www.eia.gov/outlooks/steo/xls/chart-gallery.xlsx sheet 43; STEO September 2026
2016-11,Barnett,2.949,billion cubic feet per day,https://www.eia.gov/outlooks/steo/xls/chart-gallery.xlsx sheet 43; STEO September 2026
2016-11,Fayetteville,1.864,billion cubic feet per day,https://www.eia.gov/outlooks/steo/xls/chart-gallery.xlsx sheet 43; STEO September 2026
2016-11,Mississippian,1.464,billion cubic feet per day,https://www.eia.gov/outlooks/steo/xls/chart-gallery.xlsx sheet 43; STEO September 2026
2016-11,Niobrara-Codell,1.688,billion cubic feet per day,https://www.eia.gov/outlooks/steo/xls/chart-gallery.xlsx sheet 43; STEO September 2026
2016-11,Woodford,2.414,billion cubic feet per day,https://www.eia.gov/outlooks/steo/xls/chart-gallery.xlsx sheet 43; STEO September 2026
2016-11,Rest of U.S.,1.937,billion cubic feet per day,https://www.eia.gov/outlooks/steo/xls/chart-gallery.xlsx sheet 43; STEO September 2026
2016-12,Permian,3.556,billion cubic feet per day,https://www.eia.gov/outlooks/steo/xls/chart-gallery.xlsx sheet 43; STEO September 2026
2016-12,Haynesville,3.707,billion cubic feet per day,https://www.eia.gov/outlooks/steo/xls/chart-gallery.xlsx sheet 43; STEO September 2026
2016-12,Marcellus,16.769,billion cubic feet per day,https://www.eia.gov/outlooks/steo/xls/chart-gallery.xlsx sheet 43; STEO September 2026
2016-12,Utica,4.231,billion cubic feet per day,https://www.eia.gov/outlooks/steo/xls/chart-gallery.xlsx sheet 43; STEO September 2026
2016-12,Eagle Ford,3.741,billion cubic feet per day,https://www.eia.gov/outlooks/steo/xls/chart-gallery.xlsx sheet 43; STEO September 2026
2016-12,Bakken,1.038,billion cubic feet per day,https://www.eia.gov/outlooks/steo/xls/chart-gallery.xlsx sheet 43; STEO September 2026
2016-12,Barnett,2.882,billion cubic feet per day,https://www.eia.gov/outlooks/steo/xls/chart-gallery.xlsx sheet 43; STEO September 2026
2016-12,Fayetteville,1.805,billion cubic feet per day,https://www.eia.gov/outlooks/steo/xls/chart-gallery.xlsx sheet 43; STEO September 2026
2016-12,Mississippian,1.465,billion cubic feet per day,https://www.eia.gov/outlooks/steo/xls/chart-gallery.xlsx sheet 43; STEO September 2026
2016-12,Niobrara-Codell,1.65,billion cubic feet per day,https://www.eia.gov/outlooks/steo/xls/chart-gallery.xlsx sheet 43; STEO September 2026
2016-12,Woodford,2.392,billion cubic feet per day,https://www.eia.gov/outlooks/steo/xls/chart-gallery.xlsx sheet 43; STEO September 2026
2016-12,Rest of U.S.,1.886,billion cubic feet per day,https://www.eia.gov/outlooks/steo/xls/chart-gallery.xlsx sheet 43; STEO September 2026
2017-01,Permian,3.665,billion cubic feet per day,https://www.eia.gov/outlooks/steo/xls/chart-gallery.xlsx sheet 43; STEO September 2026
2017-01,Haynesville,3.814,billion cubic feet per day,https://www.eia.gov/outlooks/steo/xls/chart-gallery.xlsx sheet 43; STEO September 2026
2017-01,Marcellus,16.978,billion cubic feet per day,https://www.eia.gov/outlooks/steo/xls/chart-gallery.xlsx sheet 43; STEO September 2026
2017-01,Utica,4.271,billion cubic feet per day,https://www.eia.gov/outlooks/steo/xls/chart-gallery.xlsx sheet 43; STEO September 2026
2017-01,Eagle Ford,3.734,billion cubic feet per day,https://www.eia.gov/outlooks/steo/xls/chart-gallery.xlsx sheet 43; STEO September 2026
2017-01,Bakken,1.051,billion cubic feet per day,https://www.eia.gov/outlooks/steo/xls/chart-gallery.xlsx sheet 43; STEO September 2026
2017-01,Barnett,2.861,billion cubic feet per day,https://www.eia.gov/outlooks/steo/xls/chart-gallery.xlsx sheet 43; STEO September 2026
2017-01,Fayetteville,1.762,billion cubic feet per day,https://www.eia.gov/outlooks/steo/xls/chart-gallery.xlsx sheet 43; STEO September 2026
2017-01,Mississippian,1.45,billion cubic feet per day,https://www.eia.gov/outlooks/steo/xls/chart-gallery.xlsx sheet 43; STEO September 2026
2017-01,Niobrara-Codell,1.634,billion cubic feet per day,https://www.eia.gov/outlooks/steo/xls/chart-gallery.xlsx sheet 43; STEO September 2026
2017-01,Woodford,2.364,billion cubic feet per day,https://www.eia.gov/outlooks/steo/xls/chart-gallery.xlsx sheet 43; STEO September 2026
2017-01,Rest of U.S.,1.885,billion cubic feet per day,https://www.eia.gov/outlooks/steo/xls/chart-gallery.xlsx sheet 43; STEO September 2026
2017-02,Permian,3.92,billion cubic feet per day,https://www.eia.gov/outlooks/steo/xls/chart-gallery.xlsx sheet 43; STEO September 2026
2017-02,Haynesville,3.894,billion cubic feet per day,https://www.eia.gov/outlooks/steo/xls/chart-gallery.xlsx sheet 43; STEO September 2026
2017-02,Marcellus,16.945,billion cubic feet per day,https://www.eia.gov/outlooks/steo/xls/chart-gallery.xlsx sheet 43; STEO September 2026
2017-02,Utica,4.343,billion cubic feet per day,https://www.eia.gov/outlooks/steo/xls/chart-gallery.xlsx sheet 43; STEO September 2026
2017-02,Eagle Ford,3.765,billion cubic feet per day,https://www.eia.gov/outlooks/steo/xls/chart-gallery.xlsx sheet 43; STEO September 2026
2017-02,Bakken,1.153,billion cubic feet per day,https://www.eia.gov/outlooks/steo/xls/chart-gallery.xlsx sheet 43; STEO September 2026
2017-02,Barnett,2.89,billion cubic feet per day,https://www.eia.gov/outlooks/steo/xls/chart-gallery.xlsx sheet 43; STEO September 2026
2017-02,Fayetteville,1.773,billion cubic feet per day,https://www.eia.gov/outlooks/steo/xls/chart-gallery.xlsx sheet 43; STEO September 2026
2017-02,Mississippian,1.612,billion cubic feet per day,https://www.eia.gov/outlooks/steo/xls/chart-gallery.xlsx sheet 43; STEO September 2026
2017-02,Niobrara-Codell,1.652,billion cubic feet per day,https://www.eia.gov/outlooks/steo/xls/chart-gallery.xlsx sheet 43; STEO September 2026
2017-02,Woodford,2.459,billion cubic feet per day,https://www.eia.gov/outlooks/steo/xls/chart-gallery.xlsx sheet 43; STEO September 2026
2017-02,Rest of U.S.,1.896,billion cubic feet per day,https://www.eia.gov/outlooks/steo/xls/chart-gallery.xlsx sheet 43; STEO September 2026
2017-03,Permian,4.033,billion cubic feet per day,https://www.eia.gov/outlooks/steo/xls/chart-gallery.xlsx sheet 43; STEO September 2026
2017-03,Haynesville,4.024,billion cubic feet per day,https://www.eia.gov/outlooks/steo/xls/chart-gallery.xlsx sheet 43; STEO September 2026
2017-03,Marcellus,16.986,billion cubic feet per day,https://www.eia.gov/outlooks/steo/xls/chart-gallery.xlsx sheet 43; STEO September 2026
2017-03,Utica,4.403,billion cubic feet per day,https://www.eia.gov/outlooks/steo/xls/chart-gallery.xlsx sheet 43; STEO September 2026
2017-03,Eagle Ford,3.713,billion cubic feet per day,https://www.eia.gov/outlooks/steo/xls/chart-gallery.xlsx sheet 43; STEO September 2026
2017-03,Bakken,1.166,billion cubic feet per day,https://www.eia.gov/outlooks/steo/xls/chart-gallery.xlsx sheet 43; STEO September 2026
2017-03,Barnett,2.847,billion cubic feet per day,https://www.eia.gov/outlooks/steo/xls/chart-gallery.xlsx sheet 43; STEO September 2026
2017-03,Fayetteville,1.734,billion cubic feet per day,https://www.eia.gov/outlooks/steo/xls/chart-gallery.xlsx sheet 43; STEO September 2026
2017-03,Mississippian,1.628,billion cubic feet per day,https://www.eia.gov/outlooks/steo/xls/chart-gallery.xlsx sheet 43; STEO September 2026
2017-03,Niobrara-Codell,1.665,billion cubic feet per day,https://www.eia.gov/outlooks/steo/xls/chart-gallery.xlsx sheet 43; STEO September 2026
2017-03,Woodford,2.475,billion cubic feet per day,https://www.eia.gov/outlooks/steo/xls/chart-gallery.xlsx sheet 43; STEO September 2026
2017-03,Rest of U.S.,1.91,billion cubic feet per day,https://www.eia.gov/outlooks/steo/xls/chart-gallery.xlsx sheet 43; STEO September 2026
2017-04,Permian,4.136,billion cubic feet per day,https://www.eia.gov/outlooks/steo/xls/chart-gallery.xlsx sheet 43; STEO September 2026
2017-04,Haynesville,4.036,billion cubic feet per day,https://www.eia.gov/outlooks/steo/xls/chart-gallery.xlsx sheet 43; STEO September 2026
2017-04,Marcellus,17.053,billion cubic feet per day,https://www.eia.gov/outlooks/steo/xls/chart-gallery.xlsx sheet 43; STEO September 2026
2017-04,Utica,4.351,billion cubic feet per day,https://www.eia.gov/outlooks/steo/xls/chart-gallery.xlsx sheet 43; STEO September 2026
2017-04,Eagle Ford,3.774,billion cubic feet per day,https://www.eia.gov/outlooks/steo/xls/chart-gallery.xlsx sheet 43; STEO September 2026
2017-04,Bakken,1.237,billion cubic feet per day,https://www.eia.gov/outlooks/steo/xls/chart-gallery.xlsx sheet 43; STEO September 2026
2017-04,Barnett,2.839,billion cubic feet per day,https://www.eia.gov/outlooks/steo/xls/chart-gallery.xlsx sheet 43; STEO September 2026
2017-04,Fayetteville,1.725,billion cubic feet per day,https://www.eia.gov/outlooks/steo/xls/chart-gallery.xlsx sheet 43; STEO September 2026
2017-04,Mississippian,1.688,billion cubic feet per day,https://www.eia.gov/outlooks/steo/xls/chart-gallery.xlsx sheet 43; STEO September 2026
2017-04,Niobrara-Codell,1.661,billion cubic feet per day,https://www.eia.gov/outlooks/steo/xls/chart-gallery.xlsx sheet 43; STEO September 2026
2017-04,Woodford,2.472,billion cubic feet per day,https://www.eia.gov/outlooks/steo/xls/chart-gallery.xlsx sheet 43; STEO September 2026
2017-04,Rest of U.S.,1.951,billion cubic feet per day,https://www.eia.gov/outlooks/steo/xls/chart-gallery.xlsx sheet 43; STEO September 2026
2017-05,Permian,4.37,billion cubic feet per day,https://www.eia.gov/outlooks/steo/xls/chart-gallery.xlsx sheet 43; STEO September 2026
2017-05,Haynesville,4.178,billion cubic feet per day,https://www.eia.gov/outlooks/steo/xls/chart-gallery.xlsx sheet 43; STEO September 2026
2017-05,Marcellus,17.135,billion cubic feet per day,https://www.eia.gov/outlooks/steo/xls/chart-gallery.xlsx sheet 43; STEO September 2026
2017-05,Utica,4.437,billion cubic feet per day,https://www.eia.gov/outlooks/steo/xls/chart-gallery.xlsx sheet 43; STEO September 2026
2017-05,Eagle Ford,3.848,billion cubic feet per day,https://www.eia.gov/outlooks/steo/xls/chart-gallery.xlsx sheet 43; STEO September 2026
2017-05,Bakken,1.247,billion cubic feet per day,https://www.eia.gov/outlooks/steo/xls/chart-gallery.xlsx sheet 43; STEO September 2026
2017-05,Barnett,2.804,billion cubic feet per day,https://www.eia.gov/outlooks/steo/xls/chart-gallery.xlsx sheet 43; STEO September 2026
2017-05,Fayetteville,1.706,billion cubic feet per day,https://www.eia.gov/outlooks/steo/xls/chart-gallery.xlsx sheet 43; STEO September 2026
2017-05,Mississippian,1.676,billion cubic feet per day,https://www.eia.gov/outlooks/steo/xls/chart-gallery.xlsx sheet 43; STEO September 2026
2017-05,Niobrara-Codell,1.627,billion cubic feet per day,https://www.eia.gov/outlooks/steo/xls/chart-gallery.xlsx sheet 43; STEO September 2026
2017-05,Woodford,2.479,billion cubic feet per day,https://www.eia.gov/outlooks/steo/xls/chart-gallery.xlsx sheet 43; STEO September 2026
2017-05,Rest of U.S.,1.98,billion cubic feet per day,https://www.eia.gov/outlooks/steo/xls/chart-gallery.xlsx sheet 43; STEO September 2026
2017-06,Permian,4.467,billion cubic feet per day,https://www.eia.gov/outlooks/steo/xls/chart-gallery.xlsx sheet 43; STEO September 2026
2017-06,Haynesville,4.371,billion cubic feet per day,https://www.eia.gov/outlooks/steo/xls/chart-gallery.xlsx sheet 43; STEO September 2026
2017-06,Marcellus,17.178,billion cubic feet per day,https://www.eia.gov/outlooks/steo/xls/chart-gallery.xlsx sheet 43; STEO September 2026
2017-06,Utica,4.711,billion cubic feet per day,https://www.eia.gov/outlooks/steo/xls/chart-gallery.xlsx sheet 43; STEO September 2026
2017-06,Eagle Ford,3.959,billion cubic feet per day,https://www.eia.gov/outlooks/steo/xls/chart-gallery.xlsx sheet 43; STEO September 2026
2017-06,Bakken,1.245,billion cubic feet per day,https://www.eia.gov/outlooks/steo/xls/chart-gallery.xlsx sheet 43; STEO September 2026
2017-06,Barnett,2.786,billion cubic feet per day,https://www.eia.gov/outlooks/steo/xls/chart-gallery.xlsx sheet 43; STEO September 2026
2017-06,Fayetteville,1.68,billion cubic feet per day,https://www.eia.gov/outlooks/steo/xls/chart-gallery.xlsx sheet 43; STEO September 2026
2017-06,Mississippian,1.734,billion cubic feet per day,https://www.eia.gov/outlooks/steo/xls/chart-gallery.xlsx sheet 43; STEO September 2026
2017-06,Niobrara-Codell,1.643,billion cubic feet per day,https://www.eia.gov/outlooks/steo/xls/chart-gallery.xlsx sheet 43; STEO September 2026
2017-06,Woodford,2.485,billion cubic feet per day,https://www.eia.gov/outlooks/steo/xls/chart-gallery.xlsx sheet 43; STEO September 2026
2017-06,Rest of U.S.,2.014,billion cubic feet per day,https://www.eia.gov/outlooks/steo/xls/chart-gallery.xlsx sheet 43; STEO September 2026
2017-07,Permian,4.635,billion cubic feet per day,https://www.eia.gov/outlooks/steo/xls/chart-gallery.xlsx sheet 43; STEO September 2026
2017-07,Haynesville,4.417,billion cubic feet per day,https://www.eia.gov/outlooks/steo/xls/chart-gallery.xlsx sheet 43; STEO September 2026
2017-07,Marcellus,17.182,billion cubic feet per day,https://www.eia.gov/outlooks/steo/xls/chart-gallery.xlsx sheet 43; STEO September 2026
2017-07,Utica,5.042,billion cubic feet per day,https://www.eia.gov/outlooks/steo/xls/chart-gallery.xlsx sheet 43; STEO September 2026
2017-07,Eagle Ford,4.088,billion cubic feet per day,https://www.eia.gov/outlooks/steo/xls/chart-gallery.xlsx sheet 43; STEO September 2026
2017-07,Bakken,1.278,billion cubic feet per day,https://www.eia.gov/outlooks/steo/xls/chart-gallery.xlsx sheet 43; STEO September 2026
2017-07,Barnett,2.747,billion cubic feet per day,https://www.eia.gov/outlooks/steo/xls/chart-gallery.xlsx sheet 43; STEO September 2026
2017-07,Fayetteville,1.637,billion cubic feet per day,https://www.eia.gov/outlooks/steo/xls/chart-gallery.xlsx sheet 43; STEO September 2026
2017-07,Mississippian,1.778,billion cubic feet per day,https://www.eia.gov/outlooks/steo/xls/chart-gallery.xlsx sheet 43; STEO September 2026
2017-07,Niobrara-Codell,1.683,billion cubic feet per day,https://www.eia.gov/outlooks/steo/xls/chart-gallery.xlsx sheet 43; STEO September 2026
2017-07,Woodford,2.477,billion cubic feet per day,https://www.eia.gov/outlooks/steo/xls/chart-gallery.xlsx sheet 43; STEO September 2026
2017-07,Rest of U.S.,2.012,billion cubic feet per day,https://www.eia.gov/outlooks/steo/xls/chart-gallery.xlsx sheet 43; STEO September 2026
2017-08,Permian,4.706,billion cubic feet per day,https://www.eia.gov/outlooks/steo/xls/chart-gallery.xlsx sheet 43; STEO September 2026
2017-08,Haynesville,4.613,billion cubic feet per day,https://www.eia.gov/outlooks/steo/xls/chart-gallery.xlsx sheet 43; STEO September 2026
2017-08,Marcellus,17.084,billion cubic feet per day,https://www.eia.gov/outlooks/steo/xls/chart-gallery.xlsx sheet 43; STEO September 2026
2017-08,Utica,5.223,billion cubic feet per day,https://www.eia.gov/outlooks/steo/xls/chart-gallery.xlsx sheet 43; STEO September 2026
2017-08,Eagle Ford,3.82,billion cubic feet per day,https://www.eia.gov/outlooks/steo/xls/chart-gallery.xlsx sheet 43; STEO September 2026
2017-08,Bakken,1.312,billion cubic feet per day,https://www.eia.gov/outlooks/steo/xls/chart-gallery.xlsx sheet 43; STEO September 2026
2017-08,Barnett,2.707,billion cubic feet per day,https://www.eia.gov/outlooks/steo/xls/chart-gallery.xlsx sheet 43; STEO September 2026
2017-08,Fayetteville,1.625,billion cubic feet per day,https://www.eia.gov/outlooks/steo/xls/chart-gallery.xlsx sheet 43; STEO September 2026
2017-08,Mississippian,1.876,billion cubic feet per day,https://www.eia.gov/outlooks/steo/xls/chart-gallery.xlsx sheet 43; STEO September 2026
2017-08,Niobrara-Codell,1.742,billion cubic feet per day,https://www.eia.gov/outlooks/steo/xls/chart-gallery.xlsx sheet 43; STEO September 2026
2017-08,Woodford,2.462,billion cubic feet per day,https://www.eia.gov/outlooks/steo/xls/chart-gallery.xlsx sheet 43; STEO September 2026
2017-08,Rest of U.S.,2.012,billion cubic feet per day,https://www.eia.gov/outlooks/steo/xls/chart-gallery.xlsx sheet 43; STEO September 2026
2017-09,Permian,4.878,billion cubic feet per day,https://www.eia.gov/outlooks/steo/xls/chart-gallery.xlsx sheet 43; STEO September 2026
2017-09,Haynesville,4.947,billion cubic feet per day,https://www.eia.gov/outlooks/steo/xls/chart-gallery.xlsx sheet 43; STEO September 2026
2017-09,Marcellus,17.254,billion cubic feet per day,https://www.eia.gov/outlooks/steo/xls/chart-gallery.xlsx sheet 43; STEO September 2026
2017-09,Utica,5.38,billion cubic feet per day,https://www.eia.gov/outlooks/steo/xls/chart-gallery.xlsx sheet 43; STEO September 2026
2017-09,Eagle Ford,3.962,billion cubic feet per day,https://www.eia.gov/outlooks/steo/xls/chart-gallery.xlsx sheet 43; STEO September 2026
2017-09,Bakken,1.307,billion cubic feet per day,https://www.eia.gov/outlooks/steo/xls/chart-gallery.xlsx sheet 43; STEO September 2026
2017-09,Barnett,2.682,billion cubic feet per day,https://www.eia.gov/outlooks/steo/xls/chart-gallery.xlsx sheet 43; STEO September 2026
2017-09,Fayetteville,1.598,billion cubic feet per day,https://www.eia.gov/outlooks/steo/xls/chart-gallery.xlsx sheet 43; STEO September 2026
2017-09,Mississippian,1.793,billion cubic feet per day,https://www.eia.gov/outlooks/steo/xls/chart-gallery.xlsx sheet 43; STEO September 2026
2017-09,Niobrara-Codell,1.766,billion cubic feet per day,https://www.eia.gov/outlooks/steo/xls/chart-gallery.xlsx sheet 43; STEO September 2026
2017-09,Woodford,2.425,billion cubic feet per day,https://www.eia.gov/outlooks/steo/xls/chart-gallery.xlsx sheet 43; STEO September 2026
2017-09,Rest of U.S.,2.157,billion cubic feet per day,https://www.eia.gov/outlooks/steo/xls/chart-gallery.xlsx sheet 43; STEO September 2026
2017-10,Permian,5.214,billion cubic feet per day,https://www.eia.gov/outlooks/steo/xls/chart-gallery.xlsx sheet 43; STEO September 2026
2017-10,Haynesville,5.14,billion cubic feet per day,https://www.eia.gov/outlooks/steo/xls/chart-gallery.xlsx sheet 43; STEO September 2026
2017-10,Marcellus,17.003,billion cubic feet per day,https://www.eia.gov/outlooks/steo/xls/chart-gallery.xlsx sheet 43; STEO September 2026
2017-10,Utica,5.369,billion cubic feet per day,https://www.eia.gov/outlooks/steo/xls/chart-gallery.xlsx sheet 43; STEO September 2026
2017-10,Eagle Ford,4.122,billion cubic feet per day,https://www.eia.gov/outlooks/steo/xls/chart-gallery.xlsx sheet 43; STEO September 2026
2017-10,Bakken,1.39,billion cubic feet per day,https://www.eia.gov/outlooks/steo/xls/chart-gallery.xlsx sheet 43; STEO September 2026
2017-10,Barnett,2.681,billion cubic feet per day,https://www.eia.gov/outlooks/steo/xls/chart-gallery.xlsx sheet 43; STEO September 2026
2017-10,Fayetteville,1.581,billion cubic feet per day,https://www.eia.gov/outlooks/steo/xls/chart-gallery.xlsx sheet 43; STEO September 2026
2017-10,Mississippian,1.911,billion cubic feet per day,https://www.eia.gov/outlooks/steo/xls/chart-gallery.xlsx sheet 43; STEO September 2026
2017-10,Niobrara-Codell,1.749,billion cubic feet per day,https://www.eia.gov/outlooks/steo/xls/chart-gallery.xlsx sheet 43; STEO September 2026
2017-10,Woodford,2.667,billion cubic feet per day,https://www.eia.gov/outlooks/steo/xls/chart-gallery.xlsx sheet 43; STEO September 2026
2017-10,Rest of U.S.,2.192,billion cubic feet per day,https://www.eia.gov/outlooks/steo/xls/chart-gallery.xlsx sheet 43; STEO September 2026
2017-11,Permian,5.342,billion cubic feet per day,https://www.eia.gov/outlooks/steo/xls/chart-gallery.xlsx sheet 43; STEO September 2026
2017-11,Haynesville,5.505,billion cubic feet per day,https://www.eia.gov/outlooks/steo/xls/chart-gallery.xlsx sheet 43; STEO September 2026
2017-11,Marcellus,18.338,billion cubic feet per day,https://www.eia.gov/outlooks/steo/xls/chart-gallery.xlsx sheet 43; STEO September 2026
2017-11,Utica,5.719,billion cubic feet per day,https://www.eia.gov/outlooks/steo/xls/chart-gallery.xlsx sheet 43; STEO September 2026
2017-11,Eagle Ford,4.193,billion cubic feet per day,https://www.eia.gov/outlooks/steo/xls/chart-gallery.xlsx sheet 43; STEO September 2026
2017-11,Bakken,1.413,billion cubic feet per day,https://www.eia.gov/outlooks/steo/xls/chart-gallery.xlsx sheet 43; STEO September 2026
2017-11,Barnett,2.663,billion cubic feet per day,https://www.eia.gov/outlooks/steo/xls/chart-gallery.xlsx sheet 43; STEO September 2026
2017-11,Fayetteville,1.566,billion cubic feet per day,https://www.eia.gov/outlooks/steo/xls/chart-gallery.xlsx sheet 43; STEO September 2026
2017-11,Mississippian,2.055,billion cubic feet per day,https://www.eia.gov/outlooks/steo/xls/chart-gallery.xlsx sheet 43; STEO September 2026
2017-11,Niobrara-Codell,1.797,billion cubic feet per day,https://www.eia.gov/outlooks/steo/xls/chart-gallery.xlsx sheet 43; STEO September 2026
2017-11,Woodford,2.684,billion cubic feet per day,https://www.eia.gov/outlooks/steo/xls/chart-gallery.xlsx sheet 43; STEO September 2026
2017-11,Rest of U.S.,2.27,billion cubic feet per day,https://www.eia.gov/outlooks/steo/xls/chart-gallery.xlsx sheet 43; STEO September 2026
2017-12,Permian,5.361,billion cubic feet per day,https://www.eia.gov/outlooks/steo/xls/chart-gallery.xlsx sheet 43; STEO September 2026
2017-12,Haynesville,5.613,billion cubic feet per day,https://www.eia.gov/outlooks/steo/xls/chart-gallery.xlsx sheet 43; STEO September 2026
2017-12,Marcellus,18.776,billion cubic feet per day,https://www.eia.gov/outlooks/steo/xls/chart-gallery.xlsx sheet 43; STEO September 2026
2017-12,Utica,5.999,billion cubic feet per day,https://www.eia.gov/outlooks/steo/xls/chart-gallery.xlsx sheet 43; STEO September 2026
2017-12,Eagle Ford,4.123,billion cubic feet per day,https://www.eia.gov/outlooks/steo/xls/chart-gallery.xlsx sheet 43; STEO September 2026
2017-12,Bakken,1.408,billion cubic feet per day,https://www.eia.gov/outlooks/steo/xls/chart-gallery.xlsx sheet 43; STEO September 2026
2017-12,Barnett,2.68,billion cubic feet per day,https://www.eia.gov/outlooks/steo/xls/chart-gallery.xlsx sheet 43; STEO September 2026
2017-12,Fayetteville,1.525,billion cubic feet per day,https://www.eia.gov/outlooks/steo/xls/chart-gallery.xlsx sheet 43; STEO September 2026
2017-12,Mississippian,2.147,billion cubic feet per day,https://www.eia.gov/outlooks/steo/xls/chart-gallery.xlsx sheet 43; STEO September 2026
2017-12,Niobrara-Codell,1.865,billion cubic feet per day,https://www.eia.gov/outlooks/steo/xls/chart-gallery.xlsx sheet 43; STEO September 2026
2017-12,Woodford,2.634,billion cubic feet per day,https://www.eia.gov/outlooks/steo/xls/chart-gallery.xlsx sheet 43; STEO September 2026
2017-12,Rest of U.S.,2.314,billion cubic feet per day,https://www.eia.gov/outlooks/steo/xls/chart-gallery.xlsx sheet 43; STEO September 2026
2018-01,Permian,5.141,billion cubic feet per day,https://www.eia.gov/outlooks/steo/xls/chart-gallery.xlsx sheet 43; STEO September 2026
2018-01,Haynesville,5.597,billion cubic feet per day,https://www.eia.gov/outlooks/steo/xls/chart-gallery.xlsx sheet 43; STEO September 2026
2018-01,Marcellus,18.418,billion cubic feet per day,https://www.eia.gov/outlooks/steo/xls/chart-gallery.xlsx sheet 43; STEO September 2026
2018-01,Utica,6.032,billion cubic feet per day,https://www.eia.gov/outlooks/steo/xls/chart-gallery.xlsx sheet 43; STEO September 2026
2018-01,Eagle Ford,3.902,billion cubic feet per day,https://www.eia.gov/outlooks/steo/xls/chart-gallery.xlsx sheet 43; STEO September 2026
2018-01,Bakken,1.361,billion cubic feet per day,https://www.eia.gov/outlooks/steo/xls/chart-gallery.xlsx sheet 43; STEO September 2026
2018-01,Barnett,2.522,billion cubic feet per day,https://www.eia.gov/outlooks/steo/xls/chart-gallery.xlsx sheet 43; STEO September 2026
2018-01,Fayetteville,1.414,billion cubic feet per day,https://www.eia.gov/outlooks/steo/xls/chart-gallery.xlsx sheet 43; STEO September 2026
2018-01,Mississippian,2.23,billion cubic feet per day,https://www.eia.gov/outlooks/steo/xls/chart-gallery.xlsx sheet 43; STEO September 2026
2018-01,Niobrara-Codell,1.855,billion cubic feet per day,https://www.eia.gov/outlooks/steo/xls/chart-gallery.xlsx sheet 43; STEO September 2026
2018-01,Woodford,2.567,billion cubic feet per day,https://www.eia.gov/outlooks/steo/xls/chart-gallery.xlsx sheet 43; STEO September 2026
2018-01,Rest of U.S.,2.269,billion cubic feet per day,https://www.eia.gov/outlooks/steo/xls/chart-gallery.xlsx sheet 43; STEO September 2026
2018-02,Permian,5.579,billion cubic feet per day,https://www.eia.gov/outlooks/steo/xls/chart-gallery.xlsx sheet 43; STEO September 2026
2018-02,Haynesville,5.882,billion cubic feet per day,https://www.eia.gov/outlooks/steo/xls/chart-gallery.xlsx sheet 43; STEO September 2026
2018-02,Marcellus,18.684,billion cubic feet per day,https://www.eia.gov/outlooks/steo/xls/chart-gallery.xlsx sheet 43; STEO September 2026
2018-02,Utica,6.236,billion cubic feet per day,https://www.eia.gov/outlooks/steo/xls/chart-gallery.xlsx sheet 43; STEO September 2026
2018-02,Eagle Ford,3.907,billion cubic feet per day,https://www.eia.gov/outlooks/steo/xls/chart-gallery.xlsx sheet 43; STEO September 2026
2018-02,Bakken,1.385,billion cubic feet per day,https://www.eia.gov/outlooks/steo/xls/chart-gallery.xlsx sheet 43; STEO September 2026
2018-02,Barnett,2.568,billion cubic feet per day,https://www.eia.gov/outlooks/steo/xls/chart-gallery.xlsx sheet 43; STEO September 2026
2018-02,Fayetteville,1.411,billion cubic feet per day,https://www.eia.gov/outlooks/steo/xls/chart-gallery.xlsx sheet 43; STEO September 2026
2018-02,Mississippian,2.252,billion cubic feet per day,https://www.eia.gov/outlooks/steo/xls/chart-gallery.xlsx sheet 43; STEO September 2026
2018-02,Niobrara-Codell,1.84,billion cubic feet per day,https://www.eia.gov/outlooks/steo/xls/chart-gallery.xlsx sheet 43; STEO September 2026
2018-02,Woodford,2.602,billion cubic feet per day,https://www.eia.gov/outlooks/steo/xls/chart-gallery.xlsx sheet 43; STEO September 2026
2018-02,Rest of U.S.,2.26,billion cubic feet per day,https://www.eia.gov/outlooks/steo/xls/chart-gallery.xlsx sheet 43; STEO September 2026
2018-03,Permian,5.904,billion cubic feet per day,https://www.eia.gov/outlooks/steo/xls/chart-gallery.xlsx sheet 43; STEO September 2026
2018-03,Haynesville,6.201,billion cubic feet per day,https://www.eia.gov/outlooks/steo/xls/chart-gallery.xlsx sheet 43; STEO September 2026
2018-03,Marcellus,18.613,billion cubic feet per day,https://www.eia.gov/outlooks/steo/xls/chart-gallery.xlsx sheet 43; STEO September 2026
2018-03,Utica,6.322,billion cubic feet per day,https://www.eia.gov/outlooks/steo/xls/chart-gallery.xlsx sheet 43; STEO September 2026
2018-03,Eagle Ford,3.999,billion cubic feet per day,https://www.eia.gov/outlooks/steo/xls/chart-gallery.xlsx sheet 43; STEO September 2026
2018-03,Bakken,1.393,billion cubic feet per day,https://www.eia.gov/outlooks/steo/xls/chart-gallery.xlsx sheet 43; STEO September 2026
2018-03,Barnett,2.565,billion cubic feet per day,https://www.eia.gov/outlooks/steo/xls/chart-gallery.xlsx sheet 43; STEO September 2026
2018-03,Fayetteville,1.398,billion cubic feet per day,https://www.eia.gov/outlooks/steo/xls/chart-gallery.xlsx sheet 43; STEO September 2026
2018-03,Mississippian,2.3,billion cubic feet per day,https://www.eia.gov/outlooks/steo/xls/chart-gallery.xlsx sheet 43; STEO September 2026
2018-03,Niobrara-Codell,1.867,billion cubic feet per day,https://www.eia.gov/outlooks/steo/xls/chart-gallery.xlsx sheet 43; STEO September 2026
2018-03,Woodford,2.608,billion cubic feet per day,https://www.eia.gov/outlooks/steo/xls/chart-gallery.xlsx sheet 43; STEO September 2026
2018-03,Rest of U.S.,2.299,billion cubic feet per day,https://www.eia.gov/outlooks/steo/xls/chart-gallery.xlsx sheet 43; STEO September 2026
2018-04,Permian,6.161,billion cubic feet per day,https://www.eia.gov/outlooks/steo/xls/chart-gallery.xlsx sheet 43; STEO September 2026
2018-04,Haynesville,6.396,billion cubic feet per day,https://www.eia.gov/outlooks/steo/xls/chart-gallery.xlsx sheet 43; STEO September 2026
2018-04,Marcellus,18.608,billion cubic feet per day,https://www.eia.gov/outlooks/steo/xls/chart-gallery.xlsx sheet 43; STEO September 2026
2018-04,Utica,6.088,billion cubic feet per day,https://www.eia.gov/outlooks/steo/xls/chart-gallery.xlsx sheet 43; STEO September 2026
2018-04,Eagle Ford,3.978,billion cubic feet per day,https://www.eia.gov/outlooks/steo/xls/chart-gallery.xlsx sheet 43; STEO September 2026
2018-04,Bakken,1.475,billion cubic feet per day,https://www.eia.gov/outlooks/steo/xls/chart-gallery.xlsx sheet 43; STEO September 2026
2018-04,Barnett,2.545,billion cubic feet per day,https://www.eia.gov/outlooks/steo/xls/chart-gallery.xlsx sheet 43; STEO September 2026
2018-04,Fayetteville,1.463,billion cubic feet per day,https://www.eia.gov/outlooks/steo/xls/chart-gallery.xlsx sheet 43; STEO September 2026
2018-04,Mississippian,2.352,billion cubic feet per day,https://www.eia.gov/outlooks/steo/xls/chart-gallery.xlsx sheet 43; STEO September 2026
2018-04,Niobrara-Codell,1.964,billion cubic feet per day,https://www.eia.gov/outlooks/steo/xls/chart-gallery.xlsx sheet 43; STEO September 2026
2018-04,Woodford,2.673,billion cubic feet per day,https://www.eia.gov/outlooks/steo/xls/chart-gallery.xlsx sheet 43; STEO September 2026
2018-04,Rest of U.S.,2.304,billion cubic feet per day,https://www.eia.gov/outlooks/steo/xls/chart-gallery.xlsx sheet 43; STEO September 2026
2018-05,Permian,6.339,billion cubic feet per day,https://www.eia.gov/outlooks/steo/xls/chart-gallery.xlsx sheet 43; STEO September 2026
2018-05,Haynesville,6.801,billion cubic feet per day,https://www.eia.gov/outlooks/steo/xls/chart-gallery.xlsx sheet 43; STEO September 2026
2018-05,Marcellus,18.455,billion cubic feet per day,https://www.eia.gov/outlooks/steo/xls/chart-gallery.xlsx sheet 43; STEO September 2026
2018-05,Utica,6.481,billion cubic feet per day,https://www.eia.gov/outlooks/steo/xls/chart-gallery.xlsx sheet 43; STEO September 2026
2018-05,Eagle Ford,4.022,billion cubic feet per day,https://www.eia.gov/outlooks/steo/xls/chart-gallery.xlsx sheet 43; STEO September 2026
2018-05,Bakken,1.526,billion cubic feet per day,https://www.eia.gov/outlooks/steo/xls/chart-gallery.xlsx sheet 43; STEO September 2026
2018-05,Barnett,2.56,billion cubic feet per day,https://www.eia.gov/outlooks/steo/xls/chart-gallery.xlsx sheet 43; STEO September 2026
2018-05,Fayetteville,1.419,billion cubic feet per day,https://www.eia.gov/outlooks/steo/xls/chart-gallery.xlsx sheet 43; STEO September 2026
2018-05,Mississippian,2.377,billion cubic feet per day,https://www.eia.gov/outlooks/steo/xls/chart-gallery.xlsx sheet 43; STEO September 2026
2018-05,Niobrara-Codell,1.972,billion cubic feet per day,https://www.eia.gov/outlooks/steo/xls/chart-gallery.xlsx sheet 43; STEO September 2026
2018-05,Woodford,2.661,billion cubic feet per day,https://www.eia.gov/outlooks/steo/xls/chart-gallery.xlsx sheet 43; STEO September 2026
2018-05,Rest of U.S.,2.318,billion cubic feet per day,https://www.eia.gov/outlooks/steo/xls/chart-gallery.xlsx sheet 43; STEO September 2026
2018-06,Permian,6.566,billion cubic feet per day,https://www.eia.gov/outlooks/steo/xls/chart-gallery.xlsx sheet 43; STEO September 2026
2018-06,Haynesville,6.981,billion cubic feet per day,https://www.eia.gov/outlooks/steo/xls/chart-gallery.xlsx sheet 43; STEO September 2026
2018-06,Marcellus,18.671,billion cubic feet per day,https://www.eia.gov/outlooks/steo/xls/chart-gallery.xlsx sheet 43; STEO September 2026
2018-06,Utica,6.694,billion cubic feet per day,https://www.eia.gov/outlooks/steo/xls/chart-gallery.xlsx sheet 43; STEO September 2026
2018-06,Eagle Ford,4.067,billion cubic feet per day,https://www.eia.gov/outlooks/steo/xls/chart-gallery.xlsx sheet 43; STEO September 2026
2018-06,Bakken,1.514,billion cubic feet per day,https://www.eia.gov/outlooks/steo/xls/chart-gallery.xlsx sheet 43; STEO September 2026
2018-06,Barnett,2.552,billion cubic feet per day,https://www.eia.gov/outlooks/steo/xls/chart-gallery.xlsx sheet 43; STEO September 2026
2018-06,Fayetteville,1.4,billion cubic feet per day,https://www.eia.gov/outlooks/steo/xls/chart-gallery.xlsx sheet 43; STEO September 2026
2018-06,Mississippian,2.481,billion cubic feet per day,https://www.eia.gov/outlooks/steo/xls/chart-gallery.xlsx sheet 43; STEO September 2026
2018-06,Niobrara-Codell,1.856,billion cubic feet per day,https://www.eia.gov/outlooks/steo/xls/chart-gallery.xlsx sheet 43; STEO September 2026
2018-06,Woodford,2.695,billion cubic feet per day,https://www.eia.gov/outlooks/steo/xls/chart-gallery.xlsx sheet 43; STEO September 2026
2018-06,Rest of U.S.,2.379,billion cubic feet per day,https://www.eia.gov/outlooks/steo/xls/chart-gallery.xlsx sheet 43; STEO September 2026
2018-07,Permian,6.892,billion cubic feet per day,https://www.eia.gov/outlooks/steo/xls/chart-gallery.xlsx sheet 43; STEO September 2026
2018-07,Haynesville,7.115,billion cubic feet per day,https://www.eia.gov/outlooks/steo/xls/chart-gallery.xlsx sheet 43; STEO September 2026
2018-07,Marcellus,19.24,billion cubic feet per day,https://www.eia.gov/outlooks/steo/xls/chart-gallery.xlsx sheet 43; STEO September 2026
2018-07,Utica,6.577,billion cubic feet per day,https://www.eia.gov/outlooks/steo/xls/chart-gallery.xlsx sheet 43; STEO September 2026
2018-07,Eagle Ford,4.04,billion cubic feet per day,https://www.eia.gov/outlooks/steo/xls/chart-gallery.xlsx sheet 43; STEO September 2026
2018-07,Bakken,1.579,billion cubic feet per day,https://www.eia.gov/outlooks/steo/xls/chart-gallery.xlsx sheet 43; STEO September 2026
2018-07,Barnett,2.492,billion cubic feet per day,https://www.eia.gov/outlooks/steo/xls/chart-gallery.xlsx sheet 43; STEO September 2026
2018-07,Fayetteville,1.372,billion cubic feet per day,https://www.eia.gov/outlooks/steo/xls/chart-gallery.xlsx sheet 43; STEO September 2026
2018-07,Mississippian,2.578,billion cubic feet per day,https://www.eia.gov/outlooks/steo/xls/chart-gallery.xlsx sheet 43; STEO September 2026
2018-07,Niobrara-Codell,1.932,billion cubic feet per day,https://www.eia.gov/outlooks/steo/xls/chart-gallery.xlsx sheet 43; STEO September 2026
2018-07,Woodford,2.699,billion cubic feet per day,https://www.eia.gov/outlooks/steo/xls/chart-gallery.xlsx sheet 43; STEO September 2026
2018-07,Rest of U.S.,2.454,billion cubic feet per day,https://www.eia.gov/outlooks/steo/xls/chart-gallery.xlsx sheet 43; STEO September 2026
2018-08,Permian,7.281,billion cubic feet per day,https://www.eia.gov/outlooks/steo/xls/chart-gallery.xlsx sheet 43; STEO September 2026
2018-08,Haynesville,7.308,billion cubic feet per day,https://www.eia.gov/outlooks/steo/xls/chart-gallery.xlsx sheet 43; STEO September 2026
2018-08,Marcellus,19.718,billion cubic feet per day,https://www.eia.gov/outlooks/steo/xls/chart-gallery.xlsx sheet 43; STEO September 2026
2018-08,Utica,6.94,billion cubic feet per day,https://www.eia.gov/outlooks/steo/xls/chart-gallery.xlsx sheet 43; STEO September 2026
2018-08,Eagle Ford,4.104,billion cubic feet per day,https://www.eia.gov/outlooks/steo/xls/chart-gallery.xlsx sheet 43; STEO September 2026
2018-08,Bakken,1.606,billion cubic feet per day,https://www.eia.gov/outlooks/steo/xls/chart-gallery.xlsx sheet 43; STEO September 2026
2018-08,Barnett,2.484,billion cubic feet per day,https://www.eia.gov/outlooks/steo/xls/chart-gallery.xlsx sheet 43; STEO September 2026
2018-08,Fayetteville,1.377,billion cubic feet per day,https://www.eia.gov/outlooks/steo/xls/chart-gallery.xlsx sheet 43; STEO September 2026
2018-08,Mississippian,2.642,billion cubic feet per day,https://www.eia.gov/outlooks/steo/xls/chart-gallery.xlsx sheet 43; STEO September 2026
2018-08,Niobrara-Codell,2.023,billion cubic feet per day,https://www.eia.gov/outlooks/steo/xls/chart-gallery.xlsx sheet 43; STEO September 2026
2018-08,Woodford,2.694,billion cubic feet per day,https://www.eia.gov/outlooks/steo/xls/chart-gallery.xlsx sheet 43; STEO September 2026
2018-08,Rest of U.S.,2.52,billion cubic feet per day,https://www.eia.gov/outlooks/steo/xls/chart-gallery.xlsx sheet 43; STEO September 2026
2018-09,Permian,7.448,billion cubic feet per day,https://www.eia.gov/outlooks/steo/xls/chart-gallery.xlsx sheet 43; STEO September 2026
2018-09,Haynesville,7.478,billion cubic feet per day,https://www.eia.gov/outlooks/steo/xls/chart-gallery.xlsx sheet 43; STEO September 2026
2018-09,Marcellus,20.292,billion cubic feet per day,https://www.eia.gov/outlooks/steo/xls/chart-gallery.xlsx sheet 43; STEO September 2026
2018-09,Utica,7.296,billion cubic feet per day,https://www.eia.gov/outlooks/steo/xls/chart-gallery.xlsx sheet 43; STEO September 2026
2018-09,Eagle Ford,4.089,billion cubic feet per day,https://www.eia.gov/outlooks/steo/xls/chart-gallery.xlsx sheet 43; STEO September 2026
2018-09,Bakken,1.655,billion cubic feet per day,https://www.eia.gov/outlooks/steo/xls/chart-gallery.xlsx sheet 43; STEO September 2026
2018-09,Barnett,2.459,billion cubic feet per day,https://www.eia.gov/outlooks/steo/xls/chart-gallery.xlsx sheet 43; STEO September 2026
2018-09,Fayetteville,1.368,billion cubic feet per day,https://www.eia.gov/outlooks/steo/xls/chart-gallery.xlsx sheet 43; STEO September 2026
2018-09,Mississippian,2.699,billion cubic feet per day,https://www.eia.gov/outlooks/steo/xls/chart-gallery.xlsx sheet 43; STEO September 2026
2018-09,Niobrara-Codell,2.075,billion cubic feet per day,https://www.eia.gov/outlooks/steo/xls/chart-gallery.xlsx sheet 43; STEO September 2026
2018-09,Woodford,2.768,billion cubic feet per day,https://www.eia.gov/outlooks/steo/xls/chart-gallery.xlsx sheet 43; STEO September 2026
2018-09,Rest of U.S.,2.52,billion cubic feet per day,https://www.eia.gov/outlooks/steo/xls/chart-gallery.xlsx sheet 43; STEO September 2026
2018-10,Permian,7.575,billion cubic feet per day,https://www.eia.gov/outlooks/steo/xls/chart-gallery.xlsx sheet 43; STEO September 2026
2018-10,Haynesville,7.768,billion cubic feet per day,https://www.eia.gov/outlooks/steo/xls/chart-gallery.xlsx sheet 43; STEO September 2026
2018-10,Marcellus,20.704,billion cubic feet per day,https://www.eia.gov/outlooks/steo/xls/chart-gallery.xlsx sheet 43; STEO September 2026
2018-10,Utica,7.306,billion cubic feet per day,https://www.eia.gov/outlooks/steo/xls/chart-gallery.xlsx sheet 43; STEO September 2026
2018-10,Eagle Ford,4.072,billion cubic feet per day,https://www.eia.gov/outlooks/steo/xls/chart-gallery.xlsx sheet 43; STEO September 2026
2018-10,Bakken,1.685,billion cubic feet per day,https://www.eia.gov/outlooks/steo/xls/chart-gallery.xlsx sheet 43; STEO September 2026
2018-10,Barnett,2.461,billion cubic feet per day,https://www.eia.gov/outlooks/steo/xls/chart-gallery.xlsx sheet 43; STEO September 2026
2018-10,Fayetteville,1.367,billion cubic feet per day,https://www.eia.gov/outlooks/steo/xls/chart-gallery.xlsx sheet 43; STEO September 2026
2018-10,Mississippian,2.821,billion cubic feet per day,https://www.eia.gov/outlooks/steo/xls/chart-gallery.xlsx sheet 43; STEO September 2026
2018-10,Niobrara-Codell,2.094,billion cubic feet per day,https://www.eia.gov/outlooks/steo/xls/chart-gallery.xlsx sheet 43; STEO September 2026
2018-10,Woodford,2.801,billion cubic feet per day,https://www.eia.gov/outlooks/steo/xls/chart-gallery.xlsx sheet 43; STEO September 2026
2018-10,Rest of U.S.,2.503,billion cubic feet per day,https://www.eia.gov/outlooks/steo/xls/chart-gallery.xlsx sheet 43; STEO September 2026
2018-11,Permian,7.808,billion cubic feet per day,https://www.eia.gov/outlooks/steo/xls/chart-gallery.xlsx sheet 43; STEO September 2026
2018-11,Haynesville,7.829,billion cubic feet per day,https://www.eia.gov/outlooks/steo/xls/chart-gallery.xlsx sheet 43; STEO September 2026
2018-11,Marcellus,21.134,billion cubic feet per day,https://www.eia.gov/outlooks/steo/xls/chart-gallery.xlsx sheet 43; STEO September 2026
2018-11,Utica,7.571,billion cubic feet per day,https://www.eia.gov/outlooks/steo/xls/chart-gallery.xlsx sheet 43; STEO September 2026
2018-11,Eagle Ford,4.112,billion cubic feet per day,https://www.eia.gov/outlooks/steo/xls/chart-gallery.xlsx sheet 43; STEO September 2026
2018-11,Bakken,1.663,billion cubic feet per day,https://www.eia.gov/outlooks/steo/xls/chart-gallery.xlsx sheet 43; STEO September 2026
2018-11,Barnett,2.436,billion cubic feet per day,https://www.eia.gov/outlooks/steo/xls/chart-gallery.xlsx sheet 43; STEO September 2026
2018-11,Fayetteville,1.361,billion cubic feet per day,https://www.eia.gov/outlooks/steo/xls/chart-gallery.xlsx sheet 43; STEO September 2026
2018-11,Mississippian,2.821,billion cubic feet per day,https://www.eia.gov/outlooks/steo/xls/chart-gallery.xlsx sheet 43; STEO September 2026
2018-11,Niobrara-Codell,2.204,billion cubic feet per day,https://www.eia.gov/outlooks/steo/xls/chart-gallery.xlsx sheet 43; STEO September 2026
2018-11,Woodford,2.843,billion cubic feet per day,https://www.eia.gov/outlooks/steo/xls/chart-gallery.xlsx sheet 43; STEO September 2026
2018-11,Rest of U.S.,2.549,billion cubic feet per day,https://www.eia.gov/outlooks/steo/xls/chart-gallery.xlsx sheet 43; STEO September 2026
2018-12,Permian,8.162,billion cubic feet per day,https://www.eia.gov/outlooks/steo/xls/chart-gallery.xlsx sheet 43; STEO September 2026
2018-12,Haynesville,7.858,billion cubic feet per day,https://www.eia.gov/outlooks/steo/xls/chart-gallery.xlsx sheet 43; STEO September 2026
2018-12,Marcellus,21.27,billion cubic feet per day,https://www.eia.gov/outlooks/steo/xls/chart-gallery.xlsx sheet 43; STEO September 2026
2018-12,Utica,7.794,billion cubic feet per day,https://www.eia.gov/outlooks/steo/xls/chart-gallery.xlsx sheet 43; STEO September 2026
2018-12,Eagle Ford,4.157,billion cubic feet per day,https://www.eia.gov/outlooks/steo/xls/chart-gallery.xlsx sheet 43; STEO September 2026
2018-12,Bakken,1.747,billion cubic feet per day,https://www.eia.gov/outlooks/steo/xls/chart-gallery.xlsx sheet 43; STEO September 2026
2018-12,Barnett,2.432,billion cubic feet per day,https://www.eia.gov/outlooks/steo/xls/chart-gallery.xlsx sheet 43; STEO September 2026
2018-12,Fayetteville,1.343,billion cubic feet per day,https://www.eia.gov/outlooks/steo/xls/chart-gallery.xlsx sheet 43; STEO September 2026
2018-12,Mississippian,2.847,billion cubic feet per day,https://www.eia.gov/outlooks/steo/xls/chart-gallery.xlsx sheet 43; STEO September 2026
2018-12,Niobrara-Codell,2.263,billion cubic feet per day,https://www.eia.gov/outlooks/steo/xls/chart-gallery.xlsx sheet 43; STEO September 2026
2018-12,Woodford,2.898,billion cubic feet per day,https://www.eia.gov/outlooks/steo/xls/chart-gallery.xlsx sheet 43; STEO September 2026
2018-12,Rest of U.S.,2.506,billion cubic feet per day,https://www.eia.gov/outlooks/steo/xls/chart-gallery.xlsx sheet 43; STEO September 2026
2019-01,Permian,8.253,billion cubic feet per day,https://www.eia.gov/outlooks/steo/xls/chart-gallery.xlsx sheet 43; STEO September 2026
2019-01,Haynesville,8.092,billion cubic feet per day,https://www.eia.gov/outlooks/steo/xls/chart-gallery.xlsx sheet 43; STEO September 2026
2019-01,Marcellus,21.526,billion cubic feet per day,https://www.eia.gov/outlooks/steo/xls/chart-gallery.xlsx sheet 43; STEO September 2026
2019-01,Utica,7.031,billion cubic feet per day,https://www.eia.gov/outlooks/steo/xls/chart-gallery.xlsx sheet 43; STEO September 2026
2019-01,Eagle Ford,4.128,billion cubic feet per day,https://www.eia.gov/outlooks/steo/xls/chart-gallery.xlsx sheet 43; STEO September 2026
2019-01,Bakken,1.763,billion cubic feet per day,https://www.eia.gov/outlooks/steo/xls/chart-gallery.xlsx sheet 43; STEO September 2026
2019-01,Barnett,2.438,billion cubic feet per day,https://www.eia.gov/outlooks/steo/xls/chart-gallery.xlsx sheet 43; STEO September 2026
2019-01,Fayetteville,1.323,billion cubic feet per day,https://www.eia.gov/outlooks/steo/xls/chart-gallery.xlsx sheet 43; STEO September 2026
2019-01,Mississippian,2.76,billion cubic feet per day,https://www.eia.gov/outlooks/steo/xls/chart-gallery.xlsx sheet 43; STEO September 2026
2019-01,Niobrara-Codell,2.311,billion cubic feet per day,https://www.eia.gov/outlooks/steo/xls/chart-gallery.xlsx sheet 43; STEO September 2026
2019-01,Woodford,2.838,billion cubic feet per day,https://www.eia.gov/outlooks/steo/xls/chart-gallery.xlsx sheet 43; STEO September 2026
2019-01,Rest of U.S.,2.533,billion cubic feet per day,https://www.eia.gov/outlooks/steo/xls/chart-gallery.xlsx sheet 43; STEO September 2026
2019-02,Permian,8.583,billion cubic feet per day,https://www.eia.gov/outlooks/steo/xls/chart-gallery.xlsx sheet 43; STEO September 2026
2019-02,Haynesville,8.417,billion cubic feet per day,https://www.eia.gov/outlooks/steo/xls/chart-gallery.xlsx sheet 43; STEO September 2026
2019-02,Marcellus,21.576,billion cubic feet per day,https://www.eia.gov/outlooks/steo/xls/chart-gallery.xlsx sheet 43; STEO September 2026
2019-02,Utica,7.25,billion cubic feet per day,https://www.eia.gov/outlooks/steo/xls/chart-gallery.xlsx sheet 43; STEO September 2026
2019-02,Eagle Ford,4.08,billion cubic feet per day,https://www.eia.gov/outlooks/steo/xls/chart-gallery.xlsx sheet 43; STEO September 2026
2019-02,Bakken,1.703,billion cubic feet per day,https://www.eia.gov/outlooks/steo/xls/chart-gallery.xlsx sheet 43; STEO September 2026
2019-02,Barnett,2.422,billion cubic feet per day,https://www.eia.gov/outlooks/steo/xls/chart-gallery.xlsx sheet 43; STEO September 2026
2019-02,Fayetteville,1.3,billion cubic feet per day,https://www.eia.gov/outlooks/steo/xls/chart-gallery.xlsx sheet 43; STEO September 2026
2019-02,Mississippian,2.693,billion cubic feet per day,https://www.eia.gov/outlooks/steo/xls/chart-gallery.xlsx sheet 43; STEO September 2026
2019-02,Niobrara-Codell,2.307,billion cubic feet per day,https://www.eia.gov/outlooks/steo/xls/chart-gallery.xlsx sheet 43; STEO September 2026
2019-02,Woodford,2.853,billion cubic feet per day,https://www.eia.gov/outlooks/steo/xls/chart-gallery.xlsx sheet 43; STEO September 2026
2019-02,Rest of U.S.,2.537,billion cubic feet per day,https://www.eia.gov/outlooks/steo/xls/chart-gallery.xlsx sheet 43; STEO September 2026
2019-03,Permian,8.712,billion cubic feet per day,https://www.eia.gov/outlooks/steo/xls/chart-gallery.xlsx sheet 43; STEO September 2026
2019-03,Haynesville,8.474,billion cubic feet per day,https://www.eia.gov/outlooks/steo/xls/chart-gallery.xlsx sheet 43; STEO September 2026
2019-03,Marcellus,21.609,billion cubic feet per day,https://www.eia.gov/outlooks/steo/xls/chart-gallery.xlsx sheet 43; STEO September 2026
2019-03,Utica,7.336,billion cubic feet per day,https://www.eia.gov/outlooks/steo/xls/chart-gallery.xlsx sheet 43; STEO September 2026
2019-03,Eagle Ford,4.085,billion cubic feet per day,https://www.eia.gov/outlooks/steo/xls/chart-gallery.xlsx sheet 43; STEO September 2026
2019-03,Bakken,1.833,billion cubic feet per day,https://www.eia.gov/outlooks/steo/xls/chart-gallery.xlsx sheet 43; STEO September 2026
2019-03,Barnett,2.395,billion cubic feet per day,https://www.eia.gov/outlooks/steo/xls/chart-gallery.xlsx sheet 43; STEO September 2026
2019-03,Fayetteville,1.286,billion cubic feet per day,https://www.eia.gov/outlooks/steo/xls/chart-gallery.xlsx sheet 43; STEO September 2026
2019-03,Mississippian,2.682,billion cubic feet per day,https://www.eia.gov/outlooks/steo/xls/chart-gallery.xlsx sheet 43; STEO September 2026
2019-03,Niobrara-Codell,2.277,billion cubic feet per day,https://www.eia.gov/outlooks/steo/xls/chart-gallery.xlsx sheet 43; STEO September 2026
2019-03,Woodford,2.824,billion cubic feet per day,https://www.eia.gov/outlooks/steo/xls/chart-gallery.xlsx sheet 43; STEO September 2026
2019-03,Rest of U.S.,2.539,billion cubic feet per day,https://www.eia.gov/outlooks/steo/xls/chart-gallery.xlsx sheet 43; STEO September 2026
2019-04,Permian,8.805,billion cubic feet per day,https://www.eia.gov/outlooks/steo/xls/chart-gallery.xlsx sheet 43; STEO September 2026
2019-04,Haynesville,8.635,billion cubic feet per day,https://www.eia.gov/outlooks/steo/xls/chart-gallery.xlsx sheet 43; STEO September 2026
2019-04,Marcellus,21.613,billion cubic feet per day,https://www.eia.gov/outlooks/steo/xls/chart-gallery.xlsx sheet 43; STEO September 2026
2019-04,Utica,6.889,billion cubic feet per day,https://www.eia.gov/outlooks/steo/xls/chart-gallery.xlsx sheet 43; STEO September 2026
2019-04,Eagle Ford,4.18,billion cubic feet per day,https://www.eia.gov/outlooks/steo/xls/chart-gallery.xlsx sheet 43; STEO September 2026
2019-04,Bakken,1.853,billion cubic feet per day,https://www.eia.gov/outlooks/steo/xls/chart-gallery.xlsx sheet 43; STEO September 2026
2019-04,Barnett,2.373,billion cubic feet per day,https://www.eia.gov/outlooks/steo/xls/chart-gallery.xlsx sheet 43; STEO September 2026
2019-04,Fayetteville,1.28,billion cubic feet per day,https://www.eia.gov/outlooks/steo/xls/chart-gallery.xlsx sheet 43; STEO September 2026
2019-04,Mississippian,2.864,billion cubic feet per day,https://www.eia.gov/outlooks/steo/xls/chart-gallery.xlsx sheet 43; STEO September 2026
2019-04,Niobrara-Codell,2.385,billion cubic feet per day,https://www.eia.gov/outlooks/steo/xls/chart-gallery.xlsx sheet 43; STEO September 2026
2019-04,Woodford,2.871,billion cubic feet per day,https://www.eia.gov/outlooks/steo/xls/chart-gallery.xlsx sheet 43; STEO September 2026
2019-04,Rest of U.S.,2.587,billion cubic feet per day,https://www.eia.gov/outlooks/steo/xls/chart-gallery.xlsx sheet 43; STEO September 2026
2019-05,Permian,9.153,billion cubic feet per day,https://www.eia.gov/outlooks/steo/xls/chart-gallery.xlsx sheet 43; STEO September 2026
2019-05,Haynesville,8.838,billion cubic feet per day,https://www.eia.gov/outlooks/steo/xls/chart-gallery.xlsx sheet 43; STEO September 2026
2019-05,Marcellus,21.457,billion cubic feet per day,https://www.eia.gov/outlooks/steo/xls/chart-gallery.xlsx sheet 43; STEO September 2026
2019-05,Utica,7.279,billion cubic feet per day,https://www.eia.gov/outlooks/steo/xls/chart-gallery.xlsx sheet 43; STEO September 2026
2019-05,Eagle Ford,4.247,billion cubic feet per day,https://www.eia.gov/outlooks/steo/xls/chart-gallery.xlsx sheet 43; STEO September 2026
2019-05,Bakken,1.845,billion cubic feet per day,https://www.eia.gov/outlooks/steo/xls/chart-gallery.xlsx sheet 43; STEO September 2026
2019-05,Barnett,2.348,billion cubic feet per day,https://www.eia.gov/outlooks/steo/xls/chart-gallery.xlsx sheet 43; STEO September 2026
2019-05,Fayetteville,1.252,billion cubic feet per day,https://www.eia.gov/outlooks/steo/xls/chart-gallery.xlsx sheet 43; STEO September 2026
2019-05,Mississippian,2.909,billion cubic feet per day,https://www.eia.gov/outlooks/steo/xls/chart-gallery.xlsx sheet 43; STEO September 2026
2019-05,Niobrara-Codell,2.371,billion cubic feet per day,https://www.eia.gov/outlooks/steo/xls/chart-gallery.xlsx sheet 43; STEO September 2026
2019-05,Woodford,2.919,billion cubic feet per day,https://www.eia.gov/outlooks/steo/xls/chart-gallery.xlsx sheet 43; STEO September 2026
2019-05,Rest of U.S.,2.58,billion cubic feet per day,https://www.eia.gov/outlooks/steo/xls/chart-gallery.xlsx sheet 43; STEO September 2026
2019-06,Permian,9.351,billion cubic feet per day,https://www.eia.gov/outlooks/steo/xls/chart-gallery.xlsx sheet 43; STEO September 2026
2019-06,Haynesville,8.915,billion cubic feet per day,https://www.eia.gov/outlooks/steo/xls/chart-gallery.xlsx sheet 43; STEO September 2026
2019-06,Marcellus,21.769,billion cubic feet per day,https://www.eia.gov/outlooks/steo/xls/chart-gallery.xlsx sheet 43; STEO September 2026
2019-06,Utica,7.555,billion cubic feet per day,https://www.eia.gov/outlooks/steo/xls/chart-gallery.xlsx sheet 43; STEO September 2026
2019-06,Eagle Ford,4.323,billion cubic feet per day,https://www.eia.gov/outlooks/steo/xls/chart-gallery.xlsx sheet 43; STEO September 2026
2019-06,Bakken,1.891,billion cubic feet per day,https://www.eia.gov/outlooks/steo/xls/chart-gallery.xlsx sheet 43; STEO September 2026
2019-06,Barnett,2.326,billion cubic feet per day,https://www.eia.gov/outlooks/steo/xls/chart-gallery.xlsx sheet 43; STEO September 2026
2019-06,Fayetteville,1.24,billion cubic feet per day,https://www.eia.gov/outlooks/steo/xls/chart-gallery.xlsx sheet 43; STEO September 2026
2019-06,Mississippian,2.945,billion cubic feet per day,https://www.eia.gov/outlooks/steo/xls/chart-gallery.xlsx sheet 43; STEO September 2026
2019-06,Niobrara-Codell,2.444,billion cubic feet per day,https://www.eia.gov/outlooks/steo/xls/chart-gallery.xlsx sheet 43; STEO September 2026
2019-06,Woodford,2.888,billion cubic feet per day,https://www.eia.gov/outlooks/steo/xls/chart-gallery.xlsx sheet 43; STEO September 2026
2019-06,Rest of U.S.,2.613,billion cubic feet per day,https://www.eia.gov/outlooks/steo/xls/chart-gallery.xlsx sheet 43; STEO September 2026
2019-07,Permian,9.595,billion cubic feet per day,https://www.eia.gov/outlooks/steo/xls/chart-gallery.xlsx sheet 43; STEO September 2026
2019-07,Haynesville,9.206,billion cubic feet per day,https://www.eia.gov/outlooks/steo/xls/chart-gallery.xlsx sheet 43; STEO September 2026
2019-07,Marcellus,21.989,billion cubic feet per day,https://www.eia.gov/outlooks/steo/xls/chart-gallery.xlsx sheet 43; STEO September 2026
2019-07,Utica,7.47,billion cubic feet per day,https://www.eia.gov/outlooks/steo/xls/chart-gallery.xlsx sheet 43; STEO September 2026
2019-07,Eagle Ford,4.372,billion cubic feet per day,https://www.eia.gov/outlooks/steo/xls/chart-gallery.xlsx sheet 43; STEO September 2026
2019-07,Bakken,1.928,billion cubic feet per day,https://www.eia.gov/outlooks/steo/xls/chart-gallery.xlsx sheet 43; STEO September 2026
2019-07,Barnett,2.302,billion cubic feet per day,https://www.eia.gov/outlooks/steo/xls/chart-gallery.xlsx sheet 43; STEO September 2026
2019-07,Fayetteville,1.228,billion cubic feet per day,https://www.eia.gov/outlooks/steo/xls/chart-gallery.xlsx sheet 43; STEO September 2026
2019-07,Mississippian,3.005,billion cubic feet per day,https://www.eia.gov/outlooks/steo/xls/chart-gallery.xlsx sheet 43; STEO September 2026
2019-07,Niobrara-Codell,2.411,billion cubic feet per day,https://www.eia.gov/outlooks/steo/xls/chart-gallery.xlsx sheet 43; STEO September 2026
2019-07,Woodford,2.843,billion cubic feet per day,https://www.eia.gov/outlooks/steo/xls/chart-gallery.xlsx sheet 43; STEO September 2026
2019-07,Rest of U.S.,2.568,billion cubic feet per day,https://www.eia.gov/outlooks/steo/xls/chart-gallery.xlsx sheet 43; STEO September 2026
2019-08,Permian,10.064,billion cubic feet per day,https://www.eia.gov/outlooks/steo/xls/chart-gallery.xlsx sheet 43; STEO September 2026
2019-08,Haynesville,9.179,billion cubic feet per day,https://www.eia.gov/outlooks/steo/xls/chart-gallery.xlsx sheet 43; STEO September 2026
2019-08,Marcellus,22.143,billion cubic feet per day,https://www.eia.gov/outlooks/steo/xls/chart-gallery.xlsx sheet 43; STEO September 2026
2019-08,Utica,7.937,billion cubic feet per day,https://www.eia.gov/outlooks/steo/xls/chart-gallery.xlsx sheet 43; STEO September 2026
2019-08,Eagle Ford,4.427,billion cubic feet per day,https://www.eia.gov/outlooks/steo/xls/chart-gallery.xlsx sheet 43; STEO September 2026
2019-08,Bakken,1.974,billion cubic feet per day,https://www.eia.gov/outlooks/steo/xls/chart-gallery.xlsx sheet 43; STEO September 2026
2019-08,Barnett,2.282,billion cubic feet per day,https://www.eia.gov/outlooks/steo/xls/chart-gallery.xlsx sheet 43; STEO September 2026
2019-08,Fayetteville,1.218,billion cubic feet per day,https://www.eia.gov/outlooks/steo/xls/chart-gallery.xlsx sheet 43; STEO September 2026
2019-08,Mississippian,2.942,billion cubic feet per day,https://www.eia.gov/outlooks/steo/xls/chart-gallery.xlsx sheet 43; STEO September 2026
2019-08,Niobrara-Codell,2.455,billion cubic feet per day,https://www.eia.gov/outlooks/steo/xls/chart-gallery.xlsx sheet 43; STEO September 2026
2019-08,Woodford,2.771,billion cubic feet per day,https://www.eia.gov/outlooks/steo/xls/chart-gallery.xlsx sheet 43; STEO September 2026
2019-08,Rest of U.S.,2.551,billion cubic feet per day,https://www.eia.gov/outlooks/steo/xls/chart-gallery.xlsx sheet 43; STEO September 2026
2019-09,Permian,10.367,billion cubic feet per day,https://www.eia.gov/outlooks/steo/xls/chart-gallery.xlsx sheet 43; STEO September 2026
2019-09,Haynesville,9.162,billion cubic feet per day,https://www.eia.gov/outlooks/steo/xls/chart-gallery.xlsx sheet 43; STEO September 2026
2019-09,Marcellus,22.224,billion cubic feet per day,https://www.eia.gov/outlooks/steo/xls/chart-gallery.xlsx sheet 43; STEO September 2026
2019-09,Utica,8.23,billion cubic feet per day,https://www.eia.gov/outlooks/steo/xls/chart-gallery.xlsx sheet 43; STEO September 2026
2019-09,Eagle Ford,4.502,billion cubic feet per day,https://www.eia.gov/outlooks/steo/xls/chart-gallery.xlsx sheet 43; STEO September 2026
2019-09,Bakken,1.936,billion cubic feet per day,https://www.eia.gov/outlooks/steo/xls/chart-gallery.xlsx sheet 43; STEO September 2026
2019-09,Barnett,2.263,billion cubic feet per day,https://www.eia.gov/outlooks/steo/xls/chart-gallery.xlsx sheet 43; STEO September 2026
2019-09,Fayetteville,1.207,billion cubic feet per day,https://www.eia.gov/outlooks/steo/xls/chart-gallery.xlsx sheet 43; STEO September 2026
2019-09,Mississippian,3.016,billion cubic feet per day,https://www.eia.gov/outlooks/steo/xls/chart-gallery.xlsx sheet 43; STEO September 2026
2019-09,Niobrara-Codell,2.463,billion cubic feet per day,https://www.eia.gov/outlooks/steo/xls/chart-gallery.xlsx sheet 43; STEO September 2026
2019-09,Woodford,2.906,billion cubic feet per day,https://www.eia.gov/outlooks/steo/xls/chart-gallery.xlsx sheet 43; STEO September 2026
2019-09,Rest of U.S.,2.633,billion cubic feet per day,https://www.eia.gov/outlooks/steo/xls/chart-gallery.xlsx sheet 43; STEO September 2026
2019-10,Permian,10.489,billion cubic feet per day,https://www.eia.gov/outlooks/steo/xls/chart-gallery.xlsx sheet 43; STEO September 2026
2019-10,Haynesville,9.334,billion cubic feet per day,https://www.eia.gov/outlooks/steo/xls/chart-gallery.xlsx sheet 43; STEO September 2026
2019-10,Marcellus,22.665,billion cubic feet per day,https://www.eia.gov/outlooks/steo/xls/chart-gallery.xlsx sheet 43; STEO September 2026
2019-10,Utica,7.909,billion cubic feet per day,https://www.eia.gov/outlooks/steo/xls/chart-gallery.xlsx sheet 43; STEO September 2026
2019-10,Eagle Ford,4.491,billion cubic feet per day,https://www.eia.gov/outlooks/steo/xls/chart-gallery.xlsx sheet 43; STEO September 2026
2019-10,Bakken,2.026,billion cubic feet per day,https://www.eia.gov/outlooks/steo/xls/chart-gallery.xlsx sheet 43; STEO September 2026
2019-10,Barnett,2.242,billion cubic feet per day,https://www.eia.gov/outlooks/steo/xls/chart-gallery.xlsx sheet 43; STEO September 2026
2019-10,Fayetteville,1.203,billion cubic feet per day,https://www.eia.gov/outlooks/steo/xls/chart-gallery.xlsx sheet 43; STEO September 2026
2019-10,Mississippian,2.948,billion cubic feet per day,https://www.eia.gov/outlooks/steo/xls/chart-gallery.xlsx sheet 43; STEO September 2026
2019-10,Niobrara-Codell,2.674,billion cubic feet per day,https://www.eia.gov/outlooks/steo/xls/chart-gallery.xlsx sheet 43; STEO September 2026
2019-10,Woodford,2.915,billion cubic feet per day,https://www.eia.gov/outlooks/steo/xls/chart-gallery.xlsx sheet 43; STEO September 2026
2019-10,Rest of U.S.,2.59,billion cubic feet per day,https://www.eia.gov/outlooks/steo/xls/chart-gallery.xlsx sheet 43; STEO September 2026
2019-11,Permian,10.783,billion cubic feet per day,https://www.eia.gov/outlooks/steo/xls/chart-gallery.xlsx sheet 43; STEO September 2026
2019-11,Haynesville,9.492,billion cubic feet per day,https://www.eia.gov/outlooks/steo/xls/chart-gallery.xlsx sheet 43; STEO September 2026
2019-11,Marcellus,23.482,billion cubic feet per day,https://www.eia.gov/outlooks/steo/xls/chart-gallery.xlsx sheet 43; STEO September 2026
2019-11,Utica,8.229,billion cubic feet per day,https://www.eia.gov/outlooks/steo/xls/chart-gallery.xlsx sheet 43; STEO September 2026
2019-11,Eagle Ford,4.448,billion cubic feet per day,https://www.eia.gov/outlooks/steo/xls/chart-gallery.xlsx sheet 43; STEO September 2026
2019-11,Bakken,2.069,billion cubic feet per day,https://www.eia.gov/outlooks/steo/xls/chart-gallery.xlsx sheet 43; STEO September 2026
2019-11,Barnett,2.217,billion cubic feet per day,https://www.eia.gov/outlooks/steo/xls/chart-gallery.xlsx sheet 43; STEO September 2026
2019-11,Fayetteville,1.206,billion cubic feet per day,https://www.eia.gov/outlooks/steo/xls/chart-gallery.xlsx sheet 43; STEO September 2026
2019-11,Mississippian,2.84,billion cubic feet per day,https://www.eia.gov/outlooks/steo/xls/chart-gallery.xlsx sheet 43; STEO September 2026
2019-11,Niobrara-Codell,2.813,billion cubic feet per day,https://www.eia.gov/outlooks/steo/xls/chart-gallery.xlsx sheet 43; STEO September 2026
2019-11,Woodford,2.908,billion cubic feet per day,https://www.eia.gov/outlooks/steo/xls/chart-gallery.xlsx sheet 43; STEO September 2026
2019-11,Rest of U.S.,2.59,billion cubic feet per day,https://www.eia.gov/outlooks/steo/xls/chart-gallery.xlsx sheet 43; STEO September 2026
2019-12,Permian,10.925,billion cubic feet per day,https://www.eia.gov/outlooks/steo/xls/chart-gallery.xlsx sheet 43; STEO September 2026
2019-12,Haynesville,9.578,billion cubic feet per day,https://www.eia.gov/outlooks/steo/xls/chart-gallery.xlsx sheet 43; STEO September 2026
2019-12,Marcellus,23.279,billion cubic feet per day,https://www.eia.gov/outlooks/steo/xls/chart-gallery.xlsx sheet 43; STEO September 2026
2019-12,Utica,8.292,billion cubic feet per day,https://www.eia.gov/outlooks/steo/xls/chart-gallery.xlsx sheet 43; STEO September 2026
2019-12,Eagle Ford,4.472,billion cubic feet per day,https://www.eia.gov/outlooks/steo/xls/chart-gallery.xlsx sheet 43; STEO September 2026
2019-12,Bakken,2.024,billion cubic feet per day,https://www.eia.gov/outlooks/steo/xls/chart-gallery.xlsx sheet 43; STEO September 2026
2019-12,Barnett,2.211,billion cubic feet per day,https://www.eia.gov/outlooks/steo/xls/chart-gallery.xlsx sheet 43; STEO September 2026
2019-12,Fayetteville,1.198,billion cubic feet per day,https://www.eia.gov/outlooks/steo/xls/chart-gallery.xlsx sheet 43; STEO September 2026
2019-12,Mississippian,2.821,billion cubic feet per day,https://www.eia.gov/outlooks/steo/xls/chart-gallery.xlsx sheet 43; STEO September 2026
2019-12,Niobrara-Codell,2.857,billion cubic feet per day,https://www.eia.gov/outlooks/steo/xls/chart-gallery.xlsx sheet 43; STEO September 2026
2019-12,Woodford,2.885,billion cubic feet per day,https://www.eia.gov/outlooks/steo/xls/chart-gallery.xlsx sheet 43; STEO September 2026
2019-12,Rest of U.S.,2.554,billion cubic feet per day,https://www.eia.gov/outlooks/steo/xls/chart-gallery.xlsx sheet 43; STEO September 2026
2020-01,Permian,11.396,billion cubic feet per day,https://www.eia.gov/outlooks/steo/xls/chart-gallery.xlsx sheet 43; STEO September 2026
2020-01,Haynesville,9.573,billion cubic feet per day,https://www.eia.gov/outlooks/steo/xls/chart-gallery.xlsx sheet 43; STEO September 2026
2020-01,Marcellus,23.307,billion cubic feet per day,https://www.eia.gov/outlooks/steo/xls/chart-gallery.xlsx sheet 43; STEO September 2026
2020-01,Utica,7.014,billion cubic feet per day,https://www.eia.gov/outlooks/steo/xls/chart-gallery.xlsx sheet 43; STEO September 2026
2020-01,Eagle Ford,4.641,billion cubic feet per day,https://www.eia.gov/outlooks/steo/xls/chart-gallery.xlsx sheet 43; STEO September 2026
2020-01,Bakken,2.226,billion cubic feet per day,https://www.eia.gov/outlooks/steo/xls/chart-gallery.xlsx sheet 43; STEO September 2026
2020-01,Barnett,2.281,billion cubic feet per day,https://www.eia.gov/outlooks/steo/xls/chart-gallery.xlsx sheet 43; STEO September 2026
2020-01,Fayetteville,1.18,billion cubic feet per day,https://www.eia.gov/outlooks/steo/xls/chart-gallery.xlsx sheet 43; STEO September 2026
2020-01,Mississippian,2.79,billion cubic feet per day,https://www.eia.gov/outlooks/steo/xls/chart-gallery.xlsx sheet 43; STEO September 2026
2020-01,Niobrara-Codell,2.803,billion cubic feet per day,https://www.eia.gov/outlooks/steo/xls/chart-gallery.xlsx sheet 43; STEO September 2026
2020-01,Woodford,2.807,billion cubic feet per day,https://www.eia.gov/outlooks/steo/xls/chart-gallery.xlsx sheet 43; STEO September 2026
2020-01,Rest of U.S.,2.477,billion cubic feet per day,https://www.eia.gov/outlooks/steo/xls/chart-gallery.xlsx sheet 43; STEO September 2026
2020-02,Permian,11.356,billion cubic feet per day,https://www.eia.gov/outlooks/steo/xls/chart-gallery.xlsx sheet 43; STEO September 2026
2020-02,Haynesville,9.59,billion cubic feet per day,https://www.eia.gov/outlooks/steo/xls/chart-gallery.xlsx sheet 43; STEO September 2026
2020-02,Marcellus,23.494,billion cubic feet per day,https://www.eia.gov/outlooks/steo/xls/chart-gallery.xlsx sheet 43; STEO September 2026
2020-02,Utica,7.215,billion cubic feet per day,https://www.eia.gov/outlooks/steo/xls/chart-gallery.xlsx sheet 43; STEO September 2026
2020-02,Eagle Ford,4.586,billion cubic feet per day,https://www.eia.gov/outlooks/steo/xls/chart-gallery.xlsx sheet 43; STEO September 2026
2020-02,Bakken,2.291,billion cubic feet per day,https://www.eia.gov/outlooks/steo/xls/chart-gallery.xlsx sheet 43; STEO September 2026
2020-02,Barnett,2.242,billion cubic feet per day,https://www.eia.gov/outlooks/steo/xls/chart-gallery.xlsx sheet 43; STEO September 2026
2020-02,Fayetteville,1.162,billion cubic feet per day,https://www.eia.gov/outlooks/steo/xls/chart-gallery.xlsx sheet 43; STEO September 2026
2020-02,Mississippian,2.673,billion cubic feet per day,https://www.eia.gov/outlooks/steo/xls/chart-gallery.xlsx sheet 43; STEO September 2026
2020-02,Niobrara-Codell,2.796,billion cubic feet per day,https://www.eia.gov/outlooks/steo/xls/chart-gallery.xlsx sheet 43; STEO September 2026
2020-02,Woodford,2.721,billion cubic feet per day,https://www.eia.gov/outlooks/steo/xls/chart-gallery.xlsx sheet 43; STEO September 2026
2020-02,Rest of U.S.,2.592,billion cubic feet per day,https://www.eia.gov/outlooks/steo/xls/chart-gallery.xlsx sheet 43; STEO September 2026
2020-03,Permian,11.669,billion cubic feet per day,https://www.eia.gov/outlooks/steo/xls/chart-gallery.xlsx sheet 43; STEO September 2026
2020-03,Haynesville,9.779,billion cubic feet per day,https://www.eia.gov/outlooks/steo/xls/chart-gallery.xlsx sheet 43; STEO September 2026
2020-03,Marcellus,23.277,billion cubic feet per day,https://www.eia.gov/outlooks/steo/xls/chart-gallery.xlsx sheet 43; STEO September 2026
2020-03,Utica,7.323,billion cubic feet per day,https://www.eia.gov/outlooks/steo/xls/chart-gallery.xlsx sheet 43; STEO September 2026
2020-03,Eagle Ford,4.572,billion cubic feet per day,https://www.eia.gov/outlooks/steo/xls/chart-gallery.xlsx sheet 43; STEO September 2026
2020-03,Bakken,2.317,billion cubic feet per day,https://www.eia.gov/outlooks/steo/xls/chart-gallery.xlsx sheet 43; STEO September 2026
2020-03,Barnett,2.222,billion cubic feet per day,https://www.eia.gov/outlooks/steo/xls/chart-gallery.xlsx sheet 43; STEO September 2026
2020-03,Fayetteville,1.135,billion cubic feet per day,https://www.eia.gov/outlooks/steo/xls/chart-gallery.xlsx sheet 43; STEO September 2026
2020-03,Mississippian,2.59,billion cubic feet per day,https://www.eia.gov/outlooks/steo/xls/chart-gallery.xlsx sheet 43; STEO September 2026
2020-03,Niobrara-Codell,2.756,billion cubic feet per day,https://www.eia.gov/outlooks/steo/xls/chart-gallery.xlsx sheet 43; STEO September 2026
2020-03,Woodford,2.662,billion cubic feet per day,https://www.eia.gov/outlooks/steo/xls/chart-gallery.xlsx sheet 43; STEO September 2026
2020-03,Rest of U.S.,2.611,billion cubic feet per day,https://www.eia.gov/outlooks/steo/xls/chart-gallery.xlsx sheet 43; STEO September 2026
2020-04,Permian,11.157,billion cubic feet per day,https://www.eia.gov/outlooks/steo/xls/chart-gallery.xlsx sheet 43; STEO September 2026
2020-04,Haynesville,9.788,billion cubic feet per day,https://www.eia.gov/outlooks/steo/xls/chart-gallery.xlsx sheet 43; STEO September 2026
2020-04,Marcellus,23.478,billion cubic feet per day,https://www.eia.gov/outlooks/steo/xls/chart-gallery.xlsx sheet 43; STEO September 2026
2020-04,Utica,6.693,billion cubic feet per day,https://www.eia.gov/outlooks/steo/xls/chart-gallery.xlsx sheet 43; STEO September 2026
2020-04,Eagle Ford,4.387,billion cubic feet per day,https://www.eia.gov/outlooks/steo/xls/chart-gallery.xlsx sheet 43; STEO September 2026
2020-04,Bakken,2.006,billion cubic feet per day,https://www.eia.gov/outlooks/steo/xls/chart-gallery.xlsx sheet 43; STEO September 2026
2020-04,Barnett,2.177,billion cubic feet per day,https://www.eia.gov/outlooks/steo/xls/chart-gallery.xlsx sheet 43; STEO September 2026
2020-04,Fayetteville,1.145,billion cubic feet per day,https://www.eia.gov/outlooks/steo/xls/chart-gallery.xlsx sheet 43; STEO September 2026
2020-04,Mississippian,2.411,billion cubic feet per day,https://www.eia.gov/outlooks/steo/xls/chart-gallery.xlsx sheet 43; STEO September 2026
2020-04,Niobrara-Codell,2.766,billion cubic feet per day,https://www.eia.gov/outlooks/steo/xls/chart-gallery.xlsx sheet 43; STEO September 2026
2020-04,Woodford,2.572,billion cubic feet per day,https://www.eia.gov/outlooks/steo/xls/chart-gallery.xlsx sheet 43; STEO September 2026
2020-04,Rest of U.S.,2.387,billion cubic feet per day,https://www.eia.gov/outlooks/steo/xls/chart-gallery.xlsx sheet 43; STEO September 2026
2020-05,Permian,10.02,billion cubic feet per day,https://www.eia.gov/outlooks/steo/xls/chart-gallery.xlsx sheet 43; STEO September 2026
2020-05,Haynesville,9.971,billion cubic feet per day,https://www.eia.gov/outlooks/steo/xls/chart-gallery.xlsx sheet 43; STEO September 2026
2020-05,Marcellus,23.141,billion cubic feet per day,https://www.eia.gov/outlooks/steo/xls/chart-gallery.xlsx sheet 43; STEO September 2026
2020-05,Utica,6.933,billion cubic feet per day,https://www.eia.gov/outlooks/steo/xls/chart-gallery.xlsx sheet 43; STEO September 2026
2020-05,Eagle Ford,3.65,billion cubic feet per day,https://www.eia.gov/outlooks/steo/xls/chart-gallery.xlsx sheet 43; STEO September 2026
2020-05,Bakken,1.42,billion cubic feet per day,https://www.eia.gov/outlooks/steo/xls/chart-gallery.xlsx sheet 43; STEO September 2026
2020-05,Barnett,2.142,billion cubic feet per day,https://www.eia.gov/outlooks/steo/xls/chart-gallery.xlsx sheet 43; STEO September 2026
2020-05,Fayetteville,1.127,billion cubic feet per day,https://www.eia.gov/outlooks/steo/xls/chart-gallery.xlsx sheet 43; STEO September 2026
2020-05,Mississippian,2.147,billion cubic feet per day,https://www.eia.gov/outlooks/steo/xls/chart-gallery.xlsx sheet 43; STEO September 2026
2020-05,Niobrara-Codell,2.527,billion cubic feet per day,https://www.eia.gov/outlooks/steo/xls/chart-gallery.xlsx sheet 43; STEO September 2026
2020-05,Woodford,2.333,billion cubic feet per day,https://www.eia.gov/outlooks/steo/xls/chart-gallery.xlsx sheet 43; STEO September 2026
2020-05,Rest of U.S.,2.116,billion cubic feet per day,https://www.eia.gov/outlooks/steo/xls/chart-gallery.xlsx sheet 43; STEO September 2026
2020-06,Permian,10.973,billion cubic feet per day,https://www.eia.gov/outlooks/steo/xls/chart-gallery.xlsx sheet 43; STEO September 2026
2020-06,Haynesville,9.686,billion cubic feet per day,https://www.eia.gov/outlooks/steo/xls/chart-gallery.xlsx sheet 43; STEO September 2026
2020-06,Marcellus,23.019,billion cubic feet per day,https://www.eia.gov/outlooks/steo/xls/chart-gallery.xlsx sheet 43; STEO September 2026
2020-06,Utica,7.091,billion cubic feet per day,https://www.eia.gov/outlooks/steo/xls/chart-gallery.xlsx sheet 43; STEO September 2026
2020-06,Eagle Ford,3.701,billion cubic feet per day,https://www.eia.gov/outlooks/steo/xls/chart-gallery.xlsx sheet 43; STEO September 2026
2020-06,Bakken,1.451,billion cubic feet per day,https://www.eia.gov/outlooks/steo/xls/chart-gallery.xlsx sheet 43; STEO September 2026
2020-06,Barnett,2.129,billion cubic feet per day,https://www.eia.gov/outlooks/steo/xls/chart-gallery.xlsx sheet 43; STEO September 2026
2020-06,Fayetteville,1.115,billion cubic feet per day,https://www.eia.gov/outlooks/steo/xls/chart-gallery.xlsx sheet 43; STEO September 2026
2020-06,Mississippian,2.255,billion cubic feet per day,https://www.eia.gov/outlooks/steo/xls/chart-gallery.xlsx sheet 43; STEO September 2026
2020-06,Niobrara-Codell,2.526,billion cubic feet per day,https://www.eia.gov/outlooks/steo/xls/chart-gallery.xlsx sheet 43; STEO September 2026
2020-06,Woodford,2.475,billion cubic feet per day,https://www.eia.gov/outlooks/steo/xls/chart-gallery.xlsx sheet 43; STEO September 2026
2020-06,Rest of U.S.,2.166,billion cubic feet per day,https://www.eia.gov/outlooks/steo/xls/chart-gallery.xlsx sheet 43; STEO September 2026
2020-07,Permian,11.468,billion cubic feet per day,https://www.eia.gov/outlooks/steo/xls/chart-gallery.xlsx sheet 43; STEO September 2026
2020-07,Haynesville,9.294,billion cubic feet per day,https://www.eia.gov/outlooks/steo/xls/chart-gallery.xlsx sheet 43; STEO September 2026
2020-07,Marcellus,23.846,billion cubic feet per day,https://www.eia.gov/outlooks/steo/xls/chart-gallery.xlsx sheet 43; STEO September 2026
2020-07,Utica,6.79,billion cubic feet per day,https://www.eia.gov/outlooks/steo/xls/chart-gallery.xlsx sheet 43; STEO September 2026
2020-07,Eagle Ford,3.791,billion cubic feet per day,https://www.eia.gov/outlooks/steo/xls/chart-gallery.xlsx sheet 43; STEO September 2026
2020-07,Bakken,1.7,billion cubic feet per day,https://www.eia.gov/outlooks/steo/xls/chart-gallery.xlsx sheet 43; STEO September 2026
2020-07,Barnett,2.107,billion cubic feet per day,https://www.eia.gov/outlooks/steo/xls/chart-gallery.xlsx sheet 43; STEO September 2026
2020-07,Fayetteville,1.11,billion cubic feet per day,https://www.eia.gov/outlooks/steo/xls/chart-gallery.xlsx sheet 43; STEO September 2026
2020-07,Mississippian,2.242,billion cubic feet per day,https://www.eia.gov/outlooks/steo/xls/chart-gallery.xlsx sheet 43; STEO September 2026
2020-07,Niobrara-Codell,2.617,billion cubic feet per day,https://www.eia.gov/outlooks/steo/xls/chart-gallery.xlsx sheet 43; STEO September 2026
2020-07,Woodford,2.515,billion cubic feet per day,https://www.eia.gov/outlooks/steo/xls/chart-gallery.xlsx sheet 43; STEO September 2026
2020-07,Rest of U.S.,2.239,billion cubic feet per day,https://www.eia.gov/outlooks/steo/xls/chart-gallery.xlsx sheet 43; STEO September 2026
2020-08,Permian,11.658,billion cubic feet per day,https://www.eia.gov/outlooks/steo/xls/chart-gallery.xlsx sheet 43; STEO September 2026
2020-08,Haynesville,9.269,billion cubic feet per day,https://www.eia.gov/outlooks/steo/xls/chart-gallery.xlsx sheet 43; STEO September 2026
2020-08,Marcellus,24.059,billion cubic feet per day,https://www.eia.gov/outlooks/steo/xls/chart-gallery.xlsx sheet 43; STEO September 2026
2020-08,Utica,6.8,billion cubic feet per day,https://www.eia.gov/outlooks/steo/xls/chart-gallery.xlsx sheet 43; STEO September 2026
2020-08,Eagle Ford,3.862,billion cubic feet per day,https://www.eia.gov/outlooks/steo/xls/chart-gallery.xlsx sheet 43; STEO September 2026
2020-08,Bakken,1.943,billion cubic feet per day,https://www.eia.gov/outlooks/steo/xls/chart-gallery.xlsx sheet 43; STEO September 2026
2020-08,Barnett,2.087,billion cubic feet per day,https://www.eia.gov/outlooks/steo/xls/chart-gallery.xlsx sheet 43; STEO September 2026
2020-08,Fayetteville,1.115,billion cubic feet per day,https://www.eia.gov/outlooks/steo/xls/chart-gallery.xlsx sheet 43; STEO September 2026
2020-08,Mississippian,2.166,billion cubic feet per day,https://www.eia.gov/outlooks/steo/xls/chart-gallery.xlsx sheet 43; STEO September 2026
2020-08,Niobrara-Codell,2.697,billion cubic feet per day,https://www.eia.gov/outlooks/steo/xls/chart-gallery.xlsx sheet 43; STEO September 2026
2020-08,Woodford,2.472,billion cubic feet per day,https://www.eia.gov/outlooks/steo/xls/chart-gallery.xlsx sheet 43; STEO September 2026
2020-08,Rest of U.S.,2.286,billion cubic feet per day,https://www.eia.gov/outlooks/steo/xls/chart-gallery.xlsx sheet 43; STEO September 2026
2020-09,Permian,11.738,billion cubic feet per day,https://www.eia.gov/outlooks/steo/xls/chart-gallery.xlsx sheet 43; STEO September 2026
2020-09,Haynesville,9.458,billion cubic feet per day,https://www.eia.gov/outlooks/steo/xls/chart-gallery.xlsx sheet 43; STEO September 2026
2020-09,Marcellus,23.533,billion cubic feet per day,https://www.eia.gov/outlooks/steo/xls/chart-gallery.xlsx sheet 43; STEO September 2026
2020-09,Utica,7.119,billion cubic feet per day,https://www.eia.gov/outlooks/steo/xls/chart-gallery.xlsx sheet 43; STEO September 2026
2020-09,Eagle Ford,3.813,billion cubic feet per day,https://www.eia.gov/outlooks/steo/xls/chart-gallery.xlsx sheet 43; STEO September 2026
2020-09,Bakken,2.066,billion cubic feet per day,https://www.eia.gov/outlooks/steo/xls/chart-gallery.xlsx sheet 43; STEO September 2026
2020-09,Barnett,2.084,billion cubic feet per day,https://www.eia.gov/outlooks/steo/xls/chart-gallery.xlsx sheet 43; STEO September 2026
2020-09,Fayetteville,1.107,billion cubic feet per day,https://www.eia.gov/outlooks/steo/xls/chart-gallery.xlsx sheet 43; STEO September 2026
2020-09,Mississippian,2.292,billion cubic feet per day,https://www.eia.gov/outlooks/steo/xls/chart-gallery.xlsx sheet 43; STEO September 2026
2020-09,Niobrara-Codell,2.67,billion cubic feet per day,https://www.eia.gov/outlooks/steo/xls/chart-gallery.xlsx sheet 43; STEO September 2026
2020-09,Woodford,2.47,billion cubic feet per day,https://www.eia.gov/outlooks/steo/xls/chart-gallery.xlsx sheet 43; STEO September 2026
2020-09,Rest of U.S.,2.237,billion cubic feet per day,https://www.eia.gov/outlooks/steo/xls/chart-gallery.xlsx sheet 43; STEO September 2026
2020-10,Permian,11.678,billion cubic feet per day,https://www.eia.gov/outlooks/steo/xls/chart-gallery.xlsx sheet 43; STEO September 2026
2020-10,Haynesville,9.547,billion cubic feet per day,https://www.eia.gov/outlooks/steo/xls/chart-gallery.xlsx sheet 43; STEO September 2026
2020-10,Marcellus,23.72,billion cubic feet per day,https://www.eia.gov/outlooks/steo/xls/chart-gallery.xlsx sheet 43; STEO September 2026
2020-10,Utica,6.743,billion cubic feet per day,https://www.eia.gov/outlooks/steo/xls/chart-gallery.xlsx sheet 43; STEO September 2026
2020-10,Eagle Ford,3.725,billion cubic feet per day,https://www.eia.gov/outlooks/steo/xls/chart-gallery.xlsx sheet 43; STEO September 2026
2020-10,Bakken,2.124,billion cubic feet per day,https://www.eia.gov/outlooks/steo/xls/chart-gallery.xlsx sheet 43; STEO September 2026
2020-10,Barnett,2.06,billion cubic feet per day,https://www.eia.gov/outlooks/steo/xls/chart-gallery.xlsx sheet 43; STEO September 2026
2020-10,Fayetteville,1.112,billion cubic feet per day,https://www.eia.gov/outlooks/steo/xls/chart-gallery.xlsx sheet 43; STEO September 2026
2020-10,Mississippian,2.152,billion cubic feet per day,https://www.eia.gov/outlooks/steo/xls/chart-gallery.xlsx sheet 43; STEO September 2026
2020-10,Niobrara-Codell,2.601,billion cubic feet per day,https://www.eia.gov/outlooks/steo/xls/chart-gallery.xlsx sheet 43; STEO September 2026
2020-10,Woodford,2.434,billion cubic feet per day,https://www.eia.gov/outlooks/steo/xls/chart-gallery.xlsx sheet 43; STEO September 2026
2020-10,Rest of U.S.,2.253,billion cubic feet per day,https://www.eia.gov/outlooks/steo/xls/chart-gallery.xlsx sheet 43; STEO September 2026
2020-11,Permian,11.78,billion cubic feet per day,https://www.eia.gov/outlooks/steo/xls/chart-gallery.xlsx sheet 43; STEO September 2026
2020-11,Haynesville,10.121,billion cubic feet per day,https://www.eia.gov/outlooks/steo/xls/chart-gallery.xlsx sheet 43; STEO September 2026
2020-11,Marcellus,24.743,billion cubic feet per day,https://www.eia.gov/outlooks/steo/xls/chart-gallery.xlsx sheet 43; STEO September 2026
2020-11,Utica,6.961,billion cubic feet per day,https://www.eia.gov/outlooks/steo/xls/chart-gallery.xlsx sheet 43; STEO September 2026
2020-11,Eagle Ford,3.691,billion cubic feet per day,https://www.eia.gov/outlooks/steo/xls/chart-gallery.xlsx sheet 43; STEO September 2026
2020-11,Bakken,2.125,billion cubic feet per day,https://www.eia.gov/outlooks/steo/xls/chart-gallery.xlsx sheet 43; STEO September 2026
2020-11,Barnett,2.056,billion cubic feet per day,https://www.eia.gov/outlooks/steo/xls/chart-gallery.xlsx sheet 43; STEO September 2026
2020-11,Fayetteville,1.102,billion cubic feet per day,https://www.eia.gov/outlooks/steo/xls/chart-gallery.xlsx sheet 43; STEO September 2026
2020-11,Mississippian,2.281,billion cubic feet per day,https://www.eia.gov/outlooks/steo/xls/chart-gallery.xlsx sheet 43; STEO September 2026
2020-11,Niobrara-Codell,2.611,billion cubic feet per day,https://www.eia.gov/outlooks/steo/xls/chart-gallery.xlsx sheet 43; STEO September 2026
2020-11,Woodford,2.566,billion cubic feet per day,https://www.eia.gov/outlooks/steo/xls/chart-gallery.xlsx sheet 43; STEO September 2026
2020-11,Rest of U.S.,2.31,billion cubic feet per day,https://www.eia.gov/outlooks/steo/xls/chart-gallery.xlsx sheet 43; STEO September 2026
2020-12,Permian,11.612,billion cubic feet per day,https://www.eia.gov/outlooks/steo/xls/chart-gallery.xlsx sheet 43; STEO September 2026
2020-12,Haynesville,10.38,billion cubic feet per day,https://www.eia.gov/outlooks/steo/xls/chart-gallery.xlsx sheet 43; STEO September 2026
2020-12,Marcellus,25.271,billion cubic feet per day,https://www.eia.gov/outlooks/steo/xls/chart-gallery.xlsx sheet 43; STEO September 2026
2020-12,Utica,7.284,billion cubic feet per day,https://www.eia.gov/outlooks/steo/xls/chart-gallery.xlsx sheet 43; STEO September 2026
2020-12,Eagle Ford,3.654,billion cubic feet per day,https://www.eia.gov/outlooks/steo/xls/chart-gallery.xlsx sheet 43; STEO September 2026
2020-12,Bakken,2.123,billion cubic feet per day,https://www.eia.gov/outlooks/steo/xls/chart-gallery.xlsx sheet 43; STEO September 2026
2020-12,Barnett,2.031,billion cubic feet per day,https://www.eia.gov/outlooks/steo/xls/chart-gallery.xlsx sheet 43; STEO September 2026
2020-12,Fayetteville,1.088,billion cubic feet per day,https://www.eia.gov/outlooks/steo/xls/chart-gallery.xlsx sheet 43; STEO September 2026
2020-12,Mississippian,2.205,billion cubic feet per day,https://www.eia.gov/outlooks/steo/xls/chart-gallery.xlsx sheet 43; STEO September 2026
2020-12,Niobrara-Codell,2.542,billion cubic feet per day,https://www.eia.gov/outlooks/steo/xls/chart-gallery.xlsx sheet 43; STEO September 2026
2020-12,Woodford,2.533,billion cubic feet per day,https://www.eia.gov/outlooks/steo/xls/chart-gallery.xlsx sheet 43; STEO September 2026
2020-12,Rest of U.S.,2.277,billion cubic feet per day,https://www.eia.gov/outlooks/steo/xls/chart-gallery.xlsx sheet 43; STEO September 2026
2021-01,Permian,11.792,billion cubic feet per day,https://www.eia.gov/outlooks/steo/xls/chart-gallery.xlsx sheet 43; STEO September 2026
2021-01,Haynesville,10.301,billion cubic feet per day,https://www.eia.gov/outlooks/steo/xls/chart-gallery.xlsx sheet 43; STEO September 2026
2021-01,Marcellus,25.294,billion cubic feet per day,https://www.eia.gov/outlooks/steo/xls/chart-gallery.xlsx sheet 43; STEO September 2026
2021-01,Utica,6.663,billion cubic feet per day,https://www.eia.gov/outlooks/steo/xls/chart-gallery.xlsx sheet 43; STEO September 2026
2021-01,Eagle Ford,3.616,billion cubic feet per day,https://www.eia.gov/outlooks/steo/xls/chart-gallery.xlsx sheet 43; STEO September 2026
2021-01,Bakken,2.129,billion cubic feet per day,https://www.eia.gov/outlooks/steo/xls/chart-gallery.xlsx sheet 43; STEO September 2026
2021-01,Barnett,1.987,billion cubic feet per day,https://www.eia.gov/outlooks/steo/xls/chart-gallery.xlsx sheet 43; STEO September 2026
2021-01,Fayetteville,1.085,billion cubic feet per day,https://www.eia.gov/outlooks/steo/xls/chart-gallery.xlsx sheet 43; STEO September 2026
2021-01,Mississippian,2.177,billion cubic feet per day,https://www.eia.gov/outlooks/steo/xls/chart-gallery.xlsx sheet 43; STEO September 2026
2021-01,Niobrara-Codell,2.5,billion cubic feet per day,https://www.eia.gov/outlooks/steo/xls/chart-gallery.xlsx sheet 43; STEO September 2026
2021-01,Woodford,2.515,billion cubic feet per day,https://www.eia.gov/outlooks/steo/xls/chart-gallery.xlsx sheet 43; STEO September 2026
2021-01,Rest of U.S.,2.247,billion cubic feet per day,https://www.eia.gov/outlooks/steo/xls/chart-gallery.xlsx sheet 43; STEO September 2026
2021-02,Permian,9.618,billion cubic feet per day,https://www.eia.gov/outlooks/steo/xls/chart-gallery.xlsx sheet 43; STEO September 2026
2021-02,Haynesville,9.228,billion cubic feet per day,https://www.eia.gov/outlooks/steo/xls/chart-gallery.xlsx sheet 43; STEO September 2026
2021-02,Marcellus,24.939,billion cubic feet per day,https://www.eia.gov/outlooks/steo/xls/chart-gallery.xlsx sheet 43; STEO September 2026
2021-02,Utica,6.925,billion cubic feet per day,https://www.eia.gov/outlooks/steo/xls/chart-gallery.xlsx sheet 43; STEO September 2026
2021-02,Eagle Ford,3.207,billion cubic feet per day,https://www.eia.gov/outlooks/steo/xls/chart-gallery.xlsx sheet 43; STEO September 2026
2021-02,Bakken,2.022,billion cubic feet per day,https://www.eia.gov/outlooks/steo/xls/chart-gallery.xlsx sheet 43; STEO September 2026
2021-02,Barnett,1.717,billion cubic feet per day,https://www.eia.gov/outlooks/steo/xls/chart-gallery.xlsx sheet 43; STEO September 2026
2021-02,Fayetteville,0.904,billion cubic feet per day,https://www.eia.gov/outlooks/steo/xls/chart-gallery.xlsx sheet 43; STEO September 2026
2021-02,Mississippian,1.774,billion cubic feet per day,https://www.eia.gov/outlooks/steo/xls/chart-gallery.xlsx sheet 43; STEO September 2026
2021-02,Niobrara-Codell,2.463,billion cubic feet per day,https://www.eia.gov/outlooks/steo/xls/chart-gallery.xlsx sheet 43; STEO September 2026
2021-02,Woodford,2.107,billion cubic feet per day,https://www.eia.gov/outlooks/steo/xls/chart-gallery.xlsx sheet 43; STEO September 2026
2021-02,Rest of U.S.,2.11,billion cubic feet per day,https://www.eia.gov/outlooks/steo/xls/chart-gallery.xlsx sheet 43; STEO September 2026
2021-03,Permian,11.906,billion cubic feet per day,https://www.eia.gov/outlooks/steo/xls/chart-gallery.xlsx sheet 43; STEO September 2026
2021-03,Haynesville,10.619,billion cubic feet per day,https://www.eia.gov/outlooks/steo/xls/chart-gallery.xlsx sheet 43; STEO September 2026
2021-03,Marcellus,24.813,billion cubic feet per day,https://www.eia.gov/outlooks/steo/xls/chart-gallery.xlsx sheet 43; STEO September 2026
2021-03,Utica,7.094,billion cubic feet per day,https://www.eia.gov/outlooks/steo/xls/chart-gallery.xlsx sheet 43; STEO September 2026
2021-03,Eagle Ford,3.813,billion cubic feet per day,https://www.eia.gov/outlooks/steo/xls/chart-gallery.xlsx sheet 43; STEO September 2026
2021-03,Bakken,2.141,billion cubic feet per day,https://www.eia.gov/outlooks/steo/xls/chart-gallery.xlsx sheet 43; STEO September 2026
2021-03,Barnett,1.938,billion cubic feet per day,https://www.eia.gov/outlooks/steo/xls/chart-gallery.xlsx sheet 43; STEO September 2026
2021-03,Fayetteville,1.098,billion cubic feet per day,https://www.eia.gov/outlooks/steo/xls/chart-gallery.xlsx sheet 43; STEO September 2026
2021-03,Mississippian,2.135,billion cubic feet per day,https://www.eia.gov/outlooks/steo/xls/chart-gallery.xlsx sheet 43; STEO September 2026
2021-03,Niobrara-Codell,2.464,billion cubic feet per day,https://www.eia.gov/outlooks/steo/xls/chart-gallery.xlsx sheet 43; STEO September 2026
2021-03,Woodford,2.637,billion cubic feet per day,https://www.eia.gov/outlooks/steo/xls/chart-gallery.xlsx sheet 43; STEO September 2026
2021-03,Rest of U.S.,2.231,billion cubic feet per day,https://www.eia.gov/outlooks/steo/xls/chart-gallery.xlsx sheet 43; STEO September 2026
2021-04,Permian,12.703,billion cubic feet per day,https://www.eia.gov/outlooks/steo/xls/chart-gallery.xlsx sheet 43; STEO September 2026
2021-04,Haynesville,10.757,billion cubic feet per day,https://www.eia.gov/outlooks/steo/xls/chart-gallery.xlsx sheet 43; STEO September 2026
2021-04,Marcellus,24.866,billion cubic feet per day,https://www.eia.gov/outlooks/steo/xls/chart-gallery.xlsx sheet 43; STEO September 2026
2021-04,Utica,6.6,billion cubic feet per day,https://www.eia.gov/outlooks/steo/xls/chart-gallery.xlsx sheet 43; STEO September 2026
2021-04,Eagle Ford,3.912,billion cubic feet per day,https://www.eia.gov/outlooks/steo/xls/chart-gallery.xlsx sheet 43; STEO September 2026
2021-04,Bakken,2.19,billion cubic feet per day,https://www.eia.gov/outlooks/steo/xls/chart-gallery.xlsx sheet 43; STEO September 2026
2021-04,Barnett,1.958,billion cubic feet per day,https://www.eia.gov/outlooks/steo/xls/chart-gallery.xlsx sheet 43; STEO September 2026
2021-04,Fayetteville,1.077,billion cubic feet per day,https://www.eia.gov/outlooks/steo/xls/chart-gallery.xlsx sheet 43; STEO September 2026
2021-04,Mississippian,2.137,billion cubic feet per day,https://www.eia.gov/outlooks/steo/xls/chart-gallery.xlsx sheet 43; STEO September 2026
2021-04,Niobrara-Codell,2.607,billion cubic feet per day,https://www.eia.gov/outlooks/steo/xls/chart-gallery.xlsx sheet 43; STEO September 2026
2021-04,Woodford,2.691,billion cubic feet per day,https://www.eia.gov/outlooks/steo/xls/chart-gallery.xlsx sheet 43; STEO September 2026
2021-04,Rest of U.S.,2.233,billion cubic feet per day,https://www.eia.gov/outlooks/steo/xls/chart-gallery.xlsx sheet 43; STEO September 2026
2021-05,Permian,12.62,billion cubic feet per day,https://www.eia.gov/outlooks/steo/xls/chart-gallery.xlsx sheet 43; STEO September 2026
2021-05,Haynesville,10.758,billion cubic feet per day,https://www.eia.gov/outlooks/steo/xls/chart-gallery.xlsx sheet 43; STEO September 2026
2021-05,Marcellus,24.811,billion cubic feet per day,https://www.eia.gov/outlooks/steo/xls/chart-gallery.xlsx sheet 43; STEO September 2026
2021-05,Utica,6.829,billion cubic feet per day,https://www.eia.gov/outlooks/steo/xls/chart-gallery.xlsx sheet 43; STEO September 2026
2021-05,Eagle Ford,3.839,billion cubic feet per day,https://www.eia.gov/outlooks/steo/xls/chart-gallery.xlsx sheet 43; STEO September 2026
2021-05,Bakken,2.23,billion cubic feet per day,https://www.eia.gov/outlooks/steo/xls/chart-gallery.xlsx sheet 43; STEO September 2026
2021-05,Barnett,1.936,billion cubic feet per day,https://www.eia.gov/outlooks/steo/xls/chart-gallery.xlsx sheet 43; STEO September 2026
2021-05,Fayetteville,1.064,billion cubic feet per day,https://www.eia.gov/outlooks/steo/xls/chart-gallery.xlsx sheet 43; STEO September 2026
2021-05,Mississippian,2.145,billion cubic feet per day,https://www.eia.gov/outlooks/steo/xls/chart-gallery.xlsx sheet 43; STEO September 2026
2021-05,Niobrara-Codell,2.661,billion cubic feet per day,https://www.eia.gov/outlooks/steo/xls/chart-gallery.xlsx sheet 43; STEO September 2026
2021-05,Woodford,2.631,billion cubic feet per day,https://www.eia.gov/outlooks/steo/xls/chart-gallery.xlsx sheet 43; STEO September 2026
2021-05,Rest of U.S.,2.141,billion cubic feet per day,https://www.eia.gov/outlooks/steo/xls/chart-gallery.xlsx sheet 43; STEO September 2026
2021-06,Permian,12.745,billion cubic feet per day,https://www.eia.gov/outlooks/steo/xls/chart-gallery.xlsx sheet 43; STEO September 2026
2021-06,Haynesville,11.049,billion cubic feet per day,https://www.eia.gov/outlooks/steo/xls/chart-gallery.xlsx sheet 43; STEO September 2026
2021-06,Marcellus,24.922,billion cubic feet per day,https://www.eia.gov/outlooks/steo/xls/chart-gallery.xlsx sheet 43; STEO September 2026
2021-06,Utica,7.009,billion cubic feet per day,https://www.eia.gov/outlooks/steo/xls/chart-gallery.xlsx sheet 43; STEO September 2026
2021-06,Eagle Ford,3.797,billion cubic feet per day,https://www.eia.gov/outlooks/steo/xls/chart-gallery.xlsx sheet 43; STEO September 2026
2021-06,Bakken,2.231,billion cubic feet per day,https://www.eia.gov/outlooks/steo/xls/chart-gallery.xlsx sheet 43; STEO September 2026
2021-06,Barnett,1.926,billion cubic feet per day,https://www.eia.gov/outlooks/steo/xls/chart-gallery.xlsx sheet 43; STEO September 2026
2021-06,Fayetteville,1.051,billion cubic feet per day,https://www.eia.gov/outlooks/steo/xls/chart-gallery.xlsx sheet 43; STEO September 2026
2021-06,Mississippian,2.11,billion cubic feet per day,https://www.eia.gov/outlooks/steo/xls/chart-gallery.xlsx sheet 43; STEO September 2026
2021-06,Niobrara-Codell,2.617,billion cubic feet per day,https://www.eia.gov/outlooks/steo/xls/chart-gallery.xlsx sheet 43; STEO September 2026
2021-06,Woodford,2.644,billion cubic feet per day,https://www.eia.gov/outlooks/steo/xls/chart-gallery.xlsx sheet 43; STEO September 2026
2021-06,Rest of U.S.,2.267,billion cubic feet per day,https://www.eia.gov/outlooks/steo/xls/chart-gallery.xlsx sheet 43; STEO September 2026
2021-07,Permian,13.105,billion cubic feet per day,https://www.eia.gov/outlooks/steo/xls/chart-gallery.xlsx sheet 43; STEO September 2026
2021-07,Haynesville,11.5,billion cubic feet per day,https://www.eia.gov/outlooks/steo/xls/chart-gallery.xlsx sheet 43; STEO September 2026
2021-07,Marcellus,24.8,billion cubic feet per day,https://www.eia.gov/outlooks/steo/xls/chart-gallery.xlsx sheet 43; STEO September 2026
2021-07,Utica,6.611,billion cubic feet per day,https://www.eia.gov/outlooks/steo/xls/chart-gallery.xlsx sheet 43; STEO September 2026
2021-07,Eagle Ford,3.872,billion cubic feet per day,https://www.eia.gov/outlooks/steo/xls/chart-gallery.xlsx sheet 43; STEO September 2026
2021-07,Bakken,2.152,billion cubic feet per day,https://www.eia.gov/outlooks/steo/xls/chart-gallery.xlsx sheet 43; STEO September 2026
2021-07,Barnett,1.945,billion cubic feet per day,https://www.eia.gov/outlooks/steo/xls/chart-gallery.xlsx sheet 43; STEO September 2026
2021-07,Fayetteville,1.048,billion cubic feet per day,https://www.eia.gov/outlooks/steo/xls/chart-gallery.xlsx sheet 43; STEO September 2026
2021-07,Mississippian,2.152,billion cubic feet per day,https://www.eia.gov/outlooks/steo/xls/chart-gallery.xlsx sheet 43; STEO September 2026
2021-07,Niobrara-Codell,2.638,billion cubic feet per day,https://www.eia.gov/outlooks/steo/xls/chart-gallery.xlsx sheet 43; STEO September 2026
2021-07,Woodford,2.72,billion cubic feet per day,https://www.eia.gov/outlooks/steo/xls/chart-gallery.xlsx sheet 43; STEO September 2026
2021-07,Rest of U.S.,2.104,billion cubic feet per day,https://www.eia.gov/outlooks/steo/xls/chart-gallery.xlsx sheet 43; STEO September 2026
2021-08,Permian,13.247,billion cubic feet per day,https://www.eia.gov/outlooks/steo/xls/chart-gallery.xlsx sheet 43; STEO September 2026
2021-08,Haynesville,11.426,billion cubic feet per day,https://www.eia.gov/outlooks/steo/xls/chart-gallery.xlsx sheet 43; STEO September 2026
2021-08,Marcellus,25.533,billion cubic feet per day,https://www.eia.gov/outlooks/steo/xls/chart-gallery.xlsx sheet 43; STEO September 2026
2021-08,Utica,6.738,billion cubic feet per day,https://www.eia.gov/outlooks/steo/xls/chart-gallery.xlsx sheet 43; STEO September 2026
2021-08,Eagle Ford,3.804,billion cubic feet per day,https://www.eia.gov/outlooks/steo/xls/chart-gallery.xlsx sheet 43; STEO September 2026
2021-08,Bakken,2.213,billion cubic feet per day,https://www.eia.gov/outlooks/steo/xls/chart-gallery.xlsx sheet 43; STEO September 2026
2021-08,Barnett,1.922,billion cubic feet per day,https://www.eia.gov/outlooks/steo/xls/chart-gallery.xlsx sheet 43; STEO September 2026
2021-08,Fayetteville,1.04,billion cubic feet per day,https://www.eia.gov/outlooks/steo/xls/chart-gallery.xlsx sheet 43; STEO September 2026
2021-08,Mississippian,2.146,billion cubic feet per day,https://www.eia.gov/outlooks/steo/xls/chart-gallery.xlsx sheet 43; STEO September 2026
2021-08,Niobrara-Codell,2.6,billion cubic feet per day,https://www.eia.gov/outlooks/steo/xls/chart-gallery.xlsx sheet 43; STEO September 2026
2021-08,Woodford,2.667,billion cubic feet per day,https://www.eia.gov/outlooks/steo/xls/chart-gallery.xlsx sheet 43; STEO September 2026
2021-08,Rest of U.S.,2.269,billion cubic feet per day,https://www.eia.gov/outlooks/steo/xls/chart-gallery.xlsx sheet 43; STEO September 2026
2021-09,Permian,13.411,billion cubic feet per day,https://www.eia.gov/outlooks/steo/xls/chart-gallery.xlsx sheet 43; STEO September 2026
2021-09,Haynesville,11.796,billion cubic feet per day,https://www.eia.gov/outlooks/steo/xls/chart-gallery.xlsx sheet 43; STEO September 2026
2021-09,Marcellus,25.516,billion cubic feet per day,https://www.eia.gov/outlooks/steo/xls/chart-gallery.xlsx sheet 43; STEO September 2026
2021-09,Utica,6.783,billion cubic feet per day,https://www.eia.gov/outlooks/steo/xls/chart-gallery.xlsx sheet 43; STEO September 2026
2021-09,Eagle Ford,3.835,billion cubic feet per day,https://www.eia.gov/outlooks/steo/xls/chart-gallery.xlsx sheet 43; STEO September 2026
2021-09,Bakken,2.259,billion cubic feet per day,https://www.eia.gov/outlooks/steo/xls/chart-gallery.xlsx sheet 43; STEO September 2026
2021-09,Barnett,1.937,billion cubic feet per day,https://www.eia.gov/outlooks/steo/xls/chart-gallery.xlsx sheet 43; STEO September 2026
2021-09,Fayetteville,1.038,billion cubic feet per day,https://www.eia.gov/outlooks/steo/xls/chart-gallery.xlsx sheet 43; STEO September 2026
2021-09,Mississippian,2.253,billion cubic feet per day,https://www.eia.gov/outlooks/steo/xls/chart-gallery.xlsx sheet 43; STEO September 2026
2021-09,Niobrara-Codell,2.595,billion cubic feet per day,https://www.eia.gov/outlooks/steo/xls/chart-gallery.xlsx sheet 43; STEO September 2026
2021-09,Woodford,2.672,billion cubic feet per day,https://www.eia.gov/outlooks/steo/xls/chart-gallery.xlsx sheet 43; STEO September 2026
2021-09,Rest of U.S.,2.293,billion cubic feet per day,https://www.eia.gov/outlooks/steo/xls/chart-gallery.xlsx sheet 43; STEO September 2026
2021-10,Permian,13.61,billion cubic feet per day,https://www.eia.gov/outlooks/steo/xls/chart-gallery.xlsx sheet 43; STEO September 2026
2021-10,Haynesville,11.976,billion cubic feet per day,https://www.eia.gov/outlooks/steo/xls/chart-gallery.xlsx sheet 43; STEO September 2026
2021-10,Marcellus,25.562,billion cubic feet per day,https://www.eia.gov/outlooks/steo/xls/chart-gallery.xlsx sheet 43; STEO September 2026
2021-10,Utica,6.914,billion cubic feet per day,https://www.eia.gov/outlooks/steo/xls/chart-gallery.xlsx sheet 43; STEO September 2026
2021-10,Eagle Ford,3.805,billion cubic feet per day,https://www.eia.gov/outlooks/steo/xls/chart-gallery.xlsx sheet 43; STEO September 2026
2021-10,Bakken,2.24,billion cubic feet per day,https://www.eia.gov/outlooks/steo/xls/chart-gallery.xlsx sheet 43; STEO September 2026
2021-10,Barnett,1.952,billion cubic feet per day,https://www.eia.gov/outlooks/steo/xls/chart-gallery.xlsx sheet 43; STEO September 2026
2021-10,Fayetteville,1.034,billion cubic feet per day,https://www.eia.gov/outlooks/steo/xls/chart-gallery.xlsx sheet 43; STEO September 2026
2021-10,Mississippian,2.295,billion cubic feet per day,https://www.eia.gov/outlooks/steo/xls/chart-gallery.xlsx sheet 43; STEO September 2026
2021-10,Niobrara-Codell,2.64,billion cubic feet per day,https://www.eia.gov/outlooks/steo/xls/chart-gallery.xlsx sheet 43; STEO September 2026
2021-10,Woodford,2.666,billion cubic feet per day,https://www.eia.gov/outlooks/steo/xls/chart-gallery.xlsx sheet 43; STEO September 2026
2021-10,Rest of U.S.,2.403,billion cubic feet per day,https://www.eia.gov/outlooks/steo/xls/chart-gallery.xlsx sheet 43; STEO September 2026
2021-11,Permian,13.683,billion cubic feet per day,https://www.eia.gov/outlooks/steo/xls/chart-gallery.xlsx sheet 43; STEO September 2026
2021-11,Haynesville,12.407,billion cubic feet per day,https://www.eia.gov/outlooks/steo/xls/chart-gallery.xlsx sheet 43; STEO September 2026
2021-11,Marcellus,26.038,billion cubic feet per day,https://www.eia.gov/outlooks/steo/xls/chart-gallery.xlsx sheet 43; STEO September 2026
2021-11,Utica,7.114,billion cubic feet per day,https://www.eia.gov/outlooks/steo/xls/chart-gallery.xlsx sheet 43; STEO September 2026
2021-11,Eagle Ford,3.789,billion cubic feet per day,https://www.eia.gov/outlooks/steo/xls/chart-gallery.xlsx sheet 43; STEO September 2026
2021-11,Bakken,2.303,billion cubic feet per day,https://www.eia.gov/outlooks/steo/xls/chart-gallery.xlsx sheet 43; STEO September 2026
2021-11,Barnett,1.943,billion cubic feet per day,https://www.eia.gov/outlooks/steo/xls/chart-gallery.xlsx sheet 43; STEO September 2026
2021-11,Fayetteville,1.026,billion cubic feet per day,https://www.eia.gov/outlooks/steo/xls/chart-gallery.xlsx sheet 43; STEO September 2026
2021-11,Mississippian,2.267,billion cubic feet per day,https://www.eia.gov/outlooks/steo/xls/chart-gallery.xlsx sheet 43; STEO September 2026
2021-11,Niobrara-Codell,2.61,billion cubic feet per day,https://www.eia.gov/outlooks/steo/xls/chart-gallery.xlsx sheet 43; STEO September 2026
2021-11,Woodford,2.69,billion cubic feet per day,https://www.eia.gov/outlooks/steo/xls/chart-gallery.xlsx sheet 43; STEO September 2026
2021-11,Rest of U.S.,2.412,billion cubic feet per day,https://www.eia.gov/outlooks/steo/xls/chart-gallery.xlsx sheet 43; STEO September 2026
2021-12,Permian,13.926,billion cubic feet per day,https://www.eia.gov/outlooks/steo/xls/chart-gallery.xlsx sheet 43; STEO September 2026
2021-12,Haynesville,12.593,billion cubic feet per day,https://www.eia.gov/outlooks/steo/xls/chart-gallery.xlsx sheet 43; STEO September 2026
2021-12,Marcellus,26.531,billion cubic feet per day,https://www.eia.gov/outlooks/steo/xls/chart-gallery.xlsx sheet 43; STEO September 2026
2021-12,Utica,7.197,billion cubic feet per day,https://www.eia.gov/outlooks/steo/xls/chart-gallery.xlsx sheet 43; STEO September 2026
2021-12,Eagle Ford,3.883,billion cubic feet per day,https://www.eia.gov/outlooks/steo/xls/chart-gallery.xlsx sheet 43; STEO September 2026
2021-12,Bakken,2.26,billion cubic feet per day,https://www.eia.gov/outlooks/steo/xls/chart-gallery.xlsx sheet 43; STEO September 2026
2021-12,Barnett,1.929,billion cubic feet per day,https://www.eia.gov/outlooks/steo/xls/chart-gallery.xlsx sheet 43; STEO September 2026
2021-12,Fayetteville,1.016,billion cubic feet per day,https://www.eia.gov/outlooks/steo/xls/chart-gallery.xlsx sheet 43; STEO September 2026
2021-12,Mississippian,2.267,billion cubic feet per day,https://www.eia.gov/outlooks/steo/xls/chart-gallery.xlsx sheet 43; STEO September 2026
2021-12,Niobrara-Codell,2.604,billion cubic feet per day,https://www.eia.gov/outlooks/steo/xls/chart-gallery.xlsx sheet 43; STEO September 2026
2021-12,Woodford,2.603,billion cubic feet per day,https://www.eia.gov/outlooks/steo/xls/chart-gallery.xlsx sheet 43; STEO September 2026
2021-12,Rest of U.S.,2.43,billion cubic feet per day,https://www.eia.gov/outlooks/steo/xls/chart-gallery.xlsx sheet 43; STEO September 2026
2022-01,Permian,13.509,billion cubic feet per day,https://www.eia.gov/outlooks/steo/xls/chart-gallery.xlsx sheet 43; STEO September 2026
2022-01,Haynesville,12.552,billion cubic feet per day,https://www.eia.gov/outlooks/steo/xls/chart-gallery.xlsx sheet 43; STEO September 2026
2022-01,Marcellus,25.646,billion cubic feet per day,https://www.eia.gov/outlooks/steo/xls/chart-gallery.xlsx sheet 43; STEO September 2026
2022-01,Utica,6.719,billion cubic feet per day,https://www.eia.gov/outlooks/steo/xls/chart-gallery.xlsx sheet 43; STEO September 2026
2022-01,Eagle Ford,3.795,billion cubic feet per day,https://www.eia.gov/outlooks/steo/xls/chart-gallery.xlsx sheet 43; STEO September 2026
2022-01,Bakken,2.13,billion cubic feet per day,https://www.eia.gov/outlooks/steo/xls/chart-gallery.xlsx sheet 43; STEO September 2026
2022-01,Barnett,1.875,billion cubic feet per day,https://www.eia.gov/outlooks/steo/xls/chart-gallery.xlsx sheet 43; STEO September 2026
2022-01,Fayetteville,0.989,billion cubic feet per day,https://www.eia.gov/outlooks/steo/xls/chart-gallery.xlsx sheet 43; STEO September 2026
2022-01,Mississippian,2.198,billion cubic feet per day,https://www.eia.gov/outlooks/steo/xls/chart-gallery.xlsx sheet 43; STEO September 2026
2022-01,Niobrara-Codell,2.481,billion cubic feet per day,https://www.eia.gov/outlooks/steo/xls/chart-gallery.xlsx sheet 43; STEO September 2026
2022-01,Woodford,2.559,billion cubic feet per day,https://www.eia.gov/outlooks/steo/xls/chart-gallery.xlsx sheet 43; STEO September 2026
2022-01,Rest of U.S.,2.367,billion cubic feet per day,https://www.eia.gov/outlooks/steo/xls/chart-gallery.xlsx sheet 43; STEO September 2026
2022-02,Permian,13.647,billion cubic feet per day,https://www.eia.gov/outlooks/steo/xls/chart-gallery.xlsx sheet 43; STEO September 2026
2022-02,Haynesville,12.59,billion cubic feet per day,https://www.eia.gov/outlooks/steo/xls/chart-gallery.xlsx sheet 43; STEO September 2026
2022-02,Marcellus,25.039,billion cubic feet per day,https://www.eia.gov/outlooks/steo/xls/chart-gallery.xlsx sheet 43; STEO September 2026
2022-02,Utica,6.907,billion cubic feet per day,https://www.eia.gov/outlooks/steo/xls/chart-gallery.xlsx sheet 43; STEO September 2026
2022-02,Eagle Ford,3.886,billion cubic feet per day,https://www.eia.gov/outlooks/steo/xls/chart-gallery.xlsx sheet 43; STEO September 2026
2022-02,Bakken,2.153,billion cubic feet per day,https://www.eia.gov/outlooks/steo/xls/chart-gallery.xlsx sheet 43; STEO September 2026
2022-02,Barnett,1.826,billion cubic feet per day,https://www.eia.gov/outlooks/steo/xls/chart-gallery.xlsx sheet 43; STEO September 2026
2022-02,Fayetteville,0.979,billion cubic feet per day,https://www.eia.gov/outlooks/steo/xls/chart-gallery.xlsx sheet 43; STEO September 2026
2022-02,Mississippian,2.246,billion cubic feet per day,https://www.eia.gov/outlooks/steo/xls/chart-gallery.xlsx sheet 43; STEO September 2026
2022-02,Niobrara-Codell,2.512,billion cubic feet per day,https://www.eia.gov/outlooks/steo/xls/chart-gallery.xlsx sheet 43; STEO September 2026
2022-02,Woodford,2.53,billion cubic feet per day,https://www.eia.gov/outlooks/steo/xls/chart-gallery.xlsx sheet 43; STEO September 2026
2022-02,Rest of U.S.,2.388,billion cubic feet per day,https://www.eia.gov/outlooks/steo/xls/chart-gallery.xlsx sheet 43; STEO September 2026
2022-03,Permian,14.471,billion cubic feet per day,https://www.eia.gov/outlooks/steo/xls/chart-gallery.xlsx sheet 43; STEO September 2026
2022-03,Haynesville,12.377,billion cubic feet per day,https://www.eia.gov/outlooks/steo/xls/chart-gallery.xlsx sheet 43; STEO September 2026
2022-03,Marcellus,25.06,billion cubic feet per day,https://www.eia.gov/outlooks/steo/xls/chart-gallery.xlsx sheet 43; STEO September 2026
2022-03,Utica,6.986,billion cubic feet per day,https://www.eia.gov/outlooks/steo/xls/chart-gallery.xlsx sheet 43; STEO September 2026
2022-03,Eagle Ford,3.95,billion cubic feet per day,https://www.eia.gov/outlooks/steo/xls/chart-gallery.xlsx sheet 43; STEO September 2026
2022-03,Bakken,2.259,billion cubic feet per day,https://www.eia.gov/outlooks/steo/xls/chart-gallery.xlsx sheet 43; STEO September 2026
2022-03,Barnett,1.859,billion cubic feet per day,https://www.eia.gov/outlooks/steo/xls/chart-gallery.xlsx sheet 43; STEO September 2026
2022-03,Fayetteville,0.992,billion cubic feet per day,https://www.eia.gov/outlooks/steo/xls/chart-gallery.xlsx sheet 43; STEO September 2026
2022-03,Mississippian,2.323,billion cubic feet per day,https://www.eia.gov/outlooks/steo/xls/chart-gallery.xlsx sheet 43; STEO September 2026
2022-03,Niobrara-Codell,2.572,billion cubic feet per day,https://www.eia.gov/outlooks/steo/xls/chart-gallery.xlsx sheet 43; STEO September 2026
2022-03,Woodford,2.621,billion cubic feet per day,https://www.eia.gov/outlooks/steo/xls/chart-gallery.xlsx sheet 43; STEO September 2026
2022-03,Rest of U.S.,2.462,billion cubic feet per day,https://www.eia.gov/outlooks/steo/xls/chart-gallery.xlsx sheet 43; STEO September 2026
2022-04,Permian,14.83,billion cubic feet per day,https://www.eia.gov/outlooks/steo/xls/chart-gallery.xlsx sheet 43; STEO September 2026
2022-04,Haynesville,12.894,billion cubic feet per day,https://www.eia.gov/outlooks/steo/xls/chart-gallery.xlsx sheet 43; STEO September 2026
2022-04,Marcellus,25.173,billion cubic feet per day,https://www.eia.gov/outlooks/steo/xls/chart-gallery.xlsx sheet 43; STEO September 2026
2022-04,Utica,6.636,billion cubic feet per day,https://www.eia.gov/outlooks/steo/xls/chart-gallery.xlsx sheet 43; STEO September 2026
2022-04,Eagle Ford,4.13,billion cubic feet per day,https://www.eia.gov/outlooks/steo/xls/chart-gallery.xlsx sheet 43; STEO September 2026
2022-04,Bakken,1.845,billion cubic feet per day,https://www.eia.gov/outlooks/steo/xls/chart-gallery.xlsx sheet 43; STEO September 2026
2022-04,Barnett,1.871,billion cubic feet per day,https://www.eia.gov/outlooks/steo/xls/chart-gallery.xlsx sheet 43; STEO September 2026
2022-04,Fayetteville,0.989,billion cubic feet per day,https://www.eia.gov/outlooks/steo/xls/chart-gallery.xlsx sheet 43; STEO September 2026
2022-04,Mississippian,2.354,billion cubic feet per day,https://www.eia.gov/outlooks/steo/xls/chart-gallery.xlsx sheet 43; STEO September 2026
2022-04,Niobrara-Codell,2.57,billion cubic feet per day,https://www.eia.gov/outlooks/steo/xls/chart-gallery.xlsx sheet 43; STEO September 2026
2022-04,Woodford,2.815,billion cubic feet per day,https://www.eia.gov/outlooks/steo/xls/chart-gallery.xlsx sheet 43; STEO September 2026
2022-04,Rest of U.S.,2.486,billion cubic feet per day,https://www.eia.gov/outlooks/steo/xls/chart-gallery.xlsx sheet 43; STEO September 2026
2022-05,Permian,14.847,billion cubic feet per day,https://www.eia.gov/outlooks/steo/xls/chart-gallery.xlsx sheet 43; STEO September 2026
2022-05,Haynesville,13.306,billion cubic feet per day,https://www.eia.gov/outlooks/steo/xls/chart-gallery.xlsx sheet 43; STEO September 2026
2022-05,Marcellus,25.518,billion cubic feet per day,https://www.eia.gov/outlooks/steo/xls/chart-gallery.xlsx sheet 43; STEO September 2026
2022-05,Utica,6.804,billion cubic feet per day,https://www.eia.gov/outlooks/steo/xls/chart-gallery.xlsx sheet 43; STEO September 2026
2022-05,Eagle Ford,4.154,billion cubic feet per day,https://www.eia.gov/outlooks/steo/xls/chart-gallery.xlsx sheet 43; STEO September 2026
2022-05,Bakken,2.091,billion cubic feet per day,https://www.eia.gov/outlooks/steo/xls/chart-gallery.xlsx sheet 43; STEO September 2026
2022-05,Barnett,1.884,billion cubic feet per day,https://www.eia.gov/outlooks/steo/xls/chart-gallery.xlsx sheet 43; STEO September 2026
2022-05,Fayetteville,0.977,billion cubic feet per day,https://www.eia.gov/outlooks/steo/xls/chart-gallery.xlsx sheet 43; STEO September 2026
2022-05,Mississippian,2.382,billion cubic feet per day,https://www.eia.gov/outlooks/steo/xls/chart-gallery.xlsx sheet 43; STEO September 2026
2022-05,Niobrara-Codell,2.525,billion cubic feet per day,https://www.eia.gov/outlooks/steo/xls/chart-gallery.xlsx sheet 43; STEO September 2026
2022-05,Woodford,2.856,billion cubic feet per day,https://www.eia.gov/outlooks/steo/xls/chart-gallery.xlsx sheet 43; STEO September 2026
2022-05,Rest of U.S.,2.55,billion cubic feet per day,https://www.eia.gov/outlooks/steo/xls/chart-gallery.xlsx sheet 43; STEO September 2026
2022-06,Permian,14.707,billion cubic feet per day,https://www.eia.gov/outlooks/steo/xls/chart-gallery.xlsx sheet 43; STEO September 2026
2022-06,Haynesville,13.274,billion cubic feet per day,https://www.eia.gov/outlooks/steo/xls/chart-gallery.xlsx sheet 43; STEO September 2026
2022-06,Marcellus,25.511,billion cubic feet per day,https://www.eia.gov/outlooks/steo/xls/chart-gallery.xlsx sheet 43; STEO September 2026
2022-06,Utica,7.024,billion cubic feet per day,https://www.eia.gov/outlooks/steo/xls/chart-gallery.xlsx sheet 43; STEO September 2026
2022-06,Eagle Ford,4.293,billion cubic feet per day,https://www.eia.gov/outlooks/steo/xls/chart-gallery.xlsx sheet 43; STEO September 2026
2022-06,Bakken,2.296,billion cubic feet per day,https://www.eia.gov/outlooks/steo/xls/chart-gallery.xlsx sheet 43; STEO September 2026
2022-06,Barnett,1.86,billion cubic feet per day,https://www.eia.gov/outlooks/steo/xls/chart-gallery.xlsx sheet 43; STEO September 2026
2022-06,Fayetteville,0.967,billion cubic feet per day,https://www.eia.gov/outlooks/steo/xls/chart-gallery.xlsx sheet 43; STEO September 2026
2022-06,Mississippian,2.444,billion cubic feet per day,https://www.eia.gov/outlooks/steo/xls/chart-gallery.xlsx sheet 43; STEO September 2026
2022-06,Niobrara-Codell,2.505,billion cubic feet per day,https://www.eia.gov/outlooks/steo/xls/chart-gallery.xlsx sheet 43; STEO September 2026
2022-06,Woodford,2.877,billion cubic feet per day,https://www.eia.gov/outlooks/steo/xls/chart-gallery.xlsx sheet 43; STEO September 2026
2022-06,Rest of U.S.,2.512,billion cubic feet per day,https://www.eia.gov/outlooks/steo/xls/chart-gallery.xlsx sheet 43; STEO September 2026
2022-07,Permian,15.045,billion cubic feet per day,https://www.eia.gov/outlooks/steo/xls/chart-gallery.xlsx sheet 43; STEO September 2026
2022-07,Haynesville,13.288,billion cubic feet per day,https://www.eia.gov/outlooks/steo/xls/chart-gallery.xlsx sheet 43; STEO September 2026
2022-07,Marcellus,25.868,billion cubic feet per day,https://www.eia.gov/outlooks/steo/xls/chart-gallery.xlsx sheet 43; STEO September 2026
2022-07,Utica,6.744,billion cubic feet per day,https://www.eia.gov/outlooks/steo/xls/chart-gallery.xlsx sheet 43; STEO September 2026
2022-07,Eagle Ford,4.221,billion cubic feet per day,https://www.eia.gov/outlooks/steo/xls/chart-gallery.xlsx sheet 43; STEO September 2026
2022-07,Bakken,2.329,billion cubic feet per day,https://www.eia.gov/outlooks/steo/xls/chart-gallery.xlsx sheet 43; STEO September 2026
2022-07,Barnett,1.846,billion cubic feet per day,https://www.eia.gov/outlooks/steo/xls/chart-gallery.xlsx sheet 43; STEO September 2026
2022-07,Fayetteville,0.959,billion cubic feet per day,https://www.eia.gov/outlooks/steo/xls/chart-gallery.xlsx sheet 43; STEO September 2026
2022-07,Mississippian,2.457,billion cubic feet per day,https://www.eia.gov/outlooks/steo/xls/chart-gallery.xlsx sheet 43; STEO September 2026
2022-07,Niobrara-Codell,2.525,billion cubic feet per day,https://www.eia.gov/outlooks/steo/xls/chart-gallery.xlsx sheet 43; STEO September 2026
2022-07,Woodford,2.85,billion cubic feet per day,https://www.eia.gov/outlooks/steo/xls/chart-gallery.xlsx sheet 43; STEO September 2026
2022-07,Rest of U.S.,2.579,billion cubic feet per day,https://www.eia.gov/outlooks/steo/xls/chart-gallery.xlsx sheet 43; STEO September 2026
2022-08,Permian,15.287,billion cubic feet per day,https://www.eia.gov/outlooks/steo/xls/chart-gallery.xlsx sheet 43; STEO September 2026
2022-08,Haynesville,13.522,billion cubic feet per day,https://www.eia.gov/outlooks/steo/xls/chart-gallery.xlsx sheet 43; STEO September 2026
2022-08,Marcellus,25.649,billion cubic feet per day,https://www.eia.gov/outlooks/steo/xls/chart-gallery.xlsx sheet 43; STEO September 2026
2022-08,Utica,7,billion cubic feet per day,https://www.eia.gov/outlooks/steo/xls/chart-gallery.xlsx sheet 43; STEO September 2026
2022-08,Eagle Ford,4.274,billion cubic feet per day,https://www.eia.gov/outlooks/steo/xls/chart-gallery.xlsx sheet 43; STEO September 2026
2022-08,Bakken,2.318,billion cubic feet per day,https://www.eia.gov/outlooks/steo/xls/chart-gallery.xlsx sheet 43; STEO September 2026
2022-08,Barnett,1.879,billion cubic feet per day,https://www.eia.gov/outlooks/steo/xls/chart-gallery.xlsx sheet 43; STEO September 2026
2022-08,Fayetteville,0.962,billion cubic feet per day,https://www.eia.gov/outlooks/steo/xls/chart-gallery.xlsx sheet 43; STEO September 2026
2022-08,Mississippian,2.403,billion cubic feet per day,https://www.eia.gov/outlooks/steo/xls/chart-gallery.xlsx sheet 43; STEO September 2026
2022-08,Niobrara-Codell,2.565,billion cubic feet per day,https://www.eia.gov/outlooks/steo/xls/chart-gallery.xlsx sheet 43; STEO September 2026
2022-08,Woodford,2.893,billion cubic feet per day,https://www.eia.gov/outlooks/steo/xls/chart-gallery.xlsx sheet 43; STEO September 2026
2022-08,Rest of U.S.,2.566,billion cubic feet per day,https://www.eia.gov/outlooks/steo/xls/chart-gallery.xlsx sheet 43; STEO September 2026
2022-09,Permian,15.731,billion cubic feet per day,https://www.eia.gov/outlooks/steo/xls/chart-gallery.xlsx sheet 43; STEO September 2026
2022-09,Haynesville,13.942,billion cubic feet per day,https://www.eia.gov/outlooks/steo/xls/chart-gallery.xlsx sheet 43; STEO September 2026
2022-09,Marcellus,25.69,billion cubic feet per day,https://www.eia.gov/outlooks/steo/xls/chart-gallery.xlsx sheet 43; STEO September 2026
2022-09,Utica,7.137,billion cubic feet per day,https://www.eia.gov/outlooks/steo/xls/chart-gallery.xlsx sheet 43; STEO September 2026
2022-09,Eagle Ford,4.274,billion cubic feet per day,https://www.eia.gov/outlooks/steo/xls/chart-gallery.xlsx sheet 43; STEO September 2026
2022-09,Bakken,2.382,billion cubic feet per day,https://www.eia.gov/outlooks/steo/xls/chart-gallery.xlsx sheet 43; STEO September 2026
2022-09,Barnett,1.875,billion cubic feet per day,https://www.eia.gov/outlooks/steo/xls/chart-gallery.xlsx sheet 43; STEO September 2026
2022-09,Fayetteville,0.961,billion cubic feet per day,https://www.eia.gov/outlooks/steo/xls/chart-gallery.xlsx sheet 43; STEO September 2026
2022-09,Mississippian,2.519,billion cubic feet per day,https://www.eia.gov/outlooks/steo/xls/chart-gallery.xlsx sheet 43; STEO September 2026
2022-09,Niobrara-Codell,2.577,billion cubic feet per day,https://www.eia.gov/outlooks/steo/xls/chart-gallery.xlsx sheet 43; STEO September 2026
2022-09,Woodford,3.021,billion cubic feet per day,https://www.eia.gov/outlooks/steo/xls/chart-gallery.xlsx sheet 43; STEO September 2026
2022-09,Rest of U.S.,2.536,billion cubic feet per day,https://www.eia.gov/outlooks/steo/xls/chart-gallery.xlsx sheet 43; STEO September 2026
2022-10,Permian,15.781,billion cubic feet per day,https://www.eia.gov/outlooks/steo/xls/chart-gallery.xlsx sheet 43; STEO September 2026
2022-10,Haynesville,14.352,billion cubic feet per day,https://www.eia.gov/outlooks/steo/xls/chart-gallery.xlsx sheet 43; STEO September 2026
2022-10,Marcellus,25.554,billion cubic feet per day,https://www.eia.gov/outlooks/steo/xls/chart-gallery.xlsx sheet 43; STEO September 2026
2022-10,Utica,6.707,billion cubic feet per day,https://www.eia.gov/outlooks/steo/xls/chart-gallery.xlsx sheet 43; STEO September 2026
2022-10,Eagle Ford,4.284,billion cubic feet per day,https://www.eia.gov/outlooks/steo/xls/chart-gallery.xlsx sheet 43; STEO September 2026
2022-10,Bakken,2.366,billion cubic feet per day,https://www.eia.gov/outlooks/steo/xls/chart-gallery.xlsx sheet 43; STEO September 2026
2022-10,Barnett,1.893,billion cubic feet per day,https://www.eia.gov/outlooks/steo/xls/chart-gallery.xlsx sheet 43; STEO September 2026
2022-10,Fayetteville,0.954,billion cubic feet per day,https://www.eia.gov/outlooks/steo/xls/chart-gallery.xlsx sheet 43; STEO September 2026
2022-10,Mississippian,2.583,billion cubic feet per day,https://www.eia.gov/outlooks/steo/xls/chart-gallery.xlsx sheet 43; STEO September 2026
2022-10,Niobrara-Codell,2.578,billion cubic feet per day,https://www.eia.gov/outlooks/steo/xls/chart-gallery.xlsx sheet 43; STEO September 2026
2022-10,Woodford,2.838,billion cubic feet per day,https://www.eia.gov/outlooks/steo/xls/chart-gallery.xlsx sheet 43; STEO September 2026
2022-10,Rest of U.S.,2.629,billion cubic feet per day,https://www.eia.gov/outlooks/steo/xls/chart-gallery.xlsx sheet 43; STEO September 2026
2022-11,Permian,15.696,billion cubic feet per day,https://www.eia.gov/outlooks/steo/xls/chart-gallery.xlsx sheet 43; STEO September 2026
2022-11,Haynesville,14.587,billion cubic feet per day,https://www.eia.gov/outlooks/steo/xls/chart-gallery.xlsx sheet 43; STEO September 2026
2022-11,Marcellus,25.711,billion cubic feet per day,https://www.eia.gov/outlooks/steo/xls/chart-gallery.xlsx sheet 43; STEO September 2026
2022-11,Utica,7.06,billion cubic feet per day,https://www.eia.gov/outlooks/steo/xls/chart-gallery.xlsx sheet 43; STEO September 2026
2022-11,Eagle Ford,4.247,billion cubic feet per day,https://www.eia.gov/outlooks/steo/xls/chart-gallery.xlsx sheet 43; STEO September 2026
2022-11,Bakken,2.289,billion cubic feet per day,https://www.eia.gov/outlooks/steo/xls/chart-gallery.xlsx sheet 43; STEO September 2026
2022-11,Barnett,1.93,billion cubic feet per day,https://www.eia.gov/outlooks/steo/xls/chart-gallery.xlsx sheet 43; STEO September 2026
2022-11,Fayetteville,0.943,billion cubic feet per day,https://www.eia.gov/outlooks/steo/xls/chart-gallery.xlsx sheet 43; STEO September 2026
2022-11,Mississippian,2.478,billion cubic feet per day,https://www.eia.gov/outlooks/steo/xls/chart-gallery.xlsx sheet 43; STEO September 2026
2022-11,Niobrara-Codell,2.589,billion cubic feet per day,https://www.eia.gov/outlooks/steo/xls/chart-gallery.xlsx sheet 43; STEO September 2026
2022-11,Woodford,2.977,billion cubic feet per day,https://www.eia.gov/outlooks/steo/xls/chart-gallery.xlsx sheet 43; STEO September 2026
2022-11,Rest of U.S.,2.656,billion cubic feet per day,https://www.eia.gov/outlooks/steo/xls/chart-gallery.xlsx sheet 43; STEO September 2026
2022-12,Permian,15.606,billion cubic feet per day,https://www.eia.gov/outlooks/steo/xls/chart-gallery.xlsx sheet 43; STEO September 2026
2022-12,Haynesville,14.402,billion cubic feet per day,https://www.eia.gov/outlooks/steo/xls/chart-gallery.xlsx sheet 43; STEO September 2026
2022-12,Marcellus,25.173,billion cubic feet per day,https://www.eia.gov/outlooks/steo/xls/chart-gallery.xlsx sheet 43; STEO September 2026
2022-12,Utica,7.492,billion cubic feet per day,https://www.eia.gov/outlooks/steo/xls/chart-gallery.xlsx sheet 43; STEO September 2026
2022-12,Eagle Ford,4.206,billion cubic feet per day,https://www.eia.gov/outlooks/steo/xls/chart-gallery.xlsx sheet 43; STEO September 2026
2022-12,Bakken,1.992,billion cubic feet per day,https://www.eia.gov/outlooks/steo/xls/chart-gallery.xlsx sheet 43; STEO September 2026
2022-12,Barnett,1.851,billion cubic feet per day,https://www.eia.gov/outlooks/steo/xls/chart-gallery.xlsx sheet 43; STEO September 2026
2022-12,Fayetteville,0.898,billion cubic feet per day,https://www.eia.gov/outlooks/steo/xls/chart-gallery.xlsx sheet 43; STEO September 2026
2022-12,Mississippian,2.412,billion cubic feet per day,https://www.eia.gov/outlooks/steo/xls/chart-gallery.xlsx sheet 43; STEO September 2026
2022-12,Niobrara-Codell,2.437,billion cubic feet per day,https://www.eia.gov/outlooks/steo/xls/chart-gallery.xlsx sheet 43; STEO September 2026
2022-12,Woodford,2.886,billion cubic feet per day,https://www.eia.gov/outlooks/steo/xls/chart-gallery.xlsx sheet 43; STEO September 2026
2022-12,Rest of U.S.,2.741,billion cubic feet per day,https://www.eia.gov/outlooks/steo/xls/chart-gallery.xlsx sheet 43; STEO September 2026
2023-01,Permian,15.907,billion cubic feet per day,https://www.eia.gov/outlooks/steo/xls/chart-gallery.xlsx sheet 43; STEO September 2026
2023-01,Haynesville,14.518,billion cubic feet per day,https://www.eia.gov/outlooks/steo/xls/chart-gallery.xlsx sheet 43; STEO September 2026
2023-01,Marcellus,26.1,billion cubic feet per day,https://www.eia.gov/outlooks/steo/xls/chart-gallery.xlsx sheet 43; STEO September 2026
2023-01,Utica,7.049,billion cubic feet per day,https://www.eia.gov/outlooks/steo/xls/chart-gallery.xlsx sheet 43; STEO September 2026
2023-01,Eagle Ford,4.146,billion cubic feet per day,https://www.eia.gov/outlooks/steo/xls/chart-gallery.xlsx sheet 43; STEO September 2026
2023-01,Bakken,2.182,billion cubic feet per day,https://www.eia.gov/outlooks/steo/xls/chart-gallery.xlsx sheet 43; STEO September 2026
2023-01,Barnett,1.828,billion cubic feet per day,https://www.eia.gov/outlooks/steo/xls/chart-gallery.xlsx sheet 43; STEO September 2026
2023-01,Fayetteville,0.938,billion cubic feet per day,https://www.eia.gov/outlooks/steo/xls/chart-gallery.xlsx sheet 43; STEO September 2026
2023-01,Mississippian,2.488,billion cubic feet per day,https://www.eia.gov/outlooks/steo/xls/chart-gallery.xlsx sheet 43; STEO September 2026
2023-01,Niobrara-Codell,2.508,billion cubic feet per day,https://www.eia.gov/outlooks/steo/xls/chart-gallery.xlsx sheet 43; STEO September 2026
2023-01,Woodford,3.119,billion cubic feet per day,https://www.eia.gov/outlooks/steo/xls/chart-gallery.xlsx sheet 43; STEO September 2026
2023-01,Rest of U.S.,2.804,billion cubic feet per day,https://www.eia.gov/outlooks/steo/xls/chart-gallery.xlsx sheet 43; STEO September 2026
2023-02,Permian,15.914,billion cubic feet per day,https://www.eia.gov/outlooks/steo/xls/chart-gallery.xlsx sheet 43; STEO September 2026
2023-02,Haynesville,14.905,billion cubic feet per day,https://www.eia.gov/outlooks/steo/xls/chart-gallery.xlsx sheet 43; STEO September 2026
2023-02,Marcellus,25.751,billion cubic feet per day,https://www.eia.gov/outlooks/steo/xls/chart-gallery.xlsx sheet 43; STEO September 2026
2023-02,Utica,7.205,billion cubic feet per day,https://www.eia.gov/outlooks/steo/xls/chart-gallery.xlsx sheet 43; STEO September 2026
2023-02,Eagle Ford,4.232,billion cubic feet per day,https://www.eia.gov/outlooks/steo/xls/chart-gallery.xlsx sheet 43; STEO September 2026
2023-02,Bakken,2.341,billion cubic feet per day,https://www.eia.gov/outlooks/steo/xls/chart-gallery.xlsx sheet 43; STEO September 2026
2023-02,Barnett,1.788,billion cubic feet per day,https://www.eia.gov/outlooks/steo/xls/chart-gallery.xlsx sheet 43; STEO September 2026
2023-02,Fayetteville,0.928,billion cubic feet per day,https://www.eia.gov/outlooks/steo/xls/chart-gallery.xlsx sheet 43; STEO September 2026
2023-02,Mississippian,2.476,billion cubic feet per day,https://www.eia.gov/outlooks/steo/xls/chart-gallery.xlsx sheet 43; STEO September 2026
2023-02,Niobrara-Codell,2.495,billion cubic feet per day,https://www.eia.gov/outlooks/steo/xls/chart-gallery.xlsx sheet 43; STEO September 2026
2023-02,Woodford,2.809,billion cubic feet per day,https://www.eia.gov/outlooks/steo/xls/chart-gallery.xlsx sheet 43; STEO September 2026
2023-02,Rest of U.S.,2.78,billion cubic feet per day,https://www.eia.gov/outlooks/steo/xls/chart-gallery.xlsx sheet 43; STEO September 2026
2023-03,Permian,16.734,billion cubic feet per day,https://www.eia.gov/outlooks/steo/xls/chart-gallery.xlsx sheet 43; STEO September 2026
2023-03,Haynesville,14.63,billion cubic feet per day,https://www.eia.gov/outlooks/steo/xls/chart-gallery.xlsx sheet 43; STEO September 2026
2023-03,Marcellus,25.991,billion cubic feet per day,https://www.eia.gov/outlooks/steo/xls/chart-gallery.xlsx sheet 43; STEO September 2026
2023-03,Utica,7.224,billion cubic feet per day,https://www.eia.gov/outlooks/steo/xls/chart-gallery.xlsx sheet 43; STEO September 2026
2023-03,Eagle Ford,4.468,billion cubic feet per day,https://www.eia.gov/outlooks/steo/xls/chart-gallery.xlsx sheet 43; STEO September 2026
2023-03,Bakken,2.339,billion cubic feet per day,https://www.eia.gov/outlooks/steo/xls/chart-gallery.xlsx sheet 43; STEO September 2026
2023-03,Barnett,1.84,billion cubic feet per day,https://www.eia.gov/outlooks/steo/xls/chart-gallery.xlsx sheet 43; STEO September 2026
2023-03,Fayetteville,0.926,billion cubic feet per day,https://www.eia.gov/outlooks/steo/xls/chart-gallery.xlsx sheet 43; STEO September 2026
2023-03,Mississippian,2.479,billion cubic feet per day,https://www.eia.gov/outlooks/steo/xls/chart-gallery.xlsx sheet 43; STEO September 2026
2023-03,Niobrara-Codell,2.529,billion cubic feet per day,https://www.eia.gov/outlooks/steo/xls/chart-gallery.xlsx sheet 43; STEO September 2026
2023-03,Woodford,2.775,billion cubic feet per day,https://www.eia.gov/outlooks/steo/xls/chart-gallery.xlsx sheet 43; STEO September 2026
2023-03,Rest of U.S.,2.828,billion cubic feet per day,https://www.eia.gov/outlooks/steo/xls/chart-gallery.xlsx sheet 43; STEO September 2026
2023-04,Permian,16.902,billion cubic feet per day,https://www.eia.gov/outlooks/steo/xls/chart-gallery.xlsx sheet 43; STEO September 2026
2023-04,Haynesville,14.693,billion cubic feet per day,https://www.eia.gov/outlooks/steo/xls/chart-gallery.xlsx sheet 43; STEO September 2026
2023-04,Marcellus,25.816,billion cubic feet per day,https://www.eia.gov/outlooks/steo/xls/chart-gallery.xlsx sheet 43; STEO September 2026
2023-04,Utica,6.632,billion cubic feet per day,https://www.eia.gov/outlooks/steo/xls/chart-gallery.xlsx sheet 43; STEO September 2026
2023-04,Eagle Ford,4.416,billion cubic feet per day,https://www.eia.gov/outlooks/steo/xls/chart-gallery.xlsx sheet 43; STEO September 2026
2023-04,Bakken,2.393,billion cubic feet per day,https://www.eia.gov/outlooks/steo/xls/chart-gallery.xlsx sheet 43; STEO September 2026
2023-04,Barnett,1.837,billion cubic feet per day,https://www.eia.gov/outlooks/steo/xls/chart-gallery.xlsx sheet 43; STEO September 2026
2023-04,Fayetteville,0.913,billion cubic feet per day,https://www.eia.gov/outlooks/steo/xls/chart-gallery.xlsx sheet 43; STEO September 2026
2023-04,Mississippian,2.499,billion cubic feet per day,https://www.eia.gov/outlooks/steo/xls/chart-gallery.xlsx sheet 43; STEO September 2026
2023-04,Niobrara-Codell,2.549,billion cubic feet per day,https://www.eia.gov/outlooks/steo/xls/chart-gallery.xlsx sheet 43; STEO September 2026
2023-04,Woodford,2.749,billion cubic feet per day,https://www.eia.gov/outlooks/steo/xls/chart-gallery.xlsx sheet 43; STEO September 2026
2023-04,Rest of U.S.,2.799,billion cubic feet per day,https://www.eia.gov/outlooks/steo/xls/chart-gallery.xlsx sheet 43; STEO September 2026
2023-05,Permian,16.909,billion cubic feet per day,https://www.eia.gov/outlooks/steo/xls/chart-gallery.xlsx sheet 43; STEO September 2026
2023-05,Haynesville,15.28,billion cubic feet per day,https://www.eia.gov/outlooks/steo/xls/chart-gallery.xlsx sheet 43; STEO September 2026
2023-05,Marcellus,26.123,billion cubic feet per day,https://www.eia.gov/outlooks/steo/xls/chart-gallery.xlsx sheet 43; STEO September 2026
2023-05,Utica,6.895,billion cubic feet per day,https://www.eia.gov/outlooks/steo/xls/chart-gallery.xlsx sheet 43; STEO September 2026
2023-05,Eagle Ford,4.494,billion cubic feet per day,https://www.eia.gov/outlooks/steo/xls/chart-gallery.xlsx sheet 43; STEO September 2026
2023-05,Bakken,2.421,billion cubic feet per day,https://www.eia.gov/outlooks/steo/xls/chart-gallery.xlsx sheet 43; STEO September 2026
2023-05,Barnett,1.813,billion cubic feet per day,https://www.eia.gov/outlooks/steo/xls/chart-gallery.xlsx sheet 43; STEO September 2026
2023-05,Fayetteville,0.906,billion cubic feet per day,https://www.eia.gov/outlooks/steo/xls/chart-gallery.xlsx sheet 43; STEO September 2026
2023-05,Mississippian,2.542,billion cubic feet per day,https://www.eia.gov/outlooks/steo/xls/chart-gallery.xlsx sheet 43; STEO September 2026
2023-05,Niobrara-Codell,2.557,billion cubic feet per day,https://www.eia.gov/outlooks/steo/xls/chart-gallery.xlsx sheet 43; STEO September 2026
2023-05,Woodford,2.747,billion cubic feet per day,https://www.eia.gov/outlooks/steo/xls/chart-gallery.xlsx sheet 43; STEO September 2026
2023-05,Rest of U.S.,2.771,billion cubic feet per day,https://www.eia.gov/outlooks/steo/xls/chart-gallery.xlsx sheet 43; STEO September 2026
2023-06,Permian,16.652,billion cubic feet per day,https://www.eia.gov/outlooks/steo/xls/chart-gallery.xlsx sheet 43; STEO September 2026
2023-06,Haynesville,14.646,billion cubic feet per day,https://www.eia.gov/outlooks/steo/xls/chart-gallery.xlsx sheet 43; STEO September 2026
2023-06,Marcellus,26.45,billion cubic feet per day,https://www.eia.gov/outlooks/steo/xls/chart-gallery.xlsx sheet 43; STEO September 2026
2023-06,Utica,6.947,billion cubic feet per day,https://www.eia.gov/outlooks/steo/xls/chart-gallery.xlsx sheet 43; STEO September 2026
2023-06,Eagle Ford,4.414,billion cubic feet per day,https://www.eia.gov/outlooks/steo/xls/chart-gallery.xlsx sheet 43; STEO September 2026
2023-06,Bakken,2.489,billion cubic feet per day,https://www.eia.gov/outlooks/steo/xls/chart-gallery.xlsx sheet 43; STEO September 2026
2023-06,Barnett,1.801,billion cubic feet per day,https://www.eia.gov/outlooks/steo/xls/chart-gallery.xlsx sheet 43; STEO September 2026
2023-06,Fayetteville,0.897,billion cubic feet per day,https://www.eia.gov/outlooks/steo/xls/chart-gallery.xlsx sheet 43; STEO September 2026
2023-06,Mississippian,2.435,billion cubic feet per day,https://www.eia.gov/outlooks/steo/xls/chart-gallery.xlsx sheet 43; STEO September 2026
2023-06,Niobrara-Codell,2.595,billion cubic feet per day,https://www.eia.gov/outlooks/steo/xls/chart-gallery.xlsx sheet 43; STEO September 2026
2023-06,Woodford,2.735,billion cubic feet per day,https://www.eia.gov/outlooks/steo/xls/chart-gallery.xlsx sheet 43; STEO September 2026
2023-06,Rest of U.S.,2.747,billion cubic feet per day,https://www.eia.gov/outlooks/steo/xls/chart-gallery.xlsx sheet 43; STEO September 2026
2023-07,Permian,16.943,billion cubic feet per day,https://www.eia.gov/outlooks/steo/xls/chart-gallery.xlsx sheet 43; STEO September 2026
2023-07,Haynesville,14.744,billion cubic feet per day,https://www.eia.gov/outlooks/steo/xls/chart-gallery.xlsx sheet 43; STEO September 2026
2023-07,Marcellus,26.46,billion cubic feet per day,https://www.eia.gov/outlooks/steo/xls/chart-gallery.xlsx sheet 43; STEO September 2026
2023-07,Utica,6.751,billion cubic feet per day,https://www.eia.gov/outlooks/steo/xls/chart-gallery.xlsx sheet 43; STEO September 2026
2023-07,Eagle Ford,4.422,billion cubic feet per day,https://www.eia.gov/outlooks/steo/xls/chart-gallery.xlsx sheet 43; STEO September 2026
2023-07,Bakken,2.533,billion cubic feet per day,https://www.eia.gov/outlooks/steo/xls/chart-gallery.xlsx sheet 43; STEO September 2026
2023-07,Barnett,1.779,billion cubic feet per day,https://www.eia.gov/outlooks/steo/xls/chart-gallery.xlsx sheet 43; STEO September 2026
2023-07,Fayetteville,0.89,billion cubic feet per day,https://www.eia.gov/outlooks/steo/xls/chart-gallery.xlsx sheet 43; STEO September 2026
2023-07,Mississippian,2.415,billion cubic feet per day,https://www.eia.gov/outlooks/steo/xls/chart-gallery.xlsx sheet 43; STEO September 2026
2023-07,Niobrara-Codell,2.612,billion cubic feet per day,https://www.eia.gov/outlooks/steo/xls/chart-gallery.xlsx sheet 43; STEO September 2026
2023-07,Woodford,2.733,billion cubic feet per day,https://www.eia.gov/outlooks/steo/xls/chart-gallery.xlsx sheet 43; STEO September 2026
2023-07,Rest of U.S.,2.799,billion cubic feet per day,https://www.eia.gov/outlooks/steo/xls/chart-gallery.xlsx sheet 43; STEO September 2026
2023-08,Permian,17.369,billion cubic feet per day,https://www.eia.gov/outlooks/steo/xls/chart-gallery.xlsx sheet 43; STEO September 2026
2023-08,Haynesville,14.808,billion cubic feet per day,https://www.eia.gov/outlooks/steo/xls/chart-gallery.xlsx sheet 43; STEO September 2026
2023-08,Marcellus,26.494,billion cubic feet per day,https://www.eia.gov/outlooks/steo/xls/chart-gallery.xlsx sheet 43; STEO September 2026
2023-08,Utica,6.821,billion cubic feet per day,https://www.eia.gov/outlooks/steo/xls/chart-gallery.xlsx sheet 43; STEO September 2026
2023-08,Eagle Ford,4.352,billion cubic feet per day,https://www.eia.gov/outlooks/steo/xls/chart-gallery.xlsx sheet 43; STEO September 2026
2023-08,Bakken,2.554,billion cubic feet per day,https://www.eia.gov/outlooks/steo/xls/chart-gallery.xlsx sheet 43; STEO September 2026
2023-08,Barnett,1.746,billion cubic feet per day,https://www.eia.gov/outlooks/steo/xls/chart-gallery.xlsx sheet 43; STEO September 2026
2023-08,Fayetteville,0.885,billion cubic feet per day,https://www.eia.gov/outlooks/steo/xls/chart-gallery.xlsx sheet 43; STEO September 2026
2023-08,Mississippian,2.351,billion cubic feet per day,https://www.eia.gov/outlooks/steo/xls/chart-gallery.xlsx sheet 43; STEO September 2026
2023-08,Niobrara-Codell,2.674,billion cubic feet per day,https://www.eia.gov/outlooks/steo/xls/chart-gallery.xlsx sheet 43; STEO September 2026
2023-08,Woodford,2.666,billion cubic feet per day,https://www.eia.gov/outlooks/steo/xls/chart-gallery.xlsx sheet 43; STEO September 2026
2023-08,Rest of U.S.,2.801,billion cubic feet per day,https://www.eia.gov/outlooks/steo/xls/chart-gallery.xlsx sheet 43; STEO September 2026
2023-09,Permian,17.522,billion cubic feet per day,https://www.eia.gov/outlooks/steo/xls/chart-gallery.xlsx sheet 43; STEO September 2026
2023-09,Haynesville,14.697,billion cubic feet per day,https://www.eia.gov/outlooks/steo/xls/chart-gallery.xlsx sheet 43; STEO September 2026
2023-09,Marcellus,26.195,billion cubic feet per day,https://www.eia.gov/outlooks/steo/xls/chart-gallery.xlsx sheet 43; STEO September 2026
2023-09,Utica,6.816,billion cubic feet per day,https://www.eia.gov/outlooks/steo/xls/chart-gallery.xlsx sheet 43; STEO September 2026
2023-09,Eagle Ford,4.464,billion cubic feet per day,https://www.eia.gov/outlooks/steo/xls/chart-gallery.xlsx sheet 43; STEO September 2026
2023-09,Bakken,2.647,billion cubic feet per day,https://www.eia.gov/outlooks/steo/xls/chart-gallery.xlsx sheet 43; STEO September 2026
2023-09,Barnett,1.76,billion cubic feet per day,https://www.eia.gov/outlooks/steo/xls/chart-gallery.xlsx sheet 43; STEO September 2026
2023-09,Fayetteville,0.884,billion cubic feet per day,https://www.eia.gov/outlooks/steo/xls/chart-gallery.xlsx sheet 43; STEO September 2026
2023-09,Mississippian,2.502,billion cubic feet per day,https://www.eia.gov/outlooks/steo/xls/chart-gallery.xlsx sheet 43; STEO September 2026
2023-09,Niobrara-Codell,2.665,billion cubic feet per day,https://www.eia.gov/outlooks/steo/xls/chart-gallery.xlsx sheet 43; STEO September 2026
2023-09,Woodford,2.657,billion cubic feet per day,https://www.eia.gov/outlooks/steo/xls/chart-gallery.xlsx sheet 43; STEO September 2026
2023-09,Rest of U.S.,2.783,billion cubic feet per day,https://www.eia.gov/outlooks/steo/xls/chart-gallery.xlsx sheet 43; STEO September 2026
2023-10,Permian,17.574,billion cubic feet per day,https://www.eia.gov/outlooks/steo/xls/chart-gallery.xlsx sheet 43; STEO September 2026
2023-10,Haynesville,14.549,billion cubic feet per day,https://www.eia.gov/outlooks/steo/xls/chart-gallery.xlsx sheet 43; STEO September 2026
2023-10,Marcellus,26.557,billion cubic feet per day,https://www.eia.gov/outlooks/steo/xls/chart-gallery.xlsx sheet 43; STEO September 2026
2023-10,Utica,6.39,billion cubic feet per day,https://www.eia.gov/outlooks/steo/xls/chart-gallery.xlsx sheet 43; STEO September 2026
2023-10,Eagle Ford,4.392,billion cubic feet per day,https://www.eia.gov/outlooks/steo/xls/chart-gallery.xlsx sheet 43; STEO September 2026
2023-10,Bakken,2.617,billion cubic feet per day,https://www.eia.gov/outlooks/steo/xls/chart-gallery.xlsx sheet 43; STEO September 2026
2023-10,Barnett,1.745,billion cubic feet per day,https://www.eia.gov/outlooks/steo/xls/chart-gallery.xlsx sheet 43; STEO September 2026
2023-10,Fayetteville,0.878,billion cubic feet per day,https://www.eia.gov/outlooks/steo/xls/chart-gallery.xlsx sheet 43; STEO September 2026
2023-10,Mississippian,2.407,billion cubic feet per day,https://www.eia.gov/outlooks/steo/xls/chart-gallery.xlsx sheet 43; STEO September 2026
2023-10,Niobrara-Codell,2.693,billion cubic feet per day,https://www.eia.gov/outlooks/steo/xls/chart-gallery.xlsx sheet 43; STEO September 2026
2023-10,Woodford,2.66,billion cubic feet per day,https://www.eia.gov/outlooks/steo/xls/chart-gallery.xlsx sheet 43; STEO September 2026
2023-10,Rest of U.S.,2.819,billion cubic feet per day,https://www.eia.gov/outlooks/steo/xls/chart-gallery.xlsx sheet 43; STEO September 2026
2023-11,Permian,17.934,billion cubic feet per day,https://www.eia.gov/outlooks/steo/xls/chart-gallery.xlsx sheet 43; STEO September 2026
2023-11,Haynesville,14.553,billion cubic feet per day,https://www.eia.gov/outlooks/steo/xls/chart-gallery.xlsx sheet 43; STEO September 2026
2023-11,Marcellus,27.589,billion cubic feet per day,https://www.eia.gov/outlooks/steo/xls/chart-gallery.xlsx sheet 43; STEO September 2026
2023-11,Utica,6.582,billion cubic feet per day,https://www.eia.gov/outlooks/steo/xls/chart-gallery.xlsx sheet 43; STEO September 2026
2023-11,Eagle Ford,4.376,billion cubic feet per day,https://www.eia.gov/outlooks/steo/xls/chart-gallery.xlsx sheet 43; STEO September 2026
2023-11,Bakken,2.662,billion cubic feet per day,https://www.eia.gov/outlooks/steo/xls/chart-gallery.xlsx sheet 43; STEO September 2026
2023-11,Barnett,1.749,billion cubic feet per day,https://www.eia.gov/outlooks/steo/xls/chart-gallery.xlsx sheet 43; STEO September 2026
2023-11,Fayetteville,0.872,billion cubic feet per day,https://www.eia.gov/outlooks/steo/xls/chart-gallery.xlsx sheet 43; STEO September 2026
2023-11,Mississippian,2.431,billion cubic feet per day,https://www.eia.gov/outlooks/steo/xls/chart-gallery.xlsx sheet 43; STEO September 2026
2023-11,Niobrara-Codell,2.747,billion cubic feet per day,https://www.eia.gov/outlooks/steo/xls/chart-gallery.xlsx sheet 43; STEO September 2026
2023-11,Woodford,2.682,billion cubic feet per day,https://www.eia.gov/outlooks/steo/xls/chart-gallery.xlsx sheet 43; STEO September 2026
2023-11,Rest of U.S.,2.915,billion cubic feet per day,https://www.eia.gov/outlooks/steo/xls/chart-gallery.xlsx sheet 43; STEO September 2026
2023-12,Permian,18.275,billion cubic feet per day,https://www.eia.gov/outlooks/steo/xls/chart-gallery.xlsx sheet 43; STEO September 2026
2023-12,Haynesville,14.184,billion cubic feet per day,https://www.eia.gov/outlooks/steo/xls/chart-gallery.xlsx sheet 43; STEO September 2026
2023-12,Marcellus,27.745,billion cubic feet per day,https://www.eia.gov/outlooks/steo/xls/chart-gallery.xlsx sheet 43; STEO September 2026
2023-12,Utica,6.726,billion cubic feet per day,https://www.eia.gov/outlooks/steo/xls/chart-gallery.xlsx sheet 43; STEO September 2026
2023-12,Eagle Ford,4.359,billion cubic feet per day,https://www.eia.gov/outlooks/steo/xls/chart-gallery.xlsx sheet 43; STEO September 2026
2023-12,Bakken,2.71,billion cubic feet per day,https://www.eia.gov/outlooks/steo/xls/chart-gallery.xlsx sheet 43; STEO September 2026
2023-12,Barnett,1.731,billion cubic feet per day,https://www.eia.gov/outlooks/steo/xls/chart-gallery.xlsx sheet 43; STEO September 2026
2023-12,Fayetteville,0.862,billion cubic feet per day,https://www.eia.gov/outlooks/steo/xls/chart-gallery.xlsx sheet 43; STEO September 2026
2023-12,Mississippian,2.456,billion cubic feet per day,https://www.eia.gov/outlooks/steo/xls/chart-gallery.xlsx sheet 43; STEO September 2026
2023-12,Niobrara-Codell,2.776,billion cubic feet per day,https://www.eia.gov/outlooks/steo/xls/chart-gallery.xlsx sheet 43; STEO September 2026
2023-12,Woodford,2.659,billion cubic feet per day,https://www.eia.gov/outlooks/steo/xls/chart-gallery.xlsx sheet 43; STEO September 2026
2023-12,Rest of U.S.,2.923,billion cubic feet per day,https://www.eia.gov/outlooks/steo/xls/chart-gallery.xlsx sheet 43; STEO September 2026
2024-01,Permian,17.48,billion cubic feet per day,https://www.eia.gov/outlooks/steo/xls/chart-gallery.xlsx sheet 43; STEO September 2026
2024-01,Haynesville,14.034,billion cubic feet per day,https://www.eia.gov/outlooks/steo/xls/chart-gallery.xlsx sheet 43; STEO September 2026
2024-01,Marcellus,27.304,billion cubic feet per day,https://www.eia.gov/outlooks/steo/xls/chart-gallery.xlsx sheet 43; STEO September 2026
2024-01,Utica,6.608,billion cubic feet per day,https://www.eia.gov/outlooks/steo/xls/chart-gallery.xlsx sheet 43; STEO September 2026
2024-01,Eagle Ford,4.225,billion cubic feet per day,https://www.eia.gov/outlooks/steo/xls/chart-gallery.xlsx sheet 43; STEO September 2026
2024-01,Bakken,2.304,billion cubic feet per day,https://www.eia.gov/outlooks/steo/xls/chart-gallery.xlsx sheet 43; STEO September 2026
2024-01,Barnett,1.629,billion cubic feet per day,https://www.eia.gov/outlooks/steo/xls/chart-gallery.xlsx sheet 43; STEO September 2026
2024-01,Fayetteville,0.774,billion cubic feet per day,https://www.eia.gov/outlooks/steo/xls/chart-gallery.xlsx sheet 43; STEO September 2026
2024-01,Mississippian,2.324,billion cubic feet per day,https://www.eia.gov/outlooks/steo/xls/chart-gallery.xlsx sheet 43; STEO September 2026
2024-01,Niobrara-Codell,2.643,billion cubic feet per day,https://www.eia.gov/outlooks/steo/xls/chart-gallery.xlsx sheet 43; STEO September 2026
2024-01,Woodford,2.45,billion cubic feet per day,https://www.eia.gov/outlooks/steo/xls/chart-gallery.xlsx sheet 43; STEO September 2026
2024-01,Rest of U.S.,2.904,billion cubic feet per day,https://www.eia.gov/outlooks/steo/xls/chart-gallery.xlsx sheet 43; STEO September 2026
2024-02,Permian,18.184,billion cubic feet per day,https://www.eia.gov/outlooks/steo/xls/chart-gallery.xlsx sheet 43; STEO September 2026
2024-02,Haynesville,14.368,billion cubic feet per day,https://www.eia.gov/outlooks/steo/xls/chart-gallery.xlsx sheet 43; STEO September 2026
2024-02,Marcellus,27.157,billion cubic feet per day,https://www.eia.gov/outlooks/steo/xls/chart-gallery.xlsx sheet 43; STEO September 2026
2024-02,Utica,6.737,billion cubic feet per day,https://www.eia.gov/outlooks/steo/xls/chart-gallery.xlsx sheet 43; STEO September 2026
2024-02,Eagle Ford,4.302,billion cubic feet per day,https://www.eia.gov/outlooks/steo/xls/chart-gallery.xlsx sheet 43; STEO September 2026
2024-02,Bakken,2.586,billion cubic feet per day,https://www.eia.gov/outlooks/steo/xls/chart-gallery.xlsx sheet 43; STEO September 2026
2024-02,Barnett,1.664,billion cubic feet per day,https://www.eia.gov/outlooks/steo/xls/chart-gallery.xlsx sheet 43; STEO September 2026
2024-02,Fayetteville,0.846,billion cubic feet per day,https://www.eia.gov/outlooks/steo/xls/chart-gallery.xlsx sheet 43; STEO September 2026
2024-02,Mississippian,2.421,billion cubic feet per day,https://www.eia.gov/outlooks/steo/xls/chart-gallery.xlsx sheet 43; STEO September 2026
2024-02,Niobrara-Codell,2.785,billion cubic feet per day,https://www.eia.gov/outlooks/steo/xls/chart-gallery.xlsx sheet 43; STEO September 2026
2024-02,Woodford,2.577,billion cubic feet per day,https://www.eia.gov/outlooks/steo/xls/chart-gallery.xlsx sheet 43; STEO September 2026
2024-02,Rest of U.S.,2.945,billion cubic feet per day,https://www.eia.gov/outlooks/steo/xls/chart-gallery.xlsx sheet 43; STEO September 2026
2024-03,Permian,18.588,billion cubic feet per day,https://www.eia.gov/outlooks/steo/xls/chart-gallery.xlsx sheet 43; STEO September 2026
2024-03,Haynesville,13.836,billion cubic feet per day,https://www.eia.gov/outlooks/steo/xls/chart-gallery.xlsx sheet 43; STEO September 2026
2024-03,Marcellus,25.571,billion cubic feet per day,https://www.eia.gov/outlooks/steo/xls/chart-gallery.xlsx sheet 43; STEO September 2026
2024-03,Utica,6.701,billion cubic feet per day,https://www.eia.gov/outlooks/steo/xls/chart-gallery.xlsx sheet 43; STEO September 2026
2024-03,Eagle Ford,4.298,billion cubic feet per day,https://www.eia.gov/outlooks/steo/xls/chart-gallery.xlsx sheet 43; STEO September 2026
2024-03,Bakken,2.603,billion cubic feet per day,https://www.eia.gov/outlooks/steo/xls/chart-gallery.xlsx sheet 43; STEO September 2026
2024-03,Barnett,1.651,billion cubic feet per day,https://www.eia.gov/outlooks/steo/xls/chart-gallery.xlsx sheet 43; STEO September 2026
2024-03,Fayetteville,0.844,billion cubic feet per day,https://www.eia.gov/outlooks/steo/xls/chart-gallery.xlsx sheet 43; STEO September 2026
2024-03,Mississippian,2.305,billion cubic feet per day,https://www.eia.gov/outlooks/steo/xls/chart-gallery.xlsx sheet 43; STEO September 2026
2024-03,Niobrara-Codell,2.826,billion cubic feet per day,https://www.eia.gov/outlooks/steo/xls/chart-gallery.xlsx sheet 43; STEO September 2026
2024-03,Woodford,2.515,billion cubic feet per day,https://www.eia.gov/outlooks/steo/xls/chart-gallery.xlsx sheet 43; STEO September 2026
2024-03,Rest of U.S.,2.823,billion cubic feet per day,https://www.eia.gov/outlooks/steo/xls/chart-gallery.xlsx sheet 43; STEO September 2026
2024-04,Permian,18.649,billion cubic feet per day,https://www.eia.gov/outlooks/steo/xls/chart-gallery.xlsx sheet 43; STEO September 2026
2024-04,Haynesville,13.008,billion cubic feet per day,https://www.eia.gov/outlooks/steo/xls/chart-gallery.xlsx sheet 43; STEO September 2026
2024-04,Marcellus,25.575,billion cubic feet per day,https://www.eia.gov/outlooks/steo/xls/chart-gallery.xlsx sheet 43; STEO September 2026
2024-04,Utica,6.429,billion cubic feet per day,https://www.eia.gov/outlooks/steo/xls/chart-gallery.xlsx sheet 43; STEO September 2026
2024-04,Eagle Ford,4.175,billion cubic feet per day,https://www.eia.gov/outlooks/steo/xls/chart-gallery.xlsx sheet 43; STEO September 2026
2024-04,Bakken,2.665,billion cubic feet per day,https://www.eia.gov/outlooks/steo/xls/chart-gallery.xlsx sheet 43; STEO September 2026
2024-04,Barnett,1.629,billion cubic feet per day,https://www.eia.gov/outlooks/steo/xls/chart-gallery.xlsx sheet 43; STEO September 2026
2024-04,Fayetteville,0.832,billion cubic feet per day,https://www.eia.gov/outlooks/steo/xls/chart-gallery.xlsx sheet 43; STEO September 2026
2024-04,Mississippian,2.315,billion cubic feet per day,https://www.eia.gov/outlooks/steo/xls/chart-gallery.xlsx sheet 43; STEO September 2026
2024-04,Niobrara-Codell,2.755,billion cubic feet per day,https://www.eia.gov/outlooks/steo/xls/chart-gallery.xlsx sheet 43; STEO September 2026
2024-04,Woodford,2.544,billion cubic feet per day,https://www.eia.gov/outlooks/steo/xls/chart-gallery.xlsx sheet 43; STEO September 2026
2024-04,Rest of U.S.,2.761,billion cubic feet per day,https://www.eia.gov/outlooks/steo/xls/chart-gallery.xlsx sheet 43; STEO September 2026
2024-05,Permian,18.62,billion cubic feet per day,https://www.eia.gov/outlooks/steo/xls/chart-gallery.xlsx sheet 43; STEO September 2026
2024-05,Haynesville,12.545,billion cubic feet per day,https://www.eia.gov/outlooks/steo/xls/chart-gallery.xlsx sheet 43; STEO September 2026
2024-05,Marcellus,25.34,billion cubic feet per day,https://www.eia.gov/outlooks/steo/xls/chart-gallery.xlsx sheet 43; STEO September 2026
2024-05,Utica,6.559,billion cubic feet per day,https://www.eia.gov/outlooks/steo/xls/chart-gallery.xlsx sheet 43; STEO September 2026
2024-05,Eagle Ford,4.365,billion cubic feet per day,https://www.eia.gov/outlooks/steo/xls/chart-gallery.xlsx sheet 43; STEO September 2026
2024-05,Bakken,2.694,billion cubic feet per day,https://www.eia.gov/outlooks/steo/xls/chart-gallery.xlsx sheet 43; STEO September 2026
2024-05,Barnett,1.616,billion cubic feet per day,https://www.eia.gov/outlooks/steo/xls/chart-gallery.xlsx sheet 43; STEO September 2026
2024-05,Fayetteville,0.825,billion cubic feet per day,https://www.eia.gov/outlooks/steo/xls/chart-gallery.xlsx sheet 43; STEO September 2026
2024-05,Mississippian,2.312,billion cubic feet per day,https://www.eia.gov/outlooks/steo/xls/chart-gallery.xlsx sheet 43; STEO September 2026
2024-05,Niobrara-Codell,2.766,billion cubic feet per day,https://www.eia.gov/outlooks/steo/xls/chart-gallery.xlsx sheet 43; STEO September 2026
2024-05,Woodford,2.637,billion cubic feet per day,https://www.eia.gov/outlooks/steo/xls/chart-gallery.xlsx sheet 43; STEO September 2026
2024-05,Rest of U.S.,2.878,billion cubic feet per day,https://www.eia.gov/outlooks/steo/xls/chart-gallery.xlsx sheet 43; STEO September 2026
2024-06,Permian,19.243,billion cubic feet per day,https://www.eia.gov/outlooks/steo/xls/chart-gallery.xlsx sheet 43; STEO September 2026
2024-06,Haynesville,12.492,billion cubic feet per day,https://www.eia.gov/outlooks/steo/xls/chart-gallery.xlsx sheet 43; STEO September 2026
2024-06,Marcellus,26.062,billion cubic feet per day,https://www.eia.gov/outlooks/steo/xls/chart-gallery.xlsx sheet 43; STEO September 2026
2024-06,Utica,6.624,billion cubic feet per day,https://www.eia.gov/outlooks/steo/xls/chart-gallery.xlsx sheet 43; STEO September 2026
2024-06,Eagle Ford,4.35,billion cubic feet per day,https://www.eia.gov/outlooks/steo/xls/chart-gallery.xlsx sheet 43; STEO September 2026
2024-06,Bakken,2.682,billion cubic feet per day,https://www.eia.gov/outlooks/steo/xls/chart-gallery.xlsx sheet 43; STEO September 2026
2024-06,Barnett,1.643,billion cubic feet per day,https://www.eia.gov/outlooks/steo/xls/chart-gallery.xlsx sheet 43; STEO September 2026
2024-06,Fayetteville,0.814,billion cubic feet per day,https://www.eia.gov/outlooks/steo/xls/chart-gallery.xlsx sheet 43; STEO September 2026
2024-06,Mississippian,2.255,billion cubic feet per day,https://www.eia.gov/outlooks/steo/xls/chart-gallery.xlsx sheet 43; STEO September 2026
2024-06,Niobrara-Codell,2.757,billion cubic feet per day,https://www.eia.gov/outlooks/steo/xls/chart-gallery.xlsx sheet 43; STEO September 2026
2024-06,Woodford,2.491,billion cubic feet per day,https://www.eia.gov/outlooks/steo/xls/chart-gallery.xlsx sheet 43; STEO September 2026
2024-06,Rest of U.S.,2.757,billion cubic feet per day,https://www.eia.gov/outlooks/steo/xls/chart-gallery.xlsx sheet 43; STEO September 2026
2024-07,Permian,19.549,billion cubic feet per day,https://www.eia.gov/outlooks/steo/xls/chart-gallery.xlsx sheet 43; STEO September 2026
2024-07,Haynesville,12.65,billion cubic feet per day,https://www.eia.gov/outlooks/steo/xls/chart-gallery.xlsx sheet 43; STEO September 2026
2024-07,Marcellus,26.623,billion cubic feet per day,https://www.eia.gov/outlooks/steo/xls/chart-gallery.xlsx sheet 43; STEO September 2026
2024-07,Utica,6.274,billion cubic feet per day,https://www.eia.gov/outlooks/steo/xls/chart-gallery.xlsx sheet 43; STEO September 2026
2024-07,Eagle Ford,4.224,billion cubic feet per day,https://www.eia.gov/outlooks/steo/xls/chart-gallery.xlsx sheet 43; STEO September 2026
2024-07,Bakken,2.666,billion cubic feet per day,https://www.eia.gov/outlooks/steo/xls/chart-gallery.xlsx sheet 43; STEO September 2026
2024-07,Barnett,1.625,billion cubic feet per day,https://www.eia.gov/outlooks/steo/xls/chart-gallery.xlsx sheet 43; STEO September 2026
2024-07,Fayetteville,0.811,billion cubic feet per day,https://www.eia.gov/outlooks/steo/xls/chart-gallery.xlsx sheet 43; STEO September 2026
2024-07,Mississippian,2.239,billion cubic feet per day,https://www.eia.gov/outlooks/steo/xls/chart-gallery.xlsx sheet 43; STEO September 2026
2024-07,Niobrara-Codell,2.797,billion cubic feet per day,https://www.eia.gov/outlooks/steo/xls/chart-gallery.xlsx sheet 43; STEO September 2026
2024-07,Woodford,2.601,billion cubic feet per day,https://www.eia.gov/outlooks/steo/xls/chart-gallery.xlsx sheet 43; STEO September 2026
2024-07,Rest of U.S.,2.879,billion cubic feet per day,https://www.eia.gov/outlooks/steo/xls/chart-gallery.xlsx sheet 43; STEO September 2026
2024-08,Permian,19.991,billion cubic feet per day,https://www.eia.gov/outlooks/steo/xls/chart-gallery.xlsx sheet 43; STEO September 2026
2024-08,Haynesville,12.7,billion cubic feet per day,https://www.eia.gov/outlooks/steo/xls/chart-gallery.xlsx sheet 43; STEO September 2026
2024-08,Marcellus,25.934,billion cubic feet per day,https://www.eia.gov/outlooks/steo/xls/chart-gallery.xlsx sheet 43; STEO September 2026
2024-08,Utica,6.422,billion cubic feet per day,https://www.eia.gov/outlooks/steo/xls/chart-gallery.xlsx sheet 43; STEO September 2026
2024-08,Eagle Ford,4.175,billion cubic feet per day,https://www.eia.gov/outlooks/steo/xls/chart-gallery.xlsx sheet 43; STEO September 2026
2024-08,Bakken,2.713,billion cubic feet per day,https://www.eia.gov/outlooks/steo/xls/chart-gallery.xlsx sheet 43; STEO September 2026
2024-08,Barnett,1.615,billion cubic feet per day,https://www.eia.gov/outlooks/steo/xls/chart-gallery.xlsx sheet 43; STEO September 2026
2024-08,Fayetteville,0.809,billion cubic feet per day,https://www.eia.gov/outlooks/steo/xls/chart-gallery.xlsx sheet 43; STEO September 2026
2024-08,Mississippian,2.201,billion cubic feet per day,https://www.eia.gov/outlooks/steo/xls/chart-gallery.xlsx sheet 43; STEO September 2026
2024-08,Niobrara-Codell,2.811,billion cubic feet per day,https://www.eia.gov/outlooks/steo/xls/chart-gallery.xlsx sheet 43; STEO September 2026
2024-08,Woodford,2.505,billion cubic feet per day,https://www.eia.gov/outlooks/steo/xls/chart-gallery.xlsx sheet 43; STEO September 2026
2024-08,Rest of U.S.,2.876,billion cubic feet per day,https://www.eia.gov/outlooks/steo/xls/chart-gallery.xlsx sheet 43; STEO September 2026
2024-09,Permian,20.021,billion cubic feet per day,https://www.eia.gov/outlooks/steo/xls/chart-gallery.xlsx sheet 43; STEO September 2026
2024-09,Haynesville,12.456,billion cubic feet per day,https://www.eia.gov/outlooks/steo/xls/chart-gallery.xlsx sheet 43; STEO September 2026
2024-09,Marcellus,25.518,billion cubic feet per day,https://www.eia.gov/outlooks/steo/xls/chart-gallery.xlsx sheet 43; STEO September 2026
2024-09,Utica,6.777,billion cubic feet per day,https://www.eia.gov/outlooks/steo/xls/chart-gallery.xlsx sheet 43; STEO September 2026
2024-09,Eagle Ford,4.19,billion cubic feet per day,https://www.eia.gov/outlooks/steo/xls/chart-gallery.xlsx sheet 43; STEO September 2026
2024-09,Bakken,2.737,billion cubic feet per day,https://www.eia.gov/outlooks/steo/xls/chart-gallery.xlsx sheet 43; STEO September 2026
2024-09,Barnett,1.635,billion cubic feet per day,https://www.eia.gov/outlooks/steo/xls/chart-gallery.xlsx sheet 43; STEO September 2026
2024-09,Fayetteville,0.805,billion cubic feet per day,https://www.eia.gov/outlooks/steo/xls/chart-gallery.xlsx sheet 43; STEO September 2026
2024-09,Mississippian,2.176,billion cubic feet per day,https://www.eia.gov/outlooks/steo/xls/chart-gallery.xlsx sheet 43; STEO September 2026
2024-09,Niobrara-Codell,2.792,billion cubic feet per day,https://www.eia.gov/outlooks/steo/xls/chart-gallery.xlsx sheet 43; STEO September 2026
2024-09,Woodford,2.523,billion cubic feet per day,https://www.eia.gov/outlooks/steo/xls/chart-gallery.xlsx sheet 43; STEO September 2026
2024-09,Rest of U.S.,2.867,billion cubic feet per day,https://www.eia.gov/outlooks/steo/xls/chart-gallery.xlsx sheet 43; STEO September 2026
2024-10,Permian,20.466,billion cubic feet per day,https://www.eia.gov/outlooks/steo/xls/chart-gallery.xlsx sheet 43; STEO September 2026
2024-10,Haynesville,12.281,billion cubic feet per day,https://www.eia.gov/outlooks/steo/xls/chart-gallery.xlsx sheet 43; STEO September 2026
2024-10,Marcellus,25.744,billion cubic feet per day,https://www.eia.gov/outlooks/steo/xls/chart-gallery.xlsx sheet 43; STEO September 2026
2024-10,Utica,6.571,billion cubic feet per day,https://www.eia.gov/outlooks/steo/xls/chart-gallery.xlsx sheet 43; STEO September 2026
2024-10,Eagle Ford,4.363,billion cubic feet per day,https://www.eia.gov/outlooks/steo/xls/chart-gallery.xlsx sheet 43; STEO September 2026
2024-10,Bakken,2.63,billion cubic feet per day,https://www.eia.gov/outlooks/steo/xls/chart-gallery.xlsx sheet 43; STEO September 2026
2024-10,Barnett,1.636,billion cubic feet per day,https://www.eia.gov/outlooks/steo/xls/chart-gallery.xlsx sheet 43; STEO September 2026
2024-10,Fayetteville,0.795,billion cubic feet per day,https://www.eia.gov/outlooks/steo/xls/chart-gallery.xlsx sheet 43; STEO September 2026
2024-10,Mississippian,2.19,billion cubic feet per day,https://www.eia.gov/outlooks/steo/xls/chart-gallery.xlsx sheet 43; STEO September 2026
2024-10,Niobrara-Codell,2.87,billion cubic feet per day,https://www.eia.gov/outlooks/steo/xls/chart-gallery.xlsx sheet 43; STEO September 2026
2024-10,Woodford,2.542,billion cubic feet per day,https://www.eia.gov/outlooks/steo/xls/chart-gallery.xlsx sheet 43; STEO September 2026
2024-10,Rest of U.S.,2.917,billion cubic feet per day,https://www.eia.gov/outlooks/steo/xls/chart-gallery.xlsx sheet 43; STEO September 2026
2024-11,Permian,20.351,billion cubic feet per day,https://www.eia.gov/outlooks/steo/xls/chart-gallery.xlsx sheet 43; STEO September 2026
2024-11,Haynesville,12.581,billion cubic feet per day,https://www.eia.gov/outlooks/steo/xls/chart-gallery.xlsx sheet 43; STEO September 2026
2024-11,Marcellus,25.831,billion cubic feet per day,https://www.eia.gov/outlooks/steo/xls/chart-gallery.xlsx sheet 43; STEO September 2026
2024-11,Utica,6.789,billion cubic feet per day,https://www.eia.gov/outlooks/steo/xls/chart-gallery.xlsx sheet 43; STEO September 2026
2024-11,Eagle Ford,4.261,billion cubic feet per day,https://www.eia.gov/outlooks/steo/xls/chart-gallery.xlsx sheet 43; STEO September 2026
2024-11,Bakken,2.68,billion cubic feet per day,https://www.eia.gov/outlooks/steo/xls/chart-gallery.xlsx sheet 43; STEO September 2026
2024-11,Barnett,1.631,billion cubic feet per day,https://www.eia.gov/outlooks/steo/xls/chart-gallery.xlsx sheet 43; STEO September 2026
2024-11,Fayetteville,0.796,billion cubic feet per day,https://www.eia.gov/outlooks/steo/xls/chart-gallery.xlsx sheet 43; STEO September 2026
2024-11,Mississippian,2.169,billion cubic feet per day,https://www.eia.gov/outlooks/steo/xls/chart-gallery.xlsx sheet 43; STEO September 2026
2024-11,Niobrara-Codell,2.945,billion cubic feet per day,https://www.eia.gov/outlooks/steo/xls/chart-gallery.xlsx sheet 43; STEO September 2026
2024-11,Woodford,2.486,billion cubic feet per day,https://www.eia.gov/outlooks/steo/xls/chart-gallery.xlsx sheet 43; STEO September 2026
2024-11,Rest of U.S.,2.99,billion cubic feet per day,https://www.eia.gov/outlooks/steo/xls/chart-gallery.xlsx sheet 43; STEO September 2026
2024-12,Permian,20.512,billion cubic feet per day,https://www.eia.gov/outlooks/steo/xls/chart-gallery.xlsx sheet 43; STEO September 2026
2024-12,Haynesville,12.442,billion cubic feet per day,https://www.eia.gov/outlooks/steo/xls/chart-gallery.xlsx sheet 43; STEO September 2026
2024-12,Marcellus,27.071,billion cubic feet per day,https://www.eia.gov/outlooks/steo/xls/chart-gallery.xlsx sheet 43; STEO September 2026
2024-12,Utica,7.029,billion cubic feet per day,https://www.eia.gov/outlooks/steo/xls/chart-gallery.xlsx sheet 43; STEO September 2026
2024-12,Eagle Ford,4.139,billion cubic feet per day,https://www.eia.gov/outlooks/steo/xls/chart-gallery.xlsx sheet 43; STEO September 2026
2024-12,Bakken,2.612,billion cubic feet per day,https://www.eia.gov/outlooks/steo/xls/chart-gallery.xlsx sheet 43; STEO September 2026
2024-12,Barnett,1.634,billion cubic feet per day,https://www.eia.gov/outlooks/steo/xls/chart-gallery.xlsx sheet 43; STEO September 2026
2024-12,Fayetteville,0.784,billion cubic feet per day,https://www.eia.gov/outlooks/steo/xls/chart-gallery.xlsx sheet 43; STEO September 2026
2024-12,Mississippian,2.141,billion cubic feet per day,https://www.eia.gov/outlooks/steo/xls/chart-gallery.xlsx sheet 43; STEO September 2026
2024-12,Niobrara-Codell,2.992,billion cubic feet per day,https://www.eia.gov/outlooks/steo/xls/chart-gallery.xlsx sheet 43; STEO September 2026
2024-12,Woodford,2.34,billion cubic feet per day,https://www.eia.gov/outlooks/steo/xls/chart-gallery.xlsx sheet 43; STEO September 2026
2024-12,Rest of U.S.,3.191,billion cubic feet per day,https://www.eia.gov/outlooks/steo/xls/chart-gallery.xlsx sheet 43; STEO September 2026
2025-01,Permian,19.951,billion cubic feet per day,https://www.eia.gov/outlooks/steo/xls/chart-gallery.xlsx sheet 43; STEO September 2026
2025-01,Haynesville,12.565,billion cubic feet per day,https://www.eia.gov/outlooks/steo/xls/chart-gallery.xlsx sheet 43; STEO September 2026
2025-01,Marcellus,26.743,billion cubic feet per day,https://www.eia.gov/outlooks/steo/xls/chart-gallery.xlsx sheet 43; STEO September 2026
2025-01,Utica,6.507,billion cubic feet per day,https://www.eia.gov/outlooks/steo/xls/chart-gallery.xlsx sheet 43; STEO September 2026
2025-01,Eagle Ford,3.971,billion cubic feet per day,https://www.eia.gov/outlooks/steo/xls/chart-gallery.xlsx sheet 43; STEO September 2026
2025-01,Bakken,2.575,billion cubic feet per day,https://www.eia.gov/outlooks/steo/xls/chart-gallery.xlsx sheet 43; STEO September 2026
2025-01,Barnett,1.602,billion cubic feet per day,https://www.eia.gov/outlooks/steo/xls/chart-gallery.xlsx sheet 43; STEO September 2026
2025-01,Fayetteville,0.759,billion cubic feet per day,https://www.eia.gov/outlooks/steo/xls/chart-gallery.xlsx sheet 43; STEO September 2026
2025-01,Mississippian,2.113,billion cubic feet per day,https://www.eia.gov/outlooks/steo/xls/chart-gallery.xlsx sheet 43; STEO September 2026
2025-01,Niobrara-Codell,2.814,billion cubic feet per day,https://www.eia.gov/outlooks/steo/xls/chart-gallery.xlsx sheet 43; STEO September 2026
2025-01,Woodford,2.435,billion cubic feet per day,https://www.eia.gov/outlooks/steo/xls/chart-gallery.xlsx sheet 43; STEO September 2026
2025-01,Rest of U.S.,3.251,billion cubic feet per day,https://www.eia.gov/outlooks/steo/xls/chart-gallery.xlsx sheet 43; STEO September 2026
2025-02,Permian,20.353,billion cubic feet per day,https://www.eia.gov/outlooks/steo/xls/chart-gallery.xlsx sheet 43; STEO September 2026
2025-02,Haynesville,12.755,billion cubic feet per day,https://www.eia.gov/outlooks/steo/xls/chart-gallery.xlsx sheet 43; STEO September 2026
2025-02,Marcellus,27.181,billion cubic feet per day,https://www.eia.gov/outlooks/steo/xls/chart-gallery.xlsx sheet 43; STEO September 2026
2025-02,Utica,6.589,billion cubic feet per day,https://www.eia.gov/outlooks/steo/xls/chart-gallery.xlsx sheet 43; STEO September 2026
2025-02,Eagle Ford,4.119,billion cubic feet per day,https://www.eia.gov/outlooks/steo/xls/chart-gallery.xlsx sheet 43; STEO September 2026
2025-02,Bakken,2.529,billion cubic feet per day,https://www.eia.gov/outlooks/steo/xls/chart-gallery.xlsx sheet 43; STEO September 2026
2025-02,Barnett,1.595,billion cubic feet per day,https://www.eia.gov/outlooks/steo/xls/chart-gallery.xlsx sheet 43; STEO September 2026
2025-02,Fayetteville,0.751,billion cubic feet per day,https://www.eia.gov/outlooks/steo/xls/chart-gallery.xlsx sheet 43; STEO September 2026
2025-02,Mississippian,2.1,billion cubic feet per day,https://www.eia.gov/outlooks/steo/xls/chart-gallery.xlsx sheet 43; STEO September 2026
2025-02,Niobrara-Codell,2.818,billion cubic feet per day,https://www.eia.gov/outlooks/steo/xls/chart-gallery.xlsx sheet 43; STEO September 2026
2025-02,Woodford,2.505,billion cubic feet per day,https://www.eia.gov/outlooks/steo/xls/chart-gallery.xlsx sheet 43; STEO September 2026
2025-02,Rest of U.S.,3.289,billion cubic feet per day,https://www.eia.gov/outlooks/steo/xls/chart-gallery.xlsx sheet 43; STEO September 2026
2025-03,Permian,20.862,billion cubic feet per day,https://www.eia.gov/outlooks/steo/xls/chart-gallery.xlsx sheet 43; STEO September 2026
2025-03,Haynesville,13.043,billion cubic feet per day,https://www.eia.gov/outlooks/steo/xls/chart-gallery.xlsx sheet 43; STEO September 2026
2025-03,Marcellus,26.971,billion cubic feet per day,https://www.eia.gov/outlooks/steo/xls/chart-gallery.xlsx sheet 43; STEO September 2026
2025-03,Utica,6.692,billion cubic feet per day,https://www.eia.gov/outlooks/steo/xls/chart-gallery.xlsx sheet 43; STEO September 2026
2025-03,Eagle Ford,4.168,billion cubic feet per day,https://www.eia.gov/outlooks/steo/xls/chart-gallery.xlsx sheet 43; STEO September 2026
2025-03,Bakken,2.659,billion cubic feet per day,https://www.eia.gov/outlooks/steo/xls/chart-gallery.xlsx sheet 43; STEO September 2026
2025-03,Barnett,1.612,billion cubic feet per day,https://www.eia.gov/outlooks/steo/xls/chart-gallery.xlsx sheet 43; STEO September 2026
2025-03,Fayetteville,0.765,billion cubic feet per day,https://www.eia.gov/outlooks/steo/xls/chart-gallery.xlsx sheet 43; STEO September 2026
2025-03,Mississippian,2.176,billion cubic feet per day,https://www.eia.gov/outlooks/steo/xls/chart-gallery.xlsx sheet 43; STEO September 2026
2025-03,Niobrara-Codell,2.903,billion cubic feet per day,https://www.eia.gov/outlooks/steo/xls/chart-gallery.xlsx sheet 43; STEO September 2026
2025-03,Woodford,2.564,billion cubic feet per day,https://www.eia.gov/outlooks/steo/xls/chart-gallery.xlsx sheet 43; STEO September 2026
2025-03,Rest of U.S.,3.272,billion cubic feet per day,https://www.eia.gov/outlooks/steo/xls/chart-gallery.xlsx sheet 43; STEO September 2026
2025-04,Permian,20.925,billion cubic feet per day,https://www.eia.gov/outlooks/steo/xls/chart-gallery.xlsx sheet 43; STEO September 2026
2025-04,Haynesville,13.137,billion cubic feet per day,https://www.eia.gov/outlooks/steo/xls/chart-gallery.xlsx sheet 43; STEO September 2026
2025-04,Marcellus,27.151,billion cubic feet per day,https://www.eia.gov/outlooks/steo/xls/chart-gallery.xlsx sheet 43; STEO September 2026
2025-04,Utica,6.372,billion cubic feet per day,https://www.eia.gov/outlooks/steo/xls/chart-gallery.xlsx sheet 43; STEO September 2026
2025-04,Eagle Ford,4.258,billion cubic feet per day,https://www.eia.gov/outlooks/steo/xls/chart-gallery.xlsx sheet 43; STEO September 2026
2025-04,Bakken,2.684,billion cubic feet per day,https://www.eia.gov/outlooks/steo/xls/chart-gallery.xlsx sheet 43; STEO September 2026
2025-04,Barnett,1.625,billion cubic feet per day,https://www.eia.gov/outlooks/steo/xls/chart-gallery.xlsx sheet 43; STEO September 2026
2025-04,Fayetteville,0.758,billion cubic feet per day,https://www.eia.gov/outlooks/steo/xls/chart-gallery.xlsx sheet 43; STEO September 2026
2025-04,Mississippian,2.244,billion cubic feet per day,https://www.eia.gov/outlooks/steo/xls/chart-gallery.xlsx sheet 43; STEO September 2026
2025-04,Niobrara-Codell,2.849,billion cubic feet per day,https://www.eia.gov/outlooks/steo/xls/chart-gallery.xlsx sheet 43; STEO September 2026
2025-04,Woodford,2.596,billion cubic feet per day,https://www.eia.gov/outlooks/steo/xls/chart-gallery.xlsx sheet 43; STEO September 2026
2025-04,Rest of U.S.,3.301,billion cubic feet per day,https://www.eia.gov/outlooks/steo/xls/chart-gallery.xlsx sheet 43; STEO September 2026
2025-05,Permian,21.471,billion cubic feet per day,https://www.eia.gov/outlooks/steo/xls/chart-gallery.xlsx sheet 43; STEO September 2026
2025-05,Haynesville,12.951,billion cubic feet per day,https://www.eia.gov/outlooks/steo/xls/chart-gallery.xlsx sheet 43; STEO September 2026
2025-05,Marcellus,27.369,billion cubic feet per day,https://www.eia.gov/outlooks/steo/xls/chart-gallery.xlsx sheet 43; STEO September 2026
2025-05,Utica,6.697,billion cubic feet per day,https://www.eia.gov/outlooks/steo/xls/chart-gallery.xlsx sheet 43; STEO September 2026
2025-05,Eagle Ford,4.41,billion cubic feet per day,https://www.eia.gov/outlooks/steo/xls/chart-gallery.xlsx sheet 43; STEO September 2026
2025-05,Bakken,2.608,billion cubic feet per day,https://www.eia.gov/outlooks/steo/xls/chart-gallery.xlsx sheet 43; STEO September 2026
2025-05,Barnett,1.636,billion cubic feet per day,https://www.eia.gov/outlooks/steo/xls/chart-gallery.xlsx sheet 43; STEO September 2026
2025-05,Fayetteville,0.756,billion cubic feet per day,https://www.eia.gov/outlooks/steo/xls/chart-gallery.xlsx sheet 43; STEO September 2026
2025-05,Mississippian,2.232,billion cubic feet per day,https://www.eia.gov/outlooks/steo/xls/chart-gallery.xlsx sheet 43; STEO September 2026
2025-05,Niobrara-Codell,2.856,billion cubic feet per day,https://www.eia.gov/outlooks/steo/xls/chart-gallery.xlsx sheet 43; STEO September 2026
2025-05,Woodford,2.633,billion cubic feet per day,https://www.eia.gov/outlooks/steo/xls/chart-gallery.xlsx sheet 43; STEO September 2026
2025-05,Rest of U.S.,3.258,billion cubic feet per day,https://www.eia.gov/outlooks/steo/xls/chart-gallery.xlsx sheet 43; STEO September 2026
2025-06,Permian,21.516,billion cubic feet per day,https://www.eia.gov/outlooks/steo/xls/chart-gallery.xlsx sheet 43; STEO September 2026
2025-06,Haynesville,12.769,billion cubic feet per day,https://www.eia.gov/outlooks/steo/xls/chart-gallery.xlsx sheet 43; STEO September 2026
2025-06,Marcellus,27.267,billion cubic feet per day,https://www.eia.gov/outlooks/steo/xls/chart-gallery.xlsx sheet 43; STEO September 2026
2025-06,Utica,6.836,billion cubic feet per day,https://www.eia.gov/outlooks/steo/xls/chart-gallery.xlsx sheet 43; STEO September 2026
2025-06,Eagle Ford,4.454,billion cubic feet per day,https://www.eia.gov/outlooks/steo/xls/chart-gallery.xlsx sheet 43; STEO September 2026
2025-06,Bakken,2.691,billion cubic feet per day,https://www.eia.gov/outlooks/steo/xls/chart-gallery.xlsx sheet 43; STEO September 2026
2025-06,Barnett,1.638,billion cubic feet per day,https://www.eia.gov/outlooks/steo/xls/chart-gallery.xlsx sheet 43; STEO September 2026
2025-06,Fayetteville,0.749,billion cubic feet per day,https://www.eia.gov/outlooks/steo/xls/chart-gallery.xlsx sheet 43; STEO September 2026
2025-06,Mississippian,2.315,billion cubic feet per day,https://www.eia.gov/outlooks/steo/xls/chart-gallery.xlsx sheet 43; STEO September 2026
2025-06,Niobrara-Codell,2.754,billion cubic feet per day,https://www.eia.gov/outlooks/steo/xls/chart-gallery.xlsx sheet 43; STEO September 2026
2025-06,Woodford,2.618,billion cubic feet per day,https://www.eia.gov/outlooks/steo/xls/chart-gallery.xlsx sheet 43; STEO September 2026
2025-06,Rest of U.S.,3.272,billion cubic feet per day,https://www.eia.gov/outlooks/steo/xls/chart-gallery.xlsx sheet 43; STEO September 2026
2025-07,Permian,22.087,billion cubic feet per day,https://www.eia.gov/outlooks/steo/xls/chart-gallery.xlsx sheet 43; STEO September 2026
2025-07,Haynesville,13.152,billion cubic feet per day,https://www.eia.gov/outlooks/steo/xls/chart-gallery.xlsx sheet 43; STEO September 2026
2025-07,Marcellus,26.849,billion cubic feet per day,https://www.eia.gov/outlooks/steo/xls/chart-gallery.xlsx sheet 43; STEO September 2026
2025-07,Utica,6.778,billion cubic feet per day,https://www.eia.gov/outlooks/steo/xls/chart-gallery.xlsx sheet 43; STEO September 2026
2025-07,Eagle Ford,4.405,billion cubic feet per day,https://www.eia.gov/outlooks/steo/xls/chart-gallery.xlsx sheet 43; STEO September 2026
2025-07,Bakken,2.76,billion cubic feet per day,https://www.eia.gov/outlooks/steo/xls/chart-gallery.xlsx sheet 43; STEO September 2026
2025-07,Barnett,1.633,billion cubic feet per day,https://www.eia.gov/outlooks/steo/xls/chart-gallery.xlsx sheet 43; STEO September 2026
2025-07,Fayetteville,0.746,billion cubic feet per day,https://www.eia.gov/outlooks/steo/xls/chart-gallery.xlsx sheet 43; STEO September 2026
2025-07,Mississippian,2.255,billion cubic feet per day,https://www.eia.gov/outlooks/steo/xls/chart-gallery.xlsx sheet 43; STEO September 2026
2025-07,Niobrara-Codell,2.849,billion cubic feet per day,https://www.eia.gov/outlooks/steo/xls/chart-gallery.xlsx sheet 43; STEO September 2026
2025-07,Woodford,2.659,billion cubic feet per day,https://www.eia.gov/outlooks/steo/xls/chart-gallery.xlsx sheet 43; STEO September 2026
2025-07,Rest of U.S.,3.345,billion cubic feet per day,https://www.eia.gov/outlooks/steo/xls/chart-gallery.xlsx sheet 43; STEO September 2026
2025-08,Permian,22.305,billion cubic feet per day,https://www.eia.gov/outlooks/steo/xls/chart-gallery.xlsx sheet 43; STEO September 2026
2025-08,Haynesville,13.509,billion cubic feet per day,https://www.eia.gov/outlooks/steo/xls/chart-gallery.xlsx sheet 43; STEO September 2026
2025-08,Marcellus,26.774,billion cubic feet per day,https://www.eia.gov/outlooks/steo/xls/chart-gallery.xlsx sheet 43; STEO September 2026
2025-08,Utica,6.993,billion cubic feet per day,https://www.eia.gov/outlooks/steo/xls/chart-gallery.xlsx sheet 43; STEO September 2026
2025-08,Eagle Ford,4.361,billion cubic feet per day,https://www.eia.gov/outlooks/steo/xls/chart-gallery.xlsx sheet 43; STEO September 2026
2025-08,Bakken,2.75,billion cubic feet per day,https://www.eia.gov/outlooks/steo/xls/chart-gallery.xlsx sheet 43; STEO September 2026
2025-08,Barnett,1.635,billion cubic feet per day,https://www.eia.gov/outlooks/steo/xls/chart-gallery.xlsx sheet 43; STEO September 2026
2025-08,Fayetteville,0.749,billion cubic feet per day,https://www.eia.gov/outlooks/steo/xls/chart-gallery.xlsx sheet 43; STEO September 2026
2025-08,Mississippian,2.239,billion cubic feet per day,https://www.eia.gov/outlooks/steo/xls/chart-gallery.xlsx sheet 43; STEO September 2026
2025-08,Niobrara-Codell,2.877,billion cubic feet per day,https://www.eia.gov/outlooks/steo/xls/chart-gallery.xlsx sheet 43; STEO September 2026
2025-08,Woodford,2.59,billion cubic feet per day,https://www.eia.gov/outlooks/steo/xls/chart-gallery.xlsx sheet 43; STEO September 2026
2025-08,Rest of U.S.,3.584,billion cubic feet per day,https://www.eia.gov/outlooks/steo/xls/chart-gallery.xlsx sheet 43; STEO September 2026
2025-09,Permian,22.375,billion cubic feet per day,https://www.eia.gov/outlooks/steo/xls/chart-gallery.xlsx sheet 43; STEO September 2026
2025-09,Haynesville,13.392,billion cubic feet per day,https://www.eia.gov/outlooks/steo/xls/chart-gallery.xlsx sheet 43; STEO September 2026
2025-09,Marcellus,26.485,billion cubic feet per day,https://www.eia.gov/outlooks/steo/xls/chart-gallery.xlsx sheet 43; STEO September 2026
2025-09,Utica,7.091,billion cubic feet per day,https://www.eia.gov/outlooks/steo/xls/chart-gallery.xlsx sheet 43; STEO September 2026
2025-09,Eagle Ford,4.297,billion cubic feet per day,https://www.eia.gov/outlooks/steo/xls/chart-gallery.xlsx sheet 43; STEO September 2026
2025-09,Bakken,2.773,billion cubic feet per day,https://www.eia.gov/outlooks/steo/xls/chart-gallery.xlsx sheet 43; STEO September 2026
2025-09,Barnett,1.637,billion cubic feet per day,https://www.eia.gov/outlooks/steo/xls/chart-gallery.xlsx sheet 43; STEO September 2026
2025-09,Fayetteville,0.765,billion cubic feet per day,https://www.eia.gov/outlooks/steo/xls/chart-gallery.xlsx sheet 43; STEO September 2026
2025-09,Mississippian,2.211,billion cubic feet per day,https://www.eia.gov/outlooks/steo/xls/chart-gallery.xlsx sheet 43; STEO September 2026
2025-09,Niobrara-Codell,2.886,billion cubic feet per day,https://www.eia.gov/outlooks/steo/xls/chart-gallery.xlsx sheet 43; STEO September 2026
2025-09,Woodford,2.636,billion cubic feet per day,https://www.eia.gov/outlooks/steo/xls/chart-gallery.xlsx sheet 43; STEO September 2026
2025-09,Rest of U.S.,3.64,billion cubic feet per day,https://www.eia.gov/outlooks/steo/xls/chart-gallery.xlsx sheet 43; STEO September 2026
2025-10,Permian,21.639,billion cubic feet per day,https://www.eia.gov/outlooks/steo/xls/chart-gallery.xlsx sheet 43; STEO September 2026
2025-10,Haynesville,13.584,billion cubic feet per day,https://www.eia.gov/outlooks/steo/xls/chart-gallery.xlsx sheet 43; STEO September 2026
2025-10,Marcellus,25.732,billion cubic feet per day,https://www.eia.gov/outlooks/steo/xls/chart-gallery.xlsx sheet 43; STEO September 2026
2025-10,Utica,6.974,billion cubic feet per day,https://www.eia.gov/outlooks/steo/xls/chart-gallery.xlsx sheet 43; STEO September 2026
2025-10,Eagle Ford,4.277,billion cubic feet per day,https://www.eia.gov/outlooks/steo/xls/chart-gallery.xlsx sheet 43; STEO September 2026
2025-10,Bakken,2.759,billion cubic feet per day,https://www.eia.gov/outlooks/steo/xls/chart-gallery.xlsx sheet 43; STEO September 2026
2025-10,Barnett,1.62,billion cubic feet per day,https://www.eia.gov/outlooks/steo/xls/chart-gallery.xlsx sheet 43; STEO September 2026
2025-10,Fayetteville,0.77,billion cubic feet per day,https://www.eia.gov/outlooks/steo/xls/chart-gallery.xlsx sheet 43; STEO September 2026
2025-10,Mississippian,2.187,billion cubic feet per day,https://www.eia.gov/outlooks/steo/xls/chart-gallery.xlsx sheet 43; STEO September 2026
2025-10,Niobrara-Codell,2.91,billion cubic feet per day,https://www.eia.gov/outlooks/steo/xls/chart-gallery.xlsx sheet 43; STEO September 2026
2025-10,Woodford,2.652,billion cubic feet per day,https://www.eia.gov/outlooks/steo/xls/chart-gallery.xlsx sheet 43; STEO September 2026
2025-10,Rest of U.S.,3.692,billion cubic feet per day,https://www.eia.gov/outlooks/steo/xls/chart-gallery.xlsx sheet 43; STEO September 2026
2025-11,Permian,22.329,billion cubic feet per day,https://www.eia.gov/outlooks/steo/xls/chart-gallery.xlsx sheet 43; STEO September 2026
2025-11,Haynesville,13.912,billion cubic feet per day,https://www.eia.gov/outlooks/steo/xls/chart-gallery.xlsx sheet 43; STEO September 2026
2025-11,Marcellus,26.808,billion cubic feet per day,https://www.eia.gov/outlooks/steo/xls/chart-gallery.xlsx sheet 43; STEO September 2026
2025-11,Utica,7.138,billion cubic feet per day,https://www.eia.gov/outlooks/steo/xls/chart-gallery.xlsx sheet 43; STEO September 2026
2025-11,Eagle Ford,4.27,billion cubic feet per day,https://www.eia.gov/outlooks/steo/xls/chart-gallery.xlsx sheet 43; STEO September 2026
2025-11,Bakken,2.748,billion cubic feet per day,https://www.eia.gov/outlooks/steo/xls/chart-gallery.xlsx sheet 43; STEO September 2026
2025-11,Barnett,1.597,billion cubic feet per day,https://www.eia.gov/outlooks/steo/xls/chart-gallery.xlsx sheet 43; STEO September 2026
2025-11,Fayetteville,0.763,billion cubic feet per day,https://www.eia.gov/outlooks/steo/xls/chart-gallery.xlsx sheet 43; STEO September 2026
2025-11,Mississippian,2.233,billion cubic feet per day,https://www.eia.gov/outlooks/steo/xls/chart-gallery.xlsx sheet 43; STEO September 2026
2025-11,Niobrara-Codell,2.87,billion cubic feet per day,https://www.eia.gov/outlooks/steo/xls/chart-gallery.xlsx sheet 43; STEO September 2026
2025-11,Woodford,2.57,billion cubic feet per day,https://www.eia.gov/outlooks/steo/xls/chart-gallery.xlsx sheet 43; STEO September 2026
2025-11,Rest of U.S.,3.832,billion cubic feet per day,https://www.eia.gov/outlooks/steo/xls/chart-gallery.xlsx sheet 43; STEO September 2026
2025-12,Permian,22.509,billion cubic feet per day,https://www.eia.gov/outlooks/steo/xls/chart-gallery.xlsx sheet 43; STEO September 2026
2025-12,Haynesville,14.041,billion cubic feet per day,https://www.eia.gov/outlooks/steo/xls/chart-gallery.xlsx sheet 43; STEO September 2026
2025-12,Marcellus,27.038,billion cubic feet per day,https://www.eia.gov/outlooks/steo/xls/chart-gallery.xlsx sheet 43; STEO September 2026
2025-12,Utica,7.211,billion cubic feet per day,https://www.eia.gov/outlooks/steo/xls/chart-gallery.xlsx sheet 43; STEO September 2026
2025-12,Eagle Ford,4.179,billion cubic feet per day,https://www.eia.gov/outlooks/steo/xls/chart-gallery.xlsx sheet 43; STEO September 2026
2025-12,Bakken,2.594,billion cubic feet per day,https://www.eia.gov/outlooks/steo/xls/chart-gallery.xlsx sheet 43; STEO September 2026
2025-12,Barnett,1.577,billion cubic feet per day,https://www.eia.gov/outlooks/steo/xls/chart-gallery.xlsx sheet 43; STEO September 2026
2025-12,Fayetteville,0.779,billion cubic feet per day,https://www.eia.gov/outlooks/steo/xls/chart-gallery.xlsx sheet 43; STEO September 2026
2025-12,Mississippian,2.362,billion cubic feet per day,https://www.eia.gov/outlooks/steo/xls/chart-gallery.xlsx sheet 43; STEO September 2026
2025-12,Niobrara-Codell,2.919,billion cubic feet per day,https://www.eia.gov/outlooks/steo/xls/chart-gallery.xlsx sheet 43; STEO September 2026
2025-12,Woodford,2.665,billion cubic feet per day,https://www.eia.gov/outlooks/steo/xls/chart-gallery.xlsx sheet 43; STEO September 2026
2025-12,Rest of U.S.,3.987,billion cubic feet per day,https://www.eia.gov/outlooks/steo/xls/chart-gallery.xlsx sheet 43; STEO September 2026
2026-01,Permian,21.443,billion cubic feet per day,https://www.eia.gov/outlooks/steo/xls/chart-gallery.xlsx sheet 43; STEO September 2026
2026-01,Haynesville,13.419,billion cubic feet per day,https://www.eia.gov/outlooks/steo/xls/chart-gallery.xlsx sheet 43; STEO September 2026
2026-01,Marcellus,26.171,billion cubic feet per day,https://www.eia.gov/outlooks/steo/xls/chart-gallery.xlsx sheet 43; STEO September 2026
2026-01,Utica,6.682,billion cubic feet per day,https://www.eia.gov/outlooks/steo/xls/chart-gallery.xlsx sheet 43; STEO September 2026
2026-01,Eagle Ford,4.182,billion cubic feet per day,https://www.eia.gov/outlooks/steo/xls/chart-gallery.xlsx sheet 43; STEO September 2026
2026-01,Bakken,2.574,billion cubic feet per day,https://www.eia.gov/outlooks/steo/xls/chart-gallery.xlsx sheet 43; STEO September 2026
2026-01,Barnett,1.489,billion cubic feet per day,https://www.eia.gov/outlooks/steo/xls/chart-gallery.xlsx sheet 43; STEO September 2026
2026-01,Fayetteville,0.722,billion cubic feet per day,https://www.eia.gov/outlooks/steo/xls/chart-gallery.xlsx sheet 43; STEO September 2026
2026-01,Mississippian,2.414,billion cubic feet per day,https://www.eia.gov/outlooks/steo/xls/chart-gallery.xlsx sheet 43; STEO September 2026
2026-01,Niobrara-Codell,2.862,billion cubic feet per day,https://www.eia.gov/outlooks/steo/xls/chart-gallery.xlsx sheet 43; STEO September 2026
2026-01,Woodford,2.528,billion cubic feet per day,https://www.eia.gov/outlooks/steo/xls/chart-gallery.xlsx sheet 43; STEO September 2026
2026-01,Rest of U.S.,3.884,billion cubic feet per day,https://www.eia.gov/outlooks/steo/xls/chart-gallery.xlsx sheet 43; STEO September 2026
2026-02,Permian,22.603,billion cubic feet per day,https://www.eia.gov/outlooks/steo/xls/chart-gallery.xlsx sheet 43; STEO September 2026
2026-02,Haynesville,13.844,billion cubic feet per day,https://www.eia.gov/outlooks/steo/xls/chart-gallery.xlsx sheet 43; STEO September 2026
2026-02,Marcellus,26.412,billion cubic feet per day,https://www.eia.gov/outlooks/steo/xls/chart-gallery.xlsx sheet 43; STEO September 2026
2026-02,Utica,6.871,billion cubic feet per day,https://www.eia.gov/outlooks/steo/xls/chart-gallery.xlsx sheet 43; STEO September 2026
2026-02,Eagle Ford,4.279,billion cubic feet per day,https://www.eia.gov/outlooks/steo/xls/chart-gallery.xlsx sheet 43; STEO September 2026
2026-02,Bakken,2.631,billion cubic feet per day,https://www.eia.gov/outlooks/steo/xls/chart-gallery.xlsx sheet 43; STEO September 2026
2026-02,Barnett,1.516,billion cubic feet per day,https://www.eia.gov/outlooks/steo/xls/chart-gallery.xlsx sheet 43; STEO September 2026
2026-02,Fayetteville,0.732,billion cubic feet per day,https://www.eia.gov/outlooks/steo/xls/chart-gallery.xlsx sheet 43; STEO September 2026
2026-02,Mississippian,2.349,billion cubic feet per day,https://www.eia.gov/outlooks/steo/xls/chart-gallery.xlsx sheet 43; STEO September 2026
2026-02,Niobrara-Codell,2.914,billion cubic feet per day,https://www.eia.gov/outlooks/steo/xls/chart-gallery.xlsx sheet 43; STEO September 2026
2026-02,Woodford,2.54,billion cubic feet per day,https://www.eia.gov/outlooks/steo/xls/chart-gallery.xlsx sheet 43; STEO September 2026
2026-02,Rest of U.S.,3.808,billion cubic feet per day,https://www.eia.gov/outlooks/steo/xls/chart-gallery.xlsx sheet 43; STEO September 2026
2026-03,Permian,22.672,billion cubic feet per day,https://www.eia.gov/outlooks/steo/xls/chart-gallery.xlsx sheet 43; STEO September 2026
2026-03,Haynesville,14.012,billion cubic feet per day,https://www.eia.gov/outlooks/steo/xls/chart-gallery.xlsx sheet 43; STEO September 2026
2026-03,Marcellus,26.583,billion cubic feet per day,https://www.eia.gov/outlooks/steo/xls/chart-gallery.xlsx sheet 43; STEO September 2026
2026-03,Utica,6.982,billion cubic feet per day,https://www.eia.gov/outlooks/steo/xls/chart-gallery.xlsx sheet 43; STEO September 2026
2026-03,Eagle Ford,4.296,billion cubic feet per day,https://www.eia.gov/outlooks/steo/xls/chart-gallery.xlsx sheet 43; STEO September 2026
2026-03,Bakken,2.695,billion cubic feet per day,https://www.eia.gov/outlooks/steo/xls/chart-gallery.xlsx sheet 43; STEO September 2026
2026-03,Barnett,1.534,billion cubic feet per day,https://www.eia.gov/outlooks/steo/xls/chart-gallery.xlsx sheet 43; STEO September 2026
2026-03,Fayetteville,0.738,billion cubic feet per day,https://www.eia.gov/outlooks/steo/xls/chart-gallery.xlsx sheet 43; STEO September 2026
2026-03,Mississippian,2.299,billion cubic feet per day,https://www.eia.gov/outlooks/steo/xls/chart-gallery.xlsx sheet 43; STEO September 2026
2026-03,Niobrara-Codell,2.928,billion cubic feet per day,https://www.eia.gov/outlooks/steo/xls/chart-gallery.xlsx sheet 43; STEO September 2026
2026-03,Woodford,2.587,billion cubic feet per day,https://www.eia.gov/outlooks/steo/xls/chart-gallery.xlsx sheet 43; STEO September 2026
2026-03,Rest of U.S.,3.741,billion cubic feet per day,https://www.eia.gov/outlooks/steo/xls/chart-gallery.xlsx sheet 43; STEO September 2026
2026-04,Permian,22.906,billion cubic feet per day,https://www.eia.gov/outlooks/steo/xls/chart-gallery.xlsx sheet 43; STEO September 2026
2026-04,Haynesville,14.107,billion cubic feet per day,https://www.eia.gov/outlooks/steo/xls/chart-gallery.xlsx sheet 43; STEO September 2026
2026-04,Marcellus,26.681,billion cubic feet per day,https://www.eia.gov/outlooks/steo/xls/chart-gallery.xlsx sheet 43; STEO September 2026
2026-04,Utica,6.527,billion cubic feet per day,https://www.eia.gov/outlooks/steo/xls/chart-gallery.xlsx sheet 43; STEO September 2026
2026-04,Eagle Ford,4.339,billion cubic feet per day,https://www.eia.gov/outlooks/steo/xls/chart-gallery.xlsx sheet 43; STEO September 2026
2026-04,Bakken,2.724,billion cubic feet per day,https://www.eia.gov/outlooks/steo/xls/chart-gallery.xlsx sheet 43; STEO September 2026
2026-04,Barnett,1.546,billion cubic feet per day,https://www.eia.gov/outlooks/steo/xls/chart-gallery.xlsx sheet 43; STEO September 2026
2026-04,Fayetteville,0.732,billion cubic feet per day,https://www.eia.gov/outlooks/steo/xls/chart-gallery.xlsx sheet 43; STEO September 2026
2026-04,Mississippian,2.349,billion cubic feet per day,https://www.eia.gov/outlooks/steo/xls/chart-gallery.xlsx sheet 43; STEO September 2026
2026-04,Niobrara-Codell,2.936,billion cubic feet per day,https://www.eia.gov/outlooks/steo/xls/chart-gallery.xlsx sheet 43; STEO September 2026
2026-04,Woodford,2.635,billion cubic feet per day,https://www.eia.gov/outlooks/steo/xls/chart-gallery.xlsx sheet 43; STEO September 2026
2026-04,Rest of U.S.,3.731,billion cubic feet per day,https://www.eia.gov/outlooks/steo/xls/chart-gallery.xlsx sheet 43; STEO September 2026
2026-05,Permian,23.019,billion cubic feet per day,https://www.eia.gov/outlooks/steo/xls/chart-gallery.xlsx sheet 43; STEO September 2026
2026-05,Haynesville,13.92,billion cubic feet per day,https://www.eia.gov/outlooks/steo/xls/chart-gallery.xlsx sheet 43; STEO September 2026
2026-05,Marcellus,26.849,billion cubic feet per day,https://www.eia.gov/outlooks/steo/xls/chart-gallery.xlsx sheet 43; STEO September 2026
2026-05,Utica,6.767,billion cubic feet per day,https://www.eia.gov/outlooks/steo/xls/chart-gallery.xlsx sheet 43; STEO September 2026
2026-05,Eagle Ford,4.305,billion cubic feet per day,https://www.eia.gov/outlooks/steo/xls/chart-gallery.xlsx sheet 43; STEO September 2026
2026-05,Bakken,2.726,billion cubic feet per day,https://www.eia.gov/outlooks/steo/xls/chart-gallery.xlsx sheet 43; STEO September 2026
2026-05,Barnett,1.454,billion cubic feet per day,https://www.eia.gov/outlooks/steo/xls/chart-gallery.xlsx sheet 43; STEO September 2026
2026-05,Fayetteville,0.704,billion cubic feet per day,https://www.eia.gov/outlooks/steo/xls/chart-gallery.xlsx sheet 43; STEO September 2026
2026-05,Mississippian,2.361,billion cubic feet per day,https://www.eia.gov/outlooks/steo/xls/chart-gallery.xlsx sheet 43; STEO September 2026
2026-05,Niobrara-Codell,2.882,billion cubic feet per day,https://www.eia.gov/outlooks/steo/xls/chart-gallery.xlsx sheet 43; STEO September 2026
2026-05,Woodford,2.657,billion cubic feet per day,https://www.eia.gov/outlooks/steo/xls/chart-gallery.xlsx sheet 43; STEO September 2026
2026-05,Rest of U.S.,3.806,billion cubic feet per day,https://www.eia.gov/outlooks/steo/xls/chart-gallery.xlsx sheet 43; STEO September 2026
2026-06,Permian,23.134,billion cubic feet per day,https://www.eia.gov/outlooks/steo/xls/chart-gallery.xlsx sheet 43; STEO September 2026
2026-06,Haynesville,14.064,billion cubic feet per day,https://www.eia.gov/outlooks/steo/xls/chart-gallery.xlsx sheet 43; STEO September 2026
2026-06,Marcellus,27.241,billion cubic feet per day,https://www.eia.gov/outlooks/steo/xls/chart-gallery.xlsx sheet 43; STEO September 2026
2026-06,Utica,6.839,billion cubic feet per day,https://www.eia.gov/outlooks/steo/xls/chart-gallery.xlsx sheet 43; STEO September 2026
2026-06,Eagle Ford,4.305,billion cubic feet per day,https://www.eia.gov/outlooks/steo/xls/chart-gallery.xlsx sheet 43; STEO September 2026
2026-06,Bakken,2.763,billion cubic feet per day,https://www.eia.gov/outlooks/steo/xls/chart-gallery.xlsx sheet 43; STEO September 2026
2026-06,Barnett,1.494,billion cubic feet per day,https://www.eia.gov/outlooks/steo/xls/chart-gallery.xlsx sheet 43; STEO September 2026
2026-06,Fayetteville,0.686,billion cubic feet per day,https://www.eia.gov/outlooks/steo/xls/chart-gallery.xlsx sheet 43; STEO September 2026
2026-06,Mississippian,2.356,billion cubic feet per day,https://www.eia.gov/outlooks/steo/xls/chart-gallery.xlsx sheet 43; STEO September 2026
2026-06,Niobrara-Codell,2.882,billion cubic feet per day,https://www.eia.gov/outlooks/steo/xls/chart-gallery.xlsx sheet 43; STEO September 2026
2026-06,Woodford,2.629,billion cubic feet per day,https://www.eia.gov/outlooks/steo/xls/chart-gallery.xlsx sheet 43; STEO September 2026
2026-06,Rest of U.S.,3.717,billion cubic feet per day,https://www.eia.gov/outlooks/steo/xls/chart-gallery.xlsx sheet 43; STEO September 2026
2026-07,Permian,23.193,billion cubic feet per day,https://www.eia.gov/outlooks/steo/xls/chart-gallery.xlsx sheet 43; STEO September 2026
2026-07,Haynesville,14.121,billion cubic feet per day,https://www.eia.gov/outlooks/steo/xls/chart-gallery.xlsx sheet 43; STEO September 2026
2026-07,Marcellus,27.354,billion cubic feet per day,https://www.eia.gov/outlooks/steo/xls/chart-gallery.xlsx sheet 43; STEO September 2026
2026-07,Utica,6.635,billion cubic feet per day,https://www.eia.gov/outlooks/steo/xls/chart-gallery.xlsx sheet 43; STEO September 2026
2026-07,Eagle Ford,4.319,billion cubic feet per day,https://www.eia.gov/outlooks/steo/xls/chart-gallery.xlsx sheet 43; STEO September 2026
2026-07,Bakken,2.8,billion cubic feet per day,https://www.eia.gov/outlooks/steo/xls/chart-gallery.xlsx sheet 43; STEO September 2026
2026-07,Barnett,1.482,billion cubic feet per day,https://www.eia.gov/outlooks/steo/xls/chart-gallery.xlsx sheet 43; STEO September 2026
2026-07,Fayetteville,0.681,billion cubic feet per day,https://www.eia.gov/outlooks/steo/xls/chart-gallery.xlsx sheet 43; STEO September 2026
2026-07,Mississippian,2.341,billion cubic feet per day,https://www.eia.gov/outlooks/steo/xls/chart-gallery.xlsx sheet 43; STEO September 2026
2026-07,Niobrara-Codell,2.92,billion cubic feet per day,https://www.eia.gov/outlooks/steo/xls/chart-gallery.xlsx sheet 43; STEO September 2026
2026-07,Woodford,2.669,billion cubic feet per day,https://www.eia.gov/outlooks/steo/xls/chart-gallery.xlsx sheet 43; STEO September 2026
2026-07,Rest of U.S.,3.773,billion cubic feet per day,https://www.eia.gov/outlooks/steo/xls/chart-gallery.xlsx sheet 43; STEO September 2026
2026-08,Permian,23.251,billion cubic feet per day,https://www.eia.gov/outlooks/steo/xls/chart-gallery.xlsx sheet 43; STEO September 2026
2026-08,Haynesville,14.479,billion cubic feet per day,https://www.eia.gov/outlooks/steo/xls/chart-gallery.xlsx sheet 43; STEO September 2026
2026-08,Marcellus,27.126,billion cubic feet per day,https://www.eia.gov/outlooks/steo/xls/chart-gallery.xlsx sheet 43; STEO September 2026
2026-08,Utica,6.756,billion cubic feet per day,https://www.eia.gov/outlooks/steo/xls/chart-gallery.xlsx sheet 43; STEO September 2026
2026-08,Eagle Ford,4.304,billion cubic feet per day,https://www.eia.gov/outlooks/steo/xls/chart-gallery.xlsx sheet 43; STEO September 2026
2026-08,Bakken,2.848,billion cubic feet per day,https://www.eia.gov/outlooks/steo/xls/chart-gallery.xlsx sheet 43; STEO September 2026
2026-08,Barnett,1.475,billion cubic feet per day,https://www.eia.gov/outlooks/steo/xls/chart-gallery.xlsx sheet 43; STEO September 2026
2026-08,Fayetteville,0.679,billion cubic feet per day,https://www.eia.gov/outlooks/steo/xls/chart-gallery.xlsx sheet 43; STEO September 2026
2026-08,Mississippian,2.307,billion cubic feet per day,https://www.eia.gov/outlooks/steo/xls/chart-gallery.xlsx sheet 43; STEO September 2026
2026-08,Niobrara-Codell,2.941,billion cubic feet per day,https://www.eia.gov/outlooks/steo/xls/chart-gallery.xlsx sheet 43; STEO September 2026
2026-08,Woodford,2.62,billion cubic feet per day,https://www.eia.gov/outlooks/steo/xls/chart-gallery.xlsx sheet 43; STEO September 2026
2026-08,Rest of U.S.,3.907,billion cubic feet per day,https://www.eia.gov/outlooks/steo/xls/chart-gallery.xlsx sheet 43; STEO September 2026
