{"type": "FeatureCollection", "features": [{"type": "Feature", "geometry": {"type": "LineString", "coordinates": [[-96.69351, 31.09122], [-96.69128, 31.08975], [-96.68917, 31.09101], [-96.69342, 31.1031], [-96.69499, 31.10525], [-96.71055, 31.09736], [-96.75945, 31.09553], [-96.77452, 31.08777], [-96.80223, 31.07768], [-96.8359, 31.06001], [-96.83561, 31.05679], [-96.90583, 31.02073], [-96.93822, 31.03204], [-96.99302, 31.00401], [-96.99518, 31.00207], [-96.99644, 30.99016], [-97.01806, 30.97959], [-97.03009, 30.97333], [-97.06066, 30.96053], [-97.06902, 30.96274], [-97.0693, 30.96429], [-97.091, 30.97047], [-97.13518, 30.95989], [-97.17326, 30.9852], [-97.20019, 30.99454], [-97.20351, 30.99558], [-97.23061, 31.00068], [-97.24065, 31.00232], [-97.25443, 31.00256], [-97.2587, 31.00264]]}, "properties": {"owner": "ONCOR ELECTRIC DELIVERY CO.", "voltage_kv": 345.0}}, {"type": "Feature", "geometry": {"type": "LineString", "coordinates": [[-96.69356, 31.09129], [-96.69126, 31.08996], [-96.68897, 31.09095], [-96.69342, 31.1031], [-96.69495, 31.10544], [-96.71055, 31.09736], [-96.75945, 31.09553], [-96.77452, 31.08777], [-96.79182, 31.08147], [-96.80223, 31.07768], [-96.83611, 31.06009], [-96.83561, 31.05679], [-96.85654, 31.04593], [-96.88103, 31.0335], [-96.89343, 31.02726], [-96.90277, 31.02237], [-96.90583, 31.02073], [-96.92535, 31.02753], [-96.93822, 31.03204], [-96.95612, 31.02308], [-96.96518, 31.01852], [-96.9742, 31.01379], [-96.99302, 31.00401], [-96.99518, 31.00207], [-96.99644, 30.99016], [-97.0059, 30.98612], [-97.00914, 30.98435], [-97.05517, 30.9628], [-97.06066, 30.96053], [-97.06902, 30.96274], [-97.0693, 30.96429], [-97.091, 30.97047], [-97.13518, 30.95989], [-97.17326, 30.9852], [-97.20681, 30.9966], [-97.21321, 30.99772], [-97.227, 31.00006], [-97.24065, 31.00232], [-97.25099, 31.00251], [-97.25443, 31.00256], [-97.2587, 31.00264]]}, "properties": {"owner": "ONCOR ELECTRIC DELIVERY CO.", "voltage_kv": 345.0}}, {"type": "Feature", "geometry": {"type": "LineString", "coordinates": [[-97.30778, 31.07908], [-97.30754, 31.07823], [-97.30824, 31.0754], [-97.30682, 31.07293], [-97.30499, 31.07025], [-97.30318, 31.06758], [-97.30113, 31.06463], [-97.29923, 31.06185], [-97.29878, 31.06119], [-97.29745, 31.05922], [-97.2958, 31.05683], [-97.29406, 31.05429], [-97.29197, 31.0512], [-97.29022, 31.04864], [-97.2884, 31.04599], [-97.28645, 31.04317], [-97.28472, 31.04065], [-97.28266, 31.03764], [-97.28083, 31.03497], [-97.27887, 31.0321], [-97.277, 31.02937], [-97.27519, 31.02671], [-97.27322, 31.02385], [-97.27144, 31.02123], [-97.26967, 31.01864], [-97.26772, 31.01581], [-97.26582, 31.01304], [-97.26382, 31.0101], [-97.26199, 31.00744], [-97.26131, 31.00645], [-97.26009, 31.00467], [-97.25887, 31.00288], [-97.25647, 30.99935], [-97.25465, 30.99668], [-97.2527, 30.99384], [-97.25076, 30.99101], [-97.24876, 30.98811], [-97.2469, 30.98535], [-97.24503, 30.98262], [-97.24319, 30.97995], [-97.24131, 30.97718], [-97.2394, 30.9744], [-97.23743, 30.97152], [-97.23563, 30.96886], [-97.23365, 30.96596], [-97.23176, 30.9632], [-97.22978, 30.96029], [-97.22811, 30.95786], [-97.22636, 30.95528], [-97.2246, 30.9527], [-97.22245, 30.94959], [-97.22071, 30.94703], [-97.21864, 30.944], [-97.21709, 30.94171], [-97.21494, 30.93858], [-97.21321, 30.93603], [-97.2115, 30.93354], [-97.20933, 30.93034], [-97.20766, 30.9279], [-97.20545, 30.92468], [-97.20377, 30.92221], [-97.20219, 30.91988], [-97.20041, 30.9173], [-97.19834, 30.91426], [-97.19666, 30.9118], [-97.19495, 30.9093], [-97.19297, 30.9064], [-97.1913, 30.9039], [-97.18988, 30.90129], [-97.18872, 30.89859], [-97.18753, 30.89569], [-97.18616, 30.89239], [-97.18496, 30.88948], [-97.18377, 30.88661], [-97.18267, 30.88397], [-97.18127, 30.88057], [-97.18012, 30.87777], [-97.17885, 30.87472], [-97.17756, 30.87159], [-97.17629, 30.86854], [-97.17501, 30.86543], [-97.17375, 30.86242], [-97.17262, 30.85966], [-97.17122, 30.85631], [-97.1701, 30.85361], [-97.16878, 30.85037], [-97.16748, 30.84724], [-97.16622, 30.84422], [-97.16515, 30.84161], [-97.16385, 30.83848], [-97.16261, 30.83546], [-97.16144, 30.83262], [-97.16018, 30.8296], [-97.15894, 30.82661], [-97.1577, 30.82359], [-97.15643, 30.82053], [-97.15517, 30.8175], [-97.15386, 30.81432], [-97.1526, 30.81132], [-97.15137, 30.80832], [-97.15013, 30.80535], [-97.14888, 30.80227], [-97.14756, 30.79913], [-97.14633, 30.79615], [-97.14508, 30.79313], [-97.1438, 30.79001], [-97.14252, 30.78693], [-97.14128, 30.78394], [-97.14006, 30.78099], [-97.13881, 30.77798], [-97.1376, 30.77504], [-97.13635, 30.77201], [-97.13514, 30.76911], [-97.13386, 30.766], [-97.13263, 30.76303], [-97.13137, 30.76], [-97.13012, 30.75694], [-97.12902, 30.75432], [-97.12796, 30.75175], [-97.12692, 30.75002], [-97.12668, 30.74892], [-97.12608, 30.74748], [-97.1256, 30.7464], [-97.12505, 30.74499], [-97.12451, 30.74377], [-97.12392, 30.74221], [-97.1235, 30.74109], [-97.12291, 30.73962], [-97.12265, 30.73833], [-97.12222, 30.73687], [-97.12184, 30.73571], [-97.12144, 30.73421], [-97.12099, 30.73277], [-97.12065, 30.73148], [-97.12019, 30.72989], [-97.11984, 30.72868], [-97.11948, 30.7274], [-97.11927, 30.72666], [-97.1191, 30.72606], [-97.11867, 30.72459], [-97.11831, 30.72334], [-97.11786, 30.72178], [-97.11747, 30.72042], [-97.11703, 30.71888], [-97.11658, 30.7173], [-97.11622, 30.71605], [-97.11574, 30.71435], [-97.11536, 30.71304], [-97.11486, 30.7113], [-97.11457, 30.71031], [-97.11426, 30.70924], [-97.11384, 30.70791], [-97.11342, 30.70632], [-97.11297, 30.70474], [-97.11261, 30.70348], [-97.11229, 30.70234], [-97.11201, 30.70136], [-97.11156, 30.6998], [-97.11112, 30.69836], [-97.11083, 30.69726], [-97.11038, 30.69568], [-97.11001, 30.6944], [-97.10967, 30.6932], [-97.10937, 30.69215], [-97.10897, 30.69076], [-97.10851, 30.6893], [-97.1082, 30.68812], [-97.1078, 30.6867], [-97.1075, 30.68567], [-97.107, 30.68391], [-97.10663, 30.68264], [-97.10615, 30.68098], [-97.1058, 30.67974], [-97.10539, 30.67833], [-97.10494, 30.67683], [-97.10456, 30.67541], [-97.1041, 30.67382], [-97.10384, 30.67289], [-97.10346, 30.67156], [-97.10326, 30.67087], [-97.10304, 30.6701], [-97.10262, 30.66863], [-97.10228, 30.66745], [-97.10177, 30.66569], [-97.10136, 30.66438], [-97.10092, 30.66272], [-97.10048, 30.66128], [-97.10002, 30.65956], [-97.09963, 30.65838], [-97.0994, 30.65744], [-97.09906, 30.65626], [-97.09874, 30.65514], [-97.09837, 30.65387], [-97.09789, 30.6522], [-97.09749, 30.65101], [-97.09713, 30.6496], [-97.09691, 30.64884], [-97.09672, 30.64819], [-97.09634, 30.64691], [-97.09597, 30.64566], [-97.09563, 30.64448], [-97.09515, 30.64296], [-97.09479, 30.64161], [-97.09433, 30.64018], [-97.09397, 30.63885], [-97.09347, 30.63717], [-97.09313, 30.63604], [-97.09263, 30.63446], [-97.0923, 30.63323], [-97.09191, 30.6319], [-97.09168, 30.63111], [-97.09135, 30.62998], [-97.09086, 30.62832], [-97.0905, 30.62712], [-97.09011, 30.62579], [-97.08991, 30.62509], [-97.08969, 30.62437], [-97.08928, 30.62298], [-97.08888, 30.62163], [-97.08841, 30.62003], [-97.08798, 30.61865], [-97.08753, 30.61704], [-97.08723, 30.61603], [-97.08687, 30.61481], [-97.08644, 30.61337], [-97.08601, 30.6119], [-97.08554, 30.61033], [-97.08516, 30.60905], [-97.08482, 30.60791], [-97.08452, 30.60687], [-97.08414, 30.60557], [-97.0837, 30.60415], [-97.08346, 30.60325], [-97.0831, 30.60206], [-97.08271, 30.60073], [-97.08231, 30.59937], [-97.08188, 30.5979], [-97.08149, 30.59659], [-97.08105, 30.59509], [-97.08073, 30.59399], [-97.08035, 30.59272], [-97.08001, 30.59158], [-97.07953, 30.58993], [-97.07914, 30.58861], [-97.07874, 30.58726], [-97.07833, 30.58598], [-97.07795, 30.58459], [-97.07749, 30.58302], [-97.07719, 30.58203], [-97.07676, 30.58054], [-97.07636, 30.57918], [-97.07587, 30.57826], [-97.07594, 30.57757], [-97.07681, 30.57766]]}, "properties": {"owner": "ONCOR ELECTRIC DELIVERY CO.", "voltage_kv": 345.0}}, {"type": "Feature", "geometry": {"type": "LineString", "coordinates": [[-97.96141, 27.91896], [-97.98333, 27.96463], [-97.98117, 27.97856], [-98.02541, 28.09672], [-98.07606, 28.20173], [-98.12719, 28.28429], [-98.15831, 28.3292], [-98.19398, 28.40352]]}, "properties": {"owner": "NOT AVAILABLE", "voltage_kv": 230.0}}, {"type": "Feature", "geometry": {"type": "LineString", "coordinates": [[-97.10587, 29.67804], [-97.10545, 29.67828], [-97.09831, 29.67753], [-97.08015, 29.70243], [-97.07925, 29.70511], [-97.07196, 29.7263], [-97.06364, 29.75041], [-97.05309, 29.78105], [-97.04846, 29.79874], [-97.02585, 29.88599], [-97.02335, 29.9003], [-97.01234, 29.94262], [-97.01217, 29.94397], [-97.012, 29.94408]]}, "properties": {"owner": "BLUEBONNET ELECTRIC COOP, INC", "voltage_kv": 345.0}}, {"type": "Feature", "geometry": {"type": "LineString", "coordinates": [[-96.75519, 29.91829], [-96.75633, 29.91408], [-96.75618, 29.91356]]}, "properties": {"owner": "BLUEBONNET ELECTRIC COOP, INC", "voltage_kv": 345.0}}, {"type": "Feature", "geometry": {"type": "LineString", "coordinates": [[-97.06872, 30.56828], [-97.07772, 30.57831], [-97.08269, 30.57711], [-97.08305, 30.57702], [-97.0861, 30.57628], [-97.08883, 30.57561], [-97.09196, 30.57485], [-97.0946, 30.57344], [-97.09757, 30.57183], [-97.10078, 30.57008], [-97.10389, 30.5684], [-97.10671, 30.56687], [-97.10956, 30.56533], [-97.1124, 30.56385], [-97.11527, 30.56239], [-97.11815, 30.56094], [-97.12156, 30.55921], [-97.12484, 30.55749], [-97.12627, 30.55672], [-97.12689, 30.55639], [-97.12922, 30.55384], [-97.13145, 30.55135], [-97.1338, 30.54874], [-97.13603, 30.54625], [-97.13844, 30.54352], [-97.14071, 30.54102], [-97.14276, 30.53873], [-97.14481, 30.53643], [-97.14722, 30.53374], [-97.14945, 30.53126], [-97.15181, 30.52908], [-97.15441, 30.52667], [-97.157, 30.52427], [-97.15949, 30.52198], [-97.16212, 30.51957], [-97.16471, 30.51717], [-97.16675, 30.51527], [-97.1686, 30.51355], [-97.17085, 30.51104], [-97.17318, 30.50845], [-97.17541, 30.50594], [-97.17773, 30.50336], [-97.17931, 30.5016], [-97.18182, 30.49881], [-97.18399, 30.49641], [-97.18641, 30.49368], [-97.18864, 30.49119], [-97.19094, 30.48864], [-97.19332, 30.48597], [-97.19525, 30.48381], [-97.19749, 30.48131], [-97.19983, 30.47871], [-97.20179, 30.47653], [-97.20433, 30.4737], [-97.20646, 30.4713], [-97.2086, 30.46892], [-97.21085, 30.46642], [-97.21299, 30.46402], [-97.21486, 30.46194], [-97.21716, 30.45935], [-97.21948, 30.45677], [-97.2217, 30.45427], [-97.22388, 30.45184], [-97.2264, 30.44904], [-97.2284, 30.44681], [-97.2308, 30.44414], [-97.23269, 30.44196], [-97.23513, 30.43926], [-97.23706, 30.43708], [-97.2393, 30.43459], [-97.24116, 30.43249], [-97.24328, 30.43011], [-97.24524, 30.42794], [-97.24726, 30.42566], [-97.24866, 30.42409], [-97.24905, 30.42365], [-97.25122, 30.42137], [-97.25366, 30.41881], [-97.25579, 30.41651], [-97.25831, 30.41387], [-97.26043, 30.41163], [-97.26285, 30.40907], [-97.26505, 30.40674], [-97.26746, 30.40418], [-97.26973, 30.40179], [-97.27194, 30.39945], [-97.27444, 30.3968], [-97.27624, 30.39489], [-97.27845, 30.39255], [-97.28087, 30.38998], [-97.28308, 30.38764], [-97.28528, 30.38529], [-97.28729, 30.38316], [-97.2892, 30.38114], [-97.29162, 30.37889], [-97.29442, 30.37629], [-97.29666, 30.37417], [-97.29893, 30.37204], [-97.30142, 30.36968], [-97.30154, 30.36957], [-97.30393, 30.3673], [-97.30671, 30.36472], [-97.30909, 30.36246], [-97.31156, 30.36017], [-97.3143, 30.35763], [-97.31643, 30.35558], [-97.31901, 30.35321], [-97.32116, 30.3512], [-97.32351, 30.34898], [-97.3262, 30.34646], [-97.32835, 30.34446], [-97.33123, 30.34175], [-97.33349, 30.33964], [-97.33597, 30.33733], [-97.3384, 30.33505], [-97.34018, 30.33389], [-97.34039, 30.33375], [-97.34284, 30.33215], [-97.34611, 30.33], [-97.34861, 30.32839], [-97.35176, 30.32634], [-97.35455, 30.32451], [-97.35769, 30.32245], [-97.3599, 30.32101], [-97.36236, 30.31941], [-97.36464, 30.31792], [-97.36756, 30.31593], [-97.37049, 30.31403], [-97.37343, 30.31211], [-97.37373, 30.31191], [-97.376, 30.31043], [-97.37879, 30.30864], [-97.38156, 30.30682], [-97.38434, 30.30491], [-97.3871, 30.30412], [-97.3898, 30.30328], [-97.39267, 30.30237], [-97.39512, 30.30115], [-97.39772, 30.29986], [-97.40074, 30.29837], [-97.40415, 30.29669], [-97.40733, 30.29511], [-97.41062, 30.29348], [-97.41392, 30.29182], [-97.41722, 30.29018], [-97.42053, 30.28855], [-97.42381, 30.28692], [-97.42713, 30.28529], [-97.43043, 30.28366], [-97.43366, 30.28203], [-97.43555, 30.28108], [-97.43786, 30.27994], [-97.44053, 30.2786], [-97.44363, 30.27708], [-97.44665, 30.2762], [-97.45015, 30.27516], [-97.45336, 30.27424], [-97.457, 30.27321], [-97.46061, 30.27218], [-97.46386, 30.27123], [-97.46733, 30.27023], [-97.4708, 30.26924], [-97.47439, 30.26818], [-97.47774, 30.2673], [-97.47923, 30.26486], [-97.48052, 30.2628], [-97.48217, 30.26016], [-97.48395, 30.25737], [-97.48583, 30.25438], [-97.4872, 30.25195], [-97.48728, 30.25129]]}, "properties": {"owner": "ONCOR ELECTRIC DELIVERY CO.", "voltage_kv": 345.0}}, {"type": "Feature", "geometry": {"type": "LineString", "coordinates": [[-98.02372, 28.73986], [-98.02366, 28.74024], [-98.02367, 28.74037], [-98.0238, 28.74082], [-98.02327, 28.74194], [-98.02278, 28.74298], [-98.02175, 28.74512], [-98.023, 28.74827], [-98.02443, 28.75174], [-98.02593, 28.75538], [-98.02719, 28.7585], [-98.02853, 28.76215], [-98.0296, 28.76508], [-98.03077, 28.76835], [-98.03248, 28.77166], [-98.03406, 28.77486], [-98.03558, 28.77785], [-98.03702, 28.78098], [-98.03862, 28.78459], [-98.0402, 28.78795], [-98.04173, 28.79122], [-98.04319, 28.79443], [-98.04462, 28.79751], [-98.04601, 28.80054], [-98.04757, 28.8039], [-98.04917, 28.80739], [-98.05061, 28.81051], [-98.05201, 28.81354], [-98.0535, 28.81675], [-98.05492, 28.81983], [-98.05649, 28.82338], [-98.05796, 28.82664], [-98.05953, 28.83019], [-98.06098, 28.83343], [-98.06242, 28.83668], [-98.06398, 28.84018], [-98.06545, 28.84347], [-98.06685, 28.84661], [-98.06827, 28.84979], [-98.06975, 28.85311], [-98.07127, 28.8565], [-98.07273, 28.85979], [-98.07438, 28.8635], [-98.07533, 28.86562], [-98.07669, 28.86868], [-98.07825, 28.87215], [-98.07972, 28.87547], [-98.08115, 28.87868], [-98.08104, 28.88168], [-98.08104, 28.8819], [-98.0809, 28.88556], [-98.08078, 28.88908], [-98.08065, 28.89248], [-98.08214, 28.89567], [-98.08379, 28.89919], [-98.08543, 28.90272], [-98.08661, 28.90524], [-98.08879, 28.90712], [-98.09136, 28.90932], [-98.09406, 28.91165], [-98.09693, 28.91413], [-98.09818, 28.91669], [-98.09944, 28.91931], [-98.10068, 28.92183], [-98.10185, 28.92424], [-98.10336, 28.92741], [-98.10483, 28.93038], [-98.10657, 28.93398], [-98.10809, 28.93709], [-98.10951, 28.94005], [-98.11097, 28.94301], [-98.1125, 28.94617], [-98.11388, 28.94904], [-98.11543, 28.95222], [-98.11689, 28.95519], [-98.11867, 28.95883], [-98.1204, 28.9624], [-98.12208, 28.96585], [-98.12366, 28.9691], [-98.12512, 28.9721], [-98.12603, 28.97464], [-98.12695, 28.97727], [-98.12791, 28.97998], [-98.12901, 28.98308], [-98.13023, 28.98657], [-98.13144, 28.98998], [-98.13262, 28.99331], [-98.13366, 28.99624], [-98.13487, 28.99967], [-98.13658, 29.0036], [-98.13773, 29.00621], [-98.1394, 29.01003], [-98.14088, 29.01339], [-98.14228, 29.01661], [-98.14374, 29.01993], [-98.1453, 29.02353], [-98.14677, 29.02686], [-98.14813, 29.02995], [-98.1494, 29.03286], [-98.15087, 29.03621], [-98.15218, 29.03919], [-98.15361, 29.04245], [-98.15508, 29.0458], [-98.15654, 29.04912], [-98.158, 29.05248], [-98.15935, 29.05556], [-98.16059, 29.05838], [-98.16202, 29.06164], [-98.16358, 29.06518], [-98.16507, 29.06858], [-98.16659, 29.0721], [-98.16809, 29.07545], [-98.16888, 29.07725], [-98.16978, 29.07933], [-98.17138, 29.08296], [-98.17308, 29.08684], [-98.17449, 29.09004], [-98.17594, 29.09336], [-98.17726, 29.09634], [-98.17842, 29.09898], [-98.18005, 29.10205], [-98.18195, 29.10566], [-98.18376, 29.10907], [-98.18558, 29.11246], [-98.18743, 29.11597], [-98.18927, 29.1194], [-98.19083, 29.12238], [-98.19233, 29.12519], [-98.19411, 29.12855], [-98.19589, 29.13189], [-98.19639, 29.13518], [-98.19695, 29.13897], [-98.19743, 29.14196], [-98.19799, 29.14556], [-98.19846, 29.14858], [-98.20014, 29.15226], [-98.2016, 29.15545], [-98.20309, 29.15867], [-98.20461, 29.16197], [-98.20592, 29.16482], [-98.20754, 29.16835], [-98.20909, 29.17173], [-98.21062, 29.17506], [-98.21213, 29.17836], [-98.21441, 29.18127], [-98.21706, 29.18347], [-98.21894, 29.18712], [-98.2199, 29.18977], [-98.2213, 29.19358], [-98.22275, 29.19753], [-98.22392, 29.20068], [-98.22511, 29.20394], [-98.22637, 29.20741], [-98.22734, 29.21003], [-98.22741, 29.21021], [-98.22832, 29.21269], [-98.22929, 29.21531], [-98.23025, 29.21794], [-98.23168, 29.2211], [-98.23307, 29.22421], [-98.23458, 29.22756], [-98.23599, 29.23065], [-98.23729, 29.23355], [-98.23862, 29.23648], [-98.23985, 29.23915], [-98.24121, 29.24212], [-98.24297, 29.24601], [-98.24431, 29.24894], [-98.24567, 29.25188], [-98.24753, 29.256], [-98.2488, 29.25883], [-98.24998, 29.2614], [-98.25161, 29.26501], [-98.25284, 29.26772], [-98.25432, 29.27132], [-98.25582, 29.27504], [-98.25745, 29.27861], [-98.25893, 29.28184], [-98.2604, 29.28509], [-98.26151, 29.28752], [-98.26326, 29.29139], [-98.26462, 29.29436], [-98.26622, 29.29758], [-98.26815, 29.30149], [-98.26966, 29.30479], [-98.27105, 29.30782], [-98.2724, 29.31086], [-98.27394, 29.31422], [-98.27538, 29.31735], [-98.27639, 29.31961], [-98.2803, 29.31929], [-98.284, 29.31898], [-98.28754, 29.31871], [-98.29158, 29.31835], [-98.29485, 29.3181], [-98.29924, 29.31776], [-98.30325, 29.31741], [-98.30829, 29.317], [-98.31149, 29.31673], [-98.31492, 29.31644], [-98.31754, 29.31623], [-98.32035, 29.31369], [-98.32055, 29.31302], [-98.32038, 29.31242]]}, "properties": {"owner": "GUADALUPE VALLEY ELEC COOP INC", "voltage_kv": 345.0}}, {"type": "Feature", "geometry": {"type": "LineString", "coordinates": [[-96.48439, 31.18553], [-96.48498, 31.18772], [-96.48692, 31.19047], [-96.48897, 31.19338], [-96.49092, 31.19621], [-96.49213, 31.19798], [-96.4929, 31.19904], [-96.49489, 31.20182], [-96.49796, 31.20385], [-96.50083, 31.20578], [-96.5037, 31.20777], [-96.5061, 31.20993], [-96.50847, 31.21203], [-96.51108, 31.21438], [-96.51354, 31.21658], [-96.51569, 31.21857], [-96.5148, 31.2217], [-96.51391, 31.22473], [-96.51298, 31.22796], [-96.5121, 31.23083], [-96.5112, 31.23388], [-96.51032, 31.23694], [-96.50954, 31.23961], [-96.50876, 31.24227], [-96.50797, 31.24496], [-96.50701, 31.24801], [-96.50608, 31.25121], [-96.50528, 31.25398], [-96.50597, 31.25668], [-96.50669, 31.25936], [-96.50738, 31.26204], [-96.50807, 31.26472], [-96.50887, 31.2678], [-96.51042, 31.27016], [-96.51238, 31.27306], [-96.51403, 31.27557], [-96.51571, 31.2781], [-96.51399, 31.28088], [-96.51227, 31.28369], [-96.51047, 31.28659], [-96.50871, 31.28942], [-96.50575, 31.29095], [-96.50278, 31.29244], [-96.49985, 31.29395], [-96.49691, 31.29547], [-96.49358, 31.29714], [-96.49068, 31.29862], [-96.48906, 31.30105], [-96.48723, 31.30381], [-96.48558, 31.30633], [-96.48377, 31.30906], [-96.4821, 31.31159], [-96.48051, 31.31398], [-96.47879, 31.3166], [-96.47696, 31.31933], [-96.47511, 31.32215], [-96.47329, 31.32489], [-96.47143, 31.32769], [-96.46955, 31.33053], [-96.46769, 31.33333], [-96.46588, 31.33606], [-96.4641, 31.33877], [-96.46225, 31.34153], [-96.46118, 31.34399], [-96.46015, 31.34633], [-96.45885, 31.34929], [-96.4577, 31.35193], [-96.45636, 31.35496], [-96.45513, 31.35779], [-96.45394, 31.36048], [-96.45271, 31.36329], [-96.45145, 31.36615], [-96.45021, 31.36897], [-96.44903, 31.37167], [-96.44786, 31.37431], [-96.44674, 31.37689], [-96.44548, 31.37973], [-96.44551, 31.38253], [-96.44554, 31.38564], [-96.44558, 31.38854], [-96.4456, 31.39153], [-96.4456, 31.39455], [-96.44562, 31.39754], [-96.44464, 31.40018], [-96.44389, 31.40269], [-96.44204, 31.40254], [-96.43893, 31.40211], [-96.43596, 31.40173], [-96.43215, 31.40122], [-96.42876, 31.4008], [-96.42579, 31.40041], [-96.42229, 31.39993], [-96.41873, 31.39946], [-96.41518, 31.39902], [-96.41188, 31.3986], [-96.40897, 31.39821], [-96.40592, 31.39783], [-96.40247, 31.39738], [-96.39926, 31.39698], [-96.39584, 31.39652], [-96.39224, 31.39606], [-96.38801, 31.39553], [-96.38444, 31.39507], [-96.38109, 31.39461], [-96.37405, 31.39375], [-96.3705, 31.39328], [-96.36699, 31.39281], [-96.36371, 31.39241], [-96.36052, 31.39198], [-96.35728, 31.39155], [-96.35337, 31.39105], [-96.34984, 31.39059], [-96.34632, 31.39014], [-96.34314, 31.38965], [-96.33956, 31.38926], [-96.33607, 31.38879], [-96.3327, 31.38835], [-96.32922, 31.3879], [-96.32588, 31.38745], [-96.32231, 31.38698], [-96.31844, 31.38652], [-96.31555, 31.38612], [-96.31231, 31.38571], [-96.30887, 31.38525], [-96.30521, 31.38501], [-96.30229, 31.38483], [-96.29871, 31.38465], [-96.29515, 31.38445], [-96.2917, 31.38426], [-96.28865, 31.38406], [-96.28614, 31.38394], [-96.2851, 31.38388], [-96.28243, 31.3837], [-96.27972, 31.38357], [-96.27699, 31.38347], [-96.27555, 31.38144], [-96.27405, 31.37947], [-96.27261, 31.37751], [-96.27118, 31.37549], [-96.26877, 31.37405], [-96.26378, 31.37112], [-96.26136, 31.36969], [-96.25903, 31.36831], [-96.25668, 31.36692], [-96.25414, 31.36558], [-96.25152, 31.36723], [-96.24884, 31.36897], [-96.24642, 31.37055], [-96.24387, 31.37222], [-96.24115, 31.374], [-96.23835, 31.37582], [-96.23557, 31.37764], [-96.2328, 31.37943], [-96.22939, 31.37907], [-96.22595, 31.37869], [-96.22242, 31.3783], [-96.21953, 31.37796], [-96.21568, 31.37753], [-96.21228, 31.37715], [-96.20968, 31.37686], [-96.20617, 31.37647], [-96.20332, 31.37615], [-96.20043, 31.37582], [-96.1969, 31.37543], [-96.19498, 31.37522], [-96.19188, 31.37485], [-96.1884, 31.37465], [-96.18513, 31.37446], [-96.18158, 31.37424], [-96.17795, 31.37402], [-96.17419, 31.37381], [-96.171, 31.37362], [-96.16764, 31.37342], [-96.16375, 31.37317], [-96.16104, 31.37302], [-96.15841, 31.37287], [-96.15497, 31.37265], [-96.15186, 31.37247], [-96.1492, 31.37232], [-96.14643, 31.37214], [-96.14392, 31.37199], [-96.1414, 31.37185], [-96.13804, 31.37163], [-96.13482, 31.37106], [-96.13339, 31.37085], [-96.1328, 31.37132]]}, "properties": {"owner": "NAVASOTA VALLEY ELEC COOP, INC", "voltage_kv": 345.0}}, {"type": "Feature", "geometry": {"type": "LineString", "coordinates": [[-97.30592, 30.09124], [-97.30619, 30.09066], [-97.29656, 30.09357], [-97.29485, 30.10556], [-97.29389, 30.11165], [-97.29482, 30.11492], [-97.27218, 30.14191], [-97.26733, 30.14239], [-97.26733, 30.14426], [-97.26724, 30.14585], [-97.2689, 30.14584], [-97.2688, 30.14604]]}, "properties": {"owner": "ONCOR ELECTRIC DELIVERY CO.", "voltage_kv": 345.0}}, {"type": "Feature", "geometry": {"type": "LineString", "coordinates": [[-96.05056, 28.79947], [-96.05088, 28.80002], [-96.05078, 28.80408], [-96.05259, 28.80636], [-96.05405, 28.8082], [-96.05567, 28.81025], [-96.05729, 28.81228], [-96.05903, 28.81449], [-96.06078, 28.81668], [-96.06252, 28.81887], [-96.06425, 28.82106], [-96.066, 28.82325], [-96.06782, 28.82556], [-96.06964, 28.82786], [-96.07148, 28.83018], [-96.07336, 28.83254], [-96.07524, 28.83491], [-96.07713, 28.83728], [-96.079, 28.83965], [-96.08089, 28.842], [-96.08275, 28.84435], [-96.08461, 28.84668], [-96.08648, 28.84903], [-96.08827, 28.85131], [-96.09009, 28.8536], [-96.09177, 28.85572], [-96.09346, 28.85784], [-96.09534, 28.86022], [-96.09722, 28.86261], [-96.0991, 28.86497], [-96.10099, 28.86733], [-96.10285, 28.86968], [-96.10475, 28.87206], [-96.10662, 28.87444], [-96.10777, 28.87589], [-96.10822, 28.87645], [-96.11009, 28.87882], [-96.11187, 28.88105], [-96.11363, 28.88328], [-96.11541, 28.88552], [-96.11722, 28.88779], [-96.11895, 28.88998], [-96.12074, 28.89221], [-96.12251, 28.89445], [-96.12428, 28.89668], [-96.12609, 28.89896], [-96.12788, 28.90122], [-96.1297, 28.90351], [-96.13154, 28.90581], [-96.13302, 28.90766], [-96.13482, 28.9099], [-96.13671, 28.91226], [-96.13873, 28.91441], [-96.14075, 28.91657], [-96.14259, 28.9185], [-96.14279, 28.91871], [-96.14485, 28.92088], [-96.14691, 28.92304], [-96.14897, 28.92521], [-96.15103, 28.92738], [-96.15309, 28.92953], [-96.15515, 28.93172], [-96.15666, 28.9333], [-96.1572, 28.93386], [-96.15925, 28.93604], [-96.16132, 28.93821], [-96.16328, 28.94027], [-96.16526, 28.94234], [-96.16723, 28.94441], [-96.16919, 28.94648], [-96.17116, 28.94854], [-96.17317, 28.95067], [-96.17518, 28.95279], [-96.17722, 28.95493], [-96.17924, 28.95705], [-96.18125, 28.95915], [-96.18322, 28.96125], [-96.18523, 28.96334], [-96.18712, 28.96533], [-96.18923, 28.96754], [-96.19122, 28.96964], [-96.19322, 28.97173], [-96.19523, 28.97384], [-96.19724, 28.97597], [-96.19919, 28.97802], [-96.20115, 28.98006], [-96.20308, 28.9821], [-96.20503, 28.98415], [-96.20715, 28.98635], [-96.20919, 28.98849], [-96.21101, 28.99038], [-96.21287, 28.99229], [-96.21491, 28.99438], [-96.21703, 28.99656], [-96.21855, 28.99911], [-96.22001, 29.00157], [-96.22149, 29.00401], [-96.22294, 29.00644], [-96.22439, 29.00889], [-96.22573, 29.01111], [-96.22704, 29.01333], [-96.22854, 29.0159], [-96.23009, 29.01847], [-96.23161, 29.02104], [-96.23313, 29.02358], [-96.23428, 29.0255], [-96.23542, 29.02743], [-96.23576, 29.02742], [-96.23599, 29.02742], [-96.23657, 29.02741], [-96.23875, 29.02736], [-96.24208, 29.02735], [-96.24541, 29.02734], [-96.24868, 29.02733], [-96.25239, 29.0273], [-96.256, 29.02729], [-96.25911, 29.02726], [-96.26314, 29.02871], [-96.26693, 29.03006], [-96.2705, 29.03134], [-96.27444, 29.03276], [-96.27852, 29.0342], [-96.28274, 29.03572], [-96.28649, 29.03705], [-96.2902, 29.03827], [-96.29432, 29.03962], [-96.29807, 29.04085], [-96.30153, 29.04214], [-96.30458, 29.04338], [-96.30776, 29.04469], [-96.31145, 29.046], [-96.31532, 29.04738], [-96.31922, 29.04877], [-96.32321, 29.05019], [-96.32713, 29.05159], [-96.33108, 29.053], [-96.33499, 29.0544], [-96.33844, 29.05562], [-96.34145, 29.05703], [-96.34531, 29.0588], [-96.34922, 29.0606], [-96.3531, 29.0624], [-96.35685, 29.06414], [-96.36053, 29.06585], [-96.36365, 29.06737], [-96.3666, 29.0688], [-96.37007, 29.07051], [-96.37356, 29.07225], [-96.3769, 29.07376], [-96.37972, 29.07495], [-96.38253, 29.07615], [-96.38536, 29.07734], [-96.38744, 29.0783], [-96.38997, 29.07947], [-96.39181, 29.08032], [-96.39238, 29.08058], [-96.39597, 29.08224], [-96.39875, 29.08352], [-96.40196, 29.085], [-96.40582, 29.08678], [-96.40954, 29.0885], [-96.41314, 29.09016], [-96.4169, 29.09189], [-96.42049, 29.09355], [-96.42301, 29.09362], [-96.4266, 29.0937], [-96.43078, 29.09381], [-96.43359, 29.09373], [-96.43784, 29.09347], [-96.44246, 29.09321], [-96.44678, 29.09295], [-96.45103, 29.0927], [-96.45523, 29.09244], [-96.4587, 29.09233], [-96.46221, 29.09222], [-96.4662, 29.09209], [-96.47043, 29.09195], [-96.47538, 29.0918], [-96.4799, 29.09167], [-96.48446, 29.0916], [-96.488, 29.09158], [-96.48905, 29.09157], [-96.49389, 29.09152], [-96.49849, 29.09149], [-96.50281, 29.09145], [-96.507, 29.09141], [-96.51138, 29.09137], [-96.51553, 29.09133], [-96.51979, 29.09129], [-96.52405, 29.09125], [-96.52834, 29.09121], [-96.53264, 29.09116], [-96.53687, 29.09114], [-96.54084, 29.0911], [-96.54467, 29.09115], [-96.54872, 29.09122], [-96.55303, 29.09129], [-96.55724, 29.09134], [-96.56189, 29.09141], [-96.56586, 29.09149], [-96.56985, 29.09154], [-96.57412, 29.0916], [-96.57834, 29.09167], [-96.58277, 29.09173], [-96.58751, 29.0918], [-96.59188, 29.09187], [-96.59608, 29.09193], [-96.5993, 29.09167], [-96.60241, 29.09144], [-96.60549, 29.0912], [-96.60967, 29.09084], [-96.61383, 29.0905], [-96.61805, 29.09018], [-96.62228, 29.08983], [-96.62657, 29.08948], [-96.63065, 29.08916], [-96.63482, 29.08881], [-96.639, 29.08847], [-96.64318, 29.08914], [-96.64751, 29.08982], [-96.65164, 29.0905], [-96.65569, 29.09115], [-96.65997, 29.09179], [-96.6642, 29.09248], [-96.66872, 29.09318], [-96.67306, 29.09388], [-96.6773, 29.09457], [-96.68147, 29.09524], [-96.68566, 29.0959], [-96.68974, 29.09656], [-96.69391, 29.09722], [-96.69792, 29.09787], [-96.70204, 29.09852], [-96.70605, 29.09915], [-96.71028, 29.09983], [-96.71457, 29.1005], [-96.71861, 29.10115], [-96.72286, 29.10183], [-96.7267, 29.10149], [-96.73109, 29.10112], [-96.73545, 29.10073], [-96.73964, 29.10037], [-96.74347, 29.10004], [-96.74727, 29.09972], [-96.75153, 29.09935], [-96.75588, 29.09896], [-96.76003, 29.0986], [-96.76429, 29.09823], [-96.76873, 29.09784], [-96.77302, 29.09747], [-96.77739, 29.09708], [-96.78168, 29.09671], [-96.78591, 29.09633], [-96.79022, 29.09595], [-96.79464, 29.0961], [-96.79879, 29.09625], [-96.80338, 29.0964], [-96.80781, 29.09654], [-96.81321, 29.0967], [-96.81705, 29.09683], [-96.82032, 29.09694], [-96.82417, 29.09706], [-96.82857, 29.0972], [-96.83338, 29.09736], [-96.83799, 29.0975], [-96.84201, 29.09763], [-96.84647, 29.09777], [-96.85098, 29.09791], [-96.85511, 29.09804], [-96.85955, 29.09818], [-96.86396, 29.0982], [-96.86879, 29.09817], [-96.8734, 29.09787], [-96.87758, 29.0976], [-96.88274, 29.09744], [-96.88718, 29.09728], [-96.89141, 29.09715], [-96.89567, 29.097], [-96.89986, 29.09686], [-96.90417, 29.09672], [-96.90848, 29.09658], [-96.91272, 29.09643], [-96.91697, 29.09629], [-96.92131, 29.09615], [-96.9256, 29.096], [-96.92986, 29.09586], [-96.93414, 29.09572], [-96.93824, 29.09558], [-96.9427, 29.09543], [-96.94695, 29.09528], [-96.95127, 29.09513], [-96.95547, 29.09499], [-96.95917, 29.09487], [-96.96333, 29.09472], [-96.96775, 29.09412], [-96.97122, 29.09365], [-96.97468, 29.09317], [-96.97804, 29.09271], [-96.98173, 29.0922], [-96.98587, 29.09163], [-96.98978, 29.09111], [-96.99351, 29.09059], [-96.99755, 29.08978], [-97.00111, 29.08906], [-97.00445, 29.08839], [-97.00866, 29.08754], [-97.0128, 29.08669], [-97.01693, 29.08676], [-97.02103, 29.08684], [-97.02518, 29.08628], [-97.02934, 29.0857], [-97.03334, 29.08515], [-97.03743, 29.08458], [-97.04178, 29.08399], [-97.04592, 29.08342], [-97.0501, 29.08285], [-97.05435, 29.08225], [-97.05863, 29.08166], [-97.06283, 29.08109], [-97.067, 29.08052], [-97.0708, 29.08011], [-97.0749, 29.07967], [-97.07917, 29.07922], [-97.08329, 29.07876], [-97.08736, 29.07833], [-97.09166, 29.07786], [-97.09601, 29.0774], [-97.10066, 29.07689], [-97.10501, 29.07643], [-97.10867, 29.07604], [-97.11268, 29.07561], [-97.1169, 29.07479], [-97.12128, 29.07395], [-97.12572, 29.07309], [-97.13025, 29.07222], [-97.13442, 29.07142], [-97.13859, 29.07062], [-97.14271, 29.06981], [-97.14681, 29.06902], [-97.15096, 29.06823], [-97.15482, 29.06748], [-97.15931, 29.06662], [-97.16358, 29.06578], [-97.16813, 29.06491], [-97.17188, 29.06418], [-97.17667, 29.06325], [-97.1806, 29.06248], [-97.1842, 29.06179], [-97.18788, 29.06107], [-97.19223, 29.06025], [-97.19648, 29.05943], [-97.20078, 29.05859], [-97.20126, 29.0585], [-97.2038, 29.05801], [-97.20611, 29.05713], [-97.20941, 29.05587], [-97.21332, 29.05438], [-97.21725, 29.05289], [-97.22112, 29.0514], [-97.22498, 29.04994], [-97.22884, 29.04848], [-97.23328, 29.0468], [-97.23707, 29.04535], [-97.24074, 29.04395], [-97.24455, 29.0425], [-97.24859, 29.04096], [-97.25261, 29.03942], [-97.2566, 29.03901], [-97.26043, 29.03859], [-97.26473, 29.03813], [-97.2692, 29.03747], [-97.27418, 29.03674], [-97.27834, 29.03613], [-97.28101, 29.03564], [-97.28498, 29.03492], [-97.28859, 29.03426], [-97.29113, 29.03478], [-97.29405, 29.03538], [-97.29836, 29.03625], [-97.3039, 29.0374], [-97.308, 29.03822], [-97.31206, 29.03906], [-97.31604, 29.03988], [-97.32123, 29.04093], [-97.32482, 29.04167], [-97.32982, 29.04268], [-97.33387, 29.04352], [-97.33747, 29.04424], [-97.34266, 29.04529], [-97.34802, 29.0464], [-97.35352, 29.04751], [-97.35792, 29.04842], [-97.36195, 29.04924], [-97.36545, 29.04995], [-97.36846, 29.05099], [-97.37149, 29.05204], [-97.37481, 29.05319], [-97.37831, 29.05441], [-97.38175, 29.0556], [-97.38594, 29.05705], [-97.39061, 29.05867], [-97.39401, 29.05984], [-97.39818, 29.06129], [-97.40215, 29.06266], [-97.40579, 29.06393], [-97.40995, 29.06536], [-97.41352, 29.06659], [-97.41836, 29.06826], [-97.42229, 29.06962], [-97.42417, 29.0702], [-97.42717, 29.0711], [-97.43226, 29.07263], [-97.43609, 29.0738], [-97.44032, 29.07508], [-97.44441, 29.07705], [-97.44797, 29.07878], [-97.4513, 29.08039], [-97.45519, 29.08226], [-97.45882, 29.08402], [-97.46243, 29.08577], [-97.46583, 29.08741], [-97.47003, 29.08943], [-97.47422, 29.09145], [-97.47768, 29.09313], [-97.48115, 29.0948], [-97.48428, 29.09631], [-97.48778, 29.09801], [-97.49163, 29.09985], [-97.49501, 29.10111], [-97.4984, 29.10238], [-97.50077, 29.10351], [-97.50409, 29.10511], [-97.50752, 29.10754], [-97.51105, 29.10924], [-97.51502, 29.11116], [-97.51882, 29.11299], [-97.5227, 29.11486], [-97.52624, 29.11657], [-97.5307, 29.11872], [-97.5341, 29.12036], [-97.5371, 29.12181], [-97.54084, 29.1236], [-97.54469, 29.12546], [-97.54835, 29.12726], [-97.55191, 29.12901], [-97.55559, 29.1308], [-97.55799, 29.13197], [-97.56201, 29.13395], [-97.56578, 29.1358], [-97.56999, 29.13784], [-97.57384, 29.13974], [-97.57697, 29.14126], [-97.58018, 29.14283], [-97.58363, 29.14454], [-97.58721, 29.14628], [-97.59066, 29.14796], [-97.59419, 29.1497], [-97.59779, 29.15145], [-97.60137, 29.15321], [-97.60486, 29.1549], [-97.60865, 29.15675], [-97.613, 29.15886], [-97.61684, 29.16076], [-97.62006, 29.16233], [-97.62303, 29.16378], [-97.62687, 29.16565], [-97.63062, 29.16748], [-97.63401, 29.16914], [-97.63774, 29.17095], [-97.64112, 29.1726], [-97.64491, 29.17446], [-97.6488, 29.17635], [-97.6522, 29.17801], [-97.65535, 29.17955], [-97.6588, 29.18123], [-97.66255, 29.18306], [-97.66693, 29.18519], [-97.67043, 29.1869], [-97.67395, 29.18861], [-97.67737, 29.19027], [-97.68164, 29.19235], [-97.68568, 29.19432], [-97.68916, 29.19603], [-97.69311, 29.19796], [-97.69787, 29.20028], [-97.70197, 29.20228], [-97.70539, 29.20394], [-97.70846, 29.20544], [-97.71236, 29.20734], [-97.71576, 29.20899], [-97.71938, 29.21076], [-97.72128, 29.21171], [-97.7218, 29.21197], [-97.72529, 29.2137], [-97.72871, 29.21538], [-97.73136, 29.2167], [-97.7348, 29.2184], [-97.73895, 29.22035], [-97.74293, 29.22222], [-97.74628, 29.22384], [-97.74974, 29.22552], [-97.7535, 29.22735], [-97.75699, 29.22905], [-97.76052, 29.23078], [-97.76408, 29.23251], [-97.76767, 29.23426], [-97.7711, 29.23593], [-97.77417, 29.23742], [-97.77745, 29.23901], [-97.78076, 29.24063], [-97.78433, 29.24236], [-97.78768, 29.24399], [-97.79112, 29.24566], [-97.7945, 29.2473], [-97.79682, 29.24973], [-97.79905, 29.25209], [-97.80103, 29.25417], [-97.8035, 29.25677], [-97.80594, 29.25934], [-97.80874, 29.26229], [-97.81149, 29.26519], [-97.81346, 29.26726], [-97.81584, 29.26977], [-97.8182, 29.27227], [-97.82028, 29.27446], [-97.82318, 29.27749], [-97.82594, 29.2804], [-97.82805, 29.28266], [-97.83032, 29.28505], [-97.83273, 29.28757], [-97.83558, 29.29058], [-97.83761, 29.29272], [-97.84027, 29.29552], [-97.84321, 29.29861], [-97.84575, 29.3013], [-97.8485, 29.30419], [-97.85048, 29.30627], [-97.85327, 29.3092], [-97.85649, 29.31259], [-97.85959, 29.31585], [-97.86253, 29.31893], [-97.86522, 29.32176], [-97.86781, 29.32449], [-97.87011, 29.3269], [-97.87273, 29.32968], [-97.87515, 29.33221], [-97.87776, 29.33495], [-97.88013, 29.33745], [-97.88285, 29.34033], [-97.88547, 29.34308], [-97.88767, 29.3454], [-97.89057, 29.34843], [-97.89351, 29.35153], [-97.89592, 29.35407], [-97.89877, 29.35709], [-97.90154, 29.36], [-97.90398, 29.36256], [-97.90662, 29.36535], [-97.90917, 29.36801], [-97.91158, 29.37058], [-97.91395, 29.37304], [-97.9166, 29.37584], [-97.91911, 29.37848], [-97.9211, 29.3806], [-97.92359, 29.38327], [-97.92624, 29.38609], [-97.92884, 29.38889], [-97.93171, 29.39195], [-97.93483, 29.39529], [-97.93773, 29.39841], [-97.94045, 29.40131], [-97.94292, 29.40396], [-97.94531, 29.40651], [-97.94802, 29.40941], [-97.95064, 29.4122], [-97.95342, 29.4152], [-97.95599, 29.41795], [-97.95853, 29.42068], [-97.96098, 29.4233], [-97.96359, 29.42608], [-97.96646, 29.42919], [-97.96903, 29.43194], [-97.97146, 29.43453], [-97.97408, 29.43735], [-97.97711, 29.44059], [-97.97974, 29.4434], [-97.98209, 29.44592], [-97.98465, 29.44865], [-97.98716, 29.45134], [-97.99037, 29.45476], [-97.99274, 29.4573], [-97.99591, 29.46067], [-97.99843, 29.46339], [-98.00056, 29.46515], [-97.99917, 29.46673], [-97.998, 29.46804], [-97.99833, 29.46828], [-97.99891, 29.46763], [-97.99988, 29.4673]]}, "properties": {"owner": "NOT AVAILABLE", "voltage_kv": 345.0}}, {"type": "Feature", "geometry": {"type": "LineString", "coordinates": [[-97.7406, 28.8155], [-97.73949, 28.81478], [-97.73769, 28.81548], [-97.7357, 28.81626], [-97.73339, 28.81716], [-97.73174, 28.81782], [-97.73139, 28.81795], [-97.7292, 28.81881], [-97.72675, 28.81977], [-97.72448, 28.82066], [-97.72234, 28.8215], [-97.72007, 28.82239], [-97.71777, 28.82329], [-97.71548, 28.82418], [-97.7132, 28.82508], [-97.71092, 28.82597], [-97.70908, 28.82672], [-97.70658, 28.82691], [-97.70395, 28.82713], [-97.70146, 28.82734], [-97.69897, 28.82756], [-97.69649, 28.82777], [-97.69401, 28.82797], [-97.69138, 28.82819], [-97.68873, 28.82842], [-97.68608, 28.82864], [-97.6836, 28.82886], [-97.68095, 28.82907], [-97.6786, 28.82927], [-97.67612, 28.82948], [-97.67352, 28.82969], [-97.671, 28.8299], [-97.66867, 28.83009], [-97.66646, 28.83028], [-97.66429, 28.83046], [-97.66208, 28.83065], [-97.65988, 28.83086], [-97.65713, 28.83062], [-97.65474, 28.83084], [-97.6524, 28.83106], [-97.64951, 28.83111], [-97.64717, 28.83117], [-97.64449, 28.83124], [-97.64215, 28.83131], [-97.63936, 28.83138], [-97.63679, 28.83145], [-97.63424, 28.83151], [-97.63156, 28.83159], [-97.62902, 28.83165], [-97.62646, 28.8317], [-97.62393, 28.83191], [-97.6212, 28.83211], [-97.61849, 28.83232], [-97.61588, 28.83251], [-97.61348, 28.8327], [-97.61114, 28.83286], [-97.60867, 28.83304], [-97.60632, 28.83322], [-97.60383, 28.8334], [-97.60134, 28.83359], [-97.59885, 28.83377], [-97.59636, 28.83396], [-97.59384, 28.83414], [-97.59137, 28.83432], [-97.58909, 28.83449], [-97.58639, 28.83469], [-97.58389, 28.83487], [-97.58135, 28.83506], [-97.57873, 28.83525], [-97.57618, 28.83544], [-97.5739, 28.83561], [-97.57129, 28.8358], [-97.56865, 28.836], [-97.56616, 28.83618], [-97.56349, 28.83638], [-97.56096, 28.83657], [-97.55847, 28.83675], [-97.55572, 28.83695], [-97.55325, 28.83714], [-97.55083, 28.83732], [-97.5482, 28.83751], [-97.54574, 28.83769], [-97.54303, 28.83789], [-97.54058, 28.83807], [-97.53797, 28.83826], [-97.53551, 28.83844], [-97.53284, 28.83864], [-97.53028, 28.83885], [-97.52791, 28.83881], [-97.52534, 28.83881], [-97.52309, 28.8388], [-97.52047, 28.83879], [-97.51791, 28.83879], [-97.51553, 28.83878], [-97.51291, 28.83878], [-97.51062, 28.83877], [-97.5081, 28.83876], [-97.50573, 28.83875], [-97.50304, 28.83875], [-97.50061, 28.83874], [-97.49807, 28.83874], [-97.4957, 28.83872], [-97.49338, 28.83873], [-97.49089, 28.83871], [-97.48838, 28.8387], [-97.4857, 28.8387], [-97.48302, 28.8387], [-97.48048, 28.83868], [-97.47783, 28.83867], [-97.47523, 28.83867], [-97.4731, 28.83866], [-97.47037, 28.83865], [-97.46783, 28.83865], [-97.46531, 28.83864], [-97.46291, 28.83863], [-97.46021, 28.83861], [-97.45762, 28.83861], [-97.45505, 28.8386], [-97.45259, 28.83858], [-97.44976, 28.83857], [-97.44738, 28.83856], [-97.44471, 28.83856], [-97.44217, 28.83853], [-97.43963, 28.83862], [-97.43727, 28.8387], [-97.43471, 28.83878], [-97.43208, 28.83886], [-97.42975, 28.83894], [-97.42742, 28.839], [-97.42485, 28.83908], [-97.42243, 28.83915], [-97.42001, 28.83923], [-97.41749, 28.8393], [-97.41495, 28.83937], [-97.41247, 28.83945], [-97.40989, 28.83954], [-97.40754, 28.8396], [-97.40499, 28.83969], [-97.4025, 28.83976], [-97.39995, 28.83983], [-97.39732, 28.83991], [-97.39476, 28.83998], [-97.39227, 28.84006], [-97.38977, 28.84013], [-97.38724, 28.84021], [-97.38484, 28.84028], [-97.38249, 28.84035], [-97.38, 28.84043], [-97.37756, 28.8405], [-97.37516, 28.84057], [-97.37267, 28.84064], [-97.37034, 28.84071], [-97.36797, 28.84078], [-97.36553, 28.84085], [-97.36303, 28.84093], [-97.36066, 28.841], [-97.35806, 28.84108], [-97.35559, 28.84115], [-97.35318, 28.84123], [-97.35075, 28.84128], [-97.34839, 28.84136], [-97.34573, 28.84144], [-97.34333, 28.84151], [-97.34027, 28.8416], [-97.33788, 28.84168], [-97.33526, 28.84176], [-97.33258, 28.84182], [-97.32995, 28.84189], [-97.32733, 28.84199], [-97.32452, 28.84187], [-97.322, 28.84177], [-97.31914, 28.84166], [-97.31682, 28.84158], [-97.31451, 28.8415], [-97.31231, 28.84141], [-97.30991, 28.84133], [-97.30753, 28.84124], [-97.30517, 28.84115], [-97.30285, 28.84106], [-97.3004, 28.84097], [-97.29792, 28.84088], [-97.29552, 28.84079], [-97.29322, 28.8407], [-97.29093, 28.84061], [-97.2885, 28.84052], [-97.28593, 28.84043], [-97.28384, 28.84034], [-97.2816, 28.84027], [-97.27932, 28.84018], [-97.27691, 28.84009], [-97.27439, 28.83999], [-97.27179, 28.83989], [-97.26939, 28.83981], [-97.26686, 28.83971], [-97.2644, 28.83961], [-97.26191, 28.83951], [-97.25958, 28.83943], [-97.25727, 28.83935], [-97.25469, 28.83925], [-97.25231, 28.83916], [-97.24994, 28.83908], [-97.24744, 28.83898], [-97.24511, 28.83889], [-97.24248, 28.83879], [-97.24015, 28.8387], [-97.23765, 28.83861], [-97.23525, 28.83852], [-97.23273, 28.83842], [-97.22999, 28.83832], [-97.22722, 28.83821], [-97.22473, 28.8381], [-97.22263, 28.83925], [-97.22034, 28.84049], [-97.21817, 28.84166], [-97.21608, 28.84279], [-97.21392, 28.84395], [-97.21189, 28.84505], [-97.20982, 28.84617], [-97.20757, 28.84737], [-97.20532, 28.84859], [-97.20302, 28.84982], [-97.20072, 28.85107], [-97.19868, 28.85215], [-97.19634, 28.8534], [-97.19408, 28.8546], [-97.19194, 28.85576], [-97.18968, 28.85698], [-97.18747, 28.85816], [-97.18534, 28.85931], [-97.18317, 28.86048], [-97.18101, 28.86163], [-97.17892, 28.86275], [-97.17682, 28.86389], [-97.17493, 28.86494], [-97.17315, 28.86594], [-97.17138, 28.86692], [-97.16951, 28.86795], [-97.16744, 28.86943], [-97.16448, 28.87161]]}, "properties": {"owner": "AEP TEXAS CENTRAL COMPANY", "voltage_kv": 345.0}}, {"type": "Feature", "geometry": {"type": "LineString", "coordinates": [[-98.99791, 27.32132], [-99.00162, 27.32135], [-99.00405, 27.32184], [-99.01487, 27.32175], [-99.03483, 27.31932], [-99.05828, 27.31634], [-99.12465, 27.30786], [-99.14026, 27.32695], [-99.15501, 27.31819], [-99.1552, 27.33773], [-99.19078, 27.33711], [-99.20217, 27.34075], [-99.21842, 27.34053], [-99.22075, 27.33943], [-99.29215, 27.33817], [-99.33222, 27.33774], [-99.33231, 27.3305], [-99.3532, 27.33], [-99.37261, 27.31782], [-99.37723, 27.32233], [-99.40903, 27.32214], [-99.40933, 27.32833], [-99.41173, 27.32755]]}, "properties": {"owner": "AEP TEXAS CENTRAL COMPANY", "voltage_kv": 345.0}}, {"type": "Feature", "geometry": {"type": "LineString", "coordinates": [[-98.48501, 28.94855], [-98.48565, 28.94852], [-98.48685, 28.94864], [-98.48873, 28.94882], [-98.49065, 28.94902], [-98.49214, 28.94916], [-98.4936, 28.94931], [-98.4947, 28.94942], [-98.49661, 28.94961], [-98.49868, 28.94983], [-98.5002, 28.94999], [-98.50161, 28.94935], [-98.50345, 28.94853], [-98.50475, 28.94796], [-98.50616, 28.9473], [-98.50772, 28.94757], [-98.50889, 28.94776], [-98.51055, 28.94802], [-98.51037, 28.94978], [-98.51017, 28.95147], [-98.51003, 28.95318], [-98.50984, 28.95486], [-98.50967, 28.95643], [-98.50951, 28.95798], [-98.50935, 28.95971], [-98.50913, 28.96154], [-98.50895, 28.96315], [-98.5088, 28.96478], [-98.50864, 28.96656], [-98.50844, 28.96811], [-98.50823, 28.96995], [-98.5081, 28.97118], [-98.50794, 28.97285], [-98.50774, 28.97453], [-98.50758, 28.9762], [-98.5074, 28.97788], [-98.50724, 28.97925], [-98.50708, 28.98093], [-98.50691, 28.98261], [-98.50673, 28.98429], [-98.50655, 28.98597], [-98.50638, 28.98758], [-98.5062, 28.9892], [-98.50606, 28.9905], [-98.50593, 28.99181], [-98.50579, 28.99325], [-98.50562, 28.99475], [-98.50543, 28.99647], [-98.50528, 28.99807], [-98.50509, 28.99989], [-98.50508, 28.99999], [-98.50492, 29.00154], [-98.50471, 29.00332], [-98.50453, 29.00504], [-98.50434, 29.00683], [-98.50419, 29.00847], [-98.504, 29.01017], [-98.50381, 29.01189], [-98.50362, 29.01361], [-98.50343, 29.01533], [-98.5032, 29.0174], [-98.50304, 29.01904], [-98.50286, 29.02069], [-98.50269, 29.02235], [-98.50251, 29.024], [-98.50233, 29.02566], [-98.50215, 29.0273], [-98.50199, 29.02895], [-98.50181, 29.0306], [-98.50162, 29.03237], [-98.50145, 29.03383], [-98.50127, 29.03556], [-98.50111, 29.03718], [-98.50093, 29.03884], [-98.50077, 29.04049], [-98.5006, 29.04204], [-98.50043, 29.04359], [-98.50027, 29.04515], [-98.5001, 29.04672], [-98.49995, 29.04817], [-98.49977, 29.04981], [-98.4996, 29.05146], [-98.49942, 29.05308], [-98.49925, 29.05469], [-98.49909, 29.0563], [-98.49891, 29.05793], [-98.49874, 29.05953], [-98.49861, 29.0609], [-98.49846, 29.06227], [-98.49831, 29.06364], [-98.49817, 29.06501], [-98.49802, 29.06638], [-98.49786, 29.06761], [-98.49806, 29.06918], [-98.49823, 29.07074], [-98.4984, 29.0723], [-98.49858, 29.07385], [-98.49874, 29.07542], [-98.49891, 29.07698], [-98.49908, 29.07855], [-98.49923, 29.07992], [-98.49943, 29.08169], [-98.4996, 29.08345], [-98.49978, 29.0851], [-98.49996, 29.08684], [-98.50015, 29.08858], [-98.50037, 29.09031], [-98.50054, 29.09205], [-98.50073, 29.09379], [-98.50092, 29.09553], [-98.50111, 29.09726], [-98.5013, 29.099], [-98.50148, 29.10074], [-98.50168, 29.10249], [-98.50203, 29.10572], [-98.50219, 29.10724], [-98.50239, 29.10902], [-98.50256, 29.1107], [-98.50273, 29.11224], [-98.5029, 29.11382], [-98.50308, 29.11546], [-98.50326, 29.1171], [-98.50344, 29.11875], [-98.5036, 29.12027], [-98.50378, 29.12199], [-98.50395, 29.12371], [-98.50409, 29.12544], [-98.50424, 29.12716], [-98.50439, 29.12889], [-98.50443, 29.13052], [-98.50446, 29.13233], [-98.5045, 29.13405], [-98.50455, 29.13578], [-98.50455, 29.13745], [-98.50455, 29.13908], [-98.50455, 29.14073], [-98.50455, 29.14239], [-98.50455, 29.14404], [-98.50455, 29.14568], [-98.50457, 29.14722], [-98.50459, 29.14981], [-98.5046, 29.15179], [-98.5046, 29.15405], [-98.50461, 29.15652], [-98.50462, 29.15882], [-98.50462, 29.16109], [-98.50462, 29.1634], [-98.50462, 29.16565], [-98.50463, 29.168], [-98.50457, 29.17035], [-98.5047, 29.1714], [-98.50464, 29.17376], [-98.50463, 29.1758], [-98.50464, 29.17781], [-98.50465, 29.17988], [-98.50466, 29.18219], [-98.50466, 29.18395], [-98.50466, 29.18586], [-98.50465, 29.18776], [-98.50466, 29.18994], [-98.50465, 29.1919], [-98.50468, 29.19434], [-98.50468, 29.19662], [-98.50469, 29.19899], [-98.50469, 29.2014], [-98.5047, 29.20383], [-98.50471, 29.20589], [-98.50472, 29.20919], [-98.50452, 29.21017]]}, "properties": {"owner": "KARNES ELECTRIC COOP INC", "voltage_kv": 345.0}}, {"type": "Feature", "geometry": {"type": "LineString", "coordinates": [[-96.87834, 29.79572], [-96.87876, 29.79562], [-96.88212, 29.79563], [-96.8845, 29.79551], [-96.88868, 29.7948], [-96.89314, 29.79404], [-96.89727, 29.79398], [-96.90121, 29.79392], [-96.90518, 29.79385], [-96.9097, 29.79377], [-96.91381, 29.79372], [-96.91854, 29.79362], [-96.92265, 29.79356], [-96.92674, 29.79346], [-96.9301, 29.7934], [-96.93419, 29.79474], [-96.93789, 29.79596], [-96.94203, 29.79733], [-96.94616, 29.79865], [-96.95029, 29.80004], [-96.95411, 29.80129], [-96.95856, 29.80274], [-96.96241, 29.80401], [-96.96584, 29.80517], [-96.97022, 29.80663], [-96.97428, 29.80795], [-96.97843, 29.80932], [-96.98253, 29.81066], [-96.9867, 29.81204], [-96.99052, 29.8133], [-96.99448, 29.81458], [-96.99853, 29.81592], [-97.00319, 29.81746], [-97.00683, 29.81863], [-97.01101, 29.82001], [-97.01474, 29.82124], [-97.01842, 29.82245], [-97.02287, 29.8239], [-97.02666, 29.82516], [-97.03052, 29.82642], [-97.03475, 29.82782], [-97.03873, 29.82913], [-97.04044, 29.8297], [-97.04146, 29.83003], [-97.04435, 29.83096], [-97.04821, 29.83223], [-97.05206, 29.83348], [-97.05588, 29.83474], [-97.05907, 29.83579], [-97.06267, 29.83698], [-97.06692, 29.83813], [-97.07095, 29.83924], [-97.07456, 29.84024], [-97.07887, 29.84141], [-97.083, 29.84254], [-97.08707, 29.84363], [-97.09127, 29.8448], [-97.09559, 29.84598], [-97.09977, 29.8471], [-97.10394, 29.84826], [-97.10774, 29.8493], [-97.11203, 29.85048], [-97.1161, 29.85159], [-97.11946, 29.8525], [-97.12347, 29.8536], [-97.12748, 29.85469], [-97.13175, 29.85586], [-97.13596, 29.85701], [-97.14004, 29.85813], [-97.14395, 29.85918], [-97.14806, 29.86031], [-97.15234, 29.86148], [-97.15661, 29.86264], [-97.16042, 29.86368], [-97.16447, 29.86476], [-97.16858, 29.86591], [-97.17261, 29.867], [-97.1766, 29.86809], [-97.18066, 29.8692], [-97.18472, 29.87032], [-97.18909, 29.87151], [-97.19271, 29.87249], [-97.19697, 29.87364], [-97.20086, 29.8747], [-97.20516, 29.87587], [-97.2093, 29.87699], [-97.21326, 29.87808], [-97.2177, 29.87929], [-97.22151, 29.88032], [-97.22571, 29.88148], [-97.22947, 29.8825], [-97.23333, 29.88357], [-97.23758, 29.88471], [-97.24172, 29.88583], [-97.24598, 29.88699], [-97.24993, 29.88807], [-97.25414, 29.88921], [-97.25836, 29.89036], [-97.26182, 29.89129], [-97.26633, 29.89253], [-97.27023, 29.89359], [-97.27389, 29.89457], [-97.2775, 29.89557], [-97.28067, 29.89642], [-97.2846, 29.89748], [-97.28912, 29.89872], [-97.29302, 29.89978], [-97.29756, 29.90101], [-97.30069, 29.90186], [-97.30522, 29.90309], [-97.30912, 29.90416], [-97.31319, 29.90527], [-97.31695, 29.90628], [-97.32111, 29.90741], [-97.32463, 29.90837], [-97.32916, 29.90961], [-97.3328, 29.91059], [-97.33639, 29.91157], [-97.34032, 29.91263], [-97.34443, 29.91372], [-97.34882, 29.91492], [-97.35291, 29.91602], [-97.35691, 29.91712], [-97.36137, 29.91831], [-97.36528, 29.91938], [-97.36947, 29.92054], [-97.3734, 29.92159], [-97.37766, 29.92334], [-97.38073, 29.92459], [-97.38501, 29.92635], [-97.38852, 29.92779], [-97.39202, 29.92921], [-97.39631, 29.93098], [-97.40003, 29.9325], [-97.40343, 29.93389], [-97.40729, 29.93548], [-97.41001, 29.93659], [-97.41416, 29.93828], [-97.41799, 29.93986], [-97.42215, 29.94156], [-97.42589, 29.94308], [-97.42975, 29.94466], [-97.43371, 29.94631], [-97.43771, 29.94796], [-97.44159, 29.94954], [-97.44558, 29.95117], [-97.44916, 29.95264], [-97.45315, 29.95427], [-97.4569, 29.95581], [-97.45914, 29.95674], [-97.45991, 29.95706], [-97.46398, 29.95846], [-97.46799, 29.95982], [-97.47055, 29.96139], [-97.47444, 29.96297], [-97.47856, 29.96465], [-97.48246, 29.96625], [-97.48616, 29.96777], [-97.49047, 29.96951], [-97.49375, 29.97087], [-97.4978, 29.97254], [-97.5017, 29.97415], [-97.50573, 29.97578], [-97.50914, 29.97718], [-97.5131, 29.97879], [-97.5171, 29.98042], [-97.52138, 29.9811], [-97.52568, 29.9818], [-97.53001, 29.98247], [-97.53382, 29.98308], [-97.53832, 29.9838], [-97.54252, 29.98447], [-97.54672, 29.98511], [-97.55108, 29.98583], [-97.55542, 29.98652], [-97.55945, 29.98715], [-97.56378, 29.98784], [-97.56812, 29.98854], [-97.57154, 29.98908], [-97.57584, 29.98977], [-97.57964, 29.99037], [-97.58337, 29.99097], [-97.58774, 29.99166], [-97.59212, 29.99235], [-97.59614, 29.993], [-97.60078, 29.99372], [-97.60484, 29.99436], [-97.60882, 29.995], [-97.61327, 29.9951], [-97.61716, 29.99519], [-97.62112, 29.99644], [-97.62521, 29.99773], [-97.6288, 29.99842], [-97.63268, 29.99918], [-97.63603, 29.99983], [-97.64036, 30.00066], [-97.64433, 30.00143], [-97.64819, 30.00218], [-97.6526, 30.00268], [-97.65691, 30.00317], [-97.66079, 30.0036], [-97.66481, 30.00406], [-97.66511, 30.00408], [-97.66921, 30.00426], [-97.67334, 30.00433], [-97.67422, 30.00538]]}, "properties": {"owner": "BLUEBONNET ELECTRIC COOP, INC", "voltage_kv": 345.0}}, {"type": "Feature", "geometry": {"type": "LineString", "coordinates": [[-96.48439, 31.18553], [-96.48365, 31.18551], [-96.48293, 31.1846], [-96.48123, 31.18215], [-96.47976, 31.18002], [-96.47845, 31.17812], [-96.47608, 31.17575], [-96.47376, 31.17344], [-96.47212, 31.17109], [-96.47036, 31.16863], [-96.46849, 31.16593], [-96.46652, 31.16318], [-96.4647, 31.16056], [-96.46248, 31.15735], [-96.46081, 31.15508], [-96.45941, 31.15298], [-96.45773, 31.15061], [-96.45575, 31.14779], [-96.45382, 31.14506], [-96.45231, 31.14288], [-96.45065, 31.14053], [-96.44897, 31.13811], [-96.4471, 31.13546], [-96.44531, 31.13284], [-96.4431, 31.13024], [-96.44099, 31.1277], [-96.43881, 31.12513], [-96.43667, 31.12251], [-96.4345, 31.11994], [-96.43231, 31.11728], [-96.43014, 31.11473], [-96.42808, 31.11227], [-96.4266, 31.10984], [-96.4251, 31.1074], [-96.42342, 31.10507], [-96.4216, 31.1025], [-96.41993, 31.10016], [-96.41847, 31.09804], [-96.41626, 31.09627], [-96.41402, 31.09442], [-96.41184, 31.09264], [-96.40949, 31.09069], [-96.40728, 31.08889], [-96.40585, 31.0868], [-96.40398, 31.08409], [-96.40219, 31.0815], [-96.40023, 31.07866], [-96.39825, 31.07619], [-96.39625, 31.07368], [-96.39433, 31.07127], [-96.39224, 31.06865], [-96.39106, 31.06612], [-96.38987, 31.06362], [-96.3889, 31.06156], [-96.38867, 31.06106], [-96.38729, 31.05818], [-96.3859, 31.05524], [-96.38455, 31.05238], [-96.38323, 31.04952], [-96.38119, 31.04729], [-96.38099, 31.04707], [-96.37918, 31.04504], [-96.37709, 31.0427], [-96.37499, 31.04037], [-96.3728, 31.0379], [-96.37034, 31.03513], [-96.36821, 31.03274], [-96.36586, 31.03016], [-96.3639, 31.02742], [-96.3623, 31.02527], [-96.36055, 31.02249], [-96.35884, 31.01973], [-96.35728, 31.01722], [-96.35562, 31.01463], [-96.35395, 31.01204], [-96.35216, 31.00916], [-96.3504, 31.00636], [-96.34873, 31.00372], [-96.3472, 31.00126], [-96.34556, 30.99867], [-96.34383, 30.9959], [-96.34214, 30.99322], [-96.34044, 30.9905], [-96.3388, 30.9879], [-96.33716, 30.98533], [-96.33545, 30.98259], [-96.33361, 30.97971], [-96.33221, 30.97744], [-96.33064, 30.97519], [-96.32895, 30.9727], [-96.32724, 30.97041], [-96.32546, 30.96801], [-96.32364, 30.96553], [-96.32174, 30.96297], [-96.31987, 30.96042], [-96.31799, 30.95786], [-96.31611, 30.95532], [-96.31422, 30.95278], [-96.31239, 30.95024], [-96.31066, 30.94792], [-96.3088, 30.94538], [-96.30733, 30.94342], [-96.30703, 30.94301], [-96.30639, 30.93963], [-96.30577, 30.93664], [-96.30517, 30.93366], [-96.3046, 30.93067], [-96.30285, 30.92803], [-96.30109, 30.92526], [-96.29935, 30.92256], [-96.29766, 30.91995], [-96.29586, 30.91715], [-96.29406, 30.91436], [-96.2924, 30.91178], [-96.29049, 30.90877], [-96.28877, 30.90616], [-96.28714, 30.90363], [-96.2854, 30.90094], [-96.28372, 30.89828], [-96.28195, 30.89552], [-96.28015, 30.89275], [-96.27843, 30.89006], [-96.27673, 30.88742], [-96.27497, 30.88467], [-96.27317, 30.88191], [-96.27139, 30.87913], [-96.26969, 30.87649], [-96.26806, 30.87396], [-96.2663, 30.87122], [-96.26448, 30.86841], [-96.26268, 30.8656], [-96.26088, 30.8628], [-96.25925, 30.8602], [-96.25904, 30.85895]]}, "properties": {"owner": "CITY OF BRYAN - (TX)", "voltage_kv": 345.0}}, {"type": "Feature", "geometry": {"type": "LineString", "coordinates": [[-97.87865, 28.85889], [-97.8789, 28.8582], [-97.88077, 28.85825], [-97.88214, 28.8583], [-97.88401, 28.85835], [-97.88591, 28.85842], [-97.88749, 28.85848], [-97.88918, 28.85853], [-97.89031, 28.85858], [-97.89194, 28.85864], [-97.89361, 28.85869], [-97.8951, 28.85874], [-97.8965, 28.85879], [-97.89977, 28.8589], [-97.90181, 28.85897], [-97.90347, 28.85901], [-97.90532, 28.85908], [-97.9072, 28.85915], [-97.90923, 28.85921], [-97.91122, 28.85928], [-97.91279, 28.85933], [-97.91466, 28.8594], [-97.91655, 28.85945], [-97.91841, 28.85951], [-97.91999, 28.85957], [-97.92214, 28.85964], [-97.92407, 28.85973], [-97.92597, 28.85977], [-97.92783, 28.85984], [-97.92971, 28.85991], [-97.93136, 28.85996], [-97.93322, 28.86001], [-97.93511, 28.86007], [-97.93683, 28.86013], [-97.93837, 28.86029], [-97.93959, 28.8604], [-97.94127, 28.86058], [-97.94295, 28.86075], [-97.9446, 28.86094], [-97.94614, 28.86109], [-97.94765, 28.8613], [-97.94903, 28.86151], [-97.95073, 28.86175], [-97.95227, 28.86198], [-97.95419, 28.86226], [-97.95612, 28.86254], [-97.95797, 28.86281], [-97.96028, 28.86315], [-97.96252, 28.86348], [-97.96445, 28.86376], [-97.96598, 28.86398], [-97.96757, 28.86423], [-97.96917, 28.86445], [-97.97071, 28.86468], [-97.9726, 28.86495], [-97.9746, 28.86525], [-97.97622, 28.86548], [-97.97815, 28.86576], [-97.9799, 28.86603], [-97.98212, 28.86634], [-97.98399, 28.86662], [-97.98584, 28.86689], [-97.98784, 28.86719], [-97.99015, 28.86752], [-97.99197, 28.86776], [-97.99373, 28.86805], [-97.9957, 28.86834], [-97.99752, 28.8686], [-97.9997, 28.8689], [-98.00129, 28.86913], [-98.00332, 28.86942], [-98.00515, 28.86969], [-98.0069, 28.86994], [-98.00875, 28.87022], [-98.01046, 28.87046], [-98.01253, 28.87077], [-98.01439, 28.87104], [-98.01618, 28.8713], [-98.01806, 28.87157], [-98.01984, 28.87183], [-98.02167, 28.8721], [-98.02347, 28.87236], [-98.02519, 28.87261], [-98.02746, 28.87298], [-98.02946, 28.87331], [-98.03099, 28.87355], [-98.03246, 28.87379], [-98.03454, 28.87413], [-98.03638, 28.87443], [-98.03836, 28.87476], [-98.04006, 28.87503], [-98.04206, 28.87536], [-98.04398, 28.87567], [-98.04575, 28.87596], [-98.04744, 28.87623], [-98.04921, 28.87652], [-98.05105, 28.87682], [-98.05306, 28.87714], [-98.05472, 28.87742], [-98.05677, 28.87774], [-98.05862, 28.87804], [-98.06026, 28.87831], [-98.06215, 28.87861], [-98.0634, 28.87882], [-98.065, 28.87908], [-98.06661, 28.87934], [-98.06846, 28.87964], [-98.07031, 28.87995], [-98.07216, 28.88024], [-98.07399, 28.88054], [-98.07584, 28.88084], [-98.07769, 28.88114], [-98.07952, 28.88143], [-98.08104, 28.88168], [-98.08138, 28.88174], [-98.08321, 28.88204], [-98.0849, 28.88231], [-98.08689, 28.88263], [-98.08875, 28.88293], [-98.09059, 28.88323], [-98.09244, 28.88353], [-98.0945, 28.88387], [-98.09596, 28.88411], [-98.0975, 28.88436], [-98.09965, 28.8847], [-98.10118, 28.88495], [-98.10688, 28.88588], [-98.11757, 28.88768], [-98.12302, 28.88847], [-98.12496, 28.88879], [-98.12642, 28.88902], [-98.12827, 28.88932], [-98.13024, 28.88962], [-98.13162, 28.88985], [-98.14534, 28.89213], [-98.1503, 28.89283], [-98.15268, 28.89321], [-98.155, 28.89358], [-98.15654, 28.89382], [-98.1576, 28.89399], [-98.15922, 28.89425], [-98.16106, 28.89455], [-98.16293, 28.89484], [-98.16482, 28.89514], [-98.16671, 28.89543], [-98.16864, 28.89574], [-98.17049, 28.89604], [-98.17223, 28.89633], [-98.17408, 28.89662], [-98.17597, 28.89692], [-98.17798, 28.89724], [-98.1799, 28.89755], [-98.18181, 28.89785], [-98.18366, 28.89817], [-98.18549, 28.89849], [-98.18742, 28.89882], [-98.18971, 28.89921], [-98.19155, 28.89952], [-98.19342, 28.89984], [-98.19493, 28.90008], [-98.1966, 28.90033], [-98.19861, 28.90062], [-98.20045, 28.9009], [-98.2023, 28.90118], [-98.20425, 28.90146], [-98.206, 28.90172], [-98.20801, 28.90203], [-98.20971, 28.9023], [-98.21187, 28.90264], [-98.21341, 28.90288], [-98.21554, 28.90324], [-98.2174, 28.90352], [-98.21962, 28.90387], [-98.22165, 28.9042], [-98.22381, 28.90454], [-98.22573, 28.90485], [-98.22758, 28.90514], [-98.22942, 28.90543], [-98.23136, 28.90574], [-98.23325, 28.90604], [-98.23501, 28.90632], [-98.23702, 28.90664], [-98.23903, 28.90696], [-98.24066, 28.90721], [-98.2425, 28.9075], [-98.24387, 28.90772], [-98.24524, 28.90793], [-98.24725, 28.90824], [-98.24923, 28.90855], [-98.25108, 28.90884], [-98.25308, 28.90916], [-98.25432, 28.90934], [-98.25631, 28.90966], [-98.25755, 28.90985], [-98.2593, 28.91013], [-98.26077, 28.91036], [-98.26271, 28.91066], [-98.26462, 28.91096], [-98.26654, 28.91127], [-98.26847, 28.91157], [-98.26993, 28.9118], [-98.27155, 28.91205], [-98.2737, 28.91238], [-98.27541, 28.91262], [-98.27765, 28.91294], [-98.27943, 28.91319], [-98.28174, 28.91352], [-98.28359, 28.91378], [-98.28533, 28.91405], [-98.28743, 28.9144], [-98.28928, 28.91469], [-98.28931, 28.9147], [-98.29121, 28.915], [-98.29308, 28.91531], [-98.29497, 28.91562], [-98.29686, 28.91592], [-98.29874, 28.91622], [-98.30065, 28.91654], [-98.30255, 28.91685], [-98.30433, 28.91714], [-98.30633, 28.91747], [-98.30819, 28.91776], [-98.31004, 28.91804], [-98.3122, 28.91838], [-98.31389, 28.91864], [-98.31582, 28.91895], [-98.31589, 28.91896], [-98.31796, 28.91928], [-98.31972, 28.91955], [-98.32203, 28.91991], [-98.32387, 28.9202], [-98.3257, 28.92049], [-98.32752, 28.92078], [-98.32938, 28.92107], [-98.33122, 28.92136], [-98.33276, 28.9216], [-98.33446, 28.92186], [-98.33636, 28.92216], [-98.33792, 28.9224], [-98.33978, 28.92268], [-98.34162, 28.92297], [-98.34348, 28.92326], [-98.34532, 28.92354], [-98.34716, 28.92383], [-98.34905, 28.92411], [-98.35059, 28.92435], [-98.35244, 28.92464], [-98.35428, 28.92493], [-98.35615, 28.92522], [-98.35797, 28.92551], [-98.35985, 28.92581], [-98.36172, 28.9261], [-98.36321, 28.92633], [-98.36508, 28.92662], [-98.36684, 28.9269], [-98.3687, 28.92719], [-98.37054, 28.92747], [-98.37218, 28.92779], [-98.37381, 28.9281], [-98.37546, 28.92842], [-98.3771, 28.92874], [-98.37855, 28.92902], [-98.38038, 28.92938], [-98.3822, 28.92972], [-98.38403, 28.93007], [-98.38586, 28.93043], [-98.38752, 28.93075], [-98.38939, 28.93111], [-98.39128, 28.93146], [-98.39312, 28.93183], [-98.39496, 28.9322], [-98.39862, 28.93291], [-98.39984, 28.93314], [-98.40141, 28.93344], [-98.40281, 28.93371], [-98.4042, 28.93399], [-98.40528, 28.9342], [-98.40711, 28.93455], [-98.40893, 28.93491], [-98.41077, 28.93526], [-98.41245, 28.93559], [-98.41414, 28.93591], [-98.41586, 28.93625], [-98.41754, 28.93657], [-98.41922, 28.93689], [-98.42112, 28.93726], [-98.42302, 28.93763], [-98.42468, 28.93795], [-98.42652, 28.9383], [-98.42827, 28.93864], [-98.43006, 28.93899], [-98.43189, 28.93934], [-98.43374, 28.9397], [-98.43531, 28.94], [-98.43744, 28.94042], [-98.43929, 28.94077], [-98.4412, 28.94114], [-98.44313, 28.94151], [-98.44503, 28.94188], [-98.44695, 28.94225], [-98.44888, 28.94263], [-98.45064, 28.94297], [-98.45178, 28.94319], [-98.45339, 28.9435], [-98.45515, 28.94384], [-98.45691, 28.94418], [-98.45867, 28.94452], [-98.46046, 28.94486], [-98.46218, 28.9452], [-98.46361, 28.94547], [-98.46543, 28.94583], [-98.46728, 28.94618], [-98.46905, 28.94652], [-98.47081, 28.94686], [-98.47255, 28.9472], [-98.47431, 28.94754], [-98.47604, 28.94788], [-98.4778, 28.94821], [-98.47952, 28.94857], [-98.48176, 28.94853], [-98.48501, 28.94855]]}, "properties": {"owner": "AEP TEXAS CENTRAL COMPANY", "voltage_kv": 345.0}}, {"type": "Feature", "geometry": {"type": "LineString", "coordinates": [[-96.68777, 29.96283], [-96.68616, 29.96271], [-96.67993, 29.96868], [-96.67752, 29.97133], [-96.67541, 29.973], [-96.64631, 30.00092], [-96.58596, 30.03208], [-96.54753, 30.04797], [-96.50375, 30.07886], [-96.4605, 30.10944], [-96.45255, 30.10651], [-96.44713, 30.10538], [-96.42678, 30.11121], [-96.42546, 30.11118]]}, "properties": {"owner": "BLUEBONNET ELECTRIC COOP, INC", "voltage_kv": 345.0}}, {"type": "Feature", "geometry": {"type": "LineString", "coordinates": [[-96.05745, 31.81953], [-96.05709, 31.819], [-96.0596, 31.81797], [-96.07275, 31.81253], [-96.10016, 31.79736], [-96.10657, 31.77879], [-96.10748, 31.77307], [-96.11032, 31.76534], [-96.11633, 31.76444], [-96.11893, 31.76329], [-96.11959, 31.74394], [-96.12049, 31.6983], [-96.12054, 31.69543], [-96.12058, 31.69298], [-96.12087, 31.67612], [-96.12124, 31.65459], [-96.12156, 31.63609], [-96.12181, 31.6215], [-96.11896, 31.55722], [-96.1182, 31.53127], [-96.11818, 31.49033], [-96.11825, 31.45821], [-96.11952, 31.42756], [-96.13162, 31.37509], [-96.1321, 31.37169], [-96.1328, 31.37132]]}, "properties": {"owner": "ONCOR ELECTRIC DELIVERY CO.", "voltage_kv": 345.0}}, {"type": "Feature", "geometry": {"type": "LineString", "coordinates": [[-99.09241, 28.92742], [-99.09198, 28.92721], [-99.09228, 28.92684], [-99.09278, 28.92626], [-99.09194, 28.92559], [-99.0911, 28.92493], [-99.09025, 28.92426], [-99.08932, 28.925], [-99.08816, 28.92595], [-99.08715, 28.92679], [-99.08627, 28.92745], [-99.08602, 28.92829], [-99.08577, 28.92916], [-99.08543, 28.93035], [-99.08506, 28.93155], [-99.08469, 28.93276], [-99.08438, 28.93376], [-99.08416, 28.93455], [-99.08328, 28.93531], [-99.08237, 28.9361], [-99.08122, 28.93711], [-99.08024, 28.93798], [-99.07914, 28.93893], [-99.07802, 28.93991], [-99.07692, 28.94086], [-99.07581, 28.94183], [-99.07471, 28.94279], [-99.07359, 28.94377], [-99.07249, 28.94473], [-99.07139, 28.9457], [-99.07026, 28.94669], [-99.06919, 28.94762], [-99.06809, 28.94859], [-99.06719, 28.94936], [-99.06697, 28.94955], [-99.0659, 28.95049], [-99.06477, 28.95149], [-99.06363, 28.95248], [-99.06249, 28.95348], [-99.06142, 28.95441], [-99.06054, 28.9552], [-99.0593, 28.95536], [-99.05774, 28.95559], [-99.05618, 28.95581], [-99.05466, 28.95603], [-99.05311, 28.95625], [-99.05155, 28.95648], [-99.05002, 28.9567], [-99.04849, 28.95692], [-99.04696, 28.95713], [-99.04542, 28.95736], [-99.04388, 28.95758], [-99.04244, 28.95779], [-99.04106, 28.95798], [-99.03953, 28.9582], [-99.038, 28.95843], [-99.03664, 28.95862], [-99.03506, 28.95885], [-99.03347, 28.95907], [-99.0319, 28.9593], [-99.0304, 28.95951], [-99.0288, 28.95974], [-99.02727, 28.95996], [-99.02575, 28.96018], [-99.0242, 28.9604], [-99.02294, 28.96058], [-99.02156, 28.96078], [-99.0201, 28.96099], [-99.0188, 28.96117], [-99.01726, 28.9614], [-99.01573, 28.96162], [-99.0145, 28.9618], [-99.01371, 28.96191], [-99.01355, 28.96193], [-99.01232, 28.96211], [-99.01075, 28.96233], [-99.00915, 28.96256], [-99.00755, 28.96279], [-99.00604, 28.963], [-99.0045, 28.96322], [-99.00297, 28.96344], [-99.00155, 28.96364], [-99.00007, 28.96385], [-98.99859, 28.96406], [-98.99709, 28.96428], [-98.99554, 28.9645], [-98.99395, 28.96473], [-98.9924, 28.96495], [-98.99084, 28.96517], [-98.98929, 28.96539], [-98.98775, 28.96561], [-98.9862, 28.96583], [-98.98459, 28.96606], [-98.98313, 28.96627], [-98.98154, 28.9665], [-98.97998, 28.96672], [-98.97843, 28.96694], [-98.97687, 28.96717], [-98.97531, 28.96739], [-98.97409, 28.96758], [-98.97302, 28.96754], [-98.97146, 28.96742], [-98.96992, 28.9673], [-98.96834, 28.96717], [-98.96685, 28.96705], [-98.96544, 28.96694], [-98.9639, 28.96682], [-98.96228, 28.96669], [-98.96079, 28.96657], [-98.95922, 28.96644], [-98.95768, 28.96632], [-98.95615, 28.96621], [-98.95459, 28.96609], [-98.95303, 28.96597], [-98.95145, 28.96584], [-98.94986, 28.96571], [-98.94841, 28.96559], [-98.94679, 28.96547], [-98.94494, 28.96532], [-98.94365, 28.96522], [-98.94224, 28.96512], [-98.94094, 28.96504], [-98.93959, 28.96495], [-98.93818, 28.96486], [-98.93679, 28.96477], [-98.93512, 28.96467], [-98.93383, 28.96458], [-98.93263, 28.96451], [-98.93144, 28.96452], [-98.93004, 28.96453], [-98.92869, 28.96454], [-98.92734, 28.96456], [-98.92597, 28.96457], [-98.92463, 28.96448], [-98.92325, 28.96439], [-98.92184, 28.9643], [-98.92047, 28.96421], [-98.91911, 28.96413], [-98.91772, 28.96404], [-98.91632, 28.96395], [-98.91492, 28.96386], [-98.91353, 28.96377], [-98.91223, 28.96368], [-98.9108, 28.96359], [-98.90936, 28.9635], [-98.90788, 28.96341], [-98.90641, 28.96331], [-98.90495, 28.96321], [-98.90313, 28.9631], [-98.90196, 28.96302], [-98.90047, 28.96292], [-98.899, 28.96283], [-98.89749, 28.96273], [-98.89602, 28.96263], [-98.8945, 28.96253], [-98.89299, 28.96243], [-98.89155, 28.96234], [-98.89006, 28.96224], [-98.88859, 28.96214], [-98.88712, 28.96203], [-98.8856, 28.96192], [-98.88408, 28.96181], [-98.88274, 28.96171], [-98.88128, 28.96162], [-98.87982, 28.96152], [-98.87834, 28.96142], [-98.87688, 28.96132], [-98.87545, 28.96121], [-98.87398, 28.96111], [-98.87253, 28.96101], [-98.87109, 28.96092], [-98.86964, 28.96083], [-98.86817, 28.96075], [-98.86669, 28.96066], [-98.86526, 28.96057], [-98.8638, 28.96049], [-98.8624, 28.9604], [-98.86091, 28.96031], [-98.85944, 28.96022], [-98.8578, 28.96013], [-98.85619, 28.96003], [-98.85456, 28.95993], [-98.85332, 28.95985], [-98.8521, 28.96008], [-98.85057, 28.96036], [-98.84905, 28.96064], [-98.8476, 28.96091], [-98.84613, 28.96118], [-98.84464, 28.96145], [-98.84316, 28.96173], [-98.84169, 28.962], [-98.84017, 28.96228], [-98.83871, 28.96255], [-98.83724, 28.96282], [-98.83577, 28.96308], [-98.83502, 28.96321], [-98.83432, 28.96336], [-98.83322, 28.96356], [-98.83198, 28.96377], [-98.8305, 28.96406], [-98.82927, 28.96398], [-98.82806, 28.9639], [-98.8268, 28.96382], [-98.82557, 28.96375], [-98.82408, 28.96365], [-98.82261, 28.96356], [-98.82137, 28.96347], [-98.82063, 28.9641], [-98.81989, 28.96473], [-98.81912, 28.96539], [-98.8179, 28.96537], [-98.81665, 28.96534], [-98.81562, 28.96533], [-98.81422, 28.9653], [-98.81291, 28.96528], [-98.81151, 28.96526], [-98.81001, 28.96523], [-98.80908, 28.9652], [-98.80814, 28.96518], [-98.80649, 28.96515], [-98.80484, 28.96512], [-98.80325, 28.96509], [-98.80201, 28.96507], [-98.80075, 28.96504], [-98.79951, 28.96502], [-98.79825, 28.96501], [-98.79723, 28.96499], [-98.79628, 28.9653], [-98.79491, 28.96576], [-98.79355, 28.96622], [-98.79223, 28.96652], [-98.79092, 28.96683], [-98.78958, 28.96714], [-98.78823, 28.96746], [-98.787, 28.96775], [-98.78561, 28.96807], [-98.78438, 28.96836], [-98.78293, 28.96869], [-98.78153, 28.96902], [-98.7801, 28.96936], [-98.77862, 28.96971], [-98.77727, 28.97002], [-98.77588, 28.97034], [-98.77443, 28.97068], [-98.77295, 28.97103], [-98.77161, 28.97134], [-98.77026, 28.97166], [-98.76883, 28.97199], [-98.76749, 28.97231], [-98.76595, 28.97267], [-98.7646, 28.97298], [-98.76322, 28.97331], [-98.76193, 28.97361], [-98.76073, 28.97389], [-98.75947, 28.97418], [-98.75802, 28.97452], [-98.75707, 28.97474], [-98.75632, 28.97491], [-98.75552, 28.97556], [-98.75447, 28.97639], [-98.75343, 28.97723], [-98.75227, 28.97815], [-98.75105, 28.97913], [-98.75005, 28.97993], [-98.74904, 28.98073], [-98.74805, 28.98152], [-98.74708, 28.98229], [-98.74601, 28.98315], [-98.74503, 28.98393], [-98.74396, 28.98478], [-98.74289, 28.98563], [-98.74191, 28.98642], [-98.7409, 28.98722], [-98.73987, 28.98802], [-98.73876, 28.98892], [-98.73767, 28.98979], [-98.73661, 28.99064], [-98.73558, 28.99144], [-98.73444, 28.99237], [-98.7333, 28.99328], [-98.73211, 28.99423], [-98.73096, 28.99515], [-98.73003, 28.99589], [-98.72898, 28.99673], [-98.72801, 28.99751], [-98.72685, 28.99843], [-98.72565, 28.9994], [-98.72479, 29.00009], [-98.72443, 29.00038], [-98.72407, 29.00067], [-98.72343, 29.0012], [-98.72257, 29.00189], [-98.72155, 29.00223], [-98.71997, 29.00276], [-98.71857, 29.00324], [-98.71716, 29.00372], [-98.71579, 29.00419], [-98.71477, 29.00455], [-98.71371, 29.0048], [-98.71217, 29.00516], [-98.71079, 29.00549], [-98.70931, 29.00585], [-98.708, 29.00616], [-98.70677, 29.00646], [-98.70534, 29.0068], [-98.70392, 29.00714], [-98.70255, 29.00747], [-98.70099, 29.00784], [-98.69941, 29.00821], [-98.69801, 29.00854], [-98.69726, 29.00871], [-98.69637, 29.00906], [-98.69523, 29.00947], [-98.69407, 29.0099], [-98.69287, 29.01034], [-98.69182, 29.01073], [-98.6906, 29.01118], [-98.68945, 29.0116], [-98.6881, 29.0121], [-98.68673, 29.01261], [-98.68556, 29.01304], [-98.68435, 29.01348], [-98.6831, 29.01394], [-98.68182, 29.01441], [-98.68053, 29.01489], [-98.67923, 29.01536], [-98.67807, 29.01579], [-98.67673, 29.01628], [-98.6754, 29.01677], [-98.67405, 29.01727], [-98.67271, 29.01776], [-98.67126, 29.01828], [-98.66979, 29.01883], [-98.66861, 29.01927], [-98.66726, 29.01977], [-98.66593, 29.02026], [-98.66469, 29.02071], [-98.66341, 29.02118], [-98.66223, 29.02161], [-98.66103, 29.02205], [-98.65957, 29.02259], [-98.65832, 29.02305], [-98.65689, 29.02357], [-98.65536, 29.02414], [-98.65443, 29.02448], [-98.65346, 29.02469], [-98.65195, 29.02501], [-98.65047, 29.02532], [-98.64926, 29.02558], [-98.648, 29.02585], [-98.64665, 29.02614], [-98.6456, 29.02637], [-98.64447, 29.02632], [-98.64363, 29.0267], [-98.64221, 29.02729], [-98.64092, 29.02786], [-98.63971, 29.02838], [-98.63852, 29.0289], [-98.63704, 29.02954], [-98.63582, 29.03007], [-98.63456, 29.03061], [-98.6333, 29.03116], [-98.63203, 29.03171], [-98.63073, 29.03227], [-98.62939, 29.03285], [-98.62826, 29.03335], [-98.62683, 29.03396], [-98.62542, 29.03457], [-98.62403, 29.03517], [-98.62305, 29.03561], [-98.62209, 29.03577], [-98.62078, 29.03602], [-98.61944, 29.03627], [-98.61817, 29.03651], [-98.61671, 29.03678], [-98.61527, 29.03705], [-98.6138, 29.03732], [-98.61236, 29.03758], [-98.61092, 29.03785], [-98.61024, 29.03807], [-98.60995, 29.03825]]}, "properties": {"owner": "AEP TEXAS CENTRAL COMPANY", "voltage_kv": 345.0}}, {"type": "Feature", "geometry": {"type": "LineString", "coordinates": [[-95.97332, 30.66141], [-95.97462, 30.66235], [-95.97462, 30.66374], [-95.97324, 30.66816], [-95.9836, 30.71457], [-96.01394, 30.84775], [-96.02613, 30.89738], [-96.02827, 30.91788], [-96.03279, 30.93967], [-96.03524, 30.94992], [-96.03835, 30.96403], [-96.03978, 30.97027], [-96.0424, 30.98071], [-96.04621, 30.99765], [-96.0532, 31.02947], [-96.06562, 31.08067], [-96.07218, 31.10869], [-96.08053, 31.14451], [-96.09451, 31.20429], [-96.10822, 31.26334], [-96.10942, 31.26889], [-96.11554, 31.29557], [-96.11591, 31.29771], [-96.13213, 31.36799], [-96.1327, 31.3708], [-96.13257, 31.37109], [-96.1328, 31.37132]]}, "properties": {"owner": "ENTERGY TEXAS INC.", "voltage_kv": 345.0}}, {"type": "Feature", "geometry": {"type": "LineString", "coordinates": [[-97.67422, 30.00538], [-97.67275, 30.00583], [-97.6707, 30.00757], [-97.66829, 30.00961], [-97.66589, 30.01165], [-97.66574, 30.01178], [-97.66283, 30.01425], [-97.66027, 30.01639], [-97.65765, 30.01863], [-97.65479, 30.02105], [-97.65222, 30.02322], [-97.6497, 30.02537], [-97.6471, 30.02758], [-97.64462, 30.02968], [-97.64223, 30.03172], [-97.64014, 30.03347], [-97.6381, 30.03521], [-97.63584, 30.03708], [-97.63323, 30.03931], [-97.6307, 30.0415], [-97.62866, 30.04321], [-97.62598, 30.0455], [-97.62337, 30.0477], [-97.62105, 30.04967], [-97.61888, 30.05151], [-97.61659, 30.05344], [-97.61457, 30.05517], [-97.61247, 30.05694], [-97.61087, 30.05829], [-97.60851, 30.0603], [-97.60636, 30.06213], [-97.60404, 30.06407], [-97.60196, 30.06584], [-97.59985, 30.06762], [-97.59737, 30.06973], [-97.59448, 30.07216], [-97.59215, 30.07415], [-97.59, 30.07595], [-97.58742, 30.07813], [-97.58477, 30.08038], [-97.5829, 30.08196], [-97.58079, 30.08376], [-97.57847, 30.0857], [-97.5772, 30.08786], [-97.57605, 30.08982], [-97.57431, 30.09271], [-97.57305, 30.09486], [-97.57181, 30.09693], [-97.57023, 30.09956], [-97.56878, 30.102], [-97.56719, 30.10468], [-97.5655, 30.10758], [-97.5644, 30.10947], [-97.56273, 30.11226], [-97.56129, 30.11469], [-97.55977, 30.11725], [-97.55824, 30.1198], [-97.55674, 30.12232], [-97.55515, 30.12501], [-97.55369, 30.12744], [-97.55193, 30.1304], [-97.55049, 30.13283], [-97.5488, 30.13566], [-97.54533, 30.14144], [-97.54537, 30.14262]]}, "properties": {"owner": "BLUEBONNET ELECTRIC COOP, INC", "voltage_kv": 345.0}}, {"type": "Feature", "geometry": {"type": "LineString", "coordinates": [[-96.99494, 30.02549], [-96.99558, 30.02582], [-96.98671, 30.04371], [-96.98697, 30.04379], [-96.98654, 30.04442]]}, "properties": {"owner": "BLUEBONNET ELECTRIC COOP, INC", "voltage_kv": 345.0}}, {"type": "Feature", "geometry": {"type": "LineString", "coordinates": [[-96.1328, 31.37132], [-96.13343, 31.37108], [-96.13802, 31.37174], [-96.14138, 31.37195], [-96.1439, 31.3721], [-96.14641, 31.37225], [-96.14918, 31.37243], [-96.15184, 31.37258], [-96.15495, 31.37276], [-96.15838, 31.37298], [-96.16102, 31.37313], [-96.16372, 31.37328], [-96.16762, 31.37353], [-96.17098, 31.37373], [-96.17417, 31.37392], [-96.17793, 31.37413], [-96.18155, 31.37435], [-96.18511, 31.37457], [-96.18838, 31.37476], [-96.19185, 31.37496], [-96.19495, 31.37533], [-96.19687, 31.37554], [-96.2004, 31.37593], [-96.20329, 31.37626], [-96.20614, 31.37658], [-96.20965, 31.37697], [-96.21225, 31.37726], [-96.21565, 31.37764], [-96.2195, 31.37807], [-96.22239, 31.37841], [-96.22592, 31.3788], [-96.22936, 31.37918], [-96.23281, 31.37955], [-96.23561, 31.37773], [-96.23839, 31.37591], [-96.24119, 31.37409], [-96.24391, 31.37231], [-96.24646, 31.37065], [-96.24888, 31.36906], [-96.25155, 31.36732], [-96.25413, 31.36571], [-96.25661, 31.36702], [-96.25896, 31.3684], [-96.26129, 31.36978], [-96.26371, 31.37121], [-96.26871, 31.37414], [-96.27109, 31.37558], [-96.27251, 31.37758], [-96.27395, 31.37954], [-96.27545, 31.3815], [-96.27691, 31.38358], [-96.2797, 31.38368], [-96.28241, 31.38381], [-96.28508, 31.38399], [-96.28612, 31.38404], [-96.28863, 31.38417], [-96.29168, 31.38437], [-96.29513, 31.38456], [-96.29869, 31.38476], [-96.30226, 31.38494], [-96.30519, 31.38512], [-96.30884, 31.38536], [-96.31228, 31.38582], [-96.31552, 31.38623], [-96.31841, 31.38663], [-96.32228, 31.38708], [-96.32585, 31.38756], [-96.32918, 31.38801], [-96.33267, 31.38846], [-96.33604, 31.3889], [-96.33953, 31.38937], [-96.34311, 31.38976], [-96.34629, 31.39025], [-96.34981, 31.3907], [-96.35334, 31.39116], [-96.35725, 31.39166], [-96.36049, 31.39209], [-96.36368, 31.39251], [-96.36696, 31.39292], [-96.37047, 31.39339], [-96.37402, 31.39386], [-96.38106, 31.39472], [-96.38441, 31.39518], [-96.38798, 31.39564], [-96.3922, 31.39617], [-96.39581, 31.39663], [-96.39923, 31.39709], [-96.40244, 31.39749], [-96.40588, 31.39794], [-96.40893, 31.39832], [-96.41185, 31.39871], [-96.41515, 31.39913], [-96.4187, 31.39957], [-96.42226, 31.40004], [-96.42576, 31.40052], [-96.42872, 31.40091], [-96.43212, 31.40133], [-96.43593, 31.40184], [-96.4389, 31.40222], [-96.44201, 31.40265], [-96.44501, 31.40302], [-96.44878, 31.4036], [-96.45238, 31.4041], [-96.45605, 31.40465], [-96.45893, 31.40503], [-96.46243, 31.40553], [-96.46608, 31.40606], [-96.4693, 31.4065], [-96.47292, 31.40705], [-96.47616, 31.40754], [-96.47993, 31.40805], [-96.48447, 31.4087], [-96.48811, 31.40922], [-96.49165, 31.40975], [-96.49531, 31.41025], [-96.49879, 31.4108], [-96.5021, 31.41127], [-96.50543, 31.41175], [-96.50899, 31.41227], [-96.51262, 31.41278], [-96.51582, 31.41324], [-96.51952, 31.41378], [-96.52326, 31.41429], [-96.52558, 31.41466], [-96.52849, 31.41507], [-96.53228, 31.4156], [-96.53523, 31.41603], [-96.53897, 31.41658], [-96.54211, 31.41703], [-96.54491, 31.41743], [-96.54849, 31.41793], [-96.55174, 31.41839], [-96.55503, 31.41886], [-96.55826, 31.41934], [-96.56174, 31.41995], [-96.56519, 31.42057], [-96.56823, 31.42109], [-96.57194, 31.42175], [-96.5752, 31.42235], [-96.57889, 31.42301], [-96.58152, 31.42348], [-96.58473, 31.42403], [-96.58849, 31.42471], [-96.5919, 31.42529], [-96.595, 31.42586], [-96.5982, 31.42641], [-96.60133, 31.42696], [-96.60455, 31.42748], [-96.60785, 31.42798], [-96.61143, 31.42846], [-96.61508, 31.42893], [-96.61828, 31.42938], [-96.62046, 31.42967], [-96.62375, 31.43011], [-96.62738, 31.43059], [-96.63052, 31.43101], [-96.63437, 31.43154], [-96.63779, 31.43199], [-96.64097, 31.43243], [-96.64447, 31.43288], [-96.64825, 31.43338], [-96.65119, 31.43379], [-96.65473, 31.43424], [-96.65838, 31.43474], [-96.66098, 31.43508], [-96.66404, 31.43551], [-96.66746, 31.43596], [-96.67077, 31.43641], [-96.67395, 31.43682], [-96.67768, 31.43732], [-96.67806, 31.43737], [-96.68084, 31.43775], [-96.68408, 31.4382], [-96.68715, 31.4386], [-96.69077, 31.4391], [-96.69436, 31.43957], [-96.69781, 31.44002], [-96.70161, 31.44053], [-96.70448, 31.44093], [-96.7082, 31.44141], [-96.71149, 31.44184], [-96.7151, 31.44233], [-96.71866, 31.4428], [-96.72189, 31.44323], [-96.72475, 31.44361], [-96.72813, 31.44406], [-96.73129, 31.44449], [-96.73458, 31.44493], [-96.73795, 31.44538], [-96.74142, 31.44583], [-96.74513, 31.44633], [-96.74857, 31.44679], [-96.75207, 31.44727], [-96.75575, 31.44776], [-96.75926, 31.44823], [-96.76297, 31.44872], [-96.7665, 31.44919], [-96.77003, 31.44966], [-96.77372, 31.45018], [-96.77689, 31.45061], [-96.77983, 31.45101], [-96.78344, 31.4515], [-96.78668, 31.45196], [-96.7896, 31.45236], [-96.79278, 31.45279], [-96.79584, 31.45323], [-96.79912, 31.45367], [-96.80247, 31.45412], [-96.80546, 31.45455], [-96.80836, 31.45495], [-96.81215, 31.45548], [-96.81484, 31.45584], [-96.81792, 31.45627], [-96.82066, 31.45665], [-96.8241, 31.45712], [-96.82779, 31.45764], [-96.83127, 31.4581], [-96.83482, 31.45859], [-96.83829, 31.45908], [-96.84185, 31.45957], [-96.84493, 31.45992], [-96.84815, 31.46026], [-96.85132, 31.46062], [-96.85364, 31.46087], [-96.85692, 31.46123], [-96.85958, 31.46153], [-96.86255, 31.46186], [-96.86637, 31.46227], [-96.86962, 31.46265], [-96.87288, 31.463], [-96.87668, 31.46342], [-96.87932, 31.46371], [-96.88299, 31.46413], [-96.88644, 31.46448], [-96.88961, 31.46486], [-96.89276, 31.46524], [-96.89636, 31.4657], [-96.89922, 31.46606], [-96.9025, 31.46647], [-96.90565, 31.46687], [-96.90934, 31.46734], [-96.91213, 31.46769], [-96.91596, 31.46817], [-96.91877, 31.46851], [-96.92107, 31.46883], [-96.92323, 31.46904], [-96.92586, 31.46933], [-96.92972, 31.46976], [-96.933, 31.47011], [-96.93552, 31.47039], [-96.93943, 31.47082], [-96.94191, 31.47111], [-96.94452, 31.47138], [-96.94776, 31.47174], [-96.9504, 31.47202], [-96.9539, 31.47243], [-96.95666, 31.4726], [-96.95861, 31.47258], [-96.96055, 31.47267], [-96.96068, 31.47351]]}, "properties": {"owner": "ONCOR ELECTRIC DELIVERY CO.", "voltage_kv": 345.0}}, {"type": "Feature", "geometry": {"type": "LineString", "coordinates": [[-97.54854, 30.14548], [-97.54551, 30.14155], [-97.54889, 30.13571], [-97.55057, 30.13288], [-97.55201, 30.13046], [-97.55378, 30.1275], [-97.55523, 30.12506], [-97.55683, 30.12237], [-97.55832, 30.11985], [-97.55986, 30.1173], [-97.56137, 30.11474], [-97.56282, 30.11231], [-97.56448, 30.10952], [-97.56559, 30.10763], [-97.56728, 30.10473], [-97.56887, 30.10205], [-97.57032, 30.09961], [-97.57189, 30.09698], [-97.57313, 30.09491], [-97.57439, 30.09276], [-97.57614, 30.08987], [-97.57728, 30.08791], [-97.57855, 30.08577], [-97.58085, 30.08384], [-97.58297, 30.08203], [-97.58484, 30.08046], [-97.58748, 30.07821], [-97.59007, 30.07603], [-97.59221, 30.07422], [-97.59454, 30.07224], [-97.59744, 30.0698], [-97.59992, 30.0677], [-97.60202, 30.06591], [-97.6041, 30.06415], [-97.60642, 30.0622], [-97.60857, 30.06038], [-97.61093, 30.05837], [-97.61253, 30.05702], [-97.61464, 30.05524], [-97.61666, 30.05352], [-97.61894, 30.05159], [-97.62112, 30.04974], [-97.62344, 30.04778], [-97.62604, 30.04558], [-97.62873, 30.04328], [-97.63076, 30.04157], [-97.6333, 30.03939], [-97.6359, 30.03716], [-97.63816, 30.03528], [-97.6402, 30.03355], [-97.6423, 30.0318], [-97.64469, 30.02976], [-97.64717, 30.02765], [-97.64976, 30.02544], [-97.65228, 30.02329], [-97.65485, 30.02112], [-97.65771, 30.0187], [-97.66033, 30.01647], [-97.66289, 30.01432], [-97.6658, 30.01186], [-97.66596, 30.01172], [-97.66836, 30.00969], [-97.67076, 30.00764], [-97.67281, 30.00591], [-97.67422, 30.00538]]}, "properties": {"owner": "BLUEBONNET ELECTRIC COOP, INC", "voltage_kv": 345.0}}, {"type": "Feature", "geometry": {"type": "LineString", "coordinates": [[-98.02372, 28.73986], [-98.02348, 28.74038], [-98.02342, 28.74087], [-98.02034, 28.74145], [-98.0168, 28.74221], [-98.01288, 28.74306], [-98.0089, 28.7439], [-98.00525, 28.74463], [-98.00157, 28.74505], [-97.99809, 28.74628], [-97.99482, 28.74733], [-97.992, 28.74825], [-97.98913, 28.74918], [-97.98567, 28.75029], [-97.98231, 28.75137], [-97.97904, 28.75243], [-97.97586, 28.75346], [-97.97237, 28.75458], [-97.96882, 28.75573], [-97.96588, 28.75666], [-97.96299, 28.75764], [-97.96008, 28.75859], [-97.95718, 28.75955], [-97.95389, 28.76062], [-97.95087, 28.76162], [-97.94798, 28.76257], [-97.94446, 28.76372], [-97.94138, 28.76473], [-97.93892, 28.76484], [-97.93542, 28.765], [-97.93308, 28.76297], [-97.93123, 28.76138], [-97.92849, 28.75907], [-97.9259, 28.75687], [-97.92409, 28.75462], [-97.92264, 28.75339], [-97.92009, 28.75123], [-97.91739, 28.74893], [-97.91475, 28.74669], [-97.91206, 28.74441], [-97.90952, 28.74223], [-97.90668, 28.73983], [-97.90441, 28.73787], [-97.90144, 28.7375], [-97.8987, 28.73714], [-97.89567, 28.73674], [-97.89227, 28.7363], [-97.88884, 28.73585], [-97.88551, 28.73541], [-97.88205, 28.73496], [-97.87882, 28.73453], [-97.87537, 28.73408], [-97.87163, 28.73359], [-97.86794, 28.73367], [-97.86414, 28.73376], [-97.86049, 28.73384], [-97.85684, 28.73392], [-97.85308, 28.73399], [-97.8492, 28.73408], [-97.84575, 28.73415], [-97.84287, 28.73418], [-97.84016, 28.73419], [-97.83691, 28.73423], [-97.83375, 28.73426], [-97.83011, 28.73482], [-97.82647, 28.73539], [-97.82504, 28.73561], [-97.82277, 28.73596], [-97.81927, 28.73651], [-97.81557, 28.73708], [-97.81208, 28.73762], [-97.8083, 28.73822], [-97.80481, 28.73875], [-97.80094, 28.73935], [-97.79788, 28.73983], [-97.79466, 28.74019], [-97.79102, 28.74064], [-97.7887, 28.7409], [-97.78541, 28.74129], [-97.78226, 28.74166], [-97.77952, 28.74197], [-97.7765, 28.74216], [-97.77345, 28.74234], [-97.77011, 28.74254], [-97.76678, 28.74273], [-97.76411, 28.7429], [-97.76081, 28.74309], [-97.75762, 28.74329], [-97.75444, 28.74347], [-97.75103, 28.74368], [-97.7478, 28.74388], [-97.74456, 28.74407], [-97.74091, 28.74429], [-97.73778, 28.74372], [-97.73425, 28.74307], [-97.73043, 28.74236], [-97.72714, 28.74176], [-97.72385, 28.74115], [-97.7202, 28.74049], [-97.71648, 28.73979], [-97.71356, 28.74032], [-97.71064, 28.74083], [-97.7074, 28.7414], [-97.70415, 28.74196], [-97.70178, 28.74272], [-97.6985, 28.74378], [-97.69561, 28.7447], [-97.69226, 28.74577], [-97.68938, 28.74669], [-97.68588, 28.74781], [-97.68247, 28.74889], [-97.67884, 28.74963], [-97.67555, 28.75031], [-97.67175, 28.75107], [-97.66829, 28.75177], [-97.66454, 28.75252], [-97.66127, 28.75319], [-97.65838, 28.75319], [-97.65547, 28.75319], [-97.65187, 28.7532], [-97.6483, 28.75297], [-97.64446, 28.75272], [-97.64089, 28.75249], [-97.63825, 28.75232], [-97.63473, 28.75345], [-97.63083, 28.7535], [-97.62709, 28.75355], [-97.6232, 28.7536], [-97.61969, 28.75337], [-97.6162, 28.75298], [-97.61261, 28.75295], [-97.60909, 28.75336], [-97.6066, 28.75338], [-97.60406, 28.7534], [-97.60165, 28.75343], [-97.59934, 28.75342], [-97.59706, 28.75341], [-97.59479, 28.7534], [-97.59254, 28.75338], [-97.59026, 28.75338], [-97.58778, 28.75338], [-97.5859, 28.75396], [-97.58408, 28.75453], [-97.58198, 28.75518], [-97.5798, 28.7559], [-97.57979, 28.75348], [-97.57629, 28.75346], [-97.57236, 28.75351], [-97.5686, 28.75355], [-97.56493, 28.7536], [-97.5612, 28.75344], [-97.55812, 28.75331], [-97.55451, 28.75316], [-97.55116, 28.75302], [-97.54754, 28.75287], [-97.54425, 28.75273], [-97.54065, 28.75258], [-97.53723, 28.75333], [-97.53393, 28.75407], [-97.53017, 28.75491], [-97.52671, 28.75441], [-97.52303, 28.75387], [-97.51981, 28.75339], [-97.51641, 28.75415], [-97.5127, 28.75496], [-97.50873, 28.75584], [-97.5057, 28.75651], [-97.50253, 28.75885], [-97.49893, 28.75833], [-97.49522, 28.75779], [-97.49155, 28.75727], [-97.4881, 28.75677], [-97.48515, 28.75598], [-97.48252, 28.75528], [-97.4788, 28.75527], [-97.47516, 28.75527], [-97.47128, 28.75526], [-97.46826, 28.75526], [-97.46514, 28.75524], [-97.46111, 28.75524], [-97.458, 28.75524], [-97.45676, 28.75386], [-97.45504, 28.75195], [-97.45343, 28.75019], [-97.45177, 28.74834], [-97.4491, 28.74773], [-97.44643, 28.74712], [-97.44386, 28.74655], [-97.44101, 28.74589], [-97.4391, 28.74781], [-97.43751, 28.74942], [-97.43611, 28.75084], [-97.43441, 28.75255], [-97.43188, 28.75337], [-97.42858, 28.75443], [-97.42539, 28.75545], [-97.42225, 28.75543], [-97.41853, 28.7554], [-97.415, 28.75538], [-97.41154, 28.75527], [-97.40811, 28.7553], [-97.40405, 28.75533], [-97.40013, 28.75527], [-97.39682, 28.75522], [-97.39391, 28.75518], [-97.39101, 28.75513], [-97.38789, 28.75518], [-97.38415, 28.75526], [-97.3806, 28.75561], [-97.37665, 28.756], [-97.37375, 28.75587], [-97.37071, 28.75572], [-97.36747, 28.75557], [-97.36423, 28.75542], [-97.36072, 28.75549], [-97.35769, 28.75546], [-97.35457, 28.75542], [-97.35145, 28.75545], [-97.34771, 28.75553], [-97.34526, 28.7531], [-97.34289, 28.75074], [-97.34031, 28.74817], [-97.33796, 28.74583], [-97.33603, 28.74391], [-97.33356, 28.74221], [-97.33091, 28.74039], [-97.32812, 28.73849], [-97.32509, 28.73667], [-97.32227, 28.73498], [-97.31954, 28.73334], [-97.3167, 28.73164], [-97.31386, 28.72994], [-97.31122, 28.72836], [-97.30875, 28.72687], [-97.30606, 28.72574], [-97.30278, 28.72436], [-97.29969, 28.72432], [-97.29639, 28.72428], [-97.29303, 28.72426], [-97.29021, 28.72535], [-97.28841, 28.7261], [-97.28446, 28.72611], [-97.28074, 28.7262], [-97.28078, 28.72363], [-97.28075, 28.7211], [-97.28072, 28.71854], [-97.28071, 28.71551], [-97.27704, 28.71429], [-97.27391, 28.71325], [-97.27055, 28.71213], [-97.26739, 28.71109], [-97.26444, 28.71011], [-97.2616, 28.70917], [-97.25878, 28.70823], [-97.25517, 28.70703], [-97.25181, 28.70593], [-97.24913, 28.70481], [-97.24678, 28.70384], [-97.24407, 28.70322], [-97.24132, 28.70258], [-97.23855, 28.70241], [-97.23541, 28.70221], [-97.23201, 28.70198], [-97.22883, 28.70268], [-97.22514, 28.70349], [-97.22151, 28.70428], [-97.21804, 28.70504], [-97.21475, 28.70576], [-97.21211, 28.7078], [-97.20946, 28.70983], [-97.2099, 28.71267], [-97.21017, 28.71442], [-97.21224, 28.71552], [-97.21217, 28.71641], [-97.21258, 28.71682]]}, "properties": {"owner": "AEP TEXAS CENTRAL COMPANY", "voltage_kv": 345.0}}, {"type": "Feature", "geometry": {"type": "LineString", "coordinates": [[-97.2688, 30.14604], [-97.26877, 30.14648], [-97.2675, 30.14653], [-97.26588, 30.14742], [-97.24815, 30.15753], [-97.1397, 30.22032], [-97.14479, 30.22662], [-97.18698, 30.26213], [-97.19476, 30.26866], [-97.20006, 30.27364], [-97.20636, 30.27959], [-97.21182, 30.2847], [-97.22731, 30.29925], [-97.23113, 30.30281], [-97.25738, 30.32969], [-97.283, 30.34213], [-97.27815, 30.34975], [-97.30034, 30.36877], [-97.31957, 30.38514], [-97.32369, 30.38867], [-97.3247, 30.38943], [-97.35899, 30.4153], [-97.35933, 30.41626], [-97.35911, 30.41702]]}, "properties": {"owner": "ONCOR ELECTRIC DELIVERY CO.", "voltage_kv": 345.0}}, {"type": "Feature", "geometry": {"type": "LineString", "coordinates": [[-97.99988, 29.4673], [-98.00014, 29.46678], [-98.00114, 29.46552], [-98.0011, 29.46411], [-98.00072, 29.46124], [-98.00027, 29.45783], [-97.99988, 29.45492], [-97.99946, 29.45164], [-97.99902, 29.44825], [-97.9986, 29.44512], [-97.99816, 29.44174], [-97.99784, 29.43923], [-97.99699, 29.43654], [-97.99611, 29.43379], [-97.99514, 29.4307], [-97.99424, 29.42785], [-97.99335, 29.42502], [-97.99249, 29.4223], [-97.99153, 29.41928], [-97.99052, 29.41601], [-97.98959, 29.41309], [-97.98866, 29.41014], [-97.98768, 29.40699], [-97.98676, 29.4041], [-97.98577, 29.40092], [-97.98477, 29.39779], [-97.98387, 29.39488], [-97.98304, 29.3923], [-97.98218, 29.38957], [-97.98137, 29.38703], [-97.98049, 29.38426], [-97.9796, 29.38143], [-97.97864, 29.37843], [-97.97771, 29.37548], [-97.9767, 29.37229], [-97.97575, 29.36932], [-97.97482, 29.36637], [-97.97397, 29.36372], [-97.97295, 29.36047], [-97.97214, 29.3579], [-97.97122, 29.3551], [-97.97039, 29.3524], [-97.96937, 29.34915], [-97.96859, 29.34684], [-97.97065, 29.34422], [-97.97268, 29.34162], [-97.97468, 29.33903], [-97.97672, 29.33639], [-97.97878, 29.33373], [-97.98021, 29.33188], [-97.98082, 29.33109], [-97.98288, 29.32842], [-97.98498, 29.32571], [-97.98707, 29.323], [-97.9892, 29.32024], [-97.99126, 29.31759], [-97.99283, 29.31556], [-97.99493, 29.31286], [-97.99679, 29.31045], [-97.99855, 29.30805], [-98.00011, 29.30593], [-98.00144, 29.30412], [-98.00301, 29.302], [-98.00454, 29.29992], [-98.00618, 29.29792], [-98.00766, 29.2961], [-98.00916, 29.29428], [-98.01091, 29.29212], [-98.01259, 29.28995], [-98.01447, 29.28751], [-98.01651, 29.28486], [-98.01863, 29.28212], [-98.0205, 29.2797], [-98.02282, 29.27672], [-98.02472, 29.27424], [-98.02698, 29.27133], [-98.02891, 29.26879], [-98.03105, 29.26603], [-98.03294, 29.26352], [-98.03521, 29.26061], [-98.0369, 29.25841], [-98.03876, 29.25601], [-98.04063, 29.25359], [-98.04289, 29.25063], [-98.04456, 29.24849], [-98.0465, 29.24594], [-98.04868, 29.24311], [-98.05046, 29.24084], [-98.0525, 29.23817], [-98.05407, 29.23509], [-98.05568, 29.23198], [-98.05699, 29.22939], [-98.05849, 29.22651], [-98.05982, 29.22391], [-98.06136, 29.22092], [-98.06284, 29.21803], [-98.06444, 29.21491], [-98.06611, 29.21212], [-98.06771, 29.20946], [-98.06945, 29.20654], [-98.07112, 29.20374], [-98.07279, 29.20096], [-98.07427, 29.19847], [-98.07588, 29.19582], [-98.07739, 29.19329], [-98.07893, 29.19072], [-98.0806, 29.18793], [-98.08236, 29.18501], [-98.08364, 29.18286], [-98.08544, 29.17985], [-98.0871, 29.17708], [-98.08852, 29.17471], [-98.09011, 29.17202], [-98.09222, 29.1696], [-98.09435, 29.16715], [-98.09654, 29.16463], [-98.09874, 29.1621], [-98.10094, 29.15956], [-98.10304, 29.15709], [-98.10516, 29.15465], [-98.10752, 29.15193], [-98.10972, 29.1494], [-98.11171, 29.1471], [-98.11378, 29.14471], [-98.11572, 29.14246], [-98.11785, 29.14], [-98.11982, 29.13772], [-98.12075, 29.13666], [-98.12112, 29.13624], [-98.12338, 29.13363], [-98.12399, 29.13101], [-98.12466, 29.12813], [-98.12549, 29.12456], [-98.12621, 29.12148], [-98.12698, 29.11818], [-98.12769, 29.11521], [-98.1283, 29.11252], [-98.13114, 29.11043], [-98.13405, 29.1083], [-98.13689, 29.10621], [-98.13976, 29.1041], [-98.14245, 29.10213], [-98.14548, 29.09989], [-98.148, 29.09804], [-98.15076, 29.09602], [-98.15374, 29.09382], [-98.15724, 29.09126], [-98.16036, 29.08895], [-98.16222, 29.08642], [-98.16435, 29.08357], [-98.16636, 29.08085], [-98.16792, 29.07872], [-98.16896, 29.07731], [-98.16915, 29.07705], [-98.17107, 29.07442], [-98.17288, 29.07204], [-98.17453, 29.06976], [-98.17637, 29.06729], [-98.17818, 29.06485], [-98.18034, 29.06189], [-98.18225, 29.05933], [-98.18408, 29.05684], [-98.18621, 29.05395], [-98.18795, 29.05156], [-98.18983, 29.04904], [-98.19196, 29.04617], [-98.1939, 29.04352], [-98.196, 29.04066], [-98.19769, 29.03836], [-98.19964, 29.03575], [-98.20161, 29.03308], [-98.20348, 29.03053], [-98.20565, 29.02761], [-98.20754, 29.02502], [-98.20957, 29.0223], [-98.21155, 29.01958], [-98.21351, 29.01694], [-98.21516, 29.01457], [-98.21708, 29.01182], [-98.21906, 29.00897], [-98.22071, 29.00661], [-98.22256, 29.00396], [-98.22433, 29.0014], [-98.22613, 28.99882], [-98.22799, 28.99613], [-98.22975, 28.99363], [-98.23177, 28.99075], [-98.23329, 28.98856], [-98.23494, 28.98643], [-98.23697, 28.98385], [-98.23887, 28.98141], [-98.24099, 28.97868], [-98.2431, 28.97598], [-98.24501, 28.97355], [-98.24702, 28.97098], [-98.24899, 28.96844], [-98.25111, 28.96574], [-98.25312, 28.96317], [-98.25469, 28.96103], [-98.25665, 28.95837], [-98.25856, 28.95578], [-98.26046, 28.95321], [-98.26235, 28.95061], [-98.26426, 28.94802], [-98.26631, 28.94524], [-98.26825, 28.94261], [-98.27008, 28.94013], [-98.27214, 28.93731], [-98.27414, 28.9346], [-98.27616, 28.93184], [-98.27818, 28.92914], [-98.28004, 28.9266], [-98.28213, 28.92376], [-98.2841, 28.92108], [-98.28586, 28.91868], [-98.28772, 28.91658], [-98.28935, 28.91476], [-98.2896, 28.91449], [-98.29197, 28.91181], [-98.29421, 28.90929], [-98.2965, 28.90671], [-98.29778, 28.90529], [-98.29982, 28.90298], [-98.30192, 28.9006], [-98.30406, 28.89821], [-98.30627, 28.8957], [-98.30839, 28.89331], [-98.31052, 28.89092], [-98.31256, 28.88861], [-98.31451, 28.8864], [-98.31655, 28.88411], [-98.31887, 28.88151], [-98.32074, 28.87939], [-98.3225, 28.87713], [-98.32458, 28.87443], [-98.32633, 28.87218], [-98.32806, 28.86993], [-98.32993, 28.86752], [-98.33206, 28.86478], [-98.33401, 28.86224], [-98.33605, 28.85961], [-98.33791, 28.8572], [-98.33987, 28.85465], [-98.34186, 28.8521], [-98.34379, 28.84959], [-98.34552, 28.84734], [-98.34706, 28.84536], [-98.34884, 28.84262], [-98.35031, 28.84035], [-98.35197, 28.8378], [-98.35384, 28.83495], [-98.35569, 28.83209], [-98.35746, 28.82937], [-98.35921, 28.82668], [-98.36117, 28.82363], [-98.36283, 28.82111], [-98.36465, 28.8183], [-98.36645, 28.81554], [-98.36828, 28.81269], [-98.37003, 28.80999], [-98.37182, 28.80724], [-98.37369, 28.80437], [-98.37554, 28.80152], [-98.37729, 28.79882], [-98.37914, 28.79598], [-98.38087, 28.7933], [-98.38436, 28.78794], [-98.38615, 28.78517], [-98.38793, 28.78245], [-98.38964, 28.77982], [-98.39148, 28.77698], [-98.39303, 28.7746], [-98.39492, 28.7717], [-98.39645, 28.76933], [-98.39887, 28.76778], [-98.40126, 28.76622], [-98.40373, 28.76442], [-98.40621, 28.76262], [-98.40888, 28.76068], [-98.41173, 28.7586], [-98.41465, 28.75648], [-98.41748, 28.75441], [-98.42027, 28.75239], [-98.42314, 28.75029], [-98.4258, 28.74835], [-98.42844, 28.74643], [-98.43114, 28.74447], [-98.43355, 28.74271], [-98.43606, 28.741], [-98.43802, 28.73969], [-98.44025, 28.73819], [-98.44172, 28.7372], [-98.44455, 28.73531], [-98.44742, 28.73337], [-98.45031, 28.73142], [-98.4533, 28.7294], [-98.45615, 28.7275], [-98.45782, 28.72576], [-98.4593, 28.72422], [-98.46036, 28.72146], [-98.46129, 28.71899], [-98.46317, 28.71722], [-98.46498, 28.7155], [-98.46661, 28.71397], [-98.46739, 28.71143], [-98.4675, 28.71107], [-98.46836, 28.70825], [-98.46932, 28.70518], [-98.47289, 28.70431], [-98.47375, 28.70448], [-98.47431, 28.70401]]}, "properties": {"owner": "AEP TEXAS CENTRAL COMPANY", "voltage_kv": 345.0}}, {"type": "Feature", "geometry": {"type": "LineString", "coordinates": [[-96.42546, 30.11118], [-96.4258, 30.1119], [-96.42676, 30.11133], [-96.44713, 30.10545], [-96.45252, 30.10657], [-96.46051, 30.10952], [-96.4749, 30.09933], [-96.507, 30.07666], [-96.54758, 30.04803], [-96.58601, 30.03213], [-96.59701, 30.02645], [-96.64636, 30.00097], [-96.67548, 29.97302], [-96.67754, 29.9714], [-96.68, 29.96871], [-96.68617, 29.96277], [-96.68739, 29.96362], [-96.68965, 29.96371], [-96.74066, 29.97859], [-96.74784, 29.98078], [-96.75278, 29.96991], [-96.75312, 29.95448], [-96.75338, 29.94115], [-96.75435, 29.92213], [-96.75468, 29.91882], [-96.75519, 29.91829]]}, "properties": {"owner": "BLUEBONNET ELECTRIC COOP, INC", "voltage_kv": 345.0}}, {"type": "Feature", "geometry": {"type": "LineString", "coordinates": [[-98.95035, 29.05972], [-98.95085, 29.05972], [-98.9522, 29.06005], [-98.95361, 29.06041], [-98.95548, 29.06085], [-98.95732, 29.06127], [-98.95922, 29.0617], [-98.96104, 29.06213], [-98.96323, 29.06263], [-98.96534, 29.06312], [-98.96679, 29.06346], [-98.9686, 29.06387], [-98.97043, 29.0643], [-98.97225, 29.06471], [-98.97406, 29.06513], [-98.9759, 29.06556], [-98.97775, 29.06599], [-98.97961, 29.06642], [-98.98146, 29.06684], [-98.98328, 29.06726], [-98.98495, 29.06765], [-98.9871, 29.0681], [-98.98944, 29.06856], [-98.99106, 29.06887], [-98.99284, 29.06921], [-98.99463, 29.06956], [-98.99641, 29.06989], [-98.99819, 29.07023], [-99.00005, 29.07058], [-99.00177, 29.07091], [-99.00391, 29.07132], [-99.0059, 29.0717], [-99.00758, 29.07202], [-99.00955, 29.0724], [-99.01136, 29.07275], [-99.01308, 29.07307], [-99.01485, 29.07341], [-99.01677, 29.07378], [-99.01796, 29.07401], [-99.01804, 29.07402], [-99.01981, 29.07436], [-99.02196, 29.07476], [-99.0241, 29.07518], [-99.02653, 29.07565], [-99.02866, 29.07605], [-99.03029, 29.07636], [-99.03239, 29.07677], [-99.03447, 29.07717], [-99.0366, 29.07757], [-99.03849, 29.07793], [-99.03998, 29.07819], [-99.04212, 29.07856], [-99.04365, 29.07882], [-99.04544, 29.07913], [-99.04779, 29.07951], [-99.04847, 29.07943]]}, "properties": {"owner": "AEP TEXAS CENTRAL COMPANY", "voltage_kv": 345.0}}, {"type": "Feature", "geometry": {"type": "LineString", "coordinates": [[-96.75618, 29.91356], [-96.75673, 29.91304], [-96.75656, 29.9125], [-96.77456, 29.89535], [-96.7947, 29.8763], [-96.79645, 29.87451], [-96.83699, 29.83303], [-96.85923, 29.8131], [-96.87629, 29.79778], [-96.87824, 29.79622], [-96.88212, 29.79567], [-96.8845, 29.79557], [-96.88869, 29.79486], [-96.89314, 29.7941], [-96.89727, 29.79404], [-96.93009, 29.79346], [-96.96582, 29.80523], [-96.9702, 29.80668], [-97.01472, 29.8213], [-97.04434, 29.83102], [-97.05906, 29.83585], [-97.06265, 29.83704], [-97.07093, 29.8393], [-97.08298, 29.8426], [-97.13174, 29.85591], [-97.16041, 29.86374], [-97.17658, 29.86815], [-97.18064, 29.86926], [-97.18471, 29.87038], [-97.19695, 29.8737], [-97.20085, 29.87476], [-97.20515, 29.87593], [-97.2215, 29.88038], [-97.22569, 29.88153], [-97.24596, 29.88705], [-97.24991, 29.88813], [-97.25412, 29.88927], [-97.25835, 29.89042], [-97.2618, 29.89135], [-97.26631, 29.89258], [-97.27021, 29.89364], [-97.27387, 29.89463], [-97.27749, 29.89563], [-97.28065, 29.89648], [-97.28458, 29.89754], [-97.2891, 29.89878], [-97.29301, 29.89984], [-97.29755, 29.90107], [-97.30068, 29.90192], [-97.3052, 29.90315], [-97.3091, 29.90422], [-97.31318, 29.90532], [-97.31693, 29.90634], [-97.32109, 29.90747], [-97.32462, 29.90843], [-97.32915, 29.90966], [-97.33278, 29.91065], [-97.33637, 29.91162], [-97.3403, 29.91268], [-97.34441, 29.91378], [-97.34881, 29.91498], [-97.35289, 29.91608], [-97.35689, 29.91718], [-97.36135, 29.91837], [-97.36526, 29.91944], [-97.36946, 29.92059], [-97.37338, 29.92165], [-97.37763, 29.92339], [-97.38071, 29.92464], [-97.38499, 29.92641], [-97.38849, 29.92785], [-97.39199, 29.92927], [-97.39629, 29.93104], [-97.40001, 29.93255], [-97.40341, 29.93395], [-97.40726, 29.93553], [-97.40999, 29.93664], [-97.41414, 29.93834], [-97.41797, 29.93992], [-97.42213, 29.94161], [-97.42587, 29.94313], [-97.42973, 29.94472], [-97.43369, 29.94636], [-97.43768, 29.94801], [-97.44157, 29.9496], [-97.44555, 29.95123], [-97.44913, 29.95269], [-97.45312, 29.95432], [-97.45687, 29.95586], [-97.45989, 29.95712], [-97.46797, 29.95987], [-97.47052, 29.96144], [-97.47442, 29.96303], [-97.50571, 29.97583], [-97.51708, 29.98048], [-97.52137, 29.98116], [-97.53381, 29.98314], [-97.53831, 29.98386], [-97.55542, 29.98658], [-97.57153, 29.98914], [-97.58774, 29.99172], [-97.60077, 29.99378], [-97.60882, 29.99506], [-97.61715, 29.99525], [-97.6211, 29.9965], [-97.6252, 29.99778], [-97.63602, 29.99989], [-97.64818, 30.00224], [-97.6526, 30.00274], [-97.6648, 30.00412], [-97.66921, 30.00432], [-97.67306, 30.00452], [-97.67422, 30.00538]]}, "properties": {"owner": "BLUEBONNET ELECTRIC COOP, INC", "voltage_kv": 345.0}}, {"type": "Feature", "geometry": {"type": "LineString", "coordinates": [[-96.68777, 29.96283], [-96.68755, 29.96333], [-96.68967, 29.96363], [-96.69265, 29.96449], [-96.69574, 29.96539], [-96.69977, 29.96659], [-96.70377, 29.96776], [-96.7074, 29.96882], [-96.71116, 29.96991], [-96.71476, 29.97095], [-96.71896, 29.97218], [-96.72248, 29.97321], [-96.72593, 29.97422], [-96.7298, 29.97535], [-96.73364, 29.97648], [-96.73724, 29.97751], [-96.74069, 29.97851], [-96.74454, 29.97967], [-96.74782, 29.98071], [-96.74789, 29.98055], [-96.74833, 29.97956], [-96.74977, 29.97637], [-96.7513, 29.97305], [-96.75274, 29.96988], [-96.7528, 29.96624], [-96.75288, 29.96333], [-96.75294, 29.96011], [-96.75301, 29.95731], [-96.75308, 29.95447], [-96.75315, 29.95099], [-96.75321, 29.94777], [-96.75328, 29.94459], [-96.75336, 29.94114], [-96.75353, 29.93799], [-96.75366, 29.93509], [-96.75381, 29.93221], [-96.754, 29.92836], [-96.75413, 29.92544], [-96.75433, 29.92211], [-96.75428, 29.91884], [-96.75519, 29.91829]]}, "properties": {"owner": "BLUEBONNET ELECTRIC COOP, INC", "voltage_kv": 345.0}}, {"type": "Feature", "geometry": {"type": "LineString", "coordinates": [[-96.75307, 29.91696], [-96.75519, 29.91829]]}, "properties": {"owner": "BLUEBONNET ELECTRIC COOP, INC", "voltage_kv": 345.0}}, {"type": "Feature", "geometry": {"type": "LineString", "coordinates": [[-97.21258, 28.71682], [-97.21437, 28.71668], [-97.21465, 28.72085], [-97.21846, 28.72658], [-97.21387, 28.73502], [-97.20416, 28.7349], [-97.19408, 28.74717], [-97.18597, 28.76046], [-97.18486, 28.76229], [-97.18267, 28.7659], [-97.1815, 28.76788], [-97.18331, 28.7682], [-97.18508, 28.76852], [-97.18669, 28.76882], [-97.1886, 28.76916], [-97.19025, 28.76946], [-97.19211, 28.7698], [-97.19438, 28.7702], [-97.19596, 28.77049], [-97.19794, 28.77085], [-97.19992, 28.77121], [-97.20153, 28.7715], [-97.20314, 28.7718], [-97.20497, 28.77213], [-97.20681, 28.77246], [-97.20879, 28.77283], [-97.21108, 28.77324], [-97.21284, 28.77356], [-97.21462, 28.77389], [-97.21629, 28.77419], [-97.21804, 28.77451], [-97.21982, 28.77483], [-97.22164, 28.77516], [-97.22347, 28.77549], [-97.22525, 28.77582], [-97.22694, 28.77612], [-97.22876, 28.77635], [-97.23062, 28.77657], [-97.2325, 28.7768], [-97.2344, 28.77703], [-97.23622, 28.77726], [-97.23807, 28.77748], [-97.23992, 28.77771], [-97.24186, 28.77794], [-97.24377, 28.77818], [-97.24548, 28.77838], [-97.24728, 28.7786], [-97.24904, 28.77882], [-97.25139, 28.7791], [-97.25304, 28.7793], [-97.25508, 28.77955], [-97.25702, 28.77979], [-97.25895, 28.78003], [-97.26069, 28.78024], [-97.26257, 28.78047], [-97.26446, 28.7807], [-97.26635, 28.78093], [-97.26827, 28.78116], [-97.27003, 28.78138], [-97.27165, 28.78157], [-97.27331, 28.78177], [-97.27495, 28.78197], [-97.27657, 28.78217], [-97.27824, 28.78238], [-97.28013, 28.78261], [-97.28196, 28.78283], [-97.28403, 28.78308], [-97.28588, 28.78331], [-97.28762, 28.78352], [-97.2894, 28.78374], [-97.29112, 28.78394], [-97.29287, 28.78416], [-97.29463, 28.78437], [-97.29639, 28.78459], [-97.29805, 28.78479], [-97.3, 28.78503], [-97.30195, 28.78526], [-97.30379, 28.78549], [-97.30587, 28.78574], [-97.30782, 28.78598], [-97.30983, 28.78622], [-97.31153, 28.78643], [-97.31355, 28.78668], [-97.31535, 28.7869], [-97.31719, 28.78712], [-97.31902, 28.78734], [-97.32085, 28.78757], [-97.3281, 28.78964], [-97.33141, 28.79057], [-97.33237, 28.79084], [-97.34169, 28.79347], [-97.34272, 28.79374], [-97.34991, 28.79579], [-97.351, 28.79609], [-97.35278, 28.79659], [-97.35487, 28.79717], [-97.3565, 28.79763], [-97.35813, 28.79809], [-97.35993, 28.7986], [-97.36171, 28.7991], [-97.36346, 28.79959], [-97.36527, 28.8001], [-97.36706, 28.8006], [-97.36883, 28.8011], [-97.37063, 28.8016], [-97.37215, 28.80203], [-97.37389, 28.80252], [-97.37563, 28.80301], [-97.37737, 28.80349], [-97.37911, 28.80398], [-97.38085, 28.80447], [-97.38257, 28.80495], [-97.38435, 28.80545], [-97.38612, 28.80595], [-97.3899, 28.80701], [-97.39205, 28.80762], [-97.39395, 28.80815], [-97.3955, 28.80859], [-97.39708, 28.80903], [-97.39869, 28.80948], [-97.40027, 28.80992], [-97.40194, 28.81039], [-97.40308, 28.81071], [-97.40401, 28.81073], [-97.40534, 28.81076], [-97.4072, 28.8108], [-97.40909, 28.81083], [-97.41094, 28.81087], [-97.41281, 28.81091], [-97.41468, 28.81095], [-97.41668, 28.81099], [-97.4184, 28.81102], [-97.42027, 28.81106], [-97.4221, 28.8111], [-97.42409, 28.81114], [-97.42599, 28.81118], [-97.42801, 28.81122], [-97.42992, 28.81125], [-97.43155, 28.81129], [-97.43342, 28.81133], [-97.43523, 28.81136], [-97.4373, 28.8114], [-97.43929, 28.81144], [-97.44113, 28.81148], [-97.44301, 28.81152], [-97.44495, 28.81156], [-97.44683, 28.8116], [-97.44871, 28.81163], [-97.45028, 28.81167], [-97.45183, 28.8117], [-97.45393, 28.81174], [-97.45565, 28.81177], [-97.45751, 28.81181], [-97.45933, 28.81185], [-97.46156, 28.81189], [-97.46323, 28.81193], [-97.46478, 28.81196], [-97.46635, 28.81199], [-97.46826, 28.81203], [-97.46986, 28.81206], [-97.47164, 28.8121], [-97.47342, 28.81213], [-97.47517, 28.81217], [-97.47693, 28.8122], [-97.47867, 28.81224], [-97.48656, 28.81212], [-97.48743, 28.81213], [-97.49931, 28.81231], [-97.50027, 28.81233], [-97.50507, 28.81241], [-97.51343, 28.81255], [-97.51892, 28.81263], [-97.52211, 28.81268], [-97.52222, 28.81268], [-97.52682, 28.81269], [-97.53114, 28.81268], [-97.53474, 28.81265], [-97.53745, 28.81267], [-97.53878, 28.81223], [-97.5402, 28.81232], [-97.54212, 28.81245], [-97.54605, 28.81272], [-97.54802, 28.81273], [-97.54983, 28.81274], [-97.55186, 28.81275], [-97.55373, 28.81276], [-97.55529, 28.81277], [-97.55693, 28.81278], [-97.5591, 28.81279], [-97.56097, 28.8128], [-97.56299, 28.81281], [-97.56504, 28.81282], [-97.5671, 28.81284], [-97.56944, 28.81285], [-97.5712, 28.81286], [-97.57294, 28.81287], [-97.57469, 28.81288], [-97.57643, 28.81289], [-97.57816, 28.81326], [-97.57988, 28.81364], [-97.5816, 28.81401], [-97.58334, 28.81439], [-97.58507, 28.81476], [-97.59533, 28.81463], [-97.59722, 28.81434], [-97.59909, 28.8141], [-97.60085, 28.81388], [-97.60288, 28.81361], [-97.60455, 28.8134], [-97.60667, 28.81308], [-97.60873, 28.81313], [-97.6108, 28.81314], [-97.61235, 28.81315], [-97.61438, 28.81317], [-97.6161, 28.8132], [-97.61828, 28.81323], [-97.62022, 28.81327], [-97.62218, 28.81331], [-97.62399, 28.81335], [-97.62612, 28.8134], [-97.62792, 28.81344], [-97.63022, 28.81349], [-97.63202, 28.81353], [-97.6339, 28.81357], [-97.63592, 28.81362], [-97.63787, 28.81366], [-97.63952, 28.81369], [-97.64106, 28.81373], [-97.6431, 28.81377], [-97.64487, 28.81381], [-97.6468, 28.81386], [-97.64868, 28.81389], [-97.65072, 28.81394], [-97.65253, 28.81398], [-97.6545, 28.81403], [-97.65642, 28.81406], [-97.65814, 28.81407], [-97.65986, 28.81408], [-97.66159, 28.8141], [-97.66329, 28.81412], [-97.66519, 28.81414], [-97.66692, 28.81414], [-97.6687, 28.81416], [-97.67049, 28.81416], [-97.67229, 28.81416], [-97.67407, 28.81418], [-97.67597, 28.81418], [-97.67787, 28.81419], [-97.67977, 28.81421], [-97.68147, 28.81422], [-97.6832, 28.81423], [-97.68493, 28.81423], [-97.68667, 28.81425], [-97.68838, 28.81426], [-97.69015, 28.81429], [-97.69267, 28.81432], [-97.69445, 28.81435], [-97.69618, 28.81437], [-97.69817, 28.8144], [-97.69995, 28.81442], [-97.70172, 28.81445], [-97.70349, 28.81448], [-97.70528, 28.81451], [-97.70705, 28.81452], [-97.70896, 28.81478], [-97.71073, 28.81503], [-97.71249, 28.81526], [-97.71605, 28.81572], [-97.71807, 28.81601], [-97.71961, 28.81621], [-97.72176, 28.8165], [-97.72397, 28.81679], [-97.72562, 28.817], [-97.72796, 28.81732], [-97.72981, 28.81757], [-97.73166, 28.8178], [-97.73174, 28.81782], [-97.7337, 28.81808], [-97.73523, 28.81828], [-97.73742, 28.81861], [-97.73922, 28.81882], [-97.74092, 28.81905], [-97.74267, 28.8193], [-97.74443, 28.81952], [-97.7462, 28.81975], [-97.74797, 28.81999], [-97.74974, 28.82021], [-97.75148, 28.82045], [-97.75332, 28.8207], [-97.75504, 28.8209], [-97.75678, 28.82108], [-97.75851, 28.82128], [-97.76023, 28.82147], [-97.76196, 28.82167], [-97.76412, 28.82191], [-97.76605, 28.82213], [-97.76752, 28.82229], [-97.76938, 28.8225], [-97.77124, 28.8227], [-97.7731, 28.82291], [-97.77481, 28.82312], [-97.77661, 28.82331], [-97.7785, 28.82351], [-97.77991, 28.82368], [-97.78178, 28.82388], [-97.78424, 28.82416], [-97.78632, 28.82439], [-97.78803, 28.82458], [-97.78986, 28.82478], [-97.79206, 28.82503], [-97.79397, 28.82522], [-97.79588, 28.82594], [-97.79817, 28.8268], [-97.79988, 28.82745], [-97.80147, 28.82806], [-97.8026, 28.8285], [-97.80418, 28.8291], [-97.80575, 28.8297], [-97.80732, 28.83031], [-97.80891, 28.8309], [-97.81049, 28.8315], [-97.81218, 28.83215], [-97.81449, 28.83303], [-97.81649, 28.83379], [-97.81849, 28.83456], [-97.81992, 28.8351], [-97.82194, 28.83587], [-97.82342, 28.83644], [-97.8256, 28.83728], [-97.82721, 28.83788], [-97.82903, 28.83855], [-97.83043, 28.83912], [-97.83191, 28.83969], [-97.83339, 28.84025], [-97.83547, 28.84104], [-97.83735, 28.84178], [-97.83793, 28.84179]]}, "properties": {"owner": "AEP TEXAS CENTRAL COMPANY", "voltage_kv": 345.0}}, {"type": "Feature", "geometry": {"type": "LineString", "coordinates": [[-99.41173, 27.32755], [-99.40973, 27.32759], [-99.40967, 27.3262], [-99.41137, 27.32404], [-99.41303, 27.32191], [-99.41597, 27.31771], [-99.41599, 27.3116], [-99.41861, 27.31136], [-99.4178, 27.30155], [-99.40138, 27.09465], [-99.33176, 26.98783], [-99.32873, 26.98263], [-99.31922, 26.98011], [-99.27808, 26.95692], [-99.20661, 26.91708], [-99.17741, 26.85308], [-99.17982, 26.84762], [-99.17439, 26.83123], [-99.16159, 26.82068], [-99.16056, 26.81799], [-99.1198, 26.76838], [-99.09994, 26.76032], [-99.06427, 26.71828], [-99.04632, 26.69395], [-99.02248, 26.66735], [-98.99775, 26.68345], [-98.98078, 26.66156], [-98.96736, 26.65392], [-98.95251, 26.63642], [-98.94858, 26.61194], [-98.93752, 26.58728], [-98.90318, 26.54801], [-98.89625, 26.54351], [-98.89285, 26.53518], [-98.87892, 26.51084], [-98.87652, 26.50862], [-98.86014, 26.48043], [-98.80761, 26.46811], [-98.76862, 26.45933], [-98.75176, 26.45496], [-98.74278, 26.45695], [-98.73975, 26.45642], [-98.73931, 26.45828], [-98.73712, 26.45783]]}, "properties": {"owner": "AEP TEXAS CENTRAL COMPANY", "voltage_kv": 345.0}}, {"type": "Feature", "geometry": {"type": "MultiLineString", "coordinates": [[[-97.27419, 29.03684], [-97.26921, 29.03757], [-97.26474, 29.03823], [-97.26044, 29.03869], [-97.25661, 29.03911], [-97.25263, 29.03952], [-97.24863, 29.04106], [-97.24459, 29.04259], [-97.24077, 29.04405], [-97.23711, 29.04544], [-97.23331, 29.04689], [-97.22888, 29.04857], [-97.22502, 29.05004], [-97.22116, 29.0515], [-97.21729, 29.05298], [-97.21336, 29.05448], [-97.20945, 29.05596], [-97.20615, 29.05722], [-97.20383, 29.05811], [-97.20128, 29.0586], [-97.2008, 29.05869], [-97.1965, 29.05953], [-97.19225, 29.06035], [-97.1879, 29.06117], [-97.18422, 29.06189], [-97.18062, 29.06258], [-97.17669, 29.06335], [-97.1719, 29.06428], [-97.16815, 29.06501], [-97.1636, 29.06588], [-97.15933, 29.06672], [-97.15484, 29.06758], [-97.15098, 29.06832], [-97.14683, 29.06912], [-97.14273, 29.06991], [-97.13861, 29.07072], [-97.13444, 29.07152], [-97.13027, 29.07232], [-97.12574, 29.07319], [-97.1213, 29.07405], [-97.11692, 29.07489], [-97.1127, 29.07571], [-97.10868, 29.07614], [-97.10502, 29.07653], [-97.10067, 29.07699], [-97.09602, 29.0775], [-97.09167, 29.07796], [-97.08737, 29.07843], [-97.0833, 29.07886], [-97.07918, 29.07932], [-97.07491, 29.07977], [-97.07081, 29.08021], [-97.06701, 29.08062], [-97.06285, 29.08119], [-97.05865, 29.08176], [-97.05437, 29.08235], [-97.05011, 29.08295], [-97.04594, 29.08352], [-97.04179, 29.08409], [-97.03744, 29.08468], [-97.03335, 29.08525], [-97.02935, 29.0858], [-97.02519, 29.08637], [-97.02104, 29.08694], [-97.01693, 29.08686], [-97.01281, 29.08679], [-97.00868, 29.08764], [-97.00447, 29.08849], [-97.00113, 29.08916], [-96.99757, 29.08988], [-96.99353, 29.09069], [-96.98979, 29.0912], [-96.98588, 29.09173], [-96.98174, 29.0923], [-96.97805, 29.09281], [-96.97469, 29.09327], [-96.97123, 29.09375], [-96.96776, 29.09422], [-96.96334, 29.09482], [-96.95918, 29.09497], [-96.95548, 29.09509], [-96.95127, 29.09523], [-96.94695, 29.09538], [-96.94271, 29.09553], [-96.93824, 29.09568], [-96.93414, 29.09582], [-96.92987, 29.09596], [-96.92561, 29.0961], [-96.92131, 29.09625], [-96.91697, 29.09639], [-96.91272, 29.09653], [-96.90849, 29.09668], [-96.90417, 29.09682], [-96.89987, 29.09696], [-96.89568, 29.0971], [-96.89141, 29.09725], [-96.88718, 29.09738], [-96.88274, 29.09754], [-96.87759, 29.0977], [-96.87341, 29.09797], [-96.8688, 29.09827], [-96.86396, 29.0983], [-96.85955, 29.09828], [-96.85511, 29.09814], [-96.85097, 29.09801], [-96.84647, 29.09787], [-96.84201, 29.09773], [-96.83799, 29.0976], [-96.83337, 29.09746], [-96.82857, 29.0973], [-96.82416, 29.09716], [-96.82032, 29.09704], [-96.81704, 29.09693], [-96.8132, 29.0968], [-96.80781, 29.09664], [-96.80338, 29.0965], [-96.79879, 29.09635], [-96.79463, 29.0962], [-96.79023, 29.09605], [-96.78592, 29.09643], [-96.78169, 29.09681], [-96.7774, 29.09718], [-96.77303, 29.09757], [-96.76874, 29.09794], [-96.7643, 29.09833], [-96.76004, 29.0987], [-96.75589, 29.09906], [-96.75153, 29.09945], [-96.74728, 29.09982], [-96.74348, 29.10014], [-96.73965, 29.10047], [-96.73546, 29.10083], [-96.73109, 29.10122], [-96.72671, 29.10159], [-96.72285, 29.10193], [-96.71859, 29.10125], [-96.71455, 29.1006], [-96.71026, 29.09993], [-96.70603, 29.09925], [-96.70202, 29.09862], [-96.6979, 29.09796], [-96.69389, 29.09732], [-96.68972, 29.09665], [-96.68564, 29.096], [-96.68145, 29.09534], [-96.67728, 29.09467], [-96.67305, 29.09398], [-96.6687, 29.09328], [-96.66418, 29.09258], [-96.65996, 29.09189], [-96.65568, 29.09125], [-96.65163, 29.09059], [-96.64749, 29.08992], [-96.64316, 29.08924], [-96.63899, 29.08857], [-96.63483, 29.08891], [-96.63065, 29.08926], [-96.62658, 29.08958], [-96.62229, 29.08993], [-96.61806, 29.09028], [-96.61384, 29.0906], [-96.60967, 29.09094], [-96.6055, 29.0913], [-96.60242, 29.09154], [-96.59931, 29.09177], [-96.59609, 29.09203], [-96.59188, 29.09197], [-96.58751, 29.0919], [-96.58277, 29.09183], [-96.57834, 29.09177], [-96.57412, 29.0917], [-96.56985, 29.09164], [-96.56585, 29.09159], [-96.56189, 29.09151], [-96.55724, 29.09144], [-96.55303, 29.09139], [-96.54872, 29.09132], [-96.54467, 29.09125], [-96.54084, 29.0912], [-96.53687, 29.09124], [-96.53264, 29.09126], [-96.52835, 29.09131], [-96.52405, 29.09135], [-96.51979, 29.09139], [-96.51553, 29.09143], [-96.51138, 29.09147], [-96.507, 29.09151], [-96.50281, 29.09155], [-96.49849, 29.09159], [-96.49389, 29.09162], [-96.48905, 29.09167], [-96.488, 29.09168], [-96.48446, 29.0917], [-96.47991, 29.09177], [-96.47538, 29.0919], [-96.47043, 29.09205], [-96.46621, 29.09219], [-96.46221, 29.09232], [-96.4587, 29.09243], [-96.45524, 29.09254], [-96.45103, 29.0928], [-96.44678, 29.09305], [-96.44247, 29.09331], [-96.43784, 29.09357], [-96.4336, 29.09383], [-96.43078, 29.09391], [-96.4266, 29.0938], [-96.423, 29.09372], [-96.42046, 29.09365], [-96.41686, 29.09199], [-96.4131, 29.09025], [-96.4095, 29.08859], [-96.40578, 29.08687], [-96.40192, 29.08509], [-96.3987, 29.08361], [-96.39592, 29.08233], [-96.39234, 29.08067], [-96.39177, 29.08041], [-96.38993, 29.07956], [-96.3874, 29.07839], [-96.38532, 29.07743], [-96.38249, 29.07624], [-96.37968, 29.07504], [-96.37686, 29.07385], [-96.37351, 29.07234], [-96.37003, 29.0706], [-96.36656, 29.06889], [-96.36361, 29.06746], [-96.36049, 29.06594], [-96.35681, 29.06423], [-96.35306, 29.06249], [-96.34917, 29.06069], [-96.34527, 29.05889], [-96.34141, 29.05712], [-96.3384, 29.05571], [-96.33496, 29.05449], [-96.33105, 29.05309], [-96.32709, 29.05168], [-96.32317, 29.05028], [-96.31919, 29.04886], [-96.31528, 29.04747], [-96.31142, 29.04609], [-96.30772, 29.04478], [-96.30454, 29.04347], [-96.3015, 29.04223], [-96.29804, 29.04094], [-96.29429, 29.03971], [-96.29017, 29.03837], [-96.28646, 29.03715], [-96.28271, 29.03581], [-96.27848, 29.0343], [-96.27441, 29.03285], [-96.27047, 29.03143], [-96.2669, 29.03015], [-96.2631, 29.0288], [-96.25909, 29.02736], [-96.256, 29.02739], [-96.25239, 29.0274], [-96.24868, 29.02743], [-96.24541, 29.02744], [-96.24208, 29.02745], [-96.23875, 29.02746], [-96.23657, 29.02751], [-96.23525, 29.02756], [-96.23413, 29.02557], [-96.23297, 29.02366], [-96.23146, 29.0211], [-96.22993, 29.01853], [-96.22838, 29.01597], [-96.22688, 29.0134], [-96.22558, 29.01119], [-96.2242, 29.00895], [-96.22279, 29.0065], [-96.22132, 29.00407], [-96.21985, 29.00162], [-96.21838, 28.99919], [-96.21689, 28.99664], [-96.21476, 28.99446], [-96.21272, 28.99239], [-96.21087, 28.99048], [-96.20906, 28.9886], [-96.20701, 28.98646], [-96.20488, 28.98425], [-96.20301, 28.98221], [-96.20099, 28.98015], [-96.19906, 28.97811], [-96.1971, 28.97606], [-96.19511, 28.97395], [-96.19307, 28.97182], [-96.19107, 28.96973], [-96.18908, 28.96763], [-96.18697, 28.96542], [-96.18508, 28.96343], [-96.18309, 28.96134], [-96.18108, 28.95925], [-96.17911, 28.95716], [-96.17706, 28.95503], [-96.17504, 28.9529], [-96.17303, 28.95076], [-96.17101, 28.94865], [-96.16904, 28.94657], [-96.16707, 28.9445], [-96.1651, 28.94242], [-96.16314, 28.94037], [-96.16112, 28.93823], [-96.15912, 28.93612], [-96.15706, 28.93396], [-96.15636, 28.93323], [-96.155, 28.9318], [-96.15294, 28.92963], [-96.15088, 28.92746], [-96.14883, 28.9253], [-96.14676, 28.92313], [-96.14472, 28.92097], [-96.14265, 28.9188], [-96.14244, 28.91859], [-96.14061, 28.91665], [-96.13859, 28.9145], [-96.13657, 28.91234], [-96.13466, 28.90999], [-96.13285, 28.90772], [-96.13137, 28.9059], [-96.12955, 28.90357], [-96.12772, 28.9013], [-96.12594, 28.89905], [-96.12413, 28.89676], [-96.12235, 28.89453], [-96.12058, 28.89229], [-96.11879, 28.89006], [-96.11706, 28.88787], [-96.11526, 28.8856], [-96.11348, 28.88336], [-96.11171, 28.88113], [-96.10994, 28.8789], [-96.10805, 28.87653], [-96.10752, 28.87586], [-96.10647, 28.87453], [-96.10458, 28.87214], [-96.1027, 28.86977], [-96.10083, 28.86742], [-96.09896, 28.86505], [-96.09707, 28.8627], [-96.0952, 28.86031], [-96.09331, 28.85791], [-96.09161, 28.8558], [-96.08993, 28.85368], [-96.08812, 28.8514], [-96.08631, 28.84911], [-96.08446, 28.84675], [-96.08259, 28.84443], [-96.08072, 28.84209], [-96.07885, 28.83972], [-96.07697, 28.83736], [-96.07509, 28.83499], [-96.07321, 28.83261], [-96.07133, 28.83026], [-96.06949, 28.82794], [-96.06767, 28.82563], [-96.06584, 28.82334], [-96.06409, 28.82115], [-96.06236, 28.81895], [-96.06062, 28.81676], [-96.05888, 28.81456], [-96.05714, 28.81236], [-96.05552, 28.81032], [-96.05389, 28.80829], [-96.05218, 28.80612], [-96.05032, 28.80378], [-96.05056, 28.79947]], [[-97.99988, 29.4673], [-97.99919, 29.46781], [-97.99846, 29.46858], [-97.99772, 29.46806], [-97.99901, 29.46664], [-98.00032, 29.46518], [-97.99836, 29.46345], [-97.99584, 29.46074], [-97.99267, 29.45737], [-97.99029, 29.45483], [-97.98708, 29.4514], [-97.98457, 29.44872], [-97.98202, 29.44599], [-97.97966, 29.44346], [-97.97704, 29.44065], [-97.97401, 29.43742], [-97.97138, 29.43459], [-97.96895, 29.43201], [-97.96639, 29.42926], [-97.96351, 29.42615], [-97.96091, 29.42337], [-97.95845, 29.42074], [-97.95592, 29.41802], [-97.95335, 29.41527], [-97.95056, 29.41227], [-97.94794, 29.40948], [-97.94524, 29.40658], [-97.94285, 29.40403], [-97.94038, 29.40138], [-97.93766, 29.39848], [-97.93476, 29.39536], [-97.93164, 29.39202], [-97.92877, 29.38896], [-97.92617, 29.38616], [-97.92351, 29.38333], [-97.92103, 29.38067], [-97.91903, 29.37855], [-97.91653, 29.37591], [-97.91388, 29.37311], [-97.91151, 29.37065], [-97.9091, 29.36808], [-97.90655, 29.36542], [-97.90391, 29.36263], [-97.90147, 29.36007], [-97.89869, 29.35716], [-97.89584, 29.35414], [-97.89343, 29.3516], [-97.8905, 29.3485], [-97.88759, 29.34547], [-97.8854, 29.34315], [-97.88278, 29.34039], [-97.88005, 29.33752], [-97.87769, 29.33502], [-97.87508, 29.33228], [-97.87266, 29.32974], [-97.87004, 29.32697], [-97.86774, 29.32456], [-97.86515, 29.32183], [-97.86246, 29.319], [-97.85951, 29.31592], [-97.85641, 29.31266], [-97.85319, 29.30926], [-97.85041, 29.30634], [-97.84843, 29.30425], [-97.84567, 29.30136], [-97.84314, 29.29867], [-97.8402, 29.29559], [-97.83754, 29.29279], [-97.8355, 29.29065], [-97.83266, 29.28764], [-97.83025, 29.28512], [-97.82798, 29.28273], [-97.82587, 29.28047], [-97.82311, 29.27756], [-97.82021, 29.27453], [-97.81813, 29.27234], [-97.81576, 29.26984], [-97.81339, 29.26733], [-97.81142, 29.26526], [-97.80867, 29.26236], [-97.80587, 29.2594], [-97.80342, 29.25684], [-97.80096, 29.25424], [-97.79898, 29.25216], [-97.79675, 29.2498], [-97.79444, 29.24738], [-97.79108, 29.24575], [-97.78764, 29.24408], [-97.78429, 29.24245], [-97.78072, 29.24072], [-97.7774, 29.2391], [-97.77412, 29.23751], [-97.77105, 29.23602], [-97.76763, 29.23435], [-97.76404, 29.2326], [-97.76047, 29.23087], [-97.75694, 29.22914], [-97.75345, 29.22744], [-97.74969, 29.22561], [-97.74623, 29.22393], [-97.74289, 29.22231], [-97.73891, 29.22044], [-97.73475, 29.21849], [-97.73132, 29.21679], [-97.72867, 29.21547], [-97.72524, 29.21379], [-97.72176, 29.21206], [-97.72124, 29.2118], [-97.71934, 29.21085], [-97.71571, 29.20908], [-97.71232, 29.20743], [-97.70842, 29.20553], [-97.70535, 29.20403], [-97.70193, 29.20237], [-97.69783, 29.20037], [-97.69306, 29.19805], [-97.68911, 29.19612], [-97.68564, 29.19441], [-97.6816, 29.19244], [-97.67732, 29.19036], [-97.6739, 29.1887], [-97.67039, 29.18699], [-97.66688, 29.18528], [-97.66251, 29.18315], [-97.65876, 29.18132], [-97.6553, 29.17964], [-97.65216, 29.1781], [-97.64876, 29.17644], [-97.64487, 29.17455], [-97.64108, 29.17269], [-97.6377, 29.17104], [-97.63397, 29.16923], [-97.63058, 29.16757], [-97.62682, 29.16574], [-97.62298, 29.16387], [-97.62002, 29.16242], [-97.61679, 29.16085], [-97.61295, 29.15895], [-97.60861, 29.15684], [-97.60482, 29.15499], [-97.60133, 29.1533], [-97.59775, 29.15154], [-97.59415, 29.14979], [-97.59062, 29.14805], [-97.58717, 29.14637], [-97.58359, 29.14463], [-97.58013, 29.14292], [-97.57692, 29.14135], [-97.57379, 29.13983], [-97.56995, 29.13793], [-97.56574, 29.13589], [-97.56196, 29.13404], [-97.55794, 29.13206], [-97.55555, 29.13089], [-97.55187, 29.1291], [-97.54831, 29.12735], [-97.54465, 29.12555], [-97.54079, 29.12369], [-97.53706, 29.1219], [-97.53406, 29.12045], [-97.53065, 29.11881], [-97.52619, 29.11666], [-97.52266, 29.11495], [-97.51878, 29.11309], [-97.51497, 29.11125], [-97.511, 29.10933], [-97.50747, 29.10762], [-97.50404, 29.1052], [-97.50072, 29.1036], [-97.49836, 29.10247], [-97.49498, 29.1012], [-97.49159, 29.09994], [-97.48774, 29.0981], [-97.48423, 29.0964], [-97.48111, 29.09489], [-97.47764, 29.09322], [-97.47418, 29.09154], [-97.46998, 29.08952], [-97.46578, 29.0875], [-97.46239, 29.08586], [-97.45878, 29.08411], [-97.45514, 29.08235], [-97.45126, 29.08048], [-97.44793, 29.07887], [-97.44436, 29.07714], [-97.44029, 29.07517], [-97.43606, 29.0739], [-97.43224, 29.07273], [-97.42714, 29.0712], [-97.42414, 29.07029], [-97.42226, 29.06972], [-97.41833, 29.06836], [-97.41349, 29.06669], [-97.40991, 29.06546], [-97.40576, 29.06402], [-97.40212, 29.06276], [-97.39814, 29.06138], [-97.39398, 29.05994], [-97.39057, 29.05877], [-97.38591, 29.05715], [-97.38171, 29.05569], [-97.37828, 29.0545], [-97.37477, 29.05328], [-97.37146, 29.05214], [-97.36842, 29.05108], [-97.36542, 29.05005], [-97.36193, 29.04934], [-97.3579, 29.04852], [-97.3535, 29.04761], [-97.348, 29.04649], [-97.34264, 29.04539], [-97.33746, 29.04434], [-97.33385, 29.04362], [-97.3298, 29.04278], [-97.3248, 29.04176], [-97.32121, 29.04103], [-97.31602, 29.03997], [-97.31204, 29.03915], [-97.30798, 29.03832], [-97.30388, 29.03749], [-97.29834, 29.03635], [-97.29403, 29.03548], [-97.29111, 29.03488], [-97.28858, 29.03437], [-97.285, 29.03502], [-97.28103, 29.03573], [-97.27836, 29.03623], [-97.27419, 29.03684]]]}, "properties": {"owner": "NOT AVAILABLE", "voltage_kv": 345.0}}, {"type": "Feature", "geometry": {"type": "LineString", "coordinates": [[-97.0131, 29.67452], [-97.01334, 29.67446], [-97.09832, 29.67748], [-97.10535, 29.67822], [-97.10587, 29.67804]]}, "properties": {"owner": "BLUEBONNET ELECTRIC COOP, INC", "voltage_kv": 345.0}}, {"type": "Feature", "geometry": {"type": "LineString", "coordinates": [[-98.47431, 28.70401], [-98.4737, 28.70484], [-98.47299, 28.7048], [-98.47152, 28.70516], [-98.46959, 28.70561], [-98.46897, 28.7076], [-98.46851, 28.70924], [-98.46768, 28.71111], [-98.46512, 28.71046], [-98.46343, 28.71173], [-98.46159, 28.7132], [-98.45979, 28.71459], [-98.45798, 28.71601], [-98.45611, 28.71748], [-98.45426, 28.71892], [-98.45241, 28.72036], [-98.45056, 28.72183], [-98.44868, 28.72351], [-98.44808, 28.72335], [-98.44742, 28.72318], [-98.44515, 28.72265], [-98.4428, 28.72211], [-98.44053, 28.7216], [-98.4382, 28.72106], [-98.43587, 28.72054], [-98.43364, 28.72003], [-98.43159, 28.71956], [-98.42926, 28.71907], [-98.42684, 28.71858], [-98.42449, 28.71805], [-98.42262, 28.71764], [-98.42066, 28.71726], [-98.4184, 28.71732], [-98.41612, 28.71737], [-98.41352, 28.71744], [-98.41092, 28.71751], [-98.40884, 28.71777], [-98.40729, 28.71796], [-98.40496, 28.71825], [-98.40257, 28.71854], [-98.40122, 28.71876], [-98.39947, 28.71851], [-98.39781, 28.71834], [-98.39625, 28.71822], [-98.39367, 28.71765], [-98.39176, 28.71694], [-98.38908, 28.716], [-98.38663, 28.71523], [-98.38504, 28.71361], [-98.38313, 28.71181], [-98.38112, 28.70993], [-98.37982, 28.70999], [-98.3778, 28.71013], [-98.37588, 28.71027], [-98.37376, 28.71044], [-98.37151, 28.71061], [-98.36905, 28.71079], [-98.36657, 28.71097], [-98.36434, 28.71114], [-98.3619, 28.71132], [-98.35948, 28.71175], [-98.357, 28.71218], [-98.35485, 28.71256], [-98.35249, 28.71296], [-98.35022, 28.71337], [-98.34794, 28.71376], [-98.34561, 28.71417], [-98.34348, 28.71453], [-98.34083, 28.715], [-98.33822, 28.71545], [-98.33596, 28.71585], [-98.3335, 28.71631], [-98.33113, 28.71669], [-98.32905, 28.71706], [-98.32635, 28.71753], [-98.32445, 28.71786], [-98.3217, 28.71834], [-98.3191, 28.7188], [-98.31684, 28.71919], [-98.31439, 28.71961], [-98.312, 28.72003], [-98.30963, 28.72044], [-98.30778, 28.72076], [-98.30548, 28.72117], [-98.30294, 28.72161], [-98.30067, 28.72201], [-98.29841, 28.7224], [-98.29587, 28.72285], [-98.29379, 28.72321], [-98.29098, 28.7237], [-98.28797, 28.7245], [-98.28539, 28.72515], [-98.2832, 28.72553], [-98.28059, 28.72599], [-98.27805, 28.72642], [-98.27569, 28.72684], [-98.27349, 28.72722], [-98.27036, 28.72777], [-98.26871, 28.72805], [-98.26545, 28.72862], [-98.26296, 28.72905], [-98.26056, 28.72946], [-98.25807, 28.72991], [-98.25583, 28.73029], [-98.25384, 28.73064], [-98.25096, 28.73114], [-98.24807, 28.73164], [-98.24624, 28.73196], [-98.24397, 28.73235], [-98.24142, 28.73283], [-98.23923, 28.73318], [-98.23654, 28.73365], [-98.23439, 28.73402], [-98.2318, 28.73447], [-98.22964, 28.73485], [-98.22709, 28.73529], [-98.22489, 28.73567], [-98.22244, 28.7361], [-98.2201, 28.73651], [-98.21796, 28.73695], [-98.21585, 28.73687], [-98.21357, 28.73685], [-98.21085, 28.73683], [-98.20794, 28.73681], [-98.20502, 28.73679], [-98.2024, 28.73677], [-98.20017, 28.73676], [-98.19763, 28.73675], [-98.19561, 28.73673], [-98.19298, 28.73671], [-98.19075, 28.7367], [-98.18841, 28.73669], [-98.18616, 28.73667], [-98.18386, 28.73669], [-98.18121, 28.73664], [-98.17892, 28.73662], [-98.17658, 28.7366], [-98.17419, 28.73659], [-98.1716, 28.73657], [-98.16926, 28.73655], [-98.16677, 28.73654], [-98.16443, 28.73652], [-98.16211, 28.73651], [-98.15942, 28.73649], [-98.15722, 28.73647], [-98.15479, 28.73646], [-98.15238, 28.73645], [-98.1499, 28.73645], [-98.14745, 28.73644], [-98.14502, 28.73645], [-98.14267, 28.73645], [-98.14042, 28.73645], [-98.13801, 28.73646], [-98.13557, 28.73646], [-98.13314, 28.73646], [-98.13093, 28.73646], [-98.12818, 28.73652], [-98.12817, 28.7359], [-98.12536, 28.73587], [-98.12271, 28.73587], [-98.12036, 28.73587], [-98.11814, 28.73587], [-98.11563, 28.73587], [-98.11336, 28.73587], [-98.1114, 28.73621], [-98.1092, 28.73657], [-98.10681, 28.73696], [-98.10446, 28.73735], [-98.10213, 28.73774], [-98.09968, 28.73818], [-98.09728, 28.73855], [-98.09506, 28.73891], [-98.09244, 28.73935], [-98.09035, 28.73977], [-98.0881, 28.73969], [-98.08582, 28.73968], [-98.08314, 28.73967], [-98.08056, 28.73966], [-98.07819, 28.73965], [-98.07574, 28.73964], [-98.07336, 28.73963], [-98.07083, 28.73962], [-98.0684, 28.73961], [-98.0659, 28.73959], [-98.06352, 28.73958], [-98.06098, 28.73957], [-98.0586, 28.73956], [-98.05649, 28.73959], [-98.05648, 28.73759], [-98.0565, 28.73572], [-98.05648, 28.73369], [-98.05644, 28.73182], [-98.05643, 28.72988], [-98.05641, 28.72755], [-98.05639, 28.72555], [-98.05633, 28.72356], [-98.05405, 28.72329], [-98.05149, 28.72303], [-98.04924, 28.7228], [-98.04666, 28.72254], [-98.04477, 28.72235], [-98.04292, 28.72295], [-98.0407, 28.72368], [-98.03839, 28.72441], [-98.03606, 28.72519], [-98.03381, 28.72592], [-98.03148, 28.72668], [-98.02922, 28.72742], [-98.0269, 28.72817], [-98.02459, 28.72893], [-98.02255, 28.7296], [-98.02071, 28.73019], [-98.01865, 28.7309], [-98.01928, 28.73245], [-98.02007, 28.73429], [-98.02122, 28.73573], [-98.02239, 28.7372], [-98.02358, 28.73861], [-98.02357, 28.73926], [-98.02372, 28.73986]]}, "properties": {"owner": "AEP TEXAS CENTRAL COMPANY", "voltage_kv": 345.0}}, {"type": "Feature", "geometry": {"type": "LineString", "coordinates": [[-97.48728, 30.25129], [-97.4876, 30.2521], [-97.48592, 30.25443], [-97.48403, 30.25742], [-97.48225, 30.26022], [-97.4806, 30.26286], [-97.47931, 30.26491], [-97.47781, 30.26739], [-97.47441, 30.26827], [-97.47083, 30.26934], [-97.46736, 30.27032], [-97.46389, 30.27133], [-97.46064, 30.27227], [-97.45702, 30.27331], [-97.45339, 30.27433], [-97.45018, 30.27526], [-97.44668, 30.2763], [-97.44367, 30.27717], [-97.44057, 30.27869], [-97.4379, 30.28003], [-97.43559, 30.28117], [-97.43371, 30.28212], [-97.43048, 30.28375], [-97.42717, 30.28538], [-97.42385, 30.28701], [-97.42058, 30.28864], [-97.41727, 30.29027], [-97.41397, 30.29191], [-97.41067, 30.29357], [-97.40737, 30.2952], [-97.4042, 30.29678], [-97.40078, 30.29846], [-97.39777, 30.29995], [-97.39516, 30.30124], [-97.39271, 30.30246], [-97.38983, 30.30338], [-97.38713, 30.30422], [-97.38438, 30.30501], [-97.38162, 30.3069], [-97.37884, 30.30872], [-97.37606, 30.31052], [-97.37379, 30.312], [-97.37348, 30.3122], [-97.37054, 30.31411], [-97.36761, 30.31602], [-97.3647, 30.31801], [-97.36241, 30.3195], [-97.35995, 30.32109], [-97.35775, 30.32253], [-97.35461, 30.3246], [-97.35182, 30.32642], [-97.34867, 30.32847], [-97.34617, 30.33009], [-97.34289, 30.33224], [-97.34045, 30.33383], [-97.34024, 30.33397], [-97.33846, 30.33513], [-97.33604, 30.3374], [-97.33356, 30.33971], [-97.3313, 30.34182], [-97.32842, 30.34454], [-97.32627, 30.34653], [-97.32358, 30.34905], [-97.32122, 30.35128], [-97.31907, 30.35328], [-97.3165, 30.35565], [-97.31436, 30.3577], [-97.31163, 30.36024], [-97.30916, 30.36254], [-97.30677, 30.3648], [-97.304, 30.36737], [-97.30161, 30.36964], [-97.30149, 30.36975], [-97.299, 30.37212], [-97.29673, 30.37424], [-97.29449, 30.37636], [-97.29168, 30.37896], [-97.28927, 30.38121], [-97.28736, 30.38323], [-97.28536, 30.38536], [-97.28315, 30.38771], [-97.28094, 30.39005], [-97.27852, 30.39261], [-97.27632, 30.39496], [-97.27451, 30.39687], [-97.27202, 30.39952], [-97.2698, 30.40185], [-97.26753, 30.40425], [-97.26513, 30.40681], [-97.26292, 30.40914], [-97.2605, 30.4117], [-97.25838, 30.41394], [-97.25586, 30.41658], [-97.25373, 30.41888], [-97.25129, 30.42144], [-97.24912, 30.42372], [-97.24874, 30.42415], [-97.24733, 30.42573], [-97.24531, 30.42801], [-97.24336, 30.43018], [-97.24123, 30.43256], [-97.23938, 30.43466], [-97.23714, 30.43715], [-97.2352, 30.43933], [-97.23277, 30.44203], [-97.23088, 30.44421], [-97.22848, 30.44688], [-97.22648, 30.44911], [-97.22395, 30.45191], [-97.22178, 30.45434], [-97.21955, 30.45684], [-97.21724, 30.45941], [-97.21493, 30.46201], [-97.21306, 30.46408], [-97.21092, 30.46649], [-97.20867, 30.46899], [-97.20654, 30.47136], [-97.2044, 30.47377], [-97.20186, 30.4766], [-97.19991, 30.47878], [-97.19756, 30.48138], [-97.19532, 30.48388], [-97.1934, 30.48604], [-97.19102, 30.4887], [-97.18872, 30.49125], [-97.18649, 30.49375], [-97.18407, 30.49648], [-97.1819, 30.49887], [-97.17939, 30.50167], [-97.1778, 30.50343], [-97.17549, 30.506], [-97.17326, 30.50851], [-97.17092, 30.51111], [-97.16867, 30.51362], [-97.16682, 30.51535], [-97.16478, 30.51725], [-97.16218, 30.51964], [-97.15955, 30.52205], [-97.15707, 30.52435], [-97.15448, 30.52675], [-97.15188, 30.52916], [-97.14952, 30.53133], [-97.1473, 30.5338], [-97.14488, 30.5365], [-97.14283, 30.53879], [-97.14078, 30.54108], [-97.13852, 30.54359], [-97.1361, 30.54632], [-97.13387, 30.54881], [-97.13153, 30.55141], [-97.1293, 30.55391], [-97.12695, 30.55647], [-97.12632, 30.55681], [-97.12488, 30.55758], [-97.12161, 30.5593], [-97.11819, 30.56103], [-97.11531, 30.56248], [-97.11245, 30.56394], [-97.1096, 30.56542], [-97.10676, 30.56696], [-97.10393, 30.56849], [-97.10083, 30.57016], [-97.09762, 30.57192], [-97.09465, 30.57352], [-97.092, 30.57494], [-97.08885, 30.57571], [-97.08612, 30.57638], [-97.08307, 30.57712], [-97.08271, 30.5772], [-97.07995, 30.57788], [-97.07759, 30.5785], [-97.07681, 30.57766]]}, "properties": {"owner": "ONCOR ELECTRIC DELIVERY CO.", "voltage_kv": 345.0}}, {"type": "Feature", "geometry": {"type": "LineString", "coordinates": [[-99.04847, 29.07943], [-99.04921, 29.07953], [-99.05178, 29.08022], [-99.05348, 29.08052], [-99.05543, 29.08085], [-99.05746, 29.0812], [-99.05807, 29.08131], [-99.05992, 29.08163], [-99.06176, 29.08194], [-99.0636, 29.08226], [-99.06544, 29.08258], [-99.0673, 29.08289], [-99.06915, 29.08321], [-99.07083, 29.0835], [-99.07312, 29.0839], [-99.07512, 29.08424], [-99.07714, 29.08459], [-99.07927, 29.08496], [-99.08188, 29.0854], [-99.08368, 29.08571], [-99.08547, 29.08602], [-99.08726, 29.08633], [-99.08909, 29.08665], [-99.09095, 29.08697], [-99.09308, 29.08734], [-99.09503, 29.08767], [-99.09697, 29.08801], [-99.09894, 29.08834], [-99.10087, 29.08868], [-99.1028, 29.08902], [-99.10474, 29.08935], [-99.10652, 29.08965], [-99.10844, 29.08999], [-99.11027, 29.0903], [-99.11213, 29.09063], [-99.11398, 29.09095], [-99.11582, 29.09126], [-99.11796, 29.09163], [-99.12041, 29.09205], [-99.1221, 29.09238], [-99.12377, 29.09275], [-99.12559, 29.09315], [-99.12711, 29.09348], [-99.12893, 29.09388], [-99.13063, 29.09425], [-99.13246, 29.09465], [-99.1344, 29.09507], [-99.13613, 29.09545], [-99.13789, 29.09583], [-99.13987, 29.09626], [-99.14169, 29.09666], [-99.14348, 29.09705], [-99.14556, 29.0975], [-99.14748, 29.09791], [-99.14931, 29.09832], [-99.15132, 29.09875], [-99.15315, 29.09915], [-99.15493, 29.09954], [-99.15692, 29.09997], [-99.15875, 29.10037], [-99.16051, 29.10075], [-99.16232, 29.10115], [-99.16424, 29.10157], [-99.16621, 29.102], [-99.1681, 29.10242], [-99.17023, 29.10288], [-99.17175, 29.10321], [-99.17327, 29.10354], [-99.17448, 29.10381], [-99.17632, 29.1042], [-99.17828, 29.10463], [-99.18071, 29.10517], [-99.18299, 29.10567], [-99.18485, 29.10607], [-99.18659, 29.10645], [-99.18845, 29.10686], [-99.19102, 29.10742], [-99.19315, 29.10788], [-99.19523, 29.10833], [-99.1972, 29.10876], [-99.19902, 29.10916], [-99.20084, 29.10955], [-99.20217, 29.10984], [-99.20414, 29.11027], [-99.20612, 29.1107], [-99.20791, 29.11109], [-99.20942, 29.11142], [-99.21126, 29.11182], [-99.21308, 29.11221], [-99.21521, 29.11268], [-99.21712, 29.11309], [-99.21903, 29.11351], [-99.22061, 29.11389], [-99.22275, 29.11438], [-99.22426, 29.11474], [-99.22642, 29.11524], [-99.22806, 29.11563], [-99.23006, 29.11609], [-99.23196, 29.11653], [-99.23384, 29.11697], [-99.23563, 29.11736], [-99.23789, 29.11783], [-99.23945, 29.11814], [-99.24126, 29.11851], [-99.24292, 29.11885], [-99.24462, 29.11918], [-99.2466, 29.11959], [-99.24858, 29.11999], [-99.25027, 29.12033], [-99.25209, 29.12072], [-99.25375, 29.12109], [-99.25526, 29.12143], [-99.25739, 29.12189], [-99.25952, 29.12235], [-99.26122, 29.12269], [-99.26303, 29.12337], [-99.26485, 29.12402], [-99.26667, 29.12467], [-99.26847, 29.12535], [-99.26987, 29.12566], [-99.27187, 29.12612], [-99.2738, 29.12657], [-99.27589, 29.12705], [-99.27749, 29.12743], [-99.27946, 29.12788], [-99.28102, 29.12825], [-99.28285, 29.12867], [-99.28443, 29.12903], [-99.2864, 29.12949], [-99.2882, 29.12991], [-99.29034, 29.1304], [-99.2923, 29.13086], [-99.29413, 29.13128], [-99.29619, 29.13176], [-99.29828, 29.13224], [-99.30039, 29.13274], [-99.30228, 29.13317], [-99.30419, 29.13362], [-99.30592, 29.13402], [-99.30789, 29.13448], [-99.30956, 29.13486], [-99.31153, 29.13532], [-99.31379, 29.13584], [-99.31606, 29.13637], [-99.31788, 29.13678], [-99.32038, 29.13736], [-99.32211, 29.13777], [-99.32401, 29.13821], [-99.32621, 29.13871], [-99.32818, 29.13917], [-99.33, 29.13959], [-99.33197, 29.14005], [-99.33371, 29.14045], [-99.33591, 29.14096], [-99.33789, 29.14141], [-99.33969, 29.14184], [-99.3415, 29.14225], [-99.34333, 29.14267], [-99.34506, 29.14308], [-99.34742, 29.14362], [-99.34915, 29.14402], [-99.35089, 29.14442], [-99.35271, 29.14485], [-99.35482, 29.14534], [-99.35659, 29.14574], [-99.35846, 29.14618], [-99.36057, 29.14667], [-99.36244, 29.1471], [-99.36409, 29.14748], [-99.36578, 29.14787], [-99.36742, 29.14825], [-99.36916, 29.14865], [-99.37085, 29.14904], [-99.37255, 29.14943], [-99.37437, 29.14985], [-99.37634, 29.15031], [-99.37846, 29.1508], [-99.38057, 29.15129], [-99.38224, 29.15167], [-99.38391, 29.15205], [-99.38573, 29.15248], [-99.38769, 29.15294], [-99.38935, 29.15331], [-99.39117, 29.15374], [-99.3933, 29.15423], [-99.39496, 29.15461], [-99.39663, 29.155], [-99.39844, 29.15541], [-99.40056, 29.1559], [-99.40238, 29.15632], [-99.40422, 29.15675], [-99.40588, 29.15713], [-99.40815, 29.15766], [-99.40998, 29.15808], [-99.41209, 29.15856], [-99.41406, 29.15902], [-99.41572, 29.15941], [-99.41739, 29.15979], [-99.41907, 29.16018], [-99.42089, 29.16059], [-99.42307, 29.16109], [-99.42529, 29.16161], [-99.42692, 29.16199], [-99.42875, 29.16241], [-99.43057, 29.16283], [-99.43226, 29.16322], [-99.43387, 29.1636], [-99.43555, 29.16398], [-99.43722, 29.16437], [-99.43858, 29.16469], [-99.44009, 29.16505], [-99.44236, 29.16559], [-99.44448, 29.1661], [-99.44599, 29.16646], [-99.44789, 29.16691], [-99.45052, 29.16754], [-99.45233, 29.16798], [-99.45415, 29.16841], [-99.45657, 29.16898], [-99.4592, 29.16962], [-99.4614, 29.17014], [-99.46344, 29.17062], [-99.46548, 29.1711], [-99.46719, 29.17151], [-99.4691, 29.17197], [-99.47058, 29.17232], [-99.47256, 29.17279], [-99.47454, 29.17327], [-99.4765, 29.17373], [-99.47851, 29.1742], [-99.48037, 29.17465], [-99.48225, 29.17511], [-99.48415, 29.17556], [-99.48604, 29.17601], [-99.48793, 29.17646], [-99.48983, 29.17692], [-99.49172, 29.17737], [-99.49359, 29.17781], [-99.49549, 29.17826], [-99.49736, 29.17872], [-99.49926, 29.17917], [-99.50116, 29.17962], [-99.50304, 29.18007], [-99.5049, 29.18052], [-99.50683, 29.18097], [-99.50864, 29.18141], [-99.51093, 29.18196], [-99.51282, 29.1824], [-99.51463, 29.18284], [-99.51646, 29.18327], [-99.51829, 29.18371], [-99.51997, 29.18412], [-99.52178, 29.18454], [-99.52357, 29.18497], [-99.52537, 29.18541], [-99.52717, 29.18584], [-99.52896, 29.18626], [-99.53077, 29.18669], [-99.5326, 29.18714], [-99.53451, 29.18759], [-99.53621, 29.18799], [-99.53793, 29.1884], [-99.53962, 29.1888], [-99.54133, 29.18922], [-99.54303, 29.18962], [-99.54473, 29.19003], [-99.54646, 29.19044], [-99.54815, 29.19084], [-99.55003, 29.1913], [-99.55169, 29.1917], [-99.5536, 29.19215], [-99.5555, 29.1926], [-99.55742, 29.19306], [-99.55928, 29.19351], [-99.56119, 29.19397], [-99.56309, 29.19442], [-99.56499, 29.19487], [-99.56687, 29.19532], [-99.5684, 29.19569], [-99.57008, 29.19609], [-99.57188, 29.19652], [-99.57368, 29.19695], [-99.57551, 29.19738], [-99.57731, 29.19782], [-99.57912, 29.19825], [-99.58088, 29.19867], [-99.58321, 29.19923], [-99.58502, 29.19966], [-99.5869, 29.20011], [-99.58878, 29.20056], [-99.59065, 29.20101], [-99.59254, 29.20146], [-99.59441, 29.2019], [-99.59629, 29.20236], [-99.59817, 29.2028], [-99.60005, 29.20326], [-99.60193, 29.2037], [-99.6038, 29.20415], [-99.60569, 29.2046], [-99.60757, 29.20505], [-99.60946, 29.2055], [-99.61133, 29.20595], [-99.6132, 29.2064], [-99.6151, 29.20685], [-99.61699, 29.2073], [-99.61886, 29.20775], [-99.62075, 29.20819], [-99.62263, 29.20864], [-99.6245, 29.20909], [-99.62641, 29.20954], [-99.62827, 29.20999], [-99.63028, 29.21045], [-99.63246, 29.211], [-99.63505, 29.21162], [-99.63703, 29.21209], [-99.63883, 29.21252], [-99.64065, 29.21296], [-99.64246, 29.21339], [-99.64427, 29.21382], [-99.64594, 29.21422], [-99.64773, 29.21465], [-99.6495, 29.21506], [-99.65131, 29.21549], [-99.65309, 29.21593], [-99.65486, 29.21634], [-99.65672, 29.21679], [-99.65859, 29.21723], [-99.66045, 29.21768], [-99.66231, 29.21812], [-99.66417, 29.21857], [-99.66602, 29.21901], [-99.66789, 29.21945], [-99.66975, 29.21989], [-99.67158, 29.22034], [-99.67345, 29.22078], [-99.67614, 29.22142], [-99.67858, 29.222], [-99.68022, 29.2224], [-99.68238, 29.22291], [-99.68389, 29.22327], [-99.68551, 29.22365], [-99.68712, 29.22404], [-99.68875, 29.22442], [-99.69036, 29.2248], [-99.69218, 29.22524], [-99.694, 29.22568], [-99.69587, 29.22612], [-99.69769, 29.22656], [-99.69955, 29.22699]]}, "properties": {"owner": "AEP TEXAS CENTRAL COMPANY", "voltage_kv": 345.0}}, {"type": "Feature", "geometry": {"type": "LineString", "coordinates": [[-96.0818, 30.62251], [-96.08153, 30.62271], [-96.08164, 30.623], [-96.08298, 30.62588], [-96.08469, 30.62817], [-96.08648, 30.63075], [-96.08815, 30.63307], [-96.08982, 30.63542], [-96.09143, 30.63769], [-96.09309, 30.63998], [-96.09484, 30.64229], [-96.09535, 30.64514], [-96.09538, 30.64783], [-96.09545, 30.65018], [-96.09545, 30.65022], [-96.09547, 30.65107], [-96.09551, 30.65252], [-96.09556, 30.65402], [-96.09563, 30.65699], [-96.09574, 30.65979], [-96.09579, 30.66229], [-96.0958, 30.66278], [-96.09587, 30.66545], [-96.09591, 30.66824], [-96.09604, 30.67121], [-96.0961, 30.6742], [-96.09619, 30.68009], [-96.0963, 30.68308], [-96.0964, 30.68625], [-96.09643, 30.68921], [-96.09938, 30.69001], [-96.10264, 30.691], [-96.10594, 30.69196], [-96.10901, 30.69289], [-96.11249, 30.69392], [-96.11564, 30.69486], [-96.11897, 30.69582], [-96.12197, 30.69669], [-96.12504, 30.69757], [-96.12835, 30.69853], [-96.13135, 30.69946], [-96.13431, 30.70043], [-96.13747, 30.70141], [-96.14034, 30.70223], [-96.14119, 30.70529], [-96.14204, 30.70859], [-96.14282, 30.71121], [-96.1437, 30.71436], [-96.14447, 30.71709], [-96.14479, 30.72006], [-96.14505, 30.72264], [-96.1453, 30.72485], [-96.14552, 30.7271], [-96.14578, 30.72974], [-96.1461, 30.73256], [-96.14642, 30.73551], [-96.14674, 30.73872], [-96.14704, 30.74184], [-96.14734, 30.74481], [-96.14771, 30.74789], [-96.14801, 30.75089], [-96.14831, 30.75405], [-96.14863, 30.75726], [-96.14902, 30.76026], [-96.14936, 30.76362], [-96.14964, 30.76657], [-96.15, 30.76967], [-96.1503, 30.7726], [-96.15056, 30.77531], [-96.15093, 30.77855], [-96.15129, 30.78185], [-96.15161, 30.78506], [-96.15191, 30.78803], [-96.15224, 30.79098], [-96.15539, 30.79266], [-96.1584, 30.79426], [-96.16127, 30.79579], [-96.16396, 30.79723], [-96.16681, 30.79876], [-96.16977, 30.80034], [-96.1725, 30.8018], [-96.17561, 30.80342], [-96.17857, 30.80497], [-96.18185, 30.80663], [-96.18458, 30.80806], [-96.18758, 30.80961], [-96.19056, 30.81114], [-96.1935, 30.81262], [-96.19666, 30.81416], [-96.19964, 30.81571], [-96.20284, 30.81735], [-96.20561, 30.81877], [-96.20863, 30.82026], [-96.21164, 30.82183], [-96.21481, 30.82347], [-96.21792, 30.82496], [-96.22088, 30.82653], [-96.22393, 30.82811], [-96.22674, 30.82957], [-96.22957, 30.83104], [-96.23251, 30.83257], [-96.23528, 30.83407], [-96.23824, 30.83556], [-96.2411, 30.83705], [-96.24394, 30.83857], [-96.24608, 30.84118], [-96.24801, 30.84391], [-96.25001, 30.84665], [-96.2517, 30.84912], [-96.25358, 30.85172], [-96.2554, 30.85443], [-96.2571, 30.85719], [-96.25786, 30.85929], [-96.25909, 30.86027], [-96.2608, 30.86285], [-96.26259, 30.86565], [-96.26439, 30.86847], [-96.26621, 30.87127], [-96.26798, 30.87401], [-96.26961, 30.87654], [-96.27131, 30.87918], [-96.27308, 30.88196], [-96.27488, 30.88472], [-96.27664, 30.88747], [-96.27835, 30.89012], [-96.28007, 30.89281], [-96.28186, 30.89557], [-96.28363, 30.89834], [-96.28531, 30.90099], [-96.28705, 30.90369], [-96.28869, 30.90622], [-96.29041, 30.90882], [-96.29231, 30.91184], [-96.29398, 30.91441], [-96.29578, 30.91721], [-96.29757, 30.92], [-96.29927, 30.92261], [-96.301, 30.92531], [-96.30277, 30.92808], [-96.3045, 30.93071], [-96.30507, 30.93368], [-96.30567, 30.93666], [-96.30629, 30.93965], [-96.30693, 30.94306], [-96.30725, 30.94348], [-96.30872, 30.94544], [-96.31058, 30.94798], [-96.31231, 30.9503], [-96.31414, 30.95284], [-96.31603, 30.95538], [-96.31791, 30.95792], [-96.31979, 30.96048], [-96.32166, 30.96303], [-96.32355, 30.96559], [-96.32538, 30.96807], [-96.32716, 30.97047], [-96.32887, 30.97276], [-96.33056, 30.97524], [-96.33212, 30.9775], [-96.33353, 30.97976], [-96.33536, 30.98265], [-96.33708, 30.98538], [-96.33871, 30.98795], [-96.34035, 30.99055], [-96.34206, 30.99327], [-96.34375, 30.99596], [-96.34547, 30.99872], [-96.34712, 31.00131], [-96.34864, 31.00377], [-96.35031, 31.00641], [-96.35207, 31.00922], [-96.35387, 31.01209], [-96.35553, 31.01469], [-96.3572, 31.01728], [-96.35876, 31.01979], [-96.36047, 31.02254], [-96.36222, 31.02533], [-96.36382, 31.02748], [-96.36578, 31.03022], [-96.36813, 31.03281], [-96.37026, 31.0352], [-96.37273, 31.03796], [-96.37491, 31.04043], [-96.37702, 31.04277], [-96.37911, 31.04511], [-96.38092, 31.04713], [-96.38112, 31.04736], [-96.38315, 31.04958], [-96.38446, 31.05243], [-96.38581, 31.05529], [-96.3872, 31.05823], [-96.38858, 31.06111], [-96.38881, 31.06161], [-96.38978, 31.06367], [-96.39097, 31.06616], [-96.39216, 31.06871], [-96.39426, 31.07134], [-96.39617, 31.07374], [-96.39818, 31.07626], [-96.40015, 31.07872], [-96.40211, 31.08156], [-96.4039, 31.08415], [-96.40577, 31.08685], [-96.40721, 31.08896], [-96.40942, 31.09077], [-96.41178, 31.09272], [-96.41396, 31.0945], [-96.4162, 31.09634], [-96.4184, 31.0981], [-96.41985, 31.10022], [-96.42152, 31.10256], [-96.42334, 31.10513], [-96.42502, 31.10746], [-96.42652, 31.10989], [-96.42799, 31.11233], [-96.43007, 31.11479], [-96.43224, 31.11734], [-96.43442, 31.12], [-96.4366, 31.12258], [-96.43874, 31.12519], [-96.44091, 31.12776], [-96.44302, 31.1303], [-96.44523, 31.13291], [-96.44701, 31.13552], [-96.44888, 31.13817], [-96.45056, 31.14058], [-96.45223, 31.14294], [-96.45374, 31.14512], [-96.45566, 31.14784], [-96.45765, 31.15067], [-96.45933, 31.15304], [-96.46073, 31.15513], [-96.46239, 31.15741], [-96.46461, 31.16061], [-96.46644, 31.16324], [-96.46841, 31.16598], [-96.47028, 31.16868], [-96.47204, 31.17114], [-96.47368, 31.17351], [-96.47601, 31.17582], [-96.47837, 31.17819], [-96.47968, 31.18007], [-96.48115, 31.1822], [-96.48348, 31.18558], [-96.48439, 31.18553]]}, "properties": {"owner": "ENTERGY TEXAS INC.", "voltage_kv": 345.0}}, {"type": "Feature", "geometry": {"type": "LineString", "coordinates": [[-99.41173, 27.32755], [-99.37241, 27.37604], [-99.35194, 27.37619], [-99.34861, 27.3801], [-99.32073, 27.38084], [-99.2961, 27.38798], [-99.2964, 27.41276], [-99.29548, 27.41434], [-99.29552, 27.42367], [-99.25974, 27.42424], [-99.25526, 27.42824], [-99.25498, 27.45094], [-99.25241, 27.45979], [-99.2486, 27.46017], [-99.24847, 27.50325], [-99.24917, 27.50581], [-99.24919, 27.51093], [-99.27687, 27.51089], [-99.27676, 27.56501], [-99.27339, 27.56683], [-99.27375, 27.57961], [-99.27601, 27.5788]]}, "properties": {"owner": "AEP", "voltage_kv": 345.0}}, {"type": "Feature", "geometry": {"type": "LineString", "coordinates": [[-97.40442, 30.00559], [-97.39877, 30.00985], [-97.37516, 30.03012], [-97.35127, 30.05148], [-97.34894, 30.05333], [-97.33461, 30.06636], [-97.33306, 30.06794], [-97.32345, 30.0766], [-97.31817, 30.08315], [-97.31697, 30.08744], [-97.30635, 30.09064], [-97.30592, 30.09124]]}, "properties": {"owner": "ONCOR ELECTRIC DELIVERY CO.", "voltage_kv": 345.0}}, {"type": "Feature", "geometry": {"type": "LineString", "coordinates": [[-96.48439, 31.18553], [-96.48306, 31.18561], [-96.4824, 31.18473], [-96.48068, 31.18226], [-96.47921, 31.18014], [-96.47798, 31.17841], [-96.47518, 31.17629], [-96.47249, 31.17716], [-96.46984, 31.17806], [-96.46709, 31.1791], [-96.464, 31.18026], [-96.46094, 31.18143], [-96.45789, 31.18264], [-96.45501, 31.18381], [-96.45201, 31.18505], [-96.44883, 31.18637], [-96.44627, 31.18739], [-96.44337, 31.18859], [-96.44065, 31.18979], [-96.43766, 31.19102], [-96.43472, 31.19239], [-96.43256, 31.19472], [-96.43064, 31.19695], [-96.42859, 31.19919], [-96.42651, 31.20142], [-96.42447, 31.20374], [-96.42243, 31.20603], [-96.42044, 31.20833], [-96.41834, 31.21063], [-96.4163, 31.21291], [-96.4142, 31.21524], [-96.41216, 31.21752], [-96.41012, 31.21983], [-96.40806, 31.22212], [-96.40608, 31.22435], [-96.40403, 31.22664], [-96.40196, 31.22895], [-96.39977, 31.23113], [-96.3976, 31.23327], [-96.3954, 31.2355], [-96.39334, 31.23753], [-96.39126, 31.23957], [-96.38921, 31.24159], [-96.38699, 31.24379], [-96.38496, 31.24582], [-96.38276, 31.24799], [-96.38073, 31.25004], [-96.37858, 31.25213], [-96.37651, 31.25416], [-96.37457, 31.25612], [-96.37235, 31.25828], [-96.3701, 31.26048], [-96.36793, 31.26269], [-96.36585, 31.26474], [-96.36396, 31.26667], [-96.36195, 31.26857], [-96.36, 31.27053], [-96.35801, 31.27249], [-96.35608, 31.27443], [-96.35402, 31.27643], [-96.35201, 31.27843], [-96.34978, 31.28064], [-96.34751, 31.2828], [-96.34535, 31.28494], [-96.34328, 31.2871], [-96.3411, 31.28927], [-96.33889, 31.29149], [-96.33667, 31.29367], [-96.33444, 31.29589], [-96.33238, 31.29794], [-96.33018, 31.30011], [-96.32798, 31.30235], [-96.3259, 31.30444], [-96.32372, 31.30665], [-96.3216, 31.30878], [-96.31942, 31.311], [-96.31743, 31.31339], [-96.31567, 31.31544], [-96.31385, 31.31769], [-96.31219, 31.31966], [-96.31035, 31.32182], [-96.30849, 31.32406], [-96.3067, 31.32614], [-96.30506, 31.32815], [-96.30346, 31.33006], [-96.30179, 31.33213], [-96.30122, 31.33461], [-96.30066, 31.33704], [-96.3001, 31.3395], [-96.29958, 31.34201], [-96.29899, 31.34444], [-96.29848, 31.34689], [-96.29793, 31.34936], [-96.29786, 31.35199], [-96.29782, 31.35461], [-96.29774, 31.35731], [-96.29767, 31.35958], [-96.29761, 31.36238], [-96.29752, 31.36499], [-96.29747, 31.36833], [-96.29734, 31.37067], [-96.29731, 31.37272], [-96.2972, 31.37515], [-96.29479, 31.3771], [-96.29229, 31.37906], [-96.2898, 31.38101], [-96.28735, 31.38295], [-96.28611, 31.38395], [-96.28544, 31.38448], [-96.28301, 31.38639], [-96.28048, 31.38831], [-96.27831, 31.39004], [-96.27635, 31.39161], [-96.27432, 31.3932], [-96.2724, 31.39472], [-96.27004, 31.39654], [-96.26758, 31.39855], [-96.26544, 31.40015], [-96.26328, 31.40181], [-96.26091, 31.40372], [-96.25846, 31.40564], [-96.25599, 31.40761], [-96.25336, 31.40932], [-96.25069, 31.41113], [-96.24936, 31.41262], [-96.24721, 31.41494], [-96.24496, 31.41747], [-96.24501, 31.42025], [-96.2451, 31.42259], [-96.24572, 31.42467], [-96.24661, 31.42454], [-96.247, 31.42418]]}, "properties": {"owner": "NAVASOTA VALLEY ELEC COOP, INC", "voltage_kv": 345.0}}, {"type": "Feature", "geometry": {"type": "LineString", "coordinates": [[-96.0818, 30.62251], [-96.08178, 30.62301], [-96.08306, 30.62583], [-96.08477, 30.62811], [-96.08656, 30.63069], [-96.08823, 30.63302], [-96.08991, 30.63536], [-96.09152, 30.63763], [-96.09317, 30.63992], [-96.09493, 30.64225], [-96.09545, 30.64513], [-96.09548, 30.64783], [-96.09555, 30.65017], [-96.09555, 30.65021], [-96.09557, 30.65106], [-96.09561, 30.65251], [-96.09566, 30.65402], [-96.09573, 30.65699], [-96.09584, 30.65978], [-96.09589, 30.66228], [-96.0959, 30.66277], [-96.09597, 30.66545], [-96.09601, 30.66824], [-96.09614, 30.67121], [-96.0962, 30.6742], [-96.09629, 30.68009], [-96.0964, 30.68308], [-96.0965, 30.68625], [-96.09652, 30.68913], [-96.09941, 30.68991], [-96.10267, 30.69091], [-96.10597, 30.69187], [-96.10904, 30.69279], [-96.11252, 30.69382], [-96.11567, 30.69477], [-96.119, 30.69572], [-96.122, 30.69659], [-96.12507, 30.69748], [-96.12837, 30.69844], [-96.13138, 30.69936], [-96.13434, 30.70034], [-96.13749, 30.70132], [-96.14042, 30.70215], [-96.14128, 30.70526], [-96.14214, 30.70856], [-96.14291, 30.71118], [-96.14379, 30.71434], [-96.14457, 30.71707], [-96.14489, 30.72005], [-96.14515, 30.72263], [-96.1454, 30.72484], [-96.14562, 30.72709], [-96.14588, 30.72973], [-96.1462, 30.73255], [-96.14652, 30.7355], [-96.14684, 30.73871], [-96.14714, 30.74183], [-96.14744, 30.7448], [-96.14781, 30.74788], [-96.14811, 30.75088], [-96.14841, 30.75404], [-96.14873, 30.75725], [-96.14912, 30.76025], [-96.14946, 30.76361], [-96.14974, 30.76656], [-96.1501, 30.76965], [-96.1504, 30.77259], [-96.15066, 30.7753], [-96.15103, 30.77854], [-96.15139, 30.78184], [-96.15171, 30.78505], [-96.15201, 30.78802], [-96.15233, 30.79092], [-96.15544, 30.79257], [-96.15845, 30.79417], [-96.16132, 30.7957], [-96.164, 30.79714], [-96.16686, 30.79867], [-96.16982, 30.80025], [-96.17254, 30.80171], [-96.17565, 30.80333], [-96.17862, 30.80488], [-96.1819, 30.80654], [-96.18462, 30.80798], [-96.18763, 30.80952], [-96.19061, 30.81105], [-96.19355, 30.81253], [-96.1967, 30.81408], [-96.19969, 30.81562], [-96.20288, 30.81726], [-96.20565, 30.81868], [-96.20868, 30.82017], [-96.21168, 30.82174], [-96.21486, 30.82338], [-96.21797, 30.82487], [-96.22093, 30.82644], [-96.22398, 30.82803], [-96.22679, 30.82948], [-96.22962, 30.83095], [-96.23256, 30.83248], [-96.23533, 30.83398], [-96.23829, 30.83547], [-96.24114, 30.83696], [-96.24401, 30.8385], [-96.24616, 30.84112], [-96.24809, 30.84385], [-96.25009, 30.84659], [-96.25178, 30.84906], [-96.25366, 30.85167], [-96.25548, 30.85437], [-96.25726, 30.85711], [-96.25811, 30.85829], [-96.25904, 30.85895]]}, "properties": {"owner": "MID-SOUTH ELECTRIC COOP ASSN", "voltage_kv": 345.0}}, {"type": "Feature", "geometry": {"type": "LineString", "coordinates": [[-96.1328, 31.37132], [-96.13184, 31.37169], [-96.13152, 31.37508], [-96.11942, 31.42754], [-96.11815, 31.45821], [-96.11808, 31.49033], [-96.1181, 31.53127], [-96.11886, 31.55723], [-96.12171, 31.6215], [-96.12146, 31.63609], [-96.12114, 31.65459], [-96.12077, 31.67612], [-96.12048, 31.69297], [-96.12044, 31.69543], [-96.12039, 31.6983], [-96.11949, 31.74394], [-96.11883, 31.76323], [-96.1163, 31.76435], [-96.11025, 31.76525], [-96.10738, 31.77304], [-96.10647, 31.77876], [-96.10008, 31.79729], [-96.07271, 31.81244], [-96.05956, 31.81788], [-96.05701, 31.8188], [-96.05663, 31.8191], [-96.05745, 31.81953]]}, "properties": {"owner": "ONCOR ELECTRIC DELIVERY CO.", "voltage_kv": 345.0}}, {"type": "Feature", "geometry": {"type": "LineString", "coordinates": [[-96.247, 31.42418], [-96.24655, 31.42432], [-96.24578, 31.42451], [-96.2452, 31.42257], [-96.24511, 31.42025], [-96.24506, 31.4175], [-96.24728, 31.41501], [-96.24943, 31.41268], [-96.25076, 31.4112], [-96.25342, 31.40941], [-96.25605, 31.40769], [-96.25852, 31.40572], [-96.26098, 31.4038], [-96.26335, 31.40189], [-96.2655, 31.40023], [-96.26764, 31.39863], [-96.27011, 31.39662], [-96.27247, 31.3948], [-96.27438, 31.39328], [-96.27641, 31.39169], [-96.27837, 31.39012], [-96.28054, 31.38839], [-96.28307, 31.38647], [-96.2855, 31.38456], [-96.28617, 31.38402], [-96.28741, 31.38303], [-96.28986, 31.38108], [-96.29235, 31.37913], [-96.29485, 31.37717], [-96.29729, 31.3752], [-96.29741, 31.37272], [-96.29744, 31.37067], [-96.29757, 31.36833], [-96.29762, 31.36499], [-96.29771, 31.36238], [-96.29777, 31.35959], [-96.29784, 31.35731], [-96.29792, 31.35461], [-96.29796, 31.35199], [-96.29803, 31.34937], [-96.29858, 31.34692], [-96.29908, 31.34446], [-96.29967, 31.34203], [-96.3002, 31.33952], [-96.30075, 31.33707], [-96.30132, 31.33463], [-96.30188, 31.33217], [-96.30353, 31.33012], [-96.30514, 31.32821], [-96.30678, 31.32621], [-96.30857, 31.32413], [-96.31043, 31.32189], [-96.31227, 31.31972], [-96.31392, 31.31776], [-96.31575, 31.3155], [-96.3175, 31.31345], [-96.31949, 31.31107], [-96.32167, 31.30885], [-96.32379, 31.30672], [-96.32597, 31.30451], [-96.32805, 31.30242], [-96.33025, 31.30018], [-96.33246, 31.29801], [-96.33451, 31.29596], [-96.33674, 31.29374], [-96.33896, 31.29156], [-96.34117, 31.28934], [-96.34336, 31.28717], [-96.34542, 31.28501], [-96.34758, 31.28287], [-96.34985, 31.28071], [-96.35208, 31.2785], [-96.35409, 31.2765], [-96.35615, 31.2745], [-96.35808, 31.27256], [-96.36008, 31.2706], [-96.36202, 31.26864], [-96.36403, 31.26674], [-96.36592, 31.26482], [-96.368, 31.26276], [-96.37017, 31.26055], [-96.37242, 31.25835], [-96.37464, 31.25619], [-96.37658, 31.25423], [-96.37865, 31.25221], [-96.3808, 31.25011], [-96.38283, 31.24807], [-96.38503, 31.24589], [-96.38706, 31.24386], [-96.38928, 31.24166], [-96.39133, 31.23964], [-96.39341, 31.2376], [-96.39547, 31.23557], [-96.39767, 31.23334], [-96.39984, 31.2312], [-96.40203, 31.22901], [-96.4041, 31.22671], [-96.40616, 31.22441], [-96.40814, 31.22219], [-96.41019, 31.2199], [-96.41223, 31.21759], [-96.41428, 31.21531], [-96.41637, 31.21298], [-96.41842, 31.2107], [-96.42051, 31.20839], [-96.42251, 31.2061], [-96.42454, 31.20381], [-96.42658, 31.20149], [-96.42867, 31.19925], [-96.43071, 31.19702], [-96.43264, 31.19478], [-96.43478, 31.19247], [-96.4377, 31.19112], [-96.44069, 31.18988], [-96.44341, 31.18869], [-96.4463, 31.18748], [-96.44887, 31.18646], [-96.45204, 31.18514], [-96.45505, 31.1839], [-96.45792, 31.18273], [-96.46097, 31.18153], [-96.46403, 31.18035], [-96.46712, 31.17919], [-96.46988, 31.17816], [-96.47253, 31.17726], [-96.47516, 31.1764], [-96.47791, 31.17848], [-96.47913, 31.18019], [-96.4806, 31.18232], [-96.48232, 31.18478], [-96.48293, 31.18578], [-96.48439, 31.18553]]}, "properties": {"owner": "NAVASOTA VALLEY ELEC COOP, INC", "voltage_kv": 345.0}}, {"type": "Feature", "geometry": {"type": "LineString", "coordinates": [[-97.83793, 28.84179], [-97.8383, 28.84182], [-97.83849, 28.84426], [-97.8213, 28.87649], [-97.81636, 28.89066], [-97.81605, 28.89158], [-97.81528, 28.89378], [-97.81286, 28.90078], [-97.80938, 28.91094], [-97.80841, 28.91376], [-97.80786, 28.91533], [-97.80665, 28.91874], [-97.80662, 28.91883], [-97.80659, 28.91891], [-97.80391, 28.92656], [-97.80021, 28.93708], [-97.7999, 28.93794]]}, "properties": {"owner": "AEP TEXAS CENTRAL COMPANY", "voltage_kv": 345.0}}, {"type": "Feature", "geometry": {"type": "LineString", "coordinates": [[-97.48728, 30.25129], [-97.48848, 30.25013], [-97.48904, 30.24734], [-97.48954, 30.24477], [-97.49012, 30.24177], [-97.4907, 30.23877], [-97.49129, 30.23582], [-97.49166, 30.2338], [-97.49225, 30.23073], [-97.49292, 30.22743], [-97.4935, 30.22432], [-97.49412, 30.2211], [-97.49461, 30.21846], [-97.49611, 30.21616], [-97.49753, 30.21393], [-97.499, 30.21166], [-97.50015, 30.20989], [-97.50257, 30.20691], [-97.50452, 30.20465], [-97.50643, 30.20239], [-97.50848, 30.19998], [-97.50973, 30.19802], [-97.51121, 30.19568], [-97.51293, 30.19293], [-97.51468, 30.19021], [-97.51647, 30.18734], [-97.51777, 30.18531], [-97.51917, 30.18313], [-97.52041, 30.18119], [-97.52167, 30.17921], [-97.52326, 30.17671], [-97.52468, 30.17444], [-97.52641, 30.17174], [-97.5279, 30.16942], [-97.52895, 30.16774], [-97.53034, 30.16558], [-97.53202, 30.16292], [-97.53352, 30.16053], [-97.53477, 30.15861], [-97.53605, 30.15658], [-97.53765, 30.15405], [-97.53938, 30.15134], [-97.54074, 30.1492], [-97.5423, 30.14656], [-97.54455, 30.14293], [-97.54537, 30.14262]]}, "properties": {"owner": "ONCOR ELECTRIC DELIVERY CO.", "voltage_kv": 345.0}}, {"type": "Feature", "geometry": {"type": "LineString", "coordinates": [[-97.54854, 30.14548], [-97.54462, 30.14301], [-97.54238, 30.14661], [-97.54083, 30.14925], [-97.53946, 30.15139], [-97.53774, 30.1541], [-97.53614, 30.15663], [-97.53485, 30.15866], [-97.53361, 30.16059], [-97.5321, 30.16298], [-97.53042, 30.16563], [-97.52904, 30.16779], [-97.52799, 30.16947], [-97.52649, 30.1718], [-97.52477, 30.17449], [-97.52334, 30.17676], [-97.52175, 30.17926], [-97.52049, 30.18124], [-97.51926, 30.18318], [-97.51786, 30.18537], [-97.51656, 30.18739], [-97.51477, 30.19026], [-97.51301, 30.19298], [-97.51129, 30.19573], [-97.50982, 30.19807], [-97.50856, 30.20003], [-97.5065, 30.20245], [-97.5046, 30.20472], [-97.50265, 30.20698], [-97.50023, 30.20995], [-97.49908, 30.21172], [-97.49761, 30.21399], [-97.4962, 30.21621], [-97.49471, 30.21849], [-97.49422, 30.22112], [-97.4936, 30.22434], [-97.49302, 30.22745], [-97.49235, 30.23075], [-97.49175, 30.23382], [-97.49138, 30.23584], [-97.4908, 30.23879], [-97.49022, 30.24179], [-97.48964, 30.24479], [-97.48913, 30.24736], [-97.48857, 30.25019], [-97.48728, 30.25129]]}, "properties": {"owner": "ONCOR ELECTRIC DELIVERY CO.", "voltage_kv": 345.0}}, {"type": "Feature", "geometry": {"type": "LineString", "coordinates": [[-97.99988, 29.4673], [-97.99992, 29.46655], [-98.00088, 29.46532], [-98.00085, 29.46413], [-98.00062, 29.46125], [-98.00017, 29.45785], [-97.99979, 29.45493], [-97.99936, 29.45165], [-97.99892, 29.44826], [-97.9985, 29.44513], [-97.99806, 29.44176], [-97.99774, 29.43925], [-97.99689, 29.43657], [-97.99601, 29.43382], [-97.99504, 29.43073], [-97.99414, 29.42788], [-97.99326, 29.42505], [-97.9924, 29.42233], [-97.99144, 29.41931], [-97.99042, 29.41604], [-97.9895, 29.41312], [-97.98856, 29.41017], [-97.98758, 29.40702], [-97.98666, 29.40413], [-97.98567, 29.40095], [-97.98467, 29.39782], [-97.98377, 29.39491], [-97.98295, 29.39233], [-97.98208, 29.3896], [-97.98128, 29.38706], [-97.9804, 29.38429], [-97.9795, 29.38146], [-97.97855, 29.37846], [-97.97762, 29.37551], [-97.97661, 29.37233], [-97.97565, 29.36935], [-97.97472, 29.3664], [-97.97387, 29.36375], [-97.97286, 29.3605], [-97.97204, 29.35793], [-97.97113, 29.35513], [-97.9703, 29.35243], [-97.96927, 29.34918], [-97.96848, 29.34682], [-97.97057, 29.34416], [-97.9726, 29.34156], [-97.9746, 29.33897], [-97.97665, 29.33633], [-97.9787, 29.33366], [-97.98013, 29.33182], [-97.98074, 29.33102], [-97.9828, 29.32836], [-97.9849, 29.32564], [-97.98699, 29.32294], [-97.98912, 29.32018], [-97.99119, 29.31753], [-97.99275, 29.3155], [-97.99485, 29.3128], [-97.99671, 29.31039], [-97.99847, 29.30799], [-98.00003, 29.30587], [-98.00136, 29.30406], [-98.00293, 29.30195], [-98.00446, 29.29986], [-98.00611, 29.29786], [-98.00759, 29.29604], [-98.00908, 29.29421], [-98.01083, 29.29206], [-98.01251, 29.28989], [-98.0144, 29.28745], [-98.01643, 29.2848], [-98.01855, 29.28206], [-98.02043, 29.27963], [-98.02274, 29.27666], [-98.02464, 29.27418], [-98.0269, 29.27127], [-98.02883, 29.26873], [-98.03097, 29.26596], [-98.03286, 29.26346], [-98.03513, 29.26055], [-98.03682, 29.25835], [-98.03868, 29.25595], [-98.04055, 29.25353], [-98.04281, 29.25057], [-98.04448, 29.24843], [-98.04642, 29.24588], [-98.0486, 29.24305], [-98.05038, 29.24077], [-98.05241, 29.23812], [-98.05398, 29.23505], [-98.05559, 29.23193], [-98.0569, 29.22934], [-98.0584, 29.22646], [-98.05973, 29.22386], [-98.06127, 29.22087], [-98.06275, 29.21798], [-98.06435, 29.21486], [-98.06603, 29.21206], [-98.06762, 29.20941], [-98.06936, 29.20649], [-98.07104, 29.20369], [-98.0727, 29.20091], [-98.07419, 29.19842], [-98.0758, 29.19577], [-98.07731, 29.19323], [-98.07885, 29.19067], [-98.08052, 29.18788], [-98.08227, 29.18496], [-98.08355, 29.18281], [-98.08535, 29.17979], [-98.08701, 29.17703], [-98.08843, 29.17466], [-98.09003, 29.17196], [-98.09214, 29.16953], [-98.09428, 29.16708], [-98.09646, 29.16456], [-98.09866, 29.16203], [-98.10086, 29.15949], [-98.10297, 29.15702], [-98.10509, 29.15458], [-98.10744, 29.15187], [-98.10964, 29.14933], [-98.11163, 29.14703], [-98.1137, 29.14465], [-98.11565, 29.14239], [-98.11777, 29.13993], [-98.11974, 29.13766], [-98.12067, 29.13659], [-98.12104, 29.13617], [-98.12329, 29.13359], [-98.12389, 29.13099], [-98.12456, 29.12811], [-98.12539, 29.12454], [-98.12611, 29.12145], [-98.12688, 29.11816], [-98.12759, 29.11518], [-98.12821, 29.11246], [-98.13108, 29.11035], [-98.13399, 29.10822], [-98.13684, 29.10613], [-98.13971, 29.10402], [-98.14239, 29.10205], [-98.14542, 29.09981], [-98.14794, 29.09796], [-98.1507, 29.09594], [-98.15368, 29.09374], [-98.15718, 29.09118], [-98.16029, 29.08888], [-98.16214, 29.08636], [-98.16427, 29.08351], [-98.16628, 29.08079], [-98.16784, 29.07867], [-98.16888, 29.07725], [-98.16907, 29.07699], [-98.17099, 29.07436], [-98.1728, 29.07198], [-98.17445, 29.0697], [-98.17629, 29.06723], [-98.1781, 29.06479], [-98.18026, 29.06183], [-98.18217, 29.05927], [-98.184, 29.05678], [-98.18613, 29.05389], [-98.18787, 29.0515], [-98.18975, 29.04898], [-98.19188, 29.04611], [-98.19382, 29.04346], [-98.19592, 29.0406], [-98.19761, 29.0383], [-98.19956, 29.03569], [-98.20153, 29.03302], [-98.2034, 29.03047], [-98.20557, 29.02755], [-98.20746, 29.02496], [-98.20949, 29.02224], [-98.21147, 29.01952], [-98.21343, 29.01688], [-98.21508, 29.01451], [-98.217, 29.01176], [-98.21898, 29.00891], [-98.22063, 29.00655], [-98.22248, 29.0039], [-98.22425, 29.00134], [-98.22605, 28.99876], [-98.22791, 28.99607], [-98.22967, 28.99357], [-98.23168, 28.99069], [-98.23321, 28.9885], [-98.23486, 28.98637], [-98.23689, 28.98379], [-98.23879, 28.98135], [-98.24092, 28.97862], [-98.24303, 28.97592], [-98.24493, 28.97349], [-98.24694, 28.97092], [-98.24891, 28.96838], [-98.25103, 28.96567], [-98.25304, 28.96311], [-98.25461, 28.96097], [-98.25657, 28.95831], [-98.25848, 28.95572], [-98.26038, 28.95315], [-98.26227, 28.95055], [-98.26418, 28.94796], [-98.26623, 28.94518], [-98.26817, 28.94255], [-98.27, 28.94007], [-98.27206, 28.93725], [-98.27406, 28.93454], [-98.27608, 28.93178], [-98.2781, 28.92908], [-98.27996, 28.92654], [-98.28205, 28.9237], [-98.28402, 28.92102], [-98.28579, 28.91862], [-98.28765, 28.91651], [-98.28928, 28.91469], [-98.28952, 28.91442], [-98.2919, 28.91175], [-98.29414, 28.90923], [-98.29642, 28.90664], [-98.29771, 28.90523], [-98.29975, 28.90291], [-98.30184, 28.90054], [-98.30398, 28.89814], [-98.3062, 28.89563], [-98.30832, 28.89325], [-98.31044, 28.89085], [-98.31248, 28.88854], [-98.31444, 28.88634], [-98.31647, 28.88405], [-98.31879, 28.88144], [-98.32066, 28.87933], [-98.32242, 28.87707], [-98.3245, 28.87437], [-98.32625, 28.87212], [-98.32798, 28.86987], [-98.32985, 28.86746], [-98.33198, 28.86471], [-98.33393, 28.86218], [-98.33597, 28.85955], [-98.33783, 28.85714], [-98.33979, 28.85459], [-98.34178, 28.85204], [-98.34371, 28.84953], [-98.34545, 28.84727], [-98.34698, 28.84531], [-98.34876, 28.84256], [-98.35023, 28.84029], [-98.35188, 28.83775], [-98.35375, 28.8349], [-98.35561, 28.83203], [-98.35738, 28.82931], [-98.35912, 28.82662], [-98.36109, 28.82358], [-98.36274, 28.82106], [-98.36457, 28.81824], [-98.36636, 28.81548], [-98.3682, 28.81264], [-98.36994, 28.80994], [-98.37173, 28.80719], [-98.37361, 28.80431], [-98.37545, 28.80146], [-98.37721, 28.79877], [-98.37905, 28.79592], [-98.38078, 28.79325], [-98.38261, 28.79047], [-98.38427, 28.78788], [-98.38607, 28.78512], [-98.38785, 28.7824], [-98.38955, 28.77976], [-98.39139, 28.77693], [-98.39295, 28.77455], [-98.39484, 28.77165], [-98.39638, 28.76926], [-98.39881, 28.7677], [-98.40121, 28.76613], [-98.40367, 28.76434], [-98.40615, 28.76254], [-98.40882, 28.76059], [-98.41167, 28.75852], [-98.41459, 28.7564], [-98.41742, 28.75433], [-98.42021, 28.75231], [-98.42308, 28.75021], [-98.42574, 28.74827], [-98.42838, 28.74635], [-98.43109, 28.74439], [-98.43349, 28.74263], [-98.43601, 28.74092], [-98.43796, 28.73961], [-98.4402, 28.73811], [-98.44166, 28.73712], [-98.44449, 28.73523], [-98.44736, 28.73329], [-98.45025, 28.73134], [-98.45324, 28.72932], [-98.45608, 28.72743], [-98.45775, 28.72569], [-98.45921, 28.72416], [-98.46026, 28.72143], [-98.4612, 28.71893], [-98.4631, 28.71715], [-98.46491, 28.71543], [-98.46652, 28.71391], [-98.46729, 28.7114], [-98.4674, 28.71104], [-98.46826, 28.70822], [-98.46924, 28.7051], [-98.47286, 28.70421], [-98.47378, 28.70426], [-98.47431, 28.70401]]}, "properties": {"owner": "AEP TEXAS CENTRAL COMPANY", "voltage_kv": 345.0}}, {"type": "Feature", "geometry": {"type": "LineString", "coordinates": [[-99.27601, 27.5788], [-99.27627, 27.57954], [-99.27697, 27.57965], [-99.27698, 27.58187], [-99.27701, 27.58406], [-99.27703, 27.58625], [-99.27706, 27.58846], [-99.27709, 27.59066], [-99.27712, 27.59227], [-99.27747, 27.59445], [-99.2775, 27.59675], [-99.27753, 27.59877], [-99.27755, 27.60081], [-99.27759, 27.60302], [-99.27763, 27.60521], [-99.27767, 27.60722], [-99.27769, 27.60916], [-99.27772, 27.6112], [-99.27775, 27.6134], [-99.27777, 27.6154], [-99.2778, 27.61742], [-99.27782, 27.61945], [-99.27784, 27.6216], [-99.27787, 27.62372], [-99.27789, 27.62565], [-99.27791, 27.62749], [-99.27794, 27.62955], [-99.27797, 27.63159], [-99.27803, 27.63328], [-99.27909, 27.63507], [-99.28027, 27.63695], [-99.28152, 27.63885], [-99.2815, 27.64104], [-99.28153, 27.64325], [-99.28155, 27.64545], [-99.28158, 27.64764], [-99.28161, 27.64985], [-99.28164, 27.65205], [-99.28172, 27.65414], [-99.28004, 27.65561], [-99.27832, 27.65719], [-99.27674, 27.65865], [-99.27502, 27.66022], [-99.27329, 27.66181], [-99.27163, 27.66332], [-99.26992, 27.66489], [-99.26836, 27.66632], [-99.26679, 27.66781], [-99.26662, 27.66994], [-99.26649, 27.672], [-99.26637, 27.67417], [-99.26624, 27.67624], [-99.26611, 27.67826], [-99.26599, 27.68044], [-99.26585, 27.68256], [-99.26575, 27.68419], [-99.26578, 27.68628], [-99.26581, 27.68839], [-99.26585, 27.69053], [-99.26587, 27.69265], [-99.2659, 27.69479], [-99.26594, 27.69684], [-99.26595, 27.6987], [-99.26563, 27.70075], [-99.26529, 27.70293], [-99.26497, 27.70503], [-99.26466, 27.70695], [-99.26435, 27.70899], [-99.26403, 27.71103], [-99.26369, 27.71322], [-99.26338, 27.71525], [-99.26306, 27.7173], [-99.26274, 27.71935], [-99.26242, 27.72139], [-99.2621, 27.72342], [-99.26179, 27.72546], [-99.26128, 27.72735], [-99.26078, 27.72921], [-99.26023, 27.73119], [-99.2597, 27.73318], [-99.25917, 27.73516], [-99.25864, 27.73712], [-99.25814, 27.73915], [-99.25755, 27.74116], [-99.25714, 27.74292], [-99.25593, 27.74454], [-99.25461, 27.74641], [-99.25329, 27.74826], [-99.25197, 27.75013], [-99.25066, 27.752], [-99.24938, 27.75381], [-99.2481, 27.75562], [-99.24686, 27.75737], [-99.24559, 27.75917], [-99.24427, 27.76103], [-99.24296, 27.7629], [-99.24173, 27.76463], [-99.24041, 27.7665], [-99.23908, 27.76837], [-99.23777, 27.77023], [-99.23649, 27.77205], [-99.23519, 27.77391], [-99.23388, 27.77578], [-99.23256, 27.77765], [-99.23138, 27.77936], [-99.23007, 27.78123], [-99.22878, 27.7831], [-99.22746, 27.78497], [-99.22617, 27.78684], [-99.22488, 27.78872], [-99.22358, 27.79058], [-99.22227, 27.79246], [-99.22102, 27.79426], [-99.21973, 27.7961], [-99.21846, 27.79792], [-99.21725, 27.79974], [-99.216, 27.80144], [-99.21478, 27.80319], [-99.21363, 27.80493], [-99.21166, 27.80659], [-99.21007, 27.80797], [-99.20829, 27.80951], [-99.20657, 27.811], [-99.20491, 27.81245], [-99.2033, 27.81385], [-99.20167, 27.81528], [-99.20004, 27.81677], [-99.19886, 27.8184], [-99.19762, 27.82023], [-99.19634, 27.82211], [-99.19511, 27.82392], [-99.19382, 27.8258], [-99.19261, 27.8276], [-99.19146, 27.82928], [-99.19017, 27.83117], [-99.1889, 27.83305], [-99.18761, 27.83493], [-99.18633, 27.83682], [-99.18505, 27.8387], [-99.18377, 27.84058], [-99.18248, 27.84247], [-99.1812, 27.84434], [-99.17993, 27.84622], [-99.17864, 27.84812], [-99.17736, 27.85], [-99.17608, 27.85187], [-99.17479, 27.85375], [-99.17351, 27.85564], [-99.17227, 27.85756], [-99.17097, 27.85938], [-99.16971, 27.86123], [-99.16847, 27.86306], [-99.16718, 27.86494], [-99.1659, 27.86683], [-99.16466, 27.86865], [-99.16343, 27.87047], [-99.16218, 27.8723], [-99.16095, 27.87412], [-99.1597, 27.87594], [-99.15845, 27.87777], [-99.15721, 27.87958], [-99.15596, 27.88142], [-99.15497, 27.88287], [-99.15368, 27.88476], [-99.1524, 27.88664], [-99.15112, 27.88852], [-99.14984, 27.8904], [-99.14855, 27.89229], [-99.14727, 27.89417], [-99.14599, 27.89605], [-99.14475, 27.89787], [-99.14347, 27.89976], [-99.14218, 27.90164], [-99.14094, 27.90345], [-99.13966, 27.90535], [-99.13837, 27.90722], [-99.13709, 27.90911], [-99.13581, 27.91099], [-99.13453, 27.91288], [-99.13324, 27.91475], [-99.13196, 27.91664], [-99.13071, 27.91853], [-99.1294, 27.9204], [-99.12816, 27.92222], [-99.12687, 27.9241], [-99.12567, 27.92587], [-99.12471, 27.92737], [-99.12313, 27.92877], [-99.12161, 27.93019], [-99.12036, 27.93141], [-99.1194, 27.93321], [-99.1184, 27.93517], [-99.11742, 27.9372], [-99.11575, 27.93825], [-99.1141, 27.93934], [-99.11247, 27.94042], [-99.11085, 27.9415], [-99.10879, 27.94261], [-99.10668, 27.94375], [-99.10456, 27.9449], [-99.10244, 27.94605], [-99.10033, 27.9472], [-99.09824, 27.94833], [-99.0962, 27.94944], [-99.09412, 27.95057], [-99.09205, 27.9517], [-99.08999, 27.95283], [-99.08795, 27.95396], [-99.08581, 27.95514], [-99.08374, 27.95628], [-99.08164, 27.95744], [-99.07953, 27.95861], [-99.07742, 27.95976], [-99.07532, 27.96093], [-99.07321, 27.96209], [-99.07111, 27.96325], [-99.06904, 27.96444], [-99.06803, 27.96644], [-99.06706, 27.96846], [-99.06617, 27.97052], [-99.0652, 27.97254], [-99.06414, 27.97454], [-99.06317, 27.97656], [-99.0622, 27.97859], [-99.06126, 27.98054], [-99.0603, 27.98269], [-99.05883, 27.9842], [-99.05738, 27.98578], [-99.05611, 27.98715], [-99.0544, 27.98862], [-99.05261, 27.99015], [-99.05086, 27.99164], [-99.04922, 27.99304], [-99.04745, 27.99456], [-99.04569, 27.99606], [-99.04393, 27.99758], [-99.04213, 27.9991], [-99.04037, 28.00063], [-99.03873, 28.00204], [-99.03695, 28.00355], [-99.03517, 28.00508], [-99.03345, 28.00655], [-99.03173, 28.00802], [-99.02994, 28.00954], [-99.02816, 28.01107], [-99.02642, 28.01257], [-99.02464, 28.01409], [-99.02298, 28.0155], [-99.0212, 28.01704], [-99.01953, 28.01846], [-99.01815, 28.01969], [-99.0181, 28.02181], [-99.01811, 28.02393], [-99.0181, 28.02613], [-99.0181, 28.02823], [-99.01811, 28.03043], [-99.0181, 28.03263], [-99.0181, 28.03483], [-99.0181, 28.03696], [-99.01809, 28.03916], [-99.01809, 28.04119], [-99.0181, 28.04339], [-99.01809, 28.0456], [-99.01809, 28.04763], [-99.0181, 28.04969], [-99.01809, 28.05161], [-99.01809, 28.05353], [-99.01808, 28.05523], [-99.01812, 28.05708], [-99.01816, 28.05929], [-99.01815, 28.06148], [-99.01815, 28.06369], [-99.01815, 28.06588], [-99.01815, 28.06746], [-99.01814, 28.06967], [-99.01814, 28.07187], [-99.0182, 28.07407], [-99.01816, 28.07617], [-99.01817, 28.07832], [-99.01818, 28.08051], [-99.01819, 28.08271], [-99.0182, 28.08491], [-99.0182, 28.08711], [-99.01821, 28.08935], [-99.0182, 28.09151], [-99.01821, 28.0937], [-99.01821, 28.09591], [-99.01822, 28.09811], [-99.01821, 28.10032], [-99.01821, 28.1025], [-99.01823, 28.10471], [-99.01824, 28.10691], [-99.01827, 28.1091], [-99.01827, 28.11135], [-99.01828, 28.11356], [-99.01827, 28.11575], [-99.01832, 28.11791], [-99.01834, 28.12011], [-99.01834, 28.12231], [-99.01835, 28.12448], [-99.01836, 28.12656], [-99.0184, 28.1288], [-99.01609, 28.12964], [-99.01382, 28.13052], [-99.01153, 28.13137], [-99.00925, 28.13224], [-99.00696, 28.13311], [-99.00468, 28.13397], [-99.00241, 28.13484], [-99.00013, 28.13569], [-98.99785, 28.13656], [-98.99557, 28.13743], [-98.99328, 28.1383], [-98.99099, 28.13917], [-98.98877, 28.14001], [-98.98657, 28.14084], [-98.98437, 28.14168], [-98.98209, 28.14254], [-98.97981, 28.14341], [-98.97753, 28.14428], [-98.97524, 28.14515], [-98.97313, 28.14594], [-98.97111, 28.14672], [-98.96884, 28.14758], [-98.96654, 28.14845], [-98.96427, 28.14931], [-98.96198, 28.15018], [-98.95969, 28.15104], [-98.95744, 28.15192], [-98.95516, 28.15278], [-98.95291, 28.15367], [-98.95291, 28.15585], [-98.95292, 28.15801], [-98.95296, 28.16017], [-98.95297, 28.1623], [-98.95298, 28.1645], [-98.95301, 28.1667], [-98.95296, 28.16884], [-98.95291, 28.17105], [-98.95285, 28.17315], [-98.9528, 28.17536], [-98.95277, 28.17756], [-98.95271, 28.17975], [-98.95271, 28.18194], [-98.95272, 28.18414], [-98.95277, 28.18634], [-98.95276, 28.18855], [-98.95075, 28.18985], [-98.94874, 28.19118], [-98.94678, 28.1925], [-98.94478, 28.19381], [-98.94282, 28.19514], [-98.94081, 28.19645], [-98.93883, 28.19778], [-98.93684, 28.19911], [-98.93499, 28.20035], [-98.9332, 28.20153], [-98.93114, 28.20295], [-98.92993, 28.20481], [-98.92874, 28.20672], [-98.92753, 28.20865], [-98.92631, 28.21057], [-98.92512, 28.21246], [-98.92389, 28.21439], [-98.92269, 28.2163], [-98.92147, 28.21822], [-98.92028, 28.22015], [-98.91903, 28.22207], [-98.91789, 28.22397], [-98.91677, 28.22585], [-98.91526, 28.22719], [-98.91367, 28.22868], [-98.9121, 28.23016], [-98.91054, 28.23164], [-98.90896, 28.23313], [-98.90736, 28.23465], [-98.90573, 28.23618], [-98.90413, 28.23771], [-98.90247, 28.23923], [-98.9008, 28.24084], [-98.89917, 28.24235], [-98.89804, 28.24343], [-98.89638, 28.24501], [-98.89476, 28.24653], [-98.89309, 28.2481], [-98.89187, 28.24931], [-98.88986, 28.24928], [-98.88746, 28.2493], [-98.88528, 28.24931], [-98.88282, 28.24936], [-98.8812, 28.25093], [-98.87964, 28.25253], [-98.87804, 28.25413], [-98.87653, 28.25569], [-98.87487, 28.25735], [-98.87326, 28.259], [-98.8717, 28.26061], [-98.87009, 28.26221], [-98.86865, 28.26366], [-98.86717, 28.26516], [-98.86568, 28.26668], [-98.86423, 28.26817], [-98.86273, 28.26966], [-98.86116, 28.27125], [-98.85964, 28.27284], [-98.85907, 28.27491], [-98.85854, 28.27696], [-98.858, 28.27904], [-98.85745, 28.28116], [-98.85691, 28.28331], [-98.85638, 28.2853], [-98.85586, 28.28735], [-98.85532, 28.28939], [-98.85482, 28.29149], [-98.85269, 28.29147], [-98.85038, 28.29149], [-98.84809, 28.2915], [-98.8458, 28.29152], [-98.84349, 28.29154], [-98.84119, 28.29155], [-98.83894, 28.29161], [-98.8366, 28.29159], [-98.83174, 28.29162], [-98.82939, 28.29168], [-98.82692, 28.29166], [-98.82455, 28.29166], [-98.82207, 28.29168], [-98.81974, 28.2917], [-98.81728, 28.29171], [-98.81494, 28.29173], [-98.81332, 28.29174], [-98.81097, 28.29184], [-98.80867, 28.29185], [-98.80644, 28.29178], [-98.80431, 28.29184], [-98.80261, 28.29339], [-98.80256, 28.29527], [-98.80255, 28.29831], [-98.80255, 28.30089], [-98.80254, 28.30338], [-98.80255, 28.30584], [-98.80254, 28.30831], [-98.80254, 28.31092], [-98.80253, 28.31394], [-98.80253, 28.31668], [-98.80252, 28.3192], [-98.80252, 28.32194], [-98.80251, 28.3247], [-98.80251, 28.32763], [-98.80251, 28.33072], [-98.8025, 28.33351], [-98.80251, 28.33633], [-98.80252, 28.33928], [-98.80252, 28.34234], [-98.80254, 28.34508], [-98.80254, 28.34803], [-98.80254, 28.35085], [-98.80256, 28.35355], [-98.80256, 28.35636], [-98.80257, 28.3592], [-98.80258, 28.36205], [-98.80266, 28.37283], [-98.80012, 28.37335], [-98.79745, 28.37394], [-98.79456, 28.37457], [-98.79215, 28.3751], [-98.78925, 28.37573], [-98.78632, 28.37637], [-98.78303, 28.37709], [-98.77965, 28.37783], [-98.77645, 28.37854], [-98.77359, 28.37916], [-98.77062, 28.37981], [-98.76778, 28.38043], [-98.76547, 28.38089], [-98.76297, 28.38138], [-98.76061, 28.38184], [-98.75775, 28.3824], [-98.75439, 28.38306], [-98.75129, 28.38367], [-98.74888, 28.38414], [-98.74639, 28.38467], [-98.74638, 28.38697], [-98.74642, 28.38976], [-98.74646, 28.39252], [-98.74651, 28.39566], [-98.74654, 28.39849], [-98.7466, 28.40134], [-98.74664, 28.40454], [-98.74668, 28.40688], [-98.74672, 28.40966], [-98.74675, 28.41232], [-98.74679, 28.41475], [-98.74681, 28.41726], [-98.74685, 28.41989], [-98.74689, 28.42294], [-98.74693, 28.42588], [-98.74698, 28.42902], [-98.74702, 28.43187], [-98.74707, 28.43473], [-98.7471, 28.43765], [-98.74714, 28.44051], [-98.74718, 28.44335], [-98.74723, 28.44621], [-98.74727, 28.44914], [-98.74731, 28.45236], [-98.74735, 28.4555], [-98.74744, 28.45804], [-98.74648, 28.45943], [-98.74513, 28.46149], [-98.74373, 28.46364], [-98.74246, 28.4656], [-98.74108, 28.46771], [-98.73949, 28.47014], [-98.73801, 28.47244], [-98.73651, 28.47468], [-98.73505, 28.47695], [-98.7336, 28.47922], [-98.7321, 28.4815], [-98.73035, 28.48416], [-98.72865, 28.48669], [-98.72696, 28.48922], [-98.72521, 28.49186], [-98.72353, 28.49441], [-98.7218, 28.49705], [-98.72017, 28.49957], [-98.71862, 28.50201], [-98.71689, 28.50109], [-98.71526, 28.50028], [-98.71292, 28.5], [-98.71023, 28.49969], [-98.70752, 28.49938], [-98.70496, 28.49909], [-98.70306, 28.4989], [-98.70198, 28.50048], [-98.7005, 28.50279], [-98.69913, 28.50492], [-98.69745, 28.50752], [-98.696, 28.50978], [-98.69459, 28.51198], [-98.69332, 28.51396], [-98.69208, 28.51594], [-98.69043, 28.51539], [-98.68792, 28.5146], [-98.68522, 28.51375], [-98.68314, 28.51313], [-98.68218, 28.51543], [-98.68114, 28.51801], [-98.68009, 28.52059], [-98.67938, 28.5227], [-98.67807, 28.52426], [-98.67632, 28.52664], [-98.67449, 28.52912], [-98.67305, 28.5312], [-98.67087, 28.53212], [-98.66819, 28.53333], [-98.66561, 28.53449], [-98.66283, 28.53573], [-98.66007, 28.53698], [-98.6569, 28.53839], [-98.65441, 28.53951], [-98.65207, 28.54054], [-98.64895, 28.54191], [-98.64608, 28.54318], [-98.64326, 28.54441], [-98.64062, 28.54557], [-98.63807, 28.54669], [-98.63529, 28.54791], [-98.63297, 28.54894], [-98.6304, 28.55008], [-98.62734, 28.55146], [-98.62462, 28.55267], [-98.62217, 28.5538], [-98.62057, 28.55555], [-98.61911, 28.55718], [-98.61727, 28.5593], [-98.61541, 28.56137], [-98.61372, 28.56348], [-98.6111, 28.56456], [-98.60807, 28.56594], [-98.60532, 28.5672], [-98.60253, 28.56848], [-98.59978, 28.56973], [-98.5968, 28.5711], [-98.59445, 28.57216], [-98.59193, 28.57332], [-98.58899, 28.57466], [-98.58587, 28.57606], [-98.58318, 28.5773], [-98.58003, 28.57875], [-98.57719, 28.58004], [-98.57525, 28.58092], [-98.57298, 28.58196], [-98.57057, 28.58306], [-98.56837, 28.58407], [-98.56588, 28.58533], [-98.56029, 28.58525], [-98.55748, 28.58526], [-98.55462, 28.58528], [-98.55119, 28.5853], [-98.54788, 28.58531], [-98.54519, 28.58533], [-98.54234, 28.58538], [-98.54231, 28.58715], [-98.54231, 28.58907], [-98.5423, 28.59138], [-98.54228, 28.594], [-98.54225, 28.59642], [-98.54227, 28.59855], [-98.54229, 28.60093], [-98.5423, 28.60362], [-98.54191, 28.60567], [-98.54164, 28.60818], [-98.54125, 28.61072], [-98.54103, 28.61245], [-98.54101, 28.61443], [-98.54101, 28.61671], [-98.54101, 28.61951], [-98.54111, 28.62262], [-98.541, 28.62551], [-98.54098, 28.62841], [-98.54103, 28.63122], [-98.54091, 28.63414], [-98.54073, 28.64277], [-98.54069, 28.65075], [-98.53818, 28.65074], [-98.53539, 28.65073], [-98.53277, 28.65071], [-98.52983, 28.6507], [-98.52672, 28.65067], [-98.52371, 28.65065], [-98.52092, 28.65064], [-98.51805, 28.65062], [-98.51591, 28.65065], [-98.5139, 28.65191], [-98.51144, 28.65354], [-98.50924, 28.65499], [-98.50731, 28.65627], [-98.50679, 28.65662], [-98.50473, 28.65803], [-98.50418, 28.65971], [-98.50345, 28.66226], [-98.50268, 28.66495], [-98.50186, 28.66776], [-98.50111, 28.67039], [-98.50039, 28.67288], [-98.49961, 28.67552], [-98.49878, 28.6784], [-98.49816, 28.68078], [-98.49555, 28.68237], [-98.49362, 28.68358], [-98.49284, 28.68408], [-98.48993, 28.68589], [-98.48731, 28.68754], [-98.48433, 28.68942], [-98.48207, 28.6909], [-98.47911, 28.69272], [-98.47638, 28.69441], [-98.47362, 28.69619], [-98.47363, 28.69673], [-98.47369, 28.69877], [-98.47364, 28.70112], [-98.47513, 28.7027], [-98.47514, 28.70367], [-98.47514, 28.70426], [-98.4745, 28.70427], [-98.47431, 28.70401]]}, "properties": {"owner": "AEP TEXAS CENTRAL COMPANY", "voltage_kv": 345.0}}, {"type": "Feature", "geometry": {"type": "LineString", "coordinates": [[-96.1328, 31.37132], [-96.13275, 31.37113], [-96.1328, 31.37081], [-96.13223, 31.36797], [-96.11601, 31.29769], [-96.11564, 31.29555], [-96.10951, 31.26887], [-96.10831, 31.26332], [-96.09461, 31.20426], [-96.08063, 31.14449], [-96.07228, 31.10867], [-96.06572, 31.08065], [-96.0533, 31.02944], [-96.0463, 30.99763], [-96.04249, 30.98069], [-96.03988, 30.97024], [-96.03845, 30.96401], [-96.03533, 30.9499], [-96.03288, 30.93964], [-96.02837, 30.91787], [-96.02623, 30.89736], [-96.01404, 30.84772], [-95.9837, 30.71455], [-95.97334, 30.66816], [-95.97472, 30.66376], [-95.97472, 30.66218], [-95.97332, 30.66141]]}, "properties": {"owner": "ENTERGY TEXAS INC.", "voltage_kv": 345.0}}, {"type": "Feature", "geometry": {"type": "LineString", "coordinates": [[-96.98654, 30.04442], [-96.98745, 30.04394], [-96.9879, 30.04405], [-96.99634, 30.04573], [-97.00212, 30.04773], [-97.02364, 30.05219], [-97.10255, 30.0718], [-97.12154, 30.07653], [-97.14723, 30.07662], [-97.15827, 30.07657], [-97.21187, 30.0766], [-97.23898, 30.08214], [-97.23555, 30.09426], [-97.24285, 30.10955], [-97.26166, 30.14609], [-97.26551, 30.14604], [-97.2675, 30.14611], [-97.2688, 30.14604]]}, "properties": {"owner": "BLUEBONNET ELECTRIC COOP, INC", "voltage_kv": 345.0}}, {"type": "Feature", "geometry": {"type": "LineString", "coordinates": [[-96.75618, 29.91356], [-96.75307, 29.91696]]}, "properties": {"owner": "BLUEBONNET ELECTRIC COOP, INC", "voltage_kv": 345.0}}, {"type": "Feature", "geometry": {"type": "LineString", "coordinates": [[-97.48728, 30.25129], [-97.48878, 30.25206], [-97.48841, 30.25263], [-97.48829, 30.25282], [-97.48641, 30.2519], [-97.48542, 30.2517], [-97.48577, 30.25024], [-97.45469, 30.23516], [-97.40783, 30.22574], [-97.36967, 30.19646], [-97.34946, 30.18198], [-97.33058, 30.16851], [-97.32747, 30.16629], [-97.31905, 30.16035], [-97.3054, 30.14464], [-97.29309, 30.14455], [-97.29278, 30.15653], [-97.29249, 30.15951], [-97.28939, 30.16417], [-97.28335, 30.16464], [-97.28204, 30.16476], [-97.27673, 30.16166], [-97.27146, 30.15779], [-97.27318, 30.15605], [-97.27338, 30.14788], [-97.27279, 30.14775]]}, "properties": {"owner": "ONCOR ELECTRIC DELIVERY CO.", "voltage_kv": 345.0}}, {"type": "Feature", "geometry": {"type": "LineString", "coordinates": [[-98.02372, 28.73986], [-98.02346, 28.73949], [-98.02346, 28.73934], [-98.02322, 28.73864], [-98.02101, 28.73828], [-98.01879, 28.73795], [-98.0175, 28.73473], [-98.01629, 28.73173], [-98.01487, 28.72827], [-98.01349, 28.72487], [-98.01217, 28.72165], [-98.01063, 28.71783], [-98.00929, 28.71456], [-98.00789, 28.7111], [-98.00647, 28.70799], [-98.00497, 28.70466], [-98.00349, 28.70137], [-98.00196, 28.69796], [-98.00043, 28.69456], [-97.99886, 28.6911], [-97.99739, 28.68785], [-97.99599, 28.68473], [-97.9944, 28.68123], [-97.99286, 28.67782], [-97.99152, 28.67445], [-97.99011, 28.67107], [-97.9889, 28.66795], [-97.98749, 28.66447], [-97.98616, 28.66116], [-97.98473, 28.65759], [-97.98342, 28.65436], [-97.98235, 28.65171], [-97.98104, 28.64842], [-97.97977, 28.64529], [-97.9783, 28.64162], [-97.97683, 28.63797], [-97.97552, 28.6347], [-97.97409, 28.63113], [-97.97254, 28.62727], [-97.97132, 28.62423], [-97.96987, 28.62063], [-97.96859, 28.61743], [-97.96739, 28.61445], [-97.96632, 28.61179], [-97.96499, 28.60846], [-97.96377, 28.60544], [-97.96248, 28.60222], [-97.96114, 28.59887], [-97.9597, 28.59523], [-97.95852, 28.59231], [-97.95738, 28.58955], [-97.95641, 28.58717], [-97.95546, 28.58486], [-97.95447, 28.58247], [-97.95332, 28.57961], [-97.9523, 28.57714], [-97.95111, 28.57423], [-97.95001, 28.57158], [-97.94881, 28.5686], [-97.94748, 28.56538], [-97.94637, 28.56272], [-97.94507, 28.55948], [-97.94404, 28.55696], [-97.943, 28.55444], [-97.94186, 28.5517], [-97.94066, 28.54874], [-97.9393, 28.54552], [-97.93807, 28.54255], [-97.93684, 28.53966], [-97.9358, 28.53716], [-97.93468, 28.53443], [-97.93337, 28.5313], [-97.93228, 28.52865], [-97.93105, 28.52566], [-97.92995, 28.52295], [-97.92855, 28.52086], [-97.92678, 28.5182], [-97.9251, 28.51556], [-97.92349, 28.51284], [-97.92229, 28.51076], [-97.92186, 28.51001], [-97.92023, 28.5072], [-97.91845, 28.50414], [-97.91697, 28.50172], [-97.91585, 28.49857], [-97.91465, 28.49544], [-97.91369, 28.49288], [-97.91245, 28.48962], [-97.91145, 28.48692], [-97.91038, 28.48405], [-97.90913, 28.48079], [-97.90803, 28.47782], [-97.90681, 28.47456], [-97.90568, 28.47156], [-97.90456, 28.46863], [-97.90357, 28.46597], [-97.90239, 28.46282], [-97.90126, 28.45986], [-97.90005, 28.4566], [-97.89911, 28.45413], [-97.89791, 28.45118], [-97.89658, 28.44796], [-97.89542, 28.44517], [-97.89461, 28.44321], [-97.89352, 28.44081], [-97.89236, 28.43811], [-97.89156, 28.43616], [-97.89039, 28.43329], [-97.88922, 28.43048], [-97.88816, 28.42795], [-97.887, 28.42502], [-97.8858, 28.42203], [-97.88578, 28.42199], [-97.8845, 28.41889], [-97.88341, 28.41626], [-97.8823, 28.41358], [-97.88102, 28.41049], [-97.87974, 28.40744], [-97.87844, 28.40429], [-97.87719, 28.40125], [-97.87587, 28.3981], [-97.87457, 28.39509], [-97.87341, 28.39233], [-97.87213, 28.38936], [-97.87089, 28.38642], [-97.86968, 28.38358], [-97.86858, 28.38101], [-97.86725, 28.37794], [-97.86593, 28.37492], [-97.86497, 28.37259], [-97.86365, 28.36941], [-97.86251, 28.36653], [-97.86159, 28.36411], [-97.86032, 28.36094], [-97.85911, 28.35803], [-97.85786, 28.35535], [-97.85656, 28.3525], [-97.85522, 28.34954], [-97.85382, 28.34636], [-97.85259, 28.34346], [-97.85135, 28.34049], [-97.85129, 28.33746], [-97.85124, 28.33471], [-97.85119, 28.3323], [-97.85113, 28.32939], [-97.85106, 28.32606], [-97.85098, 28.3228], [-97.85093, 28.31991], [-97.85086, 28.31711], [-97.8508, 28.31391], [-97.85073, 28.31061], [-97.85067, 28.3073], [-97.8506, 28.30414], [-97.85053, 28.30111], [-97.85049, 28.2977], [-97.85039, 28.29451], [-97.85036, 28.29139], [-97.85033, 28.28845], [-97.85028, 28.28522], [-97.85025, 28.28185], [-97.8502, 28.27874], [-97.85015, 28.27553], [-97.85009, 28.27214], [-97.85005, 28.26917], [-97.84999, 28.26619], [-97.84994, 28.26282], [-97.84988, 28.2596], [-97.84983, 28.25676], [-97.84977, 28.25392], [-97.84816, 28.251], [-97.84653, 28.2481], [-97.845, 28.24538], [-97.84359, 28.24297], [-97.84189, 28.24005], [-97.84017, 28.23713], [-97.83845, 28.2342], [-97.83677, 28.23126], [-97.83512, 28.22834], [-97.83347, 28.22542], [-97.8318, 28.22249], [-97.83014, 28.21956], [-97.82884, 28.21732], [-97.82769, 28.21525], [-97.82649, 28.21318], [-97.8252, 28.21042], [-97.82386, 28.20748], [-97.82243, 28.2043], [-97.82118, 28.20156], [-97.82, 28.19896], [-97.81884, 28.1964], [-97.8176, 28.19361], [-97.81636, 28.19096], [-97.81511, 28.18823], [-97.81369, 28.18503], [-97.81235, 28.18209], [-97.81105, 28.17919], [-97.80973, 28.17627], [-97.8086, 28.1738], [-97.80736, 28.17106], [-97.80592, 28.16786], [-97.80465, 28.16506], [-97.80343, 28.16236], [-97.80228, 28.15982], [-97.80213, 28.15948], [-97.80068, 28.15628], [-97.79942, 28.1535], [-97.79816, 28.15072], [-97.79671, 28.14752], [-97.7954, 28.14462], [-97.79401, 28.14157], [-97.79296, 28.13924], [-97.79208, 28.1373], [-97.79093, 28.13492], [-97.789, 28.13346], [-97.78608, 28.13128], [-97.78342, 28.1293], [-97.7825, 28.1262], [-97.78163, 28.12311], [-97.7808, 28.12018], [-97.77994, 28.11734], [-97.7797, 28.11425], [-97.77943, 28.11079], [-97.77924, 28.10815], [-97.77816, 28.10565], [-97.77684, 28.10242], [-97.77568, 28.0996], [-97.77452, 28.09676], [-97.77323, 28.09358], [-97.77197, 28.09051], [-97.77101, 28.08818], [-97.77023, 28.08625], [-97.76914, 28.08358], [-97.768, 28.08077], [-97.76683, 28.07796], [-97.76552, 28.0747], [-97.76433, 28.07181], [-97.76309, 28.06878], [-97.76189, 28.06585], [-97.76098, 28.06361], [-97.7598, 28.06075], [-97.75855, 28.05764], [-97.75733, 28.05463], [-97.75604, 28.05145], [-97.75479, 28.04843], [-97.75347, 28.04519], [-97.75228, 28.04225], [-97.75104, 28.03925], [-97.75003, 28.03654], [-97.74925, 28.03444], [-97.74825, 28.0318], [-97.74622, 28.02954], [-97.74397, 28.02706], [-97.7422, 28.0251], [-97.74045, 28.02327], [-97.73832, 28.02106], [-97.73595, 28.0186], [-97.73352, 28.0161], [-97.73113, 28.01364], [-97.72894, 28.01131], [-97.72653, 28.00879], [-97.72418, 28.0063], [-97.72197, 28.004], [-97.71954, 28.00149], [-97.71753, 27.9987], [-97.7156, 27.99603], [-97.71366, 27.99337], [-97.71155, 27.99047], [-97.70962, 27.98782], [-97.70793, 27.98548], [-97.70632, 27.98328], [-97.70478, 27.98115], [-97.70284, 27.97849], [-97.70091, 27.97584], [-97.69902, 27.97325], [-97.69707, 27.97056], [-97.69498, 27.96772], [-97.69306, 27.96504], [-97.69095, 27.96217], [-97.68902, 27.95951], [-97.68711, 27.95686], [-97.68517, 27.95421], [-97.68308, 27.95132], [-97.6811, 27.94868], [-97.67946, 27.94588], [-97.67815, 27.94371], [-97.67631, 27.94069], [-97.67476, 27.93814], [-97.67327, 27.9357], [-97.67144, 27.93272], [-97.66971, 27.9299], [-97.66803, 27.92712], [-97.66629, 27.92426], [-97.66451, 27.92132], [-97.66275, 27.91845], [-97.66097, 27.91552], [-97.65924, 27.91267], [-97.65746, 27.90975], [-97.6557, 27.90689], [-97.65395, 27.90398], [-97.65215, 27.90105], [-97.65038, 27.89811], [-97.64853, 27.89508], [-97.64686, 27.89233], [-97.64508, 27.88941], [-97.64334, 27.88654], [-97.64157, 27.88363], [-97.63981, 27.88073], [-97.63854, 27.87866], [-97.63804, 27.87784], [-97.63797, 27.87508], [-97.6379, 27.87284], [-97.63781, 27.86974], [-97.63776, 27.86803], [-97.63763, 27.86482], [-97.63869, 27.86204], [-97.63912, 27.85958], [-97.63961, 27.85697], [-97.64013, 27.85431], [-97.64052, 27.85221], [-97.63896, 27.85202], [-97.63737, 27.85186], [-97.63583, 27.8517], [-97.63422, 27.85164], [-97.63276, 27.85113], [-97.63042, 27.85075], [-97.629, 27.84974], [-97.6275, 27.8488], [-97.62595, 27.84784], [-97.62463, 27.84698], [-97.62315, 27.846], [-97.62165, 27.84502], [-97.62015, 27.84404], [-97.61873, 27.84311], [-97.61714, 27.84212], [-97.61503, 27.84267]]}, "properties": {"owner": "AEP TEXAS CENTRAL COMPANY", "voltage_kv": 345.0}}, {"type": "Feature", "geometry": {"type": "LineString", "coordinates": [[-98.48501, 28.94855], [-98.48513, 28.9483], [-98.48547, 28.94831], [-98.48658, 28.94814], [-98.48829, 28.94786], [-98.4901, 28.94742], [-98.49192, 28.94698], [-98.4937, 28.94654], [-98.49551, 28.9461], [-98.49732, 28.94565], [-98.49916, 28.94521], [-98.5007, 28.94482], [-98.50207, 28.94451], [-98.5033, 28.94416], [-98.50531, 28.94281], [-98.50645, 28.94207], [-98.50763, 28.94333], [-98.50898, 28.94325], [-98.5104, 28.94316], [-98.51205, 28.94204], [-98.51364, 28.94099], [-98.51521, 28.93994], [-98.51647, 28.93908], [-98.51746, 28.93841], [-98.51896, 28.93742], [-98.52003, 28.93671], [-98.52123, 28.9359], [-98.52243, 28.93509], [-98.52489, 28.93613], [-98.52672, 28.93692], [-98.5287, 28.93775], [-98.53024, 28.93842], [-98.53162, 28.939], [-98.5331, 28.93963], [-98.53474, 28.94033], [-98.53655, 28.94111], [-98.53867, 28.942], [-98.54051, 28.94279], [-98.54247, 28.94363], [-98.54386, 28.94422], [-98.54555, 28.94493], [-98.54723, 28.94566], [-98.5488, 28.94632], [-98.55034, 28.94698], [-98.55217, 28.94776], [-98.55401, 28.94854], [-98.55554, 28.9492], [-98.55696, 28.9498], [-98.55835, 28.9504], [-98.56006, 28.95112], [-98.56143, 28.95172], [-98.56323, 28.9522], [-98.56471, 28.95263], [-98.56621, 28.95305], [-98.568, 28.95355], [-98.56917, 28.95389], [-98.5708, 28.95435], [-98.57231, 28.95476], [-98.57419, 28.95528], [-98.57604, 28.95581], [-98.57783, 28.9563], [-98.57975, 28.95684], [-98.58125, 28.95726], [-98.58304, 28.95776], [-98.58483, 28.95826], [-98.5865, 28.95873], [-98.58825, 28.95922], [-98.59009, 28.95973], [-98.59189, 28.96025], [-98.59371, 28.96076], [-98.59553, 28.96126], [-98.59736, 28.96177], [-98.59918, 28.96235], [-98.60088, 28.96289], [-98.60315, 28.96361], [-98.60501, 28.96419], [-98.6069, 28.9648], [-98.60867, 28.96536], [-98.61061, 28.96597], [-98.61278, 28.96666], [-98.61484, 28.96731], [-98.61698, 28.96799], [-98.61867, 28.96851], [-98.62043, 28.96907], [-98.62191, 28.96954], [-98.62405, 28.97022], [-98.62587, 28.9708], [-98.62772, 28.97138], [-98.62985, 28.97206], [-98.63173, 28.97265], [-98.63358, 28.97324], [-98.63542, 28.97382], [-98.63718, 28.97438], [-98.63896, 28.97494], [-98.64072, 28.9755], [-98.64234, 28.976], [-98.64396, 28.97652], [-98.64572, 28.97708], [-98.64749, 28.97764], [-98.6491, 28.97815], [-98.65043, 28.97854], [-98.6522, 28.97906], [-98.65427, 28.97967], [-98.65577, 28.98011], [-98.65725, 28.98055], [-98.659, 28.98106], [-98.66079, 28.9816], [-98.66266, 28.98215], [-98.66452, 28.9827], [-98.66629, 28.98323], [-98.66821, 28.98379], [-98.67, 28.98432], [-98.67207, 28.98493], [-98.67385, 28.98546], [-98.67504, 28.98581], [-98.67693, 28.98637], [-98.6788, 28.98692], [-98.68068, 28.98747], [-98.68253, 28.98802], [-98.68424, 28.98853], [-98.68601, 28.98905], [-98.68779, 28.98957], [-98.68957, 28.9901], [-98.69135, 28.99062], [-98.69312, 28.99115], [-98.69491, 28.99167], [-98.69668, 28.9922], [-98.69846, 28.99273], [-98.70039, 28.99329], [-98.70209, 28.99379], [-98.70402, 28.99436], [-98.70603, 28.99495], [-98.70744, 28.99537], [-98.70912, 28.99587], [-98.71091, 28.99639], [-98.71254, 28.99688], [-98.71415, 28.99735], [-98.71578, 28.99783], [-98.71742, 28.99831], [-98.7192, 28.99884], [-98.72106, 28.99939], [-98.72291, 28.99994], [-98.72443, 29.00038], [-98.7247, 29.00046], [-98.72723, 29.00121], [-98.72901, 29.00174], [-98.73064, 29.00222], [-98.7321, 29.00265], [-98.73359, 29.00309], [-98.73522, 29.00356], [-98.73671, 29.004], [-98.73848, 29.00453], [-98.74008, 29.005], [-98.74187, 29.00553], [-98.74379, 29.00609], [-98.74558, 29.00662], [-98.74736, 29.00714], [-98.74898, 29.00762], [-98.75059, 29.00809], [-98.75224, 29.00858], [-98.75387, 29.00905], [-98.75546, 29.00953], [-98.75711, 29.01002], [-98.75889, 29.01056], [-98.76025, 29.01057], [-98.76165, 29.01059], [-98.76341, 29.01107], [-98.76518, 29.01154], [-98.76694, 29.01201], [-98.7687, 29.01247], [-98.77045, 29.01293], [-98.77221, 29.0134], [-98.77381, 29.01383], [-98.77574, 29.01434], [-98.7775, 29.0148], [-98.77927, 29.01527], [-98.78059, 29.0156], [-98.78191, 29.01592], [-98.78368, 29.01636], [-98.78562, 29.01685], [-98.78731, 29.01727], [-98.78925, 29.01774], [-98.79099, 29.01818], [-98.79262, 29.01859], [-98.79462, 29.01909], [-98.79636, 29.01951], [-98.79817, 29.01995], [-98.79997, 29.0204], [-98.80178, 29.02084], [-98.80403, 29.02141], [-98.80606, 29.02191], [-98.80795, 29.02238], [-98.80991, 29.02286], [-98.81162, 29.02329], [-98.81382, 29.02383], [-98.81561, 29.02428], [-98.81742, 29.02473], [-98.81924, 29.02518], [-98.8212, 29.02567], [-98.82314, 29.02615], [-98.82495, 29.0266], [-98.82676, 29.02704], [-98.82868, 29.02752], [-98.83058, 29.02799], [-98.83249, 29.02847], [-98.83431, 29.02892], [-98.8361, 29.02936], [-98.83791, 29.02982], [-98.83972, 29.03026], [-98.84155, 29.03072], [-98.84344, 29.03119], [-98.84535, 29.03166], [-98.84724, 29.03214], [-98.84907, 29.03258], [-98.85067, 29.03298], [-98.85229, 29.03338], [-98.8539, 29.03378], [-98.8554, 29.03417], [-98.85688, 29.03456], [-98.85836, 29.03495], [-98.86016, 29.03542], [-98.86194, 29.03589], [-98.8636, 29.03632], [-98.8654, 29.0368], [-98.86735, 29.03731], [-98.86945, 29.03786], [-98.87132, 29.03835], [-98.87319, 29.03884], [-98.87514, 29.03935], [-98.87667, 29.03975], [-98.87811, 29.04013], [-98.87955, 29.0405], [-98.88099, 29.04088], [-98.88278, 29.04135], [-98.88472, 29.04186], [-98.88667, 29.04237], [-98.88862, 29.04288], [-98.89042, 29.04335], [-98.89193, 29.04375], [-98.89327, 29.0441], [-98.89497, 29.04455], [-98.89677, 29.04502], [-98.89867, 29.04551], [-98.90061, 29.04603], [-98.90226, 29.04646], [-98.90414, 29.04695], [-98.90608, 29.04746], [-98.9078, 29.04791], [-98.90954, 29.04837], [-98.91078, 29.04875], [-98.91214, 29.04915], [-98.91407, 29.04974], [-98.91599, 29.05032], [-98.91748, 29.05077], [-98.91866, 29.05113], [-98.92044, 29.05167], [-98.92183, 29.05209], [-98.92321, 29.05251], [-98.9246, 29.05293], [-98.92638, 29.05347], [-98.92852, 29.05412], [-98.9303, 29.05466], [-98.93206, 29.05521], [-98.93399, 29.0558], [-98.93562, 29.05628], [-98.93788, 29.05679], [-98.93993, 29.05726], [-98.94754, 29.05901], [-98.94986, 29.05955], [-98.95035, 29.05972]]}, "properties": {"owner": "AEP TEXAS CENTRAL COMPANY", "voltage_kv": 345.0}}, {"type": "Feature", "geometry": {"type": "LineString", "coordinates": [[-96.87834, 29.79572], [-96.87625, 29.79773], [-96.85919, 29.81305], [-96.83694, 29.83298], [-96.7964, 29.87446], [-96.79465, 29.87625], [-96.77451, 29.8953], [-96.7565, 29.91246], [-96.75618, 29.91356]]}, "properties": {"owner": "BLUEBONNET ELECTRIC COOP, INC", "voltage_kv": 345.0}}]}