{"type": "FeatureCollection", "features": [{"type": "Feature", "geometry": {"type": "LineString", "coordinates": [[-94.56754, 32.18742], [-94.5001, 32.1888]]}, "properties": {"operator": "El Paso Texas Pipeline Co", "pipe_type": "Intrastate"}}, {"type": "Feature", "geometry": {"type": "LineString", "coordinates": [[-94.64595, 32.18582], [-94.56754, 32.18742]]}, "properties": {"operator": "El Paso Texas Pipeline Co", "pipe_type": "Intrastate"}}, {"type": "Feature", "geometry": {"type": "LineString", "coordinates": [[-94.98258, 32.08602], [-94.64595, 32.18582]]}, "properties": {"operator": "El Paso Texas Pipeline Co", "pipe_type": "Intrastate"}}, {"type": "Feature", "geometry": {"type": "LineString", "coordinates": [[-95.49708, 31.99141], [-94.98258, 32.08602]]}, "properties": {"operator": "El Paso Texas Pipeline Co", "pipe_type": "Intrastate"}}, {"type": "Feature", "geometry": {"type": "LineString", "coordinates": [[-94.40747, 32.24621], [-94.31798, 32.21045]]}, "properties": {"operator": "El Paso Texas Pipeline Co", "pipe_type": "Intrastate"}}, {"type": "Feature", "geometry": {"type": "LineString", "coordinates": [[-94.5001, 32.1888], [-94.40747, 32.24621]]}, "properties": {"operator": "El Paso Texas Pipeline Co", "pipe_type": "Intrastate"}}, {"type": "Feature", "geometry": {"type": "LineString", "coordinates": [[-94.0439, 32.1536], [-93.59627, 32.21304]]}, "properties": {"operator": "Gulf South Pipeline Co", "pipe_type": "Interstate"}}, {"type": "Feature", "geometry": {"type": "LineString", "coordinates": [[-94.05074, 32.40881], [-93.87106, 32.69128], [-93.80544, 32.79667]]}, "properties": {"operator": "Gulf South Pipeline Co", "pipe_type": "Interstate"}}, {"type": "Feature", "geometry": {"type": "LineString", "coordinates": [[-93.9881, 31.2407], [-93.70867, 31.44397]]}, "properties": {"operator": "Gulf South Pipeline Co", "pipe_type": "Interstate"}}, {"type": "Feature", "geometry": {"type": "LineString", "coordinates": [[-94.14438, 32.14246], [-94.0439, 32.1536]]}, "properties": {"operator": "Gulf South Pipeline Co", "pipe_type": "Interstate"}}, {"type": "Feature", "geometry": {"type": "LineString", "coordinates": [[-94.07133, 32.38755], [-94.05074, 32.40881]]}, "properties": {"operator": "Gulf South Pipeline Co", "pipe_type": "Interstate"}}, {"type": "Feature", "geometry": {"type": "LineString", "coordinates": [[-94.14323, 32.32371], [-94.10148, 32.35971], [-94.07133, 32.38755]]}, "properties": {"operator": "Gulf South Pipeline Co", "pipe_type": "Interstate"}}, {"type": "Feature", "geometry": {"type": "LineString", "coordinates": [[-94.18427, 32.41318], [-94.17086, 32.40577], [-94.16027, 32.40185], [-94.11368, 32.40424], [-94.05074, 32.40881]]}, "properties": {"operator": "Gulf South Pipeline Co", "pipe_type": "Interstate"}}, {"type": "Feature", "geometry": {"type": "LineString", "coordinates": [[-94.18704, 32.4514], [-94.18427, 32.41318]]}, "properties": {"operator": "Gulf South Pipeline Co", "pipe_type": "Interstate"}}, {"type": "Feature", "geometry": {"type": "LineString", "coordinates": [[-94.71731, 32.4384], [-94.18704, 32.4514]]}, "properties": {"operator": "Gulf South Pipeline Co", "pipe_type": "Interstate"}}, {"type": "Feature", "geometry": {"type": "LineString", "coordinates": [[-94.70131, 32.4937], [-94.59959, 32.45998], [-94.55267, 32.48107], [-94.51513, 32.44679], [-94.46664, 32.42991], [-94.2359, 32.34957]]}, "properties": {"operator": "Gulf South Pipeline Co", "pipe_type": "Interstate"}}, {"type": "Feature", "geometry": {"type": "LineString", "coordinates": [[-94.84211, 32.53667], [-94.8237, 32.53151], [-94.8211, 32.53064], [-94.80964, 32.52677], [-94.79839, 32.52321], [-94.79244, 32.52124], [-94.78293, 32.51846], [-94.77027, 32.51388], [-94.7619, 32.51148], [-94.74191, 32.50573], [-94.73725, 32.50458], [-94.73371, 32.50304], [-94.71535, 32.49789], [-94.71152, 32.49696], [-94.70851, 32.49581], [-94.70131, 32.4937]]}, "properties": {"operator": "Gulf South Pipeline Co", "pipe_type": "Interstate"}}, {"type": "Feature", "geometry": {"type": "LineString", "coordinates": [[-94.84066, 32.59452], [-94.83652, 32.62307], [-94.83277, 32.64154]]}, "properties": {"operator": "Gulf South Pipeline Co", "pipe_type": "Interstate"}}, {"type": "Feature", "geometry": {"type": "LineString", "coordinates": [[-94.84211, 32.53667], [-94.84071, 32.54495], [-94.84479, 32.55756], [-94.84198, 32.57771], [-94.84066, 32.59452]]}, "properties": {"operator": "Gulf South Pipeline Co", "pipe_type": "Interstate"}}, {"type": "Feature", "geometry": {"type": "LineString", "coordinates": [[-94.94225, 32.55561], [-94.93055, 32.55442], [-94.91456, 32.55053], [-94.90629, 32.54895], [-94.90005, 32.54776], [-94.89592, 32.54697], [-94.85623, 32.5394], [-94.84865, 32.53794], [-94.84211, 32.53667]]}, "properties": {"operator": "Gulf South Pipeline Co", "pipe_type": "Interstate"}}, {"type": "Feature", "geometry": {"type": "LineString", "coordinates": [[-95.14982, 32.59354], [-94.94225, 32.55561]]}, "properties": {"operator": "Gulf South Pipeline Co", "pipe_type": "Interstate"}}, {"type": "Feature", "geometry": {"type": "LineString", "coordinates": [[-95.42822, 32.64538], [-95.14982, 32.59354]]}, "properties": {"operator": "Gulf South Pipeline Co", "pipe_type": "Interstate"}}, {"type": "Feature", "geometry": {"type": "LineString", "coordinates": [[-95.59424, 32.68595], [-96.06963, 32.68966]]}, "properties": {"operator": "Gulf South Pipeline Co", "pipe_type": "Interstate"}}, {"type": "Feature", "geometry": {"type": "LineString", "coordinates": [[-95.42822, 32.64538], [-95.59424, 32.68595]]}, "properties": {"operator": "Gulf South Pipeline Co", "pipe_type": "Interstate"}}, {"type": "Feature", "geometry": {"type": "LineString", "coordinates": [[-95.59424, 32.52339], [-95.66003, 32.49382]]}, "properties": {"operator": "Gulf South Pipeline Co", "pipe_type": "Interstate"}}, {"type": "Feature", "geometry": {"type": "LineString", "coordinates": [[-95.46688, 32.6121], [-95.59424, 32.52339]]}, "properties": {"operator": "Gulf South Pipeline Co", "pipe_type": "Interstate"}}, {"type": "Feature", "geometry": {"type": "LineString", "coordinates": [[-95.40122, 32.60467], [-95.41532, 32.62167], [-95.42822, 32.64538]]}, "properties": {"operator": "Gulf South Pipeline Co", "pipe_type": "Interstate"}}, {"type": "Feature", "geometry": {"type": "LineString", "coordinates": [[-95.28861, 32.37566], [-95.29464, 32.38188], [-95.30099, 32.39001], [-95.33849, 32.43954], [-95.3461, 32.45109], [-95.36784, 32.49445], [-95.37471, 32.51762], [-95.38844, 32.51762], [-95.40218, 32.55651], [-95.41101, 32.58381], [-95.40122, 32.60467]]}, "properties": {"operator": "Gulf South Pipeline Co", "pipe_type": "Interstate"}}, {"type": "Feature", "geometry": {"type": "LineString", "coordinates": [[-94.98778, 32.40499], [-95.04522, 32.39426], [-95.11202, 32.38559], [-95.15514, 32.3788], [-95.17687, 32.37538], [-95.2275, 32.36742]]}, "properties": {"operator": "Gulf South Pipeline Co", "pipe_type": "Interstate"}}, {"type": "Feature", "geometry": {"type": "LineString", "coordinates": [[-94.71731, 32.4384], [-94.89223, 32.41679], [-94.98778, 32.40499]]}, "properties": {"operator": "Gulf South Pipeline Co", "pipe_type": "Interstate"}}, {"type": "Feature", "geometry": {"type": "LineString", "coordinates": [[-94.64, 32.38656], [-94.56115, 32.34957]]}, "properties": {"operator": "Gulf South Pipeline Co", "pipe_type": "Interstate"}}, {"type": "Feature", "geometry": {"type": "LineString", "coordinates": [[-94.71731, 32.4384], [-94.64, 32.38656]]}, "properties": {"operator": "Gulf South Pipeline Co", "pipe_type": "Interstate"}}, {"type": "Feature", "geometry": {"type": "LineString", "coordinates": [[-94.79078, 32.37555], [-94.71731, 32.4384]]}, "properties": {"operator": "Gulf South Pipeline Co", "pipe_type": "Interstate"}}, {"type": "Feature", "geometry": {"type": "LineString", "coordinates": [[-94.92493, 32.28301], [-94.85516, 32.33114], [-94.79078, 32.37555]]}, "properties": {"operator": "Gulf South Pipeline Co", "pipe_type": "Interstate"}}, {"type": "Feature", "geometry": {"type": "LineString", "coordinates": [[-95.42042, 31.8912], [-95.48621, 31.84678]]}, "properties": {"operator": "Gulf South Pipeline Co", "pipe_type": "Interstate"}}, {"type": "Feature", "geometry": {"type": "LineString", "coordinates": [[-95.07981, 32.13517], [-95.10378, 32.11888], [-95.20825, 32.04789], [-95.26306, 32.00391], [-95.42042, 31.8912]]}, "properties": {"operator": "Gulf South Pipeline Co", "pipe_type": "Interstate"}}, {"type": "Feature", "geometry": {"type": "LineString", "coordinates": [[-94.98317, 32.23859], [-95.00686, 32.21323], [-95.02077, 32.19825], [-95.07981, 32.13517]]}, "properties": {"operator": "Gulf South Pipeline Co", "pipe_type": "Interstate"}}, {"type": "Feature", "geometry": {"type": "LineString", "coordinates": [[-94.92493, 32.28301], [-94.98317, 32.23859]]}, "properties": {"operator": "Gulf South Pipeline Co", "pipe_type": "Interstate"}}, {"type": "Feature", "geometry": {"type": "LineString", "coordinates": [[-94.85146, 32.21658], [-94.92493, 32.28301]]}, "properties": {"operator": "Gulf South Pipeline Co", "pipe_type": "Interstate"}}, {"type": "Feature", "geometry": {"type": "LineString", "coordinates": [[-94.85146, 32.21658], [-94.84267, 32.20883], [-94.7895, 32.16102]]}, "properties": {"operator": "Gulf South Pipeline Co", "pipe_type": "Interstate"}}, {"type": "Feature", "geometry": {"type": "LineString", "coordinates": [[-94.51469, 32.32], [-94.56115, 32.34957]]}, "properties": {"operator": "Gulf South Pipeline Co", "pipe_type": "Interstate"}}, {"type": "Feature", "geometry": {"type": "LineString", "coordinates": [[-94.27853, 32.13888], [-94.29798, 32.15401]]}, "properties": {"operator": "Gulf South Pipeline Co", "pipe_type": "Interstate"}}, {"type": "Feature", "geometry": {"type": "LineString", "coordinates": [[-94.22438, 32.14246], [-94.24511, 32.14109], [-94.27853, 32.13888]]}, "properties": {"operator": "Gulf South Pipeline Co", "pipe_type": "Interstate"}}, {"type": "Feature", "geometry": {"type": "LineString", "coordinates": [[-94.23437, 32.32109], [-94.2211, 32.14246]]}, "properties": {"operator": "Gulf South Pipeline Co", "pipe_type": "Interstate"}}, {"type": "Feature", "geometry": {"type": "LineString", "coordinates": [[-94.14323, 32.32371], [-94.2359, 32.34957]]}, "properties": {"operator": "Gulf South Pipeline Co", "pipe_type": "Interstate"}}, {"type": "Feature", "geometry": {"type": "LineString", "coordinates": [[-94.14438, 32.14246], [-94.14378, 32.23758], [-94.14323, 32.32371]]}, "properties": {"operator": "Gulf South Pipeline Co", "pipe_type": "Interstate"}}, {"type": "Feature", "geometry": {"type": "LineString", "coordinates": [[-93.70982, 30.47552], [-93.51552, 30.44595]]}, "properties": {"operator": "Gulf South Pipeline Co", "pipe_type": "Interstate"}}, {"type": "Feature", "geometry": {"type": "LineString", "coordinates": [[-93.88134, 30.50138], [-93.70982, 30.47552]]}, "properties": {"operator": "Gulf South Pipeline Co", "pipe_type": "Interstate"}}, {"type": "Feature", "geometry": {"type": "LineString", "coordinates": [[-93.92704, 30.51251], [-93.88134, 30.50138]]}, "properties": {"operator": "Gulf South Pipeline Co", "pipe_type": "Interstate"}}, {"type": "Feature", "geometry": {"type": "LineString", "coordinates": [[-93.94995, 30.88218], [-93.94862, 30.86067], [-93.94638, 30.82455], [-93.92704, 30.51251]]}, "properties": {"operator": "Gulf South Pipeline Co", "pipe_type": "Interstate"}}, {"type": "Feature", "geometry": {"type": "LineString", "coordinates": [[-93.94995, 30.88218], [-93.86995, 30.85248]]}, "properties": {"operator": "Gulf South Pipeline Co", "pipe_type": "Interstate"}}, {"type": "Feature", "geometry": {"type": "LineString", "coordinates": [[-93.96531, 31.15187], [-93.95298, 30.93532], [-93.95067, 30.89481], [-93.94995, 30.88218]]}, "properties": {"operator": "Gulf South Pipeline Co", "pipe_type": "Interstate"}}, {"type": "Feature", "geometry": {"type": "LineString", "coordinates": [[-93.9881, 31.2407], [-93.96531, 31.15187]]}, "properties": {"operator": "Gulf South Pipeline Co", "pipe_type": "Interstate"}}, {"type": "Feature", "geometry": {"type": "LineString", "coordinates": [[-93.9881, 31.2407], [-94.03008, 31.21472]]}, "properties": {"operator": "Gulf South Pipeline Co", "pipe_type": "Interstate"}}, {"type": "Feature", "geometry": {"type": "LineString", "coordinates": [[-94.03392, 31.41069], [-93.9881, 31.2407]]}, "properties": {"operator": "Gulf South Pipeline Co", "pipe_type": "Interstate"}}, {"type": "Feature", "geometry": {"type": "LineString", "coordinates": [[-94.1216, 31.62867], [-94.03392, 31.41069]]}, "properties": {"operator": "Gulf South Pipeline Co", "pipe_type": "Interstate"}}, {"type": "Feature", "geometry": {"type": "LineString", "coordinates": [[-94.14822, 31.97619], [-94.14773, 31.96969], [-94.1342, 31.79316], [-94.13122, 31.75423], [-94.1216, 31.62867]]}, "properties": {"operator": "Gulf South Pipeline Co", "pipe_type": "Interstate"}}, {"type": "Feature", "geometry": {"type": "LineString", "coordinates": [[-94.14438, 32.14246], [-94.1454, 32.09665], [-94.14545, 32.09261], [-94.14545, 32.08849], [-94.14571, 32.08472], [-94.14592, 32.08289], [-94.1461, 32.08124], [-94.14623, 32.06953], [-94.14822, 31.97619]]}, "properties": {"operator": "Gulf South Pipeline Co", "pipe_type": "Interstate"}}, {"type": "Feature", "geometry": {"type": "LineString", "coordinates": [[-94.22438, 32.14246], [-94.14438, 32.14246]]}, "properties": {"operator": "Gulf South Pipeline Co", "pipe_type": "Interstate"}}, {"type": "Feature", "geometry": {"type": "LineString", "coordinates": [[-94.32742, 31.9799], [-94.278, 32.05787], [-94.24129, 32.11579], [-94.23535, 32.12516], [-94.22978, 32.13403], [-94.22438, 32.14246]]}, "properties": {"operator": "Gulf South Pipeline Co", "pipe_type": "Interstate"}}, {"type": "Feature", "geometry": {"type": "LineString", "coordinates": [[-94.43789, 31.8025], [-94.32742, 31.9799]]}, "properties": {"operator": "Gulf South Pipeline Co", "pipe_type": "Interstate"}}, {"type": "Feature", "geometry": {"type": "LineString", "coordinates": [[-94.64371, 31.44768], [-94.58935, 31.54202], [-94.58374, 31.55125], [-94.57624, 31.56056], [-94.567, 31.58084], [-94.56023, 31.59009], [-94.54467, 31.61889], [-94.53384, 31.63816], [-94.52838, 31.64514], [-94.52431, 31.65367], [-94.50366, 31.68949], [-94.48652, 31.7157], [-94.47684, 31.7356], [-94.4665, 31.75137], [-94.46104, 31.7599], [-94.4577, 31.76834], [-94.43789, 31.8025]]}, "properties": {"operator": "Gulf South Pipeline Co", "pipe_type": "Interstate"}}, {"type": "Feature", "geometry": {"type": "LineString", "coordinates": [[-94.77773, 31.12602], [-94.64371, 31.44768]]}, "properties": {"operator": "Gulf South Pipeline Co", "pipe_type": "Interstate"}}, {"type": "Feature", "geometry": {"type": "LineString", "coordinates": [[-94.15027, 31.11501], [-94.03008, 31.21472]]}, "properties": {"operator": "Gulf South Pipeline Co", "pipe_type": "Interstate"}}, {"type": "Feature", "geometry": {"type": "LineString", "coordinates": [[-94.18035, 31.09274], [-94.15027, 31.11501]]}, "properties": {"operator": "Gulf South Pipeline Co", "pipe_type": "Interstate"}}, {"type": "Feature", "geometry": {"type": "LineString", "coordinates": [[-94.2857, 31.02246], [-94.18035, 31.09274]]}, "properties": {"operator": "Gulf South Pipeline Co", "pipe_type": "Interstate"}}, {"type": "Feature", "geometry": {"type": "LineString", "coordinates": [[-94.29798, 32.15401], [-94.37467, 32.21259], [-94.35393, 32.19667], [-94.43085, 32.25583], [-94.43814, 32.26137], [-94.44146, 32.26359], [-94.4449, 32.26626], [-94.44938, 32.27004], [-94.46473, 32.28174], [-94.48646, 32.29807]]}, "properties": {"operator": "Gulf South Pipeline Co", "pipe_type": "Interstate"}}, {"type": "Feature", "geometry": {"type": "LineString", "coordinates": [[-94.48646, 32.29807], [-94.51469, 32.32]]}, "properties": {"operator": "Gulf South Pipeline Co", "pipe_type": "Interstate"}}, {"type": "Feature", "geometry": {"type": "LineString", "coordinates": [[-95.2275, 32.36742], [-95.24265, 32.38615], [-95.25413, 32.38312], [-95.28861, 32.37566]]}, "properties": {"operator": "Gulf South Pipeline Co", "pipe_type": "Interstate"}}, {"type": "Feature", "geometry": {"type": "LineString", "coordinates": [[-95.26306, 32.00391], [-95.21307, 31.90512], [-95.17655, 31.87586], [-95.17047, 31.8621], [-95.16344, 31.84726], [-95.15221, 31.8294]]}, "properties": {"operator": "Gulf South Pipeline Co", "pipe_type": "Interstate"}}, {"type": "Feature", "geometry": {"type": "LineString", "coordinates": [[-95.00686, 32.21323], [-94.98512, 32.20772], [-94.92511, 32.19545], [-94.89752, 32.19104], [-94.87635, 32.20368], [-94.85146, 32.21658]]}, "properties": {"operator": "Gulf South Pipeline Co", "pipe_type": "Interstate"}}, {"type": "Feature", "geometry": {"type": "LineString", "coordinates": [[-94.92511, 32.19545], [-94.93728, 32.17151], [-94.93525, 32.14824], [-94.90878, 32.14134]]}, "properties": {"operator": "Gulf South Pipeline Co", "pipe_type": "Interstate"}}, {"type": "Feature", "geometry": {"type": "LineString", "coordinates": [[-94.7895, 32.16102], [-94.70623, 32.13878], [-94.7103, 32.11638], [-94.78495, 32.13892], [-94.80411, 32.14471], [-94.86389, 32.1942], [-94.87635, 32.20368]]}, "properties": {"operator": "Gulf South Pipeline Co", "pipe_type": "Interstate"}}, {"type": "Feature", "geometry": {"type": "LineString", "coordinates": [[-94.80411, 32.14471], [-94.7895, 32.16102], [-94.76526, 32.20253]]}, "properties": {"operator": "Gulf South Pipeline Co", "pipe_type": "Interstate"}}, {"type": "Feature", "geometry": {"type": "MultiLineString", "coordinates": [[[-94.63394, 32.31619], [-94.64766, 32.3099], [-94.67654, 32.2965], [-94.69079, 32.28993], [-94.70415, 32.28421], [-94.74321, 32.25848], [-94.84267, 32.20883]], [[-94.56115, 32.34957], [-94.59697, 32.33315], [-94.60716, 32.32847], [-94.62124, 32.32202], [-94.63394, 32.31619]]]}, "properties": {"operator": "Gulf South Pipeline Co", "pipe_type": "Interstate"}}, {"type": "Feature", "geometry": {"type": "LineString", "coordinates": [[-94.89223, 32.41679], [-94.88591, 32.37057], [-94.85516, 32.33114]]}, "properties": {"operator": "Gulf South Pipeline Co", "pipe_type": "Interstate"}}, {"type": "Feature", "geometry": {"type": "LineString", "coordinates": [[-94.70131, 32.4937], [-94.71965, 32.46508], [-94.71731, 32.4384]]}, "properties": {"operator": "Gulf South Pipeline Co", "pipe_type": "Interstate"}}, {"type": "Feature", "geometry": {"type": "LineString", "coordinates": [[-94.18427, 32.41318], [-94.18394, 32.36334], [-94.14323, 32.32371]]}, "properties": {"operator": "Gulf South Pipeline Co", "pipe_type": "Interstate"}}, {"type": "Feature", "geometry": {"type": "LineString", "coordinates": [[-94.278, 32.05787], [-94.26549, 32.03296], [-94.25987, 32.02343], [-94.24159, 31.9877], [-94.23034, 31.96865]]}, "properties": {"operator": "Gulf South Pipeline Co", "pipe_type": "Interstate"}}, {"type": "Feature", "geometry": {"type": "LineString", "coordinates": [[-94.4577, 31.76834], [-94.48765, 31.78049], [-94.51015, 31.78288]]}, "properties": {"operator": "Gulf South Pipeline Co", "pipe_type": "Interstate"}}, {"type": "Feature", "geometry": {"type": "LineString", "coordinates": [[-94.14773, 31.96969], [-94.08369, 31.96338], [-94.03702, 31.95879], [-94.00428, 31.98488]]}, "properties": {"operator": "Gulf South Pipeline Co", "pipe_type": "Interstate"}}, {"type": "Feature", "geometry": {"type": "LineString", "coordinates": [[-94.03702, 31.95879], [-94.01817, 31.93606]]}, "properties": {"operator": "Gulf South Pipeline Co", "pipe_type": "Interstate"}}, {"type": "Feature", "geometry": {"type": "LineString", "coordinates": [[-94.08369, 31.96338], [-94.08861, 31.93101]]}, "properties": {"operator": "Gulf South Pipeline Co", "pipe_type": "Interstate"}}, {"type": "Feature", "geometry": {"type": "LineString", "coordinates": [[-94.27853, 32.13888], [-94.27851, 32.15946], [-94.28274, 32.1594], [-94.28926, 32.15935], [-94.29717, 32.15946], [-94.30134, 32.16382], [-94.30134, 32.19146], [-94.29741, 32.19437], [-94.2925, 32.19603], [-94.28711, 32.19644], [-94.26772, 32.19644], [-94.24882, 32.16424], [-94.25299, 32.15967], [-94.27851, 32.15946]]}, "properties": {"operator": "Gulf South Pipeline Co", "pipe_type": "Interstate"}}, {"type": "Feature", "geometry": {"type": "LineString", "coordinates": [[-94.00739, 30.88795], [-94.00059, 30.88727], [-93.98975, 30.88618], [-93.95854, 30.88304], [-93.94995, 30.88218]]}, "properties": {"operator": "Gulf South Pipeline Co", "pipe_type": "Interstate"}}, {"type": "Feature", "geometry": {"type": "LineString", "coordinates": [[-93.98975, 30.88618], [-93.99204, 30.87624], [-94.00682, 30.87526], [-94.02786, 30.87429]]}, "properties": {"operator": "Gulf South Pipeline Co", "pipe_type": "Interstate"}}, {"type": "Feature", "geometry": {"type": "LineString", "coordinates": [[-94.29596, 32.15261], [-94.29969, 32.14876], [-94.28852, 32.14035], [-94.28769, 32.12914], [-94.27817, 32.12879], [-94.2728, 32.12885], [-94.26411, 32.12895], [-94.25667, 32.12903], [-94.24632, 32.12914], [-94.23535, 32.12516]]}, "properties": {"operator": "Gulf South Pipeline Co", "pipe_type": "Interstate"}}, {"type": "Feature", "geometry": {"type": "LineString", "coordinates": [[-94.24632, 32.12914], [-94.24511, 32.14109]]}, "properties": {"operator": "Gulf South Pipeline Co", "pipe_type": "Interstate"}}, {"type": "Feature", "geometry": {"type": "LineString", "coordinates": [[-94.27853, 32.13888], [-94.27817, 32.12879]]}, "properties": {"operator": "Gulf South Pipeline Co", "pipe_type": "Interstate"}}, {"type": "Feature", "geometry": {"type": "LineString", "coordinates": [[-94.31083, 32.22422], [-94.34789, 32.20201], [-94.35393, 32.19667]]}, "properties": {"operator": "Gulf South Pipeline Co", "pipe_type": "Interstate"}}, {"type": "Feature", "geometry": {"type": "LineString", "coordinates": [[-95.2275, 32.36742], [-95.25478, 32.35075], [-95.23503, 32.34519]]}, "properties": {"operator": "Gulf South Pipeline Co", "pipe_type": "Interstate"}}, {"type": "Feature", "geometry": {"type": "LineString", "coordinates": [[-95.25413, 32.38312], [-95.25643, 32.37276]]}, "properties": {"operator": "Gulf South Pipeline Co", "pipe_type": "Interstate"}}, {"type": "Feature", "geometry": {"type": "LineString", "coordinates": [[-95.25478, 32.35075], [-95.26385, 32.3533]]}, "properties": {"operator": "Gulf South Pipeline Co", "pipe_type": "Interstate"}}, {"type": "Feature", "geometry": {"type": "LineString", "coordinates": [[-95.28861, 32.37566], [-95.28065, 32.36707]]}, "properties": {"operator": "Gulf South Pipeline Co", "pipe_type": "Interstate"}}, {"type": "Feature", "geometry": {"type": "LineString", "coordinates": [[-95.30099, 32.39001], [-95.38763, 32.37304], [-95.38984, 32.36147]]}, "properties": {"operator": "Gulf South Pipeline Co", "pipe_type": "Interstate"}}, {"type": "Feature", "geometry": {"type": "LineString", "coordinates": [[-95.37471, 32.51762], [-95.36391, 32.51927]]}, "properties": {"operator": "Gulf South Pipeline Co", "pipe_type": "Interstate"}}, {"type": "Feature", "geometry": {"type": "LineString", "coordinates": [[-95.31813, 32.45449], [-95.3461, 32.45109]]}, "properties": {"operator": "Gulf South Pipeline Co", "pipe_type": "Interstate"}}, {"type": "Feature", "geometry": {"type": "LineString", "coordinates": [[-95.41885, 32.35798], [-95.40904, 32.37453], [-95.38763, 32.37304]]}, "properties": {"operator": "Gulf South Pipeline Co", "pipe_type": "Interstate"}}, {"type": "Feature", "geometry": {"type": "LineString", "coordinates": [[-95.11202, 32.38559], [-95.11031, 32.37402]]}, "properties": {"operator": "Gulf South Pipeline Co", "pipe_type": "Interstate"}}, {"type": "Feature", "geometry": {"type": "LineString", "coordinates": [[-95.04522, 32.39426], [-95.04865, 32.41018]]}, "properties": {"operator": "Gulf South Pipeline Co", "pipe_type": "Interstate"}}, {"type": "Feature", "geometry": {"type": "LineString", "coordinates": [[-94.81254, 32.59034], [-94.85567, 32.59421]]}, "properties": {"operator": "Gulf South Pipeline Co", "pipe_type": "Interstate"}}, {"type": "Feature", "geometry": {"type": "LineString", "coordinates": [[-94.79105, 32.62098], [-94.82329, 32.62247], [-94.83652, 32.62307]]}, "properties": {"operator": "Gulf South Pipeline Co", "pipe_type": "Interstate"}}, {"type": "Feature", "geometry": {"type": "LineString", "coordinates": [[-94.84198, 32.57771], [-94.85389, 32.5778]]}, "properties": {"operator": "Gulf South Pipeline Co", "pipe_type": "Interstate"}}, {"type": "Feature", "geometry": {"type": "LineString", "coordinates": [[-94.82412, 32.61611], [-94.82329, 32.62247]]}, "properties": {"operator": "Gulf South Pipeline Co", "pipe_type": "Interstate"}}, {"type": "Feature", "geometry": {"type": "LineString", "coordinates": [[-95.20825, 32.04789], [-95.22976, 32.06613], [-95.25126, 32.07981]]}, "properties": {"operator": "Gulf South Pipeline Co", "pipe_type": "Interstate"}}, {"type": "Feature", "geometry": {"type": "LineString", "coordinates": [[-95.22617, 32.07677], [-95.22976, 32.06613]]}, "properties": {"operator": "Gulf South Pipeline Co", "pipe_type": "Interstate"}}, {"type": "Feature", "geometry": {"type": "LineString", "coordinates": [[-95.10378, 32.11888], [-95.12272, 32.13513]]}, "properties": {"operator": "Gulf South Pipeline Co", "pipe_type": "Interstate"}}, {"type": "Feature", "geometry": {"type": "LineString", "coordinates": [[-95.06937, 32.12737], [-95.07981, 32.13517]]}, "properties": {"operator": "Gulf South Pipeline Co", "pipe_type": "Interstate"}}, {"type": "Feature", "geometry": {"type": "LineString", "coordinates": [[-95.02077, 32.19825], [-95.04413, 32.21227], [-95.05407, 32.21704]]}, "properties": {"operator": "Gulf South Pipeline Co", "pipe_type": "Interstate"}}, {"type": "Feature", "geometry": {"type": "LineString", "coordinates": [[-94.93055, 32.55442], [-94.93102, 32.53904]]}, "properties": {"operator": "Gulf South Pipeline Co", "pipe_type": "Interstate"}}, {"type": "Feature", "geometry": {"type": "LineString", "coordinates": [[-94.93055, 32.55442], [-94.93102, 32.53904]]}, "properties": {"operator": "Gulf South Pipeline Co", "pipe_type": "Interstate"}}, {"type": "Feature", "geometry": {"type": "LineString", "coordinates": [[-94.93055, 32.55442], [-94.93102, 32.53904]]}, "properties": {"operator": "Gulf South Pipeline Co", "pipe_type": "Interstate"}}, {"type": "Feature", "geometry": {"type": "LineString", "coordinates": [[-94.93055, 32.55442], [-94.93102, 32.53904]]}, "properties": {"operator": "Gulf South Pipeline Co", "pipe_type": "Interstate"}}, {"type": "Feature", "geometry": {"type": "LineString", "coordinates": [[-94.89593, 32.54693], [-94.89686, 32.53588]]}, "properties": {"operator": "Gulf South Pipeline Co", "pipe_type": "Interstate"}}, {"type": "Feature", "geometry": {"type": "LineString", "coordinates": [[-94.94225, 32.55561], [-94.94225, 32.54022]]}, "properties": {"operator": "Gulf South Pipeline Co", "pipe_type": "Interstate"}}, {"type": "Feature", "geometry": {"type": "LineString", "coordinates": [[-94.91456, 32.55053], [-94.91558, 32.53864]]}, "properties": {"operator": "Gulf South Pipeline Co", "pipe_type": "Interstate"}}, {"type": "Feature", "geometry": {"type": "LineString", "coordinates": [[-94.14378, 32.23758], [-94.11282, 32.25404], [-94.11235, 32.27043], [-94.11203, 32.28159], [-94.1116, 32.29621], [-94.11118, 32.31083], [-94.14323, 32.32371]]}, "properties": {"operator": "Gulf South Pipeline Co", "pipe_type": "Interstate"}}, {"type": "Feature", "geometry": {"type": "LineString", "coordinates": [[-94.46664, 32.42991], [-94.47304, 32.40303], [-94.47991, 32.4048], [-94.47304, 32.40303], [-94.29304, 32.34129], [-94.23437, 32.32109], [-94.14323, 32.32371]]}, "properties": {"operator": "Gulf South Pipeline Co", "pipe_type": "Interstate"}}, {"type": "Feature", "geometry": {"type": "LineString", "coordinates": [[-93.88764, 30.24435], [-93.88606, 30.23814]]}, "properties": {"operator": "Houston Pipeline Co", "pipe_type": "Intrastate"}}, {"type": "Feature", "geometry": {"type": "LineString", "coordinates": [[-93.88548, 30.24481], [-93.7185, 30.28036], [-93.71692, 30.27891]]}, "properties": {"operator": "Houston Pipeline Co", "pipe_type": "Intrastate"}}, {"type": "Feature", "geometry": {"type": "LineString", "coordinates": [[-93.91512, 30.23684], [-93.90614, 30.23938], [-93.90509, 30.23979], [-93.88764, 30.24435], [-93.88548, 30.24481]]}, "properties": {"operator": "Houston Pipeline Co", "pipe_type": "Intrastate"}}, {"type": "Feature", "geometry": {"type": "LineString", "coordinates": [[-94.16801, 30.47057], [-94.15686, 30.44947], [-94.13956, 30.39266], [-94.13852, 30.38478], [-94.13643, 30.37608], [-94.08947, 30.29298]]}, "properties": {"operator": "Houston Pipeline Co", "pipe_type": "Intrastate"}}, {"type": "Feature", "geometry": {"type": "LineString", "coordinates": [[-94.08947, 30.29298], [-94.05746, 30.23634]]}, "properties": {"operator": "Houston Pipeline Co", "pipe_type": "Intrastate"}}, {"type": "Feature", "geometry": {"type": "LineString", "coordinates": [[-94.85978, 32.37669], [-94.91494, 32.56048], [-95.03894, 32.69542]]}, "properties": {"operator": "Houston Pipeline Co", "pipe_type": "Intrastate"}}, {"type": "Feature", "geometry": {"type": "LineString", "coordinates": [[-94.82306, 31.84053], [-94.82306, 31.94467], [-94.82306, 32.10205], [-94.82853, 32.14371], [-94.82393, 32.24873], [-94.85978, 32.37669]]}, "properties": {"operator": "Houston Pipeline Co", "pipe_type": "Intrastate"}}, {"type": "Feature", "geometry": {"type": "LineString", "coordinates": [[-95.03894, 32.69542], [-95.10725, 32.81639], [-95.17557, 32.95292]]}, "properties": {"operator": "Houston Pipeline Co", "pipe_type": "Intrastate"}}, {"type": "Feature", "geometry": {"type": "LineString", "coordinates": [[-94.46446, 31.12801], [-94.51486, 31.24618], [-94.62632, 31.41005], [-94.63725, 31.46097]]}, "properties": {"operator": "Houston Pipeline Co", "pipe_type": "Intrastate"}}, {"type": "Feature", "geometry": {"type": "LineString", "coordinates": [[-94.63734, 31.46096], [-94.66731, 31.47254], [-94.82315, 31.84068]]}, "properties": {"operator": "Houston Pipeline Co", "pipe_type": "Intrastate"}}, {"type": "Feature", "geometry": {"type": "LineString", "coordinates": [[-94.21448, 30.60528], [-94.40513, 30.95301], [-94.43181, 30.96521], [-94.42069, 30.97619], [-94.46446, 31.12801]]}, "properties": {"operator": "Houston Pipeline Co", "pipe_type": "Intrastate"}}, {"type": "Feature", "geometry": {"type": "LineString", "coordinates": [[-94.70216, 31.32046], [-94.67502, 31.31097], [-94.80044, 31.06373]]}, "properties": {"operator": "Houston Pipeline Co", "pipe_type": "Intrastate"}}, {"type": "Feature", "geometry": {"type": "LineString", "coordinates": [[-94.02682, 32.05837], [-94.04429, 32.05478]]}, "properties": {"operator": "Louisiana Intrastate Gas Co", "pipe_type": "Intrastate"}}, {"type": "Feature", "geometry": {"type": "LineString", "coordinates": [[-95.23402, 32.26762], [-95.21812, 32.21014]]}, "properties": {"operator": "Atmos Pipeline - Texas", "pipe_type": "Intrastate"}}, {"type": "Feature", "geometry": {"type": "LineString", "coordinates": [[-95.45654, 32.30228], [-95.48739, 32.30313], [-95.57762, 32.29312], [-95.60128, 32.28863], [-95.67884, 32.2876], [-95.75031, 32.27762], [-95.81131, 32.24552], [-95.88653, 32.19179], [-95.89441, 32.18954], [-95.90107, 32.1815], [-95.94718, 32.1712], [-96.02623, 32.13369], [-96.07366, 32.10644]]}, "properties": {"operator": "Atmos Pipeline - Texas", "pipe_type": "Intrastate"}}, {"type": "Feature", "geometry": {"type": "LineString", "coordinates": [[-95.16686, 32.25868], [-95.21944, 32.25761], [-95.21944, 32.24405], [-95.30094, 32.2532], [-95.30225, 32.26903], [-95.39454, 32.29853], [-95.45664, 32.30214]]}, "properties": {"operator": "Atmos Pipeline - Texas", "pipe_type": "Intrastate"}}, {"type": "Feature", "geometry": {"type": "LineString", "coordinates": [[-95.30396, 32.0042], [-95.31046, 32.00316], [-95.31788, 32.00997], [-95.32159, 32.01285], [-95.34061, 32.01574], [-95.36088, 32.02073]]}, "properties": {"operator": "Atmos Pipeline - Texas", "pipe_type": "Intrastate"}}, {"type": "Feature", "geometry": {"type": "LineString", "coordinates": [[-95.36088, 32.02073], [-95.36337, 32.0216], [-95.37751, 32.03561], [-95.427, 32.04493]]}, "properties": {"operator": "Atmos Pipeline - Texas", "pipe_type": "Intrastate"}}, {"type": "Feature", "geometry": {"type": "LineString", "coordinates": [[-95.42876, 32.04504], [-95.54368, 32.08478]]}, "properties": {"operator": "Atmos Pipeline - Texas", "pipe_type": "Intrastate"}}, {"type": "Feature", "geometry": {"type": "LineString", "coordinates": [[-94.54134, 32.29209], [-94.57927, 32.28841], [-94.65288, 32.27946], [-94.66602, 32.28061], [-94.68311, 32.28403], [-94.8093, 32.28532], [-94.97361, 32.29006], [-94.99617, 32.29144]]}, "properties": {"operator": "Atmos Pipeline - Texas", "pipe_type": "Intrastate"}}, {"type": "Feature", "geometry": {"type": "LineString", "coordinates": [[-94.9959, 32.29164], [-95.0617, 32.29584], [-95.09193, 32.29814]]}, "properties": {"operator": "Atmos Pipeline - Texas", "pipe_type": "Intrastate"}}, {"type": "Feature", "geometry": {"type": "LineString", "coordinates": [[-94.35262, 32.28931], [-94.48995, 32.28699], [-94.53464, 32.29287], [-94.54134, 32.2922]]}, "properties": {"operator": "Atmos Pipeline - Texas", "pipe_type": "Intrastate"}}, {"type": "Feature", "geometry": {"type": "LineString", "coordinates": [[-94.29354, 32.16451], [-94.35262, 32.28931], [-94.31374, 32.27901]]}, "properties": {"operator": "Atmos Pipeline - Texas", "pipe_type": "Intrastate"}}, {"type": "Feature", "geometry": {"type": "LineString", "coordinates": [[-94.81502, 32.36088], [-94.81688, 32.37849], [-94.8185, 32.39385], [-94.80141, 32.39948], [-94.78432, 32.39381]]}, "properties": {"operator": "Atmos Pipeline - Texas", "pipe_type": "Intrastate"}}, {"type": "Feature", "geometry": {"type": "LineString", "coordinates": [[-94.8093, 32.28532], [-94.81587, 32.31698], [-94.81456, 32.35655], [-94.81502, 32.36088]]}, "properties": {"operator": "Atmos Pipeline - Texas", "pipe_type": "Intrastate"}}, {"type": "Feature", "geometry": {"type": "LineString", "coordinates": [[-95.28481, 32.57497], [-95.30535, 32.66746], [-95.37092, 32.88026], [-95.37565, 32.89169], [-95.40383, 32.95976], [-95.41205, 32.95876], [-95.41642, 32.96741]]}, "properties": {"operator": "Atmos Pipeline - Texas", "pipe_type": "Intrastate"}}, {"type": "Feature", "geometry": {"type": "LineString", "coordinates": [[-95.09193, 32.29814], [-95.10245, 32.30042], [-95.11691, 32.40782], [-95.21549, 32.48595], [-95.2339, 32.5018], [-95.25361, 32.52443], [-95.2707, 32.52559], [-95.28481, 32.57497]]}, "properties": {"operator": "Atmos Pipeline - Texas", "pipe_type": "Intrastate"}}, {"type": "Feature", "geometry": {"type": "LineString", "coordinates": [[-94.81688, 32.37849], [-94.79878, 32.37348], [-94.78958, 32.3633]]}, "properties": {"operator": "Atmos Pipeline - Texas", "pipe_type": "Intrastate"}}, {"type": "Feature", "geometry": {"type": "LineString", "coordinates": [[-94.79878, 32.28644], [-94.80798, 32.28984], [-94.81982, 32.28873], [-94.81982, 32.29212]]}, "properties": {"operator": "Atmos Pipeline - Texas", "pipe_type": "Intrastate"}}, {"type": "Feature", "geometry": {"type": "LineString", "coordinates": [[-95.09193, 32.29814], [-95.09588, 32.27667], [-95.14057, 32.27333], [-95.16817, 32.26885], [-95.2247, 32.26666], [-95.23402, 32.26762], [-95.24704, 32.26895], [-95.28385, 32.27126]]}, "properties": {"operator": "Atmos Pipeline - Texas", "pipe_type": "Intrastate"}}, {"type": "Feature", "geometry": {"type": "LineString", "coordinates": [[-95.24178, 32.28025], [-95.24704, 32.27687], [-95.24836, 32.25991], [-95.22995, 32.25763]]}, "properties": {"operator": "Atmos Pipeline - Texas", "pipe_type": "Intrastate"}}, {"type": "Feature", "geometry": {"type": "LineString", "coordinates": [[-95.16817, 32.29372], [-95.17343, 32.29373], [-95.16817, 32.26885], [-95.16686, 32.25868]]}, "properties": {"operator": "Atmos Pipeline - Texas", "pipe_type": "Intrastate"}}, {"type": "Feature", "geometry": {"type": "LineString", "coordinates": [[-94.69494, 32.43099], [-94.71836, 32.42314]]}, "properties": {"operator": "Atmos Pipeline - Texas", "pipe_type": "Intrastate"}}, {"type": "Feature", "geometry": {"type": "LineString", "coordinates": [[-94.71836, 32.42314], [-94.72517, 32.42086], [-94.74095, 32.40845], [-94.75146, 32.39942], [-94.76987, 32.39831], [-94.77775, 32.39267], [-94.77907, 32.38476], [-94.78432, 32.38024], [-94.79878, 32.37348], [-94.80536, 32.36105], [-94.80667, 32.35992], [-94.81062, 32.35767], [-94.81456, 32.35655]]}, "properties": {"operator": "Atmos Pipeline - Texas", "pipe_type": "Intrastate"}}, {"type": "Feature", "geometry": {"type": "LineString", "coordinates": [[-94.12164, 32.63948], [-94.12164, 32.63947], [-94.12165, 32.63943], [-94.12166, 32.63935], [-94.12166, 32.63933], [-94.12161, 32.63891], [-94.12144, 32.63737], [-94.12138, 32.63689], [-94.12142, 32.63552], [-94.12144, 32.63524], [-94.12149, 32.63446], [-94.12156, 32.63351], [-94.12158, 32.6333], [-94.12166, 32.63125], [-94.12147, 32.62961], [-94.12144, 32.62941], [-94.12143, 32.62933], [-94.1214, 32.62904], [-94.12135, 32.62856], [-94.12134, 32.62851], [-94.12119, 32.62718], [-94.1211, 32.62639], [-94.12105, 32.62604], [-94.12099, 32.62546], [-94.12117, 32.62375], [-94.1212, 32.62344], [-94.12128, 32.62156], [-94.12131, 32.62101], [-94.12133, 32.62057], [-94.1214, 32.61897], [-94.12151, 32.61649], [-94.1215, 32.6162], [-94.12149, 32.61612], [-94.12148, 32.61569], [-94.12145, 32.61464], [-94.12144, 32.61449], [-94.12144, 32.61448], [-94.12144, 32.61441], [-94.12124, 32.60835], [-94.12115, 32.60552], [-94.1211, 32.60408], [-94.12109, 32.60376], [-94.12108, 32.60368], [-94.12108, 32.60363], [-94.12102, 32.60163], [-94.121, 32.60104], [-94.12097, 32.60024], [-94.12096, 32.59995], [-94.12096, 32.59993], [-94.12096, 32.59854], [-94.12075, 32.5968], [-94.12046, 32.59443], [-94.12048, 32.59424], [-94.12058, 32.5941], [-94.12065, 32.594], [-94.12071, 32.59392], [-94.1208, 32.59378], [-94.12085, 32.59372], [-94.12088, 32.59354], [-94.12088, 32.59349], [-94.12086, 32.58993], [-94.12086, 32.58978], [-94.12085, 32.58914], [-94.12082, 32.58565], [-94.12081, 32.5842], [-94.12081, 32.5838], [-94.12081, 32.58339], [-94.12094, 32.58175], [-94.12106, 32.58022], [-94.12118, 32.57867], [-94.12106, 32.57775], [-94.12106, 32.57774], [-94.121, 32.57735], [-94.12093, 32.5768], [-94.12093, 32.57677], [-94.12092, 32.5767], [-94.12101, 32.57426], [-94.12118, 32.5732], [-94.12121, 32.57302], [-94.12129, 32.57251], [-94.12131, 32.57237], [-94.12264, 32.56407], [-94.12264, 32.56405], [-94.12312, 32.56107], [-94.12345, 32.55902], [-94.12366, 32.55768], [-94.12371, 32.55739], [-94.12398, 32.55569], [-94.12408, 32.55506], [-94.12441, 32.55301], [-94.12457, 32.55205], [-94.12457, 32.5519], [-94.12468, 32.54807], [-94.12468, 32.54783], [-94.12469, 32.54756], [-94.12494, 32.54559], [-94.12496, 32.54537], [-94.12498, 32.54524], [-94.125, 32.54442], [-94.125, 32.54426], [-94.125, 32.54396], [-94.12511, 32.53876], [-94.12519, 32.53511], [-94.12519, 32.53489], [-94.12521, 32.53403], [-94.12526, 32.53151], [-94.12529, 32.52989], [-94.1253, 32.52928], [-94.12533, 32.52765], [-94.12533, 32.52751], [-94.12533, 32.52739], [-94.12533, 32.52738], [-94.12533, 32.52718], [-94.12535, 32.52398], [-94.12536, 32.52334], [-94.12536, 32.52293], [-94.12537, 32.52156], [-94.12539, 32.51833], [-94.12539, 32.51791], [-94.12549, 32.51762], [-94.12559, 32.51731], [-94.1259, 32.51643], [-94.12591, 32.51638], [-94.12693, 32.51343], [-94.12756, 32.51158], [-94.12828, 32.50949], [-94.12959, 32.50568], [-94.13051, 32.503], [-94.13053, 32.50294], [-94.13055, 32.50289], [-94.13077, 32.50227], [-94.13081, 32.50216], [-94.13084, 32.50209], [-94.13087, 32.50202], [-94.13151, 32.5005], [-94.13152, 32.50048], [-94.13154, 32.50045], [-94.13157, 32.50037], [-94.1316, 32.50029], [-94.13163, 32.50023], [-94.13165, 32.50016], [-94.13182, 32.49978], [-94.13195, 32.49947], [-94.13255, 32.49804], [-94.13318, 32.49656], [-94.1332, 32.49651], [-94.13366, 32.49542], [-94.13385, 32.49497], [-94.13398, 32.49465], [-94.13479, 32.49274], [-94.13551, 32.49103], [-94.13561, 32.49079], [-94.13565, 32.49021], [-94.13565, 32.49012], [-94.13565, 32.4901], [-94.13566, 32.49004]]}, "properties": {"operator": "Mississippi River Trans Corp", "pipe_type": "Interstate"}}, {"type": "Feature", "geometry": {"type": "LineString", "coordinates": [[-94.04266, 32.6439], [-94.04275, 32.6439], [-94.04288, 32.64389], [-94.04924, 32.64358], [-94.04933, 32.64359], [-94.05229, 32.64365], [-94.05901, 32.64379], [-94.06226, 32.64358], [-94.06244, 32.64356], [-94.06309, 32.64352], [-94.064, 32.64347], [-94.06827, 32.64298], [-94.07326, 32.64241], [-94.07343, 32.64239], [-94.07699, 32.6423], [-94.08514, 32.64209], [-94.08611, 32.64207], [-94.09095, 32.64194], [-94.09232, 32.64191], [-94.09234, 32.64191], [-94.09292, 32.64189], [-94.09687, 32.64184], [-94.09767, 32.64171], [-94.0979, 32.64167], [-94.09828, 32.64161], [-94.10003, 32.64132], [-94.10133, 32.64112], [-94.10244, 32.6409], [-94.1027, 32.64084], [-94.10347, 32.64069], [-94.10354, 32.64068], [-94.10362, 32.64066], [-94.10366, 32.64066], [-94.10372, 32.64064], [-94.10385, 32.64062], [-94.10498, 32.6404], [-94.10842, 32.64019], [-94.11078, 32.64005], [-94.11484, 32.63981], [-94.11493, 32.63981], [-94.11544, 32.63978], [-94.11628, 32.63973], [-94.11686, 32.63969], [-94.11918, 32.63956], [-94.12313, 32.63932], [-94.12586, 32.63916], [-94.12642, 32.63919], [-94.12922, 32.63935], [-94.12927, 32.63935], [-94.12946, 32.63936], [-94.12982, 32.63938], [-94.13168, 32.63948], [-94.13182, 32.63949], [-94.13293, 32.63955], [-94.13637, 32.63974], [-94.13647, 32.63975], [-94.1367, 32.63976], [-94.13699, 32.63978], [-94.13752, 32.63981], [-94.13766, 32.63981], [-94.14082, 32.63999], [-94.14091, 32.63999], [-94.14159, 32.64003], [-94.14171, 32.64004], [-94.14258, 32.64009], [-94.14359, 32.64014], [-94.14363, 32.64014], [-94.1471, 32.64034], [-94.14767, 32.64037], [-94.14818, 32.64039], [-94.1503, 32.64017], [-94.1508, 32.64009], [-94.15116, 32.64003], [-94.15132, 32.64], [-94.15167, 32.63994], [-94.15661, 32.63945], [-94.15673, 32.63944], [-94.15688, 32.63943], [-94.16141, 32.63897], [-94.16181, 32.63894], [-94.16359, 32.63876], [-94.16651, 32.63873], [-94.16668, 32.63873], [-94.16839, 32.63881], [-94.16984, 32.63888], [-94.17333, 32.63865], [-94.18033, 32.63812], [-94.18072, 32.63809], [-94.18676, 32.63763], [-94.18721, 32.63773], [-94.18746, 32.63779], [-94.18773, 32.63785], [-94.18804, 32.63792], [-94.18821, 32.6379], [-94.18966, 32.63774], [-94.19142, 32.63753], [-94.19239, 32.63742], [-94.19299, 32.63735], [-94.19313, 32.63734], [-94.2007, 32.63646], [-94.20129, 32.63643], [-94.20138, 32.63642], [-94.20154, 32.63641], [-94.2071, 32.63609], [-94.20723, 32.63608], [-94.21112, 32.63586], [-94.21935, 32.63539], [-94.21952, 32.63538], [-94.2224, 32.63521], [-94.22285, 32.63519], [-94.22497, 32.63507], [-94.2253, 32.63505], [-94.22771, 32.63491], [-94.22796, 32.63489], [-94.23015, 32.63469], [-94.23182, 32.63437], [-94.24343, 32.63334], [-94.24347, 32.63334], [-94.24595, 32.63312], [-94.24613, 32.63314], [-94.24628, 32.63316], [-94.24702, 32.63326], [-94.2472, 32.63323], [-94.25399, 32.6326], [-94.25407, 32.63258], [-94.25535, 32.63231], [-94.26021, 32.63181], [-94.26123, 32.63167], [-94.26421, 32.63136], [-94.26475, 32.63133], [-94.27855, 32.63048], [-94.27622, 32.63091], [-94.28284, 32.63071], [-94.2933, 32.63087], [-94.30204, 32.63101], [-94.30582, 32.63122], [-94.31535, 32.63175], [-94.31543, 32.63175], [-94.31551, 32.63176], [-94.3163, 32.6318], [-94.31895, 32.63199], [-94.31904, 32.632], [-94.31914, 32.632], [-94.32006, 32.63207], [-94.32707, 32.63304], [-94.33962, 32.63477], [-94.34021, 32.63485], [-94.34071, 32.63485], [-94.34304, 32.63485], [-94.34359, 32.63485], [-94.34388, 32.63486], [-94.34415, 32.63486], [-94.34418, 32.63486], [-94.34435, 32.63486], [-94.34437, 32.63486], [-94.34442, 32.63486], [-94.34468, 32.63479], [-94.34475, 32.63479], [-94.34498, 32.63482], [-94.34503, 32.63482], [-94.34531, 32.63485], [-94.34548, 32.63483], [-94.34579, 32.6348], [-94.34587, 32.63479], [-94.34694, 32.63475], [-94.34696, 32.63475], [-94.34862, 32.63469], [-94.34886, 32.63468], [-94.351, 32.6344], [-94.35124, 32.63437], [-94.3514, 32.63435], [-94.35209, 32.63422], [-94.35231, 32.63419], [-94.35247, 32.63416], [-94.35524, 32.63377], [-94.35535, 32.63373], [-94.35538, 32.63372], [-94.35616, 32.63348], [-94.35621, 32.63346], [-94.35639, 32.63341], [-94.35654, 32.63336], [-94.35655, 32.63336], [-94.35678, 32.63329], [-94.35696, 32.63325], [-94.35734, 32.63324], [-94.3574, 32.63324], [-94.35744, 32.63324], [-94.35789, 32.63324], [-94.358, 32.63323], [-94.35816, 32.63322], [-94.3582, 32.63322], [-94.35826, 32.63322], [-94.3593, 32.63315], [-94.35958, 32.63313], [-94.36125, 32.63313], [-94.36136, 32.63313], [-94.36143, 32.63313], [-94.3615, 32.63313], [-94.36198, 32.63313], [-94.36766, 32.633], [-94.36776, 32.633], [-94.36794, 32.63299], [-94.36945, 32.63296], [-94.36961, 32.633], [-94.37001, 32.6333], [-94.37069, 32.63382], [-94.37118, 32.63419], [-94.37132, 32.63424], [-94.37147, 32.63429], [-94.37532, 32.63461], [-94.37959, 32.63496], [-94.37962, 32.63496], [-94.3798, 32.63498], [-94.38006, 32.635], [-94.38012, 32.635], [-94.3802, 32.63501], [-94.38032, 32.63507], [-94.38412, 32.63769], [-94.38467, 32.63808], [-94.38473, 32.63812], [-94.38477, 32.63814], [-94.38524, 32.63847], [-94.38531, 32.63852], [-94.38701, 32.6397], [-94.38845, 32.6407], [-94.38876, 32.64093], [-94.38958, 32.64155], [-94.39079, 32.64239], [-94.39174, 32.64305], [-94.39192, 32.64309], [-94.39281, 32.64308], [-94.39507, 32.64306], [-94.39522, 32.64309], [-94.39728, 32.64354], [-94.39785, 32.64367], [-94.39881, 32.64377], [-94.40346, 32.64424], [-94.40383, 32.64424], [-94.40543, 32.64422], [-94.40557, 32.64426], [-94.40572, 32.64432], [-94.40579, 32.64435], [-94.40789, 32.64444]]}, "properties": {"operator": "Mississippi River Trans Corp", "pipe_type": "Interstate"}}, {"type": "Feature", "geometry": {"type": "LineString", "coordinates": [[-94.63872, 32.5376], [-94.65403, 32.53712]]}, "properties": {"operator": "Natural Gas PL Co of Am", "pipe_type": "Interstate"}}, {"type": "Feature", "geometry": {"type": "LineString", "coordinates": [[-94.77133, 31.12013], [-94.76036, 31.1388], [-94.69875, 31.24365]]}, "properties": {"operator": "Natural Gas PL Co of Am", "pipe_type": "Interstate"}}, {"type": "Feature", "geometry": {"type": "LineString", "coordinates": [[-94.69875, 31.24365], [-94.65572, 31.34867], [-94.61683, 31.44358]]}, "properties": {"operator": "Natural Gas PL Co of Am", "pipe_type": "Interstate"}}, {"type": "Feature", "geometry": {"type": "LineString", "coordinates": [[-94.45466, 32.37581], [-94.44237, 32.41114]]}, "properties": {"operator": "Natural Gas PL Co of Am", "pipe_type": "Interstate"}}, {"type": "Feature", "geometry": {"type": "LineString", "coordinates": [[-94.44237, 32.41114], [-94.42086, 32.53184]]}, "properties": {"operator": "Natural Gas PL Co of Am", "pipe_type": "Interstate"}}, {"type": "Feature", "geometry": {"type": "LineString", "coordinates": [[-94.40858, 32.6377], [-94.40789, 32.64444], [-94.40256, 32.69645]]}, "properties": {"operator": "Natural Gas PL Co of Am", "pipe_type": "Interstate"}}, {"type": "Feature", "geometry": {"type": "LineString", "coordinates": [[-94.42086, 32.53184], [-94.63872, 32.5376]]}, "properties": {"operator": "Natural Gas PL Co of Am", "pipe_type": "Interstate"}}, {"type": "Feature", "geometry": {"type": "LineString", "coordinates": [[-94.42086, 32.53184], [-94.40858, 32.6377]]}, "properties": {"operator": "Natural Gas PL Co of Am", "pipe_type": "Interstate"}}, {"type": "Feature", "geometry": {"type": "LineString", "coordinates": [[-94.40256, 32.69645], [-94.3945, 32.79498], [-94.39078, 32.84045]]}, "properties": {"operator": "Natural Gas PL Co of Am", "pipe_type": "Interstate"}}, {"type": "Feature", "geometry": {"type": "LineString", "coordinates": [[-94.39078, 32.84045], [-94.37517, 32.88154]]}, "properties": {"operator": "Natural Gas PL Co of Am", "pipe_type": "Interstate"}}, {"type": "Feature", "geometry": {"type": "LineString", "coordinates": [[-94.61683, 31.44358], [-94.60479, 31.52313], [-94.58812, 31.63325], [-94.57331, 31.73114], [-94.56625, 31.77779], [-94.56124, 31.81087], [-94.55629, 31.84358]]}, "properties": {"operator": "Natural Gas PL Co of Am", "pipe_type": "Interstate"}}, {"type": "Feature", "geometry": {"type": "LineString", "coordinates": [[-94.47301, 32.28808], [-94.45466, 32.37581]]}, "properties": {"operator": "Natural Gas PL Co of Am", "pipe_type": "Interstate"}}, {"type": "Feature", "geometry": {"type": "LineString", "coordinates": [[-94.53798, 31.97594], [-94.47301, 32.28808]]}, "properties": {"operator": "Natural Gas PL Co of Am", "pipe_type": "Interstate"}}, {"type": "Feature", "geometry": {"type": "LineString", "coordinates": [[-94.55629, 31.84358], [-94.53798, 31.97594]]}, "properties": {"operator": "Natural Gas PL Co of Am", "pipe_type": "Interstate"}}, {"type": "Feature", "geometry": {"type": "LineString", "coordinates": [[-94.01451, 32.58059], [-94.01484, 32.58029], [-94.01509, 32.57986], [-94.0164, 32.57763], [-94.01741, 32.57589], [-94.01773, 32.57535], [-94.01774, 32.57532], [-94.0178, 32.57523], [-94.01781, 32.5752], [-94.01782, 32.5752], [-94.01802, 32.57486], [-94.01814, 32.57464], [-94.01816, 32.57461], [-94.01819, 32.57457], [-94.01897, 32.57322], [-94.01901, 32.57316], [-94.02035, 32.57086], [-94.02037, 32.57083], [-94.02111, 32.56956], [-94.02127, 32.56928], [-94.02136, 32.56914], [-94.02154, 32.56873], [-94.02232, 32.56697], [-94.02234, 32.56694], [-94.02256, 32.56643], [-94.02404, 32.5631], [-94.02439, 32.56231], [-94.02509, 32.56074], [-94.02533, 32.56021], [-94.0255, 32.55984], [-94.02567, 32.55945], [-94.02602, 32.55866], [-94.02766, 32.55498], [-94.02786, 32.55452], [-94.0311, 32.54724], [-94.03185, 32.54555], [-94.03227, 32.54462], [-94.03271, 32.54363], [-94.03308, 32.54279], [-94.03746, 32.53296], [-94.03759, 32.53265], [-94.04097, 32.52505], [-94.04118, 32.52445], [-94.0416, 32.52328], [-94.0416, 32.52327], [-94.04192, 32.52248], [-94.04309, 32.51958]]}, "properties": {"operator": "Enable Gas Transmission", "pipe_type": "Interstate"}}, {"type": "Feature", "geometry": {"type": "LineString", "coordinates": [[-94.04322, 32.81481], [-94.04319, 32.80882], [-94.04319, 32.80871], [-94.04306, 32.78764]]}, "properties": {"operator": "Enable Gas Transmission", "pipe_type": "Interstate"}}, {"type": "Feature", "geometry": {"type": "LineString", "coordinates": [[-94.04291, 32.81475], [-94.04292, 32.81475], [-94.043, 32.81475], [-94.04406, 32.81477], [-94.04639, 32.81491], [-94.0549, 32.81523], [-94.05734, 32.81501], [-94.06031, 32.81477], [-94.06048, 32.81476], [-94.06137, 32.81469], [-94.0837, 32.81483], [-94.08377, 32.81483], [-94.08868, 32.81486], [-94.0899, 32.81498], [-94.09059, 32.81504], [-94.09423, 32.81509], [-94.09467, 32.8151], [-94.09591, 32.81553], [-94.09698, 32.81561], [-94.10213, 32.81584], [-94.1022, 32.81585], [-94.10277, 32.81587], [-94.10567, 32.81575], [-94.10731, 32.81558], [-94.10956, 32.8155], [-94.10999, 32.81517], [-94.12089, 32.81489], [-94.1219, 32.81488], [-94.12225, 32.81487], [-94.14214, 32.81466], [-94.1431, 32.81467], [-94.14322, 32.81467], [-94.15402, 32.81475], [-94.15908, 32.81524], [-94.16115, 32.81543], [-94.16122, 32.81544], [-94.1625, 32.81556], [-94.16354, 32.81575], [-94.16604, 32.81619], [-94.1699, 32.81686], [-94.17268, 32.81685], [-94.17308, 32.81685], [-94.17474, 32.81684], [-94.17844, 32.81677], [-94.18988, 32.81658], [-94.19002, 32.81658], [-94.19112, 32.81656], [-94.19217, 32.81658], [-94.19231, 32.81658], [-94.19291, 32.81659], [-94.19973, 32.81664], [-94.2089, 32.81652], [-94.21214, 32.81651], [-94.21517, 32.81644], [-94.21638, 32.81637], [-94.23552, 32.81594], [-94.23555, 32.81594], [-94.23558, 32.81594], [-94.23561, 32.81594], [-94.23823, 32.81588], [-94.24821, 32.81568], [-94.24851, 32.81568], [-94.25034, 32.81564], [-94.25123, 32.81571], [-94.25232, 32.8157], [-94.25234, 32.8157], [-94.25568, 32.81566], [-94.26746, 32.81535], [-94.26747, 32.81535], [-94.27893, 32.81504], [-94.27959, 32.81502], [-94.29212, 32.81483], [-94.2934, 32.8148], [-94.31179, 32.81539], [-94.31229, 32.81546], [-94.31251, 32.81555], [-94.31281, 32.81568], [-94.31317, 32.81584], [-94.31355, 32.8159], [-94.32463, 32.81474], [-94.32813, 32.81484], [-94.32833, 32.81484], [-94.33638, 32.81506], [-94.33928, 32.8151], [-94.34096, 32.81523], [-94.34098, 32.81523], [-94.34167, 32.81519], [-94.34213, 32.8152], [-94.34762, 32.81527], [-94.34826, 32.81528], [-94.34863, 32.81529], [-94.34972, 32.81531], [-94.35121, 32.81535], [-94.35133, 32.81536], [-94.35535, 32.81547], [-94.35567, 32.81546], [-94.35761, 32.81528], [-94.36023, 32.81558], [-94.36218, 32.81608], [-94.36317, 32.81642], [-94.36344, 32.81651], [-94.36386, 32.81666], [-94.36974, 32.81819], [-94.38077, 32.82113], [-94.38192, 32.82111], [-94.38681, 32.82093], [-94.38826, 32.82126], [-94.39209, 32.82218], [-94.40299, 32.82454], [-94.40386, 32.82481], [-94.40643, 32.82526], [-94.41845, 32.82758], [-94.41866, 32.82762], [-94.41884, 32.82765], [-94.42099, 32.82817], [-94.4309, 32.8305], [-94.45093, 32.8378], [-94.45287, 32.83815], [-94.45618, 32.83922], [-94.47282, 32.8447], [-94.47575, 32.84566], [-94.49174, 32.85125], [-94.49197, 32.85134], [-94.49658, 32.85295], [-94.49667, 32.85298], [-94.50162, 32.85471], [-94.50397, 32.85655], [-94.5062, 32.85696], [-94.51406, 32.8594], [-94.51769, 32.86106], [-94.51838, 32.86135], [-94.51952, 32.86184], [-94.52076, 32.86187], [-94.52306, 32.86193], [-94.52362, 32.86195], [-94.53477, 32.8655], [-94.53491, 32.86554], [-94.53936, 32.86696], [-94.54119, 32.86759], [-94.5444, 32.86862], [-94.55032, 32.87098], [-94.55505, 32.8725], [-94.55463, 32.87284], [-94.56036, 32.87498], [-94.56247, 32.87605], [-94.56261, 32.87612], [-94.5645, 32.87708], [-94.57172, 32.87968], [-94.57732, 32.8817], [-94.57897, 32.88252], [-94.57921, 32.88264], [-94.5794, 32.88271], [-94.57951, 32.88275], [-94.57987, 32.88288], [-94.57989, 32.88289], [-94.59178, 32.88721], [-94.59255, 32.88749], [-94.60576, 32.89229], [-94.61364, 32.89421], [-94.63339, 32.90135], [-94.63562, 32.90198], [-94.6368, 32.90232], [-94.63771, 32.90258], [-94.63888, 32.90303], [-94.64031, 32.90366], [-94.64283, 32.90421], [-94.64409, 32.90515], [-94.65279, 32.90822], [-94.65427, 32.90875], [-94.65848, 32.91024], [-94.67234, 32.91101], [-94.67968, 32.91389], [-94.68013, 32.91407], [-94.69373, 32.92006], [-94.70722, 32.92375], [-94.7067, 32.92743], [-94.70652, 32.92756], [-94.70655, 32.92875], [-94.70838, 32.92897], [-94.70867, 32.92875], [-94.70887, 32.92857], [-94.70917, 32.92842], [-94.70954, 32.92835], [-94.70988, 32.92831], [-94.71017, 32.92825], [-94.71054, 32.92815], [-94.71095, 32.92805], [-94.71128, 32.92791], [-94.71155, 32.92776], [-94.71184, 32.92762], [-94.71222, 32.92735], [-94.71256, 32.9272], [-94.7129, 32.92718], [-94.71321, 32.92711], [-94.71338, 32.92695], [-94.71347, 32.92677], [-94.71348, 32.92642], [-94.71334, 32.92611], [-94.71312, 32.92577], [-94.72039, 32.92857], [-94.72112, 32.92851], [-94.72196, 32.92876], [-94.72253, 32.92893], [-94.7279, 32.93045], [-94.73121, 32.93139], [-94.73136, 32.93143], [-94.73281, 32.93185], [-94.73287, 32.93186], [-94.73315, 32.93194], [-94.73324, 32.93197], [-94.73326, 32.93198], [-94.73334, 32.932], [-94.73544, 32.93259], [-94.7359, 32.93273], [-94.73595, 32.93307], [-94.73675, 32.93367], [-94.73696, 32.93375], [-94.73863, 32.93344], [-94.73905, 32.93355], [-94.73916, 32.93358], [-94.73989, 32.93378], [-94.7417, 32.93425], [-94.74214, 32.93437], [-94.74209, 32.93451], [-94.74223, 32.93455], [-94.74225, 32.93456], [-94.75128, 32.93744], [-94.7553, 32.93876], [-94.77495, 32.94123], [-94.77496, 32.94123], [-94.77682, 32.94152], [-94.77781, 32.942], [-94.78697, 32.94672], [-94.79109, 32.94876], [-94.79122, 32.94882], [-94.79426, 32.95033], [-94.7995, 32.95241], [-94.81519, 32.95671], [-94.81628, 32.95701], [-94.81805, 32.95718], [-94.82045, 32.95757], [-94.82221, 32.95764], [-94.82538, 32.95776], [-94.82758, 32.95785], [-94.82776, 32.95785], [-94.82901, 32.9579], [-94.82973, 32.95809], [-94.83017, 32.95821], [-94.85039, 32.96354], [-94.85046, 32.96356], [-94.85403, 32.9645], [-94.85519, 32.96473], [-94.85854, 32.96549], [-94.86059, 32.96597], [-94.87647, 32.96822], [-94.87678, 32.96827], [-94.87711, 32.96832], [-94.87973, 32.9687], [-94.90784, 32.97689], [-94.91217, 32.97785], [-94.92302, 32.98075], [-94.92715, 32.98179], [-94.93801, 32.98333], [-94.93977, 32.98358], [-94.93987, 32.98357], [-94.94488, 32.98349], [-94.9456, 32.98348], [-94.94753, 32.98336], [-94.94885, 32.98311], [-94.94975, 32.98307], [-94.9503, 32.98306], [-94.95075, 32.98305], [-94.95181, 32.98303], [-94.95693, 32.98283], [-94.95774, 32.98291], [-94.95848, 32.98295], [-94.95875, 32.98297], [-94.96237, 32.98374], [-94.96403, 32.98281], [-94.96468, 32.98252], [-94.96537, 32.98248], [-94.96587, 32.98244], [-94.96598, 32.98243], [-94.96642, 32.98258], [-94.96824, 32.98317], [-94.96854, 32.98326], [-94.96992, 32.98371], [-94.97637, 32.98297], [-94.97774, 32.98277], [-94.97784, 32.98276], [-94.97849, 32.98266], [-94.97899, 32.98259], [-94.97989, 32.98246], [-94.99095, 32.98084], [-94.99228, 32.98083], [-94.99441, 32.98078], [-94.9964, 32.98073], [-94.99784, 32.98068], [-95.00001, 32.98057], [-95.00948, 32.97972], [-95.01186, 32.97949], [-95.01439, 32.97936], [-95.01592, 32.97926], [-95.02112, 32.97894], [-95.02122, 32.97894], [-95.02182, 32.9789], [-95.02473, 32.9787], [-95.02648, 32.97862], [-95.02682, 32.97862], [-95.029, 32.97849], [-95.03465, 32.97809], [-95.0382, 32.97785], [-95.03955, 32.97768], [-95.04058, 32.97762], [-95.04485, 32.9772], [-95.04494, 32.9772], [-95.05132, 32.97658], [-95.0577, 32.97597], [-95.05927, 32.97578], [-95.06088, 32.97562], [-95.06149, 32.97559], [-95.07313, 32.97437], [-95.07523, 32.97405], [-95.07552, 32.97401], [-95.07561, 32.97399], [-95.07687, 32.97381], [-95.07905, 32.97359], [-95.08508, 32.97306], [-95.09146, 32.97235], [-95.09277, 32.97225], [-95.09678, 32.97239], [-95.0968, 32.97238], [-95.0969, 32.97238], [-95.09844, 32.97226], [-95.10298, 32.97179], [-95.10314, 32.97178], [-95.10326, 32.97177], [-95.1048, 32.97167], [-95.10945, 32.97145], [-95.11975, 32.97083], [-95.12148, 32.97065], [-95.124, 32.97043], [-95.12592, 32.97023], [-95.12732, 32.9701], [-95.12861, 32.97001], [-95.12915, 32.96998], [-95.13031, 32.97003], [-95.13191, 32.97002], [-95.13201, 32.97002], [-95.1345, 32.97001], [-95.13525, 32.97001], [-95.13915, 32.96977], [-95.13946, 32.96975], [-95.14222, 32.96957], [-95.14719, 32.96904], [-95.15162, 32.96869], [-95.15202, 32.96866], [-95.1553, 32.96832], [-95.1675, 32.96691], [-95.17499, 32.96587], [-95.17719, 32.96557], [-95.17869, 32.96556], [-95.18147, 32.96499], [-95.18316, 32.96475], [-95.18353, 32.9647], [-95.20415, 32.9618], [-95.20655, 32.96092], [-95.21088, 32.96051], [-95.21171, 32.95988], [-95.21676, 32.95999], [-95.21758, 32.95988], [-95.22175, 32.95991], [-95.22308, 32.95971], [-95.22826, 32.95797], [-95.2415, 32.95766], [-95.24579, 32.95761], [-95.25005, 32.95716], [-95.25057, 32.95709], [-95.25097, 32.95702], [-95.25167, 32.95699], [-95.25217, 32.95694], [-95.25275, 32.95677], [-95.25285, 32.95681], [-95.25316, 32.9569], [-95.25328, 32.95694], [-95.25353, 32.95696], [-95.2539, 32.95693], [-95.25426, 32.95679], [-95.25482, 32.95661], [-95.25553, 32.95651], [-95.25813, 32.95616], [-95.25969, 32.95602], [-95.26094, 32.95582], [-95.26431, 32.95529], [-95.26439, 32.95527], [-95.2648, 32.95521], [-95.26601, 32.95502], [-95.26766, 32.95476], [-95.26824, 32.95435], [-95.26866, 32.95406], [-95.26868, 32.95405], [-95.2727, 32.95362], [-95.27566, 32.95344], [-95.27569, 32.95344], [-95.27585, 32.95343]]}, "properties": {"operator": "Enable Gas Transmission", "pipe_type": "Interstate"}}, {"type": "Feature", "geometry": {"type": "LineString", "coordinates": [[-94.34732, 32.81542], [-94.34732, 32.81537], [-94.34732, 32.81536], [-94.34732, 32.81532], [-94.3474, 32.81125], [-94.34744, 32.80946], [-94.34744, 32.80929], [-94.34745, 32.80888], [-94.34761, 32.80072], [-94.34766, 32.79806], [-94.34777, 32.7925], [-94.34783, 32.78964], [-94.34784, 32.78902], [-94.34785, 32.78835], [-94.34789, 32.78656], [-94.34792, 32.78477], [-94.34792, 32.78463], [-94.34793, 32.78449], [-94.34795, 32.78341], [-94.34795, 32.78338], [-94.34796, 32.78262], [-94.34797, 32.78212], [-94.34802, 32.77975], [-94.34802, 32.77972], [-94.3481, 32.77543], [-94.34814, 32.77367], [-94.34802, 32.77353], [-94.34802, 32.76731], [-94.35021, 32.76734], [-94.35021, 32.76733]]}, "properties": {"operator": "Enable Gas Transmission", "pipe_type": "Interstate"}}, {"type": "Feature", "geometry": {"type": "LineString", "coordinates": [[-94.56468, 32.87715], [-94.56461, 32.87737], [-94.56386, 32.87957], [-94.56359, 32.88037], [-94.56296, 32.88223], [-94.5627, 32.88298], [-94.56237, 32.88395], [-94.56203, 32.88496], [-94.56201, 32.88503], [-94.56036, 32.88987], [-94.56011, 32.89061], [-94.55975, 32.89168], [-94.55957, 32.8922], [-94.55946, 32.89252], [-94.55946, 32.89253], [-94.55932, 32.89294], [-94.55914, 32.89347], [-94.55841, 32.89563], [-94.55785, 32.89727], [-94.55777, 32.89752]]}, "properties": {"operator": "Enable Gas Transmission", "pipe_type": "Interstate"}}, {"type": "Feature", "geometry": {"type": "LineString", "coordinates": [[-94.93966, 32.98258], [-94.93978, 32.97848], [-94.93981, 32.97726], [-94.93982, 32.9771], [-94.93983, 32.97681], [-94.93983, 32.97672], [-94.93983, 32.97667], [-94.93985, 32.97614], [-94.93996, 32.97207], [-94.94002, 32.97], [-94.94049, 32.96715], [-94.9407, 32.96581], [-94.94082, 32.96502], [-94.94107, 32.96335], [-94.94133, 32.96164], [-94.94149, 32.96054], [-94.9415, 32.9605], [-94.94152, 32.96038], [-94.94154, 32.96026], [-94.94154, 32.96025], [-94.94172, 32.95904], [-94.94177, 32.95875], [-94.94177, 32.9587], [-94.94178, 32.95865], [-94.94185, 32.95822], [-94.94237, 32.95477], [-94.94256, 32.95352], [-94.94286, 32.95151], [-94.94341, 32.94787], [-94.94373, 32.94575], [-94.94399, 32.94404], [-94.94448, 32.94081], [-94.9443, 32.94051], [-94.94431, 32.94047], [-94.94436, 32.94014], [-94.94454, 32.93907], [-94.94458, 32.93884], [-94.94459, 32.93878], [-94.94463, 32.93853], [-94.94468, 32.93828], [-94.9447, 32.93816], [-94.9449, 32.93697], [-94.94495, 32.93668], [-94.94531, 32.93452], [-94.94601, 32.9304], [-94.94724, 32.92309], [-94.94743, 32.92196], [-94.94805, 32.91829], [-94.94864, 32.91484], [-94.94873, 32.91449], [-94.9488, 32.91422], [-94.94887, 32.9135], [-94.94904, 32.91156], [-94.94916, 32.9103], [-94.94956, 32.90595], [-94.94945, 32.90288], [-94.94929, 32.89821], [-94.94898, 32.88901], [-94.94897, 32.88883], [-94.94888, 32.88628], [-94.94873, 32.88198], [-94.94862, 32.87854], [-94.94851, 32.87539], [-94.9486, 32.87262], [-94.94862, 32.8721], [-94.94817, 32.86811], [-94.94807, 32.86726], [-94.94768, 32.86382], [-94.94727, 32.86026], [-94.94724, 32.85998], [-94.94743, 32.85878], [-94.94746, 32.85854], [-94.94778, 32.85653], [-94.94795, 32.85543], [-94.94796, 32.85536], [-94.94805, 32.8548], [-94.94828, 32.85329], [-94.94836, 32.85279], [-94.94841, 32.85245], [-94.94843, 32.8523], [-94.94844, 32.85227], [-94.94845, 32.85221], [-94.94874, 32.85033], [-94.94887, 32.84948], [-94.94888, 32.84941], [-94.94903, 32.84848], [-94.949, 32.84802], [-94.9489, 32.84652], [-94.94891, 32.84624], [-94.94892, 32.84553], [-94.9487, 32.8435], [-94.94872, 32.84241], [-94.94875, 32.84063], [-94.94879, 32.83856], [-94.94882, 32.83692], [-94.94886, 32.83494], [-94.94902, 32.82614], [-94.94904, 32.82501], [-94.94902, 32.82355], [-94.94896, 32.82047], [-94.94891, 32.81758], [-94.94892, 32.8162], [-94.94893, 32.81557], [-94.94894, 32.81507], [-94.94896, 32.81315], [-94.949, 32.81018], [-94.949, 32.80999], [-94.94903, 32.80801], [-94.94905, 32.80674], [-94.9491, 32.8028], [-94.94913, 32.79991], [-94.94918, 32.79628], [-94.94921, 32.79402], [-94.94925, 32.79128], [-94.94927, 32.78986], [-94.94928, 32.78913], [-94.94932, 32.78541], [-94.94933, 32.78536], [-94.94933, 32.78514], [-94.94934, 32.78433], [-94.94935, 32.78433], [-94.94954, 32.78429], [-94.94984, 32.78422], [-94.94972, 32.78382], [-94.94971, 32.78378], [-94.94917, 32.78212], [-94.9486, 32.77553], [-94.9486, 32.77551], [-94.94857, 32.77518], [-94.94826, 32.77163], [-94.94798, 32.76832], [-94.94764, 32.76442], [-94.94743, 32.76348], [-94.94621, 32.75807], [-94.94343, 32.74573], [-94.9444, 32.74151], [-94.94445, 32.74128], [-94.94442, 32.74004], [-94.94384, 32.74002], [-94.94383, 32.7401]]}, "properties": {"operator": "Enable Gas Transmission", "pipe_type": "Interstate"}}, {"type": "Feature", "geometry": {"type": "LineString", "coordinates": [[-94.34736, 32.81548], [-94.34736, 32.81549], [-94.34738, 32.8157], [-94.34972, 32.8157], [-94.34972, 32.81574], [-94.34983, 32.81792], [-94.3503, 32.82134], [-94.35077, 32.82472], [-94.3508, 32.82493], [-94.35085, 32.82525], [-94.35081, 32.82923], [-94.3508, 32.83101], [-94.35079, 32.83247], [-94.35079, 32.83273], [-94.35079, 32.833], [-94.35078, 32.83329], [-94.35076, 32.83599], [-94.35075, 32.83736], [-94.35074, 32.83872], [-94.35074, 32.83881], [-94.35074, 32.83889], [-94.35069, 32.84488], [-94.35067, 32.84546], [-94.3505, 32.84834], [-94.35039, 32.85019], [-94.35036, 32.85073], [-94.35032, 32.85141], [-94.35029, 32.85189], [-94.35027, 32.8522], [-94.35025, 32.85254], [-94.35025, 32.85255], [-94.35024, 32.85265], [-94.35024, 32.85272], [-94.35022, 32.85295], [-94.35014, 32.85437], [-94.35013, 32.85446], [-94.35007, 32.85547], [-94.34985, 32.85916], [-94.34974, 32.86097], [-94.3497, 32.86173], [-94.34959, 32.86351], [-94.34953, 32.86454], [-94.34943, 32.86612], [-94.34935, 32.86755], [-94.34929, 32.86847], [-94.34906, 32.87226], [-94.34906, 32.8723], [-94.349, 32.87325], [-94.34893, 32.87442], [-94.34882, 32.87626], [-94.34875, 32.87743], [-94.34874, 32.87759], [-94.34867, 32.87881], [-94.34869, 32.87955], [-94.34873, 32.88116], [-94.34874, 32.88152], [-94.34878, 32.88178], [-94.34879, 32.88191], [-94.34882, 32.88207], [-94.34882, 32.88212], [-94.34884, 32.88225], [-94.34887, 32.88242], [-94.34893, 32.88343], [-94.34909, 32.88427], [-94.34914, 32.88468], [-94.34953, 32.88797], [-94.34961, 32.8886], [-94.3498, 32.89023], [-94.34992, 32.89123], [-94.34992, 32.89126], [-94.34993, 32.89131], [-94.34994, 32.89143], [-94.34998, 32.89176], [-94.34999, 32.8918], [-94.35053, 32.89638], [-94.35061, 32.89704], [-94.35065, 32.89739], [-94.35088, 32.89928], [-94.35118, 32.89989], [-94.3512, 32.90007], [-94.35126, 32.90047], [-94.35132, 32.90083], [-94.35141, 32.90147], [-94.35159, 32.90312], [-94.3516, 32.90327], [-94.35197, 32.90443], [-94.35221, 32.90517], [-94.35229, 32.90578], [-94.35232, 32.90607], [-94.3524, 32.90662], [-94.35258, 32.90806], [-94.35259, 32.9081], [-94.35259, 32.90812], [-94.35262, 32.9083], [-94.35257, 32.90913], [-94.35253, 32.9098], [-94.35252, 32.90997], [-94.35263, 32.91119], [-94.35265, 32.91139], [-94.35343, 32.92049], [-94.35357, 32.92207], [-94.35359, 32.92226], [-94.35359, 32.92229], [-94.35359, 32.92232], [-94.3539, 32.92588], [-94.35411, 32.92638], [-94.35418, 32.92656], [-94.35433, 32.92694], [-94.35433, 32.92755], [-94.35462, 32.92973], [-94.35473, 32.93002], [-94.35482, 32.93022], [-94.35555, 32.932], [-94.35581, 32.93937], [-94.35591, 32.94229], [-94.35596, 32.94373], [-94.35597, 32.94404], [-94.35599, 32.94411], [-94.35609, 32.94448], [-94.35664, 32.94643], [-94.35675, 32.948], [-94.35675, 32.94803], [-94.35675, 32.94806], [-94.3568, 32.94875], [-94.35689, 32.95013], [-94.35694, 32.95089], [-94.35695, 32.95094], [-94.35695, 32.95101], [-94.35701, 32.95189], [-94.35715, 32.95311], [-94.35716, 32.95324], [-94.35757, 32.95693], [-94.35758, 32.95698], [-94.35768, 32.95792], [-94.358, 32.95887], [-94.35811, 32.95919], [-94.35816, 32.95967], [-94.35839, 32.96182], [-94.35858, 32.96353], [-94.35928, 32.97003], [-94.36021, 32.97251], [-94.36092, 32.97441], [-94.362, 32.97731], [-94.36205, 32.97781], [-94.36208, 32.97824], [-94.36249, 32.98296], [-94.36239, 32.98407], [-94.36228, 32.98528], [-94.36216, 32.98651], [-94.36209, 32.98732], [-94.36162, 32.98887], [-94.36155, 32.98909], [-94.36157, 32.98966], [-94.3616, 32.9905], [-94.36163, 32.99172], [-94.3619, 32.99248], [-94.36203, 32.99366], [-94.36206, 32.99391], [-94.36188, 32.99426], [-94.36203, 32.99597], [-94.36204, 32.99608]]}, "properties": {"operator": "Enable Gas Transmission", "pipe_type": "Interstate"}}, {"type": "Feature", "geometry": {"type": "LineString", "coordinates": [[-94.13164, 32.81458], [-94.13187, 32.8109], [-94.13187, 32.8106], [-94.13187, 32.81018], [-94.13187, 32.80971], [-94.13247, 32.80849], [-94.13416, 32.80509], [-94.13461, 32.79588], [-94.13478, 32.78614], [-94.13492, 32.78509], [-94.13522, 32.77567], [-94.13544, 32.77503], [-94.13524, 32.77364], [-94.13492, 32.7673], [-94.13499, 32.76502]]}, "properties": {"operator": "Enable Gas Transmission", "pipe_type": "Interstate"}}, {"type": "Feature", "geometry": {"type": "LineString", "coordinates": [[-94.13166, 32.8146], [-94.13156, 32.81607], [-94.13152, 32.81718], [-94.13144, 32.81828], [-94.13134, 32.81968], [-94.13101, 32.82425], [-94.1309, 32.82573], [-94.13079, 32.82728], [-94.13034, 32.83004], [-94.13015, 32.8312], [-94.13013, 32.83178], [-94.12999, 32.83584], [-94.1299, 32.83846], [-94.1299, 32.83849], [-94.1299, 32.83877], [-94.12974, 32.84121], [-94.12981, 32.84127], [-94.12989, 32.84134], [-94.13035, 32.84172]]}, "properties": {"operator": "Enable Gas Transmission", "pipe_type": "Interstate"}}, {"type": "Feature", "geometry": {"type": "LineString", "coordinates": [[-94.72107, 32.84558], [-94.72332, 32.84533], [-94.72708, 32.84492], [-94.72821, 32.84519], [-94.72835, 32.84515], [-94.72858, 32.84509], [-94.72879, 32.84503], [-94.729, 32.84497], [-94.72986, 32.84473], [-94.73029, 32.84458], [-94.7304, 32.84455], [-94.73074, 32.84443], [-94.73081, 32.84441], [-94.73471, 32.84347], [-94.74148, 32.84184], [-94.74154, 32.84182], [-94.74161, 32.8418], [-94.74204, 32.8417], [-94.74256, 32.8416], [-94.74926, 32.84034], [-94.74932, 32.84033], [-94.75108, 32.84], [-94.7532, 32.84053], [-94.75691, 32.84146], [-94.75701, 32.84148], [-94.75711, 32.84151], [-94.75744, 32.84159], [-94.76163, 32.84134], [-94.7679, 32.84096], [-94.77138, 32.84075], [-94.7715, 32.84075], [-94.77316, 32.84065], [-94.77428, 32.84067], [-94.77551, 32.8407], [-94.77564, 32.84071], [-94.77701, 32.84074], [-94.77728, 32.84065], [-94.77773, 32.8405], [-94.7778, 32.84047], [-94.77898, 32.84008]]}, "properties": {"operator": "Enable Gas Transmission", "pipe_type": "Interstate"}}, {"type": "Feature", "geometry": {"type": "LineString", "coordinates": [[-94.63483, 32.62146], [-94.63481, 32.62146], [-94.63436, 32.62142], [-94.63247, 32.6219]]}, "properties": {"operator": "Enable Gas Transmission", "pipe_type": "Interstate"}}, {"type": "Feature", "geometry": {"type": "LineString", "coordinates": [[-94.32229, 32.81175], [-94.32214, 32.81175], [-94.32214, 32.81176], [-94.32214, 32.81196], [-94.32214, 32.81202], [-94.32212, 32.81379], [-94.32212, 32.81432], [-94.32211, 32.8149], [-94.3221, 32.81589]]}, "properties": {"operator": "Enable Gas Transmission", "pipe_type": "Interstate"}}, {"type": "Feature", "geometry": {"type": "LineString", "coordinates": [[-94.73334, 32.93199], [-94.73343, 32.93188], [-94.73302, 32.93176], [-94.73284, 32.93172], [-94.73266, 32.93166], [-94.73214, 32.93152], [-94.73176, 32.93142], [-94.73082, 32.93116], [-94.73077, 32.93114], [-94.73045, 32.93106], [-94.72837, 32.93048], [-94.72831, 32.93047], [-94.72226, 32.9288], [-94.72112, 32.92849], [-94.72039, 32.92855], [-94.72025, 32.92849], [-94.72008, 32.92843], [-94.71962, 32.92825], [-94.71854, 32.92783], [-94.7141, 32.92612], [-94.71324, 32.92579], [-94.71315, 32.92587], [-94.71332, 32.92612], [-94.71346, 32.92642], [-94.71345, 32.92677], [-94.71337, 32.92693], [-94.7132, 32.92709], [-94.71289, 32.92716], [-94.71255, 32.92718], [-94.71221, 32.92733], [-94.71197, 32.9275], [-94.71183, 32.92759], [-94.71154, 32.92773], [-94.71143, 32.9278], [-94.71127, 32.92789], [-94.71094, 32.92802], [-94.71053, 32.92813], [-94.71016, 32.92822], [-94.70987, 32.92828], [-94.70953, 32.92832], [-94.70916, 32.92839], [-94.70886, 32.92854], [-94.70866, 32.92872], [-94.70837, 32.92895], [-94.70657, 32.92872], [-94.70655, 32.92756], [-94.70672, 32.92743], [-94.70725, 32.92372], [-94.70813, 32.92381], [-94.70817, 32.92368], [-94.70998, 32.9165], [-94.71006, 32.91635], [-94.71035, 32.91512], [-94.71033, 32.91494], [-94.71119, 32.91228], [-94.71126, 32.91201], [-94.71139, 32.91163], [-94.71144, 32.91153], [-94.71156, 32.91128], [-94.71189, 32.91078], [-94.71186, 32.91074], [-94.71184, 32.91072], [-94.71177, 32.91063], [-94.71159, 32.91038], [-94.71149, 32.91025], [-94.71151, 32.91016], [-94.71151, 32.91013], [-94.7116, 32.90979], [-94.7116, 32.90977], [-94.7119, 32.9086], [-94.71192, 32.90852], [-94.71219, 32.90743], [-94.71225, 32.90722], [-94.71241, 32.90689], [-94.71309, 32.9055], [-94.71575, 32.90007], [-94.71577, 32.90004], [-94.71586, 32.89986], [-94.71606, 32.89945], [-94.71608, 32.89941], [-94.71615, 32.8992], [-94.71635, 32.8986], [-94.71642, 32.8984], [-94.71661, 32.89783], [-94.71665, 32.8977], [-94.71924, 32.88985], [-94.71926, 32.88979], [-94.71951, 32.88903], [-94.71953, 32.88896], [-94.72068, 32.88346], [-94.72069, 32.88337], [-94.72071, 32.88332], [-94.72073, 32.88321], [-94.72101, 32.88243], [-94.72188, 32.8736], [-94.7221, 32.87146], [-94.72216, 32.86915], [-94.72216, 32.86908], [-94.72221, 32.86713], [-94.72235, 32.86223], [-94.72238, 32.86094], [-94.72241, 32.85986], [-94.72242, 32.85964], [-94.72242, 32.85958], [-94.72243, 32.85905], [-94.72247, 32.85699], [-94.72252, 32.85505], [-94.72252, 32.85489], [-94.72229, 32.85136], [-94.72221, 32.85012], [-94.72218, 32.84957], [-94.72211, 32.84843], [-94.72206, 32.84774], [-94.72206, 32.84771], [-94.72205, 32.84743], [-94.72205, 32.84737], [-94.72203, 32.84707], [-94.722, 32.84652], [-94.72198, 32.84613], [-94.72198, 32.84609], [-94.72095, 32.84482], [-94.72038, 32.84412], [-94.7198, 32.84343], [-94.71876, 32.84215], [-94.71874, 32.84213], [-94.71873, 32.84211], [-94.71656, 32.83947], [-94.71444, 32.83687], [-94.71329, 32.83546], [-94.71295, 32.83505], [-94.71143, 32.83334], [-94.7114, 32.83331], [-94.71087, 32.83272], [-94.71034, 32.83212], [-94.70934, 32.831], [-94.70925, 32.83089], [-94.7092, 32.83084], [-94.70672, 32.82668], [-94.70599, 32.82546], [-94.70515, 32.82406], [-94.70495, 32.82372], [-94.70454, 32.82304], [-94.70406, 32.82222], [-94.70372, 32.82166], [-94.70213, 32.819], [-94.70121, 32.81747], [-94.70006, 32.81554], [-94.70004, 32.8155], [-94.69985, 32.81519], [-94.69846, 32.81287], [-94.69843, 32.81281], [-94.69658, 32.80971], [-94.69648, 32.80955], [-94.69531, 32.80759], [-94.69513, 32.80729], [-94.69479, 32.80672], [-94.69409, 32.80555], [-94.69397, 32.80534], [-94.69276, 32.80332], [-94.69272, 32.80325], [-94.68849, 32.79617], [-94.68828, 32.79581], [-94.68567, 32.79302], [-94.68561, 32.79297], [-94.68243, 32.78956], [-94.68138, 32.78843], [-94.68134, 32.78838], [-94.68112, 32.78809], [-94.68105, 32.788], [-94.68082, 32.78768], [-94.67992, 32.78673], [-94.67925, 32.78603], [-94.67808, 32.7848], [-94.67805, 32.78477], [-94.67795, 32.78468], [-94.67773, 32.7845], [-94.677, 32.78391], [-94.67537, 32.7823], [-94.6746, 32.78154], [-94.67382, 32.78077], [-94.67374, 32.7807], [-94.6727, 32.77967], [-94.67237, 32.77935], [-94.67221, 32.77919], [-94.67139, 32.77827], [-94.671, 32.77783], [-94.67022, 32.77697], [-94.67016, 32.7769], [-94.67013, 32.77687], [-94.6685, 32.77505], [-94.667, 32.77337], [-94.66642, 32.77274], [-94.66572, 32.77196], [-94.66534, 32.77153], [-94.66405, 32.77009], [-94.66348, 32.76945], [-94.66098, 32.76666], [-94.66008, 32.7654], [-94.6599, 32.76515], [-94.65611, 32.76132], [-94.65403, 32.75922], [-94.65064, 32.7558], [-94.64701, 32.75213], [-94.64672, 32.7514], [-94.64602, 32.7496], [-94.64599, 32.74952], [-94.64594, 32.7494], [-94.64589, 32.74933], [-94.64501, 32.74819], [-94.64447, 32.74697], [-94.64433, 32.74668], [-94.64431, 32.74663], [-94.64423, 32.74646], [-94.64334, 32.74447], [-94.64324, 32.74436], [-94.64293, 32.74401], [-94.64289, 32.74397], [-94.64278, 32.74384], [-94.64255, 32.74358], [-94.64076, 32.7416], [-94.64039, 32.74119], [-94.64023, 32.74102], [-94.63969, 32.74041], [-94.63931, 32.74], [-94.6374, 32.73789], [-94.63684, 32.73726], [-94.6355, 32.73578], [-94.63474, 32.73376], [-94.63429, 32.73256], [-94.63425, 32.73245], [-94.63412, 32.73211], [-94.63347, 32.73036], [-94.63176, 32.72582], [-94.63165, 32.72552], [-94.6316, 32.72539], [-94.63144, 32.72497], [-94.63072, 32.72304], [-94.63044, 32.72229], [-94.63032, 32.72199], [-94.62926, 32.71914], [-94.62924, 32.71909], [-94.62844, 32.71696], [-94.62823, 32.71641], [-94.62783, 32.71533], [-94.62745, 32.71432], [-94.62696, 32.71302], [-94.62647, 32.7117], [-94.62627, 32.71118], [-94.62622, 32.71103], [-94.62564, 32.7095], [-94.6248, 32.70726], [-94.62466, 32.70669], [-94.62443, 32.70578], [-94.6241, 32.70489], [-94.62379, 32.70407], [-94.62349, 32.70335], [-94.62277, 32.70166], [-94.62144, 32.69848], [-94.62117, 32.69784], [-94.61985, 32.6947], [-94.61956, 32.69369], [-94.61935, 32.69294], [-94.61855, 32.69008], [-94.61853, 32.69001]]}, "properties": {"operator": "Enable Gas Transmission", "pipe_type": "Interstate"}}, {"type": "Feature", "geometry": {"type": "LineString", "coordinates": [[-94.61852, 32.69], [-94.6187, 32.68976], [-94.6187, 32.68975], [-94.61873, 32.68967], [-94.62204, 32.68025], [-94.62211, 32.68007], [-94.62217, 32.67988], [-94.62239, 32.67925], [-94.62271, 32.67793], [-94.62274, 32.67776], [-94.62278, 32.67759], [-94.62342, 32.67489], [-94.62425, 32.67138], [-94.62426, 32.67133], [-94.62427, 32.67127], [-94.62536, 32.66664], [-94.62558, 32.66568], [-94.62559, 32.6656], [-94.62561, 32.66552], [-94.62855, 32.65238], [-94.62982, 32.64834], [-94.62994, 32.64717], [-94.63084, 32.63846], [-94.6308, 32.63821], [-94.63077, 32.63803], [-94.63075, 32.63786], [-94.63073, 32.63773], [-94.63232, 32.63143], [-94.63313, 32.62822], [-94.63316, 32.6281], [-94.63319, 32.62799], [-94.63325, 32.62776], [-94.63566, 32.6182], [-94.63559, 32.61459], [-94.63604, 32.61296], [-94.63628, 32.61209], [-94.63695, 32.60964], [-94.63767, 32.6064], [-94.63772, 32.60616], [-94.63931, 32.60229], [-94.64008, 32.60112], [-94.64014, 32.60103], [-94.6402, 32.60094], [-94.64022, 32.6009]]}, "properties": {"operator": "Enable Gas Transmission", "pipe_type": "Interstate"}}, {"type": "Feature", "geometry": {"type": "LineString", "coordinates": [[-94.64021, 32.6009], [-94.64026, 32.60093], [-94.64038, 32.60076], [-94.64118, 32.60063], [-94.64124, 32.60062], [-94.64148, 32.60058], [-94.64165, 32.60056], [-94.64618, 32.59843], [-94.64642, 32.59832], [-94.64819, 32.59749], [-94.64833, 32.59742], [-94.64988, 32.5967], [-94.65109, 32.59613], [-94.6514, 32.59603], [-94.65213, 32.5958], [-94.65405, 32.5952], [-94.65435, 32.5951], [-94.6561, 32.59429], [-94.65769, 32.59354], [-94.65908, 32.59289], [-94.65988, 32.59251], [-94.66123, 32.59188], [-94.66129, 32.59185], [-94.66248, 32.59129], [-94.66571, 32.58978], [-94.66785, 32.58878], [-94.66807, 32.58867], [-94.6704, 32.58758], [-94.67166, 32.58698], [-94.67194, 32.58686], [-94.6729, 32.5864], [-94.67341, 32.58617], [-94.67936, 32.58338], [-94.68016, 32.583], [-94.68037, 32.58291], [-94.68292, 32.58179], [-94.68378, 32.58141], [-94.68505, 32.58086], [-94.68761, 32.57973], [-94.68819, 32.57948], [-94.69003, 32.57877], [-94.69189, 32.57804], [-94.69213, 32.57794], [-94.69239, 32.57784], [-94.69663, 32.57619], [-94.69756, 32.57582], [-94.69915, 32.5752], [-94.69948, 32.57507], [-94.70276, 32.5738], [-94.7035, 32.5735], [-94.70655, 32.57232], [-94.7067, 32.57225], [-94.70673, 32.57225], [-94.70841, 32.57159], [-94.71072, 32.57069], [-94.71159, 32.57035], [-94.71201, 32.57018], [-94.71288, 32.5696], [-94.71426, 32.56869], [-94.71704, 32.56683], [-94.71749, 32.56653], [-94.71938, 32.56527], [-94.72079, 32.56433], [-94.72089, 32.56426], [-94.72178, 32.56367], [-94.72212, 32.56344], [-94.72309, 32.56279], [-94.72411, 32.56211], [-94.72447, 32.56187], [-94.72472, 32.56171], [-94.72482, 32.56164], [-94.72487, 32.56161], [-94.7261, 32.56078], [-94.72638, 32.5606], [-94.7267, 32.56039], [-94.72753, 32.55983], [-94.72797, 32.55954], [-94.72802, 32.5595], [-94.72811, 32.55944], [-94.72828, 32.55933], [-94.72855, 32.55915], [-94.72865, 32.55908], [-94.73071, 32.55771], [-94.7307, 32.55755], [-94.731, 32.55739], [-94.73134, 32.5572], [-94.73141, 32.55723], [-94.73145, 32.55724], [-94.73149, 32.55721], [-94.7316, 32.55714], [-94.73205, 32.55683], [-94.73297, 32.55622], [-94.73469, 32.55506], [-94.73753, 32.55316], [-94.7398, 32.55145], [-94.73998, 32.55131], [-94.74107, 32.5508], [-94.74196, 32.55038], [-94.74265, 32.55036], [-94.7432, 32.55035], [-94.74332, 32.55034], [-94.74353, 32.55033], [-94.74412, 32.55032], [-94.74517, 32.54993], [-94.74537, 32.54985], [-94.74722, 32.54917], [-94.74778, 32.54896], [-94.74792, 32.5489], [-94.74812, 32.54883], [-94.74902, 32.5485], [-94.74913, 32.54846], [-94.74926, 32.54841], [-94.74941, 32.54836], [-94.74968, 32.54825], [-94.74995, 32.54815], [-94.75092, 32.54828], [-94.75231, 32.54845], [-94.75339, 32.54859], [-94.75355, 32.54861], [-94.75444, 32.54873], [-94.75456, 32.54874], [-94.75608, 32.54894], [-94.75633, 32.54897], [-94.75637, 32.54898]]}, "properties": {"operator": "Enable Gas Transmission", "pipe_type": "Interstate"}}, {"type": "Feature", "geometry": {"type": "LineString", "coordinates": [[-94.04309, 32.51958], [-94.04329, 32.51909], [-94.04413, 32.51789], [-94.0445, 32.51735], [-94.04693, 32.51328], [-94.04708, 32.51304], [-94.05174, 32.50522], [-94.05179, 32.50513], [-94.0524, 32.50411], [-94.0544, 32.50076], [-94.05484, 32.50002], [-94.05509, 32.4996], [-94.05512, 32.49955], [-94.05527, 32.4993], [-94.05545, 32.49899], [-94.0556, 32.49875], [-94.05774, 32.49516], [-94.05832, 32.49417], [-94.05874, 32.49348], [-94.05942, 32.49234], [-94.05954, 32.49214], [-94.06144, 32.49074], [-94.06154, 32.49068], [-94.06179, 32.49055], [-94.06187, 32.49051], [-94.06212, 32.49038], [-94.0622, 32.49033], [-94.06413, 32.48932], [-94.06517, 32.4888], [-94.06525, 32.48876], [-94.06714, 32.48781], [-94.06739, 32.48768], [-94.06843, 32.48691], [-94.06993, 32.48578], [-94.07387, 32.48281], [-94.07396, 32.48274], [-94.07429, 32.4825], [-94.0747, 32.48219], [-94.07534, 32.48171], [-94.0754, 32.48152], [-94.07554, 32.48108], [-94.07555, 32.48107], [-94.07552, 32.48059], [-94.07551, 32.48047], [-94.07542, 32.47885], [-94.07542, 32.47877], [-94.07533, 32.47706], [-94.07527, 32.4768], [-94.07527, 32.47677], [-94.07526, 32.47676], [-94.07526, 32.47675], [-94.07525, 32.47669], [-94.07524, 32.47666], [-94.07519, 32.47656], [-94.07512, 32.47643], [-94.07501, 32.47622], [-94.07493, 32.47608], [-94.07488, 32.47599], [-94.07426, 32.47482], [-94.07422, 32.47474], [-94.07411, 32.47454], [-94.07405, 32.47444], [-94.07378, 32.47393], [-94.0723, 32.47291], [-94.07225, 32.47273], [-94.07213, 32.47219], [-94.07199, 32.47197]]}, "properties": {"operator": "Enable Gas Transmission", "pipe_type": "Interstate"}}, {"type": "Feature", "geometry": {"type": "LineString", "coordinates": [[-94.07175, 32.47209], [-94.07176, 32.47212], [-94.07176, 32.47217], [-94.07176, 32.47224], [-94.07178, 32.47226], [-94.0719, 32.47239], [-94.07271, 32.47244], [-94.07399, 32.47252], [-94.0741, 32.4725], [-94.0774, 32.47189], [-94.07745, 32.47189], [-94.07758, 32.47186], [-94.07976, 32.47146], [-94.08061, 32.47131], [-94.08072, 32.47129], [-94.08083, 32.47127], [-94.08169, 32.47109], [-94.08174, 32.47108], [-94.08207, 32.47101], [-94.08249, 32.47092], [-94.08661, 32.47008], [-94.08689, 32.47002], [-94.08725, 32.46995], [-94.08957, 32.46947], [-94.0931, 32.46875], [-94.09326, 32.46871], [-94.09333, 32.4687], [-94.09376, 32.46861], [-94.09409, 32.46854], [-94.09646, 32.46806], [-94.09706, 32.46793], [-94.09875, 32.46758], [-94.10168, 32.46722], [-94.10416, 32.46691], [-94.10502, 32.4667], [-94.10777, 32.46603], [-94.10849, 32.46585], [-94.11118, 32.4652], [-94.11126, 32.46518], [-94.11133, 32.46516], [-94.1116, 32.4651], [-94.11342, 32.46473], [-94.11499, 32.46441], [-94.1151, 32.46439], [-94.11598, 32.46421], [-94.11689, 32.46403], [-94.1179, 32.46383], [-94.12124, 32.46315], [-94.12164, 32.46307], [-94.12269, 32.46286], [-94.12372, 32.46265], [-94.12759, 32.46187], [-94.12988, 32.46141], [-94.1302, 32.46134], [-94.13065, 32.46125], [-94.13192, 32.461], [-94.13926, 32.45948], [-94.1394, 32.45945], [-94.13947, 32.45943], [-94.13981, 32.45936], [-94.14112, 32.45909], [-94.14298, 32.45871], [-94.14457, 32.45838], [-94.14664, 32.45795], [-94.14677, 32.45793], [-94.14753, 32.45784], [-94.14828, 32.45774], [-94.15144, 32.45712], [-94.15384, 32.45655], [-94.15489, 32.4563], [-94.15509, 32.45625], [-94.1574, 32.45595], [-94.1592, 32.45571], [-94.16165, 32.45539], [-94.16209, 32.45534], [-94.16361, 32.45514], [-94.16642, 32.45478], [-94.17057, 32.45424], [-94.17117, 32.45416], [-94.1736, 32.45384], [-94.17455, 32.45372], [-94.17669, 32.45344], [-94.17701, 32.4534], [-94.17771, 32.45331], [-94.17812, 32.45326], [-94.17827, 32.45323], [-94.18704, 32.4514], [-94.18935, 32.45106], [-94.18952, 32.45106], [-94.1896, 32.45106], [-94.1897, 32.45106], [-94.19033, 32.45106], [-94.19127, 32.45091], [-94.19134, 32.4509], [-94.19142, 32.45088], [-94.19147, 32.45088], [-94.19373, 32.45081], [-94.19541, 32.45064], [-94.19621, 32.45057], [-94.19638, 32.45055], [-94.19661, 32.45053], [-94.19937, 32.45026], [-94.20331, 32.44988], [-94.20742, 32.44948], [-94.20905, 32.44932], [-94.2095, 32.44928], [-94.2115, 32.44908], [-94.21245, 32.44899], [-94.22174, 32.44809], [-94.22438, 32.44783], [-94.2255, 32.44772], [-94.22568, 32.44771], [-94.22743, 32.44754], [-94.22852, 32.44743], [-94.22868, 32.44739], [-94.23047, 32.44698], [-94.23154, 32.44673], [-94.23299, 32.44639], [-94.23396, 32.44617], [-94.23476, 32.44598], [-94.23489, 32.44595], [-94.23649, 32.44558], [-94.23668, 32.44553], [-94.23682, 32.4455], [-94.23703, 32.44545], [-94.23764, 32.44535], [-94.23884, 32.44514], [-94.239, 32.44511], [-94.23942, 32.44504], [-94.24541, 32.44399], [-94.24767, 32.4436], [-94.24808, 32.44356], [-94.25141, 32.44328], [-94.25243, 32.44319], [-94.2603, 32.44193], [-94.26162, 32.44172], [-94.26179, 32.44169], [-94.26296, 32.44182], [-94.26385, 32.44191], [-94.26615, 32.44215], [-94.26642, 32.44218], [-94.26658, 32.4422], [-94.26723, 32.44226], [-94.26773, 32.44232], [-94.26782, 32.44233], [-94.27389, 32.44151], [-94.27435, 32.44145], [-94.27455, 32.44142], [-94.27875, 32.44086], [-94.28405, 32.44015], [-94.28413, 32.44014], [-94.28424, 32.44012], [-94.28472, 32.44006], [-94.28479, 32.44], [-94.28837, 32.43954], [-94.28955, 32.43939], [-94.29405, 32.43881], [-94.29558, 32.43862], [-94.29727, 32.4384], [-94.29789, 32.43832], [-94.29906, 32.43817], [-94.2999, 32.43806], [-94.30417, 32.43729], [-94.30425, 32.43728], [-94.3043, 32.43727], [-94.31016, 32.43622], [-94.31096, 32.43607], [-94.31123, 32.43603], [-94.31175, 32.43586], [-94.31607, 32.43448], [-94.31719, 32.43429], [-94.3223, 32.43343], [-94.32233, 32.43342], [-94.32394, 32.43332], [-94.32592, 32.43319], [-94.32725, 32.433], [-94.32992, 32.43261], [-94.33349, 32.4321], [-94.33437, 32.43197], [-94.3344, 32.43197], [-94.33487, 32.4319], [-94.335, 32.43188], [-94.33515, 32.43186], [-94.3358, 32.43176], [-94.33759, 32.43151], [-94.33777, 32.43148], [-94.33794, 32.43145], [-94.33821, 32.43142], [-94.34566, 32.4297], [-94.34577, 32.42967], [-94.35496, 32.42755], [-94.35701, 32.42708], [-94.35717, 32.42704], [-94.35725, 32.42703], [-94.35891, 32.42664], [-94.35913, 32.42659], [-94.35915, 32.42659], [-94.35937, 32.42654], [-94.35981, 32.42644], [-94.36404, 32.42546], [-94.36423, 32.42542], [-94.36821, 32.4245], [-94.37067, 32.42393], [-94.3714, 32.42376], [-94.37304, 32.42387], [-94.37334, 32.42386], [-94.37811, 32.42378], [-94.37917, 32.42376], [-94.38198, 32.42371], [-94.3838, 32.42368], [-94.38489, 32.42366], [-94.38967, 32.42357], [-94.39513, 32.42347], [-94.39523, 32.42347], [-94.3953, 32.42347], [-94.39571, 32.42346], [-94.3963, 32.42345], [-94.40026, 32.4221], [-94.4005, 32.42202], [-94.40352, 32.42098], [-94.40637, 32.42001], [-94.40693, 32.41982], [-94.40723, 32.41972], [-94.40769, 32.41971], [-94.40872, 32.41969], [-94.4099, 32.41966], [-94.41023, 32.41966], [-94.41039, 32.41965], [-94.41215, 32.41962], [-94.41667, 32.41953], [-94.41793, 32.41951], [-94.41834, 32.4195], [-94.41845, 32.4194], [-94.41869, 32.4192], [-94.42052, 32.41914], [-94.42203, 32.41909], [-94.42707, 32.41892], [-94.42845, 32.41888], [-94.43005, 32.41883], [-94.43006, 32.41883], [-94.43093, 32.41881], [-94.43716, 32.41869], [-94.43731, 32.41868], [-94.43745, 32.41868], [-94.43894, 32.41865], [-94.44091, 32.41847], [-94.44203, 32.41837], [-94.44538, 32.41807], [-94.44842, 32.41779], [-94.45123, 32.41754], [-94.45502, 32.41746], [-94.45512, 32.41746], [-94.45519, 32.41746], [-94.45579, 32.41745], [-94.45804, 32.41752], [-94.45918, 32.41756], [-94.4593, 32.41757], [-94.45946, 32.41757], [-94.45995, 32.41759], [-94.46018, 32.41756], [-94.46392, 32.41703], [-94.46553, 32.41681], [-94.46798, 32.41647], [-94.46912, 32.41631], [-94.46944, 32.41626], [-94.46976, 32.41622], [-94.47038, 32.41613], [-94.47192, 32.41608], [-94.47226, 32.41606], [-94.47378, 32.41575], [-94.47837, 32.41479], [-94.47866, 32.41473], [-94.48212, 32.41442], [-94.48566, 32.4141], [-94.49005, 32.41371], [-94.49199, 32.41353], [-94.49377, 32.41337], [-94.49628, 32.41315], [-94.49646, 32.41313], [-94.49649, 32.41313], [-94.49752, 32.41352], [-94.49857, 32.41392], [-94.50231, 32.41534], [-94.50287, 32.41555], [-94.50618, 32.41682], [-94.51126, 32.41874], [-94.51343, 32.41957], [-94.51348, 32.41959], [-94.51379, 32.4197], [-94.5142, 32.41986], [-94.51426, 32.41988], [-94.5172, 32.421], [-94.51745, 32.42109], [-94.52499, 32.42386], [-94.52533, 32.42398], [-94.52593, 32.42439], [-94.52593, 32.4244], [-94.52896, 32.42445], [-94.52903, 32.42445], [-94.52909, 32.42445], [-94.5341, 32.42454], [-94.53429, 32.42454], [-94.5343, 32.42454], [-94.53437, 32.42446], [-94.53437, 32.42445], [-94.53438, 32.4244], [-94.53441, 32.42306], [-94.53453, 32.42295], [-94.53454, 32.42295], [-94.5353, 32.42294], [-94.53539, 32.42284], [-94.53538, 32.42282], [-94.53504, 32.4207], [-94.53531, 32.41998], [-94.54047, 32.42075], [-94.54336, 32.42118], [-94.54485, 32.4214], [-94.54554, 32.4215], [-94.55014, 32.42219], [-94.55777, 32.42333], [-94.55812, 32.42353], [-94.55842, 32.42312], [-94.55954, 32.42401], [-94.56523, 32.42924], [-94.57335, 32.43245], [-94.57438, 32.43245], [-94.57598, 32.43371], [-94.57632, 32.43595], [-94.57613, 32.43685], [-94.57578, 32.43799], [-94.57534, 32.43999], [-94.57486, 32.44125], [-94.57454, 32.44261], [-94.57451, 32.44297], [-94.57399, 32.44516], [-94.57412, 32.44553], [-94.57429, 32.44624], [-94.57444, 32.4466], [-94.57477, 32.44704], [-94.57322, 32.44996], [-94.57743, 32.4526], [-94.57957, 32.45394], [-94.58445, 32.457], [-94.58974, 32.46031], [-94.59582, 32.46412], [-94.60342, 32.46888], [-94.60329, 32.47], [-94.60326, 32.47027], [-94.60502, 32.47], [-94.60577, 32.47052], [-94.60666, 32.47112], [-94.60728, 32.47155], [-94.60747, 32.47168], [-94.60872, 32.47253], [-94.61092, 32.47404], [-94.61199, 32.47477], [-94.61207, 32.47482], [-94.61215, 32.47488], [-94.61311, 32.47553], [-94.61371, 32.47594], [-94.61624, 32.47767], [-94.6168, 32.47805], [-94.61682, 32.47806], [-94.61796, 32.47885], [-94.62172, 32.48142], [-94.62492, 32.4836], [-94.62501, 32.48366], [-94.62535, 32.48389], [-94.62806, 32.48574], [-94.62823, 32.48586], [-94.62834, 32.48594], [-94.62888, 32.4863], [-94.63013, 32.48716], [-94.6302, 32.48721], [-94.63296, 32.48909], [-94.63345, 32.48943], [-94.63434, 32.49003], [-94.63441, 32.49008], [-94.63642, 32.49135], [-94.6385, 32.49267], [-94.64106, 32.4943], [-94.64149, 32.49451], [-94.64152, 32.49452], [-94.64197, 32.49475], [-94.64345, 32.49548], [-94.64394, 32.49583], [-94.64698, 32.49805], [-94.64716, 32.49818], [-94.64796, 32.49899], [-94.64866, 32.4997], [-94.64878, 32.49982], [-94.65125, 32.50231], [-94.65137, 32.50243], [-94.65135, 32.50338], [-94.65135, 32.50352], [-94.65135, 32.50373], [-94.65134, 32.50397], [-94.65134, 32.50421], [-94.65134, 32.50422], [-94.65133, 32.5045], [-94.65139, 32.50463], [-94.65212, 32.50616], [-94.65216, 32.50619], [-94.65403, 32.50788], [-94.65417, 32.508], [-94.65635, 32.50997], [-94.65716, 32.51069], [-94.65826, 32.51168], [-94.65833, 32.51174], [-94.65839, 32.5118], [-94.66061, 32.5138], [-94.66159, 32.51468], [-94.66241, 32.51542], [-94.66418, 32.517], [-94.66513, 32.51786], [-94.66719, 32.52024], [-94.66774, 32.52088], [-94.66827, 32.5215], [-94.66833, 32.52156], [-94.66839, 32.52163], [-94.6684, 32.52164], [-94.66852, 32.5218], [-94.67073, 32.5248], [-94.67133, 32.52561], [-94.67134, 32.52563], [-94.67169, 32.52609], [-94.67294, 32.52779], [-94.67378, 32.52892], [-94.67413, 32.5294], [-94.67424, 32.52955], [-94.6743, 32.52963], [-94.67435, 32.5297], [-94.67493, 32.53049], [-94.67593, 32.53203], [-94.67596, 32.53208], [-94.67603, 32.53217], [-94.67753, 32.5345], [-94.67755, 32.53452], [-94.67836, 32.53577], [-94.6791, 32.5369], [-94.67939, 32.53721], [-94.67985, 32.53769], [-94.68025, 32.53827], [-94.68084, 32.53912], [-94.68089, 32.53919], [-94.68106, 32.53945], [-94.68147, 32.54003], [-94.68172, 32.54041], [-94.68189, 32.54065], [-94.68281, 32.54198], [-94.6833, 32.5427], [-94.68342, 32.54287], [-94.68416, 32.54395], [-94.68457, 32.54454], [-94.68507, 32.54528], [-94.68514, 32.54537], [-94.68524, 32.54552], [-94.68699, 32.5467], [-94.6884, 32.54683], [-94.68909, 32.54689], [-94.68927, 32.54691], [-94.68949, 32.54693], [-94.6897, 32.54695], [-94.68991, 32.54697], [-94.6915, 32.54712], [-94.69423, 32.54736], [-94.69504, 32.54744], [-94.69516, 32.54745], [-94.69705, 32.54762], [-94.6975, 32.54766], [-94.69807, 32.54772], [-94.69895, 32.5478], [-94.69917, 32.54782], [-94.7003, 32.54792], [-94.70213, 32.54809], [-94.70558, 32.5484], [-94.70798, 32.54862], [-94.7085, 32.54867], [-94.70887, 32.54871], [-94.7115, 32.54894], [-94.71489, 32.54925], [-94.71544, 32.54921], [-94.71556, 32.54919], [-94.71571, 32.54918], [-94.72115, 32.54869], [-94.72141, 32.54866], [-94.72302, 32.54876], [-94.72728, 32.54903], [-94.72797, 32.54908], [-94.7281, 32.54908], [-94.72834, 32.5491], [-94.7291, 32.54915], [-94.72915, 32.54915], [-94.72937, 32.54917], [-94.72941, 32.54917], [-94.73064, 32.54925], [-94.73139, 32.54929], [-94.73153, 32.54934], [-94.7333, 32.5499], [-94.73533, 32.55055], [-94.73546, 32.55059], [-94.73586, 32.55058], [-94.73658, 32.55056], [-94.73709, 32.55055], [-94.73947, 32.55049], [-94.74, 32.55048], [-94.74058, 32.55047], [-94.74075, 32.55046], [-94.74225, 32.55055], [-94.74238, 32.55055], [-94.74324, 32.55051], [-94.74337, 32.55051], [-94.74351, 32.5505], [-94.74432, 32.55047], [-94.74469, 32.55031], [-94.7452, 32.5501], [-94.74632, 32.54964], [-94.74723, 32.54926], [-94.74735, 32.54921], [-94.74742, 32.54918], [-94.74776, 32.54904], [-94.74786, 32.54899], [-94.74792, 32.54897], [-94.74802, 32.54892], [-94.74815, 32.54886], [-94.7482, 32.54884], [-94.74905, 32.54844], [-94.74928, 32.54833], [-94.74953, 32.54822], [-94.7498, 32.54809], [-94.75083, 32.54822], [-94.75231, 32.54843], [-94.75333, 32.54858], [-94.75348, 32.5486], [-94.75396, 32.54867], [-94.75412, 32.54869], [-94.75416, 32.5487], [-94.75433, 32.54873], [-94.75451, 32.54875], [-94.75507, 32.54883], [-94.75514, 32.54884], [-94.75584, 32.54894], [-94.75592, 32.54896], [-94.75601, 32.54897]]}, "properties": {"operator": "Enable Gas Transmission", "pipe_type": "Interstate"}}, {"type": "Feature", "geometry": {"type": "LineString", "coordinates": [[-94.59147, 32.46139], [-94.59156, 32.46128], [-94.59169, 32.46128], [-94.59214, 32.46127], [-94.59677, 32.46123], [-94.59805, 32.46121], [-94.59821, 32.46121], [-94.60354, 32.46116], [-94.60461, 32.46115], [-94.60659, 32.46113], [-94.60981, 32.4611], [-94.61274, 32.46107], [-94.61335, 32.46104], [-94.61354, 32.46103], [-94.61649, 32.46088], [-94.61678, 32.4609], [-94.61686, 32.4609], [-94.61696, 32.46091], [-94.61743, 32.46095], [-94.61806, 32.46099], [-94.61848, 32.46096], [-94.6203, 32.46085], [-94.62314, 32.46068], [-94.62474, 32.46058], [-94.62685, 32.46046], [-94.63141, 32.46018], [-94.63251, 32.4601], [-94.63253, 32.46006], [-94.63257, 32.45997], [-94.63263, 32.45985], [-94.63285, 32.45936], [-94.6341, 32.4583], [-94.63414, 32.4583], [-94.63621, 32.45827], [-94.63713, 32.45825], [-94.63813, 32.45824], [-94.6382, 32.45823], [-94.63827, 32.45823], [-94.63918, 32.45822], [-94.6395, 32.45813], [-94.63996, 32.45801], [-94.64668, 32.45708], [-94.65682, 32.45568], [-94.65751, 32.45574], [-94.65804, 32.45579], [-94.65871, 32.45543], [-94.65882, 32.45543], [-94.65891, 32.45543], [-94.65901, 32.45543], [-94.66562, 32.45536], [-94.66562, 32.45474], [-94.66567, 32.45474], [-94.67082, 32.4548], [-94.67082, 32.45484], [-94.67084, 32.45535], [-94.67085, 32.45551], [-94.67085, 32.45574], [-94.67563, 32.45577], [-94.67591, 32.45584], [-94.67614, 32.45584], [-94.67684, 32.45585], [-94.67698, 32.45585], [-94.67712, 32.45586], [-94.67771, 32.45586], [-94.67775, 32.45586], [-94.68144, 32.45558], [-94.68151, 32.45557], [-94.68242, 32.4555], [-94.68272, 32.45551], [-94.68329, 32.45552], [-94.6836, 32.45552], [-94.68368, 32.45553], [-94.68366, 32.45406], [-94.68366, 32.45368], [-94.68344, 32.45278], [-94.6836, 32.45275], [-94.68374, 32.45276], [-94.68452, 32.45281], [-94.68717, 32.4529], [-94.6872, 32.4529], [-94.68742, 32.45291], [-94.6876, 32.45291], [-94.68898, 32.45295], [-94.6905, 32.45299], [-94.69354, 32.45308], [-94.69455, 32.45311], [-94.69693, 32.45337], [-94.69712, 32.45339], [-94.69714, 32.45321], [-94.69715, 32.45314], [-94.69715, 32.45307], [-94.69716, 32.45294], [-94.69862, 32.45298], [-94.69863, 32.45298], [-94.69864, 32.45298], [-94.70144, 32.45208], [-94.70157, 32.45204], [-94.70168, 32.45174], [-94.70214, 32.45044], [-94.70229, 32.44989], [-94.70239, 32.44956], [-94.70238, 32.44864], [-94.70236, 32.4465], [-94.70296, 32.44417], [-94.70297, 32.44155], [-94.70297, 32.44122], [-94.70297, 32.44027], [-94.70297, 32.43957], [-94.70297, 32.43909], [-94.70297, 32.43892], [-94.70298, 32.43877], [-94.70298, 32.43831], [-94.70298, 32.43644], [-94.70298, 32.43623], [-94.70299, 32.43623], [-94.70324, 32.43605], [-94.70323, 32.43588], [-94.70323, 32.43574], [-94.70323, 32.43559], [-94.70323, 32.43551], [-94.70322, 32.43549], [-94.70322, 32.43548], [-94.70322, 32.43545], [-94.70322, 32.43542], [-94.70322, 32.43539], [-94.70322, 32.43537], [-94.70322, 32.43531], [-94.7032, 32.43455], [-94.7032, 32.43421], [-94.70318, 32.4342], [-94.703, 32.43412], [-94.70296, 32.4341], [-94.70295, 32.43409], [-94.70294, 32.43409], [-94.70282, 32.43403], [-94.70272, 32.43398], [-94.70268, 32.43396]]}, "properties": {"operator": "Enable Gas Transmission", "pipe_type": "Interstate"}}, {"type": "Feature", "geometry": {"type": "LineString", "coordinates": [[-94.04267, 32.59346], [-94.04296, 32.5936], [-94.04304, 32.59364], [-94.04494, 32.59459], [-94.04532, 32.59478], [-94.04565, 32.59495], [-94.0481, 32.5961], [-94.05123, 32.59774], [-94.0569, 32.60032], [-94.05843, 32.60084], [-94.06533, 32.6036], [-94.06552, 32.60385], [-94.06557, 32.60391], [-94.0658, 32.60422], [-94.06607, 32.60449], [-94.0682, 32.6049], [-94.08005, 32.61013], [-94.08176, 32.61084], [-94.092, 32.6151], [-94.09445, 32.61611], [-94.09661, 32.61701], [-94.10017, 32.61816], [-94.10449, 32.61998], [-94.10458, 32.62001], [-94.10466, 32.62005], [-94.10491, 32.62022], [-94.10572, 32.62081], [-94.10659, 32.62107], [-94.11551, 32.62494], [-94.11644, 32.62536], [-94.11648, 32.62538], [-94.11805, 32.62597], [-94.11842, 32.62613], [-94.12129, 32.62738], [-94.12231, 32.62788], [-94.12244, 32.62795], [-94.12375, 32.62856], [-94.12419, 32.62877], [-94.12671, 32.63019], [-94.12723, 32.63045], [-94.1304, 32.63177], [-94.13048, 32.6318], [-94.13414, 32.63291], [-94.13467, 32.63361], [-94.1359, 32.63413], [-94.13622, 32.63416], [-94.13647, 32.63421], [-94.14724, 32.63935], [-94.14917, 32.64021], [-94.15004, 32.6406], [-94.15193, 32.64148], [-94.15261, 32.64252], [-94.15265, 32.6426], [-94.15407, 32.64477], [-94.15411, 32.64484], [-94.16403, 32.66008], [-94.16489, 32.66279], [-94.16558, 32.66398], [-94.16562, 32.66405], [-94.16691, 32.66628], [-94.16692, 32.66641], [-94.16693, 32.66654], [-94.16701, 32.66743], [-94.16702, 32.66756], [-94.16703, 32.66767], [-94.16703, 32.66768], [-94.16855, 32.66769], [-94.16893, 32.66796], [-94.16892, 32.6682]]}, "properties": {"operator": "Enable Gas Transmission", "pipe_type": "Interstate"}}, {"type": "Feature", "geometry": {"type": "LineString", "coordinates": [[-94.04259, 32.30444], [-94.04268, 32.30427], [-94.04302, 32.3041], [-94.04306, 32.30408], [-94.0431, 32.30406], [-94.04889, 32.30116], [-94.05186, 32.29967], [-94.05455, 32.29833], [-94.05888, 32.29616], [-94.0612, 32.29499], [-94.06144, 32.29501], [-94.06179, 32.29535], [-94.06215, 32.29552], [-94.06275, 32.29551], [-94.06344, 32.29519], [-94.06384, 32.29484], [-94.06413, 32.2947], [-94.06482, 32.29336], [-94.06488, 32.2933], [-94.06508, 32.2932]]}, "properties": {"operator": "Enable Gas Transmission", "pipe_type": "Interstate"}}, {"type": "Feature", "geometry": {"type": "LineString", "coordinates": [[-94.06508, 32.2932], [-94.06518, 32.29315], [-94.0719, 32.28978], [-94.07199, 32.28974], [-94.07487, 32.2883], [-94.07499, 32.28824], [-94.07578, 32.28784], [-94.07616, 32.28765], [-94.07622, 32.28762], [-94.07627, 32.2876], [-94.07863, 32.28642], [-94.07889, 32.28629], [-94.07991, 32.28578], [-94.08, 32.28573], [-94.0801, 32.28568], [-94.08044, 32.28553], [-94.08057, 32.28547], [-94.08066, 32.28544], [-94.08072, 32.28541], [-94.08099, 32.28529], [-94.08106, 32.28526], [-94.08396, 32.28399], [-94.08402, 32.28397], [-94.08615, 32.28304], [-94.08691, 32.28271], [-94.08712, 32.28261], [-94.08718, 32.28259], [-94.08729, 32.28254], [-94.09062, 32.28108], [-94.09921, 32.27733], [-94.09928, 32.2773], [-94.10012, 32.27693], [-94.10032, 32.27685], [-94.10038, 32.27682], [-94.10047, 32.27678], [-94.10073, 32.27667], [-94.10095, 32.27657], [-94.10246, 32.27591], [-94.10338, 32.27564], [-94.10445, 32.27532], [-94.10456, 32.27528], [-94.11015, 32.27326], [-94.11024, 32.27323], [-94.11056, 32.27311], [-94.11306, 32.2722], [-94.1161, 32.2711], [-94.11718, 32.27071], [-94.1236, 32.26838], [-94.12475, 32.26795], [-94.12483, 32.26792], [-94.12487, 32.26791], [-94.12499, 32.26786], [-94.12702, 32.26711], [-94.12712, 32.26707], [-94.12717, 32.26705], [-94.12727, 32.26702], [-94.13469, 32.26359], [-94.13739, 32.26234], [-94.13751, 32.26229], [-94.13756, 32.26227], [-94.13776, 32.26218], [-94.13792, 32.2621], [-94.138, 32.26207], [-94.13804, 32.26205], [-94.13822, 32.26196], [-94.14078, 32.26078], [-94.14101, 32.26067], [-94.14678, 32.25802], [-94.147, 32.25791], [-94.14725, 32.2578], [-94.15023, 32.25642], [-94.15048, 32.25631], [-94.15059, 32.25625], [-94.15104, 32.25605], [-94.15168, 32.25569], [-94.15175, 32.25565], [-94.15181, 32.25561], [-94.15191, 32.25556], [-94.15217, 32.25541], [-94.15288, 32.25523], [-94.15291, 32.25522], [-94.15294, 32.25522], [-94.15343, 32.25505], [-94.15429, 32.25467], [-94.15495, 32.25432], [-94.155, 32.2543], [-94.15522, 32.25418], [-94.15563, 32.25402], [-94.16153, 32.25166], [-94.16182, 32.25155], [-94.16196, 32.25149], [-94.16203, 32.25146], [-94.16209, 32.25144], [-94.16248, 32.25128], [-94.16428, 32.25057], [-94.16435, 32.25054], [-94.16812, 32.24903], [-94.16815, 32.24902], [-94.16904, 32.24867], [-94.17275, 32.24762], [-94.17379, 32.24721], [-94.1756, 32.2465], [-94.17598, 32.24635], [-94.17602, 32.24633], [-94.17618, 32.24626], [-94.17682, 32.24596], [-94.17715, 32.24581], [-94.17728, 32.24574], [-94.17748, 32.24565], [-94.18558, 32.24227], [-94.1873, 32.24174], [-94.18904, 32.24103], [-94.18926, 32.24099], [-94.1893, 32.24098], [-94.18957, 32.24093], [-94.18975, 32.24089], [-94.18981, 32.24088], [-94.19107, 32.24064], [-94.19316, 32.23965], [-94.19514, 32.2387], [-94.20046, 32.23617], [-94.20058, 32.23611], [-94.20264, 32.23513], [-94.20272, 32.23509], [-94.20297, 32.23497], [-94.203, 32.23496], [-94.20469, 32.23415], [-94.20544, 32.23369], [-94.20888, 32.23206], [-94.2103, 32.23107], [-94.21077, 32.23074], [-94.21084, 32.23073], [-94.21087, 32.23073]]}, "properties": {"operator": "Enable Gas Transmission", "pipe_type": "Interstate"}}, {"type": "Feature", "geometry": {"type": "LineString", "coordinates": [[-94.07171, 32.47197], [-94.07171, 32.47214], [-94.07199, 32.47228], [-94.07207, 32.47278], [-94.07377, 32.47402], [-94.07536, 32.47691], [-94.07549, 32.47749], [-94.07579, 32.48128], [-94.07562, 32.48214], [-94.07537, 32.48238], [-94.06757, 32.48772], [-94.06095, 32.49116], [-94.04549, 32.49403], [-94.04278, 32.49538]]}, "properties": {"operator": "Enable Gas Transmission", "pipe_type": "Interstate"}}, {"type": "Feature", "geometry": {"type": "LineString", "coordinates": [[-94.07556, 32.47701], [-94.07588, 32.47702], [-94.07598, 32.47703], [-94.07646, 32.47635], [-94.07678, 32.47588], [-94.07701, 32.47556], [-94.07719, 32.4753], [-94.07755, 32.47479], [-94.07855, 32.47407], [-94.07961, 32.4733], [-94.08155, 32.47191], [-94.08186, 32.47168], [-94.08204, 32.47155], [-94.08312, 32.47048], [-94.08345, 32.47015], [-94.08486, 32.46877], [-94.08656, 32.46708], [-94.08964, 32.46404], [-94.08991, 32.46377], [-94.09169, 32.46201], [-94.09245, 32.46126], [-94.09297, 32.46075], [-94.09345, 32.46027], [-94.09452, 32.45921], [-94.0947, 32.4589], [-94.09476, 32.45881], [-94.09603, 32.45664], [-94.09665, 32.45559], [-94.09703, 32.45494], [-94.09901, 32.45156], [-94.10078, 32.44854], [-94.10191, 32.44661], [-94.10227, 32.446], [-94.10259, 32.44546], [-94.10273, 32.44522], [-94.10312, 32.44446], [-94.10328, 32.44415], [-94.10372, 32.44319], [-94.104, 32.4426], [-94.10417, 32.44229], [-94.10541, 32.44012], [-94.10545, 32.44005], [-94.1055, 32.43997], [-94.10564, 32.43972], [-94.10572, 32.43958], [-94.10624, 32.43855], [-94.10666, 32.4377], [-94.10752, 32.43637], [-94.10759, 32.43627], [-94.10764, 32.43618], [-94.10916, 32.43386], [-94.11102, 32.431], [-94.11135, 32.43049], [-94.11158, 32.43022], [-94.11277, 32.42879], [-94.11294, 32.42858], [-94.11362, 32.42776], [-94.11462, 32.4262], [-94.11488, 32.4258], [-94.1165, 32.42295], [-94.11701, 32.42206], [-94.11707, 32.42195], [-94.11827, 32.41985], [-94.11888, 32.41876], [-94.11922, 32.41817], [-94.1196, 32.4175], [-94.12031, 32.41662], [-94.12104, 32.4157], [-94.12263, 32.41372], [-94.12328, 32.4129], [-94.12453, 32.41135], [-94.1258, 32.40976], [-94.12599, 32.40953], [-94.12846, 32.40644], [-94.12931, 32.40502], [-94.12968, 32.40439], [-94.1297, 32.40436], [-94.13035, 32.40277], [-94.13039, 32.40268], [-94.13042, 32.4026], [-94.13143, 32.40013], [-94.13244, 32.398], [-94.13451, 32.39362], [-94.13489, 32.39281], [-94.13594, 32.39059], [-94.13763, 32.38701], [-94.13771, 32.38685], [-94.13793, 32.38638], [-94.1385, 32.38517], [-94.13943, 32.38321], [-94.13944, 32.38319], [-94.14055, 32.38176], [-94.14067, 32.3816], [-94.14077, 32.38148], [-94.1437, 32.37768], [-94.14506, 32.37593], [-94.1454, 32.37526], [-94.14611, 32.37385], [-94.14696, 32.37217], [-94.14701, 32.37207], [-94.14706, 32.37197], [-94.1472, 32.37168], [-94.14733, 32.37134], [-94.14834, 32.3687], [-94.14835, 32.36867], [-94.14888, 32.36778], [-94.14968, 32.36666], [-94.15148, 32.36416], [-94.15249, 32.36275], [-94.15259, 32.36261], [-94.15321, 32.36175], [-94.15353, 32.36143], [-94.15408, 32.36088], [-94.15445, 32.36052], [-94.16032, 32.35315], [-94.16117, 32.35207], [-94.16135, 32.35185], [-94.16432, 32.34708], [-94.16441, 32.34693], [-94.16452, 32.34675], [-94.16456, 32.34669], [-94.16458, 32.34663], [-94.16572, 32.3434], [-94.16575, 32.34334], [-94.16672, 32.34058], [-94.16682, 32.34029], [-94.16755, 32.33823], [-94.16928, 32.33334], [-94.16958, 32.33248], [-94.16991, 32.33154], [-94.17058, 32.32965], [-94.17153, 32.32698], [-94.17188, 32.32596], [-94.17712, 32.31654], [-94.17752, 32.31582], [-94.17759, 32.31568], [-94.17767, 32.31555], [-94.17847, 32.31411], [-94.17847, 32.3141], [-94.17889, 32.31335], [-94.1815, 32.30823], [-94.1828, 32.3057], [-94.18345, 32.30443], [-94.18351, 32.3043], [-94.18358, 32.30417], [-94.18723, 32.29703], [-94.18826, 32.29501], [-94.18959, 32.29241], [-94.19064, 32.28984], [-94.19307, 32.28389], [-94.19319, 32.28361], [-94.19362, 32.28206], [-94.19369, 32.2818], [-94.19377, 32.28125], [-94.19392, 32.28099], [-94.19483, 32.27945], [-94.19526, 32.27872], [-94.19557, 32.27819], [-94.19618, 32.27717], [-94.19676, 32.27618], [-94.19725, 32.27535], [-94.19759, 32.27432], [-94.19737, 32.27401], [-94.19716, 32.27371], [-94.19713, 32.27366], [-94.19695, 32.27341], [-94.19688, 32.27331], [-94.19682, 32.27321], [-94.19675, 32.27311], [-94.19758, 32.26994], [-94.19873, 32.26558], [-94.19916, 32.26456], [-94.19932, 32.26419], [-94.20036, 32.26233], [-94.20057, 32.26195], [-94.20118, 32.25922], [-94.20146, 32.25796], [-94.20177, 32.25656], [-94.20195, 32.25544], [-94.202, 32.25513], [-94.20258, 32.25274], [-94.20289, 32.25147], [-94.2033, 32.24978], [-94.20574, 32.23977], [-94.20637, 32.23718], [-94.20649, 32.23696], [-94.2085, 32.23318], [-94.20871, 32.2328], [-94.2089, 32.23244], [-94.20896, 32.23233], [-94.20903, 32.2322], [-94.20921, 32.23185], [-94.20927, 32.23173], [-94.20991, 32.23055], [-94.20998, 32.23041], [-94.21011, 32.23017], [-94.21017, 32.23005], [-94.21024, 32.22993], [-94.21036, 32.2297], [-94.21039, 32.22966], [-94.21056, 32.22946], [-94.21141, 32.22844], [-94.21157, 32.22824], [-94.21221, 32.22747], [-94.21262, 32.22697], [-94.21343, 32.22599], [-94.21348, 32.22593], [-94.21353, 32.22587], [-94.21366, 32.22572], [-94.21487, 32.22426], [-94.21786, 32.22066], [-94.21967, 32.21849], [-94.21989, 32.21822], [-94.2202, 32.21785], [-94.2214, 32.21641], [-94.22195, 32.21574], [-94.2224, 32.21521], [-94.22249, 32.2151], [-94.22252, 32.21507], [-94.22275, 32.21478], [-94.22289, 32.21462], [-94.223, 32.21448], [-94.2232, 32.21424], [-94.22331, 32.21411], [-94.22355, 32.21382], [-94.22464, 32.21295], [-94.22514, 32.21255], [-94.22573, 32.21209], [-94.22584, 32.212], [-94.23522, 32.20451], [-94.23527, 32.20446], [-94.2354, 32.20436], [-94.23555, 32.20424], [-94.23594, 32.20393], [-94.23621, 32.20371], [-94.23628, 32.20366], [-94.23661, 32.20335], [-94.23758, 32.20241], [-94.23882, 32.20122], [-94.23902, 32.20103], [-94.24007, 32.2003], [-94.24085, 32.19928], [-94.24627, 32.19409], [-94.24758, 32.19284], [-94.25012, 32.1904], [-94.25399, 32.1867], [-94.25439, 32.18645], [-94.25462, 32.18631], [-94.25466, 32.1863], [-94.2547, 32.18627], [-94.25483, 32.18619], [-94.25498, 32.1861], [-94.25598, 32.18549], [-94.25614, 32.18539], [-94.25626, 32.18532], [-94.25669, 32.18506], [-94.25681, 32.18499], [-94.25702, 32.18486], [-94.25789, 32.18355], [-94.25886, 32.18209], [-94.25935, 32.18136], [-94.26005, 32.1803], [-94.26146, 32.17819], [-94.26344, 32.1767], [-94.26449, 32.17591], [-94.26463, 32.17581], [-94.26511, 32.17546], [-94.26557, 32.17513], [-94.27182, 32.17062], [-94.27356, 32.16937], [-94.27928, 32.16525], [-94.27931, 32.16523], [-94.2796, 32.16502], [-94.28157, 32.1636], [-94.28369, 32.16207], [-94.28621, 32.16025], [-94.28955, 32.15784], [-94.29046, 32.15718], [-94.29189, 32.15616], [-94.29585, 32.1533], [-94.29588, 32.15328], [-94.29549, 32.15142], [-94.29744, 32.15112], [-94.29858, 32.14959], [-94.29892, 32.14919], [-94.30036, 32.14748], [-94.30217, 32.14532], [-94.30224, 32.14525], [-94.30228, 32.14519], [-94.30436, 32.14271], [-94.30468, 32.14233], [-94.30483, 32.14219], [-94.30485, 32.14217], [-94.30584, 32.14121], [-94.30651, 32.14056], [-94.30718, 32.13992], [-94.30756, 32.13954], [-94.30815, 32.13897], [-94.30946, 32.13771], [-94.30949, 32.13768], [-94.30956, 32.13761], [-94.30963, 32.13754], [-94.30967, 32.13751], [-94.3099, 32.13728], [-94.31195, 32.13587], [-94.31676, 32.13255], [-94.31764, 32.13194], [-94.31828, 32.13151], [-94.3183, 32.13149], [-94.31879, 32.13116], [-94.32071, 32.12984], [-94.32143, 32.12934], [-94.32543, 32.12659], [-94.32625, 32.12602], [-94.32797, 32.12507], [-94.32978, 32.12408], [-94.32981, 32.12407], [-94.32985, 32.12407], [-94.33032, 32.124], [-94.33036, 32.124], [-94.33063, 32.12396], [-94.33082, 32.12393], [-94.33084, 32.12393], [-94.33149, 32.12384], [-94.3324, 32.12292], [-94.33517, 32.12018], [-94.33744, 32.11792], [-94.33856, 32.11719], [-94.33863, 32.11715], [-94.33984, 32.11635], [-94.341, 32.1156], [-94.34198, 32.11496], [-94.34239, 32.11469], [-94.34265, 32.11452], [-94.34281, 32.11442], [-94.34452, 32.1133], [-94.34541, 32.11272], [-94.34575, 32.11257], [-94.34729, 32.1119], [-94.34738, 32.11186], [-94.34751, 32.11182], [-94.34766, 32.11177], [-94.34773, 32.11175], [-94.34774, 32.11175], [-94.35123, 32.11066], [-94.35317, 32.11005], [-94.35351, 32.10986], [-94.3538, 32.10969], [-94.3549, 32.10905], [-94.35652, 32.1076], [-94.35706, 32.10712], [-94.35722, 32.10697], [-94.35727, 32.10693], [-94.35923, 32.10517], [-94.3641, 32.10081], [-94.36453, 32.10042], [-94.36471, 32.10026], [-94.36532, 32.09954], [-94.36537, 32.09948], [-94.36542, 32.09942], [-94.36749, 32.09697], [-94.368, 32.09637], [-94.36814, 32.09621], [-94.37028, 32.0947], [-94.37119, 32.09406], [-94.37123, 32.09403], [-94.37227, 32.09357], [-94.37874, 32.0907], [-94.37948, 32.09038], [-94.37997, 32.09016], [-94.38019, 32.09014], [-94.38031, 32.09013], [-94.38067, 32.0901], [-94.381, 32.09007], [-94.38161, 32.08974], [-94.382, 32.08952], [-94.38211, 32.08947], [-94.3823, 32.08936], [-94.38233, 32.08935], [-94.38308, 32.08921], [-94.3845, 32.08895], [-94.3845, 32.08893], [-94.3845, 32.08883], [-94.38449, 32.08875], [-94.38449, 32.08868], [-94.38448, 32.08853], [-94.38415, 32.08739], [-94.38423, 32.08727], [-94.38421, 32.08712]]}, "properties": {"operator": "Enable Gas Transmission", "pipe_type": "Interstate"}}, {"type": "Feature", "geometry": {"type": "LineString", "coordinates": [[-94.26026, 32.18802], [-94.26038, 32.18833]]}, "properties": {"operator": "Enable Gas Transmission", "pipe_type": "Interstate"}}, {"type": "Feature", "geometry": {"type": "LineString", "coordinates": [[-94.38431, 32.08903], [-94.38438, 32.0891], [-94.38536, 32.08885], [-94.3854, 32.08878], [-94.38538, 32.0886], [-94.38537, 32.08851], [-94.38528, 32.08843]]}, "properties": {"operator": "Enable Gas Transmission", "pipe_type": "Interstate"}}, {"type": "Feature", "geometry": {"type": "LineString", "coordinates": [[-94.26043, 32.18904], [-94.26038, 32.18908], [-94.26065, 32.18968], [-94.26075, 32.18966]]}, "properties": {"operator": "Enable Gas Transmission", "pipe_type": "Interstate"}}, {"type": "Feature", "geometry": {"type": "LineString", "coordinates": [[-94.25551, 32.18578], [-94.25998, 32.18784], [-94.26032, 32.188], [-94.26035, 32.18801], [-94.26041, 32.18804], [-94.26152, 32.18855], [-94.26167, 32.18852], [-94.2617, 32.18855]]}, "properties": {"operator": "Enable Gas Transmission", "pipe_type": "Interstate"}}, {"type": "Feature", "geometry": {"type": "LineString", "coordinates": [[-94.43718, 32.07697], [-94.43629, 32.07795]]}, "properties": {"operator": "Southern Natural Gas Co", "pipe_type": "Interstate"}}, {"type": "Feature", "geometry": {"type": "LineString", "coordinates": [[-93.99317, 31.95339], [-94.38275, 32.0629]]}, "properties": {"operator": "Southern Natural Gas Co", "pipe_type": "Interstate"}}, {"type": "Feature", "geometry": {"type": "LineString", "coordinates": [[-94.38275, 32.0629], [-94.43629, 32.07795]]}, "properties": {"operator": "Southern Natural Gas Co", "pipe_type": "Interstate"}}, {"type": "Feature", "geometry": {"type": "LineString", "coordinates": [[-93.99317, 31.95339], [-94.01782, 31.93821]]}, "properties": {"operator": "Southern Natural Gas Co", "pipe_type": "Interstate"}}, {"type": "Feature", "geometry": {"type": "LineString", "coordinates": [[-94.21926, 30.96326], [-94.12736, 31.03981]]}, "properties": {"operator": "Tennessee Gas Pipeline", "pipe_type": "Interstate"}}, {"type": "Feature", "geometry": {"type": "LineString", "coordinates": [[-94.12736, 31.03981], [-94.02234, 31.13338]]}, "properties": {"operator": "Tennessee Gas Pipeline", "pipe_type": "Interstate"}}, {"type": "Feature", "geometry": {"type": "LineString", "coordinates": [[-94.02234, 31.13338], [-93.98942, 31.15833], [-93.84723, 31.26611]]}, "properties": {"operator": "Tennessee Gas Pipeline", "pipe_type": "Interstate"}}, {"type": "Feature", "geometry": {"type": "LineString", "coordinates": [[-93.84723, 31.26611], [-93.67558, 31.37331]]}, "properties": {"operator": "Tennessee Gas Pipeline", "pipe_type": "Interstate"}}, {"type": "Feature", "geometry": {"type": "LineString", "coordinates": [[-93.67558, 31.37331], [-93.59671, 31.44181], [-93.43667, 31.5808]]}, "properties": {"operator": "Tennessee Gas Pipeline", "pipe_type": "Interstate"}}, {"type": "Feature", "geometry": {"type": "LineString", "coordinates": [[-94.38822, 32.14822], [-94.33088, 32.17459]]}, "properties": {"operator": "Tennessee Gas Pipeline", "pipe_type": "Interstate"}}, {"type": "Feature", "geometry": {"type": "LineString", "coordinates": [[-94.25654, 32.18133], [-94.1865, 32.18662]]}, "properties": {"operator": "Tennessee Gas Pipeline", "pipe_type": "Interstate"}}, {"type": "Feature", "geometry": {"type": "LineString", "coordinates": [[-94.33088, 32.17459], [-94.25654, 32.18133]]}, "properties": {"operator": "Tennessee Gas Pipeline", "pipe_type": "Interstate"}}, {"type": "Feature", "geometry": {"type": "LineString", "coordinates": [[-94.1865, 32.18662], [-94.05184, 32.09306]]}, "properties": {"operator": "Tennessee Gas Pipeline", "pipe_type": "Interstate"}}, {"type": "Feature", "geometry": {"type": "LineString", "coordinates": [[-94.05184, 32.09306], [-93.97466, 32.05478]]}, "properties": {"operator": "Tennessee Gas Pipeline", "pipe_type": "Interstate"}}, {"type": "Feature", "geometry": {"type": "LineString", "coordinates": [[-94.4873, 30.77101], [-94.21926, 30.96326]]}, "properties": {"operator": "Tennessee Gas Pipeline", "pipe_type": "Interstate"}}, {"type": "Feature", "geometry": {"type": "LineString", "coordinates": [[-94.29062, 32.81789], [-94.21696, 32.88832]]}, "properties": {"operator": "Texas Eastern Trans Co", "pipe_type": "Interstate"}}, {"type": "Feature", "geometry": {"type": "LineString", "coordinates": [[-94.19798, 32.59704], [-94.14349, 32.54502]]}, "properties": {"operator": "Texas Eastern Trans Co", "pipe_type": "Interstate"}}, {"type": "Feature", "geometry": {"type": "LineString", "coordinates": [[-94.10022, 31.90938], [-93.98573, 31.94675]]}, "properties": {"operator": "Texas Eastern Trans Co", "pipe_type": "Interstate"}}, {"type": "Feature", "geometry": {"type": "LineString", "coordinates": [[-94.3575, 32.75469], [-94.29062, 32.81789]]}, "properties": {"operator": "Texas Eastern Trans Co", "pipe_type": "Interstate"}}, {"type": "Feature", "geometry": {"type": "LineString", "coordinates": [[-94.04339, 32.54502], [-93.97658, 32.54502]]}, "properties": {"operator": "Texas Eastern Trans Co", "pipe_type": "Interstate"}}, {"type": "Feature", "geometry": {"type": "LineString", "coordinates": [[-94.14349, 32.54502], [-94.04339, 32.54502]]}, "properties": {"operator": "Texas Eastern Trans Co", "pipe_type": "Interstate"}}, {"type": "Feature", "geometry": {"type": "LineString", "coordinates": [[-94.32397, 32.71654], [-94.24064, 32.6375]]}, "properties": {"operator": "Texas Eastern Trans Co", "pipe_type": "Interstate"}}, {"type": "Feature", "geometry": {"type": "LineString", "coordinates": [[-94.3575, 32.75469], [-94.32397, 32.71654]]}, "properties": {"operator": "Texas Eastern Trans Co", "pipe_type": "Interstate"}}, {"type": "Feature", "geometry": {"type": "LineString", "coordinates": [[-94.4105, 32.704], [-94.3575, 32.75469]]}, "properties": {"operator": "Texas Eastern Trans Co", "pipe_type": "Interstate"}}, {"type": "Feature", "geometry": {"type": "LineString", "coordinates": [[-94.52442, 32.29722], [-94.6176, 32.39245]]}, "properties": {"operator": "Texas Eastern Trans Co", "pipe_type": "Interstate"}}, {"type": "Feature", "geometry": {"type": "LineString", "coordinates": [[-94.6176, 32.39245], [-94.63914, 32.40842]]}, "properties": {"operator": "Texas Eastern Trans Co", "pipe_type": "Interstate"}}, {"type": "Feature", "geometry": {"type": "LineString", "coordinates": [[-94.63914, 32.40842], [-94.70181, 32.42387]]}, "properties": {"operator": "Texas Eastern Trans Co", "pipe_type": "Interstate"}}, {"type": "Feature", "geometry": {"type": "LineString", "coordinates": [[-94.17702, 31.97926], [-94.52442, 32.29722]]}, "properties": {"operator": "Texas Eastern Trans Co", "pipe_type": "Interstate"}}, {"type": "Feature", "geometry": {"type": "LineString", "coordinates": [[-94.10022, 31.90938], [-94.17702, 31.97926]]}, "properties": {"operator": "Texas Eastern Trans Co", "pipe_type": "Interstate"}}, {"type": "Feature", "geometry": {"type": "LineString", "coordinates": [[-94.10022, 31.90938], [-93.9497, 31.73786]]}, "properties": {"operator": "Texas Eastern Trans Co", "pipe_type": "Interstate"}}, {"type": "Feature", "geometry": {"type": "LineString", "coordinates": [[-94.38453, 31.65141], [-94.38028, 31.65728], [-94.35446, 31.68016], [-94.10022, 31.90938]]}, "properties": {"operator": "Texas Eastern Trans Co", "pipe_type": "Interstate"}}, {"type": "Feature", "geometry": {"type": "LineString", "coordinates": [[-94.4937, 31.40736], [-94.39032, 31.63743], [-94.38697, 31.64541], [-94.38453, 31.65141]]}, "properties": {"operator": "Texas Eastern Trans Co", "pipe_type": "Interstate"}}, {"type": "Feature", "geometry": {"type": "LineString", "coordinates": [[-94.67776, 31.2233], [-94.4937, 31.40736]]}, "properties": {"operator": "Texas Eastern Trans Co", "pipe_type": "Interstate"}}, {"type": "Feature", "geometry": {"type": "LineString", "coordinates": [[-93.83834, 30.24435], [-93.83671, 30.33058]]}, "properties": {"operator": "Texas Eastern Trans Co", "pipe_type": "Interstate"}}, {"type": "Feature", "geometry": {"type": "LineString", "coordinates": [[-93.85139, 30.18701], [-93.83834, 30.24435]]}, "properties": {"operator": "Texas Eastern Trans Co", "pipe_type": "Interstate"}}, {"type": "Feature", "geometry": {"type": "LineString", "coordinates": [[-94.8311, 31.13421], [-94.67776, 31.2233]]}, "properties": {"operator": "Texas Eastern Trans Co", "pipe_type": "Interstate"}}, {"type": "Feature", "geometry": {"type": "LineString", "coordinates": [[-94.24064, 32.6375], [-94.19798, 32.59704]]}, "properties": {"operator": "Texas Eastern Trans Co", "pipe_type": "Interstate"}}, {"type": "Feature", "geometry": {"type": "LineString", "coordinates": [[-93.83671, 30.33058], [-93.83754, 30.33924], [-93.83168, 30.5047]]}, "properties": {"operator": "Texas Eastern Trans Co", "pipe_type": "Interstate"}}, {"type": "Feature", "geometry": {"type": "LineString", "coordinates": [[-94.77654, 32.49955], [-94.78398, 32.50211]]}, "properties": {"operator": "Texas Eastern Trans Co", "pipe_type": "Interstate"}}, {"type": "Feature", "geometry": {"type": "LineString", "coordinates": [[-94.77005, 32.50109], [-94.77654, 32.49955]]}, "properties": {"operator": "Texas Eastern Trans Co", "pipe_type": "Interstate"}}, {"type": "Feature", "geometry": {"type": "LineString", "coordinates": [[-94.76216, 32.50006], [-94.77005, 32.50109]]}, "properties": {"operator": "Texas Eastern Trans Co", "pipe_type": "Interstate"}}, {"type": "Feature", "geometry": {"type": "LineString", "coordinates": [[-94.7473, 32.51344], [-94.76216, 32.50006]]}, "properties": {"operator": "Texas Eastern Trans Co", "pipe_type": "Interstate"}}, {"type": "Feature", "geometry": {"type": "LineString", "coordinates": [[-94.7241, 32.50264], [-94.7473, 32.51344]]}, "properties": {"operator": "Texas Eastern Trans Co", "pipe_type": "Interstate"}}, {"type": "Feature", "geometry": {"type": "LineString", "coordinates": [[-94.72781, 32.49698], [-94.7241, 32.50264]]}, "properties": {"operator": "Texas Eastern Trans Co", "pipe_type": "Interstate"}}, {"type": "Feature", "geometry": {"type": "LineString", "coordinates": [[-94.72781, 32.49698], [-94.73246, 32.498]]}, "properties": {"operator": "Texas Eastern Trans Co", "pipe_type": "Interstate"}}, {"type": "Feature", "geometry": {"type": "LineString", "coordinates": [[-94.70227, 32.48976], [-94.72781, 32.49698]]}, "properties": {"operator": "Texas Eastern Trans Co", "pipe_type": "Interstate"}}, {"type": "Feature", "geometry": {"type": "LineString", "coordinates": [[-94.66981, 32.47845], [-94.70227, 32.48976]]}, "properties": {"operator": "Texas Eastern Trans Co", "pipe_type": "Interstate"}}, {"type": "Feature", "geometry": {"type": "LineString", "coordinates": [[-94.63914, 32.40842], [-94.57694, 32.40842]]}, "properties": {"operator": "Texas Eastern Trans Co", "pipe_type": "Interstate"}}, {"type": "Feature", "geometry": {"type": "LineString", "coordinates": [[-94.66981, 32.47845], [-94.4105, 32.704]]}, "properties": {"operator": "Texas Eastern Trans Co", "pipe_type": "Interstate"}}, {"type": "Feature", "geometry": {"type": "LineString", "coordinates": [[-94.68464, 32.46555], [-94.66981, 32.47845]]}, "properties": {"operator": "Texas Eastern Trans Co", "pipe_type": "Interstate"}}, {"type": "Feature", "geometry": {"type": "LineString", "coordinates": [[-94.70134, 32.46043], [-94.68464, 32.46555]]}, "properties": {"operator": "Texas Eastern Trans Co", "pipe_type": "Interstate"}}, {"type": "Feature", "geometry": {"type": "LineString", "coordinates": [[-94.71714, 32.45682], [-94.70134, 32.46043]]}, "properties": {"operator": "Texas Eastern Trans Co", "pipe_type": "Interstate"}}, {"type": "Feature", "geometry": {"type": "LineString", "coordinates": [[-94.71731, 32.4384], [-94.71714, 32.45682]]}, "properties": {"operator": "Texas Eastern Trans Co", "pipe_type": "Interstate"}}, {"type": "Feature", "geometry": {"type": "LineString", "coordinates": [[-94.71806, 32.42387], [-94.71731, 32.4384]]}, "properties": {"operator": "Texas Eastern Trans Co", "pipe_type": "Interstate"}}, {"type": "Feature", "geometry": {"type": "LineString", "coordinates": [[-94.70181, 32.42387], [-94.71806, 32.42387]]}, "properties": {"operator": "Texas Eastern Trans Co", "pipe_type": "Interstate"}}, {"type": "Feature", "geometry": {"type": "LineString", "coordinates": [[-93.83376, 30.50237], [-94.28564, 30.50042]]}, "properties": {"operator": "Texas Eastern Trans Co", "pipe_type": "Interstate"}}, {"type": "Feature", "geometry": {"type": "LineString", "coordinates": [[-94.16866, 32.23925], [-94.04211, 32.28698]]}, "properties": {"operator": "Texas Gas Transmission Co", "pipe_type": "Interstate"}}, {"type": "Feature", "geometry": {"type": "LineString", "coordinates": [[-94.39718, 32.07398], [-94.34726, 32.16947]]}, "properties": {"operator": "Texas Gas Transmission Co", "pipe_type": "Interstate"}}, {"type": "Feature", "geometry": {"type": "LineString", "coordinates": [[-94.34726, 32.16947], [-94.16866, 32.23925]]}, "properties": {"operator": "Texas Gas Transmission Co", "pipe_type": "Interstate"}}, {"type": "Feature", "geometry": {"type": "LineString", "coordinates": [[-93.69867, 30.4382], [-93.56637, 30.45877], [-93.55312, 30.46083], [-93.54313, 30.46238], [-93.529, 30.46458], [-93.47052, 30.47367], [-93.44539, 30.47757], [-93.39355, 30.48563], [-93.37701, 30.4882], [-93.32521, 30.49626], [-93.22837, 30.51131]]}, "properties": {"operator": "Trunkline Gas Co", "pipe_type": "Interstate"}}, {"type": "Feature", "geometry": {"type": "MultiLineString", "coordinates": [[[-97.45152, 28.42419], [-97.4402, 28.4395], [-97.4222, 28.46385], [-97.41325, 28.47594], [-97.40794, 28.48313], [-97.40479, 28.48739], [-97.36083, 28.54684], [-97.35846, 28.55004], [-97.29874, 28.62625], [-97.24055, 28.66894], [-97.1809, 28.71181], [-97.15079, 28.77233], [-97.1381, 28.79782], [-97.13001, 28.81408], [-97.12024, 28.8337], [-97.09804, 28.8783], [-96.97237, 28.95232], [-96.9272, 28.97915], [-96.91375, 28.98673], [-96.87877, 29.00644], [-96.87029, 29.01122], [-96.841, 29.02772], [-96.76464, 29.08542], [-96.73822, 29.10538], [-96.73564, 29.10733], [-96.64408, 29.17652], [-96.63158, 29.1861], [-96.62241, 29.19313], [-96.59778, 29.21201], [-96.59066, 29.21703], [-96.58014, 29.22446], [-96.54823, 29.24698], [-96.49463, 29.28482], [-96.47843, 29.29625], [-96.47011, 29.30155], [-96.46841, 29.30264], [-96.38801, 29.35385], [-96.36003, 29.37167], [-96.33506, 29.39364], [-96.31553, 29.41081], [-96.29047, 29.43285], [-96.27186, 29.44922], [-96.24126, 29.47614], [-96.19537, 29.50384], [-96.12202, 29.54813], [-96.09744, 29.56598], [-96.07859, 29.57967], [-96.05921, 29.59375], [-96.01918, 29.62283], [-95.89984, 29.73285], [-95.88141, 29.76545], [-95.86721, 29.79057], [-95.86401, 29.79623], [-95.86225, 29.79933], [-95.8361, 29.8456]], [[-95.75901, 29.92275], [-95.71639, 29.96594], [-95.69587, 29.99214], [-95.67877, 30.00694], [-95.66117, 30.01747], [-95.65229, 30.02605], [-95.64156, 30.03667], [-95.63924, 30.03898], [-95.60472, 30.06741], [-95.54598, 30.09113], [-95.53139, 30.09702], [-95.51368, 30.1005], [-95.48376, 30.10638], [-95.46266, 30.11053], [-95.45346, 30.11233], [-95.31687, 30.14367], [-95.27929, 30.15229], [-95.21713, 30.16656], [-95.19724, 30.17209], [-95.18327, 30.17598], [-95.12594, 30.19196], [-95.10899, 30.19667], [-94.91601, 30.25395], [-94.83807, 30.28695], [-94.80084, 30.2853], [-94.676, 30.32121], [-94.44421, 30.35559], [-94.3441, 30.36424], [-94.21406, 30.37548], [-94.13431, 30.38247], [-94.10128, 30.38525], [-94.09065, 30.38615], [-93.88821, 30.41671], [-93.76614, 30.42816], [-93.72537, 30.43199], [-93.69867, 30.4382]], [[-95.8361, 29.8456], [-95.82543, 29.85618], [-95.81381, 29.86772], [-95.7994, 29.88189], [-95.79609, 29.88514], [-95.79467, 29.88654], [-95.7821, 29.8989], [-95.78045, 29.9006], [-95.75901, 29.92275]]]}, "properties": {"operator": "Trunkline Gas Co", "pipe_type": "Interstate"}}, {"type": "Feature", "geometry": {"type": "LineString", "coordinates": [[-94.35428, 30.19931], [-94.3167, 30.20577], [-94.30431, 30.20781], [-94.29236, 30.21131], [-94.20694, 30.23863], [-94.16531, 30.25082], [-94.14929, 30.25543], [-94.09655, 30.27038]]}, "properties": {"operator": "Transcontinental Gas PL", "pipe_type": "Interstate"}}, {"type": "Feature", "geometry": {"type": "LineString", "coordinates": [[-94.09655, 30.27038], [-94.05086, 30.28183], [-94.03036, 30.28607]]}, "properties": {"operator": "Transcontinental Gas PL", "pipe_type": "Interstate"}}, {"type": "Feature", "geometry": {"type": "LineString", "coordinates": [[-94.03036, 30.28607], [-93.99021, 30.29438], [-93.97014, 30.29881], [-93.89712, 30.32023]]}, "properties": {"operator": "Transcontinental Gas PL", "pipe_type": "Interstate"}}, {"type": "Feature", "geometry": {"type": "LineString", "coordinates": [[-93.83754, 30.33924], [-93.79847, 30.3505], [-93.75853, 30.35444]]}, "properties": {"operator": "Transcontinental Gas PL", "pipe_type": "Interstate"}}, {"type": "Feature", "geometry": {"type": "LineString", "coordinates": [[-93.89818, 30.32004], [-93.83754, 30.33924]]}, "properties": {"operator": "Transcontinental Gas PL", "pipe_type": "Interstate"}}, {"type": "Feature", "geometry": {"type": "LineString", "coordinates": [[-94.7734, 32.2856], [-94.7766, 32.2822]]}, "properties": {"operator": "Transcontinental Gas PL", "pipe_type": "Interstate"}}, {"type": "Feature", "geometry": {"type": "LineString", "coordinates": [[-94.7766, 32.2822], [-94.7733, 32.265]]}, "properties": {"operator": "Transcontinental Gas PL", "pipe_type": "Interstate"}}, {"type": "Feature", "geometry": {"type": "LineString", "coordinates": [[-94.7733, 32.265], [-94.7593, 32.2627]]}, "properties": {"operator": "Transcontinental Gas PL", "pipe_type": "Interstate"}}, {"type": "Feature", "geometry": {"type": "LineString", "coordinates": [[-94.7593, 32.2627], [-94.7545, 32.2695]]}, "properties": {"operator": "Transcontinental Gas PL", "pipe_type": "Interstate"}}, {"type": "Feature", "geometry": {"type": "LineString", "coordinates": [[-94.7593, 32.2627], [-94.7663, 32.2501]]}, "properties": {"operator": "Transcontinental Gas PL", "pipe_type": "Interstate"}}, {"type": "Feature", "geometry": {"type": "LineString", "coordinates": [[-94.7663, 32.2501], [-94.7766, 32.2491]]}, "properties": {"operator": "Transcontinental Gas PL", "pipe_type": "Interstate"}}, {"type": "Feature", "geometry": {"type": "LineString", "coordinates": [[-94.7766, 32.2491], [-94.7802, 32.2457]]}, "properties": {"operator": "Transcontinental Gas PL", "pipe_type": "Interstate"}}, {"type": "Feature", "geometry": {"type": "LineString", "coordinates": [[-94.7663, 32.2501], [-94.7676, 32.2438]]}, "properties": {"operator": "Transcontinental Gas PL", "pipe_type": "Interstate"}}, {"type": "Feature", "geometry": {"type": "LineString", "coordinates": [[-94.7676, 32.2438], [-94.7651, 32.2347]]}, "properties": {"operator": "Transcontinental Gas PL", "pipe_type": "Interstate"}}, {"type": "Feature", "geometry": {"type": "LineString", "coordinates": [[-94.7651, 32.2347], [-94.7531, 32.2312]]}, "properties": {"operator": "Transcontinental Gas PL", "pipe_type": "Interstate"}}, {"type": "Feature", "geometry": {"type": "LineString", "coordinates": [[-93.97338, 30.24461], [-93.93664, 30.61888]]}, "properties": {"operator": "Kinder Morgan Texas Pipeline Co", "pipe_type": "Intrastate"}}, {"type": "Feature", "geometry": {"type": "LineString", "coordinates": [[-93.99168, 30.11648], [-93.97338, 30.24461]]}, "properties": {"operator": "Kinder Morgan Texas Pipeline Co", "pipe_type": "Intrastate"}}, {"type": "Feature", "geometry": {"type": "LineString", "coordinates": [[-95.24425, 31.78495], [-95.23933, 31.78001], [-95.23878, 31.77911], [-95.2355, 31.77507], [-95.23441, 31.77057]]}, "properties": {"operator": "Enbridge Pipelines (East Texas)", "pipe_type": "Intrastate"}}, {"type": "Feature", "geometry": {"type": "LineString", "coordinates": [[-95.15184, 31.92932], [-95.14583, 31.92664], [-95.14036, 31.92576], [-95.13653, 31.92442], [-95.13435, 31.92352], [-95.13216, 31.92128]]}, "properties": {"operator": "Enbridge Pipelines (East Texas)", "pipe_type": "Intrastate"}}, {"type": "Feature", "geometry": {"type": "LineString", "coordinates": [[-95.22293, 31.64454], [-95.21136, 31.64054]]}, "properties": {"operator": "Enbridge Pipelines (East Texas)", "pipe_type": "Intrastate"}}, {"type": "Feature", "geometry": {"type": "LineString", "coordinates": [[-95.20598, 31.63289], [-95.20863, 31.64368]]}, "properties": {"operator": "Enbridge Pipelines (East Texas)", "pipe_type": "Intrastate"}}, {"type": "Feature", "geometry": {"type": "LineString", "coordinates": [[-95.19777, 31.64417], [-95.20819, 31.64417]]}, "properties": {"operator": "Enbridge Pipelines (East Texas)", "pipe_type": "Intrastate"}}, {"type": "Feature", "geometry": {"type": "LineString", "coordinates": [[-95.19777, 31.69055], [-95.19231, 31.68966], [-95.18629, 31.68833], [-95.18082, 31.68745], [-95.17536, 31.68657], [-95.17317, 31.68567], [-95.16934, 31.68343], [-95.16661, 31.68074], [-95.16584, 31.67973], [-95.16387, 31.67715], [-95.16333, 31.6758], [-95.16114, 31.67085], [-95.16107, 31.67021], [-95.16059, 31.6659], [-95.16169, 31.66095], [-95.16223, 31.65599], [-95.16223, 31.65298], [-95.16223, 31.65104], [-95.16169, 31.64609], [-95.16392, 31.64204], [-95.16442, 31.64113], [-95.16497, 31.63617], [-95.16387, 31.63122], [-95.1633, 31.62865], [-95.16278, 31.62628], [-95.16114, 31.62133], [-95.1595, 31.61728]]}, "properties": {"operator": "Enbridge Pipelines (East Texas)", "pipe_type": "Intrastate"}}, {"type": "Feature", "geometry": {"type": "LineString", "coordinates": [[-95.14692, 31.62678], [-95.15294, 31.62676], [-95.1584, 31.62764], [-95.1633, 31.62865]]}, "properties": {"operator": "Enbridge Pipelines (East Texas)", "pipe_type": "Intrastate"}}, {"type": "Feature", "geometry": {"type": "LineString", "coordinates": [[-95.17876, 31.63927], [-95.17536, 31.6456]]}, "properties": {"operator": "Enbridge Pipelines (East Texas)", "pipe_type": "Intrastate"}}, {"type": "Feature", "geometry": {"type": "LineString", "coordinates": [[-95.17536, 31.6456], [-95.17208, 31.6375]]}, "properties": {"operator": "Enbridge Pipelines (East Texas)", "pipe_type": "Intrastate"}}, {"type": "Feature", "geometry": {"type": "LineString", "coordinates": [[-95.17372, 31.66091], [-95.17426, 31.65325], [-95.16223, 31.65298], [-95.15677, 31.65286]]}, "properties": {"operator": "Enbridge Pipelines (East Texas)", "pipe_type": "Intrastate"}}, {"type": "Feature", "geometry": {"type": "LineString", "coordinates": [[-95.1677, 31.66903], [-95.16223, 31.66995], [-95.16107, 31.67021], [-95.15622, 31.67132], [-95.15075, 31.67359], [-95.1502, 31.67404], [-95.14528, 31.67721], [-95.14255, 31.67902], [-95.13927, 31.68083], [-95.1338, 31.68355], [-95.1338, 31.684], [-95.12779, 31.68717], [-95.12614, 31.68898], [-95.12232, 31.69124], [-95.11906, 31.69355], [-95.11849, 31.69395], [-95.11685, 31.69486], [-95.11083, 31.69713], [-95.10591, 31.69894], [-95.10537, 31.6994], [-95.0999, 31.70392], [-95.09935, 31.70437], [-95.09607, 31.70888], [-95.09388, 31.70979], [-95.08842, 31.71251], [-95.0824, 31.71208], [-95.07693, 31.71164], [-95.07092, 31.70761], [-95.06928, 31.70401], [-95.06655, 31.69907]]}, "properties": {"operator": "Enbridge Pipelines (East Texas)", "pipe_type": "Intrastate"}}, {"type": "Feature", "geometry": {"type": "LineString", "coordinates": [[-95.06983, 31.71482], [-95.07092, 31.70761]]}, "properties": {"operator": "Enbridge Pipelines (East Texas)", "pipe_type": "Intrastate"}}, {"type": "Feature", "geometry": {"type": "LineString", "coordinates": [[-95.08787, 31.70711], [-95.09388, 31.70979]]}, "properties": {"operator": "Enbridge Pipelines (East Texas)", "pipe_type": "Intrastate"}}, {"type": "Feature", "geometry": {"type": "LineString", "coordinates": [[-95.12669, 31.69978], [-95.12341, 31.69484], [-95.12068, 31.69395], [-95.11906, 31.69355], [-95.11521, 31.69261], [-95.10974, 31.69173], [-95.10373, 31.6904], [-95.10373, 31.68995], [-95.09826, 31.68951], [-95.09552, 31.68502], [-95.09552, 31.68007], [-95.09662, 31.67511], [-95.09552, 31.67016], [-95.09552, 31.66926]]}, "properties": {"operator": "Enbridge Pipelines (East Texas)", "pipe_type": "Intrastate"}}, {"type": "Feature", "geometry": {"type": "LineString", "coordinates": [[-95.13271, 31.69346], [-95.12779, 31.68717]]}, "properties": {"operator": "Enbridge Pipelines (East Texas)", "pipe_type": "Intrastate"}}, {"type": "Feature", "geometry": {"type": "LineString", "coordinates": [[-95.12068, 31.72501], [-95.12999, 31.72859]]}, "properties": {"operator": "Enbridge Pipelines (East Texas)", "pipe_type": "Intrastate"}}, {"type": "Feature", "geometry": {"type": "LineString", "coordinates": [[-94.93813, 32.06806], [-94.93812, 32.06311], [-94.93811, 32.05816], [-94.93538, 32.05321], [-94.93368, 32.05013], [-94.93265, 32.04827], [-94.9321, 32.04782], [-94.92718, 32.04332], [-94.92664, 32.04332], [-94.92064, 32.04152], [-94.91721, 32.03905], [-94.91627, 32.03837], [-94.91518, 32.03792], [-94.90973, 32.03612], [-94.90373, 32.03522], [-94.89828, 32.03432], [-94.89609, 32.03342], [-94.89228, 32.03252], [-94.88683, 32.03162], [-94.88137, 32.02982], [-94.87755, 32.02847], [-94.87537, 32.02757], [-94.86991, 32.02487], [-94.86773, 32.02352], [-94.86446, 32.02262], [-94.85846, 32.02082], [-94.85519, 32.01857], [-94.853, 32.01677], [-94.847, 32.01497], [-94.84155, 32.01632], [-94.83611, 32.01767], [-94.83304, 32.01882], [-94.83011, 32.01992], [-94.82467, 32.02262], [-94.82412, 32.02352], [-94.81868, 32.02667], [-94.81705, 32.02847], [-94.81324, 32.03162], [-94.81215, 32.03342], [-94.80779, 32.03612], [-94.80398, 32.03837], [-94.80345, 32.04332], [-94.804, 32.04827], [-94.8051, 32.05097]]}, "properties": {"operator": "Enbridge Pipelines (East Texas)", "pipe_type": "Intrastate"}}, {"type": "Feature", "geometry": {"type": "LineString", "coordinates": [[-94.82409, 32.00733], [-94.82901, 32.01228], [-94.8301, 32.01362], [-94.83174, 32.01722], [-94.83304, 32.01882]]}, "properties": {"operator": "Enbridge Pipelines (East Texas)", "pipe_type": "Intrastate"}}, {"type": "Feature", "geometry": {"type": "LineString", "coordinates": [[-94.86439, 31.98438], [-94.8644, 31.98933], [-94.86386, 31.99428], [-94.86224, 31.99923], [-94.86006, 32.00418], [-94.85843, 32.00688], [-94.85789, 32.00913], [-94.85518, 32.01407], [-94.853, 32.01677]]}, "properties": {"operator": "Enbridge Pipelines (East Texas)", "pipe_type": "Intrastate"}}, {"type": "Feature", "geometry": {"type": "LineString", "coordinates": [[-94.94798, 32.0559], [-94.93811, 32.05816]]}, "properties": {"operator": "Enbridge Pipelines (East Texas)", "pipe_type": "Intrastate"}}, {"type": "Feature", "geometry": {"type": "LineString", "coordinates": [[-94.94957, 32.06176], [-94.94798, 32.0559], [-94.94627, 32.04962]]}, "properties": {"operator": "Enbridge Pipelines (East Texas)", "pipe_type": "Intrastate"}}, {"type": "Feature", "geometry": {"type": "LineString", "coordinates": [[-94.88101, 32.12507], [-94.87392, 32.1243], [-94.86847, 32.12565], [-94.8652, 32.12516], [-94.86247, 32.12475], [-94.85701, 32.12115], [-94.85592, 32.11935], [-94.85319, 32.1144], [-94.85155, 32.1126], [-94.84882, 32.10945], [-94.84555, 32.11215], [-94.84501, 32.1144], [-94.84175, 32.11935], [-94.84012, 32.1207], [-94.8374, 32.1243], [-94.83413, 32.1279], [-94.83195, 32.12925], [-94.82868, 32.12925], [-94.82323, 32.12925], [-94.81723, 32.127], [-94.81232, 32.1243], [-94.81178, 32.1243], [-94.80632, 32.11935], [-94.80577, 32.1189]]}, "properties": {"operator": "Enbridge Pipelines (East Texas)", "pipe_type": "Intrastate"}}, {"type": "Feature", "geometry": {"type": "LineString", "coordinates": [[-94.83194, 32.11935], [-94.84175, 32.11935]]}, "properties": {"operator": "Enbridge Pipelines (East Texas)", "pipe_type": "Intrastate"}}, {"type": "Feature", "geometry": {"type": "LineString", "coordinates": [[-94.83851, 32.13689], [-94.83413, 32.1279]]}, "properties": {"operator": "Enbridge Pipelines (East Texas)", "pipe_type": "Intrastate"}}, {"type": "Feature", "geometry": {"type": "LineString", "coordinates": [[-94.85212, 32.1288], [-94.85701, 32.12115]]}, "properties": {"operator": "Enbridge Pipelines (East Texas)", "pipe_type": "Intrastate"}}, {"type": "Feature", "geometry": {"type": "LineString", "coordinates": [[-94.86575, 32.1315], [-94.8652, 32.12516]]}, "properties": {"operator": "Enbridge Pipelines (East Texas)", "pipe_type": "Intrastate"}}, {"type": "Feature", "geometry": {"type": "LineString", "coordinates": [[-95.09826, 32.21163], [-95.09013, 32.21362], [-95.07967, 32.21618]]}, "properties": {"operator": "Enbridge Pipelines (East Texas)", "pipe_type": "Intrastate"}}, {"type": "Feature", "geometry": {"type": "LineString", "coordinates": [[-95.02499, 32.20551], [-95.01897, 32.20102], [-95.01897, 32.20057], [-95.01679, 32.19563], [-95.01679, 32.19253], [-95.01679, 32.19067], [-95.01679, 32.18572], [-95.01679, 32.18077], [-95.01405, 32.17582], [-95.01405, 32.17087], [-95.01405, 32.16592], [-95.01405, 32.16097], [-95.01351, 32.15827], [-95.01241, 32.15602], [-95.01077, 32.15422]]}, "properties": {"operator": "Enbridge Pipelines (East Texas)", "pipe_type": "Intrastate"}}, {"type": "Feature", "geometry": {"type": "LineString", "coordinates": [[-94.94899, 32.15258], [-94.94899, 32.15753], [-94.95008, 32.16248], [-94.95117, 32.16743], [-94.95172, 32.17238], [-94.95172, 32.17733], [-94.95172, 32.17868]]}, "properties": {"operator": "Enbridge Pipelines (East Texas)", "pipe_type": "Intrastate"}}, {"type": "Feature", "geometry": {"type": "LineString", "coordinates": [[-94.90743, 32.15178], [-94.90196, 32.1536], [-94.89595, 32.15361], [-94.89048, 32.15138], [-94.88447, 32.15004], [-94.879, 32.1478], [-94.87845, 32.1469], [-94.87013, 32.14487]]}, "properties": {"operator": "Enbridge Pipelines (East Texas)", "pipe_type": "Intrastate"}}, {"type": "Feature", "geometry": {"type": "LineString", "coordinates": [[-94.8954, 32.16802], [-94.89103, 32.16308], [-94.89103, 32.15813], [-94.89098, 32.15794], [-94.88993, 32.15318], [-94.89002, 32.15228], [-94.89048, 32.15138]]}, "properties": {"operator": "Enbridge Pipelines (East Texas)", "pipe_type": "Intrastate"}}, {"type": "Feature", "geometry": {"type": "LineString", "coordinates": [[-95.05178, 32.21084], [-95.05725, 32.20858], [-95.06272, 32.20721], [-95.0649, 32.20586], [-95.06873, 32.2045], [-95.0742, 32.20178], [-95.07529, 32.20088], [-95.07967, 32.19862], [-95.0804, 32.19772], [-95.08186, 32.19591], [-95.08404, 32.19095], [-95.08432, 32.19005]]}, "properties": {"operator": "Enbridge Pipelines (East Texas)", "pipe_type": "Intrastate"}}, {"type": "Feature", "geometry": {"type": "LineString", "coordinates": [[-95.09717, 32.19407], [-95.08896, 32.20084]]}, "properties": {"operator": "Enbridge Pipelines (East Texas)", "pipe_type": "Intrastate"}}, {"type": "Feature", "geometry": {"type": "LineString", "coordinates": [[-95.07639, 32.18827], [-95.0824, 32.19006], [-95.08432, 32.19005], [-95.08787, 32.19004], [-95.09334, 32.18958], [-95.09935, 32.18956], [-95.10418, 32.19035], [-95.10482, 32.19045], [-95.11083, 32.19178], [-95.1163, 32.19132], [-95.12177, 32.19176], [-95.12779, 32.19039], [-95.13325, 32.18993], [-95.13927, 32.18991], [-95.14474, 32.189], [-95.1502, 32.18853], [-95.15622, 32.18807]]}, "properties": {"operator": "Enbridge Pipelines (East Texas)", "pipe_type": "Intrastate"}}, {"type": "Feature", "geometry": {"type": "LineString", "coordinates": [[-95.13325, 32.17732], [-95.13325, 32.18993]]}, "properties": {"operator": "Enbridge Pipelines (East Texas)", "pipe_type": "Intrastate"}}, {"type": "Feature", "geometry": {"type": "LineString", "coordinates": [[-95.09826, 32.17921], [-95.10418, 32.19035], [-95.10591, 32.1936]]}, "properties": {"operator": "Enbridge Pipelines (East Texas)", "pipe_type": "Intrastate"}}, {"type": "Feature", "geometry": {"type": "LineString", "coordinates": [[-95.14146, 32.15298], [-95.14747, 32.15387], [-95.14911, 32.15792], [-95.1502, 32.16287], [-95.1513, 32.16782], [-95.15184, 32.17277], [-95.15184, 32.17772], [-95.15184, 32.18267], [-95.15294, 32.18447], [-95.15513, 32.18762], [-95.15622, 32.18807], [-95.1584, 32.18896], [-95.16442, 32.19165], [-95.16551, 32.19254], [-95.16989, 32.19433], [-95.17536, 32.19747], [-95.1759, 32.19792], [-95.18137, 32.20151], [-95.18192, 32.20241], [-95.18684, 32.2033], [-95.19285, 32.20328], [-95.19832, 32.20327], [-95.20434, 32.2028], [-95.2098, 32.20144], [-95.21527, 32.20142], [-95.22129, 32.20321], [-95.22675, 32.20364], [-95.23277, 32.20363], [-95.23824, 32.20361], [-95.2437, 32.20315], [-95.24972, 32.20314], [-95.25519, 32.20312], [-95.2612, 32.20265], [-95.26667, 32.20129], [-95.27214, 32.20218], [-95.27706, 32.20712], [-95.27815, 32.20801], [-95.28089, 32.21206], [-95.28362, 32.2134], [-95.28963, 32.21384], [-95.2951, 32.21382], [-95.30057, 32.21381], [-95.30658, 32.21425], [-95.31205, 32.21513], [-95.31807, 32.21512], [-95.32353, 32.2151], [-95.329, 32.21644], [-95.329, 32.21689], [-95.33502, 32.21822], [-95.34049, 32.21326], [-95.34103, 32.21191], [-95.34322, 32.20785]]}, "properties": {"operator": "Enbridge Pipelines (East Texas)", "pipe_type": "Intrastate"}}, {"type": "Feature", "geometry": {"type": "LineString", "coordinates": [[-95.34103, 32.22496], [-95.33502, 32.21822]]}, "properties": {"operator": "Enbridge Pipelines (East Texas)", "pipe_type": "Intrastate"}}, {"type": "Feature", "geometry": {"type": "LineString", "coordinates": [[-95.34049, 32.21326], [-95.34486, 32.21955], [-95.34522, 32.2228], [-95.34541, 32.2245], [-95.34595, 32.22945], [-95.34536, 32.23125], [-95.34431, 32.23441], [-95.34267, 32.23937], [-95.34158, 32.24432], [-95.34103, 32.24928], [-95.34267, 32.25422], [-95.34267, 32.25918], [-95.34103, 32.26143]]}, "properties": {"operator": "Enbridge Pipelines (East Texas)", "pipe_type": "Intrastate"}}, {"type": "Feature", "geometry": {"type": "LineString", "coordinates": [[-95.35689, 32.23032], [-95.34536, 32.23125]]}, "properties": {"operator": "Enbridge Pipelines (East Texas)", "pipe_type": "Intrastate"}}, {"type": "Feature", "geometry": {"type": "LineString", "coordinates": [[-95.35252, 32.22133], [-95.34522, 32.2228]]}, "properties": {"operator": "Enbridge Pipelines (East Texas)", "pipe_type": "Intrastate"}}, {"type": "Feature", "geometry": {"type": "LineString", "coordinates": [[-94.78888, 32.08492], [-94.78341, 32.08493], [-94.77794, 32.08945], [-94.77684, 32.08991], [-94.77465, 32.09081]]}, "properties": {"operator": "Enbridge Pipelines (East Texas)", "pipe_type": "Intrastate"}}, {"type": "Feature", "geometry": {"type": "LineString", "coordinates": [[-94.74073, 32.08507], [-94.74018, 32.08012], [-94.73525, 32.08013], [-94.72923, 32.07745], [-94.72869, 32.0752], [-94.72869, 32.07025], [-94.72814, 32.0653], [-94.72376, 32.06486], [-94.72048, 32.06442]]}, "properties": {"operator": "Enbridge Pipelines (East Texas)", "pipe_type": "Intrastate"}}, {"type": "Feature", "geometry": {"type": "LineString", "coordinates": [[-94.71774, 32.07344], [-94.72048, 32.06442]]}, "properties": {"operator": "Enbridge Pipelines (East Texas)", "pipe_type": "Intrastate"}}, {"type": "Feature", "geometry": {"type": "LineString", "coordinates": [[-94.72595, 32.06035], [-94.72043, 32.06083]]}, "properties": {"operator": "Enbridge Pipelines (East Texas)", "pipe_type": "Intrastate"}}, {"type": "Feature", "geometry": {"type": "LineString", "coordinates": [[-94.73197, 32.05268], [-94.7254, 32.05495], [-94.71993, 32.05587], [-94.71391, 32.05859], [-94.71118, 32.05995]]}, "properties": {"operator": "Enbridge Pipelines (East Texas)", "pipe_type": "Intrastate"}}, {"type": "Feature", "geometry": {"type": "LineString", "coordinates": [[-94.7172, 32.05093], [-94.71446, 32.04913]]}, "properties": {"operator": "Enbridge Pipelines (East Texas)", "pipe_type": "Intrastate"}}, {"type": "Feature", "geometry": {"type": "LineString", "coordinates": [[-94.72048, 32.06442], [-94.72048, 32.06127], [-94.72043, 32.06083], [-94.71993, 32.05632], [-94.71993, 32.05587]]}, "properties": {"operator": "Enbridge Pipelines (East Texas)", "pipe_type": "Intrastate"}}, {"type": "Feature", "geometry": {"type": "LineString", "coordinates": [[-94.70953, 32.13605], [-94.70406, 32.13561], [-94.69859, 32.13113], [-94.69968, 32.12617], [-94.70242, 32.12121], [-94.70297, 32.11626], [-94.70187, 32.11131], [-94.70078, 32.11086]]}, "properties": {"operator": "Enbridge Pipelines (East Texas)", "pipe_type": "Intrastate"}}, {"type": "Feature", "geometry": {"type": "LineString", "coordinates": [[-94.67834, 32.08392], [-94.67725, 32.07897], [-94.68381, 32.0758], [-94.68436, 32.07624]]}, "properties": {"operator": "Enbridge Pipelines (East Texas)", "pipe_type": "Intrastate"}}, {"type": "Feature", "geometry": {"type": "LineString", "coordinates": [[-94.86494, 32.16572], [-94.85487, 32.16467]]}, "properties": {"operator": "Enbridge Pipelines (East Texas)", "pipe_type": "Intrastate"}}, {"type": "Feature", "geometry": {"type": "LineString", "coordinates": [[-94.83266, 32.19373], [-94.82868, 32.18946]]}, "properties": {"operator": "Enbridge Pipelines (East Texas)", "pipe_type": "Intrastate"}}, {"type": "Feature", "geometry": {"type": "LineString", "coordinates": [[-94.8332, 32.25046], [-94.82773, 32.24688], [-94.82664, 32.24553], [-94.82171, 32.24329], [-94.82007, 32.2406], [-94.81624, 32.23566], [-94.81624, 32.23521], [-94.81296, 32.23072], [-94.81022, 32.22892], [-94.80749, 32.22578], [-94.80475, 32.22354], [-94.80311, 32.22084], [-94.80037, 32.2159], [-94.7998, 32.21484]]}, "properties": {"operator": "Enbridge Pipelines (East Texas)", "pipe_type": "Intrastate"}}, {"type": "Feature", "geometry": {"type": "LineString", "coordinates": [[-94.78943, 32.21503], [-94.79134, 32.21849]]}, "properties": {"operator": "Enbridge Pipelines (East Texas)", "pipe_type": "Intrastate"}}, {"type": "Feature", "geometry": {"type": "LineString", "coordinates": [[-94.76861, 32.22326], [-94.76644, 32.22816], [-94.76316, 32.23178], [-94.76261, 32.23313], [-94.75878, 32.23809], [-94.75714, 32.23945], [-94.75495, 32.24306], [-94.75349, 32.24637], [-94.75276, 32.24802], [-94.75167, 32.24982], [-94.75003, 32.25298], [-94.74675, 32.25794], [-94.74565, 32.25885], [-94.74401, 32.2629], [-94.74237, 32.26786], [-94.74073, 32.26967]]}, "properties": {"operator": "Enbridge Pipelines (East Texas)", "pipe_type": "Intrastate"}}, {"type": "Feature", "geometry": {"type": "LineString", "coordinates": [[-94.74401, 32.2629], [-94.75003, 32.26379], [-94.75605, 32.26467], [-94.76152, 32.2678], [-94.76152, 32.26825], [-94.76261, 32.2732], [-94.76316, 32.27815], [-94.76097, 32.28311], [-94.75824, 32.28492]]}, "properties": {"operator": "Enbridge Pipelines (East Texas)", "pipe_type": "Intrastate"}}, {"type": "Feature", "geometry": {"type": "LineString", "coordinates": [[-94.75605, 32.25836], [-94.75441, 32.25342], [-94.75401, 32.24982], [-94.75386, 32.24846], [-94.75349, 32.24637]]}, "properties": {"operator": "Enbridge Pipelines (East Texas)", "pipe_type": "Intrastate"}}, {"type": "Feature", "geometry": {"type": "LineString", "coordinates": [[-94.76535, 32.24483], [-94.75988, 32.24935], [-94.75933, 32.2498], [-94.75401, 32.24982]]}, "properties": {"operator": "Enbridge Pipelines (East Texas)", "pipe_type": "Intrastate"}}, {"type": "Feature", "geometry": {"type": "LineString", "coordinates": [[-94.69093, 32.24641], [-94.69213, 32.23705]]}, "properties": {"operator": "Enbridge Pipelines (East Texas)", "pipe_type": "Intrastate"}}, {"type": "Feature", "geometry": {"type": "LineString", "coordinates": [[-94.68739, 31.98539], [-94.6814, 31.98539], [-94.67595, 31.98719], [-94.66995, 31.98764], [-94.66722, 31.99034], [-94.66449, 31.99259], [-94.66122, 31.99529], [-94.65904, 31.99529], [-94.65304, 31.99709], [-94.64759, 31.99754], [-94.64159, 31.99709], [-94.63615, 31.99529], [-94.63614, 32.00024], [-94.6405, 32.0052], [-94.64159, 32.007], [-94.64431, 32.01015], [-94.64703, 32.0151], [-94.64757, 32.01555], [-94.65138, 32.02006], [-94.65302, 32.02141], [-94.6552, 32.02501], [-94.65629, 32.02681]]}, "properties": {"operator": "Enbridge Pipelines (East Texas)", "pipe_type": "Intrastate"}}, {"type": "Feature", "geometry": {"type": "LineString", "coordinates": [[-94.64985, 32.16035], [-94.66349, 32.16694]]}, "properties": {"operator": "Enbridge Pipelines (East Texas)", "pipe_type": "Intrastate"}}, {"type": "Feature", "geometry": {"type": "LineString", "coordinates": [[-94.61653, 32.11471], [-94.60973, 32.11748]]}, "properties": {"operator": "Enbridge Pipelines (East Texas)", "pipe_type": "Intrastate"}}, {"type": "Feature", "geometry": {"type": "LineString", "coordinates": [[-94.59531, 32.10436], [-94.60492, 32.10383]]}, "properties": {"operator": "Enbridge Pipelines (East Texas)", "pipe_type": "Intrastate"}}, {"type": "Feature", "geometry": {"type": "LineString", "coordinates": [[-94.59835, 32.09777], [-94.6046, 32.09635]]}, "properties": {"operator": "Enbridge Pipelines (East Texas)", "pipe_type": "Intrastate"}}, {"type": "Feature", "geometry": {"type": "LineString", "coordinates": [[-94.66699, 32.23527], [-94.67026, 32.23212]]}, "properties": {"operator": "Enbridge Pipelines (East Texas)", "pipe_type": "Intrastate"}}, {"type": "Feature", "geometry": {"type": "LineString", "coordinates": [[-94.66154, 32.23842], [-94.66231, 32.24097]]}, "properties": {"operator": "Enbridge Pipelines (East Texas)", "pipe_type": "Intrastate"}}, {"type": "Feature", "geometry": {"type": "LineString", "coordinates": [[-94.63435, 32.24043], [-94.63445, 32.24118], [-94.63492, 32.24458]]}, "properties": {"operator": "Enbridge Pipelines (East Texas)", "pipe_type": "Intrastate"}}, {"type": "Feature", "geometry": {"type": "LineString", "coordinates": [[-94.61026, 32.27245], [-94.60972, 32.26255]]}, "properties": {"operator": "Enbridge Pipelines (East Texas)", "pipe_type": "Intrastate"}}, {"type": "Feature", "geometry": {"type": "LineString", "coordinates": [[-94.61515, 32.2265], [-94.60972, 32.24139]]}, "properties": {"operator": "Enbridge Pipelines (East Texas)", "pipe_type": "Intrastate"}}, {"type": "Feature", "geometry": {"type": "LineString", "coordinates": [[-94.48991, 32.15465], [-94.4959, 32.15645], [-94.49645, 32.1596], [-94.49481, 32.16454], [-94.4899, 32.16679], [-94.48499, 32.16949], [-94.48445, 32.16949], [-94.47627, 32.17129]]}, "properties": {"operator": "Enbridge Pipelines (East Texas)", "pipe_type": "Intrastate"}}, {"type": "Feature", "geometry": {"type": "LineString", "coordinates": [[-94.4817, 32.18927], [-94.47953, 32.18432], [-94.48008, 32.17938], [-94.48117, 32.17443], [-94.47627, 32.17129], [-94.47082, 32.17353], [-94.46482, 32.17668], [-94.46045, 32.17938], [-94.45936, 32.17983], [-94.45336, 32.18297], [-94.45173, 32.18432], [-94.44791, 32.18567], [-94.44246, 32.18837], [-94.44136, 32.18927], [-94.43646, 32.19107], [-94.4313, 32.19312], [-94.42969, 32.19425]]}, "properties": {"operator": "Enbridge Pipelines (East Texas)", "pipe_type": "Intrastate"}}, {"type": "Feature", "geometry": {"type": "LineString", "coordinates": [[-94.37216, 32.16589], [-94.37543, 32.1623], [-94.38001, 32.15854]]}, "properties": {"operator": "Enbridge Pipelines (East Texas)", "pipe_type": "Intrastate"}}, {"type": "Feature", "geometry": {"type": "LineString", "coordinates": [[-94.26705, 32.06654], [-94.26596, 32.07149], [-94.26268, 32.07643], [-94.26322, 32.08138], [-94.26376, 32.08632], [-94.2643, 32.09127], [-94.26375, 32.09621], [-94.26211, 32.10116], [-94.26232, 32.10211], [-94.2632, 32.1061], [-94.2632, 32.10745]]}, "properties": {"operator": "Enbridge Pipelines (East Texas)", "pipe_type": "Intrastate"}}, {"type": "Feature", "geometry": {"type": "LineString", "coordinates": [[-94.18659, 32.03373], [-94.18114, 32.03462], [-94.17514, 32.03822], [-94.17514, 32.03867], [-94.17295, 32.04362], [-94.16968, 32.04766], [-94.16641, 32.04854]]}, "properties": {"operator": "Enbridge Pipelines (East Texas)", "pipe_type": "Intrastate"}}, {"type": "Feature", "geometry": {"type": "LineString", "coordinates": [[-94.15967, 32.058], [-94.15422, 32.0589], [-94.15041, 32.0589]]}, "properties": {"operator": "Enbridge Pipelines (East Texas)", "pipe_type": "Intrastate"}}, {"type": "Feature", "geometry": {"type": "LineString", "coordinates": [[-94.16298, 32.02024], [-94.15971, 32.0153], [-94.15699, 32.01485], [-94.15154, 32.0144], [-94.14554, 32.01395], [-94.14282, 32.0153]]}, "properties": {"operator": "Enbridge Pipelines (East Texas)", "pipe_type": "Intrastate"}}, {"type": "Feature", "geometry": {"type": "LineString", "coordinates": [[-94.12865, 32.01035], [-94.13044, 32.02263]]}, "properties": {"operator": "Enbridge Pipelines (East Texas)", "pipe_type": "Intrastate"}}, {"type": "Feature", "geometry": {"type": "LineString", "coordinates": [[-94.10358, 31.99956], [-94.10467, 32.00451], [-94.1014, 32.00945], [-94.09828, 32.01156]]}, "properties": {"operator": "Enbridge Pipelines (East Texas)", "pipe_type": "Intrastate"}}, {"type": "Feature", "geometry": {"type": "LineString", "coordinates": [[-94.51028, 32.26455], [-94.51627, 32.26815], [-94.51924, 32.26929]]}, "properties": {"operator": "Enbridge Pipelines (East Texas)", "pipe_type": "Intrastate"}}, {"type": "Feature", "geometry": {"type": "LineString", "coordinates": [[-94.12797, 32.07375], [-94.13123, 32.07869], [-94.13394, 32.08184], [-94.13503, 32.08364], [-94.13829, 32.08859], [-94.13938, 32.08949], [-94.14209, 32.09353], [-94.14427, 32.09848], [-94.14481, 32.09983], [-94.14644, 32.10343], [-94.15024, 32.10838], [-94.15079, 32.10883], [-94.15241, 32.11332], [-94.15186, 32.11827], [-94.15131, 32.12322], [-94.15185, 32.12817], [-94.1515, 32.13136], [-94.1513, 32.13312], [-94.1513, 32.13807], [-94.15075, 32.14302], [-94.15183, 32.14797], [-94.15455, 32.15292], [-94.15618, 32.15382], [-94.15835, 32.15786], [-94.15835, 32.15832], [-94.15835, 32.16281], [-94.15725, 32.16776], [-94.15453, 32.17272], [-94.15125, 32.17767], [-94.151, 32.17829], [-94.15071, 32.17902], [-94.14962, 32.18262], [-94.14635, 32.18757], [-94.14471, 32.18982], [-94.14416, 32.19253], [-94.14416, 32.19747], [-94.14579, 32.20242], [-94.14687, 32.20512]]}, "properties": {"operator": "Enbridge Pipelines (East Texas)", "pipe_type": "Intrastate"}}, {"type": "Feature", "geometry": {"type": "LineString", "coordinates": [[-94.15625, 32.09352], [-94.14644, 32.10343]]}, "properties": {"operator": "Enbridge Pipelines (East Texas)", "pipe_type": "Intrastate"}}, {"type": "Feature", "geometry": {"type": "LineString", "coordinates": [[-94.19264, 32.16144], [-94.18665, 32.16054], [-94.18122, 32.15695], [-94.18067, 32.1565], [-94.17523, 32.15425], [-94.16979, 32.15246], [-94.16434, 32.15561], [-94.15835, 32.15832], [-94.15291, 32.15832], [-94.14692, 32.15652], [-94.14257, 32.15563]]}, "properties": {"operator": "Enbridge Pipelines (East Texas)", "pipe_type": "Intrastate"}}, {"type": "Feature", "geometry": {"type": "LineString", "coordinates": [[-94.16868, 32.16641], [-94.15835, 32.16281]]}, "properties": {"operator": "Enbridge Pipelines (East Texas)", "pipe_type": "Intrastate"}}, {"type": "Feature", "geometry": {"type": "LineString", "coordinates": [[-94.09136, 32.19347], [-94.09681, 32.19256], [-94.09953, 32.18851], [-94.1028, 32.18401], [-94.1028, 32.18356], [-94.10607, 32.17861], [-94.10825, 32.17635], [-94.11043, 32.17365], [-94.11353, 32.17255], [-94.11425, 32.1723], [-94.11969, 32.17229], [-94.12513, 32.17229], [-94.13112, 32.17363], [-94.13656, 32.17588], [-94.14255, 32.17723], [-94.14799, 32.17767], [-94.151, 32.17829], [-94.15234, 32.17857], [-94.15343, 32.17902], [-94.15942, 32.17901], [-94.16486, 32.17991], [-94.17085, 32.18035], [-94.17629, 32.1808], [-94.18173, 32.1817], [-94.18772, 32.18259], [-94.18881, 32.18349], [-94.18336, 32.18844], [-94.18173, 32.18889], [-94.17954, 32.1934], [-94.18008, 32.19835], [-94.18389, 32.20329], [-94.18225, 32.20824], [-94.17626, 32.2087], [-94.17082, 32.21095], [-94.16483, 32.21231], [-94.16102, 32.21321], [-94.15938, 32.21366], [-94.15883, 32.21816], [-94.16373, 32.22311], [-94.16155, 32.22806], [-94.15664, 32.23212]]}, "properties": {"operator": "Enbridge Pipelines (East Texas)", "pipe_type": "Intrastate"}}, {"type": "Feature", "geometry": {"type": "LineString", "coordinates": [[-94.17244, 32.22445], [-94.16373, 32.22311]]}, "properties": {"operator": "Enbridge Pipelines (East Texas)", "pipe_type": "Intrastate"}}, {"type": "Feature", "geometry": {"type": "LineString", "coordinates": [[-94.18314, 32.17732], [-94.18173, 32.1817]]}, "properties": {"operator": "Enbridge Pipelines (East Texas)", "pipe_type": "Intrastate"}}, {"type": "Feature", "geometry": {"type": "LineString", "coordinates": [[-94.12675, 32.18624], [-94.13546, 32.18353], [-94.13928, 32.17858], [-94.14037, 32.17678]]}, "properties": {"operator": "Enbridge Pipelines (East Texas)", "pipe_type": "Intrastate"}}, {"type": "Feature", "geometry": {"type": "LineString", "coordinates": [[-94.12135, 32.14934], [-94.1159, 32.14935], [-94.10773, 32.1507]]}, "properties": {"operator": "Enbridge Pipelines (East Texas)", "pipe_type": "Intrastate"}}, {"type": "Feature", "geometry": {"type": "LineString", "coordinates": [[-94.10551, 32.2029], [-94.10768, 32.20785], [-94.10836, 32.20842], [-94.11094, 32.21055], [-94.1153, 32.2128], [-94.11693, 32.21325], [-94.12237, 32.21594], [-94.12835, 32.21684], [-94.12944, 32.21774], [-94.13379, 32.21908], [-94.13924, 32.22178], [-94.14087, 32.22268], [-94.14522, 32.22402], [-94.14685, 32.22492]]}, "properties": {"operator": "Enbridge Pipelines (East Texas)", "pipe_type": "Intrastate"}}, {"type": "Feature", "geometry": {"type": "LineString", "coordinates": [[-94.12072, 32.22899], [-94.12944, 32.21774]]}, "properties": {"operator": "Enbridge Pipelines (East Texas)", "pipe_type": "Intrastate"}}, {"type": "Feature", "geometry": {"type": "LineString", "coordinates": [[-94.48351, 32.28986], [-94.49015, 32.28564], [-94.49059, 32.28536]]}, "properties": {"operator": "Enbridge Pipelines (East Texas)", "pipe_type": "Intrastate"}}, {"type": "Feature", "geometry": {"type": "LineString", "coordinates": [[-94.54061, 32.3353], [-94.53451, 32.32181], [-94.53247, 32.3173]]}, "properties": {"operator": "Enbridge Pipelines (East Texas)", "pipe_type": "Intrastate"}}, {"type": "Feature", "geometry": {"type": "LineString", "coordinates": [[-94.52428, 32.33575], [-94.52916, 32.32882], [-94.5341, 32.3218]]}, "properties": {"operator": "Enbridge Pipelines (East Texas)", "pipe_type": "Intrastate"}}, {"type": "Feature", "geometry": {"type": "LineString", "coordinates": [[-94.64783, 32.36542], [-94.6467, 32.36059]]}, "properties": {"operator": "Enbridge Pipelines (East Texas)", "pipe_type": "Intrastate"}}, {"type": "Feature", "geometry": {"type": "LineString", "coordinates": [[-94.66144, 32.36091], [-94.65747, 32.3562]]}, "properties": {"operator": "Enbridge Pipelines (East Texas)", "pipe_type": "Intrastate"}}, {"type": "Feature", "geometry": {"type": "LineString", "coordinates": [[-94.67616, 32.3492], [-94.67248, 32.34499], [-94.66909, 32.34111]]}, "properties": {"operator": "Enbridge Pipelines (East Texas)", "pipe_type": "Intrastate"}}, {"type": "Feature", "geometry": {"type": "LineString", "coordinates": [[-94.69741, 32.33119], [-94.69197, 32.33345], [-94.68598, 32.3321], [-94.68108, 32.33048], [-94.67509, 32.3303], [-94.67074, 32.33075]]}, "properties": {"operator": "Enbridge Pipelines (East Texas)", "pipe_type": "Intrastate"}}, {"type": "Feature", "geometry": {"type": "LineString", "coordinates": [[-94.70886, 32.31634], [-94.70288, 32.31409], [-94.69914, 32.3144], [-94.69743, 32.31454], [-94.69199, 32.31499], [-94.69006, 32.31499], [-94.686, 32.31499], [-94.6811, 32.3159]]}, "properties": {"operator": "Enbridge Pipelines (East Texas)", "pipe_type": "Intrastate"}}, {"type": "Feature", "geometry": {"type": "LineString", "coordinates": [[-94.69905, 32.32444], [-94.69361, 32.32084], [-94.69253, 32.31949], [-94.69006, 32.31499], [-94.68981, 32.31454], [-94.68818, 32.31049]]}, "properties": {"operator": "Enbridge Pipelines (East Texas)", "pipe_type": "Intrastate"}}, {"type": "Feature", "geometry": {"type": "LineString", "coordinates": [[-94.69636, 32.30104], [-94.69635, 32.30599], [-94.69798, 32.31094], [-94.69882, 32.31339], [-94.69914, 32.3144]]}, "properties": {"operator": "Enbridge Pipelines (East Texas)", "pipe_type": "Intrastate"}}, {"type": "Feature", "geometry": {"type": "LineString", "coordinates": [[-94.70724, 32.30554], [-94.70288, 32.31049], [-94.70179, 32.31094], [-94.69967, 32.31369], [-94.69914, 32.3144]]}, "properties": {"operator": "Enbridge Pipelines (East Texas)", "pipe_type": "Intrastate"}}, {"type": "Feature", "geometry": {"type": "LineString", "coordinates": [[-94.66321, 32.25019], [-94.66484, 32.25514], [-94.66483, 32.26009], [-94.66333, 32.26507], [-94.6632, 32.26549], [-94.66101, 32.26999], [-94.66004, 32.2722], [-94.65883, 32.27495], [-94.65774, 32.27675], [-94.6566, 32.27807], [-94.65501, 32.2799], [-94.65174, 32.2817], [-94.65002, 32.28281], [-94.64684, 32.28485], [-94.6463, 32.28485], [-94.64085, 32.2871], [-94.63704, 32.28846]]}, "properties": {"operator": "Enbridge Pipelines (East Texas)", "pipe_type": "Intrastate"}}, {"type": "Feature", "geometry": {"type": "LineString", "coordinates": [[-94.64738, 32.2925], [-94.64684, 32.28485]]}, "properties": {"operator": "Enbridge Pipelines (East Texas)", "pipe_type": "Intrastate"}}, {"type": "Feature", "geometry": {"type": "LineString", "coordinates": [[-94.661, 32.2808], [-94.6566, 32.27807]]}, "properties": {"operator": "Enbridge Pipelines (East Texas)", "pipe_type": "Intrastate"}}, {"type": "Feature", "geometry": {"type": "LineString", "coordinates": [[-94.66863, 32.27494], [-94.66004, 32.2722], [-94.64924, 32.26875], [-94.64468, 32.2673]]}, "properties": {"operator": "Enbridge Pipelines (East Texas)", "pipe_type": "Intrastate"}}, {"type": "Feature", "geometry": {"type": "LineString", "coordinates": [[-94.64759, 32.27105], [-94.64924, 32.26875]]}, "properties": {"operator": "Enbridge Pipelines (East Texas)", "pipe_type": "Intrastate"}}, {"type": "Feature", "geometry": {"type": "LineString", "coordinates": [[-94.67463, 32.26684], [-94.66918, 32.26594], [-94.6632, 32.26549], [-94.66305, 32.26536], [-94.65939, 32.26189], [-94.65776, 32.26099], [-94.65721, 32.26054]]}, "properties": {"operator": "Enbridge Pipelines (East Texas)", "pipe_type": "Intrastate"}}, {"type": "Feature", "geometry": {"type": "LineString", "coordinates": [[-94.66985, 32.26886], [-94.66918, 32.26594]]}, "properties": {"operator": "Enbridge Pipelines (East Texas)", "pipe_type": "Intrastate"}}, {"type": "Feature", "geometry": {"type": "LineString", "coordinates": [[-94.57913, 32.37295], [-94.58303, 32.36994]]}, "properties": {"operator": "Enbridge Pipelines (East Texas)", "pipe_type": "Intrastate"}}, {"type": "Feature", "geometry": {"type": "LineString", "coordinates": [[-94.62776, 32.37304], [-94.62276, 32.38028]]}, "properties": {"operator": "Enbridge Pipelines (East Texas)", "pipe_type": "Intrastate"}}, {"type": "Feature", "geometry": {"type": "LineString", "coordinates": [[-94.2383, 32.35378], [-94.24375, 32.35828], [-94.24484, 32.35873], [-94.24975, 32.35873], [-94.2552, 32.35827], [-94.25984, 32.35621]]}, "properties": {"operator": "Enbridge Pipelines (East Texas)", "pipe_type": "Intrastate"}}, {"type": "Feature", "geometry": {"type": "LineString", "coordinates": [[-94.28547, 32.37061], [-94.28001, 32.37331], [-94.27565, 32.37557], [-94.27401, 32.37557], [-94.26965, 32.37196]]}, "properties": {"operator": "Enbridge Pipelines (East Texas)", "pipe_type": "Intrastate"}}, {"type": "Feature", "geometry": {"type": "LineString", "coordinates": [[-94.27401, 32.37557], [-94.27004, 32.38142], [-94.26786, 32.38233], [-94.26186, 32.38323], [-94.26107, 32.38323], [-94.26013, 32.38323]]}, "properties": {"operator": "Enbridge Pipelines (East Texas)", "pipe_type": "Intrastate"}}, {"type": "Feature", "geometry": {"type": "LineString", "coordinates": [[-94.2451, 32.399], [-94.25109, 32.40125], [-94.25655, 32.40215], [-94.25996, 32.40204]]}, "properties": {"operator": "Enbridge Pipelines (East Texas)", "pipe_type": "Intrastate"}}, {"type": "Feature", "geometry": {"type": "LineString", "coordinates": [[-94.37544, 32.42011], [-94.36998, 32.42371], [-94.36399, 32.42372], [-94.35853, 32.42462], [-94.35853, 32.42507], [-94.3558, 32.43003], [-94.35362, 32.43453]]}, "properties": {"operator": "Enbridge Pipelines (East Texas)", "pipe_type": "Intrastate"}}, {"type": "Feature", "geometry": {"type": "LineString", "coordinates": [[-94.42397, 32.45072], [-94.4136, 32.45342]]}, "properties": {"operator": "Enbridge Pipelines (East Texas)", "pipe_type": "Intrastate"}}, {"type": "Feature", "geometry": {"type": "LineString", "coordinates": [[-94.34269, 32.47688], [-94.33669, 32.47823], [-94.33123, 32.48049], [-94.32687, 32.48184], [-94.32578, 32.48319], [-94.32032, 32.48364], [-94.31432, 32.4832], [-94.30887, 32.4823], [-94.30287, 32.4805], [-94.29742, 32.47915], [-94.29197, 32.4787], [-94.28596, 32.4787], [-94.28051, 32.47871], [-94.27451, 32.47871], [-94.26906, 32.47871], [-94.26688, 32.47826], [-94.2636, 32.47691], [-94.26142, 32.47675], [-94.25761, 32.47647], [-94.25215, 32.47647], [-94.24615, 32.47737], [-94.24357, 32.4778], [-94.2407, 32.47828], [-94.23524, 32.47603], [-94.22979, 32.47333], [-94.22925, 32.47333], [-94.22379, 32.47153], [-94.21779, 32.47108], [-94.21234, 32.47108], [-94.20688, 32.47244], [-94.20088, 32.47469], [-94.19761, 32.4783], [-94.19543, 32.4819], [-94.19488, 32.48325], [-94.19161, 32.48821], [-94.18942, 32.49046], [-94.18779, 32.49317], [-94.18397, 32.49767], [-94.18397, 32.49812], [-94.18233, 32.50308], [-94.18171, 32.50494], [-94.18069, 32.50803], [-94.17959, 32.51299], [-94.18014, 32.51794], [-94.18068, 32.52289], [-94.18068, 32.52785], [-94.18122, 32.5328], [-94.18231, 32.53776], [-94.18176, 32.54271], [-94.18067, 32.54767], [-94.18067, 32.55262], [-94.17848, 32.55668], [-94.17794, 32.55758], [-94.17769, 32.55802], [-94.17521, 32.56253], [-94.17248, 32.56479], [-94.17193, 32.56749], [-94.17029, 32.57245], [-94.17084, 32.5774], [-94.17847, 32.581], [-94.17902, 32.58235], [-94.18283, 32.5873], [-94.18392, 32.59226], [-94.1801, 32.59722], [-94.17573, 32.60217], [-94.17246, 32.60398], [-94.17137, 32.60443]]}, "properties": {"operator": "Enbridge Pipelines (East Texas)", "pipe_type": "Intrastate"}}, {"type": "Feature", "geometry": {"type": "LineString", "coordinates": [[-94.12449, 32.55085], [-94.11904, 32.54905], [-94.11359, 32.5468], [-94.10868, 32.5468]]}, "properties": {"operator": "Enbridge Pipelines (East Texas)", "pipe_type": "Intrastate"}}, {"type": "Feature", "geometry": {"type": "LineString", "coordinates": [[-94.21448, 32.55171], [-94.20903, 32.55351], [-94.20303, 32.55487], [-94.19757, 32.55487], [-94.19212, 32.55532], [-94.18666, 32.55667], [-94.18612, 32.55668], [-94.18066, 32.55713], [-94.17769, 32.55802], [-94.17466, 32.55893], [-94.16921, 32.55939], [-94.16376, 32.55984], [-94.16103, 32.55984]]}, "properties": {"operator": "Enbridge Pipelines (East Texas)", "pipe_type": "Intrastate"}}, {"type": "Feature", "geometry": {"type": "LineString", "coordinates": [[-94.2063, 32.54811], [-94.20903, 32.55351]]}, "properties": {"operator": "Enbridge Pipelines (East Texas)", "pipe_type": "Intrastate"}}, {"type": "Feature", "geometry": {"type": "LineString", "coordinates": [[-94.20084, 32.56342], [-94.20303, 32.55487]]}, "properties": {"operator": "Enbridge Pipelines (East Texas)", "pipe_type": "Intrastate"}}, {"type": "Feature", "geometry": {"type": "LineString", "coordinates": [[-94.19103, 32.54586], [-94.18176, 32.54271]]}, "properties": {"operator": "Enbridge Pipelines (East Texas)", "pipe_type": "Intrastate"}}, {"type": "Feature", "geometry": {"type": "LineString", "coordinates": [[-94.20687, 32.50577], [-94.20632, 32.51207], [-94.20632, 32.51703], [-94.20359, 32.52198], [-94.20141, 32.52424]]}, "properties": {"operator": "Enbridge Pipelines (East Texas)", "pipe_type": "Intrastate"}}, {"type": "Feature", "geometry": {"type": "LineString", "coordinates": [[-94.20088, 32.47469], [-94.19761, 32.46839], [-94.19489, 32.46704], [-94.18943, 32.46434], [-94.1878, 32.46344], [-94.18426, 32.46135], [-94.18398, 32.46119], [-94.18071, 32.45849], [-94.17798, 32.45624], [-94.17526, 32.45354], [-94.17472, 32.44858], [-94.18126, 32.44362], [-94.18399, 32.44362], [-94.18944, 32.44362], [-94.1949, 32.44452], [-94.19871, 32.44857], [-94.1998, 32.45262]]}, "properties": {"operator": "Enbridge Pipelines (East Texas)", "pipe_type": "Intrastate"}}, {"type": "Feature", "geometry": {"type": "LineString", "coordinates": [[-94.19108, 32.43461], [-94.19326, 32.43956]]}, "properties": {"operator": "Enbridge Pipelines (East Texas)", "pipe_type": "Intrastate"}}, {"type": "Feature", "geometry": {"type": "LineString", "coordinates": [[-94.15345, 32.44769], [-94.15944, 32.44994], [-94.1649, 32.45084], [-94.1709, 32.45174], [-94.17526, 32.45354]]}, "properties": {"operator": "Enbridge Pipelines (East Texas)", "pipe_type": "Intrastate"}}, {"type": "Feature", "geometry": {"type": "LineString", "coordinates": [[-94.18889, 32.45668], [-94.18426, 32.46135], [-94.18398, 32.46164], [-94.18344, 32.46209], [-94.17744, 32.46344], [-94.17471, 32.46254]]}, "properties": {"operator": "Enbridge Pipelines (East Texas)", "pipe_type": "Intrastate"}}, {"type": "Feature", "geometry": {"type": "LineString", "coordinates": [[-94.33179, 32.46292], [-94.32797, 32.46787], [-94.32687, 32.47283], [-94.32578, 32.47643], [-94.32578, 32.47779], [-94.32578, 32.48319]]}, "properties": {"operator": "Enbridge Pipelines (East Texas)", "pipe_type": "Intrastate"}}, {"type": "Feature", "geometry": {"type": "LineString", "coordinates": [[-94.29097, 31.70545], [-94.28552, 31.70545], [-94.27952, 31.705], [-94.27407, 31.7041], [-94.26861, 31.70095], [-94.26807, 31.7005], [-94.26261, 31.69915], [-94.25716, 31.69735], [-94.25116, 31.696], [-94.25116, 31.69555], [-94.24571, 31.6942], [-94.24025, 31.69375], [-94.23426, 31.69375], [-94.22881, 31.69375], [-94.22281, 31.6942], [-94.21737, 31.69645], [-94.21191, 31.69735], [-94.20592, 31.70005], [-94.20592, 31.7005], [-94.20048, 31.7041], [-94.19885, 31.70545], [-94.19613, 31.70635]]}, "properties": {"operator": "Enbridge Pipelines (East Texas)", "pipe_type": "Intrastate"}}, {"type": "Feature", "geometry": {"type": "LineString", "coordinates": [[-94.21466, 31.70905], [-94.20592, 31.7005]]}, "properties": {"operator": "Enbridge Pipelines (East Texas)", "pipe_type": "Intrastate"}}, {"type": "Feature", "geometry": {"type": "LineString", "coordinates": [[-94.22388, 31.68295], [-94.21408, 31.6888], [-94.21737, 31.69645]]}, "properties": {"operator": "Enbridge Pipelines (East Texas)", "pipe_type": "Intrastate"}}, {"type": "Feature", "geometry": {"type": "LineString", "coordinates": [[-94.72732, 32.42348], [-94.73052, 32.4226], [-94.73223, 32.42213]]}, "properties": {"operator": "Enbridge Pipelines (East Texas)", "pipe_type": "Intrastate"}}, {"type": "Feature", "geometry": {"type": "LineString", "coordinates": [[-94.7606, 32.41043], [-94.76006, 32.40548], [-94.7666, 32.40728], [-94.76714, 32.41043], [-94.76713, 32.41538], [-94.76767, 32.42033], [-94.76875, 32.42527], [-94.76896, 32.42626], [-94.76983, 32.43022], [-94.77103, 32.43171], [-94.772, 32.43292], [-94.77389, 32.43355], [-94.77745, 32.43472], [-94.77745, 32.43517], [-94.78345, 32.43607], [-94.78889, 32.43652], [-94.79053, 32.43664], [-94.79489, 32.43697], [-94.79653, 32.43652]]}, "properties": {"operator": "Enbridge Pipelines (East Texas)", "pipe_type": "Intrastate"}}, {"type": "Feature", "geometry": {"type": "LineString", "coordinates": [[-94.77975, 32.37174], [-94.77703, 32.36769]]}, "properties": {"operator": "Enbridge Pipelines (East Texas)", "pipe_type": "Intrastate"}}, {"type": "Feature", "geometry": {"type": "LineString", "coordinates": [[-94.79287, 32.35374], [-94.78741, 32.35779], [-94.78632, 32.35869], [-94.78141, 32.36094], [-94.77703, 32.36769]]}, "properties": {"operator": "Enbridge Pipelines (East Texas)", "pipe_type": "Intrastate"}}, {"type": "Feature", "geometry": {"type": "LineString", "coordinates": [[-94.7765, 32.35959], [-94.77161, 32.35464], [-94.77106, 32.35464], [-94.76889, 32.34969], [-94.76726, 32.34474], [-94.76509, 32.34069], [-94.76455, 32.3398], [-94.75965, 32.33665], [-94.7591, 32.33665]]}, "properties": {"operator": "Enbridge Pipelines (East Texas)", "pipe_type": "Intrastate"}}, {"type": "Feature", "geometry": {"type": "LineString", "coordinates": [[-94.80533, 32.39288], [-94.8135, 32.39783], [-94.81895, 32.39828], [-94.82494, 32.39828], [-94.83039, 32.39873], [-94.83639, 32.39783], [-94.84184, 32.39648], [-94.8473, 32.39603], [-94.85329, 32.39648], [-94.85874, 32.39963], [-94.85983, 32.40008], [-94.86473, 32.40233], [-94.86799, 32.40503], [-94.87017, 32.40593], [-94.87452, 32.40998], [-94.87561, 32.41088], [-94.8816, 32.41403], [-94.88215, 32.41493], [-94.88705, 32.41673], [-94.89305, 32.41673], [-94.89304, 32.41988], [-94.89304, 32.42009], [-94.89303, 32.42483], [-94.89302, 32.42977], [-94.89302, 32.43121], [-94.89301, 32.43472], [-94.893, 32.43967], [-94.89299, 32.44462], [-94.89298, 32.44957], [-94.8897, 32.45452], [-94.88697, 32.45902], [-94.88697, 32.45947], [-94.88369, 32.46441], [-94.8815, 32.46936], [-94.87985, 32.47431], [-94.87657, 32.47926], [-94.87548, 32.48061], [-94.8722, 32.48421], [-94.87002, 32.48691], [-94.86892, 32.48916], [-94.85095, 32.48241], [-94.8455, 32.48016], [-94.83951, 32.48061], [-94.83405, 32.48151], [-94.82938, 32.4819], [-94.8286, 32.48196], [-94.82588, 32.48217], [-94.8226, 32.48241], [-94.82166, 32.48241], [-94.81715, 32.48241], [-94.81116, 32.48331], [-94.8057, 32.48421], [-94.80025, 32.48421], [-94.8, 32.48419], [-94.79426, 32.48376], [-94.79308, 32.48347], [-94.78881, 32.48241], [-94.78282, 32.48016], [-94.77737, 32.47836], [-94.77256, 32.4758], [-94.77056, 32.4704], [-94.76812, 32.46843], [-94.77522, 32.46262], [-94.77904, 32.45767], [-94.78014, 32.45272], [-94.78233, 32.44777], [-94.78288, 32.44687], [-94.78616, 32.44282], [-94.78889, 32.44012], [-94.78998, 32.43787], [-94.79053, 32.43664], [-94.79217, 32.43292], [-94.79124, 32.43131], [-94.78674, 32.42348]]}, "properties": {"operator": "Enbridge Pipelines (East Texas)", "pipe_type": "Intrastate"}}, {"type": "Feature", "geometry": {"type": "LineString", "coordinates": [[-94.80577, 32.44912], [-94.80031, 32.45227], [-94.79758, 32.45407], [-94.79431, 32.45767], [-94.79103, 32.45902], [-94.78885, 32.45992], [-94.78722, 32.45992]]}, "properties": {"operator": "Enbridge Pipelines (East Texas)", "pipe_type": "Intrastate"}}, {"type": "Feature", "geometry": {"type": "LineString", "coordinates": [[-94.75232, 32.46622], [-94.7583, 32.47161]]}, "properties": {"operator": "Enbridge Pipelines (East Texas)", "pipe_type": "Intrastate"}}, {"type": "Feature", "geometry": {"type": "LineString", "coordinates": [[-94.87896, 32.37129], [-94.88167, 32.37624], [-94.88058, 32.38119], [-94.8822, 32.38613], [-94.87456, 32.39108], [-94.87347, 32.39333], [-94.87183, 32.39603], [-94.86746, 32.39963], [-94.86636, 32.40098], [-94.86473, 32.40233]]}, "properties": {"operator": "Enbridge Pipelines (East Texas)", "pipe_type": "Intrastate"}}, {"type": "Feature", "geometry": {"type": "LineString", "coordinates": [[-94.84129, 32.40368], [-94.84184, 32.39648]]}, "properties": {"operator": "Enbridge Pipelines (East Texas)", "pipe_type": "Intrastate"}}, {"type": "Feature", "geometry": {"type": "LineString", "coordinates": [[-94.81826, 32.47431], [-94.82097, 32.47926], [-94.82166, 32.48241], [-94.82206, 32.48421], [-94.81769, 32.48916], [-94.81604, 32.49411], [-94.8144, 32.49501]]}, "properties": {"operator": "Enbridge Pipelines (East Texas)", "pipe_type": "Intrastate"}}, {"type": "Feature", "geometry": {"type": "LineString", "coordinates": [[-94.81057, 32.50491], [-94.80676, 32.50302], [-94.80512, 32.50221], [-94.80022, 32.49996], [-94.79968, 32.49906], [-94.79805, 32.49501], [-94.79424, 32.49006], [-94.7937, 32.49006], [-94.78961, 32.48905], [-94.78825, 32.48871], [-94.78226, 32.48781], [-94.77681, 32.48601], [-94.77136, 32.48601], [-94.76972, 32.48511], [-94.76901, 32.48496], [-94.76537, 32.48421], [-94.75991, 32.48511], [-94.75391, 32.48961], [-94.75391, 32.49006], [-94.75336, 32.49006]]}, "properties": {"operator": "Enbridge Pipelines (East Texas)", "pipe_type": "Intrastate"}}, {"type": "Feature", "geometry": {"type": "LineString", "coordinates": [[-94.7855, 32.50311], [-94.78005, 32.50131]]}, "properties": {"operator": "Enbridge Pipelines (East Texas)", "pipe_type": "Intrastate"}}, {"type": "Feature", "geometry": {"type": "LineString", "coordinates": [[-94.76486, 32.46172], [-94.76812, 32.46843], [-94.76811, 32.47338], [-94.7681, 32.47832], [-94.76864, 32.48327], [-94.76901, 32.48496], [-94.76972, 32.48821], [-94.77081, 32.49046], [-94.77189, 32.49316], [-94.7722, 32.49603], [-94.77243, 32.4981], [-94.77296, 32.5026]]}, "properties": {"operator": "Enbridge Pipelines (East Texas)", "pipe_type": "Intrastate"}}, {"type": "Feature", "geometry": {"type": "LineString", "coordinates": [[-94.79137, 32.56778], [-94.78319, 32.57093]]}, "properties": {"operator": "Enbridge Pipelines (East Texas)", "pipe_type": "Intrastate"}}, {"type": "Feature", "geometry": {"type": "LineString", "coordinates": [[-94.77717, 32.58352], [-94.7728, 32.58846], [-94.77171, 32.58891], [-94.76571, 32.58891], [-94.76026, 32.58981], [-94.75918, 32.58352], [-94.76028, 32.57857], [-94.76043, 32.57791]]}, "properties": {"operator": "Enbridge Pipelines (East Texas)", "pipe_type": "Intrastate"}}, {"type": "Feature", "geometry": {"type": "LineString", "coordinates": [[-94.7663, 32.57003], [-94.76574, 32.57722], [-94.76301, 32.57812], [-94.76043, 32.57791], [-94.75756, 32.57767], [-94.75211, 32.57632], [-94.74611, 32.57722], [-94.74066, 32.57857], [-94.73521, 32.57542]]}, "properties": {"operator": "Enbridge Pipelines (East Texas)", "pipe_type": "Intrastate"}}, {"type": "Feature", "geometry": {"type": "LineString", "coordinates": [[-94.75211, 32.57632], [-94.75321, 32.57048], [-94.75322, 32.56553], [-94.7516, 32.56059], [-94.74833, 32.55565], [-94.74834, 32.5507], [-94.7478, 32.54845], [-94.74672, 32.54575], [-94.74182, 32.54216], [-94.74127, 32.54126]]}, "properties": {"operator": "Enbridge Pipelines (East Texas)", "pipe_type": "Intrastate"}}, {"type": "Feature", "geometry": {"type": "LineString", "coordinates": [[-94.75322, 32.56553], [-94.74668, 32.56643], [-94.74123, 32.56643], [-94.73796, 32.56374]]}, "properties": {"operator": "Enbridge Pipelines (East Texas)", "pipe_type": "Intrastate"}}, {"type": "Feature", "geometry": {"type": "LineString", "coordinates": [[-94.76439, 32.53511], [-94.75894, 32.53377], [-94.75492, 32.53256], [-94.75294, 32.53197], [-94.74748, 32.53108], [-94.74258, 32.53108]]}, "properties": {"operator": "Enbridge Pipelines (East Texas)", "pipe_type": "Intrastate"}}, {"type": "Feature", "geometry": {"type": "LineString", "coordinates": [[-94.7464, 32.51666], [-94.7524, 32.5144], [-94.75986, 32.51563]]}, "properties": {"operator": "Enbridge Pipelines (East Texas)", "pipe_type": "Intrastate"}}, {"type": "Feature", "geometry": {"type": "LineString", "coordinates": [[-94.75186, 32.49863], [-94.75732, 32.50177], [-94.76277, 32.50312], [-94.76642, 32.50575]]}, "properties": {"operator": "Enbridge Pipelines (East Texas)", "pipe_type": "Intrastate"}}, {"type": "Feature", "geometry": {"type": "LineString", "coordinates": [[-94.7595, 32.49546], [-94.76643, 32.50035]]}, "properties": {"operator": "Enbridge Pipelines (East Texas)", "pipe_type": "Intrastate"}}, {"type": "Feature", "geometry": {"type": "LineString", "coordinates": [[-94.82588, 32.48217], [-94.82659, 32.47557], [-94.82823, 32.47061], [-94.82823, 32.46565], [-94.82551, 32.4607], [-94.82115, 32.45574], [-94.82005, 32.45439], [-94.81733, 32.45079], [-94.8146, 32.44944], [-94.81024, 32.44584], [-94.80915, 32.44224], [-94.80861, 32.44089], [-94.8037, 32.43593], [-94.80316, 32.43548], [-94.7988, 32.43098], [-94.79771, 32.43008], [-94.79403, 32.42705], [-94.7928, 32.42603], [-94.79171, 32.42513], [-94.78674, 32.42348]]}, "properties": {"operator": "Enbridge Pipelines (East Texas)", "pipe_type": "Intrastate"}}, {"type": "Feature", "geometry": {"type": "LineString", "coordinates": [[-94.76486, 32.46172], [-94.75624, 32.45761], [-94.75025, 32.45627], [-94.74697, 32.45492], [-94.74479, 32.45537], [-94.73988, 32.45718]]}, "properties": {"operator": "Enbridge Pipelines (East Texas)", "pipe_type": "Intrastate"}}, {"type": "Feature", "geometry": {"type": "LineString", "coordinates": [[-94.71752, 32.46666], [-94.71807, 32.46171], [-94.71727, 32.45809], [-94.71698, 32.45675], [-94.71534, 32.4527]]}, "properties": {"operator": "Enbridge Pipelines (East Texas)", "pipe_type": "Intrastate"}}, {"type": "Feature", "geometry": {"type": "LineString", "coordinates": [[-94.42074, 32.5114], [-94.41967, 32.51636], [-94.41641, 32.52132], [-94.41479, 32.52493], [-94.41153, 32.52628], [-94.41209, 32.53124], [-94.41211, 32.53485], [-94.41211, 32.5362], [-94.4094, 32.54026], [-94.40831, 32.54116], [-94.40341, 32.54296], [-94.40125, 32.54612], [-94.39798, 32.54838], [-94.3969, 32.55108], [-94.39582, 32.55198]]}, "properties": {"operator": "Enbridge Pipelines (East Texas)", "pipe_type": "Intrastate"}}, {"type": "Feature", "geometry": {"type": "LineString", "coordinates": [[-94.45682, 32.54026], [-94.45407, 32.53611], [-94.45353, 32.5353], [-94.45243, 32.53034], [-94.45133, 32.52898], [-94.44696, 32.52538], [-94.44641, 32.52538]]}, "properties": {"operator": "Enbridge Pipelines (East Texas)", "pipe_type": "Intrastate"}}, {"type": "Feature", "geometry": {"type": "LineString", "coordinates": [[-94.49605, 32.53575], [-94.49494, 32.53079], [-94.49438, 32.52583], [-94.49418, 32.52401], [-94.49382, 32.52087], [-94.48999, 32.51681], [-94.48944, 32.51591], [-94.48452, 32.51275], [-94.48233, 32.51095], [-94.47972, 32.50772], [-94.47905, 32.50689], [-94.47904, 32.50599], [-94.47848, 32.50103], [-94.48064, 32.49607], [-94.48226, 32.4911], [-94.48224, 32.48615], [-94.48004, 32.48118], [-94.47893, 32.47622], [-94.47292, 32.47172], [-94.47237, 32.47126], [-94.46746, 32.46991], [-94.46636, 32.4663], [-94.46744, 32.46405]]}, "properties": {"operator": "Enbridge Pipelines (East Texas)", "pipe_type": "Intrastate"}}, {"type": "Feature", "geometry": {"type": "LineString", "coordinates": [[-94.48679, 32.5362], [-94.48458, 32.52989], [-94.48675, 32.52493], [-94.4911, 32.52402], [-94.49418, 32.52401]]}, "properties": {"operator": "Enbridge Pipelines (East Texas)", "pipe_type": "Intrastate"}}, {"type": "Feature", "geometry": {"type": "LineString", "coordinates": [[-94.55813, 32.51951], [-94.55979, 32.52448], [-94.56035, 32.52944], [-94.55982, 32.53439], [-94.56038, 32.53845]]}, "properties": {"operator": "Enbridge Pipelines (East Texas)", "pipe_type": "Intrastate"}}, {"type": "Feature", "geometry": {"type": "LineString", "coordinates": [[-94.5664, 32.54387], [-94.56638, 32.53755]]}, "properties": {"operator": "Enbridge Pipelines (East Texas)", "pipe_type": "Intrastate"}}, {"type": "Feature", "geometry": {"type": "LineString", "coordinates": [[-94.52404, 32.44015], [-94.52511, 32.43519], [-94.52237, 32.43023], [-94.52344, 32.42527], [-94.52943, 32.42482], [-94.53543, 32.42662], [-94.54089, 32.42797], [-94.54634, 32.42842], [-94.55233, 32.42482], [-94.55721, 32.42031]]}, "properties": {"operator": "Enbridge Pipelines (East Texas)", "pipe_type": "Intrastate"}}, {"type": "Feature", "geometry": {"type": "LineString", "coordinates": [[-95.04847, 32.52891], [-95.04377, 32.5271], [-95.03046, 32.52199]]}, "properties": {"operator": "Enbridge Pipelines (East Texas)", "pipe_type": "Intrastate"}}, {"type": "Feature", "geometry": {"type": "LineString", "coordinates": [[-95.04574, 32.5217], [-95.04377, 32.5271]]}, "properties": {"operator": "Enbridge Pipelines (East Texas)", "pipe_type": "Intrastate"}}, {"type": "Feature", "geometry": {"type": "LineString", "coordinates": [[-95.01036, 32.57937], [-95.00437, 32.58298], [-95.00382, 32.58433], [-95.00001, 32.58928], [-94.99892, 32.59019], [-94.99729, 32.59424], [-94.99512, 32.5992], [-94.99512, 32.60415], [-94.99458, 32.60551]]}, "properties": {"operator": "Enbridge Pipelines (East Texas)", "pipe_type": "Intrastate"}}, {"type": "Feature", "geometry": {"type": "LineString", "coordinates": [[-95.04036, 32.6046], [-95.02511, 32.61226], [-95.01965, 32.60821], [-95.01911, 32.60731], [-95.01638, 32.60235], [-95.01474, 32.5974], [-95.01364, 32.59289], [-95.01364, 32.59244], [-95.0131, 32.59109]]}, "properties": {"operator": "Enbridge Pipelines (East Texas)", "pipe_type": "Intrastate"}}, {"type": "Feature", "geometry": {"type": "LineString", "coordinates": [[-95.02673, 32.59514], [-95.02073, 32.59694], [-95.01528, 32.5974], [-95.01474, 32.5974], [-95.00983, 32.5974], [-95.00384, 32.5992], [-95.0022, 32.59965]]}, "properties": {"operator": "Enbridge Pipelines (East Texas)", "pipe_type": "Intrastate"}}, {"type": "Feature", "geometry": {"type": "LineString", "coordinates": [[-95.00717, 32.66453], [-95.00717, 32.66949], [-95.00752, 32.67053], [-95.00881, 32.67445], [-95.01263, 32.6794]]}, "properties": {"operator": "Enbridge Pipelines (East Texas)", "pipe_type": "Intrastate"}}, {"type": "Feature", "geometry": {"type": "LineString", "coordinates": [[-95.08188, 32.70058], [-95.07589, 32.70238], [-95.07044, 32.70283], [-95.06444, 32.70283], [-95.06217, 32.70321], [-95.05899, 32.70374], [-95.05354, 32.70374], [-95.04754, 32.70283], [-95.04209, 32.70283], [-95.0361, 32.70283], [-95.03446, 32.70328]]}, "properties": {"operator": "Enbridge Pipelines (East Texas)", "pipe_type": "Intrastate"}}, {"type": "Feature", "geometry": {"type": "LineString", "coordinates": [[-95.0699, 32.70869], [-95.06217, 32.71007]]}, "properties": {"operator": "Enbridge Pipelines (East Texas)", "pipe_type": "Intrastate"}}, {"type": "Feature", "geometry": {"type": "LineString", "coordinates": [[-95.0372, 32.71365], [-95.04211, 32.71861], [-95.04265, 32.71905], [-95.04865, 32.72086], [-95.0541, 32.72311], [-95.0601, 32.72266], [-95.06217, 32.72232], [-95.06555, 32.72176], [-95.071, 32.72176], [-95.07699, 32.72131], [-95.08245, 32.72176], [-95.08354, 32.72356], [-95.08409, 32.72852], [-95.08409, 32.73347], [-95.08355, 32.73843], [-95.08355, 32.73906], [-95.08356, 32.74339], [-95.08356, 32.74834], [-95.08466, 32.7533], [-95.08558, 32.75748], [-95.08575, 32.75826], [-95.08576, 32.76321], [-95.07704, 32.76637], [-95.07256, 32.7667], [-95.07104, 32.76682], [-95.06559, 32.76772], [-95.0645, 32.76817], [-95.06014, 32.76907], [-95.05415, 32.76862], [-95.05119, 32.76789], [-95.04869, 32.76727], [-95.04597, 32.76547]]}, "properties": {"operator": "Enbridge Pipelines (East Texas)", "pipe_type": "Intrastate"}}, {"type": "Feature", "geometry": {"type": "LineString", "coordinates": [[-95.0623, 32.74339], [-95.06098, 32.74339], [-95.05685, 32.74339], [-95.05085, 32.74339], [-95.04659, 32.74233], [-95.0454, 32.74203], [-95.03995, 32.74113], [-95.03395, 32.73978], [-95.0285, 32.73888], [-95.02741, 32.73843], [-95.02577, 32.73798], [-95.0225, 32.73708], [-95.01868, 32.73347], [-95.01704, 32.73032], [-95.0165, 32.72852], [-95.01159, 32.72581], [-95.00559, 32.72446], [-95.00505, 32.72356], [-95.00014, 32.72266], [-94.99469, 32.72041], [-94.99359, 32.71861], [-94.99141, 32.71365], [-94.98922, 32.70869], [-94.98868, 32.70824], [-94.98649, 32.70374], [-94.98322, 32.69923], [-94.98267, 32.69878], [-94.97831, 32.69382], [-94.97722, 32.69382], [-94.97285, 32.69112]]}, "properties": {"operator": "Enbridge Pipelines (East Texas)", "pipe_type": "Intrastate"}}, {"type": "Feature", "geometry": {"type": "LineString", "coordinates": [[-95.01868, 32.73347], [-95.01433, 32.73933], [-95.01324, 32.74113], [-95.00724, 32.74339], [-95.00616, 32.74429], [-95.00289, 32.74924], [-95.00289, 32.7542], [-95.00344, 32.75916], [-95.0089, 32.76411], [-95.00944, 32.76411]]}, "properties": {"operator": "Enbridge Pipelines (East Texas)", "pipe_type": "Intrastate"}}, {"type": "Feature", "geometry": {"type": "LineString", "coordinates": [[-94.99745, 32.76502], [-95.00344, 32.75916]]}, "properties": {"operator": "Enbridge Pipelines (East Texas)", "pipe_type": "Intrastate"}}, {"type": "Feature", "geometry": {"type": "LineString", "coordinates": [[-95.01929, 32.80196], [-95.02257, 32.81098]]}, "properties": {"operator": "Enbridge Pipelines (East Texas)", "pipe_type": "Intrastate"}}, {"type": "Feature", "geometry": {"type": "LineString", "coordinates": [[-95.02252, 32.75691], [-95.00998, 32.75826]]}, "properties": {"operator": "Enbridge Pipelines (East Texas)", "pipe_type": "Intrastate"}}, {"type": "Feature", "geometry": {"type": "LineString", "coordinates": [[-95.02743, 32.76186], [-95.03397, 32.76366], [-95.03997, 32.76051], [-95.04541, 32.75781], [-95.04705, 32.75691], [-95.05086, 32.75645], [-95.0567, 32.75466], [-95.04813, 32.74699], [-95.04659, 32.74233], [-95.04649, 32.74203], [-95.04703, 32.73708], [-95.04975, 32.73257]]}, "properties": {"operator": "Enbridge Pipelines (East Texas)", "pipe_type": "Intrastate"}}, {"type": "Feature", "geometry": {"type": "LineString", "coordinates": [[-95.03995, 32.74113], [-95.03558, 32.73392], [-95.03557, 32.72897], [-95.03884, 32.72581]]}, "properties": {"operator": "Enbridge Pipelines (East Texas)", "pipe_type": "Intrastate"}}, {"type": "Feature", "geometry": {"type": "LineString", "coordinates": [[-95.03012, 32.72536], [-95.03557, 32.72897]]}, "properties": {"operator": "Enbridge Pipelines (East Texas)", "pipe_type": "Intrastate"}}, {"type": "Feature", "geometry": {"type": "LineString", "coordinates": [[-95.03941, 32.74699], [-95.04813, 32.74699]]}, "properties": {"operator": "Enbridge Pipelines (East Texas)", "pipe_type": "Intrastate"}}, {"type": "Feature", "geometry": {"type": "LineString", "coordinates": [[-95.07591, 32.72852], [-95.07699, 32.72131]]}, "properties": {"operator": "Enbridge Pipelines (East Texas)", "pipe_type": "Intrastate"}}, {"type": "Feature", "geometry": {"type": "LineString", "coordinates": [[-95.10155, 32.74654], [-95.10045, 32.74158], [-95.09609, 32.73933], [-95.09064, 32.73843], [-95.08464, 32.73888], [-95.08355, 32.73906], [-95.07919, 32.73978], [-95.07538, 32.73978]]}, "properties": {"operator": "Enbridge Pipelines (East Texas)", "pipe_type": "Intrastate"}}, {"type": "Feature", "geometry": {"type": "LineString", "coordinates": [[-95.07593, 32.74879], [-95.08466, 32.7533]]}, "properties": {"operator": "Enbridge Pipelines (East Texas)", "pipe_type": "Intrastate"}}, {"type": "Feature", "geometry": {"type": "LineString", "coordinates": [[-95.07869, 32.78529], [-95.07923, 32.78034], [-95.08195, 32.77538], [-95.08195, 32.77042], [-95.08576, 32.76321]]}, "properties": {"operator": "Enbridge Pipelines (East Texas)", "pipe_type": "Intrastate"}}, {"type": "Feature", "geometry": {"type": "LineString", "coordinates": [[-95.07268, 32.77448], [-95.06723, 32.77087], [-95.06124, 32.77493], [-95.06015, 32.77943], [-95.05906, 32.78169]]}, "properties": {"operator": "Enbridge Pipelines (East Texas)", "pipe_type": "Intrastate"}}, {"type": "Feature", "geometry": {"type": "LineString", "coordinates": [[-95.03781, 32.78259], [-95.03944, 32.77718]]}, "properties": {"operator": "Enbridge Pipelines (East Texas)", "pipe_type": "Intrastate"}}, {"type": "Feature", "geometry": {"type": "LineString", "coordinates": [[-95.02254, 32.77673], [-95.02472, 32.78214], [-95.02218, 32.78599], [-95.02146, 32.78709], [-95.01928, 32.79205], [-95.02147, 32.79656]]}, "properties": {"operator": "Enbridge Pipelines (East Texas)", "pipe_type": "Intrastate"}}, {"type": "Feature", "geometry": {"type": "LineString", "coordinates": [[-95.03073, 32.79205], [-95.02527, 32.788], [-95.02418, 32.78709], [-95.02218, 32.78599], [-95.01928, 32.78439], [-95.016, 32.78304]]}, "properties": {"operator": "Enbridge Pipelines (East Texas)", "pipe_type": "Intrastate"}}, {"type": "Feature", "geometry": {"type": "LineString", "coordinates": [[-95.01001, 32.78754], [-95.01928, 32.79205]]}, "properties": {"operator": "Enbridge Pipelines (East Texas)", "pipe_type": "Intrastate"}}, {"type": "Feature", "geometry": {"type": "LineString", "coordinates": [[-95.21845, 32.48011], [-95.21844, 32.47255]]}, "properties": {"operator": "Enbridge Pipelines (East Texas)", "pipe_type": "Intrastate"}}, {"type": "Feature", "geometry": {"type": "LineString", "coordinates": [[-94.75821, 32.81773], [-94.7593, 32.82269], [-94.75276, 32.82765], [-94.7495, 32.8326], [-94.74922, 32.83303], [-94.74678, 32.83666], [-94.74678, 32.83756], [-94.74624, 32.84117]]}, "properties": {"operator": "Enbridge Pipelines (East Texas)", "pipe_type": "Intrastate"}}, {"type": "Feature", "geometry": {"type": "LineString", "coordinates": [[-94.75112, 32.82134], [-94.75276, 32.82765]]}, "properties": {"operator": "Enbridge Pipelines (East Texas)", "pipe_type": "Intrastate"}}, {"type": "Feature", "geometry": {"type": "LineString", "coordinates": [[-94.75223, 32.84117], [-94.74624, 32.84117], [-94.74078, 32.84117], [-94.73533, 32.84071], [-94.72934, 32.84117], [-94.72426, 32.84158], [-94.72389, 32.84162], [-94.71789, 32.84387], [-94.71244, 32.84477], [-94.71026, 32.84477]]}, "properties": {"operator": "Enbridge Pipelines (East Texas)", "pipe_type": "Intrastate"}}, {"type": "Feature", "geometry": {"type": "LineString", "coordinates": [[-94.72281, 32.85423], [-94.72553, 32.84928], [-94.72607, 32.84432], [-94.72426, 32.84158], [-94.72279, 32.83936], [-94.72225, 32.83756]]}, "properties": {"operator": "Enbridge Pipelines (East Texas)", "pipe_type": "Intrastate"}}, {"type": "Feature", "geometry": {"type": "LineString", "coordinates": [[-94.73097, 32.83441], [-94.73533, 32.84071]]}, "properties": {"operator": "Enbridge Pipelines (East Texas)", "pipe_type": "Intrastate"}}, {"type": "Feature", "geometry": {"type": "LineString", "coordinates": [[-94.74023, 32.83531], [-94.74624, 32.84117]]}, "properties": {"operator": "Enbridge Pipelines (East Texas)", "pipe_type": "Intrastate"}}, {"type": "Feature", "geometry": {"type": "LineString", "coordinates": [[-94.74404, 32.82224], [-94.74459, 32.82945]]}, "properties": {"operator": "Enbridge Pipelines (East Texas)", "pipe_type": "Intrastate"}}, {"type": "Feature", "geometry": {"type": "LineString", "coordinates": [[-94.78111, 32.8254], [-94.78493, 32.83215]]}, "properties": {"operator": "Enbridge Pipelines (East Texas)", "pipe_type": "Intrastate"}}, {"type": "Feature", "geometry": {"type": "LineString", "coordinates": [[-94.80565, 32.83711], [-94.80128, 32.83125]]}, "properties": {"operator": "Enbridge Pipelines (East Texas)", "pipe_type": "Intrastate"}}, {"type": "Feature", "geometry": {"type": "LineString", "coordinates": [[-94.81764, 32.83666], [-94.81654, 32.83305], [-94.8153, 32.8308], [-94.81381, 32.8281], [-94.81218, 32.8263]]}, "properties": {"operator": "Enbridge Pipelines (East Texas)", "pipe_type": "Intrastate"}}, {"type": "Feature", "geometry": {"type": "LineString", "coordinates": [[-94.92167, 32.74904], [-94.91622, 32.74949], [-94.91022, 32.74859], [-94.90968, 32.74859]]}, "properties": {"operator": "Enbridge Pipelines (East Texas)", "pipe_type": "Intrastate"}}, {"type": "Feature", "geometry": {"type": "LineString", "coordinates": [[-94.9321, 32.82345], [-94.92665, 32.82706], [-94.92604, 32.82756], [-94.92501, 32.82841], [-94.92066, 32.83202], [-94.92011, 32.83337], [-94.91739, 32.83833], [-94.91521, 32.84059], [-94.9114, 32.84329], [-94.90977, 32.84329], [-94.90868, 32.84345], [-94.90377, 32.84419], [-94.90172, 32.84436], [-94.89832, 32.84464], [-94.89232, 32.84464], [-94.88687, 32.84464], [-94.88142, 32.84419], [-94.87543, 32.84329], [-94.86997, 32.84239], [-94.86452, 32.84059], [-94.85852, 32.83878], [-94.85798, 32.83833], [-94.85307, 32.83607], [-94.84707, 32.83382], [-94.84707, 32.83337], [-94.84162, 32.83157], [-94.83788, 32.82971], [-94.83617, 32.82886], [-94.83562, 32.82841], [-94.83016, 32.8248], [-94.82907, 32.82345], [-94.82471, 32.81984], [-94.82362, 32.81849], [-94.82307, 32.81353], [-94.82034, 32.80857], [-94.8187, 32.80541], [-94.8187, 32.80361], [-94.81651, 32.79865], [-94.81324, 32.79504], [-94.81269, 32.79369], [-94.81105, 32.78873], [-94.81105, 32.78377], [-94.81104, 32.77881], [-94.81104, 32.77384], [-94.81103, 32.76888], [-94.81048, 32.76393], [-94.8083, 32.75896], [-94.80775, 32.75851], [-94.80448, 32.754], [-94.80175, 32.74994], [-94.80175, 32.74904], [-94.80174, 32.74408], [-94.80174, 32.73912], [-94.80228, 32.73732]]}, "properties": {"operator": "Enbridge Pipelines (East Texas)", "pipe_type": "Intrastate"}}, {"type": "Feature", "geometry": {"type": "LineString", "coordinates": [[-94.8465, 32.80541], [-94.85086, 32.80992], [-94.84487, 32.81217], [-94.83942, 32.81443], [-94.83942, 32.81488], [-94.83343, 32.81623], [-94.82798, 32.81939], [-94.82471, 32.81984]]}, "properties": {"operator": "Enbridge Pipelines (East Texas)", "pipe_type": "Intrastate"}}, {"type": "Feature", "geometry": {"type": "LineString", "coordinates": [[-94.95385, 32.77114], [-94.95385, 32.7761], [-94.95441, 32.78106], [-94.95059, 32.78602], [-94.94787, 32.78737], [-94.94733, 32.79098], [-94.94788, 32.79594], [-94.94878, 32.79743], [-94.94897, 32.79774]]}, "properties": {"operator": "Enbridge Pipelines (East Texas)", "pipe_type": "Intrastate"}}, {"type": "Feature", "geometry": {"type": "LineString", "coordinates": [[-94.9277, 32.78377], [-94.92225, 32.78377], [-94.91734, 32.78336], [-94.9168, 32.78331], [-94.9108, 32.78377], [-94.90971, 32.78386], [-94.90535, 32.78422], [-94.89935, 32.78377], [-94.8939, 32.78377], [-94.88845, 32.78286], [-94.88245, 32.78331], [-94.87701, 32.78602], [-94.87265, 32.78873], [-94.8721, 32.78873]]}, "properties": {"operator": "Enbridge Pipelines (East Texas)", "pipe_type": "Intrastate"}}, {"type": "Feature", "geometry": {"type": "LineString", "coordinates": [[-94.99897, 32.63676], [-94.99297, 32.63541]]}, "properties": {"operator": "Enbridge Pipelines (East Texas)", "pipe_type": "Intrastate"}}, {"type": "Feature", "geometry": {"type": "LineString", "coordinates": [[-95.00059, 32.62639], [-94.99514, 32.62594]]}, "properties": {"operator": "Enbridge Pipelines (East Texas)", "pipe_type": "Intrastate"}}, {"type": "Feature", "geometry": {"type": "LineString", "coordinates": [[-94.98262, 32.64803], [-94.99135, 32.6539]]}, "properties": {"operator": "Enbridge Pipelines (East Texas)", "pipe_type": "Intrastate"}}, {"type": "Feature", "geometry": {"type": "LineString", "coordinates": [[-94.96465, 32.65931], [-94.96465, 32.66337]]}, "properties": {"operator": "Enbridge Pipelines (East Texas)", "pipe_type": "Intrastate"}}, {"type": "Feature", "geometry": {"type": "LineString", "coordinates": [[-94.94831, 32.67283], [-94.94779, 32.66814], [-94.94776, 32.66787], [-94.94666, 32.66291], [-94.94884, 32.65795], [-94.95101, 32.65299], [-94.9514, 32.64949], [-94.95155, 32.64803], [-94.95155, 32.64307], [-94.95046, 32.63811], [-94.94881, 32.63315], [-94.94881, 32.62819], [-94.94881, 32.62323], [-94.94717, 32.61827], [-94.94498, 32.61331], [-94.9428, 32.60835], [-94.9417, 32.60339], [-94.94061, 32.60159]]}, "properties": {"operator": "Enbridge Pipelines (East Texas)", "pipe_type": "Intrastate"}}, {"type": "Feature", "geometry": {"type": "LineString", "coordinates": [[-94.9581, 32.65029], [-94.9514, 32.64949], [-94.95047, 32.64938]]}, "properties": {"operator": "Enbridge Pipelines (East Texas)", "pipe_type": "Intrastate"}}, {"type": "Feature", "geometry": {"type": "LineString", "coordinates": [[-94.94071, 32.70936], [-94.94125, 32.7044], [-94.94288, 32.69944], [-94.93525, 32.69944], [-94.9298, 32.69809], [-94.92707, 32.69734], [-94.92653, 32.69718]]}, "properties": {"operator": "Enbridge Pipelines (East Texas)", "pipe_type": "Intrastate"}}, {"type": "Feature", "geometry": {"type": "LineString", "coordinates": [[-94.9467, 32.69899], [-94.95214, 32.69448]]}, "properties": {"operator": "Enbridge Pipelines (East Texas)", "pipe_type": "Intrastate"}}, {"type": "Feature", "geometry": {"type": "LineString", "coordinates": [[-94.91458, 32.74408], [-94.91512, 32.73912], [-94.91402, 32.73416], [-94.91184, 32.73326], [-94.90857, 32.73191], [-94.90312, 32.73056], [-94.89822, 32.73642]]}, "properties": {"operator": "Enbridge Pipelines (East Texas)", "pipe_type": "Intrastate"}}, {"type": "Feature", "geometry": {"type": "LineString", "coordinates": [[-94.90148, 32.72334], [-94.90312, 32.73056]]}, "properties": {"operator": "Enbridge Pipelines (East Texas)", "pipe_type": "Intrastate"}}, {"type": "Feature", "geometry": {"type": "LineString", "coordinates": [[-94.8371, 32.66003], [-94.8311, 32.65642], [-94.82565, 32.65823], [-94.81965, 32.65868], [-94.81638, 32.65507], [-94.81474, 32.65282]]}, "properties": {"operator": "Enbridge Pipelines (East Texas)", "pipe_type": "Intrastate"}}, {"type": "Feature", "geometry": {"type": "LineString", "coordinates": [[-94.7864, 32.66273], [-94.77713, 32.65778]]}, "properties": {"operator": "Enbridge Pipelines (East Texas)", "pipe_type": "Intrastate"}}, {"type": "Feature", "geometry": {"type": "LineString", "coordinates": [[-94.79677, 32.67535], [-94.79677, 32.67039], [-94.79676, 32.66544], [-94.79743, 32.66241], [-94.79785, 32.66048], [-94.79785, 32.65552], [-94.79784, 32.65056], [-94.79784, 32.64561], [-94.79674, 32.64065], [-94.79565, 32.6384]]}, "properties": {"operator": "Enbridge Pipelines (East Texas)", "pipe_type": "Intrastate"}}, {"type": "Feature", "geometry": {"type": "LineString", "coordinates": [[-94.83766, 32.68346], [-94.83221, 32.68346], [-94.82622, 32.68346], [-94.8224, 32.68093], [-94.82076, 32.67985], [-94.81913, 32.6785], [-94.81854, 32.67857], [-94.81531, 32.67895], [-94.81095, 32.68256]]}, "properties": {"operator": "Enbridge Pipelines (East Texas)", "pipe_type": "Intrastate"}}, {"type": "Feature", "geometry": {"type": "LineString", "coordinates": [[-94.81854, 32.67857], [-94.81802, 32.66724]]}, "properties": {"operator": "Enbridge Pipelines (East Texas)", "pipe_type": "Intrastate"}}, {"type": "Feature", "geometry": {"type": "LineString", "coordinates": [[-94.90968, 32.74859], [-94.905, 32.74741], [-94.90095, 32.74634]]}, "properties": {"operator": "Enbridge Pipelines (East Texas)", "pipe_type": "Intrastate"}}, {"type": "Feature", "geometry": {"type": "LineString", "coordinates": [[-95.18629, 31.64151], [-95.18082, 31.64468], [-95.17536, 31.6456], [-95.16934, 31.64336], [-95.16392, 31.64204]]}, "properties": {"operator": "Enbridge Pipelines (East Texas)", "pipe_type": "Intrastate"}}, {"type": "Feature", "geometry": {"type": "LineString", "coordinates": [[-94.91577, 32.06221], [-94.91576, 32.05726], [-94.91575, 32.05231], [-94.91575, 32.04737], [-94.91574, 32.04518], [-94.91574, 32.04242], [-94.91721, 32.03905]]}, "properties": {"operator": "Enbridge Pipelines (East Texas)", "pipe_type": "Intrastate"}}, {"type": "Feature", "geometry": {"type": "LineString", "coordinates": [[-94.90866, 32.04557], [-94.91574, 32.04518]]}, "properties": {"operator": "Enbridge Pipelines (East Texas)", "pipe_type": "Intrastate"}}, {"type": "Feature", "geometry": {"type": "LineString", "coordinates": [[-94.95063, 32.18769], [-94.95609, 32.18498], [-94.95937, 32.18272], [-94.96072, 32.17866], [-94.96101, 32.17776], [-94.96101, 32.17281], [-94.96101, 32.16785]]}, "properties": {"operator": "Enbridge Pipelines (East Texas)", "pipe_type": "Intrastate"}}, {"type": "Feature", "geometry": {"type": "LineString", "coordinates": [[-94.67244, 32.23914], [-94.67244, 32.23707], [-94.67026, 32.23212], [-94.66645, 32.22897], [-94.66482, 32.22717]]}, "properties": {"operator": "Enbridge Pipelines (East Texas)", "pipe_type": "Intrastate"}}, {"type": "Feature", "geometry": {"type": "LineString", "coordinates": [[-94.70902, 32.19294], [-94.71503, 32.19427], [-94.71886, 32.19786], [-94.7205, 32.1992], [-94.72433, 32.20279], [-94.72597, 32.20368], [-94.72652, 32.20773], [-94.72599, 32.21267], [-94.72818, 32.21761], [-94.73092, 32.22255], [-94.73147, 32.2275], [-94.72492, 32.23246], [-94.72055, 32.23427], [-94.71508, 32.23429], [-94.70907, 32.23476], [-94.70361, 32.23522], [-94.6976, 32.23614], [-94.69213, 32.23705], [-94.68667, 32.23707], [-94.6823, 32.23753], [-94.68066, 32.23754], [-94.68062, 32.23755], [-94.67519, 32.2389], [-94.67244, 32.23914], [-94.66973, 32.23937], [-94.66372, 32.24074], [-94.66231, 32.24097], [-94.65825, 32.24165], [-94.65443, 32.24256], [-94.65224, 32.24257], [-94.64678, 32.24349], [-94.64131, 32.2444], [-94.6353, 32.24442], [-94.63492, 32.24458], [-94.62984, 32.24669], [-94.62765, 32.24759], [-94.62383, 32.24805], [-94.61851, 32.24851]]}, "properties": {"operator": "Enbridge Pipelines (East Texas)", "pipe_type": "Intrastate"}}, {"type": "Feature", "geometry": {"type": "LineString", "coordinates": [[-94.60428, 32.27564], [-94.59885, 32.27162], [-94.59776, 32.27072], [-94.59624, 32.26979]]}, "properties": {"operator": "Enbridge Pipelines (East Texas)", "pipe_type": "Intrastate"}}, {"type": "Feature", "geometry": {"type": "LineString", "coordinates": [[-94.67791, 32.25198], [-94.67192, 32.25604], [-94.67137, 32.25694], [-94.66647, 32.26009], [-94.66483, 32.26009]]}, "properties": {"operator": "Enbridge Pipelines (East Texas)", "pipe_type": "Intrastate"}}, {"type": "Feature", "geometry": {"type": "LineString", "coordinates": [[-94.61896, 32.25439], [-94.62346, 32.26146], [-94.62564, 32.26326], [-94.6289, 32.2664], [-94.63107, 32.26775], [-94.63542, 32.27135], [-94.63706, 32.2727], [-94.63977, 32.2763], [-94.64249, 32.27765], [-94.64848, 32.2808], [-94.64848, 32.28125], [-94.65002, 32.28281], [-94.65337, 32.2862], [-94.65392, 32.2862], [-94.65936, 32.2889], [-94.66208, 32.29115], [-94.66534, 32.2934], [-94.6686, 32.2961], [-94.67078, 32.29835], [-94.67295, 32.30105], [-94.67676, 32.3051], [-94.6773, 32.306], [-94.68056, 32.31095], [-94.6811, 32.3159], [-94.68109, 32.32085], [-94.68109, 32.3258], [-94.68108, 32.33048], [-94.68108, 32.33075], [-94.68053, 32.3357], [-94.67726, 32.34065], [-94.67248, 32.34499], [-94.67181, 32.3456], [-94.67072, 32.34606], [-94.66527, 32.35056], [-94.65927, 32.35461], [-94.65873, 32.35551], [-94.65747, 32.3562], [-94.65382, 32.35821], [-94.65001, 32.36046], [-94.64838, 32.36047], [-94.6467, 32.36059], [-94.64239, 32.36092], [-94.63694, 32.36092], [-94.63096, 32.35957], [-94.62552, 32.35732], [-94.62334, 32.35552]]}, "properties": {"operator": "Enbridge Pipelines (East Texas)", "pipe_type": "Intrastate"}}, {"type": "Feature", "geometry": {"type": "MultiLineString", "coordinates": [[[-94.52579, 32.2558], [-94.5258, 32.25086], [-94.52035, 32.25041], [-94.51435, 32.25131], [-94.51435, 32.2558], [-94.52034, 32.2594], [-94.52143, 32.26075], [-94.52088, 32.26569], [-94.51924, 32.26929], [-94.5176, 32.27423], [-94.5165, 32.27918], [-94.51432, 32.28412], [-94.51377, 32.28457], [-94.50832, 32.28862], [-94.50832, 32.28907], [-94.50614, 32.28996]], [[-94.50723, 32.28952], [-94.50177, 32.29176], [-94.50056, 32.29245]]]}, "properties": {"operator": "Enbridge Pipelines (East Texas)", "pipe_type": "Intrastate"}}, {"type": "Feature", "geometry": {"type": "LineString", "coordinates": [[-94.17166, 32.06564], [-94.17439, 32.0607], [-94.17439, 32.05575], [-94.17552, 32.05414]]}, "properties": {"operator": "Enbridge Pipelines (East Texas)", "pipe_type": "Intrastate"}}, {"type": "Feature", "geometry": {"type": "LineString", "coordinates": [[-94.10836, 32.20842], [-94.11312, 32.20605], [-94.1153, 32.2038], [-94.11803, 32.19885], [-94.11803, 32.19389], [-94.11695, 32.18895], [-94.11641, 32.184], [-94.11533, 32.17905], [-94.1137, 32.1741], [-94.11353, 32.17255], [-94.11316, 32.16915], [-94.11262, 32.1642], [-94.11144, 32.1606], [-94.11099, 32.15925], [-94.11045, 32.1543], [-94.10773, 32.1507], [-94.10719, 32.14935], [-94.10175, 32.14486], [-94.10121, 32.14441], [-94.09632, 32.13946], [-94.09251, 32.13452], [-94.0924, 32.13436], [-94.09088, 32.13227], [-94.08816, 32.12957], [-94.0849, 32.12507], [-94.0849, 32.12462], [-94.08327, 32.11967], [-94.08273, 32.11472], [-94.08165, 32.10978], [-94.07948, 32.10618], [-94.07893, 32.10483], [-94.0784, 32.09988], [-94.07786, 32.09448], [-94.07841, 32.08998], [-94.07795, 32.08787], [-94.07733, 32.08503], [-94.07352, 32.08053], [-94.07352, 32.08008], [-94.06971, 32.07694]]}, "properties": {"operator": "Enbridge Pipelines (East Texas)", "pipe_type": "Intrastate"}}, {"type": "Feature", "geometry": {"type": "LineString", "coordinates": [[-94.13497, 32.13313], [-94.1515, 32.13136]]}, "properties": {"operator": "Enbridge Pipelines (East Texas)", "pipe_type": "Intrastate"}}, {"type": "Feature", "geometry": {"type": "LineString", "coordinates": [[-94.10555, 32.16061], [-94.11144, 32.1606]]}, "properties": {"operator": "Enbridge Pipelines (East Texas)", "pipe_type": "Intrastate"}}, {"type": "Feature", "geometry": {"type": "LineString", "coordinates": [[-94.1132, 32.1354], [-94.10993, 32.13045], [-94.10721, 32.13046], [-94.10177, 32.13046], [-94.09578, 32.13316], [-94.0924, 32.13436]]}, "properties": {"operator": "Enbridge Pipelines (East Texas)", "pipe_type": "Intrastate"}}, {"type": "Feature", "geometry": {"type": "LineString", "coordinates": [[-94.09039, 32.08412], [-94.08494, 32.08773], [-94.07895, 32.08773], [-94.07795, 32.08787]]}, "properties": {"operator": "Enbridge Pipelines (East Texas)", "pipe_type": "Intrastate"}}, {"type": "Feature", "geometry": {"type": "LineString", "coordinates": [[-94.24357, 32.4778], [-94.24397, 32.48143], [-94.24397, 32.48638], [-94.24396, 32.49134], [-94.23796, 32.49584], [-94.23523, 32.49629], [-94.23196, 32.49945], [-94.23141, 32.50125], [-94.23032, 32.50215]]}, "properties": {"operator": "Enbridge Pipelines (East Texas)", "pipe_type": "Intrastate"}}, {"type": "Feature", "geometry": {"type": "LineString", "coordinates": [[-94.21723, 32.50216], [-94.21287, 32.50396], [-94.20687, 32.50577], [-94.20141, 32.50757], [-94.19541, 32.50848], [-94.18996, 32.50713], [-94.18451, 32.50533], [-94.18171, 32.50494]]}, "properties": {"operator": "Enbridge Pipelines (East Texas)", "pipe_type": "Intrastate"}}, {"type": "Feature", "geometry": {"type": "LineString", "coordinates": [[-94.57934, 32.87776], [-94.58215, 32.8735], [-94.58215, 32.87305], [-94.58489, 32.86809], [-94.58545, 32.86313], [-94.5856, 32.86179]]}, "properties": {"operator": "Enbridge Pipelines (East Texas)", "pipe_type": "Intrastate"}}, {"type": "Feature", "geometry": {"type": "LineString", "coordinates": [[-94.5856, 32.86179], [-94.58165, 32.85997], [-94.57565, 32.85952], [-94.57021, 32.85772], [-94.56205, 32.85096], [-94.56205, 32.8505], [-94.5566, 32.8487], [-94.55115, 32.8487], [-94.54515, 32.85096], [-94.54132, 32.85547], [-94.54087, 32.85952], [-94.54076, 32.86043], [-94.54127, 32.86387]]}, "properties": {"operator": "Enbridge Pipelines (East Texas)", "pipe_type": "Intrastate"}}, {"type": "Feature", "geometry": {"type": "LineString", "coordinates": [[-94.77637, 32.42932], [-94.77092, 32.42707], [-94.76896, 32.42626], [-94.76548, 32.42483], [-94.76439, 32.42438], [-94.75948, 32.42392], [-94.75404, 32.42123], [-94.74804, 32.42123], [-94.74641, 32.41943], [-94.7426, 32.41808], [-94.7377, 32.41448], [-94.73715, 32.41448], [-94.73116, 32.41268], [-94.72653, 32.41115], [-94.72571, 32.41088], [-94.72299, 32.40953], [-94.71972, 32.40908], [-94.71427, 32.40863], [-94.70882, 32.40683], [-94.70283, 32.40548], [-94.70119, 32.40458], [-94.69738, 32.40413], [-94.69521, 32.40364], [-94.69139, 32.40278], [-94.6903, 32.39963], [-94.6903, 32.39867]]}, "properties": {"operator": "Enbridge Pipelines (East Texas)", "pipe_type": "Intrastate"}}, {"type": "Feature", "geometry": {"type": "LineString", "coordinates": [[-94.6949, 32.45632], [-94.69402, 32.45227], [-94.69403, 32.44732], [-94.69404, 32.44237], [-94.6935, 32.43742], [-94.69406, 32.43247], [-94.69407, 32.42752], [-94.69407, 32.42258], [-94.69061, 32.41935]]}, "properties": {"operator": "Enbridge Pipelines (East Texas)", "pipe_type": "Intrastate"}}, {"type": "Feature", "geometry": {"type": "LineString", "coordinates": [[-94.46923, 32.50599], [-94.47972, 32.50772]]}, "properties": {"operator": "Enbridge Pipelines (East Texas)", "pipe_type": "Intrastate"}}, {"type": "Feature", "geometry": {"type": "LineString", "coordinates": [[-94.68522, 32.53981], [-94.67976, 32.53891], [-94.67376, 32.53755], [-94.66831, 32.53755], [-94.6623, 32.5353], [-94.6623, 32.53485], [-94.65685, 32.53349], [-94.6514, 32.53394], [-94.6454, 32.53439], [-94.63995, 32.53394], [-94.63395, 32.53394], [-94.6285, 32.53394], [-94.62619, 32.53414], [-94.62305, 32.53439], [-94.61706, 32.53439], [-94.61161, 32.53485], [-94.60562, 32.5362], [-94.60017, 32.53665], [-94.59472, 32.5362], [-94.58872, 32.53665], [-94.58328, 32.53755], [-94.57783, 32.53845], [-94.57183, 32.538], [-94.56638, 32.53755], [-94.56038, 32.53845], [-94.55493, 32.53845], [-94.54948, 32.53755], [-94.54348, 32.53665], [-94.53803, 32.53575], [-94.53203, 32.5362], [-94.52658, 32.5362], [-94.52113, 32.5362], [-94.51513, 32.5362], [-94.50968, 32.53575], [-94.50369, 32.53575], [-94.49823, 32.53575], [-94.49605, 32.53575], [-94.49278, 32.53575], [-94.48679, 32.5362], [-94.48134, 32.5362], [-94.47534, 32.53665], [-94.46989, 32.53665], [-94.46444, 32.53665], [-94.45844, 32.53575], [-94.45407, 32.53611], [-94.45299, 32.5362], [-94.44699, 32.53575], [-94.44155, 32.5362], [-94.4361, 32.53665], [-94.4301, 32.53575], [-94.42464, 32.5353], [-94.41865, 32.53485], [-94.4132, 32.53485], [-94.41211, 32.53485]]}, "properties": {"operator": "Enbridge Pipelines (East Texas)", "pipe_type": "Intrastate"}}, {"type": "Feature", "geometry": {"type": "LineString", "coordinates": [[-94.74424, 32.46213], [-94.73988, 32.45718], [-94.73879, 32.45628], [-94.73279, 32.45313], [-94.72734, 32.45314], [-94.72134, 32.45539], [-94.71727, 32.45809], [-94.71589, 32.459], [-94.71043, 32.45991], [-94.70443, 32.45857], [-94.69898, 32.45632], [-94.6949, 32.45632], [-94.69298, 32.45633], [-94.68926, 32.45694], [-94.68753, 32.45723], [-94.68698, 32.45723], [-94.68098, 32.46084], [-94.67989, 32.4622], [-94.67553, 32.46355], [-94.66953, 32.46446], [-94.66407, 32.46537], [-94.66244, 32.46717], [-94.65862, 32.47078], [-94.6548, 32.47214], [-94.65261, 32.47259], [-94.64989, 32.4771], [-94.64716, 32.4789], [-94.64443, 32.48206], [-94.64388, 32.48702], [-94.64279, 32.49198], [-94.64224, 32.49693], [-94.64169, 32.50189], [-94.64169, 32.50685], [-94.64115, 32.50685], [-94.63842, 32.51181], [-94.63569, 32.51361], [-94.63078, 32.51677], [-94.63024, 32.51722], [-94.62805, 32.52173], [-94.62805, 32.52669], [-94.62696, 32.53165], [-94.62619, 32.53414]]}, "properties": {"operator": "Enbridge Pipelines (East Texas)", "pipe_type": "Intrastate"}}, {"type": "Feature", "geometry": {"type": "LineString", "coordinates": [[-94.79763, 32.42662], [-94.79274, 32.42258], [-94.78674, 32.42348], [-94.78128, 32.42573], [-94.77528, 32.43022], [-94.77473, 32.43202], [-94.77389, 32.43355], [-94.772, 32.43697], [-94.76981, 32.44102], [-94.76926, 32.44192], [-94.76544, 32.44687], [-94.76434, 32.44867], [-94.7627, 32.45182], [-94.76215, 32.45677], [-94.76486, 32.46172], [-94.76431, 32.46666], [-94.75831, 32.47071], [-94.7583, 32.47161], [-94.75285, 32.47521], [-94.75121, 32.47656], [-94.74684, 32.47971], [-94.74684, 32.48016]]}, "properties": {"operator": "Enbridge Pipelines (East Texas)", "pipe_type": "Intrastate"}}, {"type": "Feature", "geometry": {"type": "LineString", "coordinates": [[-94.80311, 32.41583], [-94.80855, 32.41763], [-94.814, 32.42078], [-94.81454, 32.42123], [-94.81513, 32.42157], [-94.81999, 32.42438], [-94.82162, 32.42573]]}, "properties": {"operator": "Enbridge Pipelines (East Texas)", "pipe_type": "Intrastate"}}, {"type": "Feature", "geometry": {"type": "LineString", "coordinates": [[-94.78674, 32.42348], [-94.79057, 32.41763], [-94.79439, 32.41268], [-94.79548, 32.41178], [-94.79712, 32.40773], [-94.79877, 32.40278], [-94.8015, 32.40008], [-94.80314, 32.39783], [-94.80533, 32.39288], [-94.80697, 32.39108], [-94.8097, 32.38793], [-94.81243, 32.38388], [-94.81298, 32.38298], [-94.81517, 32.37804], [-94.81518, 32.37417], [-94.81518, 32.37309], [-94.8141, 32.36814], [-94.81301, 32.36634], [-94.81302, 32.36139], [-94.81629, 32.35914]]}, "properties": {"operator": "Enbridge Pipelines (East Texas)", "pipe_type": "Intrastate"}}, {"type": "Feature", "geometry": {"type": "LineString", "coordinates": [[-94.7722, 32.49603], [-94.76643, 32.50035], [-94.76643, 32.5008], [-94.76642, 32.50575], [-94.76568, 32.50903], [-94.76532, 32.51069], [-94.76095, 32.51429], [-94.75986, 32.51563], [-94.75821, 32.52058], [-94.75711, 32.52552], [-94.75492, 32.53002], [-94.75492, 32.53047], [-94.75492, 32.53256], [-94.75491, 32.53541], [-94.75654, 32.54036], [-94.7598, 32.54531], [-94.76089, 32.5462], [-94.76361, 32.55025], [-94.76414, 32.5552], [-94.76413, 32.56014], [-94.76412, 32.56509], [-94.7663, 32.57003], [-94.77229, 32.57228], [-94.77774, 32.57228], [-94.78319, 32.57093], [-94.78647, 32.56509], [-94.78702, 32.56194]]}, "properties": {"operator": "Enbridge Pipelines (East Texas)", "pipe_type": "Intrastate"}}, {"type": "Feature", "geometry": {"type": "LineString", "coordinates": [[-94.77313, 32.51032], [-94.76568, 32.50903]]}, "properties": {"operator": "Enbridge Pipelines (East Texas)", "pipe_type": "Intrastate"}}, {"type": "Feature", "geometry": {"type": "LineString", "coordinates": [[-94.8, 32.48419], [-94.80133, 32.48826], [-94.80514, 32.49141], [-94.80678, 32.49321], [-94.80677, 32.49816], [-94.80676, 32.50302], [-94.80676, 32.50311], [-94.80675, 32.50805], [-94.8111, 32.5103], [-94.81655, 32.5112], [-94.81819, 32.513], [-94.8209, 32.51795], [-94.82089, 32.5229], [-94.82088, 32.52785], [-94.82087, 32.5328], [-94.82142, 32.53505]]}, "properties": {"operator": "Enbridge Pipelines (East Texas)", "pipe_type": "Intrastate"}}, {"type": "Feature", "geometry": {"type": "LineString", "coordinates": [[-94.79308, 32.48347], [-94.79043, 32.48826], [-94.78961, 32.48905], [-94.78716, 32.49141], [-94.78606, 32.49321], [-94.78387, 32.49816], [-94.7855, 32.50311]]}, "properties": {"operator": "Enbridge Pipelines (East Texas)", "pipe_type": "Intrastate"}}, {"type": "Feature", "geometry": {"type": "LineString", "coordinates": [[-94.77637, 32.42932], [-94.77803, 32.42998], [-94.78146, 32.43083], [-94.78818, 32.43131], [-94.79124, 32.43131], [-94.79318, 32.43131], [-94.7988, 32.43098], [-94.80162, 32.43083], [-94.80876, 32.42938], [-94.81505, 32.42745], [-94.82162, 32.42573], [-94.82543, 32.42707], [-94.83143, 32.42797], [-94.83688, 32.42932], [-94.84232, 32.43067], [-94.84287, 32.43067], [-94.84832, 32.43067], [-94.85377, 32.43112], [-94.85977, 32.43202], [-94.86522, 32.43292], [-94.87066, 32.43337], [-94.87666, 32.43247], [-94.88211, 32.43247], [-94.88811, 32.43202], [-94.89302, 32.43121], [-94.89356, 32.43112], [-94.89902, 32.43067], [-94.90337, 32.43562], [-94.905, 32.43787], [-94.90663, 32.44057], [-94.90771, 32.44552], [-94.91042, 32.45002], [-94.91042, 32.45047], [-94.91532, 32.45542], [-94.91641, 32.45722], [-94.91695, 32.46037], [-94.92075, 32.46532], [-94.92183, 32.47026], [-94.92183, 32.47521], [-94.92182, 32.47566], [-94.92509, 32.48016], [-94.92726, 32.48196], [-94.93216, 32.48511], [-94.93325, 32.48601], [-94.93652, 32.49006], [-94.93869, 32.49411], [-94.93923, 32.49501], [-94.94304, 32.49996], [-94.94467, 32.50221], [-94.94575, 32.50491], [-94.94901, 32.50985], [-94.9501, 32.51075], [-94.95282, 32.5148], [-94.95554, 32.51885], [-94.95608, 32.51975], [-94.95726, 32.52121]]}, "properties": {"operator": "Enbridge Pipelines (East Texas)", "pipe_type": "Intrastate"}}, {"type": "Feature", "geometry": {"type": "LineString", "coordinates": [[-94.82674, 32.66498], [-94.82561, 32.66541], [-94.82075, 32.66724], [-94.8153, 32.66679], [-94.80985, 32.66589], [-94.80385, 32.66453], [-94.7984, 32.66273], [-94.79743, 32.66241], [-94.79294, 32.66093], [-94.79131, 32.66003], [-94.78912, 32.65507], [-94.78694, 32.65417], [-94.78149, 32.65282], [-94.77549, 32.65102], [-94.77495, 32.65012], [-94.77113, 32.64516], [-94.77003, 32.6402], [-94.76567, 32.63795], [-94.7613, 32.6357]]}, "properties": {"operator": "Enbridge Pipelines (East Texas)", "pipe_type": "Intrastate"}}, {"type": "Feature", "geometry": {"type": "LineString", "coordinates": [[-95.02508, 32.57802], [-95.03108, 32.58253], [-95.03108, 32.58298], [-95.03653, 32.58298], [-95.0419, 32.5812]]}, "properties": {"operator": "Enbridge Pipelines (East Texas)", "pipe_type": "Intrastate"}}, {"type": "Feature", "geometry": {"type": "LineString", "coordinates": [[-95.03658, 32.63344], [-95.04203, 32.63344], [-95.04693, 32.62849], [-95.04761, 32.6282]]}, "properties": {"operator": "Enbridge Pipelines (East Texas)", "pipe_type": "Intrastate"}}, {"type": "Feature", "geometry": {"type": "LineString", "coordinates": [[-95.05274, 32.66346], [-95.0486, 32.66408], [-95.04315, 32.66498], [-95.03769, 32.66498], [-95.0317, 32.66724], [-95.03061, 32.66814], [-95.02625, 32.67039], [-95.02026, 32.67084], [-95.01481, 32.67039], [-95.00936, 32.67039], [-95.00752, 32.67053], [-95.00336, 32.67084], [-94.99791, 32.67264]]}, "properties": {"operator": "Enbridge Pipelines (East Texas)", "pipe_type": "Intrastate"}}, {"type": "Feature", "geometry": {"type": "LineString", "coordinates": [[-95.11028, 32.76006], [-95.10483, 32.75736], [-95.09883, 32.75781], [-95.09338, 32.75781], [-95.08793, 32.75781], [-95.08558, 32.75748]]}, "properties": {"operator": "Enbridge Pipelines (East Texas)", "pipe_type": "Intrastate"}}, {"type": "Feature", "geometry": {"type": "LineString", "coordinates": [[-95.06723, 32.77087], [-95.06559, 32.76772]]}, "properties": {"operator": "Enbridge Pipelines (East Texas)", "pipe_type": "Intrastate"}}, {"type": "Feature", "geometry": {"type": "LineString", "coordinates": [[-95.07049, 32.75691], [-95.07256, 32.7667]]}, "properties": {"operator": "Enbridge Pipelines (East Texas)", "pipe_type": "Intrastate"}}, {"type": "Feature", "geometry": {"type": "LineString", "coordinates": [[-95.04878, 32.7769], [-95.04543, 32.77718], [-95.03944, 32.77718], [-95.03398, 32.77583], [-95.03112, 32.77228], [-95.03071, 32.77177], [-95.02913, 32.76819], [-95.02853, 32.76682], [-95.02798, 32.76502], [-95.02743, 32.76186], [-95.02361, 32.75691], [-95.02252, 32.75691], [-95.02688, 32.75195], [-95.02796, 32.7506], [-95.02796, 32.74699], [-95.02687, 32.74203], [-95.02577, 32.73798]]}, "properties": {"operator": "Enbridge Pipelines (East Texas)", "pipe_type": "Intrastate"}}, {"type": "Feature", "geometry": {"type": "LineString", "coordinates": [[-95.0427, 32.7984], [-95.03946, 32.79791], [-95.03401, 32.80061], [-95.03128, 32.80377], [-95.02802, 32.80647], [-95.02529, 32.80872], [-95.02257, 32.81098], [-95.0193, 32.81368], [-95.01712, 32.81593], [-95.01549, 32.81728]]}, "properties": {"operator": "Enbridge Pipelines (East Texas)", "pipe_type": "Intrastate"}}, {"type": "Feature", "geometry": {"type": "LineString", "coordinates": [[-95.03112, 32.77228], [-95.0269, 32.77403], [-95.02254, 32.77673], [-95.0209, 32.77718], [-95.01545, 32.77898], [-95.01, 32.77943], [-95.00836, 32.77268]]}, "properties": {"operator": "Enbridge Pipelines (East Texas)", "pipe_type": "Intrastate"}}, {"type": "Feature", "geometry": {"type": "LineString", "coordinates": [[-95.01981, 32.76862], [-95.02913, 32.76819]]}, "properties": {"operator": "Enbridge Pipelines (East Texas)", "pipe_type": "Intrastate"}}, {"type": "Feature", "geometry": {"type": "LineString", "coordinates": [[-95.0563, 32.73888], [-95.06174, 32.73483], [-95.06217, 32.73475]]}, "properties": {"operator": "Enbridge Pipelines (East Texas)", "pipe_type": "Intrastate"}}, {"type": "Feature", "geometry": {"type": "LineString", "coordinates": [[-94.905, 32.74741], [-94.90586, 32.74318], [-94.90858, 32.73822], [-94.91021, 32.73597], [-94.91184, 32.73326], [-94.9162, 32.72875], [-94.9162, 32.7283], [-94.92055, 32.72334], [-94.92165, 32.72289], [-94.92546, 32.71838], [-94.926, 32.71342], [-94.9249, 32.70846], [-94.92544, 32.7035], [-94.92707, 32.69854], [-94.92707, 32.69734], [-94.92707, 32.69358], [-94.92706, 32.68862], [-94.92706, 32.68366], [-94.92705, 32.6796], [-94.92705, 32.6787], [-94.93032, 32.67374], [-94.93304, 32.67013], [-94.93468, 32.66878], [-94.93849, 32.66878], [-94.94449, 32.66923], [-94.94779, 32.66814], [-94.94994, 32.66742], [-94.95539, 32.66472], [-94.95757, 32.66382], [-94.96138, 32.66382], [-94.96683, 32.66427], [-94.97283, 32.66562], [-94.97828, 32.66652], [-94.98373, 32.66652], [-94.98973, 32.66246], [-94.99027, 32.65885], [-94.99135, 32.6539], [-94.99298, 32.64893], [-94.99352, 32.64397], [-94.99352, 32.64307]]}, "properties": {"operator": "Enbridge Pipelines (East Texas)", "pipe_type": "Intrastate"}}, {"type": "Feature", "geometry": {"type": "LineString", "coordinates": [[-94.93483, 32.82931], [-94.92938, 32.82931], [-94.92604, 32.82756], [-94.92338, 32.82616], [-94.92174, 32.82435], [-94.91792, 32.82029], [-94.91737, 32.81939], [-94.91628, 32.81578]]}, "properties": {"operator": "Enbridge Pipelines (East Texas)", "pipe_type": "Intrastate"}}, {"type": "Feature", "geometry": {"type": "LineString", "coordinates": [[-94.96314, 32.79459], [-94.95769, 32.79639], [-94.95224, 32.79639], [-94.94878, 32.79743], [-94.94625, 32.7982], [-94.94461, 32.79955], [-94.9408, 32.8009], [-94.9348, 32.8018], [-94.92935, 32.80406], [-94.92935, 32.80451], [-94.9239, 32.80812], [-94.92282, 32.80947], [-94.91901, 32.81443], [-94.91792, 32.81488], [-94.91628, 32.81578]]}, "properties": {"operator": "Enbridge Pipelines (East Texas)", "pipe_type": "Intrastate"}}, {"type": "Feature", "geometry": {"type": "LineString", "coordinates": [[-94.83788, 32.82971], [-94.83562, 32.8299], [-94.82962, 32.83035], [-94.82418, 32.8308], [-94.81818, 32.8308], [-94.8153, 32.8308], [-94.81273, 32.8308], [-94.80728, 32.8308], [-94.80128, 32.83125], [-94.79583, 32.83215], [-94.78984, 32.83215], [-94.78493, 32.83215], [-94.78438, 32.83215], [-94.77893, 32.83215], [-94.77567, 32.83441], [-94.77294, 32.83621], [-94.76749, 32.83756], [-94.76149, 32.83756], [-94.75604, 32.83576], [-94.75059, 32.83396], [-94.74922, 32.83303], [-94.74459, 32.8299], [-94.74459, 32.82945], [-94.73913, 32.82449], [-94.73314, 32.82449], [-94.72878, 32.82494]]}, "properties": {"operator": "Enbridge Pipelines (East Texas)", "pipe_type": "Intrastate"}}, {"type": "Feature", "geometry": {"type": "LineString", "coordinates": [[-94.89342, 32.85186], [-94.89955, 32.85367]]}, "properties": {"operator": "Enbridge Pipelines (East Texas)", "pipe_type": "Intrastate"}}, {"type": "Feature", "geometry": {"type": "LineString", "coordinates": [[-95.40741, 32.52826], [-95.40143, 32.52962], [-95.39681, 32.52887]]}, "properties": {"operator": "Enbridge Pipelines (East Texas)", "pipe_type": "Intrastate"}}, {"type": "Feature", "geometry": {"type": "LineString", "coordinates": [[-95.39712, 32.52041], [-95.39763, 32.52513], [-95.39681, 32.52887], [-95.39655, 32.53008], [-95.39546, 32.53504], [-95.39492, 32.53999], [-95.39166, 32.5445], [-95.39112, 32.54496], [-95.39057, 32.54496]]}, "properties": {"operator": "Enbridge Pipelines (East Texas)", "pipe_type": "Intrastate"}}, {"type": "Feature", "geometry": {"type": "LineString", "coordinates": [[-94.87768, 32.92497], [-94.87223, 32.92047], [-94.87168, 32.92002], [-94.87044, 32.91814], [-94.86841, 32.91506], [-94.86622, 32.91101], [-94.86513, 32.91011], [-94.86077, 32.90785], [-94.8575, 32.90515], [-94.85477, 32.9038], [-94.85381, 32.90274]]}, "properties": {"operator": "Enbridge Pipelines (East Texas)", "pipe_type": "Intrastate"}}, {"type": "Feature", "geometry": {"type": "LineString", "coordinates": [[-94.85381, 32.90274], [-94.8515, 32.90019], [-94.84931, 32.89749], [-94.84931, 32.89524], [-94.84876, 32.89524], [-94.84331, 32.89253], [-94.83949, 32.89028], [-94.83786, 32.88938], [-94.83404, 32.88532], [-94.83185, 32.88352], [-94.82858, 32.88037], [-94.8264, 32.87901], [-94.82313, 32.87541], [-94.82094, 32.87045], [-94.82039, 32.86955], [-94.8193, 32.8655], [-94.81712, 32.86054], [-94.81493, 32.85739], [-94.81275, 32.85558], [-94.80948, 32.85288], [-94.8073, 32.85063], [-94.80457, 32.84567], [-94.80347, 32.84477], [-94.80129, 32.84071], [-94.79911, 32.83576], [-94.79583, 32.83215]]}, "properties": {"operator": "Enbridge Pipelines (East Texas)", "pipe_type": "Intrastate"}}, {"type": "Feature", "geometry": {"type": "LineString", "coordinates": [[-94.66724, 32.87927], [-94.66574, 32.8782], [-94.6641, 32.8773], [-94.66028, 32.87325], [-94.65864, 32.87191], [-94.65372, 32.87011], [-94.64935, 32.86517], [-94.64771, 32.86472], [-94.64225, 32.86518], [-94.63678, 32.86565], [-94.63077, 32.86566], [-94.62531, 32.86522], [-94.61985, 32.86478], [-94.61384, 32.86389], [-94.60837, 32.8639], [-94.60236, 32.86301], [-94.5969, 32.86212], [-94.59142, 32.86203], [-94.5883, 32.86179], [-94.5856, 32.86179]]}, "properties": {"operator": "Enbridge Pipelines (East Texas)", "pipe_type": "Intrastate"}}, {"type": "Feature", "geometry": {"type": "LineString", "coordinates": [[-94.74145, 32.91587], [-94.73786, 32.91588], [-94.7324, 32.91634], [-94.72639, 32.91365], [-94.72147, 32.9078], [-94.72092, 32.90781], [-94.7171, 32.90286], [-94.71546, 32.90151], [-94.70945, 32.89882], [-94.70836, 32.89792], [-94.70399, 32.89658], [-94.69798, 32.89524], [-94.6947, 32.893], [-94.69251, 32.8921], [-94.68705, 32.88896], [-94.68541, 32.88806], [-94.68104, 32.88627], [-94.67558, 32.88403], [-94.67394, 32.88313], [-94.67011, 32.88134], [-94.66724, 32.87927]]}, "properties": {"operator": "Enbridge Pipelines (East Texas)", "pipe_type": "Intrastate"}}, {"type": "Feature", "geometry": {"type": "LineString", "coordinates": [[-94.87862, 32.92608], [-94.87942, 32.92306], [-94.8804, 32.91815], [-94.88203, 32.91319], [-94.88584, 32.90868], [-94.88584, 32.90823], [-94.88911, 32.90327], [-94.88985, 32.9025]]}, "properties": {"operator": "Enbridge Pipelines (East Texas)", "pipe_type": "Intrastate"}}, {"type": "Feature", "geometry": {"type": "LineString", "coordinates": [[-94.88985, 32.9025], [-94.89129, 32.90101], [-94.89346, 32.89831], [-94.89455, 32.89515], [-94.89455, 32.89019], [-94.89563, 32.88523], [-94.8989, 32.88027], [-94.89889, 32.87531], [-94.89998, 32.87125], [-94.90052, 32.87035], [-94.90379, 32.86539], [-94.90542, 32.86178], [-94.90597, 32.86043], [-94.90814, 32.85547], [-94.90868, 32.8505], [-94.90868, 32.84554], [-94.90868, 32.84345], [-94.90867, 32.84059], [-94.90921, 32.83562], [-94.9103, 32.83066], [-94.91139, 32.82931], [-94.91247, 32.8257], [-94.91302, 32.82074], [-94.91367, 32.81975], [-94.91598, 32.81623], [-94.91628, 32.81578], [-94.91682, 32.81082], [-94.91682, 32.80586], [-94.91681, 32.8009], [-94.91681, 32.79594], [-94.9168, 32.79279], [-94.91735, 32.79098], [-94.91734, 32.78602], [-94.91734, 32.78336], [-94.91734, 32.78106], [-94.91733, 32.7761], [-94.91733, 32.77114], [-94.91569, 32.76618], [-94.9146, 32.76122], [-94.91241, 32.75626], [-94.91132, 32.754], [-94.91077, 32.7513], [-94.90968, 32.74859]]}, "properties": {"operator": "Enbridge Pipelines (East Texas)", "pipe_type": "Intrastate"}}, {"type": "Feature", "geometry": {"type": "LineString", "coordinates": [[-94.87044, 32.91814], [-94.87222, 32.91409], [-94.87549, 32.91048], [-94.87603, 32.90913], [-94.88039, 32.90417], [-94.88148, 32.90372], [-94.88251, 32.9025]]}, "properties": {"operator": "Enbridge Pipelines (East Texas)", "pipe_type": "Intrastate"}}, {"type": "Feature", "geometry": {"type": "LineString", "coordinates": [[-94.8909, 32.74408], [-94.88841, 32.74408], [-94.88242, 32.74499]]}, "properties": {"operator": "Enbridge Pipelines (East Texas)", "pipe_type": "Intrastate"}}, {"type": "Feature", "geometry": {"type": "LineString", "coordinates": [[-94.88461, 32.75916], [-94.89061, 32.756], [-94.89333, 32.7542], [-94.89441, 32.74924], [-94.89114, 32.74429]]}, "properties": {"operator": "Enbridge Pipelines (East Texas)", "pipe_type": "Intrastate"}}, {"type": "Feature", "geometry": {"type": "LineString", "coordinates": [[-94.83205, 32.58637], [-94.83212, 32.58568], [-94.83212, 32.58072], [-94.83048, 32.57757], [-94.83047, 32.57261], [-94.83047, 32.56766], [-94.83101, 32.5627], [-94.83155, 32.55774], [-94.83318, 32.55279], [-94.83317, 32.54783], [-94.83208, 32.54287], [-94.83098, 32.53792], [-94.83044, 32.53296], [-94.82661, 32.52801], [-94.82606, 32.52305], [-94.82606, 32.51809], [-94.82606, 32.51314], [-94.82605, 32.50818], [-94.82605, 32.50322], [-94.82495, 32.49827], [-94.82441, 32.49781], [-94.82549, 32.49331], [-94.82658, 32.48835], [-94.82875, 32.4834], [-94.82938, 32.4819]]}, "properties": {"operator": "Enbridge Pipelines (East Texas)", "pipe_type": "Intrastate"}}, {"type": "Feature", "geometry": {"type": "LineString", "coordinates": [[-94.88251, 32.9025], [-94.88529, 32.89921], [-94.88692, 32.8974], [-94.88856, 32.89515], [-94.88855, 32.89019], [-94.88855, 32.88523], [-94.89018, 32.88027], [-94.89126, 32.87531], [-94.89235, 32.87035], [-94.89398, 32.86719], [-94.89507, 32.86539], [-94.8967, 32.86043], [-94.89888, 32.85547], [-94.89942, 32.85411], [-94.89955, 32.85367], [-94.90051, 32.8505], [-94.90159, 32.84554], [-94.90172, 32.84436], [-94.90213, 32.84059], [-94.90213, 32.83562], [-94.90212, 32.83066], [-94.90375, 32.8257], [-94.90539, 32.82119], [-94.90538, 32.82074], [-94.90756, 32.81578], [-94.9081, 32.81082], [-94.9081, 32.80586], [-94.90809, 32.8009], [-94.90809, 32.79594], [-94.90863, 32.79098], [-94.90971, 32.78602], [-94.90971, 32.78386], [-94.90971, 32.78106], [-94.90861, 32.7761], [-94.90806, 32.77114], [-94.90751, 32.76618], [-94.90587, 32.76122], [-94.90478, 32.75626], [-94.90423, 32.7513], [-94.90095, 32.74634], [-94.89932, 32.74589], [-94.89386, 32.74408], [-94.89107, 32.74408], [-94.8909, 32.74408]]}, "properties": {"operator": "Enbridge Pipelines (East Texas)", "pipe_type": "Intrastate"}}, {"type": "Feature", "geometry": {"type": "LineString", "coordinates": [[-94.89114, 32.74429], [-94.89107, 32.74408], [-94.8895, 32.73933], [-94.88841, 32.73438], [-94.88677, 32.72942], [-94.88458, 32.72762], [-94.87913, 32.72491], [-94.87804, 32.72446], [-94.87368, 32.72311], [-94.8704, 32.71951], [-94.86768, 32.7168], [-94.86549, 32.71455], [-94.86222, 32.71139], [-94.86004, 32.70959], [-94.85622, 32.70869], [-94.85077, 32.70779], [-94.84532, 32.70779], [-94.83932, 32.70689], [-94.83387, 32.70599], [-94.83114, 32.70464], [-94.8295, 32.69968], [-94.82786, 32.69608], [-94.82732, 32.69472], [-94.82241, 32.69067], [-94.82241, 32.68977], [-94.8224, 32.68481], [-94.8224, 32.68093], [-94.8224, 32.67985], [-94.82294, 32.6749], [-94.82511, 32.66994], [-94.82561, 32.66541], [-94.82565, 32.66498], [-94.82565, 32.66003], [-94.82565, 32.65823], [-94.82565, 32.65507], [-94.82782, 32.65147], [-94.82946, 32.65012], [-94.83054, 32.64516], [-94.82999, 32.6402], [-94.82835, 32.63524], [-94.82671, 32.63029], [-94.82507, 32.62533], [-94.82452, 32.62038], [-94.82452, 32.61542], [-94.82669, 32.61046], [-94.82941, 32.60551], [-94.83104, 32.60055], [-94.83104, 32.59559], [-94.83158, 32.59064], [-94.83205, 32.58637]]}, "properties": {"operator": "Enbridge Pipelines (East Texas)", "pipe_type": "Intrastate"}}, {"type": "Feature", "geometry": {"type": "LineString", "coordinates": [[-94.48487, 32.87984], [-94.4831, 32.88034], [-94.47767, 32.88126], [-94.47169, 32.88129], [-94.46626, 32.88222], [-94.46028, 32.88314], [-94.45485, 32.88317], [-94.44941, 32.88274], [-94.44343, 32.88277], [-94.438, 32.88234], [-94.43202, 32.88192], [-94.42659, 32.88104], [-94.42115, 32.88062], [-94.41518, 32.88244], [-94.41246, 32.88426], [-94.40974, 32.88787], [-94.4092, 32.88923], [-94.40648, 32.89419], [-94.40377, 32.8969], [-94.40159, 32.89916], [-94.39833, 32.90008], [-94.3929, 32.90145], [-94.38692, 32.90238], [-94.38257, 32.9042], [-94.38255, 32.90421], [-94.38148, 32.90466], [-94.37551, 32.90693], [-94.37333, 32.9092], [-94.37007, 32.91146], [-94.36844, 32.91417], [-94.36681, 32.91913], [-94.36464, 32.92094], [-94.36247, 32.9241], [-94.36029, 32.92907], [-94.35975, 32.93402], [-94.35866, 32.93673], [-94.35758, 32.93898], [-94.35377, 32.94395], [-94.35323, 32.9444], [-94.35051, 32.94892], [-94.34779, 32.95388], [-94.34725, 32.95389], [-94.34453, 32.95885], [-94.34182, 32.96201], [-94.34073, 32.96382], [-94.33692, 32.96879], [-94.33638, 32.96924], [-94.33258, 32.97376], [-94.3304, 32.97512], [-94.3266, 32.97874], [-94.32497, 32.9801], [-94.32225, 32.98371], [-94.31954, 32.98868], [-94.31899, 32.98913], [-94.31791, 32.99364], [-94.31628, 32.9986], [-94.31356, 33.00311], [-94.31356, 33.00356], [-94.3103, 33.00853], [-94.30867, 33.01349], [-94.30813, 33.0171], [-94.30758, 33.01845], [-94.30378, 33.02342], [-94.30215, 33.02478], [-94.29997, 33.02839], [-94.29671, 33.03291], [-94.29671, 33.03335], [-94.29291, 33.03832], [-94.29073, 33.04104], [-94.28965, 33.04329], [-94.2853, 33.04691], [-94.28476, 33.04827], [-94.28095, 33.05324], [-94.27987, 33.05459], [-94.27769, 33.0582], [-94.27389, 33.06272], [-94.27389, 33.06317], [-94.27172, 33.06814], [-94.27009, 33.0731], [-94.26846, 33.07806], [-94.26574, 33.08302], [-94.26465, 33.08528], [-94.26357, 33.08798], [-94.25922, 33.09296], [-94.25867, 33.09296], [-94.25596, 33.09792], [-94.25378, 33.10289], [-94.25324, 33.10469], [-94.2527, 33.10784], [-94.25161, 33.1128], [-94.24944, 33.11776], [-94.24726, 33.12047], [-94.24672, 33.12273], [-94.24455, 33.12769], [-94.24392, 33.12958], [-94.24292, 33.13265], [-94.24183, 33.13401], [-94.23965, 33.13762], [-94.23694, 33.14258], [-94.23639, 33.14258], [-94.23259, 33.14755], [-94.23042, 33.14981], [-94.22879, 33.15252], [-94.22553, 33.15749], [-94.22498, 33.15839], [-94.22281, 33.16246], [-94.22009, 33.16742], [-94.21901, 33.16787], [-94.2152, 33.17239], [-94.21357, 33.1733], [-94.20922, 33.17737], [-94.20814, 33.17828], [-94.20488, 33.18235], [-94.20216, 33.18596], [-94.20162, 33.18731], [-94.19781, 33.19228], [-94.19673, 33.19499], [-94.19618, 33.19724], [-94.19184, 33.20221], [-94.19075, 33.20267], [-94.18531, 33.20675], [-94.18531, 33.2072], [-94.17988, 33.21172], [-94.17988, 33.21217], [-94.17608, 33.21714], [-94.1739, 33.21986], [-94.17281, 33.22211], [-94.16847, 33.22573], [-94.16684, 33.22709], [-94.16303, 33.22981], [-94.15814, 33.23208], [-94.15706, 33.23209], [-94.15162, 33.23301], [-94.14564, 33.23349], [-94.14021, 33.23396], [-94.13478, 33.23624], [-94.13043, 33.23716], [-94.1288, 33.23717], [-94.12336, 33.23854], [-94.11739, 33.23947], [-94.11195, 33.24084], [-94.10652, 33.24222], [-94.10054, 33.24495], [-94.09511, 33.24677], [-94.09348, 33.24723], [-94.08913, 33.2486], [-94.0837, 33.25042], [-94.08044, 33.25224], [-94.07826, 33.25315], [-94.07228, 33.25588], [-94.06902, 33.25724], [-94.06685, 33.25816], [-94.06087, 33.25953]]}, "properties": {"operator": "Enbridge Pipelines (East Texas)", "pipe_type": "Intrastate"}}, {"type": "Feature", "geometry": {"type": "LineString", "coordinates": [[-94.5856, 32.86179], [-94.57874, 32.861], [-94.57331, 32.86103], [-94.56733, 32.86105], [-94.5619, 32.86108], [-94.55646, 32.86155], [-94.55049, 32.86293], [-94.54505, 32.86385], [-94.54127, 32.86387], [-94.53907, 32.86388], [-94.53364, 32.86481], [-94.52821, 32.86528], [-94.52223, 32.86621], [-94.5206, 32.86711], [-94.51679, 32.86803], [-94.51082, 32.87076], [-94.50919, 32.87212], [-94.50538, 32.87394], [-94.49995, 32.87576], [-94.49451, 32.87714], [-94.48854, 32.87851], [-94.48799, 32.87897], [-94.48487, 32.87984]]}, "properties": {"operator": "Enbridge Pipelines (East Texas)", "pipe_type": "Intrastate"}}, {"type": "Feature", "geometry": {"type": "LineString", "coordinates": [[-94.37206, 32.88015], [-94.37498, 32.88459], [-94.37552, 32.88954], [-94.37606, 32.88999], [-94.37769, 32.89449], [-94.38095, 32.89944], [-94.38204, 32.90124], [-94.38255, 32.90421], [-94.38255, 32.90423]]}, "properties": {"operator": "Enbridge Pipelines (East Texas)", "pipe_type": "Intrastate"}}, {"type": "Feature", "geometry": {"type": "LineString", "coordinates": [[-94.29071, 32.74268], [-94.28911, 32.74597], [-94.28584, 32.74912], [-94.28529, 32.75092], [-94.28528, 32.75587], [-94.28855, 32.76082], [-94.28908, 32.76577], [-94.29071, 32.77072], [-94.29125, 32.77162], [-94.29343, 32.77567], [-94.29723, 32.77972], [-94.29778, 32.78062], [-94.30049, 32.78557], [-94.30266, 32.79053], [-94.30538, 32.79548], [-94.3081, 32.80043], [-94.3119, 32.80538], [-94.31299, 32.81033], [-94.31407, 32.81348], [-94.31461, 32.81528], [-94.31733, 32.82023], [-94.3195, 32.82338], [-94.32114, 32.82518], [-94.32549, 32.82923], [-94.32549, 32.83013], [-94.33093, 32.83418], [-94.33147, 32.83508], [-94.33528, 32.84003], [-94.33637, 32.84093], [-94.33963, 32.84498], [-94.34235, 32.84633], [-94.34561, 32.84993], [-94.34779, 32.85264], [-94.34942, 32.85488], [-94.35377, 32.85894], [-94.35432, 32.85984], [-94.35867, 32.86479], [-94.35921, 32.86479], [-94.36411, 32.86974], [-94.36465, 32.86974], [-94.369, 32.87469], [-94.37064, 32.87649], [-94.37172, 32.87964], [-94.37206, 32.88015]]}, "properties": {"operator": "Enbridge Pipelines (East Texas)", "pipe_type": "Intrastate"}}, {"type": "Feature", "geometry": {"type": "LineString", "coordinates": [[-94.51465, 32.3123], [-94.51157, 32.31145], [-94.50721, 32.3074], [-94.50612, 32.30695], [-94.50231, 32.3038], [-94.49686, 32.3002], [-94.49577, 32.29885], [-94.4936, 32.29391], [-94.49142, 32.29031], [-94.49087, 32.28896], [-94.49015, 32.28564], [-94.48979, 32.28401], [-94.49088, 32.27906], [-94.49143, 32.27411], [-94.49144, 32.26916], [-94.49144, 32.26618], [-94.49144, 32.26421], [-94.48545, 32.25971], [-94.48545, 32.25926], [-94.48, 32.25791], [-94.47565, 32.25432], [-94.47401, 32.25252], [-94.47238, 32.24937], [-94.46857, 32.24487], [-94.46857, 32.24442], [-94.46312, 32.23947], [-94.45787, 32.23789], [-94.45713, 32.23767], [-94.45168, 32.23632], [-94.44841, 32.23452], [-94.44568, 32.23407], [-94.44024, 32.23002], [-94.43969, 32.22957], [-94.43479, 32.22777], [-94.42879, 32.22552], [-94.42607, 32.22462], [-94.42334, 32.22417], [-94.41735, 32.22282], [-94.4119, 32.22192], [-94.40645, 32.22102], [-94.40427, 32.21968], [-94.40046, 32.21788], [-94.39501, 32.21563], [-94.39392, 32.21473], [-94.38901, 32.21383], [-94.38356, 32.21203], [-94.37811, 32.21113], [-94.37212, 32.21068], [-94.36667, 32.21068], [-94.36067, 32.21113], [-94.35522, 32.21113], [-94.34977, 32.21023], [-94.34977, 32.20978], [-94.34377, 32.20933], [-94.33833, 32.20663], [-94.33506, 32.20483], [-94.33233, 32.20348], [-94.32688, 32.20078], [-94.3247, 32.19988], [-94.32144, 32.19853], [-94.31544, 32.19808], [-94.30999, 32.19943], [-94.30399, 32.19943], [-94.29854, 32.19853], [-94.29309, 32.19673], [-94.28873, 32.19493], [-94.2871, 32.19493], [-94.28165, 32.19313], [-94.2762, 32.19313], [-94.2702, 32.19313], [-94.26475, 32.19313], [-94.25876, 32.19223], [-94.25331, 32.19178], [-94.24785, 32.19223], [-94.24186, 32.19313], [-94.2364, 32.19493], [-94.23531, 32.19988], [-94.24021, 32.20483], [-94.24075, 32.20978], [-94.23966, 32.21473], [-94.23911, 32.21968], [-94.2391, 32.22462], [-94.23855, 32.22957], [-94.23964, 32.23452], [-94.24072, 32.23947], [-94.24126, 32.24442], [-94.24126, 32.24937], [-94.2418, 32.25162], [-94.24235, 32.25432], [-94.24398, 32.25926], [-94.24452, 32.26421], [-94.2456, 32.26916], [-94.24723, 32.27411], [-94.24778, 32.27501], [-94.24777, 32.27906], [-94.24831, 32.28401], [-94.24885, 32.28896], [-94.24939, 32.29391], [-94.24993, 32.29885], [-94.25047, 32.3038], [-94.25156, 32.30875], [-94.25319, 32.31325], [-94.25319, 32.3137], [-94.25537, 32.31865], [-94.25536, 32.3236], [-94.2559, 32.32855], [-94.2559, 32.3335], [-94.25535, 32.33845], [-94.25698, 32.34339], [-94.25861, 32.34834], [-94.25862, 32.3484]]}, "properties": {"operator": "Enbridge Pipelines (East Texas)", "pipe_type": "Intrastate"}}, {"type": "Feature", "geometry": {"type": "LineString", "coordinates": [[-94.5459, 32.32225], [-94.5399, 32.32225], [-94.53451, 32.32181], [-94.53445, 32.3218], [-94.529, 32.32135], [-94.52464, 32.3173], [-94.52301, 32.31595], [-94.52204, 32.31547], [-94.51756, 32.31325], [-94.51484, 32.31235], [-94.51465, 32.3123]]}, "properties": {"operator": "Enbridge Pipelines (East Texas)", "pipe_type": "Intrastate"}}, {"type": "Feature", "geometry": {"type": "LineString", "coordinates": [[-94.27613, 32.5197], [-94.2704, 32.52452], [-94.26821, 32.52768], [-94.26767, 32.52948], [-94.26711, 32.53443], [-94.26765, 32.53938], [-94.26873, 32.54433], [-94.27308, 32.54928], [-94.27363, 32.54928], [-94.2758, 32.55423], [-94.27906, 32.55828], [-94.2796, 32.55918], [-94.28119, 32.564], [-94.28123, 32.56413], [-94.28177, 32.56908], [-94.28176, 32.57403], [-94.2823, 32.57898], [-94.28174, 32.58394], [-94.28174, 32.58889], [-94.28064, 32.59384], [-94.28063, 32.59879], [-94.28171, 32.60374], [-94.28388, 32.60869], [-94.28497, 32.61049], [-94.28606, 32.61364], [-94.28768, 32.61859], [-94.28822, 32.62354], [-94.28876, 32.62849], [-94.29038, 32.63254], [-94.29093, 32.63344], [-94.29419, 32.6384], [-94.29636, 32.64245], [-94.29636, 32.64335], [-94.29581, 32.6483], [-94.29526, 32.65325], [-94.29416, 32.6582], [-94.29361, 32.66315], [-94.2936, 32.6681], [-94.29414, 32.67305], [-94.29413, 32.678], [-94.29521, 32.68295], [-94.2952, 32.68791], [-94.29519, 32.69286], [-94.29627, 32.69781], [-94.29681, 32.70276], [-94.29844, 32.70771], [-94.30061, 32.71266], [-94.3017, 32.71401], [-94.30224, 32.71761], [-94.30277, 32.72256], [-94.30113, 32.72751], [-94.29731, 32.73111], [-94.29567, 32.73606], [-94.29185, 32.74102], [-94.2913, 32.74147], [-94.29071, 32.74268]]}, "properties": {"operator": "Enbridge Pipelines (East Texas)", "pipe_type": "Intrastate"}}, {"type": "Feature", "geometry": {"type": "LineString", "coordinates": [[-94.25862, 32.3484], [-94.25984, 32.35621], [-94.26147, 32.36116], [-94.26038, 32.36611], [-94.25983, 32.37107], [-94.25983, 32.37602], [-94.26038, 32.38098], [-94.26013, 32.38323], [-94.25983, 32.38593], [-94.26037, 32.39089], [-94.25982, 32.39584], [-94.25982, 32.4008], [-94.25996, 32.40204], [-94.26037, 32.40575], [-94.26036, 32.41071], [-94.26036, 32.41566], [-94.26036, 32.42061], [-94.26036, 32.42557], [-94.25817, 32.43052], [-94.25872, 32.43548], [-94.25817, 32.44043], [-94.25816, 32.44539], [-94.25871, 32.45034], [-94.25925, 32.4553], [-94.25979, 32.46025], [-94.26143, 32.4652], [-94.26088, 32.47016], [-94.26088, 32.47511], [-94.26142, 32.47675], [-94.26251, 32.48007], [-94.26305, 32.48502], [-94.26469, 32.48998], [-94.26578, 32.49358], [-94.26578, 32.49493], [-94.26796, 32.49988], [-94.27014, 32.50484], [-94.27122, 32.50844], [-94.27177, 32.50979], [-94.2734, 32.51475], [-94.27613, 32.5197], [-94.27712, 32.52141]]}, "properties": {"operator": "Enbridge Pipelines (East Texas)", "pipe_type": "Intrastate"}}, {"type": "Feature", "geometry": {"type": "LineString", "coordinates": [[-94.51037, 32.33021], [-94.51364, 32.32749], [-94.51909, 32.32296], [-94.51963, 32.3225], [-94.52181, 32.31754], [-94.52204, 32.31547]]}, "properties": {"operator": "Enbridge Pipelines (East Texas)", "pipe_type": "Intrastate"}}, {"type": "Feature", "geometry": {"type": "LineString", "coordinates": [[-95.594, 32.55033], [-95.59728, 32.54999], [-95.60273, 32.55089], [-95.60546, 32.55539], [-95.60819, 32.55764], [-95.61418, 32.55989], [-95.61418, 32.56035], [-95.61963, 32.56125], [-95.62563, 32.5617], [-95.63108, 32.5626], [-95.63653, 32.5626], [-95.64253, 32.56305], [-95.64798, 32.5635], [-95.65397, 32.5644], [-95.65615, 32.5653], [-95.65942, 32.5653], [-95.66488, 32.56575], [-95.67087, 32.56665], [-95.67632, 32.5671], [-95.67944, 32.56736], [-95.68177, 32.56755], [-95.68777, 32.56845], [-95.69322, 32.5689], [-95.69922, 32.5698], [-95.70412, 32.57025], [-95.70467, 32.57025], [-95.71012, 32.57385], [-95.71175, 32.5752], [-95.71611, 32.5779], [-95.72157, 32.57971], [-95.72211, 32.58016], [-95.72756, 32.5806], [-95.73301, 32.58106], [-95.73846, 32.58331], [-95.74446, 32.58466], [-95.74501, 32.58511], [-95.74991, 32.58511], [-95.75591, 32.58556], [-95.76136, 32.58646], [-95.76681, 32.58646], [-95.7728, 32.58466], [-95.77826, 32.58511], [-95.78425, 32.58781], [-95.7897, 32.58871], [-95.79515, 32.59006], [-95.80115, 32.59096], [-95.8066, 32.59186], [-95.81174, 32.59186], [-95.8126, 32.59186], [-95.81773, 32.59271], [-95.81805, 32.59276], [-95.8235, 32.59501], [-95.82949, 32.59681], [-95.83494, 32.59997], [-95.84094, 32.60177], [-95.84639, 32.60312], [-95.85075, 32.60492], [-95.85184, 32.60492], [-95.85784, 32.60537], [-95.86329, 32.60627], [-95.86929, 32.60717], [-95.87474, 32.60807], [-95.88019, 32.60807], [-95.88564, 32.60987], [-95.88618, 32.60987], [-95.89163, 32.61167], [-95.89763, 32.61122], [-95.90199, 32.61482], [-95.90254, 32.61708]]}, "properties": {"operator": "Enbridge Pipelines (East Texas)", "pipe_type": "Intrastate"}}, {"type": "Feature", "geometry": {"type": "LineString", "coordinates": [[-95.17904, 32.4628], [-95.1841, 32.46489], [-95.18683, 32.46579], [-95.1901, 32.46624], [-95.19555, 32.46805], [-95.201, 32.46985], [-95.20318, 32.47075], [-95.207, 32.47165], [-95.21245, 32.47255], [-95.21844, 32.47255], [-95.22389, 32.47345], [-95.22935, 32.47525], [-95.22989, 32.4757], [-95.23534, 32.4775], [-95.24079, 32.47795], [-95.24679, 32.47885], [-95.25061, 32.48065], [-95.25224, 32.4811], [-95.25769, 32.4838], [-95.26151, 32.4856], [-95.26369, 32.48605], [-95.26914, 32.48786], [-95.27513, 32.48966], [-95.27568, 32.49056], [-95.28058, 32.49236], [-95.28604, 32.49281], [-95.29203, 32.49326], [-95.29748, 32.49416], [-95.30075, 32.49551], [-95.30348, 32.49686], [-95.30893, 32.49866], [-95.31329, 32.50046], [-95.31438, 32.50046], [-95.32038, 32.50226], [-95.32583, 32.50407], [-95.33182, 32.50497], [-95.33182, 32.50541], [-95.33728, 32.50632], [-95.34273, 32.50857], [-95.34654, 32.51037], [-95.34872, 32.51037], [-95.35417, 32.51172], [-95.36017, 32.51307], [-95.36562, 32.51397], [-95.36835, 32.51307], [-95.3738, 32.51487], [-95.37925, 32.51667], [-95.38524, 32.51757], [-95.39069, 32.51847], [-95.39396, 32.51982], [-95.39669, 32.52027], [-95.39712, 32.52041], [-95.40214, 32.52207], [-95.40759, 32.52298], [-95.41304, 32.52478], [-95.41359, 32.52478], [-95.41904, 32.52523], [-95.42503, 32.52658], [-95.43049, 32.52703], [-95.43594, 32.52703], [-95.44193, 32.52883], [-95.44738, 32.52928], [-95.45338, 32.52928], [-95.45447, 32.52973], [-95.45883, 32.52973], [-95.46428, 32.53018], [-95.47028, 32.53153], [-95.47573, 32.53198], [-95.47845, 32.53468], [-95.48118, 32.53738], [-95.48718, 32.53828], [-95.49263, 32.53828], [-95.49862, 32.53828], [-95.50407, 32.53918], [-95.50516, 32.53963], [-95.50952, 32.54008], [-95.51552, 32.54098], [-95.52097, 32.54278], [-95.52697, 32.54278], [-95.53242, 32.54278], [-95.53787, 32.54278], [-95.54386, 32.54278], [-95.54932, 32.54369], [-95.5515, 32.54459], [-95.55531, 32.54549], [-95.56076, 32.54549], [-95.56621, 32.54549], [-95.57221, 32.54549], [-95.57766, 32.54549], [-95.58366, 32.54549], [-95.58584, 32.54549], [-95.59129, 32.54954], [-95.59292, 32.55044], [-95.594, 32.55033]]}, "properties": {"operator": "Enbridge Pipelines (East Texas)", "pipe_type": "Intrastate"}}, {"type": "Feature", "geometry": {"type": "LineString", "coordinates": [[-95.01777, 32.44748], [-95.02548, 32.44688], [-95.03148, 32.44733], [-95.03693, 32.44778], [-95.04238, 32.44778], [-95.04838, 32.44733], [-95.05383, 32.44824], [-95.05982, 32.44913], [-95.06527, 32.44958], [-95.07018, 32.45094], [-95.07072, 32.45094], [-95.07672, 32.45094], [-95.08217, 32.45094], [-95.08817, 32.45139], [-95.09362, 32.45139], [-95.09907, 32.45184], [-95.10507, 32.45229], [-95.11052, 32.45274], [-95.11651, 32.45274], [-95.12196, 32.45274], [-95.12741, 32.45319], [-95.13341, 32.45364], [-95.13886, 32.45454], [-95.14486, 32.45544], [-95.14867, 32.45589], [-95.15031, 32.45589], [-95.15576, 32.45724], [-95.16175, 32.45904], [-95.16557, 32.46084], [-95.1672, 32.46084], [-95.17266, 32.46174], [-95.17865, 32.46264], [-95.17904, 32.4628], [-95.18261, 32.45814], [-95.18424, 32.45679], [-95.18912, 32.45317], [-95.19021, 32.45272], [-95.19401, 32.44821], [-95.19564, 32.44685], [-95.19836, 32.44324], [-95.20053, 32.43829], [-95.20107, 32.43783], [-95.20433, 32.43332], [-95.20704, 32.43152], [-95.2103, 32.42836], [-95.21247, 32.427], [-95.21682, 32.42339], [-95.21845, 32.42248], [-95.22279, 32.41842], [-95.22388, 32.41842], [-95.22876, 32.41345], [-95.22931, 32.413], [-95.23256, 32.40849], [-95.23528, 32.40488], [-95.23582, 32.40353], [-95.24071, 32.40171], [-95.24234, 32.39856], [-95.24288, 32.3936], [-95.24397, 32.38865], [-95.24505, 32.38369], [-95.24559, 32.37874], [-95.24559, 32.37379], [-95.24668, 32.37288], [-95.25211, 32.37197], [-95.25754, 32.37196], [-95.2608, 32.3688], [-95.26134, 32.36384], [-95.2608, 32.35889], [-95.2608, 32.35394], [-95.26188, 32.34898], [-95.26188, 32.34763]]}, "properties": {"operator": "Enbridge Pipelines (East Texas)", "pipe_type": "Intrastate"}}, {"type": "Feature", "geometry": {"type": "LineString", "coordinates": [[-94.94545, 32.53133], [-94.95091, 32.52772], [-94.95309, 32.52637], [-94.95637, 32.52141], [-94.95691, 32.52141], [-94.95726, 32.52121], [-94.96237, 32.51825], [-94.96836, 32.51824], [-94.97382, 32.51734], [-94.97818, 32.51733], [-94.98364, 32.51417], [-94.98613, 32.51361]]}, "properties": {"operator": "Enbridge Pipelines (East Texas)", "pipe_type": "Intrastate"}}, {"type": "Feature", "geometry": {"type": "LineString", "coordinates": [[-94.98613, 32.51361], [-94.98964, 32.51281], [-94.99018, 32.51236], [-94.99509, 32.51146], [-95.00055, 32.50965], [-95.00655, 32.50874], [-95.00818, 32.50739], [-95.012, 32.50558], [-95.018, 32.50513], [-95.02345, 32.50422], [-95.02772, 32.50219]]}, "properties": {"operator": "Enbridge Pipelines (East Texas)", "pipe_type": "Intrastate"}}, {"type": "Feature", "geometry": {"type": "LineString", "coordinates": [[-94.98609, 32.4268], [-94.98241, 32.42707], [-94.97696, 32.42662], [-94.97533, 32.42662], [-94.96933, 32.42617], [-94.96388, 32.42617], [-94.95842, 32.42527], [-94.95296, 32.42166], [-94.95242, 32.42166], [-94.94696, 32.41941], [-94.94151, 32.41761], [-94.93551, 32.41716], [-94.93442, 32.41671], [-94.93006, 32.41626], [-94.92406, 32.41581], [-94.91861, 32.41626], [-94.91316, 32.41716], [-94.90717, 32.41851], [-94.90172, 32.41941], [-94.89572, 32.41986], [-94.89304, 32.42009], [-94.89028, 32.42031], [-94.88483, 32.42166], [-94.87883, 32.42302], [-94.87339, 32.42617], [-94.8723, 32.42662], [-94.8674, 32.42617], [-94.86195, 32.42617], [-94.85649, 32.42482], [-94.85049, 32.42392], [-94.84504, 32.42347], [-94.83904, 32.42302], [-94.83359, 32.42212], [-94.82923, 32.42166], [-94.82814, 32.42166], [-94.82214, 32.42076], [-94.81669, 32.42122], [-94.81513, 32.42157], [-94.8107, 32.42257], [-94.80525, 32.42392], [-94.79981, 32.42617], [-94.79763, 32.42662]]}, "properties": {"operator": "Enbridge Pipelines (East Texas)", "pipe_type": "Intrastate"}}, {"type": "Feature", "geometry": {"type": "LineString", "coordinates": [[-95.01777, 32.44748], [-95.01081, 32.446], [-95.00644, 32.44329], [-95.00535, 32.44329], [-94.9999, 32.44149], [-94.99716, 32.43834], [-94.99497, 32.43338], [-94.99387, 32.43158], [-94.99223, 32.42842], [-94.98841, 32.42662], [-94.98609, 32.4268]]}, "properties": {"operator": "Enbridge Pipelines (East Texas)", "pipe_type": "Intrastate"}}, {"type": "Feature", "geometry": {"type": "LineString", "coordinates": [[-94.77519, 32.37185], [-94.76994, 32.37264], [-94.76808, 32.3711]]}, "properties": {"operator": "Enbridge Pipelines (East Texas)", "pipe_type": "Intrastate"}}, {"type": "Feature", "geometry": {"type": "LineString", "coordinates": [[-94.76808, 32.3711], [-94.76504, 32.36859]]}, "properties": {"operator": "Enbridge Pipelines (East Texas)", "pipe_type": "Intrastate"}}, {"type": "Feature", "geometry": {"type": "LineString", "coordinates": [[-94.81792, 32.37082], [-94.81791, 32.37084], [-94.81518, 32.37309]]}, "properties": {"operator": "Enbridge Pipelines (East Texas)", "pipe_type": "Intrastate"}}, {"type": "Feature", "geometry": {"type": "LineString", "coordinates": [[-94.83646, 32.36274], [-94.831, 32.36544], [-94.82991, 32.36589], [-94.82391, 32.36724], [-94.81845, 32.36994], [-94.81792, 32.37082]]}, "properties": {"operator": "Enbridge Pipelines (East Texas)", "pipe_type": "Intrastate"}}, {"type": "Feature", "geometry": {"type": "LineString", "coordinates": [[-94.80922, 32.37087], [-94.80755, 32.36949], [-94.80483, 32.36679], [-94.79939, 32.36274], [-94.79394, 32.36274], [-94.78794, 32.36274], [-94.78249, 32.36364], [-94.77703, 32.36769], [-94.77554, 32.37106]]}, "properties": {"operator": "Enbridge Pipelines (East Texas)", "pipe_type": "Intrastate"}}, {"type": "Feature", "geometry": {"type": "LineString", "coordinates": [[-94.82172, 32.37444], [-94.81572, 32.37444], [-94.81518, 32.37417], [-94.81028, 32.37174], [-94.80922, 32.37087]]}, "properties": {"operator": "Enbridge Pipelines (East Texas)", "pipe_type": "Intrastate"}}, {"type": "Feature", "geometry": {"type": "LineString", "coordinates": [[-94.77554, 32.37106], [-94.77519, 32.37185], [-94.77484, 32.37264], [-94.77429, 32.37759], [-94.77429, 32.37894]]}, "properties": {"operator": "Enbridge Pipelines (East Texas)", "pipe_type": "Intrastate"}}, {"type": "Feature", "geometry": {"type": "LineString", "coordinates": [[-94.69521, 32.40364], [-94.69247, 32.40863], [-94.69137, 32.41358], [-94.69081, 32.41853], [-94.69067, 32.41912]]}, "properties": {"operator": "Enbridge Pipelines (East Texas)", "pipe_type": "Intrastate"}}, {"type": "Feature", "geometry": {"type": "LineString", "coordinates": [[-94.69067, 32.41912], [-94.69061, 32.41935], [-94.68971, 32.42302], [-94.68971, 32.42348], [-94.68807, 32.42842], [-94.68751, 32.43337], [-94.6875, 32.43832], [-94.6875, 32.44327], [-94.68749, 32.44822], [-94.68802, 32.45317], [-94.68926, 32.45694]]}, "properties": {"operator": "Enbridge Pipelines (East Texas)", "pipe_type": "Intrastate"}}, {"type": "Feature", "geometry": {"type": "LineString", "coordinates": [[-94.63179, 32.38741], [-94.63255, 32.38973], [-94.63418, 32.39018], [-94.63962, 32.39152], [-94.64507, 32.39287], [-94.65105, 32.39377], [-94.65378, 32.39467], [-94.6565, 32.39512], [-94.66248, 32.39692], [-94.66793, 32.39917], [-94.66792, 32.39962], [-94.67337, 32.39871], [-94.67936, 32.39871], [-94.6848, 32.39826], [-94.6903, 32.39867], [-94.69079, 32.39871], [-94.69624, 32.39871], [-94.70168, 32.3987], [-94.70767, 32.3987], [-94.71311, 32.3987], [-94.7191, 32.3987], [-94.72454, 32.40365], [-94.72508, 32.40455], [-94.72617, 32.4095], [-94.72653, 32.41115], [-94.72725, 32.41445], [-94.72942, 32.4194], [-94.72996, 32.42075], [-94.73052, 32.4226], [-94.73105, 32.42435], [-94.73594, 32.42705], [-94.74029, 32.4293], [-94.74138, 32.4293], [-94.74737, 32.43199], [-94.75281, 32.43244], [-94.75826, 32.43199], [-94.76424, 32.43289], [-94.76969, 32.43199], [-94.77103, 32.43171], [-94.77528, 32.43022]]}, "properties": {"operator": "Enbridge Pipelines (East Texas)", "pipe_type": "Intrastate"}}, {"type": "Feature", "geometry": {"type": "LineString", "coordinates": [[-94.62276, 32.38028], [-94.62821, 32.38163], [-94.63092, 32.38478], [-94.63179, 32.38741]]}, "properties": {"operator": "Enbridge Pipelines (East Texas)", "pipe_type": "Intrastate"}}, {"type": "Feature", "geometry": {"type": "LineString", "coordinates": [[-94.51936, 32.30517], [-94.51745, 32.3027], [-94.51364, 32.30137], [-94.50764, 32.29916], [-94.50655, 32.29781], [-94.5011, 32.29289], [-94.50056, 32.29245], [-94.49837, 32.28796], [-94.49728, 32.28301], [-94.49674, 32.27806], [-94.49728, 32.2731], [-94.49728, 32.26815], [-94.4951, 32.26726], [-94.49144, 32.26618], [-94.48911, 32.2655], [-94.48366, 32.26553], [-94.47821, 32.26376], [-94.47712, 32.26332], [-94.47221, 32.26109], [-94.4684, 32.25841], [-94.46676, 32.25752], [-94.46349, 32.25349], [-94.46076, 32.25035], [-94.46022, 32.24855], [-94.45913, 32.24361], [-94.45804, 32.23866], [-94.45787, 32.23789], [-94.45695, 32.23372], [-94.45531, 32.23147], [-94.45204, 32.22879], [-94.44986, 32.22745], [-94.4455, 32.22388], [-94.44387, 32.22253], [-94.44168, 32.21894], [-94.43896, 32.21401], [-94.43841, 32.21356], [-94.43678, 32.20907], [-94.43405, 32.20413], [-94.43296, 32.20279], [-94.43187, 32.19919], [-94.42969, 32.19425], [-94.42697, 32.19292], [-94.42152, 32.19025], [-94.41988, 32.18936], [-94.41552, 32.18578], [-94.41388, 32.18444], [-94.41007, 32.18176], [-94.40789, 32.17952], [-94.40462, 32.17774], [-94.39862, 32.17507], [-94.39862, 32.17462], [-94.39317, 32.1724], [-94.3899, 32.16972], [-94.38718, 32.16793], [-94.38554, 32.16479], [-94.38173, 32.16076], [-94.38118, 32.15986], [-94.38001, 32.15854], [-94.37682, 32.15493], [-94.37627, 32.15449], [-94.37137, 32.15001], [-94.37028, 32.14957], [-94.36537, 32.1451], [-94.36483, 32.14465], [-94.35883, 32.14198], [-94.35774, 32.14019], [-94.35338, 32.13886], [-94.34902, 32.13528], [-94.34793, 32.13439], [-94.34193, 32.13262], [-94.33648, 32.13311], [-94.33049, 32.13359], [-94.32504, 32.13542], [-94.31958, 32.1323], [-94.31631, 32.13052], [-94.31359, 32.12963], [-94.30814, 32.12876], [-94.30214, 32.12655], [-94.30105, 32.12565], [-94.29669, 32.12253], [-94.29342, 32.12075], [-94.29124, 32.12031], [-94.28524, 32.11719], [-94.28306, 32.11585], [-94.27979, 32.11407], [-94.27598, 32.11094], [-94.2738, 32.11005], [-94.26834, 32.10648], [-94.26834, 32.10603], [-94.26289, 32.10246], [-94.26232, 32.10211], [-94.26071, 32.10112], [-94.2569, 32.0998], [-94.25145, 32.09622], [-94.24545, 32.09221], [-94.24436, 32.09131], [-94.24, 32.08954], [-94.23618, 32.08641], [-94.23455, 32.08507], [-94.22964, 32.08149], [-94.22855, 32.0815], [-94.2231, 32.07793], [-94.22038, 32.07659], [-94.21711, 32.07526], [-94.21166, 32.07304], [-94.20893, 32.07171], [-94.2062, 32.07037], [-94.20184, 32.06679], [-94.20021, 32.06635], [-94.19476, 32.06458], [-94.18931, 32.06191], [-94.18331, 32.05925], [-94.18004, 32.05701], [-94.17786, 32.05568], [-94.17552, 32.05414], [-94.17241, 32.05211], [-94.17186, 32.05211], [-94.16641, 32.04854], [-94.16423, 32.0472], [-94.16096, 32.04497], [-94.15769, 32.04229], [-94.15497, 32.0396], [-94.15333, 32.03736], [-94.14951, 32.03513], [-94.14679, 32.03244], [-94.14352, 32.03111], [-94.1397, 32.02753], [-94.13807, 32.02709], [-94.13262, 32.02397], [-94.13044, 32.02263], [-94.12662, 32.02175], [-94.12117, 32.01953], [-94.11681, 32.01776], [-94.11517, 32.01732], [-94.10972, 32.0151], [-94.10427, 32.01288], [-94.09828, 32.01156], [-94.09282, 32.00934], [-94.0901, 32.00801], [-94.08683, 32.00667], [-94.08138, 32.00535], [-94.07593, 32.00403], [-94.06993, 32.00407], [-94.06448, 32.0041], [-94.06067, 32.00322], [-94.05848, 32.00323], [-94.05303, 32.00327], [-94.04758, 32.0033], [-94.04223, 32.00333]]}, "properties": {"operator": "Enbridge Pipelines (East Texas)", "pipe_type": "Intrastate"}}, {"type": "Feature", "geometry": {"type": "LineString", "coordinates": [[-94.62276, 32.38028], [-94.6195, 32.37983], [-94.61677, 32.37893], [-94.61133, 32.37803], [-94.60589, 32.37803], [-94.5999, 32.37803], [-94.59446, 32.37714], [-94.58956, 32.37489], [-94.58847, 32.37444], [-94.58303, 32.36994], [-94.57759, 32.36499], [-94.57433, 32.36229], [-94.57324, 32.36139], [-94.56835, 32.35734], [-94.56781, 32.35599], [-94.56237, 32.35239], [-94.56237, 32.35194], [-94.55638, 32.34789], [-94.55584, 32.34744], [-94.55094, 32.34384], [-94.54822, 32.3425], [-94.54496, 32.34115], [-94.53952, 32.33935], [-94.53462, 32.33755], [-94.53408, 32.33665], [-94.53082, 32.3326], [-94.52916, 32.32882], [-94.52865, 32.32765], [-94.5281, 32.3263], [-94.52647, 32.3227], [-94.52204, 32.31547], [-94.52236, 32.31258], [-94.52127, 32.30763], [-94.51936, 32.30517]]}, "properties": {"operator": "Enbridge Pipelines (East Texas)", "pipe_type": "Intrastate"}}, {"type": "Feature", "geometry": {"type": "LineString", "coordinates": [[-94.38095, 32.89944], [-94.38858, 32.89785], [-94.39295, 32.89425], [-94.39404, 32.8938], [-94.39896, 32.88929], [-94.40005, 32.88838], [-94.40333, 32.88433], [-94.40552, 32.88297], [-94.40861, 32.88006]]}, "properties": {"operator": "Enbridge Pipelines (East Texas)", "pipe_type": "Intrastate"}}, {"type": "Feature", "geometry": {"type": "LineString", "coordinates": [[-94.40861, 32.88006], [-94.40934, 32.87937], [-94.41098, 32.87846], [-94.41698, 32.87711], [-94.42243, 32.87576], [-94.42843, 32.87621], [-94.43388, 32.87621], [-94.43933, 32.87576], [-94.44533, 32.87576], [-94.45078, 32.87666], [-94.45677, 32.87756], [-94.46222, 32.87756], [-94.46767, 32.87756], [-94.47367, 32.87756], [-94.47912, 32.87576], [-94.48512, 32.87486], [-94.49058, 32.8735], [-94.49658, 32.87035], [-94.49767, 32.8699], [-94.50204, 32.86854], [-94.50804, 32.86539], [-94.50859, 32.86494], [-94.5135, 32.86403], [-94.51895, 32.86223], [-94.52495, 32.86133], [-94.53041, 32.86043], [-94.53041, 32.85997], [-94.5364, 32.85952], [-94.54087, 32.85952], [-94.54186, 32.85952], [-94.54731, 32.85862], [-94.55331, 32.85772], [-94.55876, 32.85682], [-94.56459, 32.85726], [-94.57021, 32.85772]]}, "properties": {"operator": "Enbridge Pipelines (East Texas)", "pipe_type": "Intrastate"}}, {"type": "Feature", "geometry": {"type": "LineString", "coordinates": [[-94.68062, 32.23755], [-94.68062, 32.23423], [-94.67961, 32.22905], [-94.67507, 32.22435], [-94.67507, 32.22387], [-94.67254, 32.2187], [-94.67002, 32.21494], [-94.66952, 32.21352], [-94.66649, 32.20835], [-94.66498, 32.20317], [-94.66498, 32.198], [-94.66549, 32.19282], [-94.66499, 32.18906], [-94.66499, 32.18765], [-94.665, 32.18247], [-94.66399, 32.17729], [-94.66399, 32.17212], [-94.66349, 32.16694], [-94.6635, 32.16176], [-94.66401, 32.15659], [-94.6635, 32.15141], [-94.663, 32.14624], [-94.65947, 32.14341], [-94.65543, 32.14106], [-94.65442, 32.14059], [-94.64886, 32.13824], [-94.64431, 32.13588], [-94.64381, 32.13588], [-94.63875, 32.13447], [-94.63319, 32.13306], [-94.62814, 32.13165], [-94.62713, 32.13071], [-94.62259, 32.12695], [-94.62107, 32.12553], [-94.61753, 32.12459], [-94.61248, 32.12083], [-94.61198, 32.12036], [-94.60973, 32.11748], [-94.60794, 32.11518], [-94.60693, 32.1133], [-94.60592, 32.11001], [-94.60492, 32.10483], [-94.60492, 32.10383], [-94.60492, 32.09966], [-94.6046, 32.09635], [-94.60442, 32.09448], [-94.60442, 32.0893], [-94.60392, 32.08413], [-94.60443, 32.07895], [-94.60494, 32.07377], [-94.60495, 32.0686], [-94.60394, 32.06342], [-94.60445, 32.05825], [-94.60395, 32.05307], [-94.60496, 32.04789], [-94.60547, 32.04272], [-94.60447, 32.03754], [-94.60599, 32.03237], [-94.60448, 32.02719], [-94.60398, 32.02202], [-94.6055, 32.01684], [-94.6055, 32.01166], [-94.6055, 32.00649], [-94.6045, 32.00131], [-94.6045, 31.99614], [-94.60552, 31.99096], [-94.60552, 31.98578], [-94.60603, 31.98061], [-94.60654, 31.97543], [-94.60756, 31.97026], [-94.60301, 31.96508], [-94.602, 31.96508], [-94.59817, 31.96508]]}, "properties": {"operator": "Enbridge Pipelines (East Texas)", "pipe_type": "Intrastate"}}, {"type": "Feature", "geometry": {"type": "LineString", "coordinates": [[-94.59817, 31.96508], [-94.59644, 31.96508], [-94.59139, 31.96602], [-94.58633, 31.96461], [-94.58077, 31.96367], [-94.57572, 31.96273], [-94.57016, 31.96132], [-94.56663, 31.95991], [-94.56511, 31.95896], [-94.56006, 31.95896], [-94.5545, 31.95849], [-94.54945, 31.95614], [-94.54641, 31.95473], [-94.54389, 31.95426], [-94.53883, 31.95473], [-94.53378, 31.95332], [-94.52822, 31.95144], [-94.52317, 31.95191], [-94.51761, 31.95191], [-94.51255, 31.95144], [-94.51058, 31.9518]]}, "properties": {"operator": "Enbridge Pipelines (East Texas)", "pipe_type": "Intrastate"}}, {"type": "Feature", "geometry": {"type": "LineString", "coordinates": [[-94.51058, 31.9518], [-94.5075, 31.95238], [-94.50194, 31.95379], [-94.49688, 31.9552], [-94.49335, 31.9552], [-94.48829, 31.95379], [-94.48273, 31.9552], [-94.47768, 31.95567], [-94.47262, 31.95708], [-94.46706, 31.95755], [-94.46201, 31.95614], [-94.45645, 31.95473], [-94.4514, 31.95379], [-94.44634, 31.95379], [-94.44129, 31.95002], [-94.44079, 31.95002], [-94.43573, 31.94861], [-94.43018, 31.94908], [-94.42512, 31.95049], [-94.42007, 31.95144], [-94.41451, 31.95191], [-94.40945, 31.95191], [-94.40389, 31.95144], [-94.39884, 31.94955], [-94.39379, 31.94861], [-94.38823, 31.94814], [-94.38317, 31.94767], [-94.37762, 31.94626], [-94.37458, 31.94485], [-94.37256, 31.94438], [-94.36751, 31.94297], [-94.36195, 31.94203], [-94.3569, 31.94203], [-94.35134, 31.94203], [-94.34628, 31.9425], [-94.34174, 31.93967], [-94.34123, 31.9392], [-94.3377, 31.93544]]}, "properties": {"operator": "Enbridge Pipelines (East Texas)", "pipe_type": "Intrastate"}}, {"type": "Feature", "geometry": {"type": "LineString", "coordinates": [[-94.59136, 32.89289], [-94.59138, 32.88793], [-94.58594, 32.88388], [-94.58485, 32.88297], [-94.58151, 32.87951]]}, "properties": {"operator": "Enbridge Pipelines (East Texas)", "pipe_type": "Intrastate"}}, {"type": "Feature", "geometry": {"type": "LineString", "coordinates": [[-94.58151, 32.87951], [-94.5805, 32.87846], [-94.57996, 32.87801], [-94.57934, 32.87776], [-94.57452, 32.87576], [-94.57071, 32.87305]]}, "properties": {"operator": "Enbridge Pipelines (East Texas)", "pipe_type": "Intrastate"}}, {"type": "Feature", "geometry": {"type": "LineString", "coordinates": [[-94.85822, 32.15146], [-94.86267, 32.15328], [-94.86369, 32.1537], [-94.8697, 32.15278], [-94.87517, 32.15412], [-94.87845, 32.15636], [-94.88118, 32.15725], [-94.88665, 32.15724], [-94.89098, 32.15794], [-94.89212, 32.15812], [-94.89759, 32.16126], [-94.89813, 32.16171], [-94.9036, 32.1653], [-94.9047, 32.1662], [-94.90962, 32.16979], [-94.9118, 32.17113], [-94.91508, 32.17202], [-94.92055, 32.17426], [-94.92657, 32.17425], [-94.93203, 32.17513], [-94.93367, 32.17603], [-94.93805, 32.17602], [-94.94352, 32.1769], [-94.94899, 32.17869], [-94.95172, 32.17868], [-94.955, 32.17868], [-94.96047, 32.17866], [-94.96072, 32.17866], [-94.96648, 32.17865], [-94.96976, 32.17864], [-94.97523, 32.17997], [-94.98125, 32.18176], [-94.98502, 32.18313]]}, "properties": {"operator": "Enbridge Pipelines (East Texas)", "pipe_type": "Intrastate"}}, {"type": "Feature", "geometry": {"type": "LineString", "coordinates": [[-94.98502, 32.18313], [-94.98617, 32.18355], [-94.98671, 32.18355], [-94.99218, 32.18578], [-94.9982, 32.18712], [-95.00202, 32.18846], [-95.00366, 32.18846], [-95.00968, 32.18979], [-95.01515, 32.19203], [-95.01679, 32.19253], [-95.01952, 32.19337], [-95.02062, 32.19382], [-95.02663, 32.19425], [-95.0321, 32.19424], [-95.03811, 32.19377], [-95.04358, 32.19466], [-95.04905, 32.19509], [-95.05506, 32.19643], [-95.06053, 32.19777], [-95.06272, 32.19821], [-95.06655, 32.1982], [-95.07201, 32.19819], [-95.07748, 32.19772], [-95.0804, 32.19772], [-95.0835, 32.19771], [-95.08896, 32.20084], [-95.08905, 32.20122], [-95.08951, 32.2031], [-95.08951, 32.20805], [-95.09006, 32.213], [-95.09013, 32.21362], [-95.0906, 32.21795]]}, "properties": {"operator": "Enbridge Pipelines (East Texas)", "pipe_type": "Intrastate"}}, {"type": "Feature", "geometry": {"type": "LineString", "coordinates": [[-94.98534, 32.00313], [-94.98187, 32.00573], [-94.98133, 32.00618], [-94.97642, 32.00798], [-94.9737, 32.01023], [-94.96596, 32.01622], [-94.9605, 32.01892], [-94.95778, 32.02117], [-94.95451, 32.02298], [-94.95015, 32.02613], [-94.94906, 32.02658], [-94.9447, 32.03108], [-94.94362, 32.03602], [-94.94362, 32.03647], [-94.93926, 32.04096], [-94.93763, 32.04231], [-94.936, 32.04591], [-94.93368, 32.05013], [-94.93328, 32.05085], [-94.93219, 32.0522], [-94.92892, 32.0558], [-94.9262, 32.05895], [-94.92511, 32.06075], [-94.92075, 32.0639], [-94.91966, 32.0657], [-94.9164, 32.07065], [-94.91531, 32.07289], [-94.91368, 32.07559], [-94.91096, 32.08054], [-94.90933, 32.08414], [-94.90933, 32.08548], [-94.90497, 32.09043], [-94.90388, 32.09178], [-94.9028, 32.09538], [-94.90063, 32.10032], [-94.8979, 32.10302], [-94.89627, 32.10527], [-94.89245, 32.10977], [-94.89245, 32.11022], [-94.88919, 32.11517], [-94.887, 32.11607], [-94.88155, 32.12013], [-94.881, 32.12058], [-94.88101, 32.12507], [-94.87938, 32.13002], [-94.8783, 32.13496], [-94.87557, 32.13721], [-94.87394, 32.13991], [-94.87013, 32.14487], [-94.86958, 32.14576], [-94.8674, 32.14981], [-94.86413, 32.15207], [-94.86267, 32.15328], [-94.86086, 32.15477], [-94.85868, 32.15927], [-94.85868, 32.15972], [-94.85487, 32.16467], [-94.85269, 32.16782], [-94.85105, 32.16963], [-94.84723, 32.17278], [-94.8456, 32.17458], [-94.84123, 32.17909], [-94.84123, 32.17954], [-94.83578, 32.1836], [-94.83523, 32.1845], [-94.83032, 32.18766], [-94.82868, 32.18946], [-94.82432, 32.19262], [-94.82213, 32.19442], [-94.81886, 32.19668], [-94.81558, 32.19938], [-94.8134, 32.20209], [-94.81122, 32.20434], [-94.8074, 32.2075], [-94.80576, 32.2093], [-94.80194, 32.21336], [-94.80085, 32.21426], [-94.7998, 32.21484], [-94.79594, 32.21697], [-94.79134, 32.21849], [-94.79048, 32.21878], [-94.78993, 32.21923], [-94.78501, 32.2206], [-94.77901, 32.22196], [-94.77354, 32.22288], [-94.76861, 32.22326], [-94.76753, 32.22334], [-94.76206, 32.22201], [-94.7566, 32.22068], [-94.75059, 32.2198], [-94.74566, 32.21442], [-94.74511, 32.21307], [-94.7391, 32.21623], [-94.73638, 32.21939], [-94.73365, 32.2212], [-94.73092, 32.22255]]}, "properties": {"operator": "Enbridge Pipelines (East Texas)", "pipe_type": "Intrastate"}}, {"type": "Feature", "geometry": {"type": "LineString", "coordinates": [[-95.27927, 31.60392], [-95.27886, 31.60392], [-95.27288, 31.608], [-95.2718, 31.60891], [-95.26745, 31.61118], [-95.26365, 31.6139], [-95.26202, 31.61435], [-95.25605, 31.61663], [-95.25061, 31.6189], [-95.24464, 31.62027], [-95.24409, 31.62028], [-95.23698, 31.62347], [-95.23534, 31.62572], [-95.23153, 31.62841], [-95.22826, 31.63066], [-95.22553, 31.63245], [-95.22226, 31.6356], [-95.22008, 31.63695], [-95.21408, 31.63829], [-95.21136, 31.64054], [-95.20863, 31.64368], [-95.20819, 31.64417], [-95.207, 31.64548], [-95.20318, 31.64997], [-95.20264, 31.65042], [-95.19719, 31.65401], [-95.19555, 31.65536], [-95.19173, 31.65851], [-95.18955, 31.6603], [-95.18574, 31.6621], [-95.18247, 31.66524], [-95.18029, 31.66704], [-95.17702, 31.67019], [-95.17484, 31.67153], [-95.16993, 31.67513], [-95.16884, 31.67603], [-95.16584, 31.67973], [-95.16557, 31.68007], [-95.16339, 31.68276], [-95.1623, 31.68501], [-95.15739, 31.6895], [-95.15739, 31.68995], [-95.15249, 31.69489], [-95.15194, 31.69534], [-95.14867, 31.69983], [-95.14649, 31.70298], [-95.14595, 31.70477], [-95.14322, 31.70971], [-95.1405, 31.71286], [-95.13995, 31.71466], [-95.13505, 31.71825], [-95.1345, 31.7196], [-95.13177, 31.72454], [-95.12999, 31.72859], [-95.12959, 31.72948], [-95.12905, 31.72948], [-95.12741, 31.73442], [-95.1236, 31.73891], [-95.1236, 31.73936], [-95.12142, 31.7443], [-95.11815, 31.7479], [-95.11706, 31.74924], [-95.11488, 31.75418], [-95.11215, 31.75643], [-95.10997, 31.75913], [-95.1067, 31.76137], [-95.10507, 31.76407], [-95.1007, 31.76676], [-95.09798, 31.76901], [-95.09525, 31.77215], [-95.09253, 31.77395], [-95.0898, 31.7762], [-95.08817, 31.77889], [-95.08381, 31.78293], [-95.08381, 31.78383], [-95.08108, 31.78877], [-95.0789, 31.79371], [-95.07835, 31.79596], [-95.07781, 31.79866], [-95.07508, 31.8036], [-95.07345, 31.80854], [-95.07345, 31.81348], [-95.07236, 31.81483], [-95.07181, 31.81842], [-95.06963, 31.82336], [-95.06745, 31.8283], [-95.06691, 31.8292], [-95.06527, 31.83324], [-95.062, 31.83818], [-95.06146, 31.83908], [-95.05928, 31.84312], [-95.0571, 31.84807], [-95.05601, 31.85301], [-95.05546, 31.85301], [-95.05219, 31.85795], [-95.05001, 31.86019], [-95.04838, 31.86289], [-95.04565, 31.86783], [-95.04456, 31.86873], [-95.04347, 31.87277], [-95.04129, 31.87771], [-95.03911, 31.88265], [-95.03856, 31.8831], [-95.03638, 31.88759], [-95.03638, 31.89254], [-95.0342, 31.89748], [-95.03311, 31.89972], [-95.03257, 31.90242], [-95.03039, 31.90736], [-95.02821, 31.9123], [-95.02712, 31.91365], [-95.02548, 31.91724], [-95.02166, 31.92039], [-95.02058, 31.92218], [-95.01894, 31.92712], [-95.0184, 31.93207], [-95.01621, 31.93566], [-95.01512, 31.93701], [-95.01294, 31.94195], [-95.01076, 31.94689], [-95.01076, 31.95183], [-95.01022, 31.95363], [-95.00913, 31.95677], [-95.0064, 31.96171], [-95.00477, 31.96351], [-95.00259, 31.96665], [-94.99986, 31.97159], [-94.99877, 31.97294], [-94.9955, 31.97653], [-94.99332, 31.98148], [-94.99059, 31.98642], [-94.99059, 31.99136], [-94.9895, 31.9963], [-94.98787, 32.00034], [-94.98787, 32.00124], [-94.98534, 32.00313]]}, "properties": {"operator": "Enbridge Pipelines (East Texas)", "pipe_type": "Intrastate"}}, {"type": "Feature", "geometry": {"type": "LineString", "coordinates": [[-95.01777, 32.44748], [-95.02007, 32.45269], [-95.02171, 32.45764], [-95.0228, 32.46078], [-95.02335, 32.46258], [-95.0239, 32.46753], [-95.0239, 32.47249], [-95.0239, 32.47744], [-95.0239, 32.48239], [-95.02444, 32.48734], [-95.02663, 32.49229], [-95.02772, 32.49723], [-95.02772, 32.50219], [-95.02827, 32.50714], [-95.02936, 32.51209], [-95.03046, 32.51703], [-95.03046, 32.52199], [-95.03046, 32.52694], [-95.03088, 32.52884]]}, "properties": {"operator": "Enbridge Pipelines (East Texas)", "pipe_type": "Intrastate"}}, {"type": "Feature", "geometry": {"type": "LineString", "coordinates": [[-95.03088, 32.52884], [-95.03155, 32.53189], [-95.03374, 32.53683], [-95.03374, 32.54178], [-95.03428, 32.54223], [-95.03593, 32.54673], [-95.03647, 32.55168], [-95.03702, 32.55663], [-95.03866, 32.56158], [-95.03866, 32.56653], [-95.03866, 32.57148], [-95.03975, 32.57283], [-95.04085, 32.57643], [-95.0419, 32.5812], [-95.04194, 32.58137], [-95.04303, 32.58632], [-95.04303, 32.59128], [-95.04303, 32.59623], [-95.04358, 32.60118], [-95.04522, 32.60612], [-95.04522, 32.61108], [-95.04522, 32.61603], [-95.04577, 32.61963], [-95.04577, 32.62098], [-95.04686, 32.62593], [-95.04761, 32.6282], [-95.0485, 32.63088], [-95.04959, 32.63582], [-95.05014, 32.64077], [-95.05014, 32.64573], [-95.05014, 32.65068], [-95.05014, 32.65563], [-95.05124, 32.65923], [-95.05178, 32.66058], [-95.05274, 32.66346], [-95.05342, 32.66553], [-95.05397, 32.67048], [-95.05452, 32.67543], [-95.0567, 32.67902], [-95.0567, 32.68037], [-95.05944, 32.68531], [-95.06162, 32.69026], [-95.06217, 32.69521], [-95.06217, 32.70016], [-95.06217, 32.70321], [-95.06217, 32.70511], [-95.06217, 32.71007], [-95.06217, 32.71502], [-95.06217, 32.71997], [-95.06217, 32.72232], [-95.06217, 32.72492], [-95.06217, 32.72988], [-95.06217, 32.73475], [-95.06217, 32.73483], [-95.06217, 32.73978], [-95.06098, 32.74339], [-95.06053, 32.74474], [-95.05889, 32.7497], [-95.0567, 32.75466], [-95.05506, 32.75962], [-95.05287, 32.76458], [-95.05124, 32.76774], [-95.05119, 32.76789], [-95.05069, 32.76954], [-95.04905, 32.7745], [-95.04878, 32.7769], [-95.0485, 32.77946], [-95.04795, 32.78441], [-95.04741, 32.78937], [-95.04631, 32.79432], [-95.04577, 32.79477], [-95.0427, 32.7984], [-95.04194, 32.79929], [-95.04139, 32.80425], [-95.03975, 32.8074], [-95.03866, 32.80921], [-95.03756, 32.80966]]}, "properties": {"operator": "Enbridge Pipelines (East Texas)", "pipe_type": "Intrastate"}}, {"type": "Feature", "geometry": {"type": "LineString", "coordinates": [[-94.59287, 32.22978], [-94.59831, 32.23425], [-94.59831, 32.2347], [-94.60428, 32.23737], [-94.60754, 32.2396], [-94.60972, 32.24139], [-94.61352, 32.24452], [-94.6157, 32.24586], [-94.61851, 32.24851]]}, "properties": {"operator": "Enbridge Pipelines (East Texas)", "pipe_type": "Intrastate"}}, {"type": "Feature", "geometry": {"type": "LineString", "coordinates": [[-94.61851, 32.24851], [-94.6195, 32.24944], [-94.61896, 32.25439], [-94.6157, 32.25936], [-94.60972, 32.26255], [-94.60646, 32.26437], [-94.60428, 32.26483], [-94.59831, 32.26802], [-94.59722, 32.26938], [-94.59624, 32.26979], [-94.59287, 32.2712], [-94.58744, 32.27394], [-94.58689, 32.27439], [-94.58146, 32.27577], [-94.57603, 32.2758], [-94.57222, 32.27943], [-94.57059, 32.28034], [-94.56787, 32.2844], [-94.56461, 32.28757], [-94.56244, 32.28939], [-94.55918, 32.29211], [-94.55646, 32.29438], [-94.5532, 32.29574], [-94.54777, 32.29758], [-94.54505, 32.29939], [-94.54233, 32.30211], [-94.53907, 32.30438], [-94.53636, 32.3053], [-94.53092, 32.30758], [-94.52821, 32.30939], [-94.52495, 32.31122], [-94.52204, 32.31547]]}, "properties": {"operator": "Enbridge Pipelines (East Texas)", "pipe_type": "Intrastate"}}, {"type": "Feature", "geometry": {"type": "LineString", "coordinates": [[-93.99, 30.12013], [-93.99124, 30.14249], [-93.99371, 30.15954], [-94.00982, 30.1638], [-94.03213, 30.16806], [-94.05691, 30.17338], [-94.0755, 30.17978], [-94.07922, 30.19043], [-94.0755, 30.22664], [-94.08293, 30.23836], [-94.09285, 30.25647], [-94.11639, 30.27351], [-94.14117, 30.2863], [-94.17463, 30.3076], [-94.21447, 30.31213], [-94.24009, 30.33126], [-94.24743, 30.33474], [-94.26939, 30.35039], [-94.29111, 30.3566], [-94.32209, 30.36405], [-94.36174, 30.37577], [-94.46831, 30.36299], [-94.52283, 30.3566], [-94.54637, 30.37364], [-94.55505, 30.38323], [-94.56992, 30.39068], [-94.70127, 30.4759], [-94.78677, 30.49614], [-94.84253, 30.50999], [-94.90697, 30.54194], [-94.95157, 30.59094], [-94.97264, 30.63142], [-95.01477, 30.76244], [-95.04203, 30.85085], [-95.06681, 30.88493], [-95.09036, 30.9073], [-95.11018, 30.94139], [-95.13745, 30.98315], [-95.2688, 31.09569], [-95.2973, 31.11799], [-95.31836, 31.13391], [-95.3766, 31.21566], [-95.40634, 31.24812], [-95.42245, 31.28396], [-95.45095, 31.31874], [-95.45343, 31.33666], [-95.46334, 31.37144], [-95.46458, 31.38831], [-95.47697, 31.41044], [-95.48812, 31.44101], [-95.50175, 31.45787], [-95.51043, 31.46841], [-95.52778, 31.48106], [-95.53769, 31.49371], [-95.55132, 31.49898], [-95.56743, 31.50636], [-95.57982, 31.51268], [-95.61823, 31.54641], [-95.62691, 31.5717], [-95.6455, 31.58225], [-95.66656, 31.59595], [-95.68515, 31.61176], [-95.69878, 31.62019], [-95.71984, 31.63705], [-95.74339, 31.64865], [-95.76693, 31.66867], [-95.76693, 31.68027], [-95.77808, 31.69502], [-95.82145, 31.73508], [-95.82765, 31.74772], [-95.85367, 31.75932], [-95.86482, 31.76986], [-95.86978, 31.77513], [-95.87598, 31.7804], [-95.88217, 31.78883], [-95.89456, 31.80148], [-95.90819, 31.81413], [-95.91563, 31.83205], [-95.92554, 31.85418], [-95.92905, 31.88102], [-95.92802, 31.92269]]}, "properties": {"operator": "Enbridge Pipelines (East Texas)", "pipe_type": "Intrastate"}}, {"type": "Feature", "geometry": {"type": "LineString", "coordinates": [[-95.90292, 31.91293], [-95.87213, 31.91451], [-95.82701, 31.90932], [-95.71894, 31.90708], [-95.66073, 31.90843], [-95.59466, 31.90737], [-95.55185, 31.90992], [-95.51097, 31.90621], [-95.45593, 31.89798], [-95.41524, 31.90015], [-95.36134, 31.89061], [-95.28293, 31.89419], [-95.24678, 31.89528], [-95.21498, 31.89005], [-95.19132, 31.88577], [-95.11491, 31.88949], [-95.07575, 31.9051], [-94.98968, 31.93807]]}, "properties": {"operator": "Energy Transfer", "pipe_type": "Intrastate"}}, {"type": "Feature", "geometry": {"type": "LineString", "coordinates": [[-95.09522, 31.88439], [-95.11491, 31.88949], [-95.13941, 31.94098]]}, "properties": {"operator": "Energy Transfer", "pipe_type": "Intrastate"}}, {"type": "Feature", "geometry": {"type": "LineString", "coordinates": [[-94.26248, 32.18794], [-94.40133, 32.18816], [-94.50218, 32.11997], [-94.92273, 31.97908], [-95.07816, 31.91647], [-95.21529, 31.90082], [-95.45299, 31.90082], [-95.90097, 31.90082], [-96.09296, 31.76776], [-96.23924, 31.7208], [-96.37638, 31.79907], [-96.59622, 31.80511], [-96.7695, 31.84603], [-96.93406, 31.97126], [-97.21748, 32.06518], [-97.40033, 32.16693], [-97.51917, 32.26085], [-97.59135, 32.31431], [-97.59581, 32.29774]]}, "properties": {"operator": "Energy Transfer", "pipe_type": "Intrastate"}}, {"type": "Feature", "geometry": {"type": "LineString", "coordinates": [[-94.64871, 32.02363], [-94.65979, 32.03732], [-94.66128, 32.04479], [-94.65852, 32.05565], [-94.65428, 32.05903], [-94.64979, 32.06607], [-94.64941, 32.07157], [-94.65102, 32.07721]]}, "properties": {"operator": "Energy Transfer", "pipe_type": "Intrastate"}}, {"type": "Feature", "geometry": {"type": "LineString", "coordinates": [[-94.72098, 32.05092], [-94.72869, 32.0752], [-94.72111, 32.0883], [-94.72101, 32.10021], [-94.72731, 32.11325]]}, "properties": {"operator": "Energy Transfer", "pipe_type": "Intrastate"}}, {"type": "Feature", "geometry": {"type": "LineString", "coordinates": [[-94.56412, 32.0114], [-94.59325, 32.02416], [-94.62425, 32.02814], [-94.64871, 32.02363], [-94.65525, 32.01619], [-94.66711, 32.01059], [-94.68066, 32.01114], [-94.68647, 32.02482], [-94.69713, 32.04287], [-94.70616, 32.05108], [-94.72098, 32.05092], [-94.73951, 32.04405], [-94.748, 32.03264], [-94.75437, 32.02382], [-94.77073, 32.01639], [-94.78991, 32.00982], [-94.80313, 32.00614], [-94.81994, 32.00271], [-94.8323, 31.99906], [-94.83537, 31.99599], [-94.84451, 31.99214], [-94.84518, 31.991], [-94.86423, 31.98259], [-94.86988, 31.98291], [-94.87235, 31.98396], [-94.87351, 31.98504], [-94.88254, 31.98809], [-94.88434, 31.98763], [-94.89095, 31.98465], [-94.92609, 31.96826], [-94.92724, 31.96771], [-94.92853, 31.96746], [-94.93004, 31.96675], [-94.95329, 31.95338], [-94.95576, 31.9523], [-94.95609, 31.95221], [-94.95767, 31.95113], [-94.95788, 31.95069], [-94.96615, 31.94592], [-94.96929, 31.93632], [-94.97449, 31.93201], [-94.98067, 31.93276], [-94.98968, 31.93807]]}, "properties": {"operator": "Energy Transfer", "pipe_type": "Intrastate"}}, {"type": "Feature", "geometry": {"type": "LineString", "coordinates": [[-94.86423, 31.98259], [-94.87952, 32.00567], [-94.88708, 32.02144], [-94.88881, 32.03811], [-94.88808, 32.04865], [-94.87857, 32.06121], [-94.86745, 32.0763], [-94.856, 32.096], [-94.84948, 32.11739], [-94.84423, 32.13091], [-94.84778, 32.16295], [-94.85135, 32.1738], [-94.85337, 32.17593]]}, "properties": {"operator": "Energy Transfer", "pipe_type": "Intrastate"}}, {"type": "Feature", "geometry": {"type": "LineString", "coordinates": [[-94.98968, 31.93807], [-95.09522, 31.88439], [-95.13488, 31.86145], [-95.15833, 31.84103], [-95.21564, 31.80008], [-95.2322, 31.78935], [-95.25, 31.76368], [-95.29919, 31.71313], [-95.30305, 31.70782], [-95.30654, 31.70267], [-95.31083, 31.69795], [-95.31268, 31.69644], [-95.32055, 31.689], [-95.34011, 31.67006], [-95.34062, 31.66952], [-95.34132, 31.66956], [-95.34295, 31.66681], [-95.34418, 31.66544], [-95.34742, 31.66333], [-95.36119, 31.64662], [-95.36571, 31.64556], [-95.3675, 31.64256], [-95.37888, 31.63198], [-95.38006, 31.63058], [-95.38137, 31.62843], [-95.38338, 31.62644], [-95.38744, 31.62449], [-95.39084, 31.62298], [-95.39595, 31.62016], [-95.39831, 31.61876], [-95.40682, 31.61125], [-95.42227, 31.59491], [-95.42757, 31.5895]]}, "properties": {"operator": "Energy Transfer", "pipe_type": "Intrastate"}}, {"type": "Feature", "geometry": {"type": "LineString", "coordinates": [[-95.31441, 31.94644], [-95.24308, 31.95926], [-95.19878, 31.87922], [-94.97152, 31.63746], [-94.88374, 31.53127], [-94.83183, 31.43675], [-94.705, 31.24719], [-94.66834, 31.1975], [-94.62896, 31.07868], [-94.52009, 30.84469], [-94.51154, 30.8201], [-94.50382, 30.79625], [-94.49433, 30.77442], [-94.49024, 30.76743], [-94.4728, 30.73298], [-94.42952, 30.64532], [-94.42839, 30.64278], [-94.42685, 30.64299], [-94.42324, 30.63027], [-94.42051, 30.62392], [-94.41334, 30.61416], [-94.38288, 30.53677], [-94.37286, 30.53189], [-94.3689, 30.518], [-94.34372, 30.46902], [-94.34111, 30.46255], [-94.33821, 30.45258], [-94.33377, 30.44336], [-94.32477, 30.43434], [-94.31724, 30.42734], [-94.30593, 30.4143], [-94.30072, 30.40782], [-94.28189, 30.37304], [-94.24768, 30.29743], [-94.23596, 30.27239]]}, "properties": {"operator": "Energy Transfer", "pipe_type": "Intrastate"}}, {"type": "Feature", "geometry": {"type": "LineString", "coordinates": [[-94.67316, 31.19607], [-94.91922, 31.17434], [-95.04047, 31.16053], [-95.11218, 31.14823], [-95.28738, 31.12358], [-95.33801, 31.11712], [-95.39242, 31.10167], [-95.54281, 31.07123], [-95.55462, 31.06804], [-95.56527, 31.06493], [-95.57838, 31.06209], [-95.58404, 31.06119], [-95.60813, 31.05671], [-95.66792, 31.04531], [-95.66947, 31.04497], [-95.6716, 31.045], [-95.67659, 31.04335], [-95.68036, 31.04252], [-95.69027, 31.04125], [-95.73235, 31.03119], [-95.74618, 31.03055], [-95.75166, 31.02875], [-95.78644, 31.02238], [-95.79004, 31.02154], [-95.79405, 31.02024], [-95.81228, 31.00562], [-95.82715, 31.00037], [-95.84639, 30.99288], [-95.87263, 30.97939], [-95.96885, 30.93294]]}, "properties": {"operator": "Energy Transfer", "pipe_type": "Intrastate"}}, {"type": "Feature", "geometry": {"type": "LineString", "coordinates": [[-93.8805, 30.39807], [-93.91975, 30.41396], [-93.99935, 30.54678], [-94.17305, 30.5546], [-94.41076, 30.60157], [-94.89185, 30.91775], [-95.00501, 30.94595], [-95.17872, 30.96943], [-95.37071, 31.11814], [-95.60841, 31.26685], [-95.79126, 31.36859], [-96.09478, 31.43408], [-96.24033, 31.41738], [-96.40912, 31.4153], [-96.34307, 31.46851], [-96.31372, 31.49564], [-96.2599, 31.57182], [-96.23911, 31.5906], [-96.22443, 31.63442], [-96.21342, 31.70642], [-96.19752, 31.72312]]}, "properties": {"operator": "Energy Transfer", "pipe_type": "Intrastate"}}, {"type": "Feature", "geometry": {"type": "LineString", "coordinates": [[-94.70643, 32.37894], [-94.70893, 32.35968]]}, "properties": {"operator": "Coral Energy Pipeline Co", "pipe_type": "Intrastate"}}, {"type": "Feature", "geometry": {"type": "LineString", "coordinates": [[-94.70266, 32.39693], [-94.70643, 32.37894]]}, "properties": {"operator": "Coral Energy Pipeline Co", "pipe_type": "Intrastate"}}, {"type": "Feature", "geometry": {"type": "LineString", "coordinates": [[-94.71891, 32.39814], [-94.70266, 32.39693]]}, "properties": {"operator": "Coral Energy Pipeline Co", "pipe_type": "Intrastate"}}, {"type": "Feature", "geometry": {"type": "LineString", "coordinates": [[-94.59494, 32.36096], [-94.58995, 32.35008]]}, "properties": {"operator": "Coral Energy Pipeline Co", "pipe_type": "Intrastate"}}, {"type": "Feature", "geometry": {"type": "LineString", "coordinates": [[-94.61626, 32.37293], [-94.59494, 32.36096]]}, "properties": {"operator": "Coral Energy Pipeline Co", "pipe_type": "Intrastate"}}, {"type": "Feature", "geometry": {"type": "LineString", "coordinates": [[-94.61434, 32.38984], [-94.61626, 32.37293]]}, "properties": {"operator": "Coral Energy Pipeline Co", "pipe_type": "Intrastate"}}, {"type": "Feature", "geometry": {"type": "LineString", "coordinates": [[-94.64755, 32.40173], [-94.61434, 32.38984]]}, "properties": {"operator": "Coral Energy Pipeline Co", "pipe_type": "Intrastate"}}, {"type": "Feature", "geometry": {"type": "LineString", "coordinates": [[-94.62874, 32.40294], [-94.5892, 32.39327]]}, "properties": {"operator": "Coral Energy Pipeline Co", "pipe_type": "Intrastate"}}, {"type": "Feature", "geometry": {"type": "LineString", "coordinates": [[-94.64755, 32.40173], [-94.62874, 32.40294]]}, "properties": {"operator": "Coral Energy Pipeline Co", "pipe_type": "Intrastate"}}, {"type": "Feature", "geometry": {"type": "LineString", "coordinates": [[-94.64755, 32.40173], [-94.67635, 32.39693]]}, "properties": {"operator": "Coral Energy Pipeline Co", "pipe_type": "Intrastate"}}, {"type": "Feature", "geometry": {"type": "LineString", "coordinates": [[-94.70394, 32.41376], [-94.64755, 32.40173]]}, "properties": {"operator": "Coral Energy Pipeline Co", "pipe_type": "Intrastate"}}, {"type": "Feature", "geometry": {"type": "LineString", "coordinates": [[-94.71648, 32.42336], [-94.70394, 32.41376]]}, "properties": {"operator": "Coral Energy Pipeline Co", "pipe_type": "Intrastate"}}, {"type": "Feature", "geometry": {"type": "LineString", "coordinates": [[-94.71392, 32.44378], [-94.71648, 32.42336]]}, "properties": {"operator": "Coral Energy Pipeline Co", "pipe_type": "Intrastate"}}, {"type": "Feature", "geometry": {"type": "LineString", "coordinates": [[-94.90163, 32.55437], [-94.88032, 32.55194]]}, "properties": {"operator": "Coral Energy Pipeline Co", "pipe_type": "Intrastate"}}, {"type": "Feature", "geometry": {"type": "LineString", "coordinates": [[-94.90718, 32.56175], [-94.90163, 32.55437]]}, "properties": {"operator": "Coral Energy Pipeline Co", "pipe_type": "Intrastate"}}, {"type": "Feature", "geometry": {"type": "LineString", "coordinates": [[-94.91418, 32.58438], [-94.90718, 32.56175]]}, "properties": {"operator": "Coral Energy Pipeline Co", "pipe_type": "Intrastate"}}, {"type": "Feature", "geometry": {"type": "LineString", "coordinates": [[-94.91296, 32.6], [-94.93056, 32.59885]]}, "properties": {"operator": "Coral Energy Pipeline Co", "pipe_type": "Intrastate"}}, {"type": "Feature", "geometry": {"type": "LineString", "coordinates": [[-94.91418, 32.58438], [-94.91296, 32.6]]}, "properties": {"operator": "Coral Energy Pipeline Co", "pipe_type": "Intrastate"}}, {"type": "Feature", "geometry": {"type": "LineString", "coordinates": [[-94.91418, 32.58438], [-94.93056, 32.56518]]}, "properties": {"operator": "Coral Energy Pipeline Co", "pipe_type": "Intrastate"}}, {"type": "Feature", "geometry": {"type": "LineString", "coordinates": [[-94.8903, 32.6], [-94.91418, 32.58438]]}, "properties": {"operator": "Coral Energy Pipeline Co", "pipe_type": "Intrastate"}}, {"type": "Feature", "geometry": {"type": "LineString", "coordinates": [[-94.90035, 32.68166], [-94.8903, 32.6]]}, "properties": {"operator": "Coral Energy Pipeline Co", "pipe_type": "Intrastate"}}, {"type": "Feature", "geometry": {"type": "LineString", "coordinates": [[-94.89914, 32.78854], [-94.93306, 32.80774]]}, "properties": {"operator": "Coral Energy Pipeline Co", "pipe_type": "Intrastate"}}, {"type": "Feature", "geometry": {"type": "LineString", "coordinates": [[-94.89286, 32.72371], [-94.89914, 32.78854]]}, "properties": {"operator": "Coral Energy Pipeline Co", "pipe_type": "Intrastate"}}, {"type": "Feature", "geometry": {"type": "LineString", "coordinates": [[-94.90035, 32.68166], [-94.89286, 32.72371]]}, "properties": {"operator": "Coral Energy Pipeline Co", "pipe_type": "Intrastate"}}, {"type": "Feature", "geometry": {"type": "LineString", "coordinates": [[-94.94189, 32.67686], [-94.90035, 32.68166]]}, "properties": {"operator": "Coral Energy Pipeline Co", "pipe_type": "Intrastate"}}, {"type": "Feature", "geometry": {"type": "LineString", "coordinates": [[-94.96192, 32.53037], [-94.9632, 32.51475]]}, "properties": {"operator": "Coral Energy Pipeline Co", "pipe_type": "Intrastate"}}, {"type": "Feature", "geometry": {"type": "LineString", "coordinates": [[-94.94938, 32.5207], [-94.93933, 32.53152]]}, "properties": {"operator": "Coral Energy Pipeline Co", "pipe_type": "Intrastate"}}, {"type": "Feature", "geometry": {"type": "LineString", "coordinates": [[-94.96192, 32.53037], [-94.94938, 32.5207]]}, "properties": {"operator": "Coral Energy Pipeline Co", "pipe_type": "Intrastate"}}, {"type": "Feature", "geometry": {"type": "LineString", "coordinates": [[-94.97687, 32.53035], [-94.96192, 32.53037]]}, "properties": {"operator": "Coral Energy Pipeline Co", "pipe_type": "Intrastate"}}, {"type": "Feature", "geometry": {"type": "LineString", "coordinates": [[-94.97687, 32.53035], [-94.97952, 32.50874]]}, "properties": {"operator": "Coral Energy Pipeline Co", "pipe_type": "Intrastate"}}, {"type": "Feature", "geometry": {"type": "LineString", "coordinates": [[-94.97563, 32.54048], [-94.97687, 32.53035]]}, "properties": {"operator": "Coral Energy Pipeline Co", "pipe_type": "Intrastate"}}, {"type": "Feature", "geometry": {"type": "LineString", "coordinates": [[-94.96826, 32.65523], [-94.97563, 32.54048]]}, "properties": {"operator": "Coral Energy Pipeline Co", "pipe_type": "Intrastate"}}, {"type": "Feature", "geometry": {"type": "LineString", "coordinates": [[-94.94189, 32.67686], [-94.96826, 32.65523]]}, "properties": {"operator": "Coral Energy Pipeline Co", "pipe_type": "Intrastate"}}, {"type": "Feature", "geometry": {"type": "LineString", "coordinates": [[-94.93965, 32.69005], [-94.94189, 32.67686]]}, "properties": {"operator": "Coral Energy Pipeline Co", "pipe_type": "Intrastate"}}, {"type": "Feature", "geometry": {"type": "LineString", "coordinates": [[-94.91168, 32.7225], [-94.85139, 32.72851]]}, "properties": {"operator": "Coral Energy Pipeline Co", "pipe_type": "Intrastate"}}, {"type": "Feature", "geometry": {"type": "LineString", "coordinates": [[-94.91795, 32.69971], [-94.91168, 32.7225]]}, "properties": {"operator": "Coral Energy Pipeline Co", "pipe_type": "Intrastate"}}, {"type": "Feature", "geometry": {"type": "LineString", "coordinates": [[-94.93965, 32.69005], [-94.91795, 32.69971]]}, "properties": {"operator": "Coral Energy Pipeline Co", "pipe_type": "Intrastate"}}, {"type": "Feature", "geometry": {"type": "LineString", "coordinates": [[-94.1319, 32.50138], [-94.11558, 32.50618]]}, "properties": {"operator": "Coral Energy Pipeline Co", "pipe_type": "Intrastate"}}, {"type": "Feature", "geometry": {"type": "LineString", "coordinates": [[-94.15322, 32.48454], [-94.15827, 32.49658]]}, "properties": {"operator": "Coral Energy Pipeline Co", "pipe_type": "Intrastate"}}, {"type": "Feature", "geometry": {"type": "LineString", "coordinates": [[-94.13568, 32.48339], [-94.15322, 32.48454]]}, "properties": {"operator": "Coral Energy Pipeline Co", "pipe_type": "Intrastate"}}, {"type": "Feature", "geometry": {"type": "LineString", "coordinates": [[-94.1319, 32.50138], [-94.13568, 32.48339]]}, "properties": {"operator": "Coral Energy Pipeline Co", "pipe_type": "Intrastate"}}, {"type": "Feature", "geometry": {"type": "LineString", "coordinates": [[-94.13568, 32.51341], [-94.1319, 32.50138]]}, "properties": {"operator": "Coral Energy Pipeline Co", "pipe_type": "Intrastate"}}, {"type": "Feature", "geometry": {"type": "LineString", "coordinates": [[-94.22483, 32.51699], [-94.13568, 32.51341]]}, "properties": {"operator": "Coral Energy Pipeline Co", "pipe_type": "Intrastate"}}, {"type": "Feature", "geometry": {"type": "LineString", "coordinates": [[-94.22483, 32.51699], [-94.22362, 32.50618]]}, "properties": {"operator": "Coral Energy Pipeline Co", "pipe_type": "Intrastate"}}, {"type": "Feature", "geometry": {"type": "LineString", "coordinates": [[-94.31533, 32.52058], [-94.22483, 32.51699]]}, "properties": {"operator": "Coral Energy Pipeline Co", "pipe_type": "Intrastate"}}, {"type": "Feature", "geometry": {"type": "LineString", "coordinates": [[-94.41203, 32.47494], [-94.41581, 32.48819]]}, "properties": {"operator": "Coral Energy Pipeline Co", "pipe_type": "Intrastate"}}, {"type": "Feature", "geometry": {"type": "LineString", "coordinates": [[-94.38816, 32.47981], [-94.41203, 32.47494]]}, "properties": {"operator": "Coral Energy Pipeline Co", "pipe_type": "Intrastate"}}, {"type": "Feature", "geometry": {"type": "LineString", "coordinates": [[-94.38566, 32.49901], [-94.38816, 32.47981]]}, "properties": {"operator": "Coral Energy Pipeline Co", "pipe_type": "Intrastate"}}, {"type": "Feature", "geometry": {"type": "LineString", "coordinates": [[-94.35802, 32.51341], [-94.38566, 32.49901]]}, "properties": {"operator": "Coral Energy Pipeline Co", "pipe_type": "Intrastate"}}, {"type": "Feature", "geometry": {"type": "LineString", "coordinates": [[-94.31533, 32.52058], [-94.35802, 32.51341]]}, "properties": {"operator": "Coral Energy Pipeline Co", "pipe_type": "Intrastate"}}, {"type": "Feature", "geometry": {"type": "LineString", "coordinates": [[-94.33664, 32.57222], [-94.31533, 32.52058]]}, "properties": {"operator": "Coral Energy Pipeline Co", "pipe_type": "Intrastate"}}, {"type": "Feature", "geometry": {"type": "LineString", "coordinates": [[-94.32032, 32.58906], [-94.29267, 32.58784]]}, "properties": {"operator": "Coral Energy Pipeline Co", "pipe_type": "Intrastate"}}, {"type": "Feature", "geometry": {"type": "LineString", "coordinates": [[-94.33664, 32.57222], [-94.32032, 32.58906]]}, "properties": {"operator": "Coral Energy Pipeline Co", "pipe_type": "Intrastate"}}, {"type": "Feature", "geometry": {"type": "LineString", "coordinates": [[-94.3593, 32.6359], [-94.33664, 32.57222]]}, "properties": {"operator": "Coral Energy Pipeline Co", "pipe_type": "Intrastate"}}, {"type": "Feature", "geometry": {"type": "LineString", "coordinates": [[-94.4007, 32.63354], [-94.3593, 32.6359]]}, "properties": {"operator": "Coral Energy Pipeline Co", "pipe_type": "Intrastate"}}, {"type": "Feature", "geometry": {"type": "LineString", "coordinates": [[-94.44474, 32.67795], [-94.4007, 32.63354]]}, "properties": {"operator": "Coral Energy Pipeline Co", "pipe_type": "Intrastate"}}, {"type": "Feature", "geometry": {"type": "LineString", "coordinates": [[-94.48864, 32.67552], [-94.44474, 32.67795]]}, "properties": {"operator": "Coral Energy Pipeline Co", "pipe_type": "Intrastate"}}, {"type": "Feature", "geometry": {"type": "LineString", "coordinates": [[-94.52262, 32.69235], [-94.48864, 32.67552]]}, "properties": {"operator": "Coral Energy Pipeline Co", "pipe_type": "Intrastate"}}, {"type": "Feature", "geometry": {"type": "LineString", "coordinates": [[-94.52262, 32.69235], [-94.51258, 32.70438]]}, "properties": {"operator": "Coral Energy Pipeline Co", "pipe_type": "Intrastate"}}, {"type": "Feature", "geometry": {"type": "LineString", "coordinates": [[-94.56154, 32.71277], [-94.52262, 32.69235]]}, "properties": {"operator": "Coral Energy Pipeline Co", "pipe_type": "Intrastate"}}, {"type": "Feature", "geometry": {"type": "LineString", "coordinates": [[-94.57786, 32.7079], [-94.56154, 32.71277]]}, "properties": {"operator": "Coral Energy Pipeline Co", "pipe_type": "Intrastate"}}, {"type": "Feature", "geometry": {"type": "LineString", "coordinates": [[-94.32435, 32.22643], [-94.28934, 32.22042]]}, "properties": {"operator": "Coral Energy Pipeline Co", "pipe_type": "Intrastate"}}, {"type": "Feature", "geometry": {"type": "LineString", "coordinates": [[-94.34944, 32.22522], [-94.32435, 32.22643]]}, "properties": {"operator": "Coral Energy Pipeline Co", "pipe_type": "Intrastate"}}, {"type": "Feature", "geometry": {"type": "LineString", "coordinates": [[-94.37702, 32.21082], [-94.34944, 32.22522]]}, "properties": {"operator": "Coral Energy Pipeline Co", "pipe_type": "Intrastate"}}, {"type": "Feature", "geometry": {"type": "LineString", "coordinates": [[-94.43085, 32.21683], [-94.37702, 32.21082]]}, "properties": {"operator": "Coral Energy Pipeline Co", "pipe_type": "Intrastate"}}, {"type": "Feature", "geometry": {"type": "LineString", "coordinates": [[-94.4784, 32.26125], [-94.43085, 32.21683]]}, "properties": {"operator": "Coral Energy Pipeline Co", "pipe_type": "Intrastate"}}, {"type": "Feature", "geometry": {"type": "LineString", "coordinates": [[-94.50598, 32.25645], [-94.4784, 32.26125]]}, "properties": {"operator": "Coral Energy Pipeline Co", "pipe_type": "Intrastate"}}, {"type": "Feature", "geometry": {"type": "LineString", "coordinates": [[-94.51853, 32.26842], [-94.50598, 32.25645]]}, "properties": {"operator": "Coral Energy Pipeline Co", "pipe_type": "Intrastate"}}, {"type": "Feature", "geometry": {"type": "LineString", "coordinates": [[-94.52352, 32.3033], [-94.51853, 32.26842]]}, "properties": {"operator": "Coral Energy Pipeline Co", "pipe_type": "Intrastate"}}, {"type": "Feature", "geometry": {"type": "LineString", "coordinates": [[-94.52979, 32.3273], [-94.52352, 32.3033]]}, "properties": {"operator": "Coral Energy Pipeline Co", "pipe_type": "Intrastate"}}, {"type": "Feature", "geometry": {"type": "LineString", "coordinates": [[-94.56486, 32.37651], [-94.52979, 32.3273]]}, "properties": {"operator": "Coral Energy Pipeline Co", "pipe_type": "Intrastate"}}, {"type": "Feature", "geometry": {"type": "LineString", "coordinates": [[-94.5892, 32.39327], [-94.56486, 32.37651]]}, "properties": {"operator": "Coral Energy Pipeline Co", "pipe_type": "Intrastate"}}, {"type": "Feature", "geometry": {"type": "LineString", "coordinates": [[-94.04305, 32.2003], [-94.05472, 32.20088], [-94.06158, 32.20205], [-94.07051, 32.20205], [-94.0863, 32.20146], [-94.09934, 32.20205], [-94.11582, 32.20263], [-94.12817, 32.20321], [-94.20643, 32.20495], [-94.21879, 32.20727], [-94.22771, 32.20379], [-94.24007, 32.2003], [-94.2435, 32.18869]]}, "properties": {"operator": "Enable Gas Transmission", "pipe_type": "Interstate"}}, {"type": "Feature", "geometry": {"type": "LineString", "coordinates": [[-91.57913, 32.43749], [-91.63143, 32.42593], [-91.71076, 32.38147], [-91.72511, 32.38539], [-91.73508, 32.37018], [-91.75501, 32.35667], [-91.80941, 32.34623], [-91.82676, 32.33808], [-91.85904, 32.33671], [-91.89054, 32.3347], [-91.91251, 32.32646], [-91.94037, 32.3195], [-91.9666, 32.31609], [-92.02209, 32.31105], [-92.11379, 32.31159], [-92.12375, 32.32119], [-92.13371, 32.32119], [-92.14568, 32.31177], [-92.3131, 32.31274], [-92.49846, 32.30767], [-92.5164, 32.28233], [-92.70575, 32.28286], [-92.7197, 32.27389], [-92.74163, 32.28402], [-92.76754, 32.28233], [-93.13429, 32.29416], [-93.18611, 32.2722], [-93.25388, 32.26544], [-93.29773, 32.25699], [-93.32364, 32.23672], [-93.41532, 32.20969], [-93.47113, 32.21138], [-93.511, 32.2232], [-93.55086, 32.22489], [-93.58474, 32.22489], [-93.61265, 32.23334], [-93.79043, 32.18345], [-93.80622, 32.18287], [-93.81926, 32.18345], [-93.83574, 32.18403], [-93.84809, 32.18461], [-93.92635, 32.18635], [-93.93871, 32.18868], [-93.94763, 32.18519], [-93.95999, 32.18171], [-94.04308, 32.20032]]}, "properties": {"operator": "Enable Gas Transmission", "pipe_type": "Interstate"}}, {"type": "Feature", "geometry": {"type": "LineString", "coordinates": [[-94.26248, 32.18794], [-94.26083, 32.18971], [-94.24137, 32.19914], [-94.21996, 32.20089], [-94.19562, 32.20288], [-94.13282, 32.20301], [-94.09453, 32.20585], [-94.07662, 32.20838], [-94.05424, 32.21006], [-94.0428, 32.2109]]}, "properties": {"operator": "ETC Tiger Pipeline", "pipe_type": "Interstate"}}, {"type": "Feature", "geometry": {"type": "LineString", "coordinates": [[-94.0428, 32.2109], [-93.901, 32.20995], [-93.81533, 32.20795], [-93.76758, 32.20642], [-93.75148, 32.23419], [-93.65376, 32.23305], [-93.63622, 32.23335], [-93.61265, 32.23334], [-93.58027, 32.21348], [-93.54162, 32.21525], [-93.53322, 32.20486], [-93.51806, 32.20143], [-93.50129, 32.20132], [-93.44953, 32.19787], [-93.34717, 32.22787], [-93.31456, 32.24031], [-93.30123, 32.25106], [-93.28643, 32.25592], [-93.27744, 32.25895], [-93.25037, 32.26424], [-93.23136, 32.26714], [-93.18899, 32.26963], [-93.13429, 32.29416], [-93.12407, 32.29424], [-93.05223, 32.29495]]}, "properties": {"operator": "ETC Tiger Pipeline", "pipe_type": "Interstate"}}]}