{"type": "FeatureCollection", "features": [{"type": "Feature", "geometry": {"type": "LineString", "coordinates": [[-93.37988, 30.19381], [-93.38001, 30.19401], [-93.37998, 30.19445], [-93.40019, 30.19438], [-93.42974, 30.16852], [-93.43687, 30.1622], [-93.44422, 30.15441], [-93.45376, 30.14432], [-93.45678, 30.14115], [-93.46152, 30.13616], [-93.46754, 30.12981], [-93.47178, 30.12521], [-93.51364, 30.08056], [-93.51437, 30.08048], [-93.52202, 30.07984], [-93.52199, 30.06329], [-93.5219, 30.06114], [-93.54201, 30.06083], [-93.54399, 30.06114], [-93.56168, 30.06088], [-93.60514, 30.06089], [-93.62403, 30.06104], [-93.62635, 30.05612], [-93.67535, 30.05666], [-93.68637, 30.0566], [-93.7016, 30.05404], [-93.73432, 30.03487], [-93.74036, 30.0378], [-93.7431, 30.03917], [-93.74558, 30.04036], [-93.74805, 30.04153], [-93.74905, 30.04087], [-93.75189, 30.04057], [-93.75346, 30.03843], [-93.75518, 30.03608], [-93.75674, 30.03397], [-93.7583, 30.03185], [-93.76166, 30.03086], [-93.76526, 30.02981], [-93.76746, 30.02916], [-93.77052, 30.02826], [-93.77372, 30.02732], [-93.77712, 30.02632], [-93.78049, 30.02533], [-93.78415, 30.02427], [-93.78771, 30.02322], [-93.79117, 30.0222], [-93.79476, 30.02115], [-93.79816, 30.02015], [-93.80029, 30.01891], [-93.80294, 30.0174], [-93.80556, 30.01589], [-93.80846, 30.01421], [-93.81137, 30.01254], [-93.8141, 30.01094], [-93.81755, 30.01037], [-93.82105, 30.00977], [-93.82456, 30.00917], [-93.82806, 30.00858], [-93.83156, 30.00799], [-93.83506, 30.00739], [-93.8384, 30.00681], [-93.84136, 30.00707], [-93.84469, 30.00736], [-93.84849, 30.00769], [-93.85242, 30.00802], [-93.85619, 30.00835], [-93.85983, 30.00866], [-93.8629, 30.00892], [-93.8666, 30.00925], [-93.8703, 30.00957], [-93.87353, 30.00984], [-93.87357, 30.01257], [-93.87361, 30.0149], [-93.87365, 30.01724], [-93.87371, 30.01981], [-93.87697, 30.02008], [-93.87959, 30.02152], [-93.87985, 30.02327], [-93.87994, 30.02359], [-93.87923, 30.02443]]}, "properties": {"owner": "ENTERGY LOUISIANA LLC", "voltage_kv": 230.0}}, {"type": "Feature", "geometry": {"type": "LineString", "coordinates": [[-93.18766, 31.98003], [-93.19021, 31.97974], [-93.1912, 31.97813], [-93.19294, 31.97542], [-93.19456, 31.97281], [-93.19631, 31.97009], [-93.19778, 31.96764], [-93.19963, 31.96437], [-93.20116, 31.96165], [-93.20287, 31.95869], [-93.20461, 31.9556], [-93.20633, 31.95256], [-93.20802, 31.94962], [-93.20978, 31.94652], [-93.21147, 31.94358], [-93.21344, 31.94072], [-93.21527, 31.93803], [-93.21715, 31.93533], [-93.21905, 31.93251], [-93.22108, 31.92954], [-93.2231, 31.9266], [-93.22492, 31.92387], [-93.22638, 31.92156], [-93.22799, 31.91898], [-93.23003, 31.91575], [-93.23184, 31.91287], [-93.23368, 31.91001], [-93.23539, 31.90724], [-93.23725, 31.90399], [-93.23963, 31.90008], [-93.24105, 31.89754], [-93.24263, 31.89486], [-93.24413, 31.89226], [-93.24572, 31.8895], [-93.24732, 31.8866], [-93.24909, 31.8835], [-93.25083, 31.88029], [-93.25244, 31.87731], [-93.25423, 31.87412], [-93.25571, 31.87148], [-93.25746, 31.86822], [-93.25914, 31.86522], [-93.26076, 31.86233], [-93.26246, 31.85924], [-93.26411, 31.85628], [-93.26567, 31.85349], [-93.26746, 31.85064], [-93.2693, 31.84771], [-93.27111, 31.84483], [-93.27295, 31.84187], [-93.27486, 31.8389], [-93.27664, 31.83604], [-93.27861, 31.83291], [-93.28055, 31.82986], [-93.28243, 31.8269], [-93.28441, 31.82383], [-93.28621, 31.82106], [-93.28776, 31.81851], [-93.28949, 31.81563], [-93.29129, 31.81254], [-93.29308, 31.80949], [-93.29492, 31.8064], [-93.29671, 31.8033], [-93.2985, 31.80023], [-93.30031, 31.79716], [-93.30215, 31.79408], [-93.30398, 31.79096], [-93.30571, 31.78793], [-93.30753, 31.78485], [-93.30918, 31.78195], [-93.31099, 31.77884], [-93.3128, 31.77574], [-93.31454, 31.77278], [-93.31644, 31.76953], [-93.31812, 31.76665], [-93.31981, 31.76373], [-93.3215, 31.76087], [-93.32299, 31.75833], [-93.32442, 31.75563], [-93.32603, 31.75261], [-93.32749, 31.74989], [-93.3293, 31.74652], [-93.33075, 31.74373], [-93.33204, 31.74125], [-93.33333, 31.73867], [-93.33467, 31.73592], [-93.33624, 31.73276], [-93.3376, 31.72991], [-93.33907, 31.72662], [-93.34031, 31.72387], [-93.34165, 31.72086], [-93.34317, 31.71781], [-93.34469, 31.71485], [-93.34622, 31.71178], [-93.34771, 31.70891], [-93.34936, 31.70566], [-93.3509, 31.70259], [-93.35209, 31.69963], [-93.35325, 31.69671], [-93.35457, 31.69335], [-93.35587, 31.69015], [-93.3572, 31.68684], [-93.3585, 31.68352], [-93.35968, 31.68054], [-93.36096, 31.67729], [-93.36223, 31.67415], [-93.36354, 31.67081], [-93.36481, 31.66766], [-93.366, 31.66458], [-93.36761, 31.66107], [-93.3687, 31.65882], [-93.36998, 31.65597], [-93.37125, 31.65322], [-93.37254, 31.65048], [-93.37383, 31.64755], [-93.37505, 31.64453], [-93.37618, 31.64158], [-93.37735, 31.63849], [-93.37855, 31.63545], [-93.37963, 31.63271], [-93.3808, 31.6297], [-93.3819, 31.62689], [-93.38307, 31.62419], [-93.38433, 31.62136], [-93.38548, 31.61868], [-93.38679, 31.61568], [-93.38837, 31.61209], [-93.38992, 31.60928], [-93.39136, 31.60667], [-93.39287, 31.60392], [-93.39456, 31.60111], [-93.39632, 31.59816], [-93.3981, 31.59518], [-93.39985, 31.59224], [-93.40156, 31.58927], [-93.4034, 31.58605], [-93.40502, 31.58324], [-93.40669, 31.58035], [-93.40857, 31.57711], [-93.41016, 31.57432], [-93.41204, 31.57106], [-93.41375, 31.56807], [-93.41552, 31.56501], [-93.41683, 31.56274], [-93.41861, 31.55964], [-93.41984, 31.5575], [-93.4209, 31.55566], [-93.4211, 31.55532], [-93.42276, 31.5524], [-93.42425, 31.54986], [-93.42551, 31.54697], [-93.42662, 31.54461], [-93.42809, 31.5413], [-93.42933, 31.53851], [-93.43039, 31.53604], [-93.43095, 31.53472], [-93.43177, 31.53279], [-93.43307, 31.52974], [-93.43405, 31.52753], [-93.43515, 31.52494], [-93.43654, 31.52164], [-93.43787, 31.51847], [-93.43898, 31.51588], [-93.43982, 31.51381], [-93.44094, 31.51122], [-93.4425, 31.50795], [-93.44398, 31.50486], [-93.44539, 31.50185], [-93.44687, 31.49872], [-93.44842, 31.49548], [-93.44978, 31.49258], [-93.45123, 31.48958], [-93.45241, 31.48709], [-93.45373, 31.48429], [-93.4551, 31.48139], [-93.45671, 31.47806], [-93.45786, 31.47563], [-93.45922, 31.47279], [-93.46095, 31.46965], [-93.46265, 31.4666], [-93.46436, 31.46348], [-93.46572, 31.46103], [-93.46715, 31.45844], [-93.46872, 31.45558], [-93.47015, 31.45304], [-93.47187, 31.44991], [-93.4736, 31.44682], [-93.47503, 31.44416], [-93.47642, 31.44152], [-93.47809, 31.43827], [-93.47929, 31.43594], [-93.48085, 31.43291], [-93.48206, 31.43055], [-93.48346, 31.42809], [-93.48493, 31.42553], [-93.48648, 31.42277], [-93.48802, 31.42009], [-93.48926, 31.41784], [-93.49056, 31.415], [-93.49193, 31.41214], [-93.49344, 31.40878], [-93.49477, 31.40585], [-93.49603, 31.40311], [-93.49716, 31.4004], [-93.49843, 31.39734], [-93.49962, 31.39443], [-93.50081, 31.39156], [-93.50203, 31.38851], [-93.50321, 31.38569], [-93.50419, 31.38327], [-93.50562, 31.38006], [-93.50702, 31.37695], [-93.50846, 31.37417], [-93.50999, 31.37131], [-93.51159, 31.36818], [-93.51308, 31.36536], [-93.51458, 31.36246], [-93.51601, 31.35966], [-93.51733, 31.35718], [-93.51872, 31.35451], [-93.51999, 31.35204], [-93.52136, 31.3494], [-93.52312, 31.34608], [-93.52421, 31.34389], [-93.52554, 31.34136], [-93.52716, 31.33828], [-93.52866, 31.33538], [-93.52834, 31.33196], [-93.52804, 31.32882], [-93.52773, 31.32533], [-93.52744, 31.32223], [-93.5272, 31.31958], [-93.52689, 31.31609], [-93.52659, 31.31277], [-93.52628, 31.30947], [-93.52602, 31.30659], [-93.52575, 31.30371], [-93.52579, 31.30066], [-93.52581, 31.29767], [-93.52584, 31.29498], [-93.52587, 31.29198], [-93.5259, 31.28864], [-93.52595, 31.28525], [-93.52599, 31.28171], [-93.52602, 31.27919], [-93.52605, 31.27587], [-93.52608, 31.27332], [-93.52611, 31.27056], [-93.52615, 31.26784], [-93.52619, 31.26432], [-93.52622, 31.26102], [-93.52625, 31.258], [-93.52628, 31.25511], [-93.52632, 31.25167], [-93.52634, 31.2486], [-93.52637, 31.24628], [-93.52639, 31.24369], [-93.52644, 31.23967], [-93.52647, 31.23732], [-93.52651, 31.23381], [-93.52655, 31.23114], [-93.52657, 31.2283], [-93.52661, 31.22441], [-93.52664, 31.22041], [-93.52667, 31.21786], [-93.5267, 31.21496], [-93.52677, 31.21222], [-93.52677, 31.20904], [-93.5268, 31.20554], [-93.52681, 31.20292], [-93.52672, 31.20032], [-93.52665, 31.19714], [-93.52657, 31.1937], [-93.52651, 31.19067], [-93.52642, 31.18811], [-93.52637, 31.18625], [-93.52631, 31.18362], [-93.52622, 31.18087], [-93.52622, 31.18065], [-93.52612, 31.1768], [-93.5278, 31.17543], [-93.5289, 31.17454], [-93.53183, 31.17218], [-93.53478, 31.16977], [-93.53753, 31.16755], [-93.54007, 31.16554], [-93.55151, 31.15634], [-93.55915, 31.14892], [-93.57438, 31.13413], [-93.58089, 31.11175], [-93.60269, 31.07009], [-93.61356, 31.04356], [-93.63013, 31.0127], [-93.64335, 30.98743], [-93.65219, 30.96501], [-93.658, 30.95692], [-93.66235, 30.9472], [-93.66552, 30.94146], [-93.6672, 30.93872], [-93.70286, 30.88677], [-93.71365, 30.87181], [-93.7265, 30.85286], [-93.74512, 30.82413], [-93.74654, 30.82136], [-93.75485, 30.80122], [-93.7686, 30.77661], [-93.77783, 30.75481], [-93.79277, 30.71982], [-93.7978, 30.69909], [-93.80351, 30.66531], [-93.80274, 30.6329], [-93.81209, 30.45672], [-93.80942, 30.43948], [-93.79948, 30.37502], [-93.79402, 30.32778], [-93.79088, 30.29915], [-93.76086, 30.28401], [-93.75929, 30.28308], [-93.74248, 30.27189], [-93.74013, 30.26807], [-93.73866, 30.26667]]}, "properties": {"owner": "NOT AVAILABLE", "voltage_kv": 500.0}}, {"type": "Feature", "geometry": {"type": "LineString", "coordinates": [[-93.43705, 30.27977], [-93.43752, 30.28188], [-93.43914, 30.28187], [-93.44246, 30.28185], [-93.44563, 30.28182], [-93.44891, 30.28181], [-93.45219, 30.28177], [-93.45541, 30.28175], [-93.45869, 30.28173], [-93.46195, 30.28173], [-93.4644, 30.28172], [-93.46685, 30.28172], [-93.4693, 30.28172], [-93.47177, 30.28171], [-93.47506, 30.2817], [-93.4783, 30.2817], [-93.48058, 30.28168], [-93.4828, 30.28168], [-93.48504, 30.28167], [-93.48826, 30.28166], [-93.49149, 30.28165], [-93.49463, 30.28165], [-93.49772, 30.28165], [-93.50077, 30.28167], [-93.50382, 30.28175], [-93.50701, 30.28173], [-93.51025, 30.28173], [-93.51355, 30.28173], [-93.51678, 30.2817], [-93.51997, 30.28169], [-93.52324, 30.28169], [-93.52651, 30.28168], [-93.52978, 30.28167], [-93.53304, 30.28166], [-93.53629, 30.28165], [-93.53952, 30.28163], [-93.54278, 30.2816], [-93.54602, 30.28157], [-93.54927, 30.28157], [-93.55248, 30.28155], [-93.55573, 30.28152], [-93.55896, 30.28151], [-93.56193, 30.28148], [-93.56499, 30.28146], [-93.56812, 30.28145], [-93.57107, 30.28142], [-93.57413, 30.2814], [-93.57732, 30.28139], [-93.5802, 30.28136], [-93.58299, 30.28134], [-93.58601, 30.28135], [-93.58916, 30.28136], [-93.59249, 30.28135], [-93.5958, 30.28137], [-93.59903, 30.28139], [-93.60234, 30.28139], [-93.60564, 30.28141], [-93.60876, 30.28141], [-93.61204, 30.28142], [-93.61522, 30.28145], [-93.61844, 30.28145], [-93.62174, 30.28146], [-93.62507, 30.28147], [-93.62822, 30.28148], [-93.63141, 30.28149], [-93.63461, 30.28151], [-93.63786, 30.28151], [-93.64122, 30.28152], [-93.64454, 30.28153], [-93.64776, 30.28154], [-93.65106, 30.28155], [-93.65406, 30.28155], [-93.65735, 30.28156], [-93.6606, 30.28154], [-93.66384, 30.28154], [-93.66708, 30.28155], [-93.67034, 30.28155], [-93.67366, 30.28155], [-93.6762, 30.28157], [-93.67867, 30.28104], [-93.68154, 30.28044], [-93.68429, 30.27988], [-93.68747, 30.2792], [-93.69037, 30.2786], [-93.69347, 30.27796], [-93.69646, 30.27732], [-93.69956, 30.27667], [-93.70249, 30.27606], [-93.70537, 30.27546], [-93.70618, 30.27528], [-93.70771, 30.27496], [-93.7108, 30.27431], [-93.7134, 30.27376], [-93.71628, 30.27315], [-93.71892, 30.27261], [-93.72128, 30.27213], [-93.72378, 30.27161], [-93.72573, 30.27106], [-93.72809, 30.2702], [-93.73073, 30.26927], [-93.73401, 30.26809], [-93.73672, 30.2671], [-93.73866, 30.26667]]}, "properties": {"owner": "ENTERGY LOUISIANA LLC", "voltage_kv": 500.0}}, {"type": "Feature", "geometry": {"type": "LineString", "coordinates": [[-93.73866, 30.26667], [-93.74018, 30.2681], [-93.74155, 30.27042], [-93.7426, 30.27189], [-93.75918, 30.28311], [-93.79086, 30.29917], [-93.79568, 30.34251], [-93.79867, 30.36933], [-93.801, 30.38496], [-93.80405, 30.40518], [-93.80802, 30.42872], [-93.80936, 30.4395], [-93.81202, 30.45675], [-93.80324, 30.62254], [-93.80293, 30.64314], [-93.80334, 30.65999], [-93.80346, 30.6653], [-93.79274, 30.71984], [-93.77901, 30.75204], [-93.76854, 30.77664], [-93.75394, 30.8033], [-93.74802, 30.81805], [-93.74665, 30.82133], [-93.72863, 30.84983], [-93.71506, 30.86969], [-93.66702, 30.93871], [-93.65908, 30.95467], [-93.65206, 30.96486], [-93.64896, 30.97352], [-93.64202, 30.99011], [-93.61648, 31.03756], [-93.60654, 31.06027], [-93.60135, 31.07292], [-93.59152, 31.09107], [-93.58415, 31.1059], [-93.58302, 31.10781], [-93.57645, 31.12761], [-93.57188, 31.1417], [-93.57249, 31.14231]]}, "properties": {"owner": "ENTERGY TEXAS INC.", "voltage_kv": 500.0}}, {"type": "Feature", "geometry": {"type": "LineString", "coordinates": [[-93.77455, 30.05034], [-93.77246, 30.05043], [-93.77099, 30.05119], [-93.76964, 30.05072], [-93.7693, 30.05062], [-93.76778, 30.05145], [-93.76618, 30.05228], [-93.76468, 30.05305], [-93.76361, 30.05361], [-93.76292, 30.05273]]}, "properties": {"owner": "ENTERGY TEXAS, INC.", "voltage_kv": 230.0}}, {"type": "Feature", "geometry": {"type": "LineString", "coordinates": [[-93.76292, 30.05273], [-93.76217, 30.05264], [-93.76136, 30.05146], [-93.76055, 30.05026], [-93.75956, 30.04882], [-93.75872, 30.04759], [-93.75783, 30.04627], [-93.75611, 30.04543], [-93.7544, 30.04459], [-93.75269, 30.04374], [-93.751, 30.04288], [-93.74972, 30.0412]]}, "properties": {"owner": "ENTERGY TEXAS, INC.", "voltage_kv": 230.0}}, {"type": "Feature", "geometry": {"type": "LineString", "coordinates": [[-96.69351, 31.09122], [-96.69128, 31.08975], [-96.68917, 31.09101], [-96.69342, 31.1031], [-96.69499, 31.10525], [-96.71055, 31.09736], [-96.75945, 31.09553], [-96.77452, 31.08777], [-96.80223, 31.07768], [-96.8359, 31.06001], [-96.83561, 31.05679], [-96.90583, 31.02073], [-96.93822, 31.03204], [-96.99302, 31.00401], [-96.99518, 31.00207], [-96.99644, 30.99016], [-97.01806, 30.97959], [-97.03009, 30.97333], [-97.06066, 30.96053], [-97.06902, 30.96274], [-97.0693, 30.96429], [-97.091, 30.97047], [-97.13518, 30.95989], [-97.17326, 30.9852], [-97.20019, 30.99454], [-97.20351, 30.99558], [-97.23061, 31.00068], [-97.24065, 31.00232], [-97.25443, 31.00256], [-97.2587, 31.00264]]}, "properties": {"owner": "ONCOR ELECTRIC DELIVERY CO.", "voltage_kv": 345.0}}, {"type": "Feature", "geometry": {"type": "LineString", "coordinates": [[-96.69356, 31.09129], [-96.69126, 31.08996], [-96.68897, 31.09095], [-96.69342, 31.1031], [-96.69495, 31.10544], [-96.71055, 31.09736], [-96.75945, 31.09553], [-96.77452, 31.08777], [-96.79182, 31.08147], [-96.80223, 31.07768], [-96.83611, 31.06009], [-96.83561, 31.05679], [-96.85654, 31.04593], [-96.88103, 31.0335], [-96.89343, 31.02726], [-96.90277, 31.02237], [-96.90583, 31.02073], [-96.92535, 31.02753], [-96.93822, 31.03204], [-96.95612, 31.02308], [-96.96518, 31.01852], [-96.9742, 31.01379], [-96.99302, 31.00401], [-96.99518, 31.00207], [-96.99644, 30.99016], [-97.0059, 30.98612], [-97.00914, 30.98435], [-97.05517, 30.9628], [-97.06066, 30.96053], [-97.06902, 30.96274], [-97.0693, 30.96429], [-97.091, 30.97047], [-97.13518, 30.95989], [-97.17326, 30.9852], [-97.20681, 30.9966], [-97.21321, 30.99772], [-97.227, 31.00006], [-97.24065, 31.00232], [-97.25099, 31.00251], [-97.25443, 31.00256], [-97.2587, 31.00264]]}, "properties": {"owner": "ONCOR ELECTRIC DELIVERY CO.", "voltage_kv": 345.0}}, {"type": "Feature", "geometry": {"type": "LineString", "coordinates": [[-93.88993, 29.94567], [-93.89028, 29.94513], [-93.89003, 29.94496], [-93.88946, 29.94525], [-93.88825, 29.94441], [-93.88676, 29.94335], [-93.8851, 29.94217], [-93.88369, 29.94118], [-93.88207, 29.94001], [-93.88081, 29.94139], [-93.87888, 29.94341], [-93.8769, 29.94556], [-93.87485, 29.94774], [-93.87559, 29.95006], [-93.87633, 29.95234], [-93.87585, 29.95477], [-93.87585, 29.95485], [-93.8795, 29.95577], [-93.88185, 29.9535], [-93.88279, 29.9538]]}, "properties": {"owner": "ENTERGY TEXAS, INC.", "voltage_kv": 230.0}}, {"type": "Feature", "geometry": {"type": "LineString", "coordinates": [[-93.88993, 29.94567], [-93.88959, 29.94595], [-93.88922, 29.9457], [-93.88934, 29.9453], [-93.88819, 29.94449], [-93.8867, 29.94343], [-93.88504, 29.94225], [-93.88363, 29.94126], [-93.88209, 29.94014], [-93.88089, 29.94146], [-93.87896, 29.94348], [-93.87698, 29.94563], [-93.87496, 29.94776], [-93.87569, 29.95003], [-93.87643, 29.95234], [-93.87597, 29.9547], [-93.87621, 29.9548], [-93.8771, 29.9551], [-93.8795, 29.95577], [-93.88093, 29.95422], [-93.88188, 29.9532], [-93.8822, 29.95343], [-93.88279, 29.9538]]}, "properties": {"owner": "ENTERGY TEXAS, INC.", "voltage_kv": 230.0}}, {"type": "Feature", "geometry": {"type": "LineString", "coordinates": [[-93.87923, 30.02443], [-93.88008, 30.02361], [-93.87991, 30.02325], [-93.87974, 30.02148], [-93.87702, 30.01999], [-93.87391, 30.0196], [-93.87389, 30.01723], [-93.87384, 30.0149], [-93.8738, 30.01256], [-93.87376, 30.00989], [-93.87372, 30.00742], [-93.87367, 30.00499], [-93.87138, 30.00295], [-93.8691, 30.00091], [-93.86684, 29.99891], [-93.86751, 29.99635], [-93.86814, 29.9939], [-93.86878, 29.99136], [-93.8692, 29.98921], [-93.86972, 29.98654], [-93.87022, 29.98394], [-93.87056, 29.98232], [-93.8713, 29.97844], [-93.87182, 29.97569], [-93.87239, 29.9727], [-93.87297, 29.96972], [-93.87354, 29.96673], [-93.87411, 29.96376], [-93.87469, 29.96077], [-93.87529, 29.95776], [-93.87582, 29.95494], [-93.87615, 29.955], [-93.87703, 29.95525], [-93.87956, 29.95596], [-93.88098, 29.95443], [-93.882, 29.95361], [-93.88279, 29.9538]]}, "properties": {"owner": "ENTERGY TEXAS, INC.", "voltage_kv": 230.0}}, {"type": "Feature", "geometry": {"type": "LineString", "coordinates": [[-93.88279, 29.9538], [-93.88273, 29.9538], [-93.882, 29.95361], [-93.88098, 29.95443], [-93.87956, 29.95596], [-93.87703, 29.95525], [-93.8759, 29.95504], [-93.87539, 29.95778], [-93.87479, 29.96079], [-93.87421, 29.96378], [-93.87364, 29.96675], [-93.87307, 29.96974], [-93.87249, 29.97272], [-93.87192, 29.97571], [-93.87139, 29.97846], [-93.87066, 29.98234], [-93.87032, 29.98396], [-93.86982, 29.98656], [-93.8693, 29.98923], [-93.86888, 29.99138], [-93.86823, 29.99392], [-93.8676, 29.99637], [-93.86696, 29.99888], [-93.86916, 30.00084], [-93.87145, 30.00288], [-93.87377, 30.00495], [-93.87382, 30.00742], [-93.87386, 30.00989], [-93.8739, 30.01256], [-93.87394, 30.01489], [-93.87399, 30.01723], [-93.87401, 30.01951], [-93.87705, 30.0199], [-93.87983, 30.02141], [-93.88019, 30.02364], [-93.87923, 30.02443]]}, "properties": {"owner": "ENTERGY TEXAS, INC.", "voltage_kv": 230.0}}, {"type": "Feature", "geometry": {"type": "LineString", "coordinates": [[-94.1357, 30.15653], [-94.14827, 30.15653], [-94.15241, 30.15668], [-94.15665, 30.15653], [-94.15709, 30.15651], [-94.15723, 30.15625]]}, "properties": {"owner": "ENTERGY TEXAS, INC.", "voltage_kv": 230.0}}, {"type": "Feature", "geometry": {"type": "LineString", "coordinates": [[-93.95841, 29.94074], [-93.95684, 29.93929], [-93.94093, 29.92448], [-93.94065, 29.9246], [-93.9401, 29.92472]]}, "properties": {"owner": "ENTERGY TEXAS, INC.", "voltage_kv": 230.0}}, {"type": "Feature", "geometry": {"type": "LineString", "coordinates": [[-94.23418, 30.07717], [-94.23378, 30.07785], [-94.23393, 30.09553], [-94.2337, 30.09707], [-94.23381, 30.1053], [-94.23523, 30.10609], [-94.23568, 30.15731], [-94.21296, 30.15763], [-94.19739, 30.15951], [-94.1916, 30.16021], [-94.18079, 30.16018], [-94.16984, 30.1589], [-94.16141, 30.15621], [-94.15798, 30.15631], [-94.15775, 30.15597], [-94.15723, 30.15625]]}, "properties": {"owner": "ENTERGY TEXAS, INC.", "voltage_kv": 230.0}}, {"type": "Feature", "geometry": {"type": "LineString", "coordinates": [[-93.9401, 29.92472], [-93.94093, 29.92444], [-93.95687, 29.93927], [-93.95763, 29.93991], [-93.95626, 29.94144], [-93.95297, 29.94499], [-93.95174, 29.9462], [-93.95104, 29.947], [-93.95334, 29.94807], [-93.95297, 29.95011], [-93.95566, 29.95201], [-93.95667, 29.95285], [-93.95817, 29.95375], [-93.96009, 29.95457], [-93.96129, 29.95544], [-93.96225, 29.95628], [-93.96259, 29.95601], [-93.96403, 29.95731], [-93.96502, 29.95628], [-93.96575, 29.95735], [-93.96698, 29.95894], [-93.96827, 29.96007], [-93.97656, 29.96627], [-93.97866, 29.96802], [-93.98039, 29.96943], [-93.97856, 29.9714], [-93.9787, 29.97159]]}, "properties": {"owner": "ENTERGY TEXAS, INC.", "voltage_kv": 230.0}}, {"type": "Feature", "geometry": {"type": "LineString", "coordinates": [[-94.23418, 30.07717], [-94.23411, 30.07752], [-94.23396, 30.07782], [-94.23415, 30.09563], [-94.23398, 30.09708], [-94.23412, 30.1053], [-94.23545, 30.10597], [-94.23592, 30.15923], [-94.23607, 30.15954]]}, "properties": {"owner": "ENTERGY TEXAS, INC.", "voltage_kv": 230.0}}, {"type": "Feature", "geometry": {"type": "LineString", "coordinates": [[-95.60598, 30.09012], [-95.60529, 30.09169], [-95.60414, 30.09181], [-95.59938, 30.0921], [-95.59954, 30.10002], [-95.60039, 30.10418], [-95.60043, 30.11062], [-95.60079, 30.11487], [-95.6018, 30.11862], [-95.60386, 30.11997], [-95.62965, 30.14047], [-95.63217, 30.14399], [-95.63618, 30.14623], [-95.63926, 30.14971], [-95.6412, 30.15399], [-95.64146, 30.15615], [-95.64731, 30.16914], [-95.6607, 30.1979], [-95.66467, 30.20233], [-95.67717, 30.219], [-95.68403, 30.23106], [-95.69928, 30.25332], [-95.70527, 30.25977], [-95.71371, 30.28507], [-95.73124, 30.30274], [-95.73292, 30.30519], [-95.74147, 30.32182], [-95.75469, 30.32955], [-95.75627, 30.33137], [-95.76176, 30.33899], [-95.77805, 30.3488], [-95.78269, 30.35404], [-95.78265, 30.35789], [-95.78379, 30.36534], [-95.78685, 30.37996], [-95.78846, 30.38531], [-95.80316, 30.4034], [-95.81791, 30.42695], [-95.83032, 30.44643], [-95.83748, 30.46381], [-95.8486, 30.48136], [-95.85955, 30.49344], [-95.86742, 30.50573], [-95.87738, 30.52102], [-95.88128, 30.52846], [-95.88426, 30.53381], [-95.88879, 30.53959], [-95.89414, 30.54642], [-95.89793, 30.55121], [-95.89943, 30.55428], [-95.9155, 30.5795], [-95.9196, 30.58381], [-95.92427, 30.59119], [-95.92522, 30.5937], [-95.94702, 30.62797], [-95.96031, 30.64914], [-95.97074, 30.66198], [-95.97258, 30.66182], [-95.97332, 30.66141]]}, "properties": {"owner": "ENTERGY TEXAS INC.", "voltage_kv": 345.0}}, {"type": "Feature", "geometry": {"type": "LineString", "coordinates": [[-96.05056, 28.79947], [-96.05143, 28.80002], [-96.05126, 28.80381], [-96.05305, 28.80605], [-96.05451, 28.8079], [-96.05612, 28.80994], [-96.05775, 28.81199], [-96.0595, 28.81419], [-96.06124, 28.81638], [-96.06297, 28.81857], [-96.06471, 28.82077], [-96.06646, 28.82296], [-96.06829, 28.82525], [-96.07011, 28.82756], [-96.07195, 28.82988], [-96.07382, 28.83224], [-96.07571, 28.8346], [-96.07759, 28.83698], [-96.07947, 28.83934], [-96.08135, 28.8417], [-96.08321, 28.84405], [-96.08508, 28.84641], [-96.08693, 28.84873], [-96.08874, 28.85102], [-96.09056, 28.8533], [-96.09224, 28.85541], [-96.09391, 28.85754], [-96.09581, 28.85993], [-96.09769, 28.86231], [-96.09957, 28.86467], [-96.10144, 28.86704], [-96.10332, 28.8694], [-96.10521, 28.87175], [-96.10707, 28.87415], [-96.10838, 28.87579], [-96.10868, 28.87615], [-96.11056, 28.87852], [-96.11233, 28.88076], [-96.11409, 28.88297], [-96.11587, 28.88522], [-96.11768, 28.88749], [-96.1194, 28.88968], [-96.1212, 28.89191], [-96.12297, 28.89415], [-96.12474, 28.89639], [-96.12655, 28.89867], [-96.12835, 28.90091], [-96.13017, 28.9032], [-96.132, 28.9055], [-96.13348, 28.90735], [-96.13528, 28.9096], [-96.13717, 28.91194], [-96.13917, 28.91407], [-96.14119, 28.91624], [-96.14303, 28.91817], [-96.14323, 28.91837], [-96.14528, 28.92054], [-96.14735, 28.92271], [-96.14941, 28.92488], [-96.15146, 28.92704], [-96.15351, 28.9292], [-96.15558, 28.93137], [-96.15734, 28.93322], [-96.15764, 28.93354], [-96.15969, 28.9357], [-96.16175, 28.93787], [-96.16373, 28.93994], [-96.16568, 28.94202], [-96.16766, 28.94407], [-96.16962, 28.94615], [-96.17157, 28.94821], [-96.17359, 28.95035], [-96.17561, 28.95247], [-96.17766, 28.95459], [-96.17967, 28.95671], [-96.18167, 28.95882], [-96.18365, 28.96091], [-96.18568, 28.96301], [-96.18755, 28.96499], [-96.18966, 28.96721], [-96.19166, 28.96931], [-96.19365, 28.97139], [-96.19564, 28.97348], [-96.19768, 28.97564], [-96.19963, 28.97769], [-96.20158, 28.97972], [-96.20359, 28.9818], [-96.20548, 28.98382], [-96.20759, 28.98604], [-96.20964, 28.98817], [-96.21145, 28.99005], [-96.21329, 28.99196], [-96.21531, 28.99404], [-96.2175, 28.99626], [-96.21907, 28.99887], [-96.22053, 29.00131], [-96.22198, 29.00377], [-96.22344, 29.00621], [-96.22491, 29.00864], [-96.22622, 29.01087], [-96.22752, 29.01309], [-96.22908, 29.01566], [-96.2306, 29.01823], [-96.23211, 29.02079], [-96.23365, 29.02334], [-96.23478, 29.02526], [-96.23585, 29.02707], [-96.2374, 29.02574], [-96.23911, 29.02437], [-96.24148, 29.02243], [-96.24415, 29.02003], [-96.24676, 29.01793], [-96.24958, 29.01562], [-96.25211, 29.01349], [-96.25483, 29.01124], [-96.25724, 29.00923], [-96.25985, 29.00706], [-96.26249, 29.00489], [-96.26509, 29.00271], [-96.26769, 29.00053], [-96.27031, 28.99834], [-96.27293, 28.99618], [-96.27575, 28.99385], [-96.27825, 28.99178], [-96.28085, 28.98961], [-96.28344, 28.98741], [-96.28639, 28.98556], [-96.28906, 28.98384], [-96.29161, 28.9822], [-96.29434, 28.98045], [-96.29742, 28.97846], [-96.30027, 28.97666], [-96.30292, 28.97493], [-96.30605, 28.97293], [-96.30877, 28.97118], [-96.31189, 28.96918], [-96.31457, 28.96743], [-96.31773, 28.96538], [-96.3204, 28.96361], [-96.32351, 28.9616], [-96.32617, 28.95984], [-96.32929, 28.95781], [-96.33197, 28.95605], [-96.33504, 28.95404], [-96.33786, 28.95218], [-96.34073, 28.9503], [-96.34351, 28.94847], [-96.3466, 28.94645], [-96.34888, 28.94495], [-96.35175, 28.94308], [-96.35471, 28.94112], [-96.35771, 28.93918], [-96.36079, 28.93716], [-96.36355, 28.93534], [-96.36664, 28.93334], [-96.36929, 28.93149], [-96.37184, 28.9299], [-96.37459, 28.92811], [-96.37769, 28.92612], [-96.38049, 28.92431], [-96.38345, 28.92239], [-96.38587, 28.92081], [-96.38879, 28.91897], [-96.3915, 28.91722], [-96.39454, 28.91524], [-96.39707, 28.91371], [-96.39986, 28.9136], [-96.40321, 28.91348], [-96.40654, 28.91335], [-96.41041, 28.91319], [-96.41381, 28.91306], [-96.41661, 28.91128], [-96.41955, 28.90928], [-96.42218, 28.90753], [-96.42482, 28.90576], [-96.42756, 28.90395], [-96.43046, 28.90203], [-96.43315, 28.90027], [-96.43617, 28.89821], [-96.43904, 28.89631], [-96.442, 28.89435], [-96.44489, 28.89243], [-96.44799, 28.89037], [-96.45054, 28.88866], [-96.45281, 28.88716], [-96.45541, 28.88641], [-96.45839, 28.88556], [-96.46147, 28.88452], [-96.46464, 28.88337], [-96.46796, 28.88216], [-96.47099, 28.88099], [-96.47404, 28.87985], [-96.47706, 28.8787], [-96.48043, 28.87741], [-96.48351, 28.87624], [-96.48647, 28.87513], [-96.4896, 28.87395], [-96.4929, 28.87269], [-96.49607, 28.87149], [-96.49913, 28.8703], [-96.50245, 28.86905], [-96.50541, 28.8679], [-96.50898, 28.86658], [-96.51212, 28.86536], [-96.51554, 28.86407], [-96.51853, 28.86292], [-96.52208, 28.86158], [-96.52513, 28.86044], [-96.52838, 28.85929], [-96.53155, 28.85829], [-96.53497, 28.85733], [-96.53857, 28.85631], [-96.54196, 28.85543], [-96.54529, 28.85464], [-96.54832, 28.85458], [-96.55194, 28.85439], [-96.5556, 28.85408], [-96.55831, 28.85375], [-96.56166, 28.85323], [-96.56537, 28.85256], [-96.56752, 28.8522], [-96.57078, 28.8516], [-96.57454, 28.85092], [-96.5779, 28.85032], [-96.58171, 28.84963], [-96.58393, 28.84921], [-96.58751, 28.84859], [-96.59085, 28.84798], [-96.59417, 28.84737], [-96.5975, 28.8468], [-96.60124, 28.84613], [-96.60174, 28.84584], [-96.60299, 28.84513], [-96.60535, 28.84383], [-96.60803, 28.84236], [-96.61104, 28.84067], [-96.61392, 28.83907], [-96.61667, 28.83751], [-96.61945, 28.83598], [-96.62266, 28.8342], [-96.62568, 28.83262], [-96.6281, 28.83088], [-96.63053, 28.82914], [-96.6331, 28.82733], [-96.63599, 28.82527], [-96.63878, 28.82327], [-96.64177, 28.82153], [-96.64441, 28.82], [-96.64717, 28.8184], [-96.65027, 28.81662], [-96.65299, 28.81504], [-96.65569, 28.81348], [-96.6588, 28.81169], [-96.66163, 28.81001], [-96.66479, 28.80813], [-96.66495, 28.80803], [-96.66777, 28.80628], [-96.67036, 28.80464], [-96.67347, 28.80267], [-96.67622, 28.80091], [-96.67881, 28.79928], [-96.68161, 28.79748], [-96.68474, 28.79549], [-96.68753, 28.79373], [-96.69056, 28.79175], [-96.69295, 28.79022], [-96.69577, 28.78836], [-96.69741, 28.78689], [-96.70008, 28.78445], [-96.70224, 28.78249], [-96.70489, 28.78005], [-96.70718, 28.77795], [-96.70983, 28.77552], [-96.71228, 28.7733], [-96.71493, 28.77087], [-96.71726, 28.76875], [-96.71992, 28.76631], [-96.72224, 28.76418], [-96.72494, 28.76176], [-96.72608, 28.75998], [-96.72726, 28.75822], [-96.72873, 28.75602], [-96.72988, 28.75428], [-96.73138, 28.75206], [-96.73288, 28.74981], [-96.73485, 28.74687], [-96.73586, 28.74536], [-96.73782, 28.74244], [-96.73957, 28.73984], [-96.74133, 28.73716], [-96.74324, 28.73431], [-96.74491, 28.73181], [-96.74681, 28.72896], [-96.74861, 28.72627], [-96.7502, 28.72389], [-96.75195, 28.72126], [-96.75365, 28.71872], [-96.75559, 28.7158], [-96.75731, 28.71326], [-96.76096, 28.70777], [-96.76287, 28.70492], [-96.76449, 28.70244], [-96.76645, 28.69954], [-96.76823, 28.69686], [-96.77003, 28.69415], [-96.77191, 28.69135], [-96.77357, 28.68887], [-96.77551, 28.68596], [-96.7772, 28.68339], [-96.77916, 28.68049], [-96.78084, 28.67796], [-96.78242, 28.6756], [-96.78402, 28.67318], [-96.7862, 28.67158], [-96.78842, 28.66994], [-96.79104, 28.66804], [-96.79372, 28.66605], [-96.79667, 28.66387], [-96.79926, 28.66199], [-96.8022, 28.65983], [-96.80477, 28.65795], [-96.80773, 28.65578], [-96.81038, 28.65382], [-96.81322, 28.65173], [-96.81599, 28.6497], [-96.81874, 28.64768], [-96.82162, 28.64558], [-96.82434, 28.64358], [-96.82706, 28.64157], [-96.8289, 28.64017], [-96.83116, 28.63878], [-96.83359, 28.63723], [-96.8362, 28.63556], [-96.83888, 28.63384], [-96.84199, 28.63186], [-96.84494, 28.62997], [-96.8479, 28.62809], [-96.85079, 28.62625], [-96.8537, 28.62439], [-96.85652, 28.62258], [-96.85924, 28.62085], [-96.8619, 28.61913], [-96.86198, 28.61907], [-96.86272, 28.61861], [-96.86474, 28.61733], [-96.86747, 28.61559], [-96.8705, 28.61365], [-96.87314, 28.61198], [-96.8754, 28.61054], [-96.87798, 28.6089], [-96.88083, 28.60709], [-96.88398, 28.60508], [-96.88689, 28.60323], [-96.88946, 28.60158], [-96.89226, 28.59979], [-96.89524, 28.59788], [-96.89803, 28.59611], [-96.90044, 28.59458], [-96.90336, 28.59272], [-96.90639, 28.59079], [-96.90799, 28.58977], [-96.91058, 28.58811], [-96.90957, 28.58508], [-96.90857, 28.58208], [-96.90753, 28.57891], [-96.90651, 28.57588], [-96.90545, 28.57269], [-96.90441, 28.56955], [-96.90637, 28.56692], [-96.90823, 28.56441], [-96.91022, 28.56174], [-96.91211, 28.55914], [-96.91416, 28.55626], [-96.91567, 28.55403], [-96.9176, 28.5514], [-96.91974, 28.54864], [-96.92181, 28.54614], [-96.9242, 28.5435], [-96.92636, 28.54111], [-96.92832, 28.53889], [-96.93025, 28.53659], [-96.93213, 28.53412], [-96.93404, 28.53148], [-96.93583, 28.52899], [-96.93788, 28.52613], [-96.93976, 28.5237], [-96.94195, 28.52091], [-96.9439, 28.5184], [-96.94601, 28.51569], [-96.94787, 28.51328], [-96.94999, 28.51055], [-96.95173, 28.50823], [-96.95305, 28.50669], [-96.95457, 28.50489], [-96.95639, 28.50269], [-96.95876, 28.50003], [-96.96089, 28.49761], [-96.96266, 28.49561], [-96.96465, 28.49338], [-96.96678, 28.49095], [-96.96898, 28.48844], [-96.97132, 28.48578], [-96.97341, 28.48322], [-96.9754, 28.48067], [-96.97715, 28.47858], [-96.97861, 28.47689], [-96.98069, 28.47446], [-96.9826, 28.47226], [-96.98499, 28.46968], [-96.98718, 28.46746], [-96.98979, 28.46498], [-96.99204, 28.46282], [-96.99455, 28.4604], [-96.99673, 28.45821], [-96.99895, 28.45583], [-97.00089, 28.45355], [-97.00321, 28.45087], [-97.00533, 28.44845], [-97.00743, 28.44601], [-97.00972, 28.44337], [-97.0117, 28.44107], [-97.01392, 28.43852], [-97.01588, 28.43607], [-97.01798, 28.43325], [-97.0198, 28.43079], [-97.02189, 28.42795], [-97.02369, 28.42549], [-97.02577, 28.42267], [-97.02764, 28.42005], [-97.02966, 28.41813], [-97.03197, 28.41584], [-97.03451, 28.41332], [-97.03672, 28.41114], [-97.03928, 28.40862], [-97.04149, 28.40642], [-97.04401, 28.4039], [-97.04633, 28.40162], [-97.04882, 28.39917], [-97.05097, 28.39702], [-97.05352, 28.39452], [-97.05573, 28.39232], [-97.05827, 28.38981], [-97.06046, 28.38758], [-97.06304, 28.38508], [-97.06525, 28.3829], [-97.0678, 28.38037], [-97.07002, 28.37817], [-97.07255, 28.37564], [-97.07479, 28.37345], [-97.07732, 28.37095], [-97.07957, 28.36873], [-97.08211, 28.36621], [-97.0844, 28.36395], [-97.08688, 28.36149], [-97.08901, 28.35937], [-97.09157, 28.35685], [-97.0939, 28.35454], [-97.09646, 28.35201], [-97.0987, 28.34978], [-97.10067, 28.34774], [-97.10274, 28.34559], [-97.10498, 28.34327], [-97.10735, 28.34073], [-97.10974, 28.3382], [-97.11211, 28.33566], [-97.11451, 28.33312], [-97.11689, 28.33058], [-97.11927, 28.32804], [-97.12164, 28.32553], [-97.12401, 28.323], [-97.1264, 28.32046], [-97.12873, 28.31798], [-97.13113, 28.31544], [-97.13351, 28.3129], [-97.13588, 28.31035], [-97.13828, 28.30782], [-97.14064, 28.3053], [-97.14303, 28.30279], [-97.14541, 28.30027], [-97.14776, 28.29774], [-97.15014, 28.2952], [-97.15252, 28.29268], [-97.1549, 28.29015], [-97.15727, 28.28762], [-97.15961, 28.28513], [-97.16199, 28.28261], [-97.16433, 28.2801], [-97.16672, 28.27756], [-97.16909, 28.27503], [-97.17148, 28.27249], [-97.17375, 28.26999], [-97.17621, 28.26743], [-97.1785, 28.26494], [-97.18069, 28.26262], [-97.18302, 28.26015], [-97.18544, 28.25758], [-97.1877, 28.25517], [-97.19068, 28.25422], [-97.19384, 28.25324], [-97.19716, 28.2522], [-97.20039, 28.25119], [-97.20361, 28.25017], [-97.20658, 28.24925], [-97.21009, 28.24812], [-97.2134, 28.24709], [-97.21711, 28.24594], [-97.22032, 28.245], [-97.2225, 28.24307], [-97.22463, 28.24123], [-97.2268, 28.23937], [-97.22918, 28.23731], [-97.23188, 28.23496], [-97.2342, 28.23297], [-97.23694, 28.23061], [-97.23941, 28.22845], [-97.24213, 28.22612], [-97.24441, 28.22415], [-97.24608, 28.22267], [-97.24823, 28.22087], [-97.25056, 28.21883], [-97.25295, 28.2168], [-97.25567, 28.21443], [-97.25815, 28.21229], [-97.26089, 28.20993], [-97.26337, 28.2078], [-97.26562, 28.2058], [-97.26803, 28.20408], [-97.27077, 28.20229], [-97.27358, 28.20037], [-97.27589, 28.19865], [-97.27868, 28.19649], [-97.28119, 28.19459], [-97.28372, 28.19271], [-97.28665, 28.19053], [-97.28924, 28.18859], [-97.29214, 28.18641], [-97.29481, 28.18442], [-97.29652, 28.18316], [-97.29726, 28.18262], [-97.29852, 28.18142], [-97.30004, 28.18001], [-97.30235, 28.17784], [-97.30501, 28.1754], [-97.3073, 28.17329], [-97.30991, 28.17086], [-97.31231, 28.16866], [-97.31457, 28.16655], [-97.31723, 28.16413], [-97.31923, 28.16227], [-97.32141, 28.16025], [-97.3235, 28.15833], [-97.32586, 28.15617], [-97.32807, 28.15412], [-97.33036, 28.15206], [-97.33301, 28.14962], [-97.33535, 28.14747], [-97.33698, 28.14591], [-97.33865, 28.14439], [-97.33919, 28.14166], [-97.33977, 28.13895], [-97.34035, 28.13625], [-97.34091, 28.13355], [-97.3414, 28.13058], [-97.34195, 28.12769], [-97.34254, 28.1248], [-97.34317, 28.12194], [-97.3438, 28.1189], [-97.3446, 28.11578], [-97.34544, 28.11258], [-97.34616, 28.10972], [-97.34698, 28.10668], [-97.34775, 28.10361], [-97.34853, 28.10057], [-97.35172, 28.10016], [-97.35445, 28.09983], [-97.35789, 28.09939], [-97.36129, 28.09896], [-97.36473, 28.09853], [-97.36843, 28.09806], [-97.37197, 28.09761], [-97.37539, 28.09719], [-97.37776, 28.09531], [-97.37994, 28.0936], [-97.38242, 28.09165], [-97.38505, 28.08958], [-97.38762, 28.08756], [-97.39036, 28.08539], [-97.39301, 28.08331], [-97.39557, 28.0813], [-97.39827, 28.07922], [-97.40028, 28.07666], [-97.40189, 28.07469], [-97.40351, 28.07268], [-97.40543, 28.07025], [-97.40747, 28.06771], [-97.40928, 28.06548], [-97.41119, 28.06309], [-97.41325, 28.06055], [-97.41521, 28.05809], [-97.41742, 28.05535], [-97.4194, 28.05289], [-97.4216, 28.05017], [-97.42309, 28.04831], [-97.42529, 28.04557], [-97.42717, 28.04323], [-97.4289, 28.04108], [-97.43091, 28.03857], [-97.43291, 28.03605], [-97.43513, 28.03332], [-97.43711, 28.03084], [-97.43915, 28.0283], [-97.44117, 28.02579], [-97.44314, 28.02331], [-97.44536, 28.02057], [-97.44732, 28.01813], [-97.44944, 28.01547], [-97.4513, 28.01314], [-97.45351, 28.0104], [-97.45553, 28.00789], [-97.45684, 28.00634], [-97.45846, 28.00427], [-97.46019, 28.00212], [-97.46222, 27.99961], [-97.46438, 27.99687], [-97.46632, 27.99447], [-97.46853, 27.9917], [-97.47045, 27.98932], [-97.4726, 27.98652], [-97.47515, 27.98441], [-97.47714, 27.98271], [-97.47937, 27.98075], [-97.48171, 27.97877], [-97.48406, 27.97672], [-97.48669, 27.97451], [-97.48906, 27.97243], [-97.49179, 27.97008], [-97.4939, 27.96821], [-97.49615, 27.9663], [-97.49861, 27.96418], [-97.50131, 27.96184], [-97.50384, 27.95968], [-97.50652, 27.95731], [-97.50854, 27.95557], [-97.50652, 27.95547], [-97.4432, 27.95433], [-97.44089, 27.9541], [-97.43914, 27.95338], [-97.42482, 27.94835], [-97.42473, 27.94169], [-97.42436, 27.93962], [-97.36736, 27.93858], [-97.36259, 27.93762], [-97.36075, 27.93737], [-97.36072, 27.93628], [-97.36056, 27.9358]]}, "properties": {"owner": "AEP TEXAS CENTRAL COMPANY", "voltage_kv": 345.0}}, {"type": "Feature", "geometry": {"type": "LineString", "coordinates": [[-95.32818, 30.41587], [-95.32862, 30.41509], [-95.3362, 30.41759], [-95.37637, 30.42997], [-95.40008, 30.43008], [-95.43277, 30.43], [-95.43528, 30.43005], [-95.43805, 30.43048], [-95.43867, 30.43055], [-95.45097, 30.43244], [-95.45363, 30.43317], [-95.45555, 30.43345], [-95.48807, 30.43837], [-95.4937, 30.43056], [-95.50901, 30.43415], [-95.51366, 30.4374], [-95.51879, 30.43864], [-95.51962, 30.43887], [-95.51931, 30.43976], [-95.52, 30.43997]]}, "properties": {"owner": "CENTERPOINT ENERGY", "voltage_kv": 230.0}}, {"type": "Feature", "geometry": {"type": "LineString", "coordinates": [[-94.92742, 29.85466], [-94.93053, 29.85399], [-94.93182, 29.85352], [-94.933, 29.85507], [-94.9805, 29.8994], [-95.00861, 29.89488], [-95.0257, 29.89204], [-95.04055, 29.89195], [-95.05009, 29.89175], [-95.0503, 29.90157], [-95.06323, 29.90134], [-95.06577, 29.90145], [-95.07743, 29.90145], [-95.07975, 29.90167], [-95.1182, 29.90184], [-95.13123, 29.90164], [-95.13345, 29.90264], [-95.15084, 29.90242], [-95.15334, 29.90236], [-95.15801, 29.90225], [-95.17399, 29.90198], [-95.19686, 29.91209], [-95.2143, 29.91209], [-95.21432, 29.91601], [-95.21869, 29.91598], [-95.21864, 29.9228], [-95.23804, 29.9323], [-95.25729, 29.93192], [-95.26562, 29.93516], [-95.28354, 29.93496], [-95.28978, 29.9396], [-95.30202, 29.9395], [-95.30205, 29.94123], [-95.31091, 29.94123], [-95.32858, 29.94023], [-95.33293, 29.93995], [-95.33329, 29.93995], [-95.36855, 29.93964], [-95.36858, 29.93998], [-95.36973, 29.94063]]}, "properties": {"owner": "CENTERPOINT ENERGY", "voltage_kv": 345.0}}, {"type": "Feature", "geometry": {"type": "LineString", "coordinates": [[-96.75519, 29.91829], [-96.75633, 29.91408], [-96.75618, 29.91356]]}, "properties": {"owner": "BLUEBONNET ELECTRIC COOP, INC", "voltage_kv": 345.0}}, {"type": "Feature", "geometry": {"type": "LineString", "coordinates": [[-96.6954, 31.09241], [-96.69351, 31.09122]]}, "properties": {"owner": "ONCOR ELECTRIC DELIVERY CO.", "voltage_kv": 345.0}}, {"type": "Feature", "geometry": {"type": "LineString", "coordinates": [[-95.62409, 29.48072], [-95.62383, 29.48157], [-95.62183, 29.48265], [-95.61324, 29.48658], [-95.61293, 29.48879], [-95.61288, 29.495], [-95.61339, 29.52351], [-95.6133, 29.52378], [-95.61257, 29.52433], [-95.60418, 29.52662], [-95.60004, 29.54278], [-95.59596, 29.55077], [-95.59527, 29.55915], [-95.59094, 29.56245], [-95.59116, 29.58678], [-95.59108, 29.58873], [-95.59073, 29.59763], [-95.59063, 29.59985], [-95.59059, 29.602], [-95.59058, 29.60414], [-95.59066, 29.60638], [-95.59084, 29.62324], [-95.59075, 29.63149], [-95.58922, 29.63295], [-95.58947, 29.65111], [-95.58149, 29.67131], [-95.58222, 29.70046], [-95.57248, 29.70062], [-95.57253, 29.71728], [-95.53991, 29.72003], [-95.5387, 29.71882], [-95.53669, 29.71872]]}, "properties": {"owner": "CENTERPOINT ENERGY HOUSTON ELECTRIC, LLC", "voltage_kv": 345.0}}, {"type": "Feature", "geometry": {"type": "LineString", "coordinates": [[-93.9401, 29.92472], [-93.94064, 29.92415], [-93.93055, 29.91467], [-93.92921, 29.91307], [-93.92861, 29.9122], [-93.92613, 29.90771], [-93.92551, 29.90752], [-93.92534, 29.90746]]}, "properties": {"owner": "ENTERGY TEXAS, INC.", "voltage_kv": 230.0}}, {"type": "Feature", "geometry": {"type": "LineString", "coordinates": [[-96.48439, 31.18553], [-96.48498, 31.18772], [-96.48692, 31.19047], [-96.48897, 31.19338], [-96.49092, 31.19621], [-96.49213, 31.19798], [-96.4929, 31.19904], [-96.49489, 31.20182], [-96.49796, 31.20385], [-96.50083, 31.20578], [-96.5037, 31.20777], [-96.5061, 31.20993], [-96.50847, 31.21203], [-96.51108, 31.21438], [-96.51354, 31.21658], [-96.51569, 31.21857], [-96.5148, 31.2217], [-96.51391, 31.22473], [-96.51298, 31.22796], [-96.5121, 31.23083], [-96.5112, 31.23388], [-96.51032, 31.23694], [-96.50954, 31.23961], [-96.50876, 31.24227], [-96.50797, 31.24496], [-96.50701, 31.24801], [-96.50608, 31.25121], [-96.50528, 31.25398], [-96.50597, 31.25668], [-96.50669, 31.25936], [-96.50738, 31.26204], [-96.50807, 31.26472], [-96.50887, 31.2678], [-96.51042, 31.27016], [-96.51238, 31.27306], [-96.51403, 31.27557], [-96.51571, 31.2781], [-96.51399, 31.28088], [-96.51227, 31.28369], [-96.51047, 31.28659], [-96.50871, 31.28942], [-96.50575, 31.29095], [-96.50278, 31.29244], [-96.49985, 31.29395], [-96.49691, 31.29547], [-96.49358, 31.29714], [-96.49068, 31.29862], [-96.48906, 31.30105], [-96.48723, 31.30381], [-96.48558, 31.30633], [-96.48377, 31.30906], [-96.4821, 31.31159], [-96.48051, 31.31398], [-96.47879, 31.3166], [-96.47696, 31.31933], [-96.47511, 31.32215], [-96.47329, 31.32489], [-96.47143, 31.32769], [-96.46955, 31.33053], [-96.46769, 31.33333], [-96.46588, 31.33606], [-96.4641, 31.33877], [-96.46225, 31.34153], [-96.46118, 31.34399], [-96.46015, 31.34633], [-96.45885, 31.34929], [-96.4577, 31.35193], [-96.45636, 31.35496], [-96.45513, 31.35779], [-96.45394, 31.36048], [-96.45271, 31.36329], [-96.45145, 31.36615], [-96.45021, 31.36897], [-96.44903, 31.37167], [-96.44786, 31.37431], [-96.44674, 31.37689], [-96.44548, 31.37973], [-96.44551, 31.38253], [-96.44554, 31.38564], [-96.44558, 31.38854], [-96.4456, 31.39153], [-96.4456, 31.39455], [-96.44562, 31.39754], [-96.44464, 31.40018], [-96.44389, 31.40269], [-96.44204, 31.40254], [-96.43893, 31.40211], [-96.43596, 31.40173], [-96.43215, 31.40122], [-96.42876, 31.4008], [-96.42579, 31.40041], [-96.42229, 31.39993], [-96.41873, 31.39946], [-96.41518, 31.39902], [-96.41188, 31.3986], [-96.40897, 31.39821], [-96.40592, 31.39783], [-96.40247, 31.39738], [-96.39926, 31.39698], [-96.39584, 31.39652], [-96.39224, 31.39606], [-96.38801, 31.39553], [-96.38444, 31.39507], [-96.38109, 31.39461], [-96.37405, 31.39375], [-96.3705, 31.39328], [-96.36699, 31.39281], [-96.36371, 31.39241], [-96.36052, 31.39198], [-96.35728, 31.39155], [-96.35337, 31.39105], [-96.34984, 31.39059], [-96.34632, 31.39014], [-96.34314, 31.38965], [-96.33956, 31.38926], [-96.33607, 31.38879], [-96.3327, 31.38835], [-96.32922, 31.3879], [-96.32588, 31.38745], [-96.32231, 31.38698], [-96.31844, 31.38652], [-96.31555, 31.38612], [-96.31231, 31.38571], [-96.30887, 31.38525], [-96.30521, 31.38501], [-96.30229, 31.38483], [-96.29871, 31.38465], [-96.29515, 31.38445], [-96.2917, 31.38426], [-96.28865, 31.38406], [-96.28614, 31.38394], [-96.2851, 31.38388], [-96.28243, 31.3837], [-96.27972, 31.38357], [-96.27699, 31.38347], [-96.27555, 31.38144], [-96.27405, 31.37947], [-96.27261, 31.37751], [-96.27118, 31.37549], [-96.26877, 31.37405], [-96.26378, 31.37112], [-96.26136, 31.36969], [-96.25903, 31.36831], [-96.25668, 31.36692], [-96.25414, 31.36558], [-96.25152, 31.36723], [-96.24884, 31.36897], [-96.24642, 31.37055], [-96.24387, 31.37222], [-96.24115, 31.374], [-96.23835, 31.37582], [-96.23557, 31.37764], [-96.2328, 31.37943], [-96.22939, 31.37907], [-96.22595, 31.37869], [-96.22242, 31.3783], [-96.21953, 31.37796], [-96.21568, 31.37753], [-96.21228, 31.37715], [-96.20968, 31.37686], [-96.20617, 31.37647], [-96.20332, 31.37615], [-96.20043, 31.37582], [-96.1969, 31.37543], [-96.19498, 31.37522], [-96.19188, 31.37485], [-96.1884, 31.37465], [-96.18513, 31.37446], [-96.18158, 31.37424], [-96.17795, 31.37402], [-96.17419, 31.37381], [-96.171, 31.37362], [-96.16764, 31.37342], [-96.16375, 31.37317], [-96.16104, 31.37302], [-96.15841, 31.37287], [-96.15497, 31.37265], [-96.15186, 31.37247], [-96.1492, 31.37232], [-96.14643, 31.37214], [-96.14392, 31.37199], [-96.1414, 31.37185], [-96.13804, 31.37163], [-96.13482, 31.37106], [-96.13339, 31.37085], [-96.1328, 31.37132]]}, "properties": {"owner": "NAVASOTA VALLEY ELEC COOP, INC", "voltage_kv": 345.0}}, {"type": "Feature", "geometry": {"type": "LineString", "coordinates": [[-96.05056, 28.79947], [-96.05014, 28.79806], [-96.0498, 28.79682], [-96.0481, 28.795]]}, "properties": {"owner": "AEP TEXAS CENTRAL COMPANY", "voltage_kv": 345.0}}, {"type": "Feature", "geometry": {"type": "LineString", "coordinates": [[-96.0818, 30.62251], [-96.08085, 30.62407], [-96.08247, 30.62681], [-96.08417, 30.62916], [-96.08601, 30.63172], [-96.08769, 30.63408], [-96.08935, 30.63643], [-96.09092, 30.63862], [-96.08937, 30.64031], [-96.08735, 30.64247], [-96.0852, 30.64482], [-96.08281, 30.6474], [-96.08078, 30.64959], [-96.07869, 30.65185], [-96.07664, 30.65405], [-96.07453, 30.65633], [-96.07236, 30.6587], [-96.07015, 30.66104], [-96.06833, 30.66308], [-96.06489, 30.66312], [-96.0617, 30.66317], [-96.05847, 30.66323], [-96.0553, 30.66328], [-96.05186, 30.66334], [-96.04837, 30.66339], [-96.04475, 30.66345], [-96.04109, 30.66351], [-96.03737, 30.66358], [-96.03407, 30.66363], [-96.03051, 30.66369], [-96.02686, 30.66376], [-96.0237, 30.66379], [-96.02052, 30.66385], [-96.01766, 30.6639], [-96.01465, 30.66395], [-96.01147, 30.664], [-96.00816, 30.66408], [-96.00501, 30.6638], [-96.00184, 30.66354], [-95.99854, 30.66327], [-95.99525, 30.66301], [-95.99208, 30.66273], [-95.98885, 30.66276], [-95.9853, 30.66278], [-95.98205, 30.66279], [-95.97858, 30.6628], [-95.97825, 30.66281], [-95.97693, 30.66282], [-95.97495, 30.66287], [-95.97494, 30.66172], [-95.97407, 30.66143], [-95.97332, 30.66141]]}, "properties": {"owner": "MID-SOUTH ELECTRIC COOP ASSN", "voltage_kv": 345.0}}, {"type": "Feature", "geometry": {"type": "LineString", "coordinates": [[-93.89334, 29.96333], [-93.89429, 29.96334], [-93.8956, 29.96188], [-93.89647, 29.96255], [-93.89695, 29.96203], [-93.89722, 29.96179]]}, "properties": {"owner": "ENTERGY TEXAS, INC.", "voltage_kv": 230.0}}, {"type": "Feature", "geometry": {"type": "LineString", "coordinates": [[-95.12148, 29.83703], [-95.12347, 29.83665]]}, "properties": {"owner": "CENTERPOINT ENERGY HOUSTON ELECTRIC, LLC", "voltage_kv": 345.0}}, {"type": "Feature", "geometry": {"type": "LineString", "coordinates": [[-95.39547, 31.36439], [-95.39555, 31.36448], [-95.39555, 31.36395], [-95.39558, 31.36341], [-95.3956, 31.36318], [-95.39575, 31.36091], [-95.39592, 31.35763], [-95.39722, 31.35412], [-95.3984, 31.35069], [-95.39947, 31.34768], [-95.40075, 31.34397], [-95.40207, 31.34023], [-95.40321, 31.33696], [-95.40413, 31.33432], [-95.40524, 31.33111], [-95.40639, 31.32781], [-95.40761, 31.32435], [-95.40871, 31.3212], [-95.40953, 31.31884], [-95.41055, 31.31589], [-95.41131, 31.3121], [-95.41217, 31.30781], [-95.41294, 31.30397], [-95.41373, 31.29996], [-95.4146, 31.2958], [-95.41564, 31.29237], [-95.41691, 31.28836], [-95.4181, 31.28454], [-95.41932, 31.28072], [-95.42032, 31.2775], [-95.42125, 31.27454], [-95.4222, 31.27151], [-95.42324, 31.26813], [-95.42443, 31.26439], [-95.42559, 31.26065], [-95.4268, 31.25683], [-95.42784, 31.25352], [-95.42891, 31.25009], [-95.42988, 31.24681], [-95.43247, 31.24385], [-95.43478, 31.24115], [-95.43763, 31.23773], [-95.44042, 31.23446], [-95.44267, 31.23181], [-95.44529, 31.22872], [-95.44776, 31.22583], [-95.44999, 31.22317], [-95.45265, 31.22004], [-95.45527, 31.21694], [-95.45763, 31.21418], [-95.46025, 31.21107], [-95.46263, 31.20828], [-95.46553, 31.20485], [-95.46808, 31.20184], [-95.47053, 31.19895], [-95.4728, 31.19632], [-95.4749, 31.19381], [-95.47754, 31.19132], [-95.47932, 31.18924], [-95.48041, 31.18585], [-95.4814, 31.18275], [-95.48252, 31.17925], [-95.48358, 31.17595], [-95.48468, 31.17256], [-95.48576, 31.16918], [-95.48664, 31.16642], [-95.48779, 31.16285], [-95.48906, 31.15898], [-95.49021, 31.15536], [-95.49152, 31.1513], [-95.49264, 31.14778], [-95.49387, 31.14399], [-95.49507, 31.1403], [-95.49628, 31.13652], [-95.49749, 31.13276], [-95.49869, 31.129], [-95.49991, 31.12525], [-95.50127, 31.12104], [-95.50226, 31.11784], [-95.50346, 31.11414], [-95.50481, 31.10991], [-95.50592, 31.10653], [-95.50676, 31.10388], [-95.50784, 31.10045], [-95.50901, 31.09687], [-95.50991, 31.0941], [-95.51086, 31.09119], [-95.51178, 31.08828], [-95.51194, 31.08571], [-95.51221, 31.08217], [-95.5125, 31.07838], [-95.51276, 31.07478], [-95.51306, 31.07063], [-95.51335, 31.06675], [-95.5136, 31.06303], [-95.51386, 31.05921], [-95.51415, 31.05533], [-95.51446, 31.05123], [-95.5147, 31.04763], [-95.51498, 31.04368], [-95.51526, 31.03985], [-95.51554, 31.03598], [-95.51584, 31.03196], [-95.51609, 31.02839], [-95.51636, 31.02456], [-95.5166, 31.02113], [-95.51686, 31.01771], [-95.51711, 31.01407], [-95.51741, 31.0102], [-95.51762, 31.00674], [-95.51841, 31.00401], [-95.51925, 31.00085], [-95.52026, 30.99725], [-95.52102, 30.99444], [-95.52209, 30.99047], [-95.52314, 30.98661], [-95.52411, 30.98307], [-95.52491, 30.98012], [-95.52593, 30.97636], [-95.52667, 30.97364], [-95.52762, 30.97019], [-95.52857, 30.96667], [-95.52968, 30.96264], [-95.5301, 30.95934], [-95.53009, 30.95687], [-95.53007, 30.95359], [-95.53003, 30.94944], [-95.53001, 30.94571], [-95.52999, 30.94224], [-95.53002, 30.9385], [-95.52999, 30.93479], [-95.52992, 30.93139], [-95.52987, 30.92803], [-95.52984, 30.92448], [-95.53024, 30.92091], [-95.5311, 30.91732], [-95.53193, 30.91385], [-95.53283, 30.91012], [-95.53376, 30.90611], [-95.53459, 30.90271], [-95.5354, 30.8993], [-95.53636, 30.89528], [-95.53716, 30.89189], [-95.5381, 30.8879], [-95.53892, 30.88452], [-95.5398, 30.88078], [-95.5407, 30.87703], [-95.54142, 30.87396], [-95.54202, 30.87145], [-95.54557, 30.8691], [-95.54908, 30.86678], [-95.55301, 30.8642], [-95.55668, 30.86182], [-95.56045, 30.85934], [-95.56225, 30.85818], [-95.56287, 30.85778], [-95.56621, 30.85561], [-95.56995, 30.85317], [-95.57382, 30.85065], [-95.57725, 30.84843], [-95.58041, 30.84636], [-95.58347, 30.84437], [-95.58705, 30.84204], [-95.59021, 30.83999], [-95.59335, 30.83793], [-95.59655, 30.83584], [-95.6007, 30.83308], [-95.6051, 30.83019], [-95.60868, 30.8281], [-95.61177, 30.82628], [-95.61522, 30.82426], [-95.61789, 30.8227], [-95.62112, 30.82083], [-95.62449, 30.81887], [-95.62719, 30.81732], [-95.6302, 30.81557], [-95.63288, 30.81399], [-95.63524, 30.81262], [-95.63894, 30.81044], [-95.64284, 30.80815], [-95.64689, 30.80576], [-95.65071, 30.80347], [-95.65366, 30.8017], [-95.65613, 30.80023], [-95.65919, 30.7984], [-95.66293, 30.79617], [-95.66706, 30.7937], [-95.67052, 30.79166], [-95.67328, 30.78999], [-95.67692, 30.7876], [-95.68034, 30.78534], [-95.68325, 30.78342], [-95.68641, 30.78134], [-95.68997, 30.77902], [-95.69363, 30.77661], [-95.69732, 30.7742], [-95.70099, 30.77183], [-95.70428, 30.76969], [-95.70784, 30.76737], [-95.71147, 30.76499], [-95.71492, 30.76274], [-95.71843, 30.76045], [-95.72177, 30.75826], [-95.72512, 30.75608], [-95.72865, 30.75377], [-95.73274, 30.75111], [-95.73559, 30.74926], [-95.73584, 30.7491], [-95.73992, 30.74909], [-95.74454, 30.74909], [-95.74785, 30.74909], [-95.75123, 30.74909], [-95.7555, 30.74914], [-95.75875, 30.74696], [-95.7621, 30.74478], [-95.7654, 30.74263], [-95.76874, 30.74043], [-95.77202, 30.73833], [-95.77546, 30.7361], [-95.77858, 30.73407], [-95.78189, 30.7319], [-95.78487, 30.72998], [-95.78805, 30.72791], [-95.79134, 30.72576], [-95.79426, 30.72386], [-95.79681, 30.7222], [-95.80026, 30.72005], [-95.80165, 30.71665], [-95.8031, 30.71329], [-95.80459, 30.70989], [-95.80639, 30.7057], [-95.80807, 30.70184], [-95.80939, 30.69877], [-95.81179, 30.6969], [-95.81462, 30.6947], [-95.81767, 30.69232], [-95.82033, 30.69024], [-95.82368, 30.68763], [-95.82687, 30.68513], [-95.83031, 30.68245], [-95.83367, 30.67986], [-95.83702, 30.67735], [-95.84013, 30.675], [-95.84373, 30.67218], [-95.84715, 30.66949], [-95.85079, 30.66663], [-95.8542, 30.66395], [-95.85695, 30.66179], [-95.85989, 30.65947], [-95.86356, 30.65659], [-95.86695, 30.65393], [-95.87013, 30.65144], [-95.87335, 30.64889], [-95.87652, 30.6464], [-95.87976, 30.64385], [-95.88228, 30.64187], [-95.88528, 30.63949], [-95.88818, 30.63722], [-95.89139, 30.6347], [-95.89433, 30.63239], [-95.89735, 30.63041], [-95.90046, 30.62875], [-95.90337, 30.62759], [-95.90684, 30.6265], [-95.90895, 30.62585], [-95.90942, 30.62393]]}, "properties": {"owner": "ENTERGY TEXAS INC.", "voltage_kv": 345.0}}, {"type": "Feature", "geometry": {"type": "LineString", "coordinates": [[-95.45054, 29.72469], [-95.44906, 29.7256], [-95.44811, 29.72453], [-95.44798, 29.72181], [-95.44769, 29.70701], [-95.44771, 29.70464], [-95.44658, 29.70292], [-95.44626, 29.68653], [-95.44738, 29.68482], [-95.44729, 29.68153], [-95.44807, 29.67984], [-95.44801, 29.67168], [-95.44764, 29.66767], [-95.44734, 29.653], [-95.44727, 29.64752], [-95.44783, 29.64559], [-95.44761, 29.63126], [-95.45732, 29.63108], [-95.45986, 29.6311], [-95.46241, 29.63114], [-95.46993, 29.63118], [-95.47991, 29.63115], [-95.48981, 29.63112], [-95.50057, 29.62623], [-95.50943, 29.62216], [-95.51573, 29.61934], [-95.52017, 29.61727], [-95.52663, 29.61424], [-95.53094, 29.6123], [-95.53452, 29.61068], [-95.54907, 29.60822], [-95.55419, 29.60738], [-95.55899, 29.60652], [-95.56397, 29.60568], [-95.56641, 29.60529], [-95.57109, 29.6045], [-95.57341, 29.60411], [-95.58445, 29.60226], [-95.58977, 29.60205], [-95.59044, 29.58645], [-95.59016, 29.56413], [-95.59013, 29.56212], [-95.59143, 29.56116], [-95.59456, 29.55878], [-95.59522, 29.55059], [-95.59932, 29.54254], [-95.60285, 29.52873], [-95.60349, 29.52609], [-95.61322, 29.52348], [-95.61268, 29.49702], [-95.61265, 29.49502], [-95.61273, 29.49094], [-95.61271, 29.48877], [-95.61302, 29.48644], [-95.6218, 29.48245], [-95.62348, 29.48109], [-95.62409, 29.48072]]}, "properties": {"owner": "CENTERPOINT ENERGY HOUSTON ELECTRIC, LLC", "voltage_kv": 345.0}}, {"type": "Feature", "geometry": {"type": "LineString", "coordinates": [[-95.62409, 29.48072], [-95.62445, 29.48015], [-95.62756, 29.47831], [-95.62813, 29.47801], [-95.62865, 29.47775], [-95.62886, 29.47616], [-95.62911, 29.47429], [-95.62934, 29.4725], [-95.63069, 29.47148], [-95.63208, 29.47039], [-95.63358, 29.46924], [-95.63537, 29.46772], [-95.63722, 29.46628], [-95.63906, 29.46485], [-95.6409, 29.46341], [-95.64275, 29.46198], [-95.64459, 29.46055], [-95.64645, 29.45912], [-95.64831, 29.45767], [-95.65017, 29.45623], [-95.65203, 29.45478], [-95.65379, 29.45342], [-95.65571, 29.45191], [-95.65759, 29.45045], [-95.65949, 29.44898], [-95.66129, 29.44757], [-95.66322, 29.44609], [-95.66506, 29.44466], [-95.66691, 29.44322], [-95.66875, 29.44178], [-95.67062, 29.44034], [-95.67248, 29.43889], [-95.67434, 29.43744], [-95.6762, 29.43599], [-95.67807, 29.43455], [-95.67993, 29.4331], [-95.68179, 29.43166], [-95.68368, 29.43019], [-95.68555, 29.42874], [-95.68722, 29.42725], [-95.68903, 29.42565], [-95.69088, 29.4242], [-95.69269, 29.4228], [-95.69452, 29.42137], [-95.69637, 29.41994], [-95.69816, 29.41855], [-95.69995, 29.41718], [-95.7019, 29.41567], [-95.70376, 29.41423], [-95.70559, 29.4128], [-95.70747, 29.41151], [-95.70849, 29.41072], [-95.71063, 29.40906], [-95.71221, 29.40778], [-95.71403, 29.40634], [-95.71581, 29.40493], [-95.71753, 29.40359], [-95.71924, 29.40227], [-95.72099, 29.40091], [-95.7227, 29.39958], [-95.72438, 29.39827], [-95.72611, 29.39692], [-95.72789, 29.3955], [-95.72942, 29.39431], [-95.73131, 29.39281], [-95.73289, 29.39137], [-95.73483, 29.39005], [-95.73662, 29.38864], [-95.73839, 29.38727], [-95.74014, 29.38589], [-95.74184, 29.38457], [-95.74365, 29.38315], [-95.74541, 29.38178], [-95.74717, 29.38042], [-95.74893, 29.37905], [-95.75081, 29.3777], [-95.75246, 29.37642], [-95.75437, 29.37495], [-95.75621, 29.3734], [-95.75813, 29.37191], [-95.76, 29.37045], [-95.76188, 29.36899], [-95.76376, 29.36752], [-95.76563, 29.36606], [-95.76751, 29.3646], [-95.76937, 29.36314], [-95.77124, 29.36171], [-95.7727, 29.3604], [-95.77416, 29.35912], [-95.77558, 29.35786], [-95.77704, 29.35659], [-95.779, 29.35509], [-95.78079, 29.35347], [-95.78252, 29.35191], [-95.78429, 29.35034], [-95.78606, 29.34878], [-95.78787, 29.34718], [-95.78969, 29.34557], [-95.79153, 29.34396], [-95.79224, 29.34199], [-95.79264, 29.34164], [-95.794, 29.34044], [-95.79577, 29.33888], [-95.79754, 29.33733], [-95.79931, 29.33577], [-95.80107, 29.33421], [-95.80285, 29.33264], [-95.80457, 29.33113], [-95.80634, 29.32957], [-95.80811, 29.328], [-95.80987, 29.32644], [-95.81165, 29.32488], [-95.81342, 29.32331], [-95.81518, 29.32175], [-95.81695, 29.3202], [-95.81872, 29.31863], [-95.8205, 29.31707], [-95.82226, 29.31551], [-95.82403, 29.31395], [-95.82579, 29.31239], [-95.82744, 29.31094], [-95.8293, 29.30929], [-95.8311, 29.3077], [-95.83295, 29.30609], [-95.83463, 29.30459], [-95.83632, 29.30311], [-95.83796, 29.30166], [-95.83962, 29.3002], [-95.84127, 29.29873], [-95.84293, 29.29727], [-95.84459, 29.2958], [-95.84624, 29.29434], [-95.84801, 29.29279], [-95.84978, 29.29123], [-95.85153, 29.28968], [-95.8533, 29.28812], [-95.85506, 29.28657], [-95.85681, 29.28501], [-95.85857, 29.28344], [-95.86033, 29.2819], [-95.86209, 29.28032], [-95.86383, 29.27875], [-95.86558, 29.2772], [-95.86734, 29.27564], [-95.86911, 29.27408], [-95.87087, 29.27254], [-95.87229, 29.27095], [-95.87323, 29.26906], [-95.87352, 29.26722], [-95.8738, 29.26545], [-95.87408, 29.2637], [-95.87435, 29.26203], [-95.87603, 29.26054], [-95.87774, 29.25901], [-95.87945, 29.25747], [-95.88115, 29.25594], [-95.88286, 29.25441], [-95.88457, 29.25289], [-95.8864, 29.25124], [-95.88786, 29.24993], [-95.88954, 29.24843], [-95.89123, 29.24693], [-95.89295, 29.24537], [-95.89456, 29.24388], [-95.89607, 29.24394], [-95.89797, 29.24402], [-95.89968, 29.24258], [-95.9017, 29.24126], [-95.9037, 29.23994], [-95.90576, 29.23858], [-95.90777, 29.23724], [-95.90976, 29.23591], [-95.91175, 29.23481], [-95.91359, 29.2336], [-95.91522, 29.23253], [-95.91728, 29.23095], [-95.91902, 29.22963], [-95.92084, 29.22843], [-95.92271, 29.2272], [-95.92456, 29.22597], [-95.92641, 29.22474], [-95.92844, 29.22351], [-95.9303, 29.22227], [-95.93215, 29.22104], [-95.934, 29.21982], [-95.93585, 29.21859], [-95.93707, 29.21778], [-95.93932, 29.2163], [-95.94128, 29.21499], [-95.94311, 29.21379], [-95.94493, 29.21253], [-95.94695, 29.2112], [-95.94896, 29.20988], [-95.95098, 29.20864], [-95.95307, 29.20726], [-95.95502, 29.20596], [-95.95714, 29.20457], [-95.95894, 29.20325], [-95.96093, 29.20195], [-95.96282, 29.2007], [-95.96479, 29.19941], [-95.96676, 29.1981], [-95.96872, 29.19681], [-95.97066, 29.19553], [-95.97262, 29.19424], [-95.97404, 29.19333], [-95.97443, 29.19308], [-95.97652, 29.1917], [-95.97845, 29.19042], [-95.98042, 29.18912], [-95.98237, 29.18784], [-95.98431, 29.18654], [-95.98627, 29.18525], [-95.98822, 29.18396], [-95.99018, 29.18266], [-95.99211, 29.18137], [-95.99408, 29.18007], [-95.99601, 29.1788], [-95.998, 29.17785], [-95.999, 29.17585], [-96.0, 29.17383], [-96.00084, 29.17214], [-96.00171, 29.17043], [-96.00195, 29.16994], [-96.00262, 29.16859], [-96.00478, 29.1676], [-96.00689, 29.1666], [-96.00901, 29.16562], [-96.01111, 29.16463], [-96.0132, 29.16365], [-96.01533, 29.16266], [-96.01691, 29.16192], [-96.01745, 29.16167], [-96.01941, 29.16075], [-96.02136, 29.15984], [-96.02334, 29.15894], [-96.02529, 29.15803], [-96.02882, 29.15667], [-96.03233, 29.1553], [-96.03565, 29.15379], [-96.03927, 29.1528], [-96.04292, 29.15171], [-96.0452, 29.14983], [-96.04759, 29.14791], [-96.04972, 29.14646], [-96.05262, 29.14507], [-96.05577, 29.14354], [-96.05866, 29.14214], [-96.06179, 29.14096], [-96.06526, 29.13966], [-96.06809, 29.1386], [-96.07106, 29.13658], [-96.07396, 29.13448], [-96.07705, 29.13294], [-96.08004, 29.13143], [-96.08338, 29.12974], [-96.08643, 29.12822], [-96.08976, 29.12653], [-96.09273, 29.12504], [-96.09597, 29.12342], [-96.09907, 29.12185], [-96.10225, 29.12027], [-96.10518, 29.11878], [-96.1085, 29.1171], [-96.11151, 29.11558], [-96.11477, 29.11393], [-96.11761, 29.11252], [-96.12098, 29.11082], [-96.12404, 29.10929], [-96.12588, 29.10794], [-96.12832, 29.10616], [-96.13065, 29.10448], [-96.1333, 29.10255], [-96.13584, 29.1007], [-96.13839, 29.09885], [-96.14096, 29.097], [-96.14353, 29.09514], [-96.14609, 29.09327], [-96.14865, 29.09141], [-96.15139, 29.08942], [-96.15422, 29.08737], [-96.15636, 29.0858], [-96.15896, 29.08392], [-96.16157, 29.08202], [-96.16406, 29.08022], [-96.16675, 29.07827], [-96.16918, 29.07651], [-96.17194, 29.07449], [-96.17487, 29.07237], [-96.17716, 29.07071], [-96.17957, 29.06893], [-96.18233, 29.06693], [-96.18521, 29.06483], [-96.18752, 29.06315], [-96.19016, 29.06123], [-96.19238, 29.05963], [-96.19529, 29.05751], [-96.19817, 29.05542], [-96.20062, 29.05364], [-96.20359, 29.05147], [-96.20622, 29.04955], [-96.20897, 29.04756], [-96.21179, 29.04551], [-96.21468, 29.04342], [-96.21759, 29.0413], [-96.22044, 29.03922], [-96.22323, 29.0372], [-96.22551, 29.03553], [-96.2284, 29.03344], [-96.23128, 29.03129], [-96.23343, 29.03123], [-96.23566, 29.03124], [-96.23634, 29.03022], [-96.23605, 29.02954]]}, "properties": {"owner": "CENTERPOINT ENERGY", "voltage_kv": 345.0}}, {"type": "Feature", "geometry": {"type": "LineString", "coordinates": [[-94.98242, 29.48752], [-94.98387, 29.48725], [-94.98504, 29.48678], [-94.98783, 29.48799], [-95.03802, 29.49071], [-95.04753, 29.49053], [-95.06029, 29.49189], [-95.0809, 29.493], [-95.08494, 29.49002], [-95.08717, 29.4901], [-95.10299, 29.48985], [-95.11822, 29.4894], [-95.13489, 29.48913], [-95.13762, 29.48701], [-95.13789, 29.48728], [-95.2019, 29.43806], [-95.20251, 29.43431], [-95.09185, 29.39223], [-95.09061, 29.3923]]}, "properties": {"owner": "CENTERPOINT ENERGY", "voltage_kv": 345.0}}, {"type": "Feature", "geometry": {"type": "LineString", "coordinates": [[-95.12347, 29.83665], [-95.12407, 29.83617], [-95.12724, 29.83491], [-95.12688, 29.82083], [-95.12717, 29.81938], [-95.14004, 29.81912], [-95.14255, 29.81912], [-95.1486, 29.81906], [-95.15041, 29.81893], [-95.15407, 29.81872], [-95.1579, 29.81797], [-95.16634, 29.8179], [-95.21711, 29.81699], [-95.21762, 29.81795], [-95.21934, 29.81844]]}, "properties": {"owner": "CENTERPOINT ENERGY HOUSTON ELECTRIC, LLC", "voltage_kv": 345.0}}, {"type": "Feature", "geometry": {"type": "LineString", "coordinates": [[-96.05056, 28.79947], [-96.05088, 28.80002], [-96.05078, 28.80408], [-96.05259, 28.80636], [-96.05405, 28.8082], [-96.05567, 28.81025], [-96.05729, 28.81228], [-96.05903, 28.81449], [-96.06078, 28.81668], [-96.06252, 28.81887], [-96.06425, 28.82106], [-96.066, 28.82325], [-96.06782, 28.82556], [-96.06964, 28.82786], [-96.07148, 28.83018], [-96.07336, 28.83254], [-96.07524, 28.83491], [-96.07713, 28.83728], [-96.079, 28.83965], [-96.08089, 28.842], [-96.08275, 28.84435], [-96.08461, 28.84668], [-96.08648, 28.84903], [-96.08827, 28.85131], [-96.09009, 28.8536], [-96.09177, 28.85572], [-96.09346, 28.85784], [-96.09534, 28.86022], [-96.09722, 28.86261], [-96.0991, 28.86497], [-96.10099, 28.86733], [-96.10285, 28.86968], [-96.10475, 28.87206], [-96.10662, 28.87444], [-96.10777, 28.87589], [-96.10822, 28.87645], [-96.11009, 28.87882], [-96.11187, 28.88105], [-96.11363, 28.88328], [-96.11541, 28.88552], [-96.11722, 28.88779], [-96.11895, 28.88998], [-96.12074, 28.89221], [-96.12251, 28.89445], [-96.12428, 28.89668], [-96.12609, 28.89896], [-96.12788, 28.90122], [-96.1297, 28.90351], [-96.13154, 28.90581], [-96.13302, 28.90766], [-96.13482, 28.9099], [-96.13671, 28.91226], [-96.13873, 28.91441], [-96.14075, 28.91657], [-96.14259, 28.9185], [-96.14279, 28.91871], [-96.14485, 28.92088], [-96.14691, 28.92304], [-96.14897, 28.92521], [-96.15103, 28.92738], [-96.15309, 28.92953], [-96.15515, 28.93172], [-96.15666, 28.9333], [-96.1572, 28.93386], [-96.15925, 28.93604], [-96.16132, 28.93821], [-96.16328, 28.94027], [-96.16526, 28.94234], [-96.16723, 28.94441], [-96.16919, 28.94648], [-96.17116, 28.94854], [-96.17317, 28.95067], [-96.17518, 28.95279], [-96.17722, 28.95493], [-96.17924, 28.95705], [-96.18125, 28.95915], [-96.18322, 28.96125], [-96.18523, 28.96334], [-96.18712, 28.96533], [-96.18923, 28.96754], [-96.19122, 28.96964], [-96.19322, 28.97173], [-96.19523, 28.97384], [-96.19724, 28.97597], [-96.19919, 28.97802], [-96.20115, 28.98006], [-96.20308, 28.9821], [-96.20503, 28.98415], [-96.20715, 28.98635], [-96.20919, 28.98849], [-96.21101, 28.99038], [-96.21287, 28.99229], [-96.21491, 28.99438], [-96.21703, 28.99656], [-96.21855, 28.99911], [-96.22001, 29.00157], [-96.22149, 29.00401], [-96.22294, 29.00644], [-96.22439, 29.00889], [-96.22573, 29.01111], [-96.22704, 29.01333], [-96.22854, 29.0159], [-96.23009, 29.01847], [-96.23161, 29.02104], [-96.23313, 29.02358], [-96.23428, 29.0255], [-96.23542, 29.02743], [-96.23576, 29.02742], [-96.23599, 29.02742], [-96.23657, 29.02741], [-96.23875, 29.02736], [-96.24208, 29.02735], [-96.24541, 29.02734], [-96.24868, 29.02733], [-96.25239, 29.0273], [-96.256, 29.02729], [-96.25911, 29.02726], [-96.26314, 29.02871], [-96.26693, 29.03006], [-96.2705, 29.03134], [-96.27444, 29.03276], [-96.27852, 29.0342], [-96.28274, 29.03572], [-96.28649, 29.03705], [-96.2902, 29.03827], [-96.29432, 29.03962], [-96.29807, 29.04085], [-96.30153, 29.04214], [-96.30458, 29.04338], [-96.30776, 29.04469], [-96.31145, 29.046], [-96.31532, 29.04738], [-96.31922, 29.04877], [-96.32321, 29.05019], [-96.32713, 29.05159], [-96.33108, 29.053], [-96.33499, 29.0544], [-96.33844, 29.05562], [-96.34145, 29.05703], [-96.34531, 29.0588], [-96.34922, 29.0606], [-96.3531, 29.0624], [-96.35685, 29.06414], [-96.36053, 29.06585], [-96.36365, 29.06737], [-96.3666, 29.0688], [-96.37007, 29.07051], [-96.37356, 29.07225], [-96.3769, 29.07376], [-96.37972, 29.07495], [-96.38253, 29.07615], [-96.38536, 29.07734], [-96.38744, 29.0783], [-96.38997, 29.07947], [-96.39181, 29.08032], [-96.39238, 29.08058], [-96.39597, 29.08224], [-96.39875, 29.08352], [-96.40196, 29.085], [-96.40582, 29.08678], [-96.40954, 29.0885], [-96.41314, 29.09016], [-96.4169, 29.09189], [-96.42049, 29.09355], [-96.42301, 29.09362], [-96.4266, 29.0937], [-96.43078, 29.09381], [-96.43359, 29.09373], [-96.43784, 29.09347], [-96.44246, 29.09321], [-96.44678, 29.09295], [-96.45103, 29.0927], [-96.45523, 29.09244], [-96.4587, 29.09233], [-96.46221, 29.09222], [-96.4662, 29.09209], [-96.47043, 29.09195], [-96.47538, 29.0918], [-96.4799, 29.09167], [-96.48446, 29.0916], [-96.488, 29.09158], [-96.48905, 29.09157], [-96.49389, 29.09152], [-96.49849, 29.09149], [-96.50281, 29.09145], [-96.507, 29.09141], [-96.51138, 29.09137], [-96.51553, 29.09133], [-96.51979, 29.09129], [-96.52405, 29.09125], [-96.52834, 29.09121], [-96.53264, 29.09116], [-96.53687, 29.09114], [-96.54084, 29.0911], [-96.54467, 29.09115], [-96.54872, 29.09122], [-96.55303, 29.09129], [-96.55724, 29.09134], [-96.56189, 29.09141], [-96.56586, 29.09149], [-96.56985, 29.09154], [-96.57412, 29.0916], [-96.57834, 29.09167], [-96.58277, 29.09173], [-96.58751, 29.0918], [-96.59188, 29.09187], [-96.59608, 29.09193], [-96.5993, 29.09167], [-96.60241, 29.09144], [-96.60549, 29.0912], [-96.60967, 29.09084], [-96.61383, 29.0905], [-96.61805, 29.09018], [-96.62228, 29.08983], [-96.62657, 29.08948], [-96.63065, 29.08916], [-96.63482, 29.08881], [-96.639, 29.08847], [-96.64318, 29.08914], [-96.64751, 29.08982], [-96.65164, 29.0905], [-96.65569, 29.09115], [-96.65997, 29.09179], [-96.6642, 29.09248], [-96.66872, 29.09318], [-96.67306, 29.09388], [-96.6773, 29.09457], [-96.68147, 29.09524], [-96.68566, 29.0959], [-96.68974, 29.09656], [-96.69391, 29.09722], [-96.69792, 29.09787], [-96.70204, 29.09852], [-96.70605, 29.09915], [-96.71028, 29.09983], [-96.71457, 29.1005], [-96.71861, 29.10115], [-96.72286, 29.10183], [-96.7267, 29.10149], [-96.73109, 29.10112], [-96.73545, 29.10073], [-96.73964, 29.10037], [-96.74347, 29.10004], [-96.74727, 29.09972], [-96.75153, 29.09935], [-96.75588, 29.09896], [-96.76003, 29.0986], [-96.76429, 29.09823], [-96.76873, 29.09784], [-96.77302, 29.09747], [-96.77739, 29.09708], [-96.78168, 29.09671], [-96.78591, 29.09633], [-96.79022, 29.09595], [-96.79464, 29.0961], [-96.79879, 29.09625], [-96.80338, 29.0964], [-96.80781, 29.09654], [-96.81321, 29.0967], [-96.81705, 29.09683], [-96.82032, 29.09694], [-96.82417, 29.09706], [-96.82857, 29.0972], [-96.83338, 29.09736], [-96.83799, 29.0975], [-96.84201, 29.09763], [-96.84647, 29.09777], [-96.85098, 29.09791], [-96.85511, 29.09804], [-96.85955, 29.09818], [-96.86396, 29.0982], [-96.86879, 29.09817], [-96.8734, 29.09787], [-96.87758, 29.0976], [-96.88274, 29.09744], [-96.88718, 29.09728], [-96.89141, 29.09715], [-96.89567, 29.097], [-96.89986, 29.09686], [-96.90417, 29.09672], [-96.90848, 29.09658], [-96.91272, 29.09643], [-96.91697, 29.09629], [-96.92131, 29.09615], [-96.9256, 29.096], [-96.92986, 29.09586], [-96.93414, 29.09572], [-96.93824, 29.09558], [-96.9427, 29.09543], [-96.94695, 29.09528], [-96.95127, 29.09513], [-96.95547, 29.09499], [-96.95917, 29.09487], [-96.96333, 29.09472], [-96.96775, 29.09412], [-96.97122, 29.09365], [-96.97468, 29.09317], [-96.97804, 29.09271], [-96.98173, 29.0922], [-96.98587, 29.09163], [-96.98978, 29.09111], [-96.99351, 29.09059], [-96.99755, 29.08978], [-97.00111, 29.08906], [-97.00445, 29.08839], [-97.00866, 29.08754], [-97.0128, 29.08669], [-97.01693, 29.08676], [-97.02103, 29.08684], [-97.02518, 29.08628], [-97.02934, 29.0857], [-97.03334, 29.08515], [-97.03743, 29.08458], [-97.04178, 29.08399], [-97.04592, 29.08342], [-97.0501, 29.08285], [-97.05435, 29.08225], [-97.05863, 29.08166], [-97.06283, 29.08109], [-97.067, 29.08052], [-97.0708, 29.08011], [-97.0749, 29.07967], [-97.07917, 29.07922], [-97.08329, 29.07876], [-97.08736, 29.07833], [-97.09166, 29.07786], [-97.09601, 29.0774], [-97.10066, 29.07689], [-97.10501, 29.07643], [-97.10867, 29.07604], [-97.11268, 29.07561], [-97.1169, 29.07479], [-97.12128, 29.07395], [-97.12572, 29.07309], [-97.13025, 29.07222], [-97.13442, 29.07142], [-97.13859, 29.07062], [-97.14271, 29.06981], [-97.14681, 29.06902], [-97.15096, 29.06823], [-97.15482, 29.06748], [-97.15931, 29.06662], [-97.16358, 29.06578], [-97.16813, 29.06491], [-97.17188, 29.06418], [-97.17667, 29.06325], [-97.1806, 29.06248], [-97.1842, 29.06179], [-97.18788, 29.06107], [-97.19223, 29.06025], [-97.19648, 29.05943], [-97.20078, 29.05859], [-97.20126, 29.0585], [-97.2038, 29.05801], [-97.20611, 29.05713], [-97.20941, 29.05587], [-97.21332, 29.05438], [-97.21725, 29.05289], [-97.22112, 29.0514], [-97.22498, 29.04994], [-97.22884, 29.04848], [-97.23328, 29.0468], [-97.23707, 29.04535], [-97.24074, 29.04395], [-97.24455, 29.0425], [-97.24859, 29.04096], [-97.25261, 29.03942], [-97.2566, 29.03901], [-97.26043, 29.03859], [-97.26473, 29.03813], [-97.2692, 29.03747], [-97.27418, 29.03674], [-97.27834, 29.03613], [-97.28101, 29.03564], [-97.28498, 29.03492], [-97.28859, 29.03426], [-97.29113, 29.03478], [-97.29405, 29.03538], [-97.29836, 29.03625], [-97.3039, 29.0374], [-97.308, 29.03822], [-97.31206, 29.03906], [-97.31604, 29.03988], [-97.32123, 29.04093], [-97.32482, 29.04167], [-97.32982, 29.04268], [-97.33387, 29.04352], [-97.33747, 29.04424], [-97.34266, 29.04529], [-97.34802, 29.0464], [-97.35352, 29.04751], [-97.35792, 29.04842], [-97.36195, 29.04924], [-97.36545, 29.04995], [-97.36846, 29.05099], [-97.37149, 29.05204], [-97.37481, 29.05319], [-97.37831, 29.05441], [-97.38175, 29.0556], [-97.38594, 29.05705], [-97.39061, 29.05867], [-97.39401, 29.05984], [-97.39818, 29.06129], [-97.40215, 29.06266], [-97.40579, 29.06393], [-97.40995, 29.06536], [-97.41352, 29.06659], [-97.41836, 29.06826], [-97.42229, 29.06962], [-97.42417, 29.0702], [-97.42717, 29.0711], [-97.43226, 29.07263], [-97.43609, 29.0738], [-97.44032, 29.07508], [-97.44441, 29.07705], [-97.44797, 29.07878], [-97.4513, 29.08039], [-97.45519, 29.08226], [-97.45882, 29.08402], [-97.46243, 29.08577], [-97.46583, 29.08741], [-97.47003, 29.08943], [-97.47422, 29.09145], [-97.47768, 29.09313], [-97.48115, 29.0948], [-97.48428, 29.09631], [-97.48778, 29.09801], [-97.49163, 29.09985], [-97.49501, 29.10111], [-97.4984, 29.10238], [-97.50077, 29.10351], [-97.50409, 29.10511], [-97.50752, 29.10754], [-97.51105, 29.10924], [-97.51502, 29.11116], [-97.51882, 29.11299], [-97.5227, 29.11486], [-97.52624, 29.11657], [-97.5307, 29.11872], [-97.5341, 29.12036], [-97.5371, 29.12181], [-97.54084, 29.1236], [-97.54469, 29.12546], [-97.54835, 29.12726], [-97.55191, 29.12901], [-97.55559, 29.1308], [-97.55799, 29.13197], [-97.56201, 29.13395], [-97.56578, 29.1358], [-97.56999, 29.13784], [-97.57384, 29.13974], [-97.57697, 29.14126], [-97.58018, 29.14283], [-97.58363, 29.14454], [-97.58721, 29.14628], [-97.59066, 29.14796], [-97.59419, 29.1497], [-97.59779, 29.15145], [-97.60137, 29.15321], [-97.60486, 29.1549], [-97.60865, 29.15675], [-97.613, 29.15886], [-97.61684, 29.16076], [-97.62006, 29.16233], [-97.62303, 29.16378], [-97.62687, 29.16565], [-97.63062, 29.16748], [-97.63401, 29.16914], [-97.63774, 29.17095], [-97.64112, 29.1726], [-97.64491, 29.17446], [-97.6488, 29.17635], [-97.6522, 29.17801], [-97.65535, 29.17955], [-97.6588, 29.18123], [-97.66255, 29.18306], [-97.66693, 29.18519], [-97.67043, 29.1869], [-97.67395, 29.18861], [-97.67737, 29.19027], [-97.68164, 29.19235], [-97.68568, 29.19432], [-97.68916, 29.19603], [-97.69311, 29.19796], [-97.69787, 29.20028], [-97.70197, 29.20228], [-97.70539, 29.20394], [-97.70846, 29.20544], [-97.71236, 29.20734], [-97.71576, 29.20899], [-97.71938, 29.21076], [-97.72128, 29.21171], [-97.7218, 29.21197], [-97.72529, 29.2137], [-97.72871, 29.21538], [-97.73136, 29.2167], [-97.7348, 29.2184], [-97.73895, 29.22035], [-97.74293, 29.22222], [-97.74628, 29.22384], [-97.74974, 29.22552], [-97.7535, 29.22735], [-97.75699, 29.22905], [-97.76052, 29.23078], [-97.76408, 29.23251], [-97.76767, 29.23426], [-97.7711, 29.23593], [-97.77417, 29.23742], [-97.77745, 29.23901], [-97.78076, 29.24063], [-97.78433, 29.24236], [-97.78768, 29.24399], [-97.79112, 29.24566], [-97.7945, 29.2473], [-97.79682, 29.24973], [-97.79905, 29.25209], [-97.80103, 29.25417], [-97.8035, 29.25677], [-97.80594, 29.25934], [-97.80874, 29.26229], [-97.81149, 29.26519], [-97.81346, 29.26726], [-97.81584, 29.26977], [-97.8182, 29.27227], [-97.82028, 29.27446], [-97.82318, 29.27749], [-97.82594, 29.2804], [-97.82805, 29.28266], [-97.83032, 29.28505], [-97.83273, 29.28757], [-97.83558, 29.29058], [-97.83761, 29.29272], [-97.84027, 29.29552], [-97.84321, 29.29861], [-97.84575, 29.3013], [-97.8485, 29.30419], [-97.85048, 29.30627], [-97.85327, 29.3092], [-97.85649, 29.31259], [-97.85959, 29.31585], [-97.86253, 29.31893], [-97.86522, 29.32176], [-97.86781, 29.32449], [-97.87011, 29.3269], [-97.87273, 29.32968], [-97.87515, 29.33221], [-97.87776, 29.33495], [-97.88013, 29.33745], [-97.88285, 29.34033], [-97.88547, 29.34308], [-97.88767, 29.3454], [-97.89057, 29.34843], [-97.89351, 29.35153], [-97.89592, 29.35407], [-97.89877, 29.35709], [-97.90154, 29.36], [-97.90398, 29.36256], [-97.90662, 29.36535], [-97.90917, 29.36801], [-97.91158, 29.37058], [-97.91395, 29.37304], [-97.9166, 29.37584], [-97.91911, 29.37848], [-97.9211, 29.3806], [-97.92359, 29.38327], [-97.92624, 29.38609], [-97.92884, 29.38889], [-97.93171, 29.39195], [-97.93483, 29.39529], [-97.93773, 29.39841], [-97.94045, 29.40131], [-97.94292, 29.40396], [-97.94531, 29.40651], [-97.94802, 29.40941], [-97.95064, 29.4122], [-97.95342, 29.4152], [-97.95599, 29.41795], [-97.95853, 29.42068], [-97.96098, 29.4233], [-97.96359, 29.42608], [-97.96646, 29.42919], [-97.96903, 29.43194], [-97.97146, 29.43453], [-97.97408, 29.43735], [-97.97711, 29.44059], [-97.97974, 29.4434], [-97.98209, 29.44592], [-97.98465, 29.44865], [-97.98716, 29.45134], [-97.99037, 29.45476], [-97.99274, 29.4573], [-97.99591, 29.46067], [-97.99843, 29.46339], [-98.00056, 29.46515], [-97.99917, 29.46673], [-97.998, 29.46804], [-97.99833, 29.46828], [-97.99891, 29.46763], [-97.99988, 29.4673]]}, "properties": {"owner": "NOT AVAILABLE", "voltage_kv": 345.0}}, {"type": "Feature", "geometry": {"type": "LineString", "coordinates": [[-93.73786, 30.2597], [-93.73807, 30.25991], [-93.73888, 30.26186], [-93.74076, 30.26638], [-93.73866, 30.26667]]}, "properties": {"owner": "DEEP EAST TEXAS ELEC COOP INC", "voltage_kv": 500.0}}, {"type": "Feature", "geometry": {"type": "LineString", "coordinates": [[-94.07411, 30.08394], [-94.07366, 30.08993], [-94.05764, 30.09285], [-94.04128, 30.09628], [-94.04067, 30.10112], [-94.03917, 30.11408], [-94.03568, 30.1442], [-94.03546, 30.1458], [-94.03361, 30.1459], [-94.02422, 30.14602], [-94.01829, 30.14755], [-94.00826, 30.14769], [-94.00403, 30.14711], [-94.00199, 30.14714], [-93.99783, 30.14773], [-93.95618, 30.16708], [-93.93783, 30.16757], [-93.93032, 30.16223], [-93.88587, 30.16273], [-93.88278, 30.16271], [-93.88293, 30.16312], [-93.88303, 30.16387], [-93.88199, 30.16407]]}, "properties": {"owner": "ENTERGY TEXAS, INC.", "voltage_kv": 230.0}}, {"type": "Feature", "geometry": {"type": "LineString", "coordinates": [[-95.62409, 29.48072], [-95.63325, 29.47633]]}, "properties": {"owner": "CENTERPOINT ENERGY HOUSTON ELECTRIC, LLC", "voltage_kv": 345.0}}, {"type": "Feature", "geometry": {"type": "LineString", "coordinates": [[-93.89334, 29.96333], [-93.89336, 29.96277], [-93.89526, 29.96084], [-93.89686, 29.96199], [-93.89722, 29.96179]]}, "properties": {"owner": "ENTERGY TEXAS, INC.", "voltage_kv": 230.0}}, {"type": "Feature", "geometry": {"type": "LineString", "coordinates": [[-93.92207, 29.96336], [-93.9218, 29.96322], [-93.92139, 29.96323], [-93.91876, 29.96382], [-93.91882, 29.96639], [-93.91878, 29.96712], [-93.92002, 29.96749], [-93.91966, 29.96813], [-93.91796, 29.96738], [-93.91437, 29.97033], [-93.90129, 29.98152], [-93.90135, 30.00601], [-93.8845, 30.01783], [-93.88442, 30.02391], [-93.88219, 30.02539], [-93.88024, 30.02684], [-93.87863, 30.02497], [-93.87923, 30.02443]]}, "properties": {"owner": "ENTERGY TEXAS, INC.", "voltage_kv": 230.0}}, {"type": "Feature", "geometry": {"type": "LineString", "coordinates": [[-95.63325, 29.47633], [-95.63036, 29.48282]]}, "properties": {"owner": "CENTERPOINT ENERGY HOUSTON ELECTRIC, LLC", "voltage_kv": 345.0}}, {"type": "Feature", "geometry": {"type": "LineString", "coordinates": [[-95.62409, 29.48072], [-95.62281, 29.4801], [-95.6209, 29.48103], [-95.60596, 29.48118], [-95.54242, 29.48178], [-95.51785, 29.48597], [-95.4576, 29.49006], [-95.43385, 29.49056], [-95.36287, 29.46631], [-95.36073, 29.46605], [-95.35345, 29.46361], [-95.35164, 29.46258], [-95.32424, 29.45318], [-95.31084, 29.457], [-95.30922, 29.45753], [-95.30873, 29.45702], [-95.30831, 29.45621]]}, "properties": {"owner": "CENTERPOINT ENERGY HOUSTON ELECTRIC, LLC", "voltage_kv": 345.0}}, {"type": "Feature", "geometry": {"type": "LineString", "coordinates": [[-95.12347, 29.83665], [-95.12148, 29.83703]]}, "properties": {"owner": "CENTERPOINT ENERGY HOUSTON ELECTRIC, LLC", "voltage_kv": 345.0}}, {"type": "Feature", "geometry": {"type": "LineString", "coordinates": [[-96.23605, 29.02954], [-96.23656, 29.02888], [-96.23602, 29.02749], [-96.23599, 29.02742], [-96.23593, 29.02727], [-96.23577, 29.02712], [-96.23469, 29.02531], [-96.23357, 29.02339], [-96.23202, 29.02084], [-96.23052, 29.01828], [-96.22899, 29.01571], [-96.22743, 29.01315], [-96.22613, 29.01092], [-96.22482, 29.00869], [-96.22336, 29.00626], [-96.22189, 29.00382], [-96.22044, 29.00136], [-96.21898, 28.99892], [-96.21742, 28.99632], [-96.21524, 28.99411], [-96.21321, 28.99203], [-96.21138, 28.99012], [-96.20957, 28.98824], [-96.20752, 28.98611], [-96.20541, 28.98388], [-96.20352, 28.98186], [-96.20151, 28.97979], [-96.19955, 28.97776], [-96.1976, 28.9757], [-96.19557, 28.97355], [-96.19358, 28.97146], [-96.19159, 28.96938], [-96.18959, 28.96728], [-96.18747, 28.96506], [-96.1856, 28.96308], [-96.18358, 28.96098], [-96.1816, 28.95888], [-96.1796, 28.95678], [-96.17759, 28.95466], [-96.17554, 28.95254], [-96.17352, 28.95042], [-96.1715, 28.94828], [-96.16955, 28.94622], [-96.16759, 28.94414], [-96.1656, 28.94209], [-96.16366, 28.94001], [-96.16168, 28.93794], [-96.15962, 28.93577], [-96.15757, 28.93361], [-96.15726, 28.93329], [-96.15551, 28.93144], [-96.15344, 28.92927], [-96.15139, 28.92711], [-96.14934, 28.92495], [-96.14727, 28.92278], [-96.14521, 28.92061], [-96.14315, 28.91844], [-96.14296, 28.91823], [-96.14112, 28.91631], [-96.1391, 28.91414], [-96.13709, 28.912], [-96.1352, 28.90966], [-96.1334, 28.90742], [-96.13192, 28.90557], [-96.13009, 28.90326], [-96.12827, 28.90097], [-96.12647, 28.89873], [-96.12467, 28.89645], [-96.12289, 28.89421], [-96.12112, 28.89198], [-96.11933, 28.88974], [-96.1176, 28.88755], [-96.1158, 28.88528], [-96.11401, 28.88304], [-96.11226, 28.88082], [-96.11048, 28.87858], [-96.1086, 28.87622], [-96.10831, 28.87585], [-96.10699, 28.87421], [-96.10513, 28.87181], [-96.10324, 28.86946], [-96.10136, 28.8671], [-96.0995, 28.86474], [-96.09761, 28.86237], [-96.09573, 28.85999], [-96.09383, 28.8576], [-96.09216, 28.85547], [-96.09048, 28.85337], [-96.08866, 28.85108], [-96.08685, 28.8488], [-96.085, 28.84647], [-96.08314, 28.84411], [-96.08127, 28.84176], [-96.07939, 28.8394], [-96.07751, 28.83704], [-96.07563, 28.83466], [-96.07374, 28.8323], [-96.07187, 28.82994], [-96.07003, 28.82762], [-96.06821, 28.82532], [-96.06639, 28.82302], [-96.06464, 28.82083], [-96.0629, 28.81863], [-96.06116, 28.81644], [-96.05942, 28.81425], [-96.05767, 28.81205], [-96.05604, 28.81], [-96.05443, 28.80796], [-96.05297, 28.80611], [-96.05116, 28.80385], [-96.05129, 28.80001], [-96.05056, 28.79947]]}, "properties": {"owner": "AEP TEXAS CENTRAL COMPANY", "voltage_kv": 345.0}}, {"type": "Feature", "geometry": {"type": "LineString", "coordinates": [[-95.30831, 29.45621], [-95.30865, 29.45708], [-95.30919, 29.45764], [-95.31087, 29.4571], [-95.32424, 29.45329], [-95.3516, 29.46267], [-95.35341, 29.4637], [-95.36071, 29.46615], [-95.36285, 29.46641], [-95.43384, 29.49066], [-95.4576, 29.49016], [-95.51786, 29.48607], [-95.54243, 29.48188], [-95.60596, 29.48128], [-95.62092, 29.48113], [-95.62291, 29.48033], [-95.6239, 29.48065], [-95.62409, 29.48072]]}, "properties": {"owner": "CENTERPOINT ENERGY HOUSTON ELECTRIC, LLC", "voltage_kv": 345.0}}, {"type": "Feature", "geometry": {"type": "LineString", "coordinates": [[-96.87834, 29.79572], [-96.87876, 29.79562], [-96.88212, 29.79563], [-96.8845, 29.79551], [-96.88868, 29.7948], [-96.89314, 29.79404], [-96.89727, 29.79398], [-96.90121, 29.79392], [-96.90518, 29.79385], [-96.9097, 29.79377], [-96.91381, 29.79372], [-96.91854, 29.79362], [-96.92265, 29.79356], [-96.92674, 29.79346], [-96.9301, 29.7934], [-96.93419, 29.79474], [-96.93789, 29.79596], [-96.94203, 29.79733], [-96.94616, 29.79865], [-96.95029, 29.80004], [-96.95411, 29.80129], [-96.95856, 29.80274], [-96.96241, 29.80401], [-96.96584, 29.80517], [-96.97022, 29.80663], [-96.97428, 29.80795], [-96.97843, 29.80932], [-96.98253, 29.81066], [-96.9867, 29.81204], [-96.99052, 29.8133], [-96.99448, 29.81458], [-96.99853, 29.81592], [-97.00319, 29.81746], [-97.00683, 29.81863], [-97.01101, 29.82001], [-97.01474, 29.82124], [-97.01842, 29.82245], [-97.02287, 29.8239], [-97.02666, 29.82516], [-97.03052, 29.82642], [-97.03475, 29.82782], [-97.03873, 29.82913], [-97.04044, 29.8297], [-97.04146, 29.83003], [-97.04435, 29.83096], [-97.04821, 29.83223], [-97.05206, 29.83348], [-97.05588, 29.83474], [-97.05907, 29.83579], [-97.06267, 29.83698], [-97.06692, 29.83813], [-97.07095, 29.83924], [-97.07456, 29.84024], [-97.07887, 29.84141], [-97.083, 29.84254], [-97.08707, 29.84363], [-97.09127, 29.8448], [-97.09559, 29.84598], [-97.09977, 29.8471], [-97.10394, 29.84826], [-97.10774, 29.8493], [-97.11203, 29.85048], [-97.1161, 29.85159], [-97.11946, 29.8525], [-97.12347, 29.8536], [-97.12748, 29.85469], [-97.13175, 29.85586], [-97.13596, 29.85701], [-97.14004, 29.85813], [-97.14395, 29.85918], [-97.14806, 29.86031], [-97.15234, 29.86148], [-97.15661, 29.86264], [-97.16042, 29.86368], [-97.16447, 29.86476], [-97.16858, 29.86591], [-97.17261, 29.867], [-97.1766, 29.86809], [-97.18066, 29.8692], [-97.18472, 29.87032], [-97.18909, 29.87151], [-97.19271, 29.87249], [-97.19697, 29.87364], [-97.20086, 29.8747], [-97.20516, 29.87587], [-97.2093, 29.87699], [-97.21326, 29.87808], [-97.2177, 29.87929], [-97.22151, 29.88032], [-97.22571, 29.88148], [-97.22947, 29.8825], [-97.23333, 29.88357], [-97.23758, 29.88471], [-97.24172, 29.88583], [-97.24598, 29.88699], [-97.24993, 29.88807], [-97.25414, 29.88921], [-97.25836, 29.89036], [-97.26182, 29.89129], [-97.26633, 29.89253], [-97.27023, 29.89359], [-97.27389, 29.89457], [-97.2775, 29.89557], [-97.28067, 29.89642], [-97.2846, 29.89748], [-97.28912, 29.89872], [-97.29302, 29.89978], [-97.29756, 29.90101], [-97.30069, 29.90186], [-97.30522, 29.90309], [-97.30912, 29.90416], [-97.31319, 29.90527], [-97.31695, 29.90628], [-97.32111, 29.90741], [-97.32463, 29.90837], [-97.32916, 29.90961], [-97.3328, 29.91059], [-97.33639, 29.91157], [-97.34032, 29.91263], [-97.34443, 29.91372], [-97.34882, 29.91492], [-97.35291, 29.91602], [-97.35691, 29.91712], [-97.36137, 29.91831], [-97.36528, 29.91938], [-97.36947, 29.92054], [-97.3734, 29.92159], [-97.37766, 29.92334], [-97.38073, 29.92459], [-97.38501, 29.92635], [-97.38852, 29.92779], [-97.39202, 29.92921], [-97.39631, 29.93098], [-97.40003, 29.9325], [-97.40343, 29.93389], [-97.40729, 29.93548], [-97.41001, 29.93659], [-97.41416, 29.93828], [-97.41799, 29.93986], [-97.42215, 29.94156], [-97.42589, 29.94308], [-97.42975, 29.94466], [-97.43371, 29.94631], [-97.43771, 29.94796], [-97.44159, 29.94954], [-97.44558, 29.95117], [-97.44916, 29.95264], [-97.45315, 29.95427], [-97.4569, 29.95581], [-97.45914, 29.95674], [-97.45991, 29.95706], [-97.46398, 29.95846], [-97.46799, 29.95982], [-97.47055, 29.96139], [-97.47444, 29.96297], [-97.47856, 29.96465], [-97.48246, 29.96625], [-97.48616, 29.96777], [-97.49047, 29.96951], [-97.49375, 29.97087], [-97.4978, 29.97254], [-97.5017, 29.97415], [-97.50573, 29.97578], [-97.50914, 29.97718], [-97.5131, 29.97879], [-97.5171, 29.98042], [-97.52138, 29.9811], [-97.52568, 29.9818], [-97.53001, 29.98247], [-97.53382, 29.98308], [-97.53832, 29.9838], [-97.54252, 29.98447], [-97.54672, 29.98511], [-97.55108, 29.98583], [-97.55542, 29.98652], [-97.55945, 29.98715], [-97.56378, 29.98784], [-97.56812, 29.98854], [-97.57154, 29.98908], [-97.57584, 29.98977], [-97.57964, 29.99037], [-97.58337, 29.99097], [-97.58774, 29.99166], [-97.59212, 29.99235], [-97.59614, 29.993], [-97.60078, 29.99372], [-97.60484, 29.99436], [-97.60882, 29.995], [-97.61327, 29.9951], [-97.61716, 29.99519], [-97.62112, 29.99644], [-97.62521, 29.99773], [-97.6288, 29.99842], [-97.63268, 29.99918], [-97.63603, 29.99983], [-97.64036, 30.00066], [-97.64433, 30.00143], [-97.64819, 30.00218], [-97.6526, 30.00268], [-97.65691, 30.00317], [-97.66079, 30.0036], [-97.66481, 30.00406], [-97.66511, 30.00408], [-97.66921, 30.00426], [-97.67334, 30.00433], [-97.67422, 30.00538]]}, "properties": {"owner": "BLUEBONNET ELECTRIC COOP, INC", "voltage_kv": 345.0}}, {"type": "Feature", "geometry": {"type": "LineString", "coordinates": [[-96.48439, 31.18553], [-96.48365, 31.18551], [-96.48293, 31.1846], [-96.48123, 31.18215], [-96.47976, 31.18002], [-96.47845, 31.17812], [-96.47608, 31.17575], [-96.47376, 31.17344], [-96.47212, 31.17109], [-96.47036, 31.16863], [-96.46849, 31.16593], [-96.46652, 31.16318], [-96.4647, 31.16056], [-96.46248, 31.15735], [-96.46081, 31.15508], [-96.45941, 31.15298], [-96.45773, 31.15061], [-96.45575, 31.14779], [-96.45382, 31.14506], [-96.45231, 31.14288], [-96.45065, 31.14053], [-96.44897, 31.13811], [-96.4471, 31.13546], [-96.44531, 31.13284], [-96.4431, 31.13024], [-96.44099, 31.1277], [-96.43881, 31.12513], [-96.43667, 31.12251], [-96.4345, 31.11994], [-96.43231, 31.11728], [-96.43014, 31.11473], [-96.42808, 31.11227], [-96.4266, 31.10984], [-96.4251, 31.1074], [-96.42342, 31.10507], [-96.4216, 31.1025], [-96.41993, 31.10016], [-96.41847, 31.09804], [-96.41626, 31.09627], [-96.41402, 31.09442], [-96.41184, 31.09264], [-96.40949, 31.09069], [-96.40728, 31.08889], [-96.40585, 31.0868], [-96.40398, 31.08409], [-96.40219, 31.0815], [-96.40023, 31.07866], [-96.39825, 31.07619], [-96.39625, 31.07368], [-96.39433, 31.07127], [-96.39224, 31.06865], [-96.39106, 31.06612], [-96.38987, 31.06362], [-96.3889, 31.06156], [-96.38867, 31.06106], [-96.38729, 31.05818], [-96.3859, 31.05524], [-96.38455, 31.05238], [-96.38323, 31.04952], [-96.38119, 31.04729], [-96.38099, 31.04707], [-96.37918, 31.04504], [-96.37709, 31.0427], [-96.37499, 31.04037], [-96.3728, 31.0379], [-96.37034, 31.03513], [-96.36821, 31.03274], [-96.36586, 31.03016], [-96.3639, 31.02742], [-96.3623, 31.02527], [-96.36055, 31.02249], [-96.35884, 31.01973], [-96.35728, 31.01722], [-96.35562, 31.01463], [-96.35395, 31.01204], [-96.35216, 31.00916], [-96.3504, 31.00636], [-96.34873, 31.00372], [-96.3472, 31.00126], [-96.34556, 30.99867], [-96.34383, 30.9959], [-96.34214, 30.99322], [-96.34044, 30.9905], [-96.3388, 30.9879], [-96.33716, 30.98533], [-96.33545, 30.98259], [-96.33361, 30.97971], [-96.33221, 30.97744], [-96.33064, 30.97519], [-96.32895, 30.9727], [-96.32724, 30.97041], [-96.32546, 30.96801], [-96.32364, 30.96553], [-96.32174, 30.96297], [-96.31987, 30.96042], [-96.31799, 30.95786], [-96.31611, 30.95532], [-96.31422, 30.95278], [-96.31239, 30.95024], [-96.31066, 30.94792], [-96.3088, 30.94538], [-96.30733, 30.94342], [-96.30703, 30.94301], [-96.30639, 30.93963], [-96.30577, 30.93664], [-96.30517, 30.93366], [-96.3046, 30.93067], [-96.30285, 30.92803], [-96.30109, 30.92526], [-96.29935, 30.92256], [-96.29766, 30.91995], [-96.29586, 30.91715], [-96.29406, 30.91436], [-96.2924, 30.91178], [-96.29049, 30.90877], [-96.28877, 30.90616], [-96.28714, 30.90363], [-96.2854, 30.90094], [-96.28372, 30.89828], [-96.28195, 30.89552], [-96.28015, 30.89275], [-96.27843, 30.89006], [-96.27673, 30.88742], [-96.27497, 30.88467], [-96.27317, 30.88191], [-96.27139, 30.87913], [-96.26969, 30.87649], [-96.26806, 30.87396], [-96.2663, 30.87122], [-96.26448, 30.86841], [-96.26268, 30.8656], [-96.26088, 30.8628], [-96.25925, 30.8602], [-96.25904, 30.85895]]}, "properties": {"owner": "CITY OF BRYAN - (TX)", "voltage_kv": 345.0}}, {"type": "Feature", "geometry": {"type": "LineString", "coordinates": [[-93.87757, 30.02312], [-93.87923, 30.02443]]}, "properties": {"owner": "ENTERGY TEXAS, INC.", "voltage_kv": 230.0}}, {"type": "Feature", "geometry": {"type": "LineString", "coordinates": [[-96.05056, 28.79947], [-96.04999, 28.80006], [-96.04971, 28.80337], [-96.00139, 28.80413], [-95.99889, 28.80333], [-95.9186, 28.80523], [-95.56821, 28.93794], [-95.55483, 28.943], [-95.5432, 28.94887], [-95.49187, 28.9502], [-95.45171, 28.94828], [-95.43937, 28.95235], [-95.43596, 28.95325], [-95.43045, 28.95367], [-95.4211, 28.95482], [-95.39683, 28.95815], [-95.38575, 28.97591], [-95.38127, 28.98263], [-95.37729, 28.9846], [-95.36742, 28.98895], [-95.36057, 28.98696], [-95.35881, 28.98684], [-95.35814, 28.98593]]}, "properties": {"owner": "CENTERPOINT ENERGY", "voltage_kv": 345.0}}, {"type": "Feature", "geometry": {"type": "LineString", "coordinates": [[-93.89722, 29.96179], [-93.89686, 29.96194], [-93.89525, 29.9608], [-93.89333, 29.96275], [-93.89334, 29.96333]]}, "properties": {"owner": "ENTERGY TEXAS, INC.", "voltage_kv": 230.0}}, {"type": "Feature", "geometry": {"type": "LineString", "coordinates": [[-93.9401, 29.92472], [-93.93952, 29.92487], [-93.93926, 29.92476], [-93.93081, 29.93378], [-93.90986, 29.91901], [-93.9088, 29.91845], [-93.90139, 29.91319], [-93.90124, 29.91336], [-93.90111, 29.91328]]}, "properties": {"owner": "ENTERGY TEXAS, INC.", "voltage_kv": 230.0}}, {"type": "Feature", "geometry": {"type": "LineString", "coordinates": [[-96.68777, 29.96283], [-96.68616, 29.96271], [-96.67993, 29.96868], [-96.67752, 29.97133], [-96.67541, 29.973], [-96.64631, 30.00092], [-96.58596, 30.03208], [-96.54753, 30.04797], [-96.50375, 30.07886], [-96.4605, 30.10944], [-96.45255, 30.10651], [-96.44713, 30.10538], [-96.42678, 30.11121], [-96.42546, 30.11118]]}, "properties": {"owner": "BLUEBONNET ELECTRIC COOP, INC", "voltage_kv": 345.0}}, {"type": "Feature", "geometry": {"type": "LineString", "coordinates": [[-95.573, 29.82258], [-95.57339, 29.82341], [-95.57455, 29.82359], [-95.57454, 29.82579], [-95.57451, 29.82785], [-95.57449, 29.82993], [-95.57448, 29.832], [-95.57445, 29.83406], [-95.57455, 29.83618], [-95.5746, 29.8381], [-95.5753, 29.83951], [-95.57554, 29.84], [-95.57556, 29.84195], [-95.57559, 29.84387], [-95.57562, 29.8458], [-95.57564, 29.84774], [-95.57567, 29.84968], [-95.57569, 29.85162], [-95.57573, 29.85374], [-95.57576, 29.85552], [-95.57597, 29.85733], [-95.57598, 29.85926], [-95.57601, 29.86118], [-95.57605, 29.86311], [-95.57607, 29.86506], [-95.5761, 29.86693], [-95.5761, 29.867], [-95.5761, 29.86727], [-95.57613, 29.86917], [-95.57579, 29.86972], [-95.5757, 29.86988], [-95.57534, 29.87046], [-95.57518, 29.87072], [-95.57519, 29.87292], [-95.57523, 29.87509], [-95.57526, 29.87726], [-95.57532, 29.8793], [-95.57533, 29.88041], [-95.57533, 29.88152], [-95.57558, 29.88315], [-95.57589, 29.88502], [-95.57625, 29.8872], [-95.5766, 29.8894], [-95.57688, 29.89129], [-95.57723, 29.89358], [-95.57753, 29.89558], [-95.57756, 29.89768], [-95.5776, 29.89977], [-95.57762, 29.90186], [-95.57765, 29.90394], [-95.57768, 29.90604], [-95.57771, 29.90812], [-95.57774, 29.91021], [-95.57777, 29.9123], [-95.57779, 29.91439], [-95.57783, 29.91648], [-95.57786, 29.91857], [-95.5779, 29.92068], [-95.57793, 29.92279], [-95.57798, 29.9249], [-95.57802, 29.92701], [-95.57805, 29.92913], [-95.5781, 29.93121], [-95.57813, 29.9333], [-95.57816, 29.9355], [-95.57816, 29.93767], [-95.57591, 29.9377], [-95.57333, 29.93771], [-95.57107, 29.93771], [-95.5688, 29.93773], [-95.56653, 29.93772], [-95.56427, 29.93772], [-95.56197, 29.93772], [-95.55949, 29.93772], [-95.55703, 29.93772], [-95.55456, 29.93771], [-95.55209, 29.93771], [-95.54965, 29.93771], [-95.5472, 29.9377], [-95.54474, 29.93771], [-95.54227, 29.9377], [-95.53982, 29.93771], [-95.53737, 29.93771], [-95.53479, 29.93765], [-95.53462, 29.93948], [-95.53501, 29.94002]]}, "properties": {"owner": "CENTERPOINT ENERGY HOUSTON ELECTRIC, LLC", "voltage_kv": 345.0}}, {"type": "Feature", "geometry": {"type": "LineString", "coordinates": [[-95.77808, 29.91004], [-95.77792, 29.90948], [-95.77902, 29.90767], [-95.77896, 29.90414], [-95.76883, 29.8639], [-95.75662, 29.81431], [-95.75401, 29.80378], [-95.75047, 29.78921], [-95.74846, 29.78136], [-95.74086, 29.75264], [-95.73913, 29.74605], [-95.7387, 29.74554], [-95.73881, 29.74481], [-95.73234, 29.72019], [-95.72876, 29.70657], [-95.7204, 29.67438], [-95.7178, 29.67381], [-95.71733, 29.67313]]}, "properties": {"owner": "CENTERPOINT ENERGY HOUSTON ELECTRIC, LLC", "voltage_kv": 345.0}}, {"type": "Feature", "geometry": {"type": "LineString", "coordinates": [[-96.05056, 28.79947], [-96.05041, 28.79998], [-96.05022, 28.80382], [-96.0521, 28.80618], [-96.05381, 28.80835], [-96.05544, 28.81039], [-96.05706, 28.81242], [-96.0588, 28.81463], [-96.06054, 28.81682], [-96.06228, 28.81901], [-96.06401, 28.82121], [-96.06577, 28.8234], [-96.06759, 28.8257], [-96.06941, 28.828], [-96.07125, 28.83032], [-96.07313, 28.83267], [-96.07502, 28.83505], [-96.07689, 28.83742], [-96.07877, 28.83979], [-96.08065, 28.84215], [-96.08251, 28.84449], [-96.08438, 28.84681], [-96.08623, 28.84917], [-96.08804, 28.85146], [-96.08986, 28.85375], [-96.09153, 28.85586], [-96.09323, 28.85797], [-96.09512, 28.86037], [-96.09699, 28.86276], [-96.09888, 28.86511], [-96.10075, 28.86748], [-96.10262, 28.86983], [-96.1045, 28.8722], [-96.10639, 28.87459], [-96.10744, 28.87592], [-96.10798, 28.87659], [-96.10986, 28.87896], [-96.11163, 28.88119], [-96.1134, 28.88342], [-96.11518, 28.88566], [-96.11698, 28.88793], [-96.11871, 28.89012], [-96.1205, 28.89235], [-96.12227, 28.89459], [-96.12406, 28.89682], [-96.12586, 28.89911], [-96.12764, 28.90136], [-96.12947, 28.90363], [-96.13129, 28.90596], [-96.13278, 28.90778], [-96.13459, 28.91005], [-96.13649, 28.9124], [-96.13851, 28.91457], [-96.14054, 28.91672], [-96.14237, 28.91865], [-96.14258, 28.91887], [-96.14464, 28.92104], [-96.14669, 28.9232], [-96.14875, 28.92537], [-96.15081, 28.92753], [-96.15287, 28.9297], [-96.15493, 28.93187], [-96.15629, 28.9333], [-96.15699, 28.93403], [-96.15904, 28.93619], [-96.16105, 28.9383], [-96.16307, 28.94043], [-96.16503, 28.94249], [-96.167, 28.94457], [-96.16897, 28.94664], [-96.17094, 28.94872], [-96.17295, 28.95083], [-96.17497, 28.95297], [-96.17699, 28.9551], [-96.17904, 28.95723], [-96.18101, 28.95932], [-96.18301, 28.96141], [-96.18501, 28.9635], [-96.18689, 28.96549], [-96.189, 28.9677], [-96.191, 28.9698], [-96.193, 28.97189], [-96.19503, 28.97402], [-96.19703, 28.97613], [-96.19898, 28.97818], [-96.20092, 28.98022], [-96.20294, 28.98228], [-96.20481, 28.98432], [-96.20694, 28.98652], [-96.20899, 28.98867], [-96.2108, 28.99055], [-96.21265, 28.99246], [-96.21469, 28.99453], [-96.21681, 28.9967], [-96.21829, 28.99924], [-96.21976, 29.00167], [-96.22123, 29.00412], [-96.2227, 29.00655], [-96.22412, 29.009], [-96.22549, 29.01124], [-96.2268, 29.01345], [-96.2283, 29.01602], [-96.22984, 29.01858], [-96.23137, 29.02115], [-96.23289, 29.02371], [-96.23404, 29.02562], [-96.23516, 29.02761], [-96.23368, 29.02881], [-96.23201, 29.03018], [-96.23035, 29.03159], [-96.22815, 29.03319], [-96.22526, 29.03527], [-96.22298, 29.03694], [-96.2202, 29.03895], [-96.21733, 29.04104], [-96.21444, 29.04315], [-96.21154, 29.04525], [-96.20873, 29.04731], [-96.20598, 29.04929], [-96.20333, 29.05121], [-96.20036, 29.05337], [-96.19792, 29.05515], [-96.19495, 29.0573], [-96.19213, 29.05935], [-96.18992, 29.06096], [-96.18728, 29.06288], [-96.18497, 29.06456], [-96.18208, 29.06665], [-96.17932, 29.06866], [-96.1769, 29.07045], [-96.17448, 29.0722], [-96.17169, 29.07422], [-96.16891, 29.07624], [-96.16648, 29.07801], [-96.16403, 29.07979], [-96.16132, 29.08175], [-96.1587, 29.08366], [-96.15612, 29.08554], [-96.15397, 29.08711], [-96.15114, 29.08915], [-96.1484, 29.09114], [-96.14583, 29.09301], [-96.14328, 29.09487], [-96.14072, 29.09673], [-96.13815, 29.09859], [-96.1356, 29.10043], [-96.13306, 29.10228], [-96.13042, 29.10421], [-96.12808, 29.1059], [-96.12563, 29.10767], [-96.12397, 29.10891], [-96.12076, 29.11051], [-96.11742, 29.1122], [-96.11455, 29.11365], [-96.11129, 29.11529], [-96.10824, 29.11679], [-96.10498, 29.11848], [-96.10218, 29.11992], [-96.09888, 29.12155], [-96.09578, 29.12312], [-96.09251, 29.12477], [-96.08956, 29.12624], [-96.08624, 29.12793], [-96.08318, 29.12946], [-96.07984, 29.13113], [-96.07685, 29.13264], [-96.07379, 29.13419], [-96.07068, 29.13575], [-96.06769, 29.13725], [-96.06508, 29.13857], [-96.06216, 29.14004], [-96.05923, 29.14145], [-96.05583, 29.14311], [-96.05266, 29.14466], [-96.04948, 29.14613], [-96.04749, 29.14757], [-96.0454, 29.14817], [-96.04318, 29.14923], [-96.04092, 29.15029], [-96.03869, 29.15135], [-96.03682, 29.15194], [-96.03495, 29.15254], [-96.03309, 29.15314], [-96.03089, 29.15417], [-96.02869, 29.15519], [-96.02694, 29.15639], [-96.02509, 29.15767], [-96.02311, 29.15857], [-96.02116, 29.15948], [-96.01919, 29.16041], [-96.01724, 29.1613], [-96.01695, 29.16144], [-96.01514, 29.16229], [-96.01298, 29.1633], [-96.0109, 29.16427], [-96.00879, 29.16527], [-96.00668, 29.16625], [-96.00457, 29.16724], [-96.00244, 29.16818], [-96.00176, 29.16962], [-96.00152, 29.17011], [-96.00055, 29.17204], [-95.99971, 29.17372], [-95.99869, 29.17574], [-95.9977, 29.17774], [-95.99588, 29.1786], [-95.99393, 29.17991], [-95.99199, 29.1812], [-95.99002, 29.1825], [-95.98805, 29.18379], [-95.98613, 29.1851], [-95.98418, 29.18639], [-95.98223, 29.18768], [-95.98027, 29.18898], [-95.97833, 29.19027], [-95.97638, 29.19155], [-95.97441, 29.19285], [-95.97371, 29.19331], [-95.97246, 29.19412], [-95.97051, 29.19542], [-95.96856, 29.1967], [-95.96661, 29.19801], [-95.96466, 29.1993], [-95.9627, 29.20059], [-95.96081, 29.20183], [-95.9588, 29.20315], [-95.957, 29.20447], [-95.95494, 29.20582], [-95.95292, 29.20716], [-95.95085, 29.20853], [-95.94881, 29.20976], [-95.94681, 29.2111], [-95.9448, 29.21242], [-95.94293, 29.21369], [-95.94112, 29.21491], [-95.9393, 29.21611], [-95.93747, 29.21733], [-95.93565, 29.21853], [-95.93382, 29.21974], [-95.93199, 29.22094], [-95.93017, 29.22216], [-95.92834, 29.22337], [-95.9263, 29.22461], [-95.92444, 29.22584], [-95.92257, 29.22708], [-95.9207, 29.22832], [-95.91883, 29.22955], [-95.91702, 29.23093], [-95.91511, 29.2324], [-95.91337, 29.23353], [-95.91165, 29.23468], [-95.90966, 29.23578], [-95.90764, 29.23713], [-95.90561, 29.23846], [-95.90354, 29.23983], [-95.90155, 29.24114], [-95.89954, 29.24245], [-95.8979, 29.24388], [-95.89618, 29.2438], [-95.89447, 29.24371], [-95.89281, 29.24529], [-95.89112, 29.2468], [-95.88942, 29.24831], [-95.88775, 29.24981], [-95.88624, 29.25116], [-95.88442, 29.2528], [-95.88271, 29.25432], [-95.881, 29.25584], [-95.87929, 29.25738], [-95.87759, 29.25891], [-95.87588, 29.26043], [-95.87413, 29.26195], [-95.87389, 29.26371], [-95.87362, 29.26545], [-95.87332, 29.26723], [-95.87305, 29.26902], [-95.87211, 29.27086], [-95.87072, 29.27243], [-95.86896, 29.27398], [-95.86719, 29.27554], [-95.86543, 29.2771], [-95.86367, 29.27865], [-95.86193, 29.28023], [-95.86018, 29.28179], [-95.85842, 29.28335], [-95.85666, 29.2849], [-95.8549, 29.28646], [-95.85313, 29.28802], [-95.85138, 29.28958], [-95.84962, 29.29113], [-95.84785, 29.29268], [-95.84609, 29.29424], [-95.84444, 29.29571], [-95.84277, 29.29717], [-95.84112, 29.29863], [-95.83947, 29.3001], [-95.8378, 29.30156], [-95.83613, 29.30302], [-95.83449, 29.30449], [-95.83279, 29.30599], [-95.83094, 29.30761], [-95.82918, 29.30917], [-95.82738, 29.31075], [-95.82564, 29.31229], [-95.82388, 29.31385], [-95.8221, 29.31542], [-95.82034, 29.31697], [-95.81857, 29.31854], [-95.8168, 29.3201], [-95.81503, 29.32166], [-95.81326, 29.32322], [-95.8115, 29.32478], [-95.80972, 29.32635], [-95.80796, 29.32791], [-95.80619, 29.32947], [-95.80442, 29.33103], [-95.80269, 29.33255], [-95.80093, 29.33411], [-95.79915, 29.33567], [-95.79739, 29.33723], [-95.79562, 29.33879], [-95.79384, 29.34035], [-95.7925, 29.34152], [-95.79206, 29.3419], [-95.79136, 29.34388], [-95.78953, 29.34548], [-95.78772, 29.34708], [-95.78589, 29.34869], [-95.78413, 29.35025], [-95.78236, 29.35181], [-95.78062, 29.35338], [-95.77885, 29.355], [-95.77692, 29.35644], [-95.77547, 29.35773], [-95.77401, 29.35903], [-95.77255, 29.36031], [-95.77109, 29.3616], [-95.76924, 29.36303], [-95.76737, 29.3645], [-95.76548, 29.36596], [-95.76362, 29.36742], [-95.76174, 29.36889], [-95.75986, 29.37034], [-95.75798, 29.3718], [-95.7561, 29.37325], [-95.7543, 29.37479], [-95.75229, 29.37633], [-95.75073, 29.37756], [-95.74878, 29.37895], [-95.74702, 29.38031], [-95.74527, 29.38169], [-95.74351, 29.38306], [-95.74176, 29.38443], [-95.74, 29.38579], [-95.73824, 29.38717], [-95.73647, 29.38853], [-95.73461, 29.38999], [-95.73281, 29.39119], [-95.73114, 29.39271], [-95.72949, 29.39401], [-95.72774, 29.39538], [-95.726, 29.39678], [-95.72427, 29.39813], [-95.72254, 29.39948], [-95.72082, 29.40083], [-95.71909, 29.40217], [-95.71736, 29.40351], [-95.71563, 29.40485], [-95.71393, 29.40621], [-95.71206, 29.40769], [-95.71055, 29.40888], [-95.70891, 29.41015], [-95.70738, 29.41135], [-95.70542, 29.41271], [-95.70359, 29.41415], [-95.70175, 29.41558], [-95.69992, 29.417], [-95.69806, 29.41842], [-95.69622, 29.41984], [-95.69438, 29.42127], [-95.69255, 29.4227], [-95.69071, 29.42412], [-95.68886, 29.42554], [-95.68711, 29.42711], [-95.68538, 29.42866], [-95.68351, 29.43011], [-95.68164, 29.43156], [-95.67978, 29.433], [-95.67792, 29.43444], [-95.67605, 29.4359], [-95.67419, 29.43734], [-95.67234, 29.43879], [-95.67046, 29.44024], [-95.66861, 29.44168], [-95.66676, 29.44312], [-95.66491, 29.44455], [-95.66306, 29.44598], [-95.6612, 29.44744], [-95.65933, 29.44888], [-95.65745, 29.45035], [-95.65556, 29.45181], [-95.65369, 29.45328], [-95.65188, 29.45468], [-95.65002, 29.45612], [-95.64816, 29.45756], [-95.64629, 29.45901], [-95.64444, 29.46044], [-95.6426, 29.46187], [-95.64075, 29.46332], [-95.63891, 29.46474], [-95.63705, 29.46617], [-95.63521, 29.4676], [-95.63342, 29.46915], [-95.63192, 29.4703], [-95.63044, 29.47145], [-95.6289, 29.47258], [-95.62872, 29.47463], [-95.62853, 29.47665], [-95.6285, 29.47763], [-95.62815, 29.47776], [-95.62738, 29.47805], [-95.62617, 29.4785], [-95.62396, 29.47943], [-95.62409, 29.48072]]}, "properties": {"owner": "CENTERPOINT ENERGY", "voltage_kv": 345.0}}, {"type": "Feature", "geometry": {"type": "LineString", "coordinates": [[-95.97332, 30.66141], [-95.97462, 30.66235], [-95.97462, 30.66374], [-95.97324, 30.66816], [-95.9836, 30.71457], [-96.01394, 30.84775], [-96.02613, 30.89738], [-96.02827, 30.91788], [-96.03279, 30.93967], [-96.03524, 30.94992], [-96.03835, 30.96403], [-96.03978, 30.97027], [-96.0424, 30.98071], [-96.04621, 30.99765], [-96.0532, 31.02947], [-96.06562, 31.08067], [-96.07218, 31.10869], [-96.08053, 31.14451], [-96.09451, 31.20429], [-96.10822, 31.26334], [-96.10942, 31.26889], [-96.11554, 31.29557], [-96.11591, 31.29771], [-96.13213, 31.36799], [-96.1327, 31.3708], [-96.13257, 31.37109], [-96.1328, 31.37132]]}, "properties": {"owner": "ENTERGY TEXAS INC.", "voltage_kv": 345.0}}, {"type": "Feature", "geometry": {"type": "LineString", "coordinates": [[-93.87923, 30.02443], [-93.88066, 30.02462], [-93.88196, 30.02609], [-93.87964, 30.02754], [-93.88011, 30.04874], [-93.88715, 30.06418], [-93.88742, 30.07786], [-93.88714, 30.08059], [-93.88883, 30.09914], [-93.88894, 30.11965], [-93.87979, 30.11976], [-93.87957, 30.16004], [-93.87954, 30.16239], [-93.87463, 30.16248], [-93.83708, 30.16241], [-93.79828, 30.16109], [-93.78098, 30.16048], [-93.77219, 30.16008], [-93.7722, 30.16422], [-93.7679, 30.16727], [-93.76403, 30.18209], [-93.76417, 30.18903], [-93.76208, 30.19045], [-93.75965, 30.19048], [-93.75984, 30.19481], [-93.75956, 30.19578], [-93.75426, 30.21579], [-93.75366, 30.21803], [-93.74557, 30.21763], [-93.74397, 30.21747], [-93.74215, 30.21823]]}, "properties": {"owner": "JASPER-NEWTON ELEC COOP, INC", "voltage_kv": 230.0}}, {"type": "Feature", "geometry": {"type": "LineString", "coordinates": [[-93.73624, 30.25824], [-93.73786, 30.2597]]}, "properties": {"owner": "DEEP EAST TEXAS ELEC COOP INC", "voltage_kv": 500.0}}, {"type": "Feature", "geometry": {"type": "LineString", "coordinates": [[-95.21632, 29.91534], [-95.21704, 29.91636], [-95.21837, 29.91668], [-95.21836, 29.92603], [-95.21873, 29.92848], [-95.21863, 29.94739], [-95.2192, 29.94927], [-95.21921, 29.96159], [-95.21949, 29.96355], [-95.21941, 29.97747], [-95.22004, 29.97955], [-95.22004, 29.98166], [-95.21945, 29.98355], [-95.21952, 29.99162], [-95.22062, 29.99335], [-95.23194, 29.99941], [-95.23194, 30.00224], [-95.23194, 30.00245], [-95.23973, 30.00247], [-95.23986, 30.01005], [-95.24284, 30.01003], [-95.25043, 30.01252], [-95.25043, 30.01741], [-95.28445, 30.01732], [-95.28462, 30.02534], [-95.29645, 30.0375], [-95.31595, 30.0576], [-95.35261, 30.08134], [-95.38091, 30.08988], [-95.40104, 30.08937], [-95.41203, 30.0936], [-95.41774, 30.09339], [-95.41954, 30.09419], [-95.43889, 30.09428], [-95.43894, 30.08632], [-95.44158, 30.08632], [-95.47575, 30.09242], [-95.47816, 30.09227], [-95.48628, 30.09374], [-95.48955, 30.0943], [-95.50425, 30.09691], [-95.50713, 30.09719], [-95.51182, 30.09805], [-95.5125, 30.09562], [-95.51641, 30.09085], [-95.52601, 30.09093], [-95.53063, 30.10158], [-95.53345, 30.10266], [-95.53559, 30.10303], [-95.53876, 30.10299], [-95.54453, 30.104], [-95.54674, 30.10506], [-95.56985, 30.10918], [-95.57259, 30.11006], [-95.58558, 30.11744], [-95.5954, 30.11735], [-95.59778, 30.11783], [-95.60018, 30.11837], [-95.6017, 30.11874], [-95.60378, 30.12008], [-95.62958, 30.14054], [-95.6321, 30.14406], [-95.63611, 30.14631], [-95.63917, 30.14976], [-95.6411, 30.15401], [-95.64136, 30.15618], [-95.64722, 30.16918], [-95.66061, 30.19796], [-95.6646, 30.20239], [-95.67709, 30.21905], [-95.68395, 30.23111], [-95.6992, 30.25339], [-95.70518, 30.25983], [-95.71362, 30.28513], [-95.73116, 30.3028], [-95.73283, 30.30524], [-95.74139, 30.32189], [-95.75462, 30.32963], [-95.75619, 30.33143], [-95.76169, 30.33906], [-95.77798, 30.34888], [-95.78259, 30.35408], [-95.78255, 30.3579], [-95.78369, 30.36536], [-95.78676, 30.37999], [-95.78837, 30.38536], [-95.80308, 30.40346], [-95.81782, 30.427], [-95.83023, 30.44647], [-95.83739, 30.46386], [-95.84852, 30.48142], [-95.85947, 30.4935], [-95.86733, 30.50579], [-95.8773, 30.52108], [-95.88119, 30.52851], [-95.88418, 30.53386], [-95.88871, 30.53966], [-95.89406, 30.54648], [-95.89785, 30.55127], [-95.89934, 30.55433], [-95.91542, 30.57956], [-95.91952, 30.58387], [-95.92413, 30.59122], [-95.92437, 30.59194], [-95.91987, 30.59384], [-95.91907, 30.5939]]}, "properties": {"owner": "ENTERGY TEXAS INC.", "voltage_kv": 345.0}}, {"type": "Feature", "geometry": {"type": "LineString", "coordinates": [[-94.98242, 29.48752], [-94.98231, 29.48577], [-94.98171, 29.48569], [-94.98221, 29.48416], [-94.97977, 29.48366], [-94.9774, 29.48309], [-94.97679, 29.48485], [-94.97629, 29.48658], [-94.97578, 29.48849], [-94.97525, 29.49032], [-94.97758, 29.49047], [-94.97975, 29.49056], [-94.98, 29.49057], [-94.98445, 29.4908], [-94.98673, 29.49091], [-94.98905, 29.49102], [-94.99138, 29.49103], [-94.99218, 29.49258], [-94.9933, 29.49448], [-94.9944, 29.49639], [-94.99552, 29.49828], [-94.99663, 29.50019], [-94.99776, 29.5021], [-94.99889, 29.50401], [-95.0, 29.50591], [-95.00112, 29.50782], [-95.00225, 29.50974], [-95.00334, 29.51164], [-95.00447, 29.51354], [-95.0056, 29.51547], [-95.0067, 29.51737], [-95.00783, 29.51927], [-95.00894, 29.52119], [-95.01008, 29.52309], [-95.0112, 29.525], [-95.01231, 29.52691], [-95.01343, 29.52881], [-95.01455, 29.53074], [-95.01566, 29.53264], [-95.0167, 29.53459], [-95.01784, 29.53655], [-95.019, 29.5385], [-95.02016, 29.54046], [-95.02118, 29.54221], [-95.0222, 29.54397], [-95.02351, 29.54645], [-95.02394, 29.54858], [-95.02438, 29.55083], [-95.02482, 29.55348], [-95.02516, 29.5556], [-95.02552, 29.55778], [-95.02589, 29.55995], [-95.02626, 29.5622], [-95.02658, 29.56416], [-95.02679, 29.56592], [-95.02711, 29.56791], [-95.02743, 29.5698], [-95.02775, 29.57176], [-95.02807, 29.57372], [-95.02841, 29.57568], [-95.02872, 29.57764], [-95.02904, 29.5796], [-95.02944, 29.5815], [-95.02987, 29.5836], [-95.03028, 29.58577], [-95.03068, 29.58795], [-95.03103, 29.59012], [-95.03139, 29.5923], [-95.03178, 29.59448], [-95.03215, 29.5966], [-95.03247, 29.59865], [-95.03283, 29.60084], [-95.03318, 29.60296], [-95.03354, 29.60516], [-95.0339, 29.60733], [-95.03426, 29.6095], [-95.03492, 29.61218], [-95.03522, 29.614], [-95.03561, 29.61637], [-95.03595, 29.61847], [-95.03631, 29.6206], [-95.03665, 29.62271], [-95.037, 29.62481], [-95.03735, 29.62691], [-95.03769, 29.62901], [-95.03805, 29.63111], [-95.03816, 29.63385], [-95.03844, 29.6355], [-95.0387, 29.63715], [-95.03897, 29.63877], [-95.03902, 29.64083], [-95.03907, 29.64291], [-95.0391, 29.64496], [-95.0391, 29.6469], [-95.03913, 29.64884], [-95.03912, 29.65068], [-95.03913, 29.6514], [-95.03914, 29.65261], [-95.03924, 29.65481], [-95.0393, 29.65701], [-95.03933, 29.65921], [-95.0394, 29.66141], [-95.03946, 29.66361], [-95.03944, 29.6639], [-95.03933, 29.66549], [-95.03935, 29.66737], [-95.03938, 29.66948], [-95.03945, 29.6716], [-95.03946, 29.6726], [-95.03951, 29.67377], [-95.03959, 29.67591], [-95.03965, 29.67803], [-95.0397, 29.68015], [-95.03975, 29.68229], [-95.03981, 29.68434], [-95.03896, 29.68652], [-95.03814, 29.6887], [-95.03817, 29.69054], [-95.03822, 29.69245], [-95.03769, 29.69379], [-95.03826, 29.6941], [-95.04006, 29.6941], [-95.05426, 29.6938], [-95.05868, 29.69516], [-95.06564, 29.69503], [-95.07283, 29.69488], [-95.08741, 29.69467], [-95.08733, 29.69255], [-95.09983, 29.69232], [-95.1023, 29.69248], [-95.10367, 29.69249], [-95.14518, 29.69189], [-95.14512, 29.6934], [-95.14531, 29.69989], [-95.14465, 29.70092], [-95.14461, 29.71014], [-95.14428, 29.71239], [-95.13668, 29.71202], [-95.13553, 29.71219]]}, "properties": {"owner": "NOT AVAILABLE", "voltage_kv": 345.0}}, {"type": "Feature", "geometry": {"type": "LineString", "coordinates": [[-94.9249, 29.74806], [-94.92348, 29.74774], [-94.92324, 29.74697], [-94.91444, 29.74832], [-94.91034, 29.74856], [-94.90642, 29.74974], [-94.89738, 29.75778], [-94.90253, 29.78221], [-94.90444, 29.78935], [-94.90894, 29.81006], [-94.90498, 29.82622], [-94.92092, 29.83917], [-94.93176, 29.85344], [-94.93052, 29.8539], [-94.92897, 29.85412], [-94.92742, 29.85466]]}, "properties": {"owner": "CENTERPOINT ENERGY HOUSTON ELECTRIC, LLC", "voltage_kv": 345.0}}, {"type": "Feature", "geometry": {"type": "LineString", "coordinates": [[-95.45054, 29.72469], [-95.45154, 29.72578], [-95.45243, 29.72608], [-95.4593, 29.72555], [-95.46173, 29.72538], [-95.46162, 29.7217], [-95.48521, 29.72146], [-95.49002, 29.7214], [-95.49781, 29.72134], [-95.49777, 29.72253], [-95.51356, 29.72124], [-95.5157, 29.72087], [-95.51804, 29.72066], [-95.52031, 29.72049], [-95.52259, 29.72032], [-95.52486, 29.72012], [-95.52713, 29.71994], [-95.53624, 29.71936], [-95.53669, 29.71872]]}, "properties": {"owner": "CENTERPOINT ENERGY HOUSTON ELECTRIC, LLC", "voltage_kv": 345.0}}, {"type": "Feature", "geometry": {"type": "LineString", "coordinates": [[-95.77808, 29.91004], [-95.77802, 29.9115], [-95.77887, 29.91373], [-95.7812, 29.91369], [-95.78845, 29.94231], [-95.79537, 29.96908], [-95.80918, 30.02266], [-95.80985, 30.0252], [-95.81128, 30.03067], [-95.81605, 30.04995], [-95.81757, 30.05566], [-95.8231, 30.07743], [-95.82652, 30.09076], [-95.83875, 30.1357], [-95.84449, 30.15637], [-95.90235, 30.36456], [-95.90765, 30.3834], [-95.92685, 30.4618], [-95.92862, 30.46977], [-95.93676, 30.50618], [-95.94975, 30.56373], [-95.9521, 30.57422], [-95.95917, 30.60564], [-95.96796, 30.64469], [-95.96811, 30.65028], [-95.96975, 30.65796], [-95.97143, 30.6619], [-95.97256, 30.66153], [-95.97332, 30.66141]]}, "properties": {"owner": "SAN BERNARD ELECTRIC COOP, INC", "voltage_kv": 345.0}}, {"type": "Feature", "geometry": {"type": "LineString", "coordinates": [[-95.21934, 29.81844], [-95.21791, 29.81783], [-95.2179, 29.81703], [-95.22086, 29.81491], [-95.22356, 29.8064], [-95.23247, 29.80608], [-95.23218, 29.79838], [-95.2319, 29.79757], [-95.23181, 29.78789], [-95.23163, 29.78093], [-95.23151, 29.77861], [-95.23162, 29.77753], [-95.2315, 29.77345], [-95.23083, 29.77212], [-95.23069, 29.76812], [-95.23125, 29.7673], [-95.2305, 29.7584], [-95.22947, 29.75691], [-95.22914, 29.74658], [-95.22974, 29.74513], [-95.22937, 29.73277], [-95.2296, 29.73196], [-95.22972, 29.72844], [-95.22971, 29.72662], [-95.22827, 29.72372], [-95.22804, 29.72066], [-95.22772, 29.72054], [-95.22694, 29.72038]]}, "properties": {"owner": "CENTERPOINT ENERGY HOUSTON ELECTRIC, LLC", "voltage_kv": 345.0}}, {"type": "Feature", "geometry": {"type": "LineString", "coordinates": [[-96.69351, 31.09122], [-96.69364, 31.09065], [-96.69296, 31.09006], [-96.69137, 31.0887], [-96.68891, 31.0899], [-96.68562, 31.09162], [-96.68263, 31.09319], [-96.68003, 31.09452], [-96.67669, 31.09628], [-96.67358, 31.0979], [-96.6713, 31.10069], [-96.66909, 31.10339], [-96.66695, 31.106], [-96.66455, 31.10889], [-96.66214, 31.11011], [-96.65907, 31.11164], [-96.65632, 31.11301], [-96.65362, 31.11436], [-96.65156, 31.11541], [-96.64941, 31.11649], [-96.64622, 31.11809], [-96.64344, 31.11945], [-96.64104, 31.12065], [-96.63773, 31.12231], [-96.63447, 31.12393], [-96.6311, 31.12561], [-96.62843, 31.12694], [-96.62554, 31.12839], [-96.62281, 31.12973], [-96.61961, 31.13135], [-96.61754, 31.13238], [-96.61467, 31.13382], [-96.61153, 31.13537], [-96.60818, 31.13705], [-96.60503, 31.13862], [-96.60201, 31.14012], [-96.5991, 31.14158], [-96.59676, 31.14274], [-96.59408, 31.14408], [-96.59307, 31.14678], [-96.59208, 31.14934], [-96.5912, 31.15176], [-96.59017, 31.15451], [-96.58944, 31.15721], [-96.5886, 31.16021], [-96.58772, 31.16343], [-96.58707, 31.16584], [-96.58624, 31.16882], [-96.58547, 31.17171], [-96.58458, 31.17497], [-96.58372, 31.17811], [-96.58283, 31.18135], [-96.58204, 31.1843], [-96.58124, 31.1872], [-96.58036, 31.19046], [-96.57952, 31.19356], [-96.57681, 31.19491], [-96.57341, 31.19662], [-96.57111, 31.19778], [-96.56781, 31.19944], [-96.56479, 31.20097], [-96.56142, 31.20265], [-96.55817, 31.20428], [-96.55481, 31.20598], [-96.55157, 31.20761], [-96.54837, 31.20921], [-96.54497, 31.21092], [-96.54203, 31.21239], [-96.53857, 31.21414], [-96.53537, 31.2157], [-96.53192, 31.21745], [-96.52921, 31.21881], [-96.52559, 31.22064], [-96.5226, 31.22212], [-96.51982, 31.22027], [-96.51728, 31.2186], [-96.51528, 31.21724], [-96.51304, 31.21524], [-96.51113, 31.21358], [-96.50871, 31.2114], [-96.50632, 31.20924], [-96.50419, 31.20734], [-96.50188, 31.20569], [-96.49894, 31.20369], [-96.49642, 31.20202], [-96.49499, 31.20001], [-96.49335, 31.19763], [-96.49202, 31.19576], [-96.49033, 31.19342], [-96.49002, 31.19019], [-96.48743, 31.18778], [-96.4855, 31.18541], [-96.48439, 31.18553]]}, "properties": {"owner": "CITY OF BRYAN - (TX)", "voltage_kv": 345.0}}, {"type": "Feature", "geometry": {"type": "LineString", "coordinates": [[-93.89722, 29.96179], [-93.897, 29.96207], [-93.89647, 29.96263], [-93.8956, 29.96195], [-93.89431, 29.96339], [-93.89356, 29.96338], [-93.89334, 29.96333]]}, "properties": {"owner": "ENTERGY TEXAS, INC.", "voltage_kv": 230.0}}, {"type": "Feature", "geometry": {"type": "LineString", "coordinates": [[-95.62409, 29.48072], [-95.6252, 29.48129], [-95.62777, 29.47994], [-95.62814, 29.48047], [-95.62853, 29.48101], [-95.62894, 29.48157], [-95.62912, 29.48167], [-95.62923, 29.48173], [-95.62951, 29.4821], [-95.62993, 29.48284], [-95.63036, 29.48282]]}, "properties": {"owner": "CENTERPOINT ENERGY HOUSTON ELECTRIC, LLC", "voltage_kv": 345.0}}, {"type": "Feature", "geometry": {"type": "LineString", "coordinates": [[-94.90269, 29.77395], [-94.90194, 29.77407], [-94.90099, 29.77441], [-94.89749, 29.75782], [-94.90647, 29.74983], [-94.91036, 29.74866], [-94.91445, 29.74842], [-94.92318, 29.74708], [-94.92327, 29.74786], [-94.9249, 29.74806]]}, "properties": {"owner": "CENTERPOINT ENERGY HOUSTON ELECTRIC, LLC", "voltage_kv": 345.0}}, {"type": "Feature", "geometry": {"type": "LineString", "coordinates": [[-96.42546, 30.11118], [-96.4258, 30.1119], [-96.42676, 30.11133], [-96.44713, 30.10545], [-96.45252, 30.10657], [-96.46051, 30.10952], [-96.4749, 30.09933], [-96.507, 30.07666], [-96.54758, 30.04803], [-96.58601, 30.03213], [-96.59701, 30.02645], [-96.64636, 30.00097], [-96.67548, 29.97302], [-96.67754, 29.9714], [-96.68, 29.96871], [-96.68617, 29.96277], [-96.68739, 29.96362], [-96.68965, 29.96371], [-96.74066, 29.97859], [-96.74784, 29.98078], [-96.75278, 29.96991], [-96.75312, 29.95448], [-96.75338, 29.94115], [-96.75435, 29.92213], [-96.75468, 29.91882], [-96.75519, 29.91829]]}, "properties": {"owner": "BLUEBONNET ELECTRIC COOP, INC", "voltage_kv": 345.0}}, {"type": "Feature", "geometry": {"type": "LineString", "coordinates": [[-96.75618, 29.91356], [-96.75673, 29.91304], [-96.75656, 29.9125], [-96.77456, 29.89535], [-96.7947, 29.8763], [-96.79645, 29.87451], [-96.83699, 29.83303], [-96.85923, 29.8131], [-96.87629, 29.79778], [-96.87824, 29.79622], [-96.88212, 29.79567], [-96.8845, 29.79557], [-96.88869, 29.79486], [-96.89314, 29.7941], [-96.89727, 29.79404], [-96.93009, 29.79346], [-96.96582, 29.80523], [-96.9702, 29.80668], [-97.01472, 29.8213], [-97.04434, 29.83102], [-97.05906, 29.83585], [-97.06265, 29.83704], [-97.07093, 29.8393], [-97.08298, 29.8426], [-97.13174, 29.85591], [-97.16041, 29.86374], [-97.17658, 29.86815], [-97.18064, 29.86926], [-97.18471, 29.87038], [-97.19695, 29.8737], [-97.20085, 29.87476], [-97.20515, 29.87593], [-97.2215, 29.88038], [-97.22569, 29.88153], [-97.24596, 29.88705], [-97.24991, 29.88813], [-97.25412, 29.88927], [-97.25835, 29.89042], [-97.2618, 29.89135], [-97.26631, 29.89258], [-97.27021, 29.89364], [-97.27387, 29.89463], [-97.27749, 29.89563], [-97.28065, 29.89648], [-97.28458, 29.89754], [-97.2891, 29.89878], [-97.29301, 29.89984], [-97.29755, 29.90107], [-97.30068, 29.90192], [-97.3052, 29.90315], [-97.3091, 29.90422], [-97.31318, 29.90532], [-97.31693, 29.90634], [-97.32109, 29.90747], [-97.32462, 29.90843], [-97.32915, 29.90966], [-97.33278, 29.91065], [-97.33637, 29.91162], [-97.3403, 29.91268], [-97.34441, 29.91378], [-97.34881, 29.91498], [-97.35289, 29.91608], [-97.35689, 29.91718], [-97.36135, 29.91837], [-97.36526, 29.91944], [-97.36946, 29.92059], [-97.37338, 29.92165], [-97.37763, 29.92339], [-97.38071, 29.92464], [-97.38499, 29.92641], [-97.38849, 29.92785], [-97.39199, 29.92927], [-97.39629, 29.93104], [-97.40001, 29.93255], [-97.40341, 29.93395], [-97.40726, 29.93553], [-97.40999, 29.93664], [-97.41414, 29.93834], [-97.41797, 29.93992], [-97.42213, 29.94161], [-97.42587, 29.94313], [-97.42973, 29.94472], [-97.43369, 29.94636], [-97.43768, 29.94801], [-97.44157, 29.9496], [-97.44555, 29.95123], [-97.44913, 29.95269], [-97.45312, 29.95432], [-97.45687, 29.95586], [-97.45989, 29.95712], [-97.46797, 29.95987], [-97.47052, 29.96144], [-97.47442, 29.96303], [-97.50571, 29.97583], [-97.51708, 29.98048], [-97.52137, 29.98116], [-97.53381, 29.98314], [-97.53831, 29.98386], [-97.55542, 29.98658], [-97.57153, 29.98914], [-97.58774, 29.99172], [-97.60077, 29.99378], [-97.60882, 29.99506], [-97.61715, 29.99525], [-97.6211, 29.9965], [-97.6252, 29.99778], [-97.63602, 29.99989], [-97.64818, 30.00224], [-97.6526, 30.00274], [-97.6648, 30.00412], [-97.66921, 30.00432], [-97.67306, 30.00452], [-97.67422, 30.00538]]}, "properties": {"owner": "BLUEBONNET ELECTRIC COOP, INC", "voltage_kv": 345.0}}, {"type": "Feature", "geometry": {"type": "LineString", "coordinates": [[-94.37414, 30.04693], [-94.3736, 30.04664], [-94.37324, 30.0442], [-94.37356, 30.04318], [-94.37372, 30.04156], [-94.37387, 30.04004], [-94.37393, 30.03841], [-94.37398, 30.03697], [-94.37402, 30.03544], [-94.37406, 30.03391], [-94.37409, 30.03237], [-94.37413, 30.03086], [-94.37417, 30.02926], [-94.37414, 30.02788], [-94.37413, 30.02618], [-94.37409, 30.02447], [-94.37406, 30.02285], [-94.37403, 30.02124], [-94.37401, 30.01963], [-94.37398, 30.01803], [-94.37396, 30.01642], [-94.37392, 30.01483], [-94.37391, 30.01322], [-94.37387, 30.0116], [-94.37384, 30.01002], [-94.37383, 30.00847], [-94.37378, 30.00727], [-94.37254, 30.00723], [-94.37055, 30.00717], [-94.36859, 30.00711], [-94.36662, 30.00704], [-94.36464, 30.00697], [-94.36268, 30.0069], [-94.36069, 30.00684], [-94.35874, 30.00678], [-94.35674, 30.00671], [-94.35472, 30.00664], [-94.3528, 30.00658], [-94.35083, 30.00651], [-94.34886, 30.00645], [-94.34689, 30.00638], [-94.34491, 30.00631], [-94.34293, 30.00624], [-94.341, 30.00618], [-94.339, 30.00611], [-94.33702, 30.00604], [-94.33506, 30.00598], [-94.3331, 30.00591], [-94.33108, 30.00585], [-94.32912, 30.00578], [-94.32715, 30.00572], [-94.32517, 30.00565], [-94.3232, 30.00558], [-94.32125, 30.00552], [-94.31927, 30.00545], [-94.31735, 30.00539], [-94.31534, 30.00532], [-94.31337, 30.00526], [-94.31138, 30.00519], [-94.30942, 30.00512], [-94.30741, 30.00505], [-94.30545, 30.00498], [-94.30349, 30.00492], [-94.30151, 30.00485], [-94.29959, 30.00478], [-94.29755, 30.00471], [-94.29558, 30.00465], [-94.29353, 30.00458], [-94.2916, 30.00451], [-94.28964, 30.00444], [-94.28763, 30.00437], [-94.28569, 30.00431], [-94.28369, 30.00424], [-94.2817, 30.00417], [-94.2798, 30.0041], [-94.27778, 30.00404], [-94.2758, 30.00397], [-94.27386, 30.0039], [-94.27194, 30.00384], [-94.26999, 30.00377], [-94.26806, 30.00371], [-94.26608, 30.00364], [-94.2641, 30.00357], [-94.26215, 30.0035], [-94.26014, 30.00344], [-94.2582, 30.00337], [-94.2563, 30.0033], [-94.25437, 30.00324], [-94.25242, 30.00317], [-94.25048, 30.00311], [-94.24852, 30.00304], [-94.24659, 30.00296], [-94.24463, 30.00292], [-94.24267, 30.00283], [-94.24071, 30.00276], [-94.23876, 30.00269], [-94.23681, 30.00263], [-94.23485, 30.00256], [-94.23289, 30.00249], [-94.23093, 30.00242], [-94.22898, 30.00236], [-94.22715, 30.00229], [-94.22503, 30.00222], [-94.22332, 30.00216], [-94.22268, 30.00217], [-94.22272, 30.00342], [-94.22274, 30.00466], [-94.22275, 30.00627], [-94.22277, 30.00793], [-94.22278, 30.00951], [-94.2228, 30.01117], [-94.22281, 30.01272], [-94.22283, 30.01441], [-94.22284, 30.01596], [-94.22286, 30.0176], [-94.22287, 30.01925], [-94.22286, 30.0208], [-94.22371, 30.02179], [-94.22475, 30.02303], [-94.22559, 30.02402], [-94.22666, 30.02531], [-94.22778, 30.02665], [-94.22893, 30.02802], [-94.23011, 30.02942], [-94.23123, 30.03076], [-94.23236, 30.03211], [-94.23339, 30.03337], [-94.23343, 30.03495], [-94.23344, 30.03665], [-94.23345, 30.03836], [-94.23347, 30.03959], [-94.23348, 30.04125], [-94.23349, 30.04291], [-94.23351, 30.04457], [-94.23353, 30.04622], [-94.23354, 30.04789], [-94.23355, 30.0496], [-94.23356, 30.05129], [-94.23358, 30.05298], [-94.2336, 30.05466], [-94.23361, 30.05634], [-94.23362, 30.05781], [-94.23367, 30.05897], [-94.23373, 30.06003], [-94.23374, 30.06106], [-94.23376, 30.06237], [-94.23377, 30.06404], [-94.23378, 30.0657], [-94.23378, 30.06607], [-94.23379, 30.06729], [-94.23381, 30.06897], [-94.23381, 30.0698], [-94.23382, 30.07033], [-94.23383, 30.07188], [-94.23384, 30.07342], [-94.23384, 30.07468], [-94.23388, 30.07659], [-94.23418, 30.07717]]}, "properties": {"owner": "ENTERGY TEXAS, INC.", "voltage_kv": 230.0}}, {"type": "Feature", "geometry": {"type": "LineString", "coordinates": [[-94.23607, 30.15954], [-94.23604, 30.15986], [-94.23663, 30.22688], [-94.25067, 30.24658], [-94.27402, 30.27934], [-94.29118, 30.30341], [-94.2896, 30.3035], [-94.26179, 30.30368], [-94.26016, 30.30362], [-94.26014, 30.30258], [-94.25857, 30.30228], [-94.25719, 30.30232], [-94.2572, 30.30363]]}, "properties": {"owner": "ENTERGY TEXAS, INC.", "voltage_kv": 230.0}}, {"type": "Feature", "geometry": {"type": "LineString", "coordinates": [[-95.60598, 30.09012], [-95.60524, 30.09077], [-95.60413, 30.09089], [-95.59928, 30.09118], [-95.59944, 30.0992], [-95.60029, 30.10337], [-95.60033, 30.10979], [-95.60069, 30.11406], [-95.6017, 30.11783], [-95.6002, 30.11745], [-95.5978, 30.1169], [-95.59541, 30.11642], [-95.5856, 30.11651], [-95.57263, 30.10915], [-95.56988, 30.10826], [-95.54678, 30.10414], [-95.54456, 30.10307], [-95.53876, 30.10206], [-95.5356, 30.10211], [-95.53348, 30.10174], [-95.53071, 30.10068], [-95.5261, 30.09005], [-95.52682, 30.08968], [-95.52677, 30.089]]}, "properties": {"owner": "CENTERPOINT ENERGY HOUSTON ELECTRIC, LLC", "voltage_kv": 345.0}}, {"type": "Feature", "geometry": {"type": "LineString", "coordinates": [[-95.45054, 29.72469], [-95.449, 29.72573], [-95.44802, 29.72456], [-95.4479, 29.7218], [-95.44759, 29.70701], [-95.44761, 29.70467], [-95.44648, 29.70295], [-95.44616, 29.6865], [-95.44728, 29.68479], [-95.44719, 29.68151], [-95.44797, 29.67981], [-95.44791, 29.67168], [-95.44754, 29.66767], [-95.44724, 29.653], [-95.44712, 29.6475], [-95.4477, 29.64559], [-95.4475, 29.63116], [-95.45732, 29.63098], [-95.45986, 29.631], [-95.46241, 29.63104], [-95.46993, 29.63108], [-95.47991, 29.63105], [-95.48979, 29.63102], [-95.50053, 29.62614], [-95.50939, 29.62207], [-95.51569, 29.61924], [-95.52013, 29.61717], [-95.52659, 29.61415], [-95.5309, 29.61221], [-95.53449, 29.61059], [-95.54905, 29.60812], [-95.55417, 29.60728], [-95.55898, 29.60643], [-95.56395, 29.60558], [-95.56639, 29.60519], [-95.57107, 29.6044], [-95.57339, 29.60401], [-95.58444, 29.60216], [-95.58965, 29.60195], [-95.59034, 29.58645], [-95.59008, 29.56412], [-95.59, 29.56207], [-95.59139, 29.56111], [-95.59446, 29.55873], [-95.59512, 29.55056], [-95.59923, 29.54251], [-95.60275, 29.5287], [-95.60341, 29.52601], [-95.61312, 29.52341], [-95.61258, 29.49703], [-95.61255, 29.49502], [-95.61263, 29.49094], [-95.61261, 29.48876], [-95.61293, 29.48637], [-95.62176, 29.48236], [-95.62248, 29.48146], [-95.62223, 29.47806], [-95.62249, 29.4762], [-95.62286, 29.47489], [-95.62311, 29.47424]]}, "properties": {"owner": "CENTERPOINT ENERGY HOUSTON ELECTRIC, LLC", "voltage_kv": 345.0}}, {"type": "Feature", "geometry": {"type": "LineString", "coordinates": [[-96.68777, 29.96283], [-96.68755, 29.96333], [-96.68967, 29.96363], [-96.69265, 29.96449], [-96.69574, 29.96539], [-96.69977, 29.96659], [-96.70377, 29.96776], [-96.7074, 29.96882], [-96.71116, 29.96991], [-96.71476, 29.97095], [-96.71896, 29.97218], [-96.72248, 29.97321], [-96.72593, 29.97422], [-96.7298, 29.97535], [-96.73364, 29.97648], [-96.73724, 29.97751], [-96.74069, 29.97851], [-96.74454, 29.97967], [-96.74782, 29.98071], [-96.74789, 29.98055], [-96.74833, 29.97956], [-96.74977, 29.97637], [-96.7513, 29.97305], [-96.75274, 29.96988], [-96.7528, 29.96624], [-96.75288, 29.96333], [-96.75294, 29.96011], [-96.75301, 29.95731], [-96.75308, 29.95447], [-96.75315, 29.95099], [-96.75321, 29.94777], [-96.75328, 29.94459], [-96.75336, 29.94114], [-96.75353, 29.93799], [-96.75366, 29.93509], [-96.75381, 29.93221], [-96.754, 29.92836], [-96.75413, 29.92544], [-96.75433, 29.92211], [-96.75428, 29.91884], [-96.75519, 29.91829]]}, "properties": {"owner": "BLUEBONNET ELECTRIC COOP, INC", "voltage_kv": 345.0}}, {"type": "Feature", "geometry": {"type": "LineString", "coordinates": [[-94.98242, 29.48752], [-94.98231, 29.48577], [-94.98171, 29.48569], [-94.98221, 29.48416], [-94.97977, 29.48366], [-94.9774, 29.48309], [-94.97679, 29.48485], [-94.97629, 29.48658], [-94.97578, 29.48849], [-94.97525, 29.49032], [-94.97758, 29.49047], [-94.97975, 29.49056], [-94.98, 29.49057], [-94.98445, 29.4908], [-94.98673, 29.49091], [-94.98905, 29.49102], [-94.99138, 29.49103], [-94.99218, 29.49258], [-94.9933, 29.49448], [-94.9944, 29.49639], [-94.99552, 29.49828], [-94.99663, 29.50019], [-94.99776, 29.5021], [-94.99889, 29.50401], [-95.0, 29.50591], [-95.00112, 29.50782], [-95.00225, 29.50974], [-95.00334, 29.51164], [-95.00447, 29.51354], [-95.0056, 29.51547], [-95.0067, 29.51737], [-95.00783, 29.51927], [-95.00894, 29.52119], [-95.01008, 29.52309], [-95.0112, 29.525], [-95.01231, 29.52691], [-95.01343, 29.52881], [-95.01455, 29.53074], [-95.01566, 29.53264], [-95.0167, 29.53459], [-95.01784, 29.53655], [-95.019, 29.5385], [-95.02016, 29.54046], [-95.02118, 29.54221], [-95.0222, 29.54397], [-95.02351, 29.54645], [-95.02394, 29.54858], [-95.02438, 29.55083], [-95.02482, 29.55348], [-95.02516, 29.5556], [-95.02552, 29.55778], [-95.02589, 29.55995], [-95.02626, 29.5622], [-95.02658, 29.56416], [-95.02679, 29.56592], [-95.02711, 29.56791], [-95.02743, 29.5698], [-95.02775, 29.57176], [-95.02807, 29.57372], [-95.02841, 29.57568], [-95.02872, 29.57764], [-95.02904, 29.5796], [-95.02944, 29.5815], [-95.02987, 29.5836], [-95.03028, 29.58577], [-95.03068, 29.58795], [-95.03103, 29.59012], [-95.03139, 29.5923], [-95.03178, 29.59448], [-95.03215, 29.5966], [-95.03247, 29.59865], [-95.03283, 29.60084], [-95.03318, 29.60296], [-95.03354, 29.60516], [-95.0339, 29.60733], [-95.03426, 29.6095], [-95.03492, 29.61218], [-95.03522, 29.614], [-95.03561, 29.61637], [-95.03595, 29.61847], [-95.03631, 29.6206], [-95.03665, 29.62271], [-95.037, 29.62481], [-95.03735, 29.62691], [-95.03769, 29.62901], [-95.03805, 29.63111], [-95.03816, 29.63385], [-95.03844, 29.6355], [-95.0387, 29.63715], [-95.03897, 29.63877], [-95.03902, 29.64083], [-95.03907, 29.64291], [-95.0391, 29.64496], [-95.0391, 29.6469], [-95.03913, 29.64884], [-95.03912, 29.65068], [-95.03913, 29.6514], [-95.03914, 29.65261], [-95.03924, 29.65481], [-95.0393, 29.65701], [-95.03933, 29.65921], [-95.0394, 29.66141], [-95.03946, 29.66361], [-95.03944, 29.6639], [-95.03933, 29.66549], [-95.03935, 29.66737], [-95.03938, 29.66948], [-95.03945, 29.6716], [-95.03946, 29.6726], [-95.03951, 29.67377], [-95.03959, 29.67591], [-95.03965, 29.67803], [-95.0397, 29.68015], [-95.03975, 29.68229], [-95.03981, 29.68434], [-95.03896, 29.68652], [-95.03814, 29.6887], [-95.03817, 29.69054], [-95.03822, 29.69245], [-95.03769, 29.69379], [-95.03826, 29.6941], [-95.04006, 29.6941], [-95.05426, 29.6938], [-95.05868, 29.69516], [-95.06564, 29.69503], [-95.07283, 29.69488], [-95.08741, 29.69467], [-95.08733, 29.69255], [-95.09983, 29.69232], [-95.1023, 29.69248], [-95.10367, 29.69249], [-95.14518, 29.69189], [-95.14512, 29.6934], [-95.14531, 29.69989], [-95.14465, 29.70092], [-95.14461, 29.71014], [-95.14428, 29.71239], [-95.13668, 29.71202], [-95.13553, 29.71219]]}, "properties": {"owner": "NOT AVAILABLE", "voltage_kv": 345.0}}, {"type": "Feature", "geometry": {"type": "LineString", "coordinates": [[-96.48439, 31.18553], [-96.48558, 31.18519], [-96.4875, 31.1877], [-96.49011, 31.19014], [-96.49042, 31.19338], [-96.4921, 31.1957], [-96.49343, 31.19758], [-96.49507, 31.19995], [-96.49649, 31.20195], [-96.499, 31.20361], [-96.50194, 31.20561], [-96.50426, 31.20727], [-96.50639, 31.20916], [-96.50878, 31.21132], [-96.5112, 31.21351], [-96.51311, 31.21517], [-96.51534, 31.21717], [-96.51733, 31.21852], [-96.51987, 31.22019], [-96.52261, 31.222], [-96.52554, 31.22055], [-96.52917, 31.21872], [-96.53187, 31.21736], [-96.53533, 31.21561], [-96.53853, 31.21405], [-96.54199, 31.2123], [-96.54492, 31.21083], [-96.54832, 31.20912], [-96.55152, 31.20752], [-96.55477, 31.20589], [-96.55813, 31.20419], [-96.56138, 31.20256], [-96.56474, 31.20088], [-96.56776, 31.19935], [-96.57107, 31.19769], [-96.57336, 31.19653], [-96.57677, 31.19482], [-96.57943, 31.19349], [-96.58026, 31.19043], [-96.58115, 31.18718], [-96.58194, 31.18428], [-96.58273, 31.18132], [-96.58363, 31.17809], [-96.58448, 31.17494], [-96.58538, 31.17169], [-96.58615, 31.1688], [-96.58697, 31.16581], [-96.58762, 31.1634], [-96.58851, 31.16019], [-96.58935, 31.15719], [-96.59008, 31.15448], [-96.59111, 31.15172], [-96.59199, 31.14931], [-96.59298, 31.14675], [-96.594, 31.14401], [-96.59671, 31.14265], [-96.59906, 31.14149], [-96.60197, 31.14003], [-96.60499, 31.13853], [-96.60813, 31.13696], [-96.61148, 31.13528], [-96.61463, 31.13373], [-96.6175, 31.13229], [-96.61957, 31.13126], [-96.62277, 31.12964], [-96.6255, 31.1283], [-96.62839, 31.12685], [-96.63105, 31.12552], [-96.63443, 31.12384], [-96.63768, 31.12222], [-96.641, 31.12056], [-96.6434, 31.11936], [-96.64618, 31.118], [-96.64936, 31.1164], [-96.65151, 31.11532], [-96.65357, 31.11427], [-96.65628, 31.11292], [-96.65902, 31.11155], [-96.66209, 31.11002], [-96.66449, 31.10881], [-96.66687, 31.10593], [-96.66902, 31.10333], [-96.67123, 31.10063], [-96.67352, 31.09782], [-96.67664, 31.09619], [-96.67999, 31.09443], [-96.68259, 31.0931], [-96.68558, 31.09154], [-96.68886, 31.08981], [-96.69138, 31.08836], [-96.69315, 31.08989], [-96.69385, 31.09048], [-96.69351, 31.09122]]}, "properties": {"owner": "CITY OF BRYAN - (TX)", "voltage_kv": 345.0}}, {"type": "Feature", "geometry": {"type": "LineString", "coordinates": [[-95.25785, 29.46035], [-95.25785, 29.46104], [-95.25822, 29.46152]]}, "properties": {"owner": "TEXAS-NEW MEXICO POWER CO.", "voltage_kv": 345.0}}, {"type": "Feature", "geometry": {"type": "LineString", "coordinates": [[-96.75307, 29.91696], [-96.75519, 29.91829]]}, "properties": {"owner": "BLUEBONNET ELECTRIC COOP, INC", "voltage_kv": 345.0}}, {"type": "Feature", "geometry": {"type": "LineString", "coordinates": [[-95.90942, 30.62393], [-95.90882, 30.62401], [-95.90855, 30.62316], [-95.9107, 30.62243], [-95.91212, 30.62241], [-95.9154, 30.62128], [-95.91115, 30.6115], [-95.91793, 30.59709], [-95.91907, 30.5939]]}, "properties": {"owner": "MID-SOUTH ELECTRIC COOP ASSN", "voltage_kv": 345.0}}, {"type": "Feature", "geometry": {"type": "LineString", "coordinates": [[-93.73866, 30.26667], [-93.74017, 30.26582], [-93.74148, 30.26891], [-93.74282, 30.27165], [-93.76027, 30.28327], [-93.77072, 30.28854], [-93.87941, 30.28624], [-93.88685, 30.28768], [-93.89396, 30.28747], [-93.90457, 30.28768], [-93.94964, 30.28711], [-93.96134, 30.28882], [-94.0205, 30.28759], [-94.09142, 30.28759], [-94.13268, 30.30399], [-94.17899, 30.30387], [-94.18229, 30.30442], [-94.20928, 30.30429], [-94.22763, 30.30733], [-94.24287, 30.30733], [-94.25563, 30.30418], [-94.2572, 30.30363]]}, "properties": {"owner": "ENTERGY TEXAS INC.", "voltage_kv": 500.0}}, {"type": "Feature", "geometry": {"type": "LineString", "coordinates": [[-95.43483, 29.81518], [-95.43368, 29.81459], [-95.43334, 29.81428], [-95.43307, 29.79589], [-95.43318, 29.79415], [-95.43314, 29.79044], [-95.44784, 29.76873], [-95.44825, 29.76735], [-95.44832, 29.76617], [-95.44804, 29.75409], [-95.44772, 29.75253], [-95.44765, 29.74996], [-95.44858, 29.74918], [-95.44813, 29.72815], [-95.44842, 29.72642], [-95.45245, 29.7262], [-95.45931, 29.72565], [-95.46183, 29.72545], [-95.46173, 29.7218], [-95.48521, 29.72156], [-95.49003, 29.7215], [-95.49771, 29.72144], [-95.49767, 29.72264], [-95.51358, 29.72134], [-95.51571, 29.72097], [-95.51805, 29.72076], [-95.52032, 29.72059], [-95.5226, 29.72041], [-95.52487, 29.72022], [-95.52714, 29.72004], [-95.53629, 29.71946], [-95.53669, 29.71872]]}, "properties": {"owner": "CENTERPOINT ENERGY HOUSTON ELECTRIC, LLC", "voltage_kv": 345.0}}, {"type": "Feature", "geometry": {"type": "LineString", "coordinates": [[-95.36973, 29.94063], [-95.36893, 29.93993], [-95.3689, 29.93949], [-95.37003, 29.93939], [-95.38385, 29.93925], [-95.39558, 29.93913], [-95.40191, 29.93906], [-95.41816, 29.93892], [-95.43033, 29.93872], [-95.44122, 29.93852], [-95.47604, 29.93805], [-95.51404, 29.93764], [-95.51615, 29.9377], [-95.53451, 29.93765], [-95.53448, 29.93947], [-95.53501, 29.94002]]}, "properties": {"owner": "CENTERPOINT ENERGY HOUSTON ELECTRIC, LLC", "voltage_kv": 345.0}}, {"type": "Feature", "geometry": {"type": "LineString", "coordinates": [[-95.22694, 29.72038], [-95.22793, 29.72074], [-95.22816, 29.72374], [-95.22961, 29.72664], [-95.2296, 29.72845], [-95.22949, 29.73194], [-95.22927, 29.73276], [-95.22962, 29.74511], [-95.22904, 29.74658], [-95.22938, 29.75692], [-95.23039, 29.75842], [-95.23117, 29.76729], [-95.23063, 29.76811], [-95.23073, 29.77212], [-95.23139, 29.77348], [-95.23153, 29.77755], [-95.23142, 29.77861], [-95.23151, 29.78094], [-95.23171, 29.7879], [-95.2318, 29.79759], [-95.23208, 29.79842], [-95.23236, 29.80599], [-95.22349, 29.8063], [-95.22078, 29.81486], [-95.21786, 29.81701], [-95.21782, 29.8179], [-95.21934, 29.81844]]}, "properties": {"owner": "CENTERPOINT ENERGY HOUSTON ELECTRIC, LLC", "voltage_kv": 345.0}}, {"type": "Feature", "geometry": {"type": "LineString", "coordinates": [[-95.62409, 29.48072], [-95.624, 29.48181], [-95.62249, 29.48253], [-95.61638, 29.48533], [-95.61337, 29.48662], [-95.61349, 29.49476], [-95.6137, 29.50055], [-95.614, 29.52059], [-95.61398, 29.52345], [-95.61592, 29.52516], [-95.62263, 29.53149], [-95.62442, 29.53344], [-95.64461, 29.54044], [-95.66703, 29.54841], [-95.6927, 29.55742], [-95.69394, 29.60138], [-95.6941, 29.61308], [-95.71764, 29.6648], [-95.71934, 29.67043], [-95.71991, 29.67292], [-95.71928, 29.67305], [-95.7182, 29.67326], [-95.71733, 29.67313]]}, "properties": {"owner": "CENTERPOINT ENERGY HOUSTON ELECTRIC, LLC", "voltage_kv": 345.0}}, {"type": "Feature", "geometry": {"type": "LineString", "coordinates": [[-95.32818, 30.41587], [-95.32839, 30.41502], [-95.3111, 30.40973], [-95.30369, 30.40739], [-95.29953, 30.40611], [-95.29585, 30.40498], [-95.29333, 30.40421], [-95.28665, 30.40217], [-95.2819, 30.40072], [-95.2722, 30.39775], [-95.26547, 30.39569], [-95.26282, 30.39488], [-95.26129, 30.39441], [-95.25835, 30.39351], [-95.25685, 30.39305], [-95.25021, 30.39098], [-95.24224, 30.3885], [-95.23638, 30.38668], [-95.22405, 30.38284], [-95.22355, 30.38269], [-95.22339, 30.38264], [-95.21481, 30.37998], [-95.21362, 30.37961], [-95.21156, 30.37902], [-95.20929, 30.37836], [-95.16798, 30.36547], [-95.15965, 30.36281], [-95.15925, 30.36267], [-95.15382, 30.36364], [-95.15115, 30.36411], [-95.14847, 30.36454], [-95.14313, 30.36548], [-95.14046, 30.36595], [-95.13777, 30.36638], [-95.13505, 30.36684], [-95.12978, 30.36736], [-95.12675, 30.36764], [-95.11814, 30.36849], [-95.10967, 30.36929], [-95.10113, 30.37005], [-95.09847, 30.3703], [-95.09561, 30.37057], [-95.09276, 30.37066], [-95.08452, 30.3709], [-95.07908, 30.37106], [-95.07637, 30.37108], [-95.07413, 30.37109], [-95.07169, 30.37108], [-95.06468, 30.37118], [-95.05211, 30.37115], [-95.04476, 30.37119], [-95.03667, 30.37122], [-95.03401, 30.37117], [-95.03129, 30.37116], [-95.02853, 30.37105], [-95.02577, 30.3709], [-95.02459, 30.37083], [-95.023, 30.37077], [-95.02027, 30.37065], [-95.01752, 30.37047], [-95.01478, 30.37035], [-95.01204, 30.37024], [-95.00928, 30.3701], [-95.00653, 30.36996], [-95.00404, 30.36982], [-95.00113, 30.3697], [-94.99827, 30.36956], [-94.99565, 30.36944], [-94.99283, 30.3693], [-94.99002, 30.36919], [-94.98738, 30.36907], [-94.98454, 30.36896], [-94.98178, 30.36881], [-94.97904, 30.36868], [-94.97629, 30.36856], [-94.97354, 30.36844], [-94.97075, 30.36826], [-94.96807, 30.3688], [-94.96534, 30.36934], [-94.96264, 30.36988], [-94.95976, 30.37045], [-94.95684, 30.37103], [-94.95445, 30.37102], [-94.95143, 30.37101], [-94.94874, 30.37099], [-94.94603, 30.37101], [-94.94331, 30.37101], [-94.94066, 30.37045], [-94.93795, 30.36988], [-94.93539, 30.36939], [-94.93276, 30.36883], [-94.93025, 30.36831], [-94.92801, 30.36782], [-94.92526, 30.36725], [-94.92291, 30.36676], [-94.9203, 30.36624], [-94.91784, 30.36571], [-94.91592, 30.3653], [-94.91337, 30.3648], [-94.91055, 30.36421], [-94.90772, 30.36362], [-94.90488, 30.36302], [-94.90204, 30.36242], [-94.8992, 30.36183], [-94.89637, 30.36127], [-94.89355, 30.36068], [-94.8907, 30.36009], [-94.88881, 30.35888], [-94.88653, 30.35736], [-94.88421, 30.35586], [-94.88192, 30.35438], [-94.87971, 30.35295], [-94.87751, 30.35153], [-94.87526, 30.35008], [-94.87308, 30.34865], [-94.87085, 30.34721], [-94.86863, 30.34579], [-94.86642, 30.34434], [-94.8642, 30.34289], [-94.86198, 30.34146], [-94.85976, 30.34001], [-94.8576, 30.33859], [-94.85535, 30.33717], [-94.85315, 30.33572], [-94.85095, 30.33429], [-94.84877, 30.33291], [-94.84654, 30.3315], [-94.8446, 30.32987], [-94.8426, 30.32819], [-94.84056, 30.32656], [-94.83882, 30.3251], [-94.83665, 30.32329], [-94.83463, 30.32156], [-94.83267, 30.31993], [-94.81999, 30.31387], [-94.81922, 30.3135], [-94.81439, 30.31116], [-94.81384, 30.31089], [-94.80759, 30.30786], [-94.80638, 30.30727], [-94.8054, 30.3068], [-94.80438, 30.3063], [-94.80331, 30.30578], [-94.80231, 30.30529], [-94.80129, 30.3048], [-94.79968, 30.30402], [-94.79673, 30.30259], [-94.79572, 30.30196], [-94.79336, 30.3005], [-94.79228, 30.29983], [-94.79115, 30.29913], [-94.79074, 30.29887], [-94.79015, 30.29851], [-94.78657, 30.29611], [-94.75229, 30.2743], [-94.74913, 30.27227], [-94.74586, 30.27018], [-94.74466, 30.2694], [-94.74402, 30.26897], [-94.73966, 30.26608], [-94.73924, 30.26581], [-94.73177, 30.2609], [-94.73133, 30.26062], [-94.72882, 30.25901], [-94.72759, 30.25822], [-94.72074, 30.25383], [-94.71027, 30.24711], [-94.6953, 30.23751], [-94.69383, 30.23656], [-94.68013, 30.22774], [-94.6746, 30.22418], [-94.6723, 30.2227], [-94.6457, 30.20559], [-94.63856, 30.201], [-94.62696, 30.19354], [-94.62574, 30.19276], [-94.62545, 30.19257], [-94.6254, 30.19254], [-94.62525, 30.19244], [-94.6252, 30.19241], [-94.62458, 30.19201], [-94.62272, 30.19083], [-94.6221, 30.19043], [-94.61972, 30.18891], [-94.61258, 30.18434], [-94.6102, 30.18282], [-94.60836, 30.18163], [-94.60285, 30.17808], [-94.60275, 30.17801], [-94.60102, 30.17689], [-94.59809, 30.175], [-94.58929, 30.16933], [-94.58636, 30.16744], [-94.58612, 30.16728], [-94.5854, 30.16681], [-94.58515, 30.16665], [-94.5849, 30.1665], [-94.58416, 30.16604], [-94.58391, 30.16589], [-94.58261, 30.1651], [-94.57751, 30.16158], [-94.54289, 30.14799], [-94.48999, 30.12713], [-94.48906, 30.12678], [-94.48627, 30.12569], [-94.48526, 30.12529], [-94.47787, 30.12239], [-94.47744, 30.12222], [-94.47508, 30.12127], [-94.47274, 30.12034], [-94.46573, 30.11755], [-94.46339, 30.11662], [-94.46151, 30.11587], [-94.45586, 30.11363], [-94.45398, 30.11288], [-94.44969, 30.11117], [-94.44655, 30.10993], [-94.44508, 30.10935], [-94.43286, 30.10452], [-94.42344, 30.1008], [-94.41923, 30.09913], [-94.41569, 30.09773], [-94.41186, 30.09622], [-94.4097, 30.09536], [-94.40531, 30.09363], [-94.40488, 30.09346], [-94.38928, 30.08729], [-94.38557, 30.08583], [-94.3749, 30.08159], [-94.3742, 30.06868], [-94.37428, 30.05527], [-94.37416, 30.04804], [-94.37414, 30.04693]]}, "properties": {"owner": "ENTERGY TEXAS INC.", "voltage_kv": 230.0}}, {"type": "Feature", "geometry": {"type": "LineString", "coordinates": [[-95.21632, 29.91534], [-95.21564, 29.91513], [-95.21496, 29.91519], [-95.21495, 29.9121], [-95.21881, 29.91209], [-95.21879, 29.82577], [-95.21337, 29.82588], [-95.21327, 29.82242], [-95.21816, 29.81994], [-95.21843, 29.81917], [-95.21934, 29.81844]]}, "properties": {"owner": "CENTERPOINT ENERGY HOUSTON ELECTRIC, LLC", "voltage_kv": 345.0}}, {"type": "Feature", "geometry": {"type": "LineString", "coordinates": [[-95.53501, 29.94002], [-95.53578, 29.93958], [-95.53576, 29.93834], [-95.57835, 29.93841], [-95.6301, 29.91512], [-95.68637, 29.91434], [-95.69895, 29.91415], [-95.73091, 29.91368], [-95.74098, 29.91352], [-95.7773, 29.91297], [-95.77766, 29.91069], [-95.77808, 29.91004]]}, "properties": {"owner": "CENTERPOINT ENERGY HOUSTON ELECTRIC, LLC", "voltage_kv": 345.0}}, {"type": "Feature", "geometry": {"type": "LineString", "coordinates": [[-93.88199, 30.16407], [-93.88318, 30.16407], [-93.88312, 30.16276], [-93.93027, 30.16225], [-93.93779, 30.16764], [-93.95619, 30.16715], [-93.99783, 30.14778], [-94.002, 30.14721], [-94.00404, 30.14718], [-94.00826, 30.14774], [-94.0183, 30.14762], [-94.02423, 30.14609], [-94.02656, 30.14604], [-94.0336, 30.14596], [-94.03552, 30.1459], [-94.03578, 30.14634], [-94.04506, 30.15696], [-94.05893, 30.15697], [-94.11171, 30.1569], [-94.11314, 30.15674], [-94.11565, 30.15674], [-94.11723, 30.15649], [-94.1357, 30.15653]]}, "properties": {"owner": "ENTERGY TEXAS INC.", "voltage_kv": 230.0}}, {"type": "Feature", "geometry": {"type": "MultiLineString", "coordinates": [[[-97.27419, 29.03684], [-97.26921, 29.03757], [-97.26474, 29.03823], [-97.26044, 29.03869], [-97.25661, 29.03911], [-97.25263, 29.03952], [-97.24863, 29.04106], [-97.24459, 29.04259], [-97.24077, 29.04405], [-97.23711, 29.04544], [-97.23331, 29.04689], [-97.22888, 29.04857], [-97.22502, 29.05004], [-97.22116, 29.0515], [-97.21729, 29.05298], [-97.21336, 29.05448], [-97.20945, 29.05596], [-97.20615, 29.05722], [-97.20383, 29.05811], [-97.20128, 29.0586], [-97.2008, 29.05869], [-97.1965, 29.05953], [-97.19225, 29.06035], [-97.1879, 29.06117], [-97.18422, 29.06189], [-97.18062, 29.06258], [-97.17669, 29.06335], [-97.1719, 29.06428], [-97.16815, 29.06501], [-97.1636, 29.06588], [-97.15933, 29.06672], [-97.15484, 29.06758], [-97.15098, 29.06832], [-97.14683, 29.06912], [-97.14273, 29.06991], [-97.13861, 29.07072], [-97.13444, 29.07152], [-97.13027, 29.07232], [-97.12574, 29.07319], [-97.1213, 29.07405], [-97.11692, 29.07489], [-97.1127, 29.07571], [-97.10868, 29.07614], [-97.10502, 29.07653], [-97.10067, 29.07699], [-97.09602, 29.0775], [-97.09167, 29.07796], [-97.08737, 29.07843], [-97.0833, 29.07886], [-97.07918, 29.07932], [-97.07491, 29.07977], [-97.07081, 29.08021], [-97.06701, 29.08062], [-97.06285, 29.08119], [-97.05865, 29.08176], [-97.05437, 29.08235], [-97.05011, 29.08295], [-97.04594, 29.08352], [-97.04179, 29.08409], [-97.03744, 29.08468], [-97.03335, 29.08525], [-97.02935, 29.0858], [-97.02519, 29.08637], [-97.02104, 29.08694], [-97.01693, 29.08686], [-97.01281, 29.08679], [-97.00868, 29.08764], [-97.00447, 29.08849], [-97.00113, 29.08916], [-96.99757, 29.08988], [-96.99353, 29.09069], [-96.98979, 29.0912], [-96.98588, 29.09173], [-96.98174, 29.0923], [-96.97805, 29.09281], [-96.97469, 29.09327], [-96.97123, 29.09375], [-96.96776, 29.09422], [-96.96334, 29.09482], [-96.95918, 29.09497], [-96.95548, 29.09509], [-96.95127, 29.09523], [-96.94695, 29.09538], [-96.94271, 29.09553], [-96.93824, 29.09568], [-96.93414, 29.09582], [-96.92987, 29.09596], [-96.92561, 29.0961], [-96.92131, 29.09625], [-96.91697, 29.09639], [-96.91272, 29.09653], [-96.90849, 29.09668], [-96.90417, 29.09682], [-96.89987, 29.09696], [-96.89568, 29.0971], [-96.89141, 29.09725], [-96.88718, 29.09738], [-96.88274, 29.09754], [-96.87759, 29.0977], [-96.87341, 29.09797], [-96.8688, 29.09827], [-96.86396, 29.0983], [-96.85955, 29.09828], [-96.85511, 29.09814], [-96.85097, 29.09801], [-96.84647, 29.09787], [-96.84201, 29.09773], [-96.83799, 29.0976], [-96.83337, 29.09746], [-96.82857, 29.0973], [-96.82416, 29.09716], [-96.82032, 29.09704], [-96.81704, 29.09693], [-96.8132, 29.0968], [-96.80781, 29.09664], [-96.80338, 29.0965], [-96.79879, 29.09635], [-96.79463, 29.0962], [-96.79023, 29.09605], [-96.78592, 29.09643], [-96.78169, 29.09681], [-96.7774, 29.09718], [-96.77303, 29.09757], [-96.76874, 29.09794], [-96.7643, 29.09833], [-96.76004, 29.0987], [-96.75589, 29.09906], [-96.75153, 29.09945], [-96.74728, 29.09982], [-96.74348, 29.10014], [-96.73965, 29.10047], [-96.73546, 29.10083], [-96.73109, 29.10122], [-96.72671, 29.10159], [-96.72285, 29.10193], [-96.71859, 29.10125], [-96.71455, 29.1006], [-96.71026, 29.09993], [-96.70603, 29.09925], [-96.70202, 29.09862], [-96.6979, 29.09796], [-96.69389, 29.09732], [-96.68972, 29.09665], [-96.68564, 29.096], [-96.68145, 29.09534], [-96.67728, 29.09467], [-96.67305, 29.09398], [-96.6687, 29.09328], [-96.66418, 29.09258], [-96.65996, 29.09189], [-96.65568, 29.09125], [-96.65163, 29.09059], [-96.64749, 29.08992], [-96.64316, 29.08924], [-96.63899, 29.08857], [-96.63483, 29.08891], [-96.63065, 29.08926], [-96.62658, 29.08958], [-96.62229, 29.08993], [-96.61806, 29.09028], [-96.61384, 29.0906], [-96.60967, 29.09094], [-96.6055, 29.0913], [-96.60242, 29.09154], [-96.59931, 29.09177], [-96.59609, 29.09203], [-96.59188, 29.09197], [-96.58751, 29.0919], [-96.58277, 29.09183], [-96.57834, 29.09177], [-96.57412, 29.0917], [-96.56985, 29.09164], [-96.56585, 29.09159], [-96.56189, 29.09151], [-96.55724, 29.09144], [-96.55303, 29.09139], [-96.54872, 29.09132], [-96.54467, 29.09125], [-96.54084, 29.0912], [-96.53687, 29.09124], [-96.53264, 29.09126], [-96.52835, 29.09131], [-96.52405, 29.09135], [-96.51979, 29.09139], [-96.51553, 29.09143], [-96.51138, 29.09147], [-96.507, 29.09151], [-96.50281, 29.09155], [-96.49849, 29.09159], [-96.49389, 29.09162], [-96.48905, 29.09167], [-96.488, 29.09168], [-96.48446, 29.0917], [-96.47991, 29.09177], [-96.47538, 29.0919], [-96.47043, 29.09205], [-96.46621, 29.09219], [-96.46221, 29.09232], [-96.4587, 29.09243], [-96.45524, 29.09254], [-96.45103, 29.0928], [-96.44678, 29.09305], [-96.44247, 29.09331], [-96.43784, 29.09357], [-96.4336, 29.09383], [-96.43078, 29.09391], [-96.4266, 29.0938], [-96.423, 29.09372], [-96.42046, 29.09365], [-96.41686, 29.09199], [-96.4131, 29.09025], [-96.4095, 29.08859], [-96.40578, 29.08687], [-96.40192, 29.08509], [-96.3987, 29.08361], [-96.39592, 29.08233], [-96.39234, 29.08067], [-96.39177, 29.08041], [-96.38993, 29.07956], [-96.3874, 29.07839], [-96.38532, 29.07743], [-96.38249, 29.07624], [-96.37968, 29.07504], [-96.37686, 29.07385], [-96.37351, 29.07234], [-96.37003, 29.0706], [-96.36656, 29.06889], [-96.36361, 29.06746], [-96.36049, 29.06594], [-96.35681, 29.06423], [-96.35306, 29.06249], [-96.34917, 29.06069], [-96.34527, 29.05889], [-96.34141, 29.05712], [-96.3384, 29.05571], [-96.33496, 29.05449], [-96.33105, 29.05309], [-96.32709, 29.05168], [-96.32317, 29.05028], [-96.31919, 29.04886], [-96.31528, 29.04747], [-96.31142, 29.04609], [-96.30772, 29.04478], [-96.30454, 29.04347], [-96.3015, 29.04223], [-96.29804, 29.04094], [-96.29429, 29.03971], [-96.29017, 29.03837], [-96.28646, 29.03715], [-96.28271, 29.03581], [-96.27848, 29.0343], [-96.27441, 29.03285], [-96.27047, 29.03143], [-96.2669, 29.03015], [-96.2631, 29.0288], [-96.25909, 29.02736], [-96.256, 29.02739], [-96.25239, 29.0274], [-96.24868, 29.02743], [-96.24541, 29.02744], [-96.24208, 29.02745], [-96.23875, 29.02746], [-96.23657, 29.02751], [-96.23525, 29.02756], [-96.23413, 29.02557], [-96.23297, 29.02366], [-96.23146, 29.0211], [-96.22993, 29.01853], [-96.22838, 29.01597], [-96.22688, 29.0134], [-96.22558, 29.01119], [-96.2242, 29.00895], [-96.22279, 29.0065], [-96.22132, 29.00407], [-96.21985, 29.00162], [-96.21838, 28.99919], [-96.21689, 28.99664], [-96.21476, 28.99446], [-96.21272, 28.99239], [-96.21087, 28.99048], [-96.20906, 28.9886], [-96.20701, 28.98646], [-96.20488, 28.98425], [-96.20301, 28.98221], [-96.20099, 28.98015], [-96.19906, 28.97811], [-96.1971, 28.97606], [-96.19511, 28.97395], [-96.19307, 28.97182], [-96.19107, 28.96973], [-96.18908, 28.96763], [-96.18697, 28.96542], [-96.18508, 28.96343], [-96.18309, 28.96134], [-96.18108, 28.95925], [-96.17911, 28.95716], [-96.17706, 28.95503], [-96.17504, 28.9529], [-96.17303, 28.95076], [-96.17101, 28.94865], [-96.16904, 28.94657], [-96.16707, 28.9445], [-96.1651, 28.94242], [-96.16314, 28.94037], [-96.16112, 28.93823], [-96.15912, 28.93612], [-96.15706, 28.93396], [-96.15636, 28.93323], [-96.155, 28.9318], [-96.15294, 28.92963], [-96.15088, 28.92746], [-96.14883, 28.9253], [-96.14676, 28.92313], [-96.14472, 28.92097], [-96.14265, 28.9188], [-96.14244, 28.91859], [-96.14061, 28.91665], [-96.13859, 28.9145], [-96.13657, 28.91234], [-96.13466, 28.90999], [-96.13285, 28.90772], [-96.13137, 28.9059], [-96.12955, 28.90357], [-96.12772, 28.9013], [-96.12594, 28.89905], [-96.12413, 28.89676], [-96.12235, 28.89453], [-96.12058, 28.89229], [-96.11879, 28.89006], [-96.11706, 28.88787], [-96.11526, 28.8856], [-96.11348, 28.88336], [-96.11171, 28.88113], [-96.10994, 28.8789], [-96.10805, 28.87653], [-96.10752, 28.87586], [-96.10647, 28.87453], [-96.10458, 28.87214], [-96.1027, 28.86977], [-96.10083, 28.86742], [-96.09896, 28.86505], [-96.09707, 28.8627], [-96.0952, 28.86031], [-96.09331, 28.85791], [-96.09161, 28.8558], [-96.08993, 28.85368], [-96.08812, 28.8514], [-96.08631, 28.84911], [-96.08446, 28.84675], [-96.08259, 28.84443], [-96.08072, 28.84209], [-96.07885, 28.83972], [-96.07697, 28.83736], [-96.07509, 28.83499], [-96.07321, 28.83261], [-96.07133, 28.83026], [-96.06949, 28.82794], [-96.06767, 28.82563], [-96.06584, 28.82334], [-96.06409, 28.82115], [-96.06236, 28.81895], [-96.06062, 28.81676], [-96.05888, 28.81456], [-96.05714, 28.81236], [-96.05552, 28.81032], [-96.05389, 28.80829], [-96.05218, 28.80612], [-96.05032, 28.80378], [-96.05056, 28.79947]], [[-97.99988, 29.4673], [-97.99919, 29.46781], [-97.99846, 29.46858], [-97.99772, 29.46806], [-97.99901, 29.46664], [-98.00032, 29.46518], [-97.99836, 29.46345], [-97.99584, 29.46074], [-97.99267, 29.45737], [-97.99029, 29.45483], [-97.98708, 29.4514], [-97.98457, 29.44872], [-97.98202, 29.44599], [-97.97966, 29.44346], [-97.97704, 29.44065], [-97.97401, 29.43742], [-97.97138, 29.43459], [-97.96895, 29.43201], [-97.96639, 29.42926], [-97.96351, 29.42615], [-97.96091, 29.42337], [-97.95845, 29.42074], [-97.95592, 29.41802], [-97.95335, 29.41527], [-97.95056, 29.41227], [-97.94794, 29.40948], [-97.94524, 29.40658], [-97.94285, 29.40403], [-97.94038, 29.40138], [-97.93766, 29.39848], [-97.93476, 29.39536], [-97.93164, 29.39202], [-97.92877, 29.38896], [-97.92617, 29.38616], [-97.92351, 29.38333], [-97.92103, 29.38067], [-97.91903, 29.37855], [-97.91653, 29.37591], [-97.91388, 29.37311], [-97.91151, 29.37065], [-97.9091, 29.36808], [-97.90655, 29.36542], [-97.90391, 29.36263], [-97.90147, 29.36007], [-97.89869, 29.35716], [-97.89584, 29.35414], [-97.89343, 29.3516], [-97.8905, 29.3485], [-97.88759, 29.34547], [-97.8854, 29.34315], [-97.88278, 29.34039], [-97.88005, 29.33752], [-97.87769, 29.33502], [-97.87508, 29.33228], [-97.87266, 29.32974], [-97.87004, 29.32697], [-97.86774, 29.32456], [-97.86515, 29.32183], [-97.86246, 29.319], [-97.85951, 29.31592], [-97.85641, 29.31266], [-97.85319, 29.30926], [-97.85041, 29.30634], [-97.84843, 29.30425], [-97.84567, 29.30136], [-97.84314, 29.29867], [-97.8402, 29.29559], [-97.83754, 29.29279], [-97.8355, 29.29065], [-97.83266, 29.28764], [-97.83025, 29.28512], [-97.82798, 29.28273], [-97.82587, 29.28047], [-97.82311, 29.27756], [-97.82021, 29.27453], [-97.81813, 29.27234], [-97.81576, 29.26984], [-97.81339, 29.26733], [-97.81142, 29.26526], [-97.80867, 29.26236], [-97.80587, 29.2594], [-97.80342, 29.25684], [-97.80096, 29.25424], [-97.79898, 29.25216], [-97.79675, 29.2498], [-97.79444, 29.24738], [-97.79108, 29.24575], [-97.78764, 29.24408], [-97.78429, 29.24245], [-97.78072, 29.24072], [-97.7774, 29.2391], [-97.77412, 29.23751], [-97.77105, 29.23602], [-97.76763, 29.23435], [-97.76404, 29.2326], [-97.76047, 29.23087], [-97.75694, 29.22914], [-97.75345, 29.22744], [-97.74969, 29.22561], [-97.74623, 29.22393], [-97.74289, 29.22231], [-97.73891, 29.22044], [-97.73475, 29.21849], [-97.73132, 29.21679], [-97.72867, 29.21547], [-97.72524, 29.21379], [-97.72176, 29.21206], [-97.72124, 29.2118], [-97.71934, 29.21085], [-97.71571, 29.20908], [-97.71232, 29.20743], [-97.70842, 29.20553], [-97.70535, 29.20403], [-97.70193, 29.20237], [-97.69783, 29.20037], [-97.69306, 29.19805], [-97.68911, 29.19612], [-97.68564, 29.19441], [-97.6816, 29.19244], [-97.67732, 29.19036], [-97.6739, 29.1887], [-97.67039, 29.18699], [-97.66688, 29.18528], [-97.66251, 29.18315], [-97.65876, 29.18132], [-97.6553, 29.17964], [-97.65216, 29.1781], [-97.64876, 29.17644], [-97.64487, 29.17455], [-97.64108, 29.17269], [-97.6377, 29.17104], [-97.63397, 29.16923], [-97.63058, 29.16757], [-97.62682, 29.16574], [-97.62298, 29.16387], [-97.62002, 29.16242], [-97.61679, 29.16085], [-97.61295, 29.15895], [-97.60861, 29.15684], [-97.60482, 29.15499], [-97.60133, 29.1533], [-97.59775, 29.15154], [-97.59415, 29.14979], [-97.59062, 29.14805], [-97.58717, 29.14637], [-97.58359, 29.14463], [-97.58013, 29.14292], [-97.57692, 29.14135], [-97.57379, 29.13983], [-97.56995, 29.13793], [-97.56574, 29.13589], [-97.56196, 29.13404], [-97.55794, 29.13206], [-97.55555, 29.13089], [-97.55187, 29.1291], [-97.54831, 29.12735], [-97.54465, 29.12555], [-97.54079, 29.12369], [-97.53706, 29.1219], [-97.53406, 29.12045], [-97.53065, 29.11881], [-97.52619, 29.11666], [-97.52266, 29.11495], [-97.51878, 29.11309], [-97.51497, 29.11125], [-97.511, 29.10933], [-97.50747, 29.10762], [-97.50404, 29.1052], [-97.50072, 29.1036], [-97.49836, 29.10247], [-97.49498, 29.1012], [-97.49159, 29.09994], [-97.48774, 29.0981], [-97.48423, 29.0964], [-97.48111, 29.09489], [-97.47764, 29.09322], [-97.47418, 29.09154], [-97.46998, 29.08952], [-97.46578, 29.0875], [-97.46239, 29.08586], [-97.45878, 29.08411], [-97.45514, 29.08235], [-97.45126, 29.08048], [-97.44793, 29.07887], [-97.44436, 29.07714], [-97.44029, 29.07517], [-97.43606, 29.0739], [-97.43224, 29.07273], [-97.42714, 29.0712], [-97.42414, 29.07029], [-97.42226, 29.06972], [-97.41833, 29.06836], [-97.41349, 29.06669], [-97.40991, 29.06546], [-97.40576, 29.06402], [-97.40212, 29.06276], [-97.39814, 29.06138], [-97.39398, 29.05994], [-97.39057, 29.05877], [-97.38591, 29.05715], [-97.38171, 29.05569], [-97.37828, 29.0545], [-97.37477, 29.05328], [-97.37146, 29.05214], [-97.36842, 29.05108], [-97.36542, 29.05005], [-97.36193, 29.04934], [-97.3579, 29.04852], [-97.3535, 29.04761], [-97.348, 29.04649], [-97.34264, 29.04539], [-97.33746, 29.04434], [-97.33385, 29.04362], [-97.3298, 29.04278], [-97.3248, 29.04176], [-97.32121, 29.04103], [-97.31602, 29.03997], [-97.31204, 29.03915], [-97.30798, 29.03832], [-97.30388, 29.03749], [-97.29834, 29.03635], [-97.29403, 29.03548], [-97.29111, 29.03488], [-97.28858, 29.03437], [-97.285, 29.03502], [-97.28103, 29.03573], [-97.27836, 29.03623], [-97.27419, 29.03684]]]}, "properties": {"owner": "NOT AVAILABLE", "voltage_kv": 345.0}}, {"type": "Feature", "geometry": {"type": "LineString", "coordinates": [[-95.21632, 29.91534], [-95.21442, 29.91591], [-95.21439, 29.91199], [-95.19689, 29.91199], [-95.17401, 29.90188], [-95.15801, 29.90215], [-95.15334, 29.90226], [-95.15084, 29.90232], [-95.13347, 29.90254], [-95.13125, 29.90154], [-95.1182, 29.90174], [-95.07975, 29.90157], [-95.07744, 29.90135], [-95.06577, 29.90135], [-95.06323, 29.90124], [-95.0504, 29.90147], [-95.05018, 29.89165], [-95.04055, 29.89185], [-95.02569, 29.89194], [-95.0086, 29.89478], [-94.98053, 29.8993], [-94.93308, 29.85501], [-94.92099, 29.8391], [-94.90509, 29.82618], [-94.90904, 29.81006], [-94.90455, 29.78932], [-94.90263, 29.78218], [-94.90101, 29.77451], [-94.90202, 29.77424], [-94.90269, 29.77395]]}, "properties": {"owner": "CENTERPOINT ENERGY", "voltage_kv": 345.0}}, {"type": "Feature", "geometry": {"type": "LineString", "coordinates": [[-95.35814, 28.98593], [-95.35882, 28.98652], [-95.36065, 28.98687], [-95.3674, 28.98881], [-95.37726, 28.98448], [-95.38122, 28.98254], [-95.38566, 28.97586], [-95.39677, 28.95807], [-95.42107, 28.95473], [-95.43044, 28.95357], [-95.43597, 28.95314], [-95.43934, 28.95225], [-95.45168, 28.94817], [-95.4919, 28.9501], [-95.5432, 28.94875], [-95.55471, 28.94284], [-95.56818, 28.93785], [-95.91858, 28.80513], [-95.9989, 28.80323], [-96.0014, 28.80403], [-96.04961, 28.80327], [-96.04977, 28.80001], [-96.05056, 28.79947]]}, "properties": {"owner": "CENTERPOINT ENERGY", "voltage_kv": 345.0}}, {"type": "Feature", "geometry": {"type": "LineString", "coordinates": [[-95.35814, 28.98593], [-95.35724, 28.98662], [-95.35647, 28.98676], [-95.35446, 28.98758], [-95.35198, 28.98739], [-95.34983, 28.98827], [-95.34782, 28.9873], [-95.34575, 28.98629], [-95.34368, 28.98528], [-95.34162, 28.98427], [-95.33901, 28.98434], [-95.33901, 28.98662], [-95.33904, 28.98893], [-95.33907, 28.99103], [-95.3391, 28.99325], [-95.33913, 28.99548], [-95.33916, 28.99768], [-95.33919, 28.99989], [-95.33922, 29.0021], [-95.33925, 29.0043], [-95.33928, 29.00651], [-95.33931, 29.00871], [-95.33934, 29.01092], [-95.33936, 29.01312], [-95.3394, 29.01533], [-95.33943, 29.01753], [-95.33946, 29.01975], [-95.33948, 29.02209], [-95.33952, 29.0242], [-95.33954, 29.02643], [-95.33957, 29.02866], [-95.33961, 29.03081], [-95.33962, 29.03097], [-95.33973, 29.03115], [-95.34052, 29.03247], [-95.34171, 29.03442], [-95.3429, 29.03639], [-95.3441, 29.03836], [-95.34529, 29.04032], [-95.34649, 29.04229], [-95.34765, 29.04423], [-95.34882, 29.04614], [-95.34998, 29.04807], [-95.35119, 29.05009], [-95.35162, 29.05079], [-95.35238, 29.05205], [-95.35349, 29.05388], [-95.35466, 29.05581], [-95.35585, 29.05776], [-95.35702, 29.05971], [-95.3582, 29.06165], [-95.35937, 29.06359], [-95.36056, 29.06554], [-95.36165, 29.06735], [-95.36291, 29.06942], [-95.36408, 29.07136], [-95.36527, 29.0733], [-95.36645, 29.07526], [-95.36769, 29.0773], [-95.3689, 29.07929], [-95.36997, 29.08106], [-95.37115, 29.08301], [-95.37232, 29.08495], [-95.37351, 29.08689], [-95.37469, 29.08883], [-95.37586, 29.09077], [-95.37702, 29.09268], [-95.37818, 29.0946], [-95.37934, 29.09651], [-95.38052, 29.09842], [-95.38167, 29.10033], [-95.38282, 29.10224], [-95.38398, 29.10415], [-95.38515, 29.10607], [-95.3863, 29.10796], [-95.38749, 29.10992], [-95.38865, 29.11187], [-95.38976, 29.11367], [-95.39086, 29.11547], [-95.39194, 29.11726], [-95.39312, 29.11919], [-95.39428, 29.12112], [-95.39545, 29.12305], [-95.39657, 29.12489], [-95.3966, 29.12627], [-95.39666, 29.12878], [-95.3967, 29.13076], [-95.39675, 29.13312], [-95.3968, 29.13524], [-95.39684, 29.13737], [-95.39689, 29.13954], [-95.39694, 29.14173], [-95.39698, 29.14391], [-95.39704, 29.14614], [-95.39708, 29.14825], [-95.39713, 29.15047], [-95.39717, 29.15267], [-95.39722, 29.15477], [-95.39727, 29.15689], [-95.39731, 29.15898], [-95.39736, 29.16121], [-95.3974, 29.16339], [-95.39745, 29.16559], [-95.3975, 29.16778], [-95.39755, 29.17005], [-95.3976, 29.17218], [-95.39765, 29.17438], [-95.3977, 29.17657], [-95.39773, 29.17876], [-95.39779, 29.18098], [-95.39783, 29.18308], [-95.39788, 29.18519], [-95.39792, 29.18731], [-95.39797, 29.18942], [-95.39802, 29.19154], [-95.39805, 29.19347], [-95.39811, 29.19578], [-95.39816, 29.19789], [-95.39821, 29.20002], [-95.39825, 29.20213], [-95.39829, 29.20426], [-95.39832, 29.20625], [-95.39789, 29.20842], [-95.39746, 29.21062], [-95.39704, 29.21282], [-95.3966, 29.21501], [-95.39617, 29.2172], [-95.39574, 29.2194], [-95.39532, 29.22155], [-95.39491, 29.22361], [-95.39451, 29.22567], [-95.39411, 29.22773], [-95.39367, 29.22988], [-95.39325, 29.23204], [-95.39283, 29.23419], [-95.39241, 29.23635], [-95.39199, 29.2385], [-95.39156, 29.24066], [-95.39117, 29.24263], [-95.39071, 29.24496], [-95.39028, 29.24713], [-95.38984, 29.24937], [-95.38941, 29.25154], [-95.38898, 29.25371], [-95.38856, 29.25586], [-95.38814, 29.25802], [-95.38772, 29.26019], [-95.38774, 29.26112], [-95.38777, 29.26236], [-95.38782, 29.26451], [-95.38788, 29.26667], [-95.38795, 29.26884], [-95.38802, 29.27103], [-95.3881, 29.27323], [-95.38817, 29.27543], [-95.38825, 29.27763], [-95.38832, 29.27983], [-95.3884, 29.28195], [-95.38846, 29.28401], [-95.38851, 29.28634], [-95.38857, 29.28855], [-95.38862, 29.29072], [-95.38869, 29.29292], [-95.38874, 29.29512], [-95.3888, 29.29732], [-95.38886, 29.29951], [-95.38891, 29.30172], [-95.38896, 29.30403], [-95.38902, 29.30606], [-95.38908, 29.30826], [-95.38915, 29.31044], [-95.38921, 29.31264], [-95.38928, 29.31484], [-95.38934, 29.31704], [-95.38941, 29.31924], [-95.38948, 29.32143], [-95.38954, 29.32361], [-95.38961, 29.32575], [-95.38845, 29.32752], [-95.3872, 29.32941], [-95.38596, 29.33128], [-95.38471, 29.33317], [-95.38346, 29.33506], [-95.38223, 29.33693], [-95.381, 29.33879], [-95.37974, 29.34069], [-95.3785, 29.34259], [-95.37726, 29.34445], [-95.37609, 29.34623], [-95.37473, 29.34828], [-95.37348, 29.35019], [-95.3723, 29.35198], [-95.37108, 29.35386], [-95.3699, 29.35563], [-95.36858, 29.35764], [-95.36727, 29.35961], [-95.36605, 29.36148], [-95.36467, 29.36356], [-95.36355, 29.36525], [-95.36234, 29.3671], [-95.36118, 29.36884], [-95.35996, 29.37069], [-95.3586, 29.37258], [-95.35721, 29.37449], [-95.35584, 29.3764], [-95.35444, 29.37828], [-95.35305, 29.38018], [-95.35173, 29.38199], [-95.35033, 29.38391], [-95.34893, 29.38583], [-95.34748, 29.38778], [-95.3464, 29.38959], [-95.34534, 29.39133], [-95.34416, 29.39328], [-95.34298, 29.39522], [-95.34184, 29.39718], [-95.34075, 29.39902], [-95.33955, 29.40102], [-95.33835, 29.40301], [-95.33715, 29.40502], [-95.33594, 29.40702], [-95.33473, 29.40901], [-95.33352, 29.41101], [-95.3323, 29.41293], [-95.33107, 29.41486], [-95.32985, 29.41677], [-95.32862, 29.41869], [-95.32739, 29.42061], [-95.32618, 29.4225], [-95.32494, 29.42443], [-95.32373, 29.42632], [-95.32252, 29.42821], [-95.3213, 29.43011], [-95.32009, 29.432], [-95.31888, 29.4339], [-95.31766, 29.43579], [-95.31645, 29.43768], [-95.31533, 29.43944], [-95.31399, 29.4415], [-95.31277, 29.44335], [-95.31148, 29.44537], [-95.31024, 29.44725], [-95.30973, 29.44803], [-95.30957, 29.44828], [-95.30889, 29.44932], [-95.30776, 29.45103], [-95.30659, 29.45278], [-95.3071, 29.45463], [-95.30825, 29.45579], [-95.30831, 29.45621]]}, "properties": {"owner": "CENTERPOINT ENERGY", "voltage_kv": 345.0}}, {"type": "Feature", "geometry": {"type": "LineString", "coordinates": [[-95.30827, 29.4578], [-95.30816, 29.45775], [-95.29038, 29.46283], [-95.2754, 29.46116], [-95.25846, 29.46132], [-95.25801, 29.461], [-95.25785, 29.46035]]}, "properties": {"owner": "CENTERPOINT ENERGY", "voltage_kv": 345.0}}, {"type": "Feature", "geometry": {"type": "LineString", "coordinates": [[-96.19087, 28.88656], [-96.19163, 28.88598], [-96.19219, 28.88573], [-96.19213, 28.88548], [-96.19184, 28.88431], [-96.19175, 28.88392], [-96.19096, 28.88092], [-96.19048, 28.87779], [-96.1901, 28.87498], [-96.18819, 28.87332], [-96.18626, 28.87163], [-96.18435, 28.86997], [-96.18331, 28.86769], [-96.1822, 28.8653], [-96.1811, 28.86291], [-96.18004, 28.86062], [-96.17898, 28.85832], [-96.17862, 28.85556], [-96.17858, 28.85257], [-96.1785, 28.84953], [-96.17844, 28.84648], [-96.17846, 28.84377], [-96.17839, 28.84052], [-96.17837, 28.83744], [-96.17833, 28.83444], [-96.17747, 28.83157], [-96.17662, 28.82873], [-96.17597, 28.82651], [-96.17592, 28.82372], [-96.17588, 28.82083], [-96.17583, 28.818], [-96.17578, 28.81509], [-96.17573, 28.81211], [-96.17546, 28.80908], [-96.17181, 28.80913], [-96.168, 28.80919], [-96.16414, 28.80924], [-96.16048, 28.80929], [-96.15723, 28.80934], [-96.15346, 28.80939], [-96.14965, 28.80945], [-96.14607, 28.80895], [-96.14356, 28.809], [-96.14309, 28.80901], [-96.14038, 28.80907], [-96.13804, 28.80913], [-96.13512, 28.80918], [-96.13187, 28.80919], [-96.12887, 28.8092], [-96.12569, 28.80921], [-96.12246, 28.80925], [-96.11922, 28.80923], [-96.11604, 28.80924], [-96.11277, 28.80927], [-96.10954, 28.80929], [-96.10615, 28.80935], [-96.10267, 28.80935], [-96.09931, 28.80898], [-96.0968, 28.80874], [-96.0914, 28.80804], [-96.08842, 28.80762], [-96.08515, 28.80724], [-96.08173, 28.80673], [-96.07817, 28.80613], [-96.07473, 28.80555], [-96.07143, 28.80498], [-96.06813, 28.80448], [-96.06502, 28.804], [-96.06179, 28.80352], [-96.05816, 28.80299], [-96.05502, 28.80254], [-96.05263, 28.80214], [-96.05174, 28.80181], [-96.05173, 28.80003], [-96.05174, 28.79988], [-96.05056, 28.79947]]}, "properties": {"owner": "NOT AVAILABLE", "voltage_kv": 345.0}}, {"type": "Feature", "geometry": {"type": "LineString", "coordinates": [[-95.30827, 29.4578], [-95.2904, 29.46288], [-95.27538, 29.46122], [-95.25822, 29.46152]]}, "properties": {"owner": "CENTERPOINT ENERGY", "voltage_kv": 345.0}}, {"type": "Feature", "geometry": {"type": "LineString", "coordinates": [[-96.0818, 30.62251], [-96.08153, 30.62271], [-96.08164, 30.623], [-96.08298, 30.62588], [-96.08469, 30.62817], [-96.08648, 30.63075], [-96.08815, 30.63307], [-96.08982, 30.63542], [-96.09143, 30.63769], [-96.09309, 30.63998], [-96.09484, 30.64229], [-96.09535, 30.64514], [-96.09538, 30.64783], [-96.09545, 30.65018], [-96.09545, 30.65022], [-96.09547, 30.65107], [-96.09551, 30.65252], [-96.09556, 30.65402], [-96.09563, 30.65699], [-96.09574, 30.65979], [-96.09579, 30.66229], [-96.0958, 30.66278], [-96.09587, 30.66545], [-96.09591, 30.66824], [-96.09604, 30.67121], [-96.0961, 30.6742], [-96.09619, 30.68009], [-96.0963, 30.68308], [-96.0964, 30.68625], [-96.09643, 30.68921], [-96.09938, 30.69001], [-96.10264, 30.691], [-96.10594, 30.69196], [-96.10901, 30.69289], [-96.11249, 30.69392], [-96.11564, 30.69486], [-96.11897, 30.69582], [-96.12197, 30.69669], [-96.12504, 30.69757], [-96.12835, 30.69853], [-96.13135, 30.69946], [-96.13431, 30.70043], [-96.13747, 30.70141], [-96.14034, 30.70223], [-96.14119, 30.70529], [-96.14204, 30.70859], [-96.14282, 30.71121], [-96.1437, 30.71436], [-96.14447, 30.71709], [-96.14479, 30.72006], [-96.14505, 30.72264], [-96.1453, 30.72485], [-96.14552, 30.7271], [-96.14578, 30.72974], [-96.1461, 30.73256], [-96.14642, 30.73551], [-96.14674, 30.73872], [-96.14704, 30.74184], [-96.14734, 30.74481], [-96.14771, 30.74789], [-96.14801, 30.75089], [-96.14831, 30.75405], [-96.14863, 30.75726], [-96.14902, 30.76026], [-96.14936, 30.76362], [-96.14964, 30.76657], [-96.15, 30.76967], [-96.1503, 30.7726], [-96.15056, 30.77531], [-96.15093, 30.77855], [-96.15129, 30.78185], [-96.15161, 30.78506], [-96.15191, 30.78803], [-96.15224, 30.79098], [-96.15539, 30.79266], [-96.1584, 30.79426], [-96.16127, 30.79579], [-96.16396, 30.79723], [-96.16681, 30.79876], [-96.16977, 30.80034], [-96.1725, 30.8018], [-96.17561, 30.80342], [-96.17857, 30.80497], [-96.18185, 30.80663], [-96.18458, 30.80806], [-96.18758, 30.80961], [-96.19056, 30.81114], [-96.1935, 30.81262], [-96.19666, 30.81416], [-96.19964, 30.81571], [-96.20284, 30.81735], [-96.20561, 30.81877], [-96.20863, 30.82026], [-96.21164, 30.82183], [-96.21481, 30.82347], [-96.21792, 30.82496], [-96.22088, 30.82653], [-96.22393, 30.82811], [-96.22674, 30.82957], [-96.22957, 30.83104], [-96.23251, 30.83257], [-96.23528, 30.83407], [-96.23824, 30.83556], [-96.2411, 30.83705], [-96.24394, 30.83857], [-96.24608, 30.84118], [-96.24801, 30.84391], [-96.25001, 30.84665], [-96.2517, 30.84912], [-96.25358, 30.85172], [-96.2554, 30.85443], [-96.2571, 30.85719], [-96.25786, 30.85929], [-96.25909, 30.86027], [-96.2608, 30.86285], [-96.26259, 30.86565], [-96.26439, 30.86847], [-96.26621, 30.87127], [-96.26798, 30.87401], [-96.26961, 30.87654], [-96.27131, 30.87918], [-96.27308, 30.88196], [-96.27488, 30.88472], [-96.27664, 30.88747], [-96.27835, 30.89012], [-96.28007, 30.89281], [-96.28186, 30.89557], [-96.28363, 30.89834], [-96.28531, 30.90099], [-96.28705, 30.90369], [-96.28869, 30.90622], [-96.29041, 30.90882], [-96.29231, 30.91184], [-96.29398, 30.91441], [-96.29578, 30.91721], [-96.29757, 30.92], [-96.29927, 30.92261], [-96.301, 30.92531], [-96.30277, 30.92808], [-96.3045, 30.93071], [-96.30507, 30.93368], [-96.30567, 30.93666], [-96.30629, 30.93965], [-96.30693, 30.94306], [-96.30725, 30.94348], [-96.30872, 30.94544], [-96.31058, 30.94798], [-96.31231, 30.9503], [-96.31414, 30.95284], [-96.31603, 30.95538], [-96.31791, 30.95792], [-96.31979, 30.96048], [-96.32166, 30.96303], [-96.32355, 30.96559], [-96.32538, 30.96807], [-96.32716, 30.97047], [-96.32887, 30.97276], [-96.33056, 30.97524], [-96.33212, 30.9775], [-96.33353, 30.97976], [-96.33536, 30.98265], [-96.33708, 30.98538], [-96.33871, 30.98795], [-96.34035, 30.99055], [-96.34206, 30.99327], [-96.34375, 30.99596], [-96.34547, 30.99872], [-96.34712, 31.00131], [-96.34864, 31.00377], [-96.35031, 31.00641], [-96.35207, 31.00922], [-96.35387, 31.01209], [-96.35553, 31.01469], [-96.3572, 31.01728], [-96.35876, 31.01979], [-96.36047, 31.02254], [-96.36222, 31.02533], [-96.36382, 31.02748], [-96.36578, 31.03022], [-96.36813, 31.03281], [-96.37026, 31.0352], [-96.37273, 31.03796], [-96.37491, 31.04043], [-96.37702, 31.04277], [-96.37911, 31.04511], [-96.38092, 31.04713], [-96.38112, 31.04736], [-96.38315, 31.04958], [-96.38446, 31.05243], [-96.38581, 31.05529], [-96.3872, 31.05823], [-96.38858, 31.06111], [-96.38881, 31.06161], [-96.38978, 31.06367], [-96.39097, 31.06616], [-96.39216, 31.06871], [-96.39426, 31.07134], [-96.39617, 31.07374], [-96.39818, 31.07626], [-96.40015, 31.07872], [-96.40211, 31.08156], [-96.4039, 31.08415], [-96.40577, 31.08685], [-96.40721, 31.08896], [-96.40942, 31.09077], [-96.41178, 31.09272], [-96.41396, 31.0945], [-96.4162, 31.09634], [-96.4184, 31.0981], [-96.41985, 31.10022], [-96.42152, 31.10256], [-96.42334, 31.10513], [-96.42502, 31.10746], [-96.42652, 31.10989], [-96.42799, 31.11233], [-96.43007, 31.11479], [-96.43224, 31.11734], [-96.43442, 31.12], [-96.4366, 31.12258], [-96.43874, 31.12519], [-96.44091, 31.12776], [-96.44302, 31.1303], [-96.44523, 31.13291], [-96.44701, 31.13552], [-96.44888, 31.13817], [-96.45056, 31.14058], [-96.45223, 31.14294], [-96.45374, 31.14512], [-96.45566, 31.14784], [-96.45765, 31.15067], [-96.45933, 31.15304], [-96.46073, 31.15513], [-96.46239, 31.15741], [-96.46461, 31.16061], [-96.46644, 31.16324], [-96.46841, 31.16598], [-96.47028, 31.16868], [-96.47204, 31.17114], [-96.47368, 31.17351], [-96.47601, 31.17582], [-96.47837, 31.17819], [-96.47968, 31.18007], [-96.48115, 31.1822], [-96.48348, 31.18558], [-96.48439, 31.18553]]}, "properties": {"owner": "ENTERGY TEXAS INC.", "voltage_kv": 345.0}}, {"type": "Feature", "geometry": {"type": "LineString", "coordinates": [[-95.25822, 29.46152], [-95.16896, 29.463], [-95.147, 29.47982], [-95.13496, 29.48925], [-95.13246, 29.48924], [-95.11822, 29.48946], [-95.10297, 29.48992], [-95.08717, 29.4902], [-95.08498, 29.49015], [-95.08094, 29.49311], [-95.0603, 29.49196], [-95.04754, 29.4906], [-95.03801, 29.49077], [-94.98781, 29.48806], [-94.98474, 29.48676], [-94.98349, 29.48658], [-94.98242, 29.48752]]}, "properties": {"owner": "CENTERPOINT ENERGY", "voltage_kv": 345.0}}, {"type": "Feature", "geometry": {"type": "LineString", "coordinates": [[-93.73866, 30.26667], [-93.73652, 30.26593], [-93.73554, 30.26337], [-93.73723, 30.26007], [-93.73786, 30.2597]]}, "properties": {"owner": "DEEP EAST TEXAS ELEC COOP INC", "voltage_kv": 500.0}}, {"type": "Feature", "geometry": {"type": "LineString", "coordinates": [[-96.48439, 31.18553], [-96.48306, 31.18561], [-96.4824, 31.18473], [-96.48068, 31.18226], [-96.47921, 31.18014], [-96.47798, 31.17841], [-96.47518, 31.17629], [-96.47249, 31.17716], [-96.46984, 31.17806], [-96.46709, 31.1791], [-96.464, 31.18026], [-96.46094, 31.18143], [-96.45789, 31.18264], [-96.45501, 31.18381], [-96.45201, 31.18505], [-96.44883, 31.18637], [-96.44627, 31.18739], [-96.44337, 31.18859], [-96.44065, 31.18979], [-96.43766, 31.19102], [-96.43472, 31.19239], [-96.43256, 31.19472], [-96.43064, 31.19695], [-96.42859, 31.19919], [-96.42651, 31.20142], [-96.42447, 31.20374], [-96.42243, 31.20603], [-96.42044, 31.20833], [-96.41834, 31.21063], [-96.4163, 31.21291], [-96.4142, 31.21524], [-96.41216, 31.21752], [-96.41012, 31.21983], [-96.40806, 31.22212], [-96.40608, 31.22435], [-96.40403, 31.22664], [-96.40196, 31.22895], [-96.39977, 31.23113], [-96.3976, 31.23327], [-96.3954, 31.2355], [-96.39334, 31.23753], [-96.39126, 31.23957], [-96.38921, 31.24159], [-96.38699, 31.24379], [-96.38496, 31.24582], [-96.38276, 31.24799], [-96.38073, 31.25004], [-96.37858, 31.25213], [-96.37651, 31.25416], [-96.37457, 31.25612], [-96.37235, 31.25828], [-96.3701, 31.26048], [-96.36793, 31.26269], [-96.36585, 31.26474], [-96.36396, 31.26667], [-96.36195, 31.26857], [-96.36, 31.27053], [-96.35801, 31.27249], [-96.35608, 31.27443], [-96.35402, 31.27643], [-96.35201, 31.27843], [-96.34978, 31.28064], [-96.34751, 31.2828], [-96.34535, 31.28494], [-96.34328, 31.2871], [-96.3411, 31.28927], [-96.33889, 31.29149], [-96.33667, 31.29367], [-96.33444, 31.29589], [-96.33238, 31.29794], [-96.33018, 31.30011], [-96.32798, 31.30235], [-96.3259, 31.30444], [-96.32372, 31.30665], [-96.3216, 31.30878], [-96.31942, 31.311], [-96.31743, 31.31339], [-96.31567, 31.31544], [-96.31385, 31.31769], [-96.31219, 31.31966], [-96.31035, 31.32182], [-96.30849, 31.32406], [-96.3067, 31.32614], [-96.30506, 31.32815], [-96.30346, 31.33006], [-96.30179, 31.33213], [-96.30122, 31.33461], [-96.30066, 31.33704], [-96.3001, 31.3395], [-96.29958, 31.34201], [-96.29899, 31.34444], [-96.29848, 31.34689], [-96.29793, 31.34936], [-96.29786, 31.35199], [-96.29782, 31.35461], [-96.29774, 31.35731], [-96.29767, 31.35958], [-96.29761, 31.36238], [-96.29752, 31.36499], [-96.29747, 31.36833], [-96.29734, 31.37067], [-96.29731, 31.37272], [-96.2972, 31.37515], [-96.29479, 31.3771], [-96.29229, 31.37906], [-96.2898, 31.38101], [-96.28735, 31.38295], [-96.28611, 31.38395], [-96.28544, 31.38448], [-96.28301, 31.38639], [-96.28048, 31.38831], [-96.27831, 31.39004], [-96.27635, 31.39161], [-96.27432, 31.3932], [-96.2724, 31.39472], [-96.27004, 31.39654], [-96.26758, 31.39855], [-96.26544, 31.40015], [-96.26328, 31.40181], [-96.26091, 31.40372], [-96.25846, 31.40564], [-96.25599, 31.40761], [-96.25336, 31.40932], [-96.25069, 31.41113], [-96.24936, 31.41262], [-96.24721, 31.41494], [-96.24496, 31.41747], [-96.24501, 31.42025], [-96.2451, 31.42259], [-96.24572, 31.42467], [-96.24661, 31.42454], [-96.247, 31.42418]]}, "properties": {"owner": "NAVASOTA VALLEY ELEC COOP, INC", "voltage_kv": 345.0}}, {"type": "Feature", "geometry": {"type": "LineString", "coordinates": [[-94.07411, 30.08394], [-94.07417, 30.0841], [-94.07374, 30.08999], [-94.05766, 30.09291], [-94.04135, 30.09634], [-94.04072, 30.10112], [-94.03922, 30.11409], [-94.03575, 30.14421], [-94.0357, 30.14591], [-94.04513, 30.15681], [-94.08119, 30.15675], [-94.11564, 30.15667], [-94.11721, 30.15632], [-94.14827, 30.15636], [-94.15243, 30.15652], [-94.15624, 30.1564], [-94.15708, 30.1564], [-94.15723, 30.15625]]}, "properties": {"owner": "ENTERGY TEXAS INC.", "voltage_kv": 230.0}}, {"type": "Feature", "geometry": {"type": "LineString", "coordinates": [[-96.0818, 30.62251], [-96.08178, 30.62301], [-96.08306, 30.62583], [-96.08477, 30.62811], [-96.08656, 30.63069], [-96.08823, 30.63302], [-96.08991, 30.63536], [-96.09152, 30.63763], [-96.09317, 30.63992], [-96.09493, 30.64225], [-96.09545, 30.64513], [-96.09548, 30.64783], [-96.09555, 30.65017], [-96.09555, 30.65021], [-96.09557, 30.65106], [-96.09561, 30.65251], [-96.09566, 30.65402], [-96.09573, 30.65699], [-96.09584, 30.65978], [-96.09589, 30.66228], [-96.0959, 30.66277], [-96.09597, 30.66545], [-96.09601, 30.66824], [-96.09614, 30.67121], [-96.0962, 30.6742], [-96.09629, 30.68009], [-96.0964, 30.68308], [-96.0965, 30.68625], [-96.09652, 30.68913], [-96.09941, 30.68991], [-96.10267, 30.69091], [-96.10597, 30.69187], [-96.10904, 30.69279], [-96.11252, 30.69382], [-96.11567, 30.69477], [-96.119, 30.69572], [-96.122, 30.69659], [-96.12507, 30.69748], [-96.12837, 30.69844], [-96.13138, 30.69936], [-96.13434, 30.70034], [-96.13749, 30.70132], [-96.14042, 30.70215], [-96.14128, 30.70526], [-96.14214, 30.70856], [-96.14291, 30.71118], [-96.14379, 30.71434], [-96.14457, 30.71707], [-96.14489, 30.72005], [-96.14515, 30.72263], [-96.1454, 30.72484], [-96.14562, 30.72709], [-96.14588, 30.72973], [-96.1462, 30.73255], [-96.14652, 30.7355], [-96.14684, 30.73871], [-96.14714, 30.74183], [-96.14744, 30.7448], [-96.14781, 30.74788], [-96.14811, 30.75088], [-96.14841, 30.75404], [-96.14873, 30.75725], [-96.14912, 30.76025], [-96.14946, 30.76361], [-96.14974, 30.76656], [-96.1501, 30.76965], [-96.1504, 30.77259], [-96.15066, 30.7753], [-96.15103, 30.77854], [-96.15139, 30.78184], [-96.15171, 30.78505], [-96.15201, 30.78802], [-96.15233, 30.79092], [-96.15544, 30.79257], [-96.15845, 30.79417], [-96.16132, 30.7957], [-96.164, 30.79714], [-96.16686, 30.79867], [-96.16982, 30.80025], [-96.17254, 30.80171], [-96.17565, 30.80333], [-96.17862, 30.80488], [-96.1819, 30.80654], [-96.18462, 30.80798], [-96.18763, 30.80952], [-96.19061, 30.81105], [-96.19355, 30.81253], [-96.1967, 30.81408], [-96.19969, 30.81562], [-96.20288, 30.81726], [-96.20565, 30.81868], [-96.20868, 30.82017], [-96.21168, 30.82174], [-96.21486, 30.82338], [-96.21797, 30.82487], [-96.22093, 30.82644], [-96.22398, 30.82803], [-96.22679, 30.82948], [-96.22962, 30.83095], [-96.23256, 30.83248], [-96.23533, 30.83398], [-96.23829, 30.83547], [-96.24114, 30.83696], [-96.24401, 30.8385], [-96.24616, 30.84112], [-96.24809, 30.84385], [-96.25009, 30.84659], [-96.25178, 30.84906], [-96.25366, 30.85167], [-96.25548, 30.85437], [-96.25726, 30.85711], [-96.25811, 30.85829], [-96.25904, 30.85895]]}, "properties": {"owner": "MID-SOUTH ELECTRIC COOP ASSN", "voltage_kv": 345.0}}, {"type": "Feature", "geometry": {"type": "LineString", "coordinates": [[-95.52677, 30.089], [-95.52628, 30.0894], [-95.52601, 30.09], [-95.51637, 30.08992], [-95.51241, 30.09475], [-95.51175, 30.09711], [-95.50714, 30.09627], [-95.50427, 30.09598], [-95.48957, 30.09337], [-95.48842, 30.09316], [-95.48866, 30.09266], [-95.48936, 30.09189], [-95.48997, 30.09071]]}, "properties": {"owner": "CENTERPOINT ENERGY HOUSTON ELECTRIC, LLC", "voltage_kv": 345.0}}, {"type": "Feature", "geometry": {"type": "LineString", "coordinates": [[-95.21934, 29.81844], [-95.21748, 29.81801], [-95.21706, 29.81709], [-95.16634, 29.81796], [-95.15791, 29.81804], [-95.15411, 29.81878], [-95.14866, 29.81911], [-95.14254, 29.81919], [-95.14002, 29.81919], [-95.12726, 29.81948], [-95.12695, 29.82082], [-95.12735, 29.83497], [-95.12413, 29.83625], [-95.12347, 29.83665]]}, "properties": {"owner": "CENTERPOINT ENERGY HOUSTON ELECTRIC, LLC", "voltage_kv": 345.0}}, {"type": "Feature", "geometry": {"type": "LineString", "coordinates": [[-96.247, 31.42418], [-96.24655, 31.42432], [-96.24578, 31.42451], [-96.2452, 31.42257], [-96.24511, 31.42025], [-96.24506, 31.4175], [-96.24728, 31.41501], [-96.24943, 31.41268], [-96.25076, 31.4112], [-96.25342, 31.40941], [-96.25605, 31.40769], [-96.25852, 31.40572], [-96.26098, 31.4038], [-96.26335, 31.40189], [-96.2655, 31.40023], [-96.26764, 31.39863], [-96.27011, 31.39662], [-96.27247, 31.3948], [-96.27438, 31.39328], [-96.27641, 31.39169], [-96.27837, 31.39012], [-96.28054, 31.38839], [-96.28307, 31.38647], [-96.2855, 31.38456], [-96.28617, 31.38402], [-96.28741, 31.38303], [-96.28986, 31.38108], [-96.29235, 31.37913], [-96.29485, 31.37717], [-96.29729, 31.3752], [-96.29741, 31.37272], [-96.29744, 31.37067], [-96.29757, 31.36833], [-96.29762, 31.36499], [-96.29771, 31.36238], [-96.29777, 31.35959], [-96.29784, 31.35731], [-96.29792, 31.35461], [-96.29796, 31.35199], [-96.29803, 31.34937], [-96.29858, 31.34692], [-96.29908, 31.34446], [-96.29967, 31.34203], [-96.3002, 31.33952], [-96.30075, 31.33707], [-96.30132, 31.33463], [-96.30188, 31.33217], [-96.30353, 31.33012], [-96.30514, 31.32821], [-96.30678, 31.32621], [-96.30857, 31.32413], [-96.31043, 31.32189], [-96.31227, 31.31972], [-96.31392, 31.31776], [-96.31575, 31.3155], [-96.3175, 31.31345], [-96.31949, 31.31107], [-96.32167, 31.30885], [-96.32379, 31.30672], [-96.32597, 31.30451], [-96.32805, 31.30242], [-96.33025, 31.30018], [-96.33246, 31.29801], [-96.33451, 31.29596], [-96.33674, 31.29374], [-96.33896, 31.29156], [-96.34117, 31.28934], [-96.34336, 31.28717], [-96.34542, 31.28501], [-96.34758, 31.28287], [-96.34985, 31.28071], [-96.35208, 31.2785], [-96.35409, 31.2765], [-96.35615, 31.2745], [-96.35808, 31.27256], [-96.36008, 31.2706], [-96.36202, 31.26864], [-96.36403, 31.26674], [-96.36592, 31.26482], [-96.368, 31.26276], [-96.37017, 31.26055], [-96.37242, 31.25835], [-96.37464, 31.25619], [-96.37658, 31.25423], [-96.37865, 31.25221], [-96.3808, 31.25011], [-96.38283, 31.24807], [-96.38503, 31.24589], [-96.38706, 31.24386], [-96.38928, 31.24166], [-96.39133, 31.23964], [-96.39341, 31.2376], [-96.39547, 31.23557], [-96.39767, 31.23334], [-96.39984, 31.2312], [-96.40203, 31.22901], [-96.4041, 31.22671], [-96.40616, 31.22441], [-96.40814, 31.22219], [-96.41019, 31.2199], [-96.41223, 31.21759], [-96.41428, 31.21531], [-96.41637, 31.21298], [-96.41842, 31.2107], [-96.42051, 31.20839], [-96.42251, 31.2061], [-96.42454, 31.20381], [-96.42658, 31.20149], [-96.42867, 31.19925], [-96.43071, 31.19702], [-96.43264, 31.19478], [-96.43478, 31.19247], [-96.4377, 31.19112], [-96.44069, 31.18988], [-96.44341, 31.18869], [-96.4463, 31.18748], [-96.44887, 31.18646], [-96.45204, 31.18514], [-96.45505, 31.1839], [-96.45792, 31.18273], [-96.46097, 31.18153], [-96.46403, 31.18035], [-96.46712, 31.17919], [-96.46988, 31.17816], [-96.47253, 31.17726], [-96.47516, 31.1764], [-96.47791, 31.17848], [-96.47913, 31.18019], [-96.4806, 31.18232], [-96.48232, 31.18478], [-96.48293, 31.18578], [-96.48439, 31.18553]]}, "properties": {"owner": "NAVASOTA VALLEY ELEC COOP, INC", "voltage_kv": 345.0}}, {"type": "Feature", "geometry": {"type": "LineString", "coordinates": [[-95.30827, 29.4578], [-95.30815, 29.45715], [-95.30831, 29.45621]]}, "properties": {"owner": "CENTERPOINT ENERGY HOUSTON ELECTRIC, LLC", "voltage_kv": 345.0}}, {"type": "Feature", "geometry": {"type": "LineString", "coordinates": [[-94.90269, 29.77395], [-94.90333, 29.77371], [-94.90337, 29.77279]]}, "properties": {"owner": "CENTERPOINT ENERGY HOUSTON ELECTRIC, LLC", "voltage_kv": 345.0}}, {"type": "Feature", "geometry": {"type": "LineString", "coordinates": [[-95.97332, 30.66141], [-95.97426, 30.66173], [-95.97485, 30.66187], [-95.97485, 30.66297], [-95.97693, 30.66292], [-95.97825, 30.66291], [-95.97858, 30.6629], [-95.98205, 30.66289], [-95.9853, 30.66288], [-95.98885, 30.66286], [-95.99207, 30.66283], [-95.99524, 30.66311], [-95.99853, 30.66337], [-96.00183, 30.66364], [-96.005, 30.6639], [-96.00816, 30.66418], [-96.01147, 30.6641], [-96.01465, 30.66405], [-96.01767, 30.664], [-96.02052, 30.66395], [-96.02371, 30.66389], [-96.02686, 30.66386], [-96.03051, 30.66379], [-96.03407, 30.66373], [-96.03737, 30.66368], [-96.0411, 30.66361], [-96.04475, 30.66355], [-96.04837, 30.66349], [-96.05186, 30.66344], [-96.0553, 30.66338], [-96.05848, 30.66333], [-96.0617, 30.66327], [-96.06489, 30.66322], [-96.06837, 30.66318], [-96.07023, 30.66111], [-96.07243, 30.65877], [-96.07461, 30.6564], [-96.07672, 30.65411], [-96.07876, 30.65192], [-96.08085, 30.64965], [-96.08288, 30.64747], [-96.08527, 30.64489], [-96.08742, 30.64254], [-96.08944, 30.64038], [-96.09105, 30.63862], [-96.08943, 30.63638], [-96.08777, 30.63402], [-96.08609, 30.63166], [-96.08425, 30.6291], [-96.08256, 30.62675], [-96.08093, 30.62399], [-96.08099, 30.62255], [-96.0818, 30.62251]]}, "properties": {"owner": "MID-SOUTH ELECTRIC COOP ASSN", "voltage_kv": 345.0}}, {"type": "Feature", "geometry": {"type": "LineString", "coordinates": [[-95.97332, 30.66141], [-95.97259, 30.66155], [-95.9715, 30.6618], [-95.96985, 30.65793], [-95.96821, 30.65027], [-95.96806, 30.64468], [-95.95927, 30.60562], [-95.9522, 30.5742], [-95.94985, 30.5637], [-95.93685, 30.50615], [-95.92872, 30.46975], [-95.92695, 30.46178], [-95.90774, 30.38337], [-95.90245, 30.36454], [-95.84458, 30.15634], [-95.83884, 30.13567], [-95.82662, 30.09073], [-95.8232, 30.07741], [-95.81767, 30.05563], [-95.81615, 30.04992], [-95.81138, 30.03064], [-95.80995, 30.02517], [-95.80928, 30.02264], [-95.79547, 29.96905], [-95.78854, 29.94229], [-95.78128, 29.91359], [-95.77894, 29.91363], [-95.7784, 29.91146], [-95.77841, 29.91091], [-95.77808, 29.91004]]}, "properties": {"owner": "SAN BERNARD ELECTRIC COOP, INC", "voltage_kv": 345.0}}, {"type": "Feature", "geometry": {"type": "LineString", "coordinates": [[-95.573, 29.82258], [-95.57364, 29.8229], [-95.57444, 29.82279], [-95.5745, 29.82107], [-95.57466, 29.81723], [-95.56955, 29.81739], [-95.56722, 29.81743], [-95.56487, 29.81748], [-95.56252, 29.81752], [-95.56018, 29.81758], [-95.55789, 29.81761], [-95.55546, 29.81766], [-95.54846, 29.81785], [-95.54847, 29.81631], [-95.54583, 29.81627], [-95.54354, 29.81626], [-95.54103, 29.81627], [-95.53854, 29.81625], [-95.53606, 29.81625], [-95.5336, 29.81627], [-95.53365, 29.8182], [-95.53155, 29.81817], [-95.52949, 29.8182], [-95.52744, 29.81825], [-95.5258, 29.81801], [-95.52091, 29.81808], [-95.51842, 29.81809], [-95.51592, 29.81813], [-95.51341, 29.81815], [-95.51094, 29.8182], [-95.50844, 29.81823], [-95.50588, 29.81833], [-95.50601, 29.81625], [-95.5036, 29.81635], [-95.50127, 29.8164], [-95.49893, 29.81645], [-95.49664, 29.81649], [-95.49432, 29.81653], [-95.492, 29.81657], [-95.4897, 29.81661], [-95.48741, 29.81661], [-95.48503, 29.81662], [-95.48266, 29.8166], [-95.48139, 29.81798], [-95.47229, 29.81816], [-95.47224, 29.8153], [-95.46983, 29.8154], [-95.46751, 29.81543], [-95.46527, 29.81544], [-95.46269, 29.81546], [-95.46011, 29.81546], [-95.45758, 29.81548], [-95.45507, 29.81549], [-95.45253, 29.81548], [-95.44995, 29.81549], [-95.44748, 29.8155], [-95.44502, 29.81552], [-95.44277, 29.81609], [-95.43606, 29.81618], [-95.43483, 29.81518]]}, "properties": {"owner": "CENTERPOINT ENERGY HOUSTON ELECTRIC, LLC", "voltage_kv": 345.0}}, {"type": "Feature", "geometry": {"type": "LineString", "coordinates": [[-95.21632, 29.91534], [-95.21704, 29.9151], [-95.21882, 29.915], [-95.21874, 29.92274], [-95.23807, 29.9322], [-95.25731, 29.93182], [-95.26563, 29.93506], [-95.28357, 29.93486], [-95.28981, 29.9395], [-95.30211, 29.9394], [-95.30215, 29.94113], [-95.31091, 29.94113], [-95.32857, 29.94013], [-95.33293, 29.93985], [-95.33329, 29.93985], [-95.36869, 29.93954], [-95.36876, 29.93993], [-95.36973, 29.94063]]}, "properties": {"owner": "CENTERPOINT ENERGY HOUSTON ELECTRIC, LLC", "voltage_kv": 345.0}}, {"type": "Feature", "geometry": {"type": "LineString", "coordinates": [[-95.71733, 29.67313], [-95.71823, 29.67341], [-95.71931, 29.6732], [-95.72009, 29.67304], [-95.71948, 29.67039], [-95.71779, 29.66475], [-95.69425, 29.61305], [-95.69409, 29.60138], [-95.69285, 29.55731], [-95.66708, 29.54827], [-95.64466, 29.5403], [-95.6245, 29.53331], [-95.6227, 29.53142], [-95.61582, 29.5249], [-95.61421, 29.52339], [-95.61398, 29.51223], [-95.61385, 29.50054], [-95.61364, 29.49475], [-95.61353, 29.48672], [-95.61644, 29.48547], [-95.62256, 29.48267], [-95.62414, 29.48191], [-95.62409, 29.48072]]}, "properties": {"owner": "CENTERPOINT ENERGY HOUSTON ELECTRIC, LLC", "voltage_kv": 345.0}}, {"type": "Feature", "geometry": {"type": "LineString", "coordinates": [[-96.1328, 31.37132], [-96.13275, 31.37113], [-96.1328, 31.37081], [-96.13223, 31.36797], [-96.11601, 31.29769], [-96.11564, 31.29555], [-96.10951, 31.26887], [-96.10831, 31.26332], [-96.09461, 31.20426], [-96.08063, 31.14449], [-96.07228, 31.10867], [-96.06572, 31.08065], [-96.0533, 31.02944], [-96.0463, 30.99763], [-96.04249, 30.98069], [-96.03988, 30.97024], [-96.03845, 30.96401], [-96.03533, 30.9499], [-96.03288, 30.93964], [-96.02837, 30.91787], [-96.02623, 30.89736], [-96.01404, 30.84772], [-95.9837, 30.71455], [-95.97334, 30.66816], [-95.97472, 30.66376], [-95.97472, 30.66218], [-95.97332, 30.66141]]}, "properties": {"owner": "ENTERGY TEXAS INC.", "voltage_kv": 345.0}}, {"type": "Feature", "geometry": {"type": "LineString", "coordinates": [[-95.48997, 30.09071], [-95.52784, 30.08761], [-95.52677, 30.089]]}, "properties": {"owner": "CENTERPOINT ENERGY HOUSTON ELECTRIC, LLC", "voltage_kv": 345.0}}, {"type": "Feature", "geometry": {"type": "LineString", "coordinates": [[-93.73866, 30.26667], [-93.73876, 30.26334], [-93.73833, 30.26224], [-93.73888, 30.26016], [-93.74287, 30.24443], [-93.74447, 30.23784], [-93.74573, 30.23289], [-93.74636, 30.22795], [-93.75193, 30.22457], [-93.75363, 30.21816], [-93.74554, 30.21773], [-93.74403, 30.2176], [-93.74388, 30.21751]]}, "properties": {"owner": "JASPER-NEWTON ELEC COOP, INC", "voltage_kv": 230.0}}, {"type": "Feature", "geometry": {"type": "LineString", "coordinates": [[-93.88993, 29.94567], [-93.89, 29.94591], [-93.89048, 29.94624], [-93.88943, 29.94739], [-93.89937, 29.95444], [-93.89729, 29.95668], [-93.89725, 29.95856], [-93.89905, 29.95973], [-93.89738, 29.96153], [-93.89722, 29.96179]]}, "properties": {"owner": "ENTERGY TEXAS, INC.", "voltage_kv": 230.0}}, {"type": "Feature", "geometry": {"type": "LineString", "coordinates": [[-95.91907, 30.5939], [-95.91999, 30.59408], [-95.92448, 30.59222], [-95.92514, 30.59375], [-95.94693, 30.62802], [-95.96023, 30.6492], [-95.97069, 30.6621], [-95.97257, 30.66233], [-95.97332, 30.66141]]}, "properties": {"owner": "ENTERGY TEXAS, INC.", "voltage_kv": 345.0}}, {"type": "Feature", "geometry": {"type": "LineString", "coordinates": [[-95.62409, 29.48072], [-95.62325, 29.48078], [-95.6226, 29.48147], [-95.62257, 29.48111], [-95.62253, 29.48063], [-95.62245, 29.47968], [-95.62232, 29.47802], [-95.62236, 29.47775], [-95.62257, 29.47621], [-95.62305, 29.47485], [-95.62311, 29.47424]]}, "properties": {"owner": "CENTERPOINT ENERGY HOUSTON ELECTRIC, LLC", "voltage_kv": 345.0}}, {"type": "Feature", "geometry": {"type": "LineString", "coordinates": [[-95.71733, 29.67313], [-95.71736, 29.67399], [-95.72014, 29.67461], [-95.72835, 29.70665], [-95.72893, 29.70935], [-95.69024, 29.7126], [-95.67478, 29.72248], [-95.67521, 29.76758], [-95.65698, 29.78068], [-95.65705, 29.78735], [-95.6571, 29.79329], [-95.63997, 29.79317], [-95.62698, 29.79538], [-95.61919, 29.79461], [-95.61696, 29.79403], [-95.58783, 29.79416], [-95.57901, 29.8085], [-95.57888, 29.82344], [-95.57455, 29.82348], [-95.57346, 29.82331], [-95.573, 29.82258]]}, "properties": {"owner": "CENTERPOINT ENERGY HOUSTON ELECTRIC, LLC", "voltage_kv": 345.0}}, {"type": "Feature", "geometry": {"type": "LineString", "coordinates": [[-93.87923, 30.02443], [-93.88039, 30.024], [-93.88087, 30.02444], [-93.88136, 30.02426], [-93.88236, 30.02525], [-93.88258, 30.02546], [-93.88436, 30.02569], [-93.8865, 30.02763], [-93.88826, 30.02924], [-93.89055, 30.03132], [-93.89274, 30.03331], [-93.89493, 30.03529], [-93.89711, 30.03728], [-93.8993, 30.03926], [-93.90148, 30.04124], [-93.90367, 30.04323], [-93.90585, 30.04521], [-93.90804, 30.0472], [-93.91023, 30.04919], [-93.91238, 30.05116], [-93.91533, 30.05204], [-93.91803, 30.05285], [-93.92103, 30.05375], [-93.92362, 30.05451], [-93.92661, 30.05541], [-93.92947, 30.05625], [-93.93231, 30.0571], [-93.93502, 30.05791], [-93.93775, 30.05872], [-93.94075, 30.05961], [-93.94357, 30.06045], [-93.94651, 30.05956], [-93.94931, 30.05871], [-93.95229, 30.05779], [-93.95526, 30.05689], [-93.95811, 30.05602], [-93.96091, 30.05517], [-93.96378, 30.05428], [-93.96663, 30.05342], [-93.96908, 30.05267], [-93.97189, 30.05181], [-93.97487, 30.0509], [-93.97758, 30.05007], [-93.97879, 30.04775], [-93.98008, 30.04525], [-93.98134, 30.04283], [-93.98253, 30.04054], [-93.98377, 30.03814], [-93.98497, 30.03581], [-93.98618, 30.03347], [-93.98739, 30.03112], [-93.98863, 30.02871], [-93.98975, 30.02657], [-93.99081, 30.02451], [-93.99233, 30.02266], [-93.99385, 30.0208], [-93.99536, 30.01896], [-93.99697, 30.01699], [-93.99769, 30.01523], [-93.99913, 30.01172], [-93.99976, 30.01011], [-94.00045, 30.00839], [-94.00223, 30.00657], [-94.00426, 30.00448], [-94.00629, 30.0024], [-94.00831, 30.00031], [-94.0101, 29.99848], [-94.0118, 29.99631], [-94.01375, 29.99415], [-94.01578, 29.99203], [-94.01668, 29.99197], [-94.01799, 29.99059], [-94.01972, 29.9888], [-94.02141, 29.98699], [-94.02311, 29.98518], [-94.02477, 29.98336], [-94.02723, 29.98335], [-94.02972, 29.9833], [-94.03258, 29.98325], [-94.03542, 29.9832], [-94.03826, 29.98317], [-94.0411, 29.9831], [-94.04394, 29.98305], [-94.04678, 29.983], [-94.04961, 29.98295], [-94.05246, 29.9829], [-94.05529, 29.98285], [-94.05806, 29.98278], [-94.05935, 29.98484], [-94.05941, 29.98495], [-94.0608, 29.98718], [-94.06281, 29.98717], [-94.06564, 29.98713], [-94.06847, 29.9871], [-94.0713, 29.98708], [-94.07414, 29.98704], [-94.07697, 29.98701], [-94.07979, 29.98699], [-94.08263, 29.98696], [-94.08545, 29.98694], [-94.08831, 29.98691], [-94.09107, 29.98687], [-94.09401, 29.98685], [-94.09677, 29.98681], [-94.09957, 29.98679], [-94.10245, 29.98673], [-94.10528, 29.98673], [-94.10811, 29.98672], [-94.11094, 29.98666], [-94.1138, 29.98662], [-94.11387, 29.98661], [-94.11656, 29.98657], [-94.1193, 29.98653], [-94.12205, 29.98648], [-94.12479, 29.98641], [-94.12726, 29.98751], [-94.12977, 29.9886], [-94.13227, 29.98968], [-94.13478, 29.99072], [-94.13727, 29.9918], [-94.13977, 29.99288], [-94.14226, 29.99396], [-94.14476, 29.99504], [-94.14725, 29.9961], [-94.14976, 29.99717], [-94.15225, 29.99824], [-94.15476, 29.99932], [-94.15656, 29.99944], [-94.15833, 29.99955], [-94.16008, 29.99967], [-94.16183, 29.99977], [-94.1636, 29.99988], [-94.16556, 29.99995], [-94.16764, 30.00003], [-94.16949, 30.00009], [-94.17144, 30.00017], [-94.17339, 30.00023], [-94.17533, 30.0003], [-94.17725, 30.00038], [-94.17918, 30.00044], [-94.18111, 30.0005], [-94.18303, 30.00057], [-94.18512, 30.00065], [-94.18612, 30.00068], [-94.18791, 30.00075], [-94.18987, 30.00081], [-94.19183, 30.00088], [-94.19369, 30.00095], [-94.19569, 30.00101], [-94.1977, 30.00109], [-94.19967, 30.00115], [-94.20162, 30.00122], [-94.20358, 30.00129], [-94.20553, 30.00135], [-94.20749, 30.00143], [-94.20944, 30.0015], [-94.21141, 30.00156], [-94.21334, 30.00163], [-94.2154, 30.0017], [-94.22318, 30.00195], [-94.24857, 30.00286], [-94.25638, 30.00312], [-94.27993, 30.00395], [-94.28179, 30.00399], [-94.28375, 30.00405], [-94.28575, 30.00412], [-94.28771, 30.00419], [-94.28968, 30.00426], [-94.29165, 30.00433], [-94.29362, 30.0044], [-94.29562, 30.00446], [-94.29758, 30.00453], [-94.29958, 30.00459], [-94.30155, 30.00466], [-94.30352, 30.00473], [-94.30551, 30.0048], [-94.30745, 30.00486], [-94.30945, 30.00493], [-94.31141, 30.005], [-94.31342, 30.00507], [-94.31537, 30.00514], [-94.31736, 30.0052], [-94.3193, 30.00528], [-94.32129, 30.00534], [-94.32325, 30.0054], [-94.32523, 30.00547], [-94.3272, 30.00554], [-94.32916, 30.0056], [-94.33114, 30.00567], [-94.33311, 30.00574], [-94.33512, 30.0058], [-94.33708, 30.00587], [-94.3391, 30.00593], [-94.34099, 30.006], [-94.34297, 30.00607], [-94.34494, 30.00614], [-94.34691, 30.0062], [-94.34892, 30.00627], [-94.35087, 30.00634], [-94.35281, 30.00639], [-94.35478, 30.00646], [-94.35678, 30.00653], [-94.35877, 30.00661], [-94.36074, 30.00666], [-94.36288, 30.00673], [-94.36468, 30.00679], [-94.36665, 30.00687], [-94.36863, 30.00692], [-94.37059, 30.00699], [-94.37258, 30.00705], [-94.37398, 30.00709], [-94.37401, 30.00841], [-94.37402, 30.01], [-94.37405, 30.01161], [-94.37407, 30.01322], [-94.3741, 30.01482], [-94.37413, 30.01643], [-94.37416, 30.01802], [-94.37419, 30.01963], [-94.37422, 30.02125], [-94.37424, 30.02286], [-94.37427, 30.02446], [-94.3743, 30.02618], [-94.37432, 30.02788], [-94.37435, 30.0293], [-94.37431, 30.03087], [-94.37426, 30.03238], [-94.37423, 30.03392], [-94.37419, 30.03545], [-94.37415, 30.03698], [-94.37412, 30.0384], [-94.37407, 30.04005], [-94.37402, 30.04158], [-94.37401, 30.04318], [-94.37424, 30.04604], [-94.37414, 30.04693]]}, "properties": {"owner": "ENTERGY TEXAS, INC.", "voltage_kv": 230.0}}, {"type": "Feature", "geometry": {"type": "LineString", "coordinates": [[-93.89722, 29.96179], [-93.89686, 29.96203], [-93.89526, 29.96088], [-93.8934, 29.9628], [-93.89334, 29.96333]]}, "properties": {"owner": "ENTERGY TEXAS, INC.", "voltage_kv": 230.0}}, {"type": "Feature", "geometry": {"type": "LineString", "coordinates": [[-95.21934, 29.81844], [-95.21821, 29.81917], [-95.21803, 29.81987], [-95.21317, 29.82236], [-95.21327, 29.82598], [-95.21868, 29.82587], [-95.21871, 29.91199], [-95.21485, 29.912], [-95.21486, 29.9153], [-95.21561, 29.91546], [-95.21632, 29.91534]]}, "properties": {"owner": "CENTERPOINT ENERGY HOUSTON ELECTRIC, LLC", "voltage_kv": 345.0}}, {"type": "Feature", "geometry": {"type": "LineString", "coordinates": [[-95.71733, 29.67313], [-95.71773, 29.67389], [-95.72032, 29.67446], [-95.72867, 29.70659], [-95.73224, 29.72021], [-95.73872, 29.74486], [-95.73853, 29.74557], [-95.73904, 29.74609], [-95.74077, 29.75266], [-95.74837, 29.78139], [-95.75037, 29.78923], [-95.75391, 29.80381], [-95.75653, 29.81434], [-95.76873, 29.86393], [-95.77879, 29.90412], [-95.77891, 29.90765], [-95.77781, 29.90948], [-95.77808, 29.91004]]}, "properties": {"owner": "CENTERPOINT ENERGY HOUSTON ELECTRIC, LLC", "voltage_kv": 345.0}}, {"type": "Feature", "geometry": {"type": "LineString", "coordinates": [[-95.77808, 29.91004], [-95.77708, 29.91073], [-95.77716, 29.91284], [-95.74098, 29.91342], [-95.73091, 29.91358], [-95.69895, 29.91405], [-95.68637, 29.91424], [-95.63008, 29.91502], [-95.57833, 29.93831], [-95.53553, 29.93824], [-95.53521, 29.93945], [-95.53501, 29.94002]]}, "properties": {"owner": "CENTERPOINT ENERGY HOUSTON ELECTRIC, LLC", "voltage_kv": 345.0}}, {"type": "Feature", "geometry": {"type": "LineString", "coordinates": [[-96.75618, 29.91356], [-96.75307, 29.91696]]}, "properties": {"owner": "BLUEBONNET ELECTRIC COOP, INC", "voltage_kv": 345.0}}, {"type": "Feature", "geometry": {"type": "LineString", "coordinates": [[-93.9401, 29.92472], [-93.94006, 29.92443], [-93.9406, 29.92395], [-93.9306, 29.91458], [-93.92927, 29.913], [-93.92868, 29.91214], [-93.92547, 29.90636], [-93.93257, 29.89877], [-93.93294, 29.89902], [-93.94324, 29.88797], [-93.94435, 29.88875], [-93.94515, 29.88844], [-93.9456, 29.88845], [-93.9454, 29.88891]]}, "properties": {"owner": "ENTERGY TEXAS, INC.", "voltage_kv": 230.0}}, {"type": "Feature", "geometry": {"type": "LineString", "coordinates": [[-95.13553, 29.71219], [-95.1355, 29.71197], [-95.13668, 29.71195], [-95.14417, 29.71228], [-95.14453, 29.7101], [-95.1446, 29.70088], [-95.14527, 29.69985], [-95.14506, 29.69339], [-95.14508, 29.69199], [-95.14324, 29.69198], [-95.10231, 29.69261], [-95.09983, 29.69242], [-95.08752, 29.69266], [-95.0876, 29.69477], [-95.07283, 29.69498], [-95.06564, 29.69513], [-95.05867, 29.69526], [-95.05424, 29.6939], [-95.04006, 29.6942], [-95.03823, 29.6942], [-95.03754, 29.6938], [-95.0355, 29.6938], [-95.03325, 29.69384], [-95.03113, 29.69386], [-95.02672, 29.69401], [-94.9948, 29.68913], [-94.96605, 29.69998], [-94.95487, 29.70808], [-94.95083, 29.71042], [-94.93576, 29.72086], [-94.91711, 29.73775], [-94.91806, 29.74733], [-94.92343, 29.74655], [-94.92385, 29.74763], [-94.9249, 29.74806]]}, "properties": {"owner": "CENTERPOINT ENERGY HOUSTON ELECTRIC, LLC", "voltage_kv": 345.0}}, {"type": "Feature", "geometry": {"type": "LineString", "coordinates": [[-93.89334, 29.96333], [-93.89359, 29.96336], [-93.8943, 29.96336], [-93.8956, 29.96192], [-93.89647, 29.96258], [-93.89722, 29.96179]]}, "properties": {"owner": "ENTERGY TEXAS, INC.", "voltage_kv": 230.0}}, {"type": "Feature", "geometry": {"type": "LineString", "coordinates": [[-93.74215, 30.21823], [-93.74388, 30.21751]]}, "properties": {"owner": "JASPER-NEWTON ELEC COOP, INC", "voltage_kv": 230.0}}, {"type": "Feature", "geometry": {"type": "LineString", "coordinates": [[-95.53669, 29.71872], [-95.53874, 29.71872], [-95.53995, 29.71992], [-95.57242, 29.71719], [-95.57238, 29.70052], [-95.58212, 29.70036], [-95.58139, 29.67129], [-95.58937, 29.65109], [-95.58912, 29.6329], [-95.59065, 29.63145], [-95.59074, 29.62324], [-95.59056, 29.60639], [-95.59048, 29.60414], [-95.59049, 29.602], [-95.59053, 29.59985], [-95.59063, 29.59763], [-95.59098, 29.58872], [-95.59106, 29.58678], [-95.59084, 29.5624], [-95.59518, 29.5591], [-95.59586, 29.55075], [-95.59994, 29.54274], [-95.60409, 29.52654], [-95.61252, 29.52424], [-95.61321, 29.52372], [-95.61329, 29.5235], [-95.61277, 29.495], [-95.61283, 29.48878], [-95.61315, 29.48651], [-95.62179, 29.48256], [-95.62375, 29.4815], [-95.62409, 29.48072]]}, "properties": {"owner": "CENTERPOINT ENERGY HOUSTON ELECTRIC, LLC", "voltage_kv": 345.0}}, {"type": "Feature", "geometry": {"type": "LineString", "coordinates": [[-96.05056, 28.79947], [-96.05104, 28.80001], [-96.05088, 28.80404], [-96.05266, 28.80629], [-96.05413, 28.80814], [-96.05575, 28.81018], [-96.05737, 28.81222], [-96.05911, 28.81442], [-96.06086, 28.81662], [-96.06259, 28.8188], [-96.06433, 28.821], [-96.06607, 28.82319], [-96.0679, 28.82549], [-96.06972, 28.82779], [-96.07156, 28.83012], [-96.07344, 28.83248], [-96.07532, 28.83484], [-96.07721, 28.83722], [-96.07908, 28.83958], [-96.08097, 28.84194], [-96.08283, 28.84429], [-96.08468, 28.84662], [-96.08656, 28.84897], [-96.08835, 28.85125], [-96.09017, 28.85354], [-96.09185, 28.85565], [-96.09353, 28.85777], [-96.09542, 28.86015], [-96.0973, 28.86255], [-96.09918, 28.8649], [-96.10107, 28.86726], [-96.10292, 28.86961], [-96.10483, 28.872], [-96.1067, 28.87438], [-96.10785, 28.87583], [-96.1083, 28.87639], [-96.11017, 28.87876], [-96.11194, 28.88098], [-96.1137, 28.88321], [-96.11549, 28.88545], [-96.11729, 28.88773], [-96.11903, 28.88992], [-96.12082, 28.89215], [-96.12259, 28.89439], [-96.12436, 28.89662], [-96.12617, 28.8989], [-96.12796, 28.90116], [-96.12978, 28.90345], [-96.13162, 28.90575], [-96.13309, 28.90759], [-96.13489, 28.90984], [-96.13679, 28.9122], [-96.1388, 28.91434], [-96.14083, 28.9165], [-96.14266, 28.91843], [-96.14286, 28.91864], [-96.14492, 28.92081], [-96.14698, 28.92297], [-96.14904, 28.92514], [-96.1511, 28.92731], [-96.15316, 28.92947], [-96.15523, 28.93165], [-96.15673, 28.93323], [-96.15728, 28.93379], [-96.15932, 28.93597], [-96.16139, 28.93814], [-96.16336, 28.9402], [-96.16533, 28.94227], [-96.1673, 28.94434], [-96.16926, 28.94641], [-96.17123, 28.94848], [-96.17324, 28.9506], [-96.17525, 28.95272], [-96.1773, 28.95486], [-96.17932, 28.95699], [-96.18132, 28.95908], [-96.1833, 28.96118], [-96.18531, 28.96327], [-96.18719, 28.96526], [-96.1893, 28.96747], [-96.19129, 28.96957], [-96.1933, 28.97166], [-96.1953, 28.97377], [-96.19732, 28.9759], [-96.19927, 28.97795], [-96.20122, 28.97999], [-96.20315, 28.98203], [-96.2051, 28.98408], [-96.20723, 28.98628], [-96.20927, 28.98842], [-96.21109, 28.99031], [-96.21294, 28.99222], [-96.21498, 28.99431], [-96.21711, 28.9965], [-96.21864, 28.99906], [-96.22009, 29.00152], [-96.22157, 29.00395], [-96.22302, 29.00639], [-96.22448, 29.00884], [-96.22581, 29.01106], [-96.22712, 29.01328], [-96.22862, 29.01585], [-96.23017, 29.01842], [-96.2317, 29.02099], [-96.23321, 29.02353], [-96.23437, 29.02545], [-96.23551, 29.02737], [-96.23573, 29.02735], [-96.2363, 29.0289], [-96.23605, 29.02954]]}, "properties": {"owner": "AEP TEXAS CENTRAL COMPANY", "voltage_kv": 345.0}}, {"type": "Feature", "geometry": {"type": "LineString", "coordinates": [[-96.23605, 29.02954], [-96.23582, 29.03025], [-96.23561, 29.03114], [-96.23343, 29.03113], [-96.23124, 29.0312], [-96.22834, 29.03336], [-96.22545, 29.03545], [-96.22317, 29.03712], [-96.22038, 29.03914], [-96.21753, 29.04122], [-96.21462, 29.04334], [-96.21173, 29.04543], [-96.20891, 29.04748], [-96.20616, 29.04947], [-96.20353, 29.05139], [-96.20056, 29.05356], [-96.19811, 29.05533], [-96.19523, 29.05743], [-96.19232, 29.05954], [-96.1901, 29.06115], [-96.18746, 29.06307], [-96.18515, 29.06475], [-96.18227, 29.06684], [-96.17951, 29.06885], [-96.1771, 29.07063], [-96.17481, 29.07229], [-96.17188, 29.07441], [-96.16912, 29.07643], [-96.16669, 29.07819], [-96.164, 29.08013], [-96.16152, 29.08194], [-96.1589, 29.08384], [-96.1563, 29.08572], [-96.15416, 29.08729], [-96.15133, 29.08934], [-96.1486, 29.09133], [-96.14603, 29.09319], [-96.14347, 29.09506], [-96.14091, 29.09691], [-96.13833, 29.09877], [-96.13578, 29.10062], [-96.13324, 29.10246], [-96.13059, 29.1044], [-96.12826, 29.10608], [-96.12582, 29.10786], [-96.12399, 29.1092], [-96.12093, 29.11073], [-96.11757, 29.11243], [-96.11473, 29.11384], [-96.11146, 29.11549], [-96.10846, 29.11701], [-96.10513, 29.11869], [-96.10221, 29.12019], [-96.09903, 29.12176], [-96.09593, 29.12333], [-96.09269, 29.12495], [-96.08972, 29.12644], [-96.08639, 29.12813], [-96.08334, 29.12965], [-96.08, 29.13134], [-96.077, 29.13285], [-96.07391, 29.13439], [-96.07101, 29.13649], [-96.06805, 29.13851], [-96.06522, 29.13957], [-96.06176, 29.14086], [-96.05862, 29.14204], [-96.05573, 29.14345], [-96.05257, 29.14498], [-96.04967, 29.14637], [-96.04753, 29.14783], [-96.04514, 29.14975], [-96.04287, 29.15162], [-96.03924, 29.1527], [-96.03562, 29.15369], [-96.03229, 29.15521], [-96.02878, 29.15658], [-96.02525, 29.15793], [-96.02329, 29.15885], [-96.02131, 29.15975], [-96.01937, 29.16066], [-96.01741, 29.16158], [-96.01687, 29.16183], [-96.01529, 29.16257], [-96.01316, 29.16356], [-96.01107, 29.16454], [-96.00897, 29.16553], [-96.00685, 29.16651], [-96.00473, 29.1675], [-96.00255, 29.16851], [-96.00186, 29.1699], [-96.00162, 29.17039], [-96.00075, 29.1721], [-95.99991, 29.17378], [-95.99891, 29.1758], [-95.99792, 29.17777], [-95.99596, 29.17871], [-95.99402, 29.17999], [-95.99205, 29.18129], [-95.99012, 29.18258], [-95.98817, 29.18387], [-95.98621, 29.18517], [-95.98426, 29.18646], [-95.98231, 29.18775], [-95.98037, 29.18903], [-95.9784, 29.19034], [-95.97647, 29.19162], [-95.97437, 29.193], [-95.97398, 29.19325], [-95.97256, 29.19415], [-95.97061, 29.19544], [-95.96866, 29.19673], [-95.9667, 29.19802], [-95.96473, 29.19933], [-95.96277, 29.20061], [-95.96088, 29.20187], [-95.95888, 29.20317], [-95.95708, 29.20449], [-95.95497, 29.20588], [-95.95302, 29.20718], [-95.95092, 29.20856], [-95.94891, 29.2098], [-95.9469, 29.21112], [-95.94488, 29.21245], [-95.94305, 29.21371], [-95.94123, 29.21491], [-95.93927, 29.21621], [-95.93702, 29.2177], [-95.9358, 29.2185], [-95.93395, 29.21973], [-95.93209, 29.22095], [-95.93024, 29.22219], [-95.92839, 29.22342], [-95.92636, 29.22466], [-95.9245, 29.22588], [-95.92266, 29.22711], [-95.92078, 29.22835], [-95.91896, 29.22955], [-95.91722, 29.23087], [-95.91517, 29.23244], [-95.91353, 29.23352], [-95.9117, 29.23472], [-95.90971, 29.23583], [-95.90772, 29.23716], [-95.9057, 29.23849], [-95.90364, 29.23986], [-95.90164, 29.24118], [-95.89962, 29.2425], [-95.89793, 29.24392], [-95.89607, 29.24384], [-95.89452, 29.24378], [-95.89288, 29.24529], [-95.89116, 29.24685], [-95.88947, 29.24836], [-95.8878, 29.24985], [-95.88633, 29.25117], [-95.8845, 29.25281], [-95.88279, 29.25434], [-95.88108, 29.25587], [-95.87938, 29.25739], [-95.87768, 29.25893], [-95.87596, 29.26046], [-95.87426, 29.26198], [-95.87399, 29.26369], [-95.8737, 29.26543], [-95.87342, 29.26721], [-95.87313, 29.26903], [-95.8722, 29.27089], [-95.8708, 29.27247], [-95.86905, 29.27401], [-95.86727, 29.27556], [-95.86552, 29.27712], [-95.86376, 29.27868], [-95.86202, 29.28025], [-95.86027, 29.28182], [-95.85851, 29.28337], [-95.85675, 29.28493], [-95.85499, 29.2865], [-95.85323, 29.28805], [-95.85146, 29.28961], [-95.84972, 29.29115], [-95.84795, 29.29271], [-95.84618, 29.29427], [-95.84453, 29.29573], [-95.84287, 29.29719], [-95.8412, 29.29866], [-95.83955, 29.30012], [-95.83789, 29.30158], [-95.83625, 29.30303], [-95.83456, 29.30451], [-95.83288, 29.30601], [-95.83103, 29.30763], [-95.82924, 29.30921], [-95.82738, 29.31087], [-95.82573, 29.31231], [-95.82396, 29.31388], [-95.82219, 29.31543], [-95.82043, 29.317], [-95.81865, 29.31856], [-95.81688, 29.32012], [-95.81512, 29.32168], [-95.81335, 29.32324], [-95.81158, 29.3248], [-95.80981, 29.32637], [-95.80804, 29.32793], [-95.80627, 29.32949], [-95.80451, 29.33105], [-95.80278, 29.33257], [-95.80101, 29.33413], [-95.79925, 29.33569], [-95.79747, 29.33725], [-95.79571, 29.33881], [-95.79394, 29.34036], [-95.79257, 29.34156], [-95.79215, 29.34193], [-95.79145, 29.3439], [-95.78963, 29.34549], [-95.7878, 29.3471], [-95.78599, 29.34871], [-95.78422, 29.35026], [-95.78246, 29.35184], [-95.78072, 29.35339], [-95.77894, 29.35501], [-95.77697, 29.35651], [-95.77551, 29.35779], [-95.77409, 29.35905], [-95.77263, 29.36033], [-95.77118, 29.36163], [-95.76931, 29.36306], [-95.76745, 29.36452], [-95.76556, 29.36598], [-95.7637, 29.36745], [-95.76182, 29.36891], [-95.75994, 29.37037], [-95.75807, 29.37183], [-95.75615, 29.37332], [-95.75431, 29.37487], [-95.7524, 29.37634], [-95.75075, 29.37762], [-95.74887, 29.37897], [-95.74711, 29.38034], [-95.74535, 29.3817], [-95.74359, 29.38307], [-95.74178, 29.38449], [-95.74008, 29.38581], [-95.73832, 29.38719], [-95.73655, 29.38856], [-95.73477, 29.38997], [-95.73283, 29.39129], [-95.73125, 29.39273], [-95.72935, 29.39423], [-95.72783, 29.39542], [-95.72605, 29.39684], [-95.72432, 29.39819], [-95.72264, 29.3995], [-95.72093, 29.40083], [-95.71917, 29.40219], [-95.71746, 29.40352], [-95.71575, 29.40485], [-95.71397, 29.40626], [-95.71215, 29.4077], [-95.71057, 29.40898], [-95.70843, 29.41064], [-95.70741, 29.41143], [-95.70553, 29.41272], [-95.7037, 29.41415], [-95.70184, 29.41559], [-95.69989, 29.4171], [-95.6981, 29.41847], [-95.69631, 29.41986], [-95.69446, 29.42129], [-95.69263, 29.42272], [-95.69082, 29.42412], [-95.68896, 29.42557], [-95.68716, 29.42717], [-95.68549, 29.42867], [-95.68361, 29.43011], [-95.68173, 29.43158], [-95.67987, 29.43302], [-95.67801, 29.43447], [-95.67614, 29.43591], [-95.67428, 29.43736], [-95.67242, 29.43881], [-95.67055, 29.44026], [-95.66869, 29.4417], [-95.66685, 29.44314], [-95.665, 29.44458], [-95.66316, 29.44601], [-95.66123, 29.44749], [-95.65942, 29.44891], [-95.65753, 29.45037], [-95.65565, 29.45183], [-95.65373, 29.45334], [-95.65197, 29.4547], [-95.65011, 29.45615], [-95.64825, 29.45759], [-95.64639, 29.45904], [-95.64453, 29.46047], [-95.64269, 29.4619], [-95.64084, 29.46333], [-95.639, 29.46477], [-95.63716, 29.4662], [-95.63531, 29.46764], [-95.63351, 29.46916], [-95.63201, 29.47031], [-95.63063, 29.4714], [-95.62924, 29.47245], [-95.62901, 29.47427], [-95.62876, 29.47615], [-95.62856, 29.47768], [-95.62428, 29.4798], [-95.62409, 29.48072]]}, "properties": {"owner": "CENTERPOINT ENERGY", "voltage_kv": 345.0}}, {"type": "Feature", "geometry": {"type": "LineString", "coordinates": [[-95.30831, 29.45621], [-95.30843, 29.45573], [-95.30719, 29.4546], [-95.3067, 29.45279], [-95.30785, 29.45109], [-95.30897, 29.44938], [-95.30965, 29.44833], [-95.30981, 29.44808], [-95.31033, 29.4473], [-95.31156, 29.44542], [-95.31286, 29.44341], [-95.31407, 29.44155], [-95.31541, 29.43949], [-95.31653, 29.43774], [-95.31775, 29.43585], [-95.31896, 29.43395], [-95.32017, 29.43205], [-95.32138, 29.43016], [-95.3226, 29.42826], [-95.32381, 29.42637], [-95.32502, 29.42448], [-95.32626, 29.42255], [-95.32747, 29.42067], [-95.3287, 29.41874], [-95.32994, 29.41683], [-95.33115, 29.41491], [-95.33238, 29.41299], [-95.33361, 29.41107], [-95.33482, 29.40906], [-95.33602, 29.40707], [-95.33723, 29.40507], [-95.33844, 29.40306], [-95.33963, 29.40107], [-95.34083, 29.39907], [-95.34192, 29.39723], [-95.34307, 29.39527], [-95.34424, 29.39334], [-95.34542, 29.39138], [-95.34648, 29.38964], [-95.34757, 29.38783], [-95.34901, 29.38589], [-95.35041, 29.38397], [-95.35181, 29.38205], [-95.35313, 29.38024], [-95.35452, 29.37834], [-95.35592, 29.37646], [-95.35729, 29.37455], [-95.35868, 29.37264], [-95.36004, 29.37075], [-95.36126, 29.3689], [-95.36242, 29.36716], [-95.36364, 29.36531], [-95.36476, 29.36361], [-95.36613, 29.36154], [-95.36736, 29.35966], [-95.36866, 29.3577], [-95.36999, 29.35569], [-95.37116, 29.35392], [-95.37239, 29.35203], [-95.37356, 29.35024], [-95.37482, 29.34834], [-95.37617, 29.34629], [-95.37735, 29.34451], [-95.37858, 29.34264], [-95.37983, 29.34074], [-95.38108, 29.33884], [-95.38231, 29.33698], [-95.38355, 29.33511], [-95.3848, 29.33323], [-95.38604, 29.33134], [-95.38729, 29.32946], [-95.38853, 29.32757], [-95.38971, 29.32578], [-95.38964, 29.32361], [-95.38958, 29.32143], [-95.38951, 29.31923], [-95.38944, 29.31704], [-95.38938, 29.31483], [-95.38931, 29.31264], [-95.38925, 29.31044], [-95.38918, 29.30826], [-95.38912, 29.30606], [-95.38906, 29.30403], [-95.38901, 29.30172], [-95.38896, 29.29951], [-95.3889, 29.29732], [-95.38884, 29.29511], [-95.38879, 29.29292], [-95.38872, 29.29072], [-95.38867, 29.28855], [-95.38861, 29.28634], [-95.38856, 29.284], [-95.3885, 29.28194], [-95.38842, 29.27983], [-95.38835, 29.27763], [-95.38827, 29.27543], [-95.3882, 29.27323], [-95.38812, 29.27103], [-95.38805, 29.26883], [-95.38798, 29.26667], [-95.38792, 29.26451], [-95.38787, 29.26236], [-95.38784, 29.26112], [-95.38782, 29.26019], [-95.38823, 29.25804], [-95.38866, 29.25588], [-95.38908, 29.25373], [-95.38951, 29.25156], [-95.38993, 29.24939], [-95.39038, 29.24715], [-95.39081, 29.24498], [-95.39127, 29.24265], [-95.39166, 29.24068], [-95.39208, 29.23852], [-95.3925, 29.23637], [-95.39292, 29.23421], [-95.39335, 29.23206], [-95.39377, 29.2299], [-95.3942, 29.22775], [-95.39461, 29.22569], [-95.39501, 29.22363], [-95.39542, 29.22157], [-95.39584, 29.21942], [-95.39626, 29.21722], [-95.3967, 29.21503], [-95.39713, 29.21284], [-95.39756, 29.21064], [-95.39799, 29.20844], [-95.39842, 29.20626], [-95.39839, 29.20426], [-95.39835, 29.20213], [-95.39831, 29.20001], [-95.39826, 29.19789], [-95.39821, 29.19578], [-95.39815, 29.19347], [-95.39812, 29.19154], [-95.39807, 29.18942], [-95.39802, 29.1873], [-95.39798, 29.18519], [-95.39793, 29.18308], [-95.39789, 29.18097], [-95.39783, 29.17876], [-95.3978, 29.17657], [-95.39775, 29.17438], [-95.3977, 29.17218], [-95.39765, 29.17005], [-95.3976, 29.16778], [-95.39755, 29.16559], [-95.3975, 29.16339], [-95.39746, 29.1612], [-95.39741, 29.15898], [-95.39737, 29.15688], [-95.39732, 29.15477], [-95.39727, 29.15267], [-95.39723, 29.15047], [-95.39718, 29.14825], [-95.39714, 29.14614], [-95.39708, 29.14391], [-95.39704, 29.14173], [-95.39699, 29.13954], [-95.39694, 29.13736], [-95.3969, 29.13524], [-95.39685, 29.13311], [-95.3968, 29.13076], [-95.39676, 29.12878], [-95.3967, 29.12627], [-95.39667, 29.12486], [-95.39554, 29.123], [-95.39437, 29.12107], [-95.3932, 29.11914], [-95.39202, 29.11721], [-95.39094, 29.11542], [-95.38984, 29.11362], [-95.38874, 29.11182], [-95.38757, 29.10987], [-95.38639, 29.10791], [-95.38524, 29.10602], [-95.38407, 29.1041], [-95.38291, 29.10219], [-95.38176, 29.10028], [-95.3806, 29.09836], [-95.37943, 29.09646], [-95.37827, 29.09455], [-95.3771, 29.09263], [-95.37594, 29.09072], [-95.37477, 29.08878], [-95.37359, 29.08684], [-95.37241, 29.08489], [-95.37123, 29.08295], [-95.37006, 29.08101], [-95.36899, 29.07924], [-95.36778, 29.07725], [-95.36654, 29.07521], [-95.36535, 29.07325], [-95.36417, 29.07131], [-95.363, 29.06937], [-95.36174, 29.0673], [-95.36065, 29.06548], [-95.35946, 29.06354], [-95.35829, 29.0616], [-95.35711, 29.05965], [-95.35594, 29.05771], [-95.35475, 29.05576], [-95.35357, 29.05383], [-95.35247, 29.052], [-95.3517, 29.05073], [-95.35128, 29.05004], [-95.35006, 29.04801], [-95.3489, 29.04609], [-95.34774, 29.04418], [-95.34657, 29.04224], [-95.34537, 29.04027], [-95.34418, 29.03831], [-95.34298, 29.03633], [-95.34179, 29.03437], [-95.3406, 29.03241], [-95.33981, 29.0311], [-95.33972, 29.03094], [-95.33971, 29.03081], [-95.33967, 29.02866], [-95.33964, 29.02643], [-95.33962, 29.0242], [-95.33958, 29.02209], [-95.33956, 29.01975], [-95.33953, 29.01753], [-95.3395, 29.01533], [-95.33946, 29.01312], [-95.33944, 29.01092], [-95.33941, 29.00871], [-95.33938, 29.0065], [-95.33935, 29.0043], [-95.33932, 29.0021], [-95.33929, 28.99988], [-95.33926, 28.99768], [-95.33923, 28.99548], [-95.3392, 28.99325], [-95.33917, 28.99103], [-95.33914, 28.98893], [-95.33911, 28.98662], [-95.33911, 28.98444], [-95.34159, 28.98437], [-95.34364, 28.98537], [-95.34571, 28.98638], [-95.34778, 28.98739], [-95.34983, 28.98838], [-95.352, 28.98749], [-95.35448, 28.98768], [-95.35651, 28.98686], [-95.3575, 28.98682], [-95.35814, 28.98593]]}, "properties": {"owner": "CENTERPOINT ENERGY", "voltage_kv": 345.0}}, {"type": "Feature", "geometry": {"type": "LineString", "coordinates": [[-96.87834, 29.79572], [-96.87625, 29.79773], [-96.85919, 29.81305], [-96.83694, 29.83298], [-96.7964, 29.87446], [-96.79465, 29.87625], [-96.77451, 29.8953], [-96.7565, 29.91246], [-96.75618, 29.91356]]}, "properties": {"owner": "BLUEBONNET ELECTRIC COOP, INC", "voltage_kv": 345.0}}, {"type": "Feature", "geometry": {"type": "LineString", "coordinates": [[-94.9225, 29.75055], [-94.92213, 29.74954], [-94.92337, 29.74936], [-94.92343, 29.74862], [-94.9249, 29.74806]]}, "properties": {"owner": "CENTERPOINT ENERGY HOUSTON ELECTRIC, LLC", "voltage_kv": 345.0}}, {"type": "Feature", "geometry": {"type": "LineString", "coordinates": [[-96.0818, 30.62251], [-96.08185, 30.61994]]}, "properties": {"owner": "MID-SOUTH ELECTRIC COOP ASSN", "voltage_kv": 345.0}}]}