{"type": "FeatureCollection", "features": [{"type": "Feature", "geometry": {"type": "LineString", "coordinates": [[-103.74846, 33.40679], [-103.8229, 33.43518], [-103.92192, 33.47295], [-103.98311, 33.49549], [-104.01231, 33.50624], [-104.33038, 33.62611], [-104.35601, 33.63577], [-104.53408, 33.70289]]}, "properties": {"operator": "El Paso Natural Gas Co", "pipe_type": "Interstate"}}, {"type": "Feature", "geometry": {"type": "LineString", "coordinates": [[-104.02214, 32.32717], [-103.80954, 32.38234], [-103.7261, 32.40399]]}, "properties": {"operator": "El Paso Natural Gas Co", "pipe_type": "Interstate"}}, {"type": "Feature", "geometry": {"type": "LineString", "coordinates": [[-103.15379, 32.00021], [-103.17651, 32.05799], [-103.21538, 32.15682]]}, "properties": {"operator": "El Paso Natural Gas Co", "pipe_type": "Interstate"}}, {"type": "Feature", "geometry": {"type": "LineString", "coordinates": [[-103.21538, 32.15682], [-103.22622, 32.21092], [-103.23547, 32.25706], [-103.27866, 32.47254]]}, "properties": {"operator": "El Paso Natural Gas Co", "pipe_type": "Interstate"}}, {"type": "Feature", "geometry": {"type": "LineString", "coordinates": [[-103.16712, 31.54674], [-103.1693, 31.64737], [-103.16939, 31.65125]]}, "properties": {"operator": "El Paso Natural Gas Co", "pipe_type": "Interstate"}}, {"type": "Feature", "geometry": {"type": "LineString", "coordinates": [[-103.11054, 31.94865], [-103.09962, 31.94737], [-102.88071, 31.92178]]}, "properties": {"operator": "El Paso Natural Gas Co", "pipe_type": "Interstate"}}, {"type": "Feature", "geometry": {"type": "LineString", "coordinates": [[-103.57771, 31.33268], [-104.08169, 31.41295]]}, "properties": {"operator": "El Paso Natural Gas Co", "pipe_type": "Interstate"}}, {"type": "Feature", "geometry": {"type": "LineString", "coordinates": [[-102.75497, 32.95623], [-102.73551, 32.99722], [-102.73492, 32.99845], [-102.733, 33.0025], [-102.73229, 33.00401], [-102.73036, 33.00807], [-102.72961, 33.00966]]}, "properties": {"operator": "El Paso Natural Gas Co", "pipe_type": "Interstate"}}, {"type": "Feature", "geometry": {"type": "LineString", "coordinates": [[-100.92383, 32.86131], [-100.89873, 32.94019]]}, "properties": {"operator": "El Paso Natural Gas Co", "pipe_type": "Interstate"}}, {"type": "Feature", "geometry": {"type": "LineString", "coordinates": [[-101.02984, 32.72693], [-100.92383, 32.86131]]}, "properties": {"operator": "El Paso Natural Gas Co", "pipe_type": "Interstate"}}, {"type": "Feature", "geometry": {"type": "LineString", "coordinates": [[-101.17216, 32.63454], [-101.02984, 32.72693]]}, "properties": {"operator": "El Paso Natural Gas Co", "pipe_type": "Interstate"}}, {"type": "Feature", "geometry": {"type": "LineString", "coordinates": [[-101.43349, 32.51772], [-101.17216, 32.63454]]}, "properties": {"operator": "El Paso Natural Gas Co", "pipe_type": "Interstate"}}, {"type": "Feature", "geometry": {"type": "LineString", "coordinates": [[-101.66635, 32.4086], [-101.43349, 32.51772]]}, "properties": {"operator": "El Paso Natural Gas Co", "pipe_type": "Interstate"}}, {"type": "Feature", "geometry": {"type": "LineString", "coordinates": [[-102.21928, 32.17233], [-101.66635, 32.4086]]}, "properties": {"operator": "El Paso Natural Gas Co", "pipe_type": "Interstate"}}, {"type": "Feature", "geometry": {"type": "LineString", "coordinates": [[-102.39473, 32.08983], [-102.21928, 32.17233]]}, "properties": {"operator": "El Paso Natural Gas Co", "pipe_type": "Interstate"}}, {"type": "Feature", "geometry": {"type": "LineString", "coordinates": [[-102.62483, 31.93902], [-102.39473, 32.08983]]}, "properties": {"operator": "El Paso Natural Gas Co", "pipe_type": "Interstate"}}, {"type": "Feature", "geometry": {"type": "LineString", "coordinates": [[-102.79651, 31.93749], [-102.66771, 31.93864], [-102.6314, 31.93896], [-102.62483, 31.93902]]}, "properties": {"operator": "El Paso Natural Gas Co", "pipe_type": "Interstate"}}, {"type": "Feature", "geometry": {"type": "LineString", "coordinates": [[-102.88071, 31.92178], [-102.84662, 31.92814], [-102.79651, 31.93749]]}, "properties": {"operator": "El Paso Natural Gas Co", "pipe_type": "Interstate"}}, {"type": "Feature", "geometry": {"type": "LineString", "coordinates": [[-103.12784, 31.96161], [-103.11899, 31.95498], [-103.11054, 31.94865]]}, "properties": {"operator": "El Paso Natural Gas Co", "pipe_type": "Interstate"}}, {"type": "Feature", "geometry": {"type": "LineString", "coordinates": [[-102.4808, 30.94215], [-102.45907, 31.06736]]}, "properties": {"operator": "El Paso Natural Gas Co", "pipe_type": "Interstate"}}, {"type": "Feature", "geometry": {"type": "LineString", "coordinates": [[-103.13317, 31.45907], [-103.16712, 31.54674]]}, "properties": {"operator": "El Paso Natural Gas Co", "pipe_type": "Interstate"}}, {"type": "Feature", "geometry": {"type": "LineString", "coordinates": [[-104.08169, 31.41295], [-104.18807, 31.43329]]}, "properties": {"operator": "El Paso Natural Gas Co", "pipe_type": "Interstate"}}, {"type": "Feature", "geometry": {"type": "LineString", "coordinates": [[-103.1825, 31.76189], [-103.14916, 31.88372], [-103.14381, 31.90325], [-103.12784, 31.96161]]}, "properties": {"operator": "El Paso Natural Gas Co", "pipe_type": "Interstate"}}, {"type": "Feature", "geometry": {"type": "LineString", "coordinates": [[-103.16939, 31.65125], [-103.1782, 31.72563], [-103.1825, 31.76189]]}, "properties": {"operator": "El Paso Natural Gas Co", "pipe_type": "Interstate"}}, {"type": "Feature", "geometry": {"type": "LineString", "coordinates": [[-103.16679, 31.23457], [-103.17807, 31.22798]]}, "properties": {"operator": "El Paso Natural Gas Co", "pipe_type": "Interstate"}}, {"type": "Feature", "geometry": {"type": "LineString", "coordinates": [[-103.17807, 31.22798], [-103.28948, 31.1578]]}, "properties": {"operator": "El Paso Natural Gas Co", "pipe_type": "Interstate"}}, {"type": "Feature", "geometry": {"type": "LineString", "coordinates": [[-102.5111, 30.76385], [-102.50144, 30.82071], [-102.4808, 30.94215]]}, "properties": {"operator": "El Paso Natural Gas Co", "pipe_type": "Interstate"}}, {"type": "Feature", "geometry": {"type": "LineString", "coordinates": [[-102.1223, 30.61073], [-102.21978, 30.64912], [-102.24795, 30.66021], [-102.26243, 30.66592], [-102.40517, 30.72213], [-102.44021, 30.73593], [-102.5111, 30.76385]]}, "properties": {"operator": "El Paso Natural Gas Co", "pipe_type": "Interstate"}}, {"type": "Feature", "geometry": {"type": "LineString", "coordinates": [[-102.83326, 31.7742], [-103.07547, 31.92829], [-103.10242, 31.94543], [-103.12193, 31.95784], [-103.12784, 31.96161]]}, "properties": {"operator": "El Paso Natural Gas Co", "pipe_type": "Interstate"}}, {"type": "Feature", "geometry": {"type": "LineString", "coordinates": [[-102.66659, 31.65917], [-102.83326, 31.7742]]}, "properties": {"operator": "El Paso Natural Gas Co", "pipe_type": "Interstate"}}, {"type": "Feature", "geometry": {"type": "LineString", "coordinates": [[-102.44077, 31.53898], [-102.49743, 31.56899], [-102.57096, 31.60793]]}, "properties": {"operator": "El Paso Natural Gas Co", "pipe_type": "Interstate"}}, {"type": "Feature", "geometry": {"type": "LineString", "coordinates": [[-102.44815, 31.24094], [-102.45506, 31.13108], [-102.45907, 31.06736]]}, "properties": {"operator": "El Paso Natural Gas Co", "pipe_type": "Interstate"}}, {"type": "Feature", "geometry": {"type": "LineString", "coordinates": [[-102.44077, 31.53898], [-102.44303, 31.44776], [-102.44815, 31.24094]]}, "properties": {"operator": "El Paso Natural Gas Co", "pipe_type": "Interstate"}}, {"type": "Feature", "geometry": {"type": "LineString", "coordinates": [[-102.31711, 31.57657], [-102.37423, 31.54004], [-102.41244, 31.55453], [-102.44077, 31.53898], [-102.55679, 31.42595]]}, "properties": {"operator": "El Paso Natural Gas Co", "pipe_type": "Interstate"}}, {"type": "Feature", "geometry": {"type": "LineString", "coordinates": [[-102.22095, 31.64564], [-102.31711, 31.57657]]}, "properties": {"operator": "El Paso Natural Gas Co", "pipe_type": "Interstate"}}, {"type": "Feature", "geometry": {"type": "LineString", "coordinates": [[-100.81594, 32.00563], [-100.8116, 32.00678], [-100.69177, 32.03864]]}, "properties": {"operator": "El Paso Natural Gas Co", "pipe_type": "Interstate"}}, {"type": "Feature", "geometry": {"type": "LineString", "coordinates": [[-100.66505, 32.13437], [-100.43256, 32.30585]]}, "properties": {"operator": "El Paso Natural Gas Co", "pipe_type": "Interstate"}}, {"type": "Feature", "geometry": {"type": "LineString", "coordinates": [[-100.72824, 32.07959], [-100.66505, 32.13437]]}, "properties": {"operator": "El Paso Natural Gas Co", "pipe_type": "Interstate"}}, {"type": "Feature", "geometry": {"type": "LineString", "coordinates": [[-100.81594, 32.00563], [-100.72824, 32.07959]]}, "properties": {"operator": "El Paso Natural Gas Co", "pipe_type": "Interstate"}}, {"type": "Feature", "geometry": {"type": "LineString", "coordinates": [[-101.26699, 31.95724], [-101.2291, 31.9613], [-101.03291, 31.98235], [-100.81907, 32.00529], [-100.81594, 32.00563]]}, "properties": {"operator": "El Paso Natural Gas Co", "pipe_type": "Interstate"}}, {"type": "Feature", "geometry": {"type": "LineString", "coordinates": [[-101.33359, 31.95044], [-101.26699, 31.95724]]}, "properties": {"operator": "El Paso Natural Gas Co", "pipe_type": "Interstate"}}, {"type": "Feature", "geometry": {"type": "LineString", "coordinates": [[-101.41394, 31.94149], [-101.33359, 31.95044]]}, "properties": {"operator": "El Paso Natural Gas Co", "pipe_type": "Interstate"}}, {"type": "Feature", "geometry": {"type": "LineString", "coordinates": [[-101.50292, 31.95232], [-101.41394, 31.94149]]}, "properties": {"operator": "El Paso Natural Gas Co", "pipe_type": "Interstate"}}, {"type": "Feature", "geometry": {"type": "LineString", "coordinates": [[-101.65405, 31.91017], [-101.50292, 31.95232]]}, "properties": {"operator": "El Paso Natural Gas Co", "pipe_type": "Interstate"}}, {"type": "Feature", "geometry": {"type": "LineString", "coordinates": [[-101.75483, 31.90065], [-101.65405, 31.91017]]}, "properties": {"operator": "El Paso Natural Gas Co", "pipe_type": "Interstate"}}, {"type": "Feature", "geometry": {"type": "LineString", "coordinates": [[-101.8253, 31.88759], [-101.75483, 31.90065]]}, "properties": {"operator": "El Paso Natural Gas Co", "pipe_type": "Interstate"}}, {"type": "Feature", "geometry": {"type": "LineString", "coordinates": [[-101.80736, 31.69176], [-101.81097, 31.73118], [-101.81725, 31.79971], [-101.81815, 31.80953], [-101.8253, 31.88759]]}, "properties": {"operator": "El Paso Natural Gas Co", "pipe_type": "Interstate"}}, {"type": "Feature", "geometry": {"type": "LineString", "coordinates": [[-101.8874, 31.67718], [-101.80736, 31.69176]]}, "properties": {"operator": "El Paso Natural Gas Co", "pipe_type": "Interstate"}}, {"type": "Feature", "geometry": {"type": "LineString", "coordinates": [[-102.22095, 31.64564], [-102.191, 31.64847], [-101.8874, 31.67718]]}, "properties": {"operator": "El Paso Natural Gas Co", "pipe_type": "Interstate"}}, {"type": "Feature", "geometry": {"type": "LineString", "coordinates": [[-102.69779, 32.08812], [-102.71646, 32.12403], [-102.72872, 32.14762], [-102.73904, 32.16746], [-102.75504, 32.19825], [-102.76405, 32.21848], [-102.77149, 32.2299], [-102.86828, 32.41608], [-102.87843, 32.43561]]}, "properties": {"operator": "El Paso Natural Gas Co", "pipe_type": "Interstate"}}, {"type": "Feature", "geometry": {"type": "LineString", "coordinates": [[-102.62483, 31.93902], [-102.6516, 31.99371], [-102.69779, 32.08812]]}, "properties": {"operator": "El Paso Natural Gas Co", "pipe_type": "Interstate"}}, {"type": "Feature", "geometry": {"type": "LineString", "coordinates": [[-102.28895, 31.71137], [-102.34201, 31.74733], [-102.3493, 31.75227], [-102.39401, 31.78258], [-102.48331, 31.84379], [-102.50627, 31.85953], [-102.62483, 31.93902]]}, "properties": {"operator": "El Paso Natural Gas Co", "pipe_type": "Interstate"}}, {"type": "Feature", "geometry": {"type": "LineString", "coordinates": [[-102.22095, 31.64564], [-102.28895, 31.71137]]}, "properties": {"operator": "El Paso Natural Gas Co", "pipe_type": "Interstate"}}, {"type": "Feature", "geometry": {"type": "LineString", "coordinates": [[-102.1357, 31.59705], [-102.20554, 31.63685], [-102.21952, 31.64482], [-102.22095, 31.64564]]}, "properties": {"operator": "El Paso Natural Gas Co", "pipe_type": "Interstate"}}, {"type": "Feature", "geometry": {"type": "LineString", "coordinates": [[-100.74391, 30.72267], [-100.78657, 30.75542], [-100.8465, 30.80145], [-100.97592, 30.89971]]}, "properties": {"operator": "El Paso Natural Gas Co", "pipe_type": "Interstate"}}, {"type": "Feature", "geometry": {"type": "LineString", "coordinates": [[-100.6521, 30.63707], [-100.74391, 30.72267]]}, "properties": {"operator": "El Paso Natural Gas Co", "pipe_type": "Interstate"}}, {"type": "Feature", "geometry": {"type": "LineString", "coordinates": [[-102.5111, 30.76385], [-102.60455, 30.82995], [-102.76705, 30.94779]]}, "properties": {"operator": "El Paso Natural Gas Co", "pipe_type": "Interstate"}}, {"type": "Feature", "geometry": {"type": "LineString", "coordinates": [[-102.57096, 31.60793], [-102.66659, 31.65917]]}, "properties": {"operator": "El Paso Natural Gas Co", "pipe_type": "Interstate"}}, {"type": "Feature", "geometry": {"type": "LineString", "coordinates": [[-103.12784, 31.96161], [-103.15379, 32.00021]]}, "properties": {"operator": "El Paso Natural Gas Co", "pipe_type": "Interstate"}}, {"type": "Feature", "geometry": {"type": "LineString", "coordinates": [[-102.60641, 33.5001], [-102.60762, 33.47594], [-102.60768, 33.47476], [-102.60843, 33.4599], [-102.60994, 33.42969], [-102.61204, 33.38777]]}, "properties": {"operator": "El Paso Natural Gas Co", "pipe_type": "Interstate"}}, {"type": "Feature", "geometry": {"type": "LineString", "coordinates": [[-102.61204, 33.38777], [-102.645, 33.28179], [-102.66245, 33.22565], [-102.67903, 33.17233], [-102.68883, 33.1408], [-102.70227, 33.09758], [-102.71343, 33.06167], [-102.7267, 33.01838], [-102.72909, 33.0112], [-102.72936, 33.01041], [-102.72961, 33.00966]]}, "properties": {"operator": "El Paso Natural Gas Co", "pipe_type": "Interstate"}}, {"type": "Feature", "geometry": {"type": "LineString", "coordinates": [[-102.87843, 32.43561], [-102.89648, 32.46724], [-102.92131, 32.51077], [-102.92828, 32.523]]}, "properties": {"operator": "El Paso Natural Gas Co", "pipe_type": "Interstate"}}, {"type": "Feature", "geometry": {"type": "LineString", "coordinates": [[-104.18807, 31.43329], [-104.24835, 31.44293], [-104.56253, 31.49141]]}, "properties": {"operator": "El Paso Natural Gas Co", "pipe_type": "Interstate"}}, {"type": "Feature", "geometry": {"type": "LineString", "coordinates": [[-104.56253, 31.49141], [-104.60175, 31.4951], [-104.64097, 31.4951], [-104.8763, 31.56906], [-105.18136, 31.65782], [-105.43811, 31.67833], [-105.47002, 31.6838], [-105.51256, 31.6911]]}, "properties": {"operator": "El Paso Natural Gas Co", "pipe_type": "Interstate"}}, {"type": "Feature", "geometry": {"type": "LineString", "coordinates": [[-104.04134, 32.0503], [-104.04169, 32.06187], [-104.05623, 32.23293], [-104.05701, 32.24211], [-104.04637, 32.26806], [-104.03797, 32.28855], [-104.02214, 32.32717]]}, "properties": {"operator": "El Paso Natural Gas Co", "pipe_type": "Interstate"}}, {"type": "Feature", "geometry": {"type": "LineString", "coordinates": [[-104.03164, 32.0539], [-104.04376, 32.079], [-104.10806, 32.21227], [-104.13545, 32.2643], [-104.13545, 32.33946]]}, "properties": {"operator": "El Paso Natural Gas Co", "pipe_type": "Interstate"}}, {"type": "Feature", "geometry": {"type": "LineString", "coordinates": [[-104.02214, 32.32717], [-104.15288, 32.49358], [-104.14417, 32.6489], [-103.89351, 32.69516]]}, "properties": {"operator": "El Paso Natural Gas Co", "pipe_type": "Interstate"}}, {"type": "Feature", "geometry": {"type": "LineString", "coordinates": [[-104.09603, 32.64998], [-104.10494, 32.74875], [-104.08751, 32.78573], [-104.11366, 32.80422]]}, "properties": {"operator": "El Paso Natural Gas Co", "pipe_type": "Interstate"}}, {"type": "Feature", "geometry": {"type": "LineString", "coordinates": [[-104.14576, 32.61461], [-104.09346, 32.6368]]}, "properties": {"operator": "El Paso Natural Gas Co", "pipe_type": "Interstate"}}, {"type": "Feature", "geometry": {"type": "LineString", "coordinates": [[-104.14815, 32.57897], [-104.10022, 32.57897]]}, "properties": {"operator": "El Paso Natural Gas Co", "pipe_type": "Interstate"}}, {"type": "Feature", "geometry": {"type": "LineString", "coordinates": [[-104.15265, 32.49371], [-104.16135, 32.36993], [-104.16135, 32.35446], [-104.20048, 32.32352]]}, "properties": {"operator": "El Paso Natural Gas Co", "pipe_type": "Interstate"}}, {"type": "Feature", "geometry": {"type": "LineString", "coordinates": [[-104.02214, 32.32717], [-104.08193, 32.31587], [-104.08315, 32.31607], [-104.27491, 32.31607], [-104.27491, 32.34566], [-104.30541, 32.37155], [-104.30977, 32.50837], [-104.24004, 32.51207], [-104.15288, 32.48619]]}, "properties": {"operator": "El Paso Natural Gas Co", "pipe_type": "Interstate"}}, {"type": "Feature", "geometry": {"type": "LineString", "coordinates": [[-104.13545, 32.41222], [-104.20954, 32.41592]]}, "properties": {"operator": "El Paso Natural Gas Co", "pipe_type": "Interstate"}}, {"type": "Feature", "geometry": {"type": "LineString", "coordinates": [[-104.23133, 32.36785], [-104.22261, 32.29019]]}, "properties": {"operator": "El Paso Natural Gas Co", "pipe_type": "Interstate"}}, {"type": "Feature", "geometry": {"type": "LineString", "coordinates": [[-104.27491, 32.31977], [-104.27055, 32.23842], [-104.32284, 32.14596], [-104.42743, 32.10528]]}, "properties": {"operator": "El Paso Natural Gas Co", "pipe_type": "Interstate"}}, {"type": "Feature", "geometry": {"type": "LineString", "coordinates": [[-104.28362, 32.20144], [-104.3272, 32.21253]]}, "properties": {"operator": "El Paso Natural Gas Co", "pipe_type": "Interstate"}}, {"type": "Feature", "geometry": {"type": "LineString", "coordinates": [[-104.27926, 32.31977], [-104.45358, 32.33087], [-104.53638, 32.34566], [-104.73249, 32.40483]]}, "properties": {"operator": "El Paso Natural Gas Co", "pipe_type": "Interstate"}}, {"type": "Feature", "geometry": {"type": "LineString", "coordinates": [[-104.44922, 32.33826], [-104.50588, 32.23102]]}, "properties": {"operator": "El Paso Natural Gas Co", "pipe_type": "Interstate"}}, {"type": "Feature", "geometry": {"type": "LineString", "coordinates": [[-104.03164, 32.0539], [-104.01315, 32.06868], [-103.9444, 32.1058], [-103.87903, 32.14572]]}, "properties": {"operator": "El Paso Natural Gas Co", "pipe_type": "Interstate"}}, {"type": "Feature", "geometry": {"type": "LineString", "coordinates": [[-103.76262, 32.21825], [-103.78681, 32.25691]]}, "properties": {"operator": "El Paso Natural Gas Co", "pipe_type": "Interstate"}}, {"type": "Feature", "geometry": {"type": "LineString", "coordinates": [[-103.87833, 32.14596], [-103.96985, 32.22362]]}, "properties": {"operator": "El Paso Natural Gas Co", "pipe_type": "Interstate"}}, {"type": "Feature", "geometry": {"type": "LineString", "coordinates": [[-104.47537, 32.72656], [-104.29234, 32.72656], [-104.31413, 32.77463]]}, "properties": {"operator": "El Paso Natural Gas Co", "pipe_type": "Interstate"}}, {"type": "Feature", "geometry": {"type": "LineString", "coordinates": [[-104.4623, 32.59343], [-104.45794, 32.53056], [-104.30541, 32.50837], [-104.24004, 32.51207], [-104.21825, 32.55275], [-104.28362, 32.69328], [-104.22697, 32.69328]]}, "properties": {"operator": "El Paso Natural Gas Co", "pipe_type": "Interstate"}}, {"type": "Feature", "geometry": {"type": "LineString", "coordinates": [[-104.23523, 32.62705], [-104.14371, 32.64924]]}, "properties": {"operator": "El Paso Natural Gas Co", "pipe_type": "Interstate"}}, {"type": "Feature", "geometry": {"type": "LineString", "coordinates": [[-103.17651, 32.05799], [-103.17234, 32.18294], [-103.18977, 32.25321], [-103.23547, 32.25706]]}, "properties": {"operator": "El Paso Natural Gas Co", "pipe_type": "Interstate"}}, {"type": "Feature", "geometry": {"type": "LineString", "coordinates": [[-103.37924, 32.17668], [-103.32221, 32.17797], [-103.21976, 32.18029]]}, "properties": {"operator": "El Paso Natural Gas Co", "pipe_type": "Interstate"}}, {"type": "Feature", "geometry": {"type": "LineString", "coordinates": [[-103.27866, 32.47254], [-103.28129, 32.51207]]}, "properties": {"operator": "El Paso Natural Gas Co", "pipe_type": "Interstate"}}, {"type": "Feature", "geometry": {"type": "LineString", "coordinates": [[-102.78884, 32.67479], [-102.69732, 32.74875], [-102.82806, 32.43071]]}, "properties": {"operator": "El Paso Natural Gas Co", "pipe_type": "Interstate"}}, {"type": "Feature", "geometry": {"type": "LineString", "coordinates": [[-103.166, 32.42805], [-103.28129, 32.51207], [-103.28807, 32.53061], [-103.3167, 32.60886], [-103.24958, 32.54369]]}, "properties": {"operator": "El Paso Natural Gas Co", "pipe_type": "Interstate"}}, {"type": "Feature", "geometry": {"type": "LineString", "coordinates": [[-103.87833, 32.14596], [-103.75098, 32.22504], [-103.71135, 32.25012], [-103.7081, 32.25218], [-103.6714, 32.27508], [-103.5476, 32.35232], [-103.43621, 32.42183], [-103.42659, 32.42783], [-103.38047, 32.45661], [-103.30841, 32.50157], [-103.28565, 32.51577]]}, "properties": {"operator": "El Paso Natural Gas Co", "pipe_type": "Interstate"}}, {"type": "Feature", "geometry": {"type": "LineString", "coordinates": [[-103.03793, 32.70764], [-102.99658, 32.73902], [-102.95419, 32.77119], [-102.90209, 32.81073], [-102.89041, 32.81959], [-102.87665, 32.83003], [-102.85232, 32.8485], [-102.82275, 32.87094], [-102.81607, 32.87601], [-102.80244, 32.88635], [-102.78884, 32.89667], [-102.77682, 32.91594], [-102.77337, 32.92147], [-102.75869, 32.94921], [-102.75497, 32.95623]]}, "properties": {"operator": "El Paso Natural Gas Co", "pipe_type": "Interstate"}}, {"type": "Feature", "geometry": {"type": "LineString", "coordinates": [[-102.70604, 32.11638], [-102.54044, 32.20144], [-102.74962, 31.91298], [-102.84662, 31.92814]]}, "properties": {"operator": "El Paso Natural Gas Co", "pipe_type": "Interstate"}}, {"type": "Feature", "geometry": {"type": "LineString", "coordinates": [[-102.62483, 31.93902], [-102.59709, 31.72069]]}, "properties": {"operator": "El Paso Natural Gas Co", "pipe_type": "Interstate"}}, {"type": "Feature", "geometry": {"type": "LineString", "coordinates": [[-102.42277, 32.0683], [-102.3269, 31.92408]]}, "properties": {"operator": "El Paso Natural Gas Co", "pipe_type": "Interstate"}}, {"type": "Feature", "geometry": {"type": "LineString", "coordinates": [[-103.7653, 32.64377], [-103.76437, 32.65686], [-103.76007, 32.71718], [-103.72486, 32.87554], [-103.66525, 33.04811], [-103.60232, 33.23042], [-103.5682, 33.32928]]}, "properties": {"operator": "El Paso Natural Gas Co", "pipe_type": "Interstate"}}, {"type": "Feature", "geometry": {"type": "LineString", "coordinates": [[-103.4705, 33.28698], [-103.60814, 33.06308], [-103.44254, 32.89667]]}, "properties": {"operator": "El Paso Natural Gas Co", "pipe_type": "Interstate"}}, {"type": "Feature", "geometry": {"type": "LineString", "coordinates": [[-103.25098, 33.1922], [-103.3118, 33.09637]]}, "properties": {"operator": "El Paso Natural Gas Co", "pipe_type": "Interstate"}}, {"type": "Feature", "geometry": {"type": "LineString", "coordinates": [[-103.08671, 33.12114], [-103.1459, 33.03527]]}, "properties": {"operator": "El Paso Natural Gas Co", "pipe_type": "Interstate"}}, {"type": "Feature", "geometry": {"type": "LineString", "coordinates": [[-103.11569, 31.39156], [-103.17234, 31.43224]]}, "properties": {"operator": "El Paso Natural Gas Co", "pipe_type": "Interstate"}}, {"type": "Feature", "geometry": {"type": "LineString", "coordinates": [[-103.11569, 31.39156], [-103.10384, 31.27905], [-103.10286, 31.26979], [-103.18955, 31.33967], [-103.25928, 31.34707]]}, "properties": {"operator": "El Paso Natural Gas Co", "pipe_type": "Interstate"}}, {"type": "Feature", "geometry": {"type": "LineString", "coordinates": [[-103.57771, 31.33268], [-103.10286, 31.26979], [-103.16679, 31.23457]]}, "properties": {"operator": "El Paso Natural Gas Co", "pipe_type": "Interstate"}}, {"type": "Feature", "geometry": {"type": "LineString", "coordinates": [[-103.31615, 31.19186], [-103.28565, 31.16228], [-103.30308, 31.13639], [-103.25078, 31.03654], [-103.36409, 30.99587]]}, "properties": {"operator": "El Paso Natural Gas Co", "pipe_type": "Interstate"}}, {"type": "Feature", "geometry": {"type": "LineString", "coordinates": [[-103.10286, 31.26979], [-103.09847, 31.26435], [-103.09565, 31.26113], [-103.08321, 31.24543], [-103.0805, 31.24207], [-102.98931, 31.12899], [-102.98496, 31.12545], [-102.97596, 31.11811], [-102.76705, 30.94779]]}, "properties": {"operator": "El Paso Natural Gas Co", "pipe_type": "Interstate"}}, {"type": "Feature", "geometry": {"type": "LineString", "coordinates": [[-102.86293, 31.79465], [-102.90651, 31.66152], [-102.88472, 31.63933], [-102.74526, 31.67261]]}, "properties": {"operator": "El Paso Natural Gas Co", "pipe_type": "Interstate"}}, {"type": "Feature", "geometry": {"type": "LineString", "coordinates": [[-102.88472, 31.63933], [-102.876, 31.60235], [-102.88472, 31.23994], [-103.16798, 31.1253]]}, "properties": {"operator": "El Paso Natural Gas Co", "pipe_type": "Interstate"}}, {"type": "Feature", "geometry": {"type": "LineString", "coordinates": [[-102.88472, 31.23994], [-102.94573, 30.95149]]}, "properties": {"operator": "El Paso Natural Gas Co", "pipe_type": "Interstate"}}, {"type": "Feature", "geometry": {"type": "LineString", "coordinates": [[-102.98496, 31.12545], [-102.96752, 31.01805], [-102.93265, 31.01805], [-102.84985, 30.9367]]}, "properties": {"operator": "El Paso Natural Gas Co", "pipe_type": "Interstate"}}, {"type": "Feature", "geometry": {"type": "LineString", "coordinates": [[-102.44077, 31.53898], [-102.4308, 31.53596], [-102.41629, 31.53156], [-102.1702, 31.45696], [-101.89471, 31.3878]]}, "properties": {"operator": "El Paso Natural Gas Co", "pipe_type": "Interstate"}}, {"type": "Feature", "geometry": {"type": "LineString", "coordinates": [[-102.1357, 31.59705], [-102.04724, 31.53572], [-101.98187, 31.52832], [-101.96879, 31.46916], [-101.89471, 31.3878]]}, "properties": {"operator": "El Paso Natural Gas Co", "pipe_type": "Interstate"}}, {"type": "Feature", "geometry": {"type": "LineString", "coordinates": [[-101.78025, 31.35451], [-101.72616, 31.3111]]}, "properties": {"operator": "El Paso Natural Gas Co", "pipe_type": "Interstate"}}, {"type": "Feature", "geometry": {"type": "LineString", "coordinates": [[-101.85081, 31.37585], [-101.81068, 31.48749], [-101.756, 31.63933], [-101.76908, 31.4988], [-101.81068, 31.48749]]}, "properties": {"operator": "El Paso Natural Gas Co", "pipe_type": "Interstate"}}, {"type": "Feature", "geometry": {"type": "LineString", "coordinates": [[-101.76908, 31.4988], [-101.78025, 31.35451]]}, "properties": {"operator": "El Paso Natural Gas Co", "pipe_type": "Interstate"}}, {"type": "Feature", "geometry": {"type": "LineString", "coordinates": [[-101.72626, 31.31153], [-101.30352, 30.93063]]}, "properties": {"operator": "El Paso Natural Gas Co", "pipe_type": "Interstate"}}, {"type": "Feature", "geometry": {"type": "LineString", "coordinates": [[-101.43597, 31.21399], [-101.42283, 31.20141], [-101.41516, 31.19074], [-101.33023, 31.1864], [-101.32892, 31.16598], [-101.30323, 31.14659], [-101.27822, 31.12773], [-101.07248, 30.97255], [-101.02432, 30.93622], [-100.97592, 30.89971]]}, "properties": {"operator": "El Paso Natural Gas Co", "pipe_type": "Interstate"}}, {"type": "Feature", "geometry": {"type": "LineString", "coordinates": [[-101.02432, 30.93622], [-101.2069, 30.74809]]}, "properties": {"operator": "El Paso Natural Gas Co", "pipe_type": "Interstate"}}, {"type": "Feature", "geometry": {"type": "LineString", "coordinates": [[-101.756, 31.63933], [-102.30947, 31.81684]]}, "properties": {"operator": "El Paso Natural Gas Co", "pipe_type": "Interstate"}}, {"type": "Feature", "geometry": {"type": "LineString", "coordinates": [[-101.26791, 32.54905], [-101.35943, 32.48619], [-101.52939, 32.51947], [-101.59912, 32.59713]]}, "properties": {"operator": "El Paso Natural Gas Co", "pipe_type": "Interstate"}}, {"type": "Feature", "geometry": {"type": "LineString", "coordinates": [[-103.06422, 32.42885], [-102.82806, 32.43071], [-102.81063, 32.39373]]}, "properties": {"operator": "El Paso Natural Gas Co", "pipe_type": "Interstate"}}, {"type": "Feature", "geometry": {"type": "LineString", "coordinates": [[-103.83921, 32.05477], [-103.83918, 32.00033]]}, "properties": {"operator": "El Paso Natural Gas Co", "pipe_type": "Interstate"}}, {"type": "Feature", "geometry": {"type": "LineString", "coordinates": [[-104.42221, 32.0], [-104.46666, 32.0794]]}, "properties": {"operator": "El Paso Natural Gas Co", "pipe_type": "Interstate"}}, {"type": "Feature", "geometry": {"type": "LineString", "coordinates": [[-103.83918, 32.00033], [-103.83911, 31.86861]]}, "properties": {"operator": "El Paso Natural Gas Co", "pipe_type": "Interstate"}}, {"type": "Feature", "geometry": {"type": "LineString", "coordinates": [[-104.05613, 31.99988], [-104.02214, 31.92778], [-104.00471, 31.93148]]}, "properties": {"operator": "El Paso Natural Gas Co", "pipe_type": "Interstate"}}, {"type": "Feature", "geometry": {"type": "LineString", "coordinates": [[-104.3795, 31.93148], [-104.18496, 31.99986]]}, "properties": {"operator": "El Paso Natural Gas Co", "pipe_type": "Interstate"}}, {"type": "Feature", "geometry": {"type": "LineString", "coordinates": [[-102.38086, 31.52079], [-102.37984, 31.48756]]}, "properties": {"operator": "El Paso Natural Gas Co", "pipe_type": "Interstate"}}, {"type": "Feature", "geometry": {"type": "LineString", "coordinates": [[-102.37984, 31.48756], [-102.37118, 31.47974]]}, "properties": {"operator": "El Paso Natural Gas Co", "pipe_type": "Interstate"}}, {"type": "Feature", "geometry": {"type": "LineString", "coordinates": [[-102.1702, 31.45696], [-102.1894, 31.41886]]}, "properties": {"operator": "El Paso Natural Gas Co", "pipe_type": "Interstate"}}, {"type": "Feature", "geometry": {"type": "LineString", "coordinates": [[-104.03164, 32.0539], [-104.04134, 32.0503], [-104.07444, 32.03872]]}, "properties": {"operator": "El Paso Natural Gas Co", "pipe_type": "Interstate"}}, {"type": "Feature", "geometry": {"type": "LineString", "coordinates": [[-103.27925, 32.52072], [-103.28083, 32.52242]]}, "properties": {"operator": "El Paso Natural Gas Co", "pipe_type": "Interstate"}}, {"type": "Feature", "geometry": {"type": "LineString", "coordinates": [[-104.60175, 31.4951], [-104.35771, 31.33239], [-104.11802, 31.33609]]}, "properties": {"operator": "El Paso Natural Gas Co", "pipe_type": "Interstate"}}, {"type": "Feature", "geometry": {"type": "LineString", "coordinates": [[-103.13312, 31.45812], [-103.11811, 31.43774], [-103.11569, 31.39156]]}, "properties": {"operator": "El Paso Natural Gas Co", "pipe_type": "Interstate"}}, {"type": "Feature", "geometry": {"type": "LineString", "coordinates": [[-101.89471, 31.3878], [-101.87842, 31.38306], [-101.8616, 31.37817], [-101.83493, 31.37041], [-101.78025, 31.35451]]}, "properties": {"operator": "El Paso Natural Gas Co", "pipe_type": "Interstate"}}, {"type": "Feature", "geometry": {"type": "LineString", "coordinates": [[-101.72616, 31.3111], [-101.72753, 31.25104]]}, "properties": {"operator": "El Paso Natural Gas Co", "pipe_type": "Interstate"}}, {"type": "Feature", "geometry": {"type": "LineString", "coordinates": [[-101.78025, 31.35451], [-101.5878, 31.27596], [-101.43597, 31.21399]]}, "properties": {"operator": "El Paso Natural Gas Co", "pipe_type": "Interstate"}}, {"type": "Feature", "geometry": {"type": "LineString", "coordinates": [[-103.03793, 32.70764], [-103.01412, 32.67015], [-102.99983, 32.64584], [-102.98395, 32.61942], [-102.96791, 32.59276], [-102.95766, 32.5757], [-102.94944, 32.56357], [-102.93672, 32.54087], [-102.92828, 32.523]]}, "properties": {"operator": "El Paso Natural Gas Co", "pipe_type": "Interstate"}}, {"type": "Feature", "geometry": {"type": "LineString", "coordinates": [[-104.03164, 32.0539], [-103.98893, 32.05426], [-103.73589, 32.05561], [-103.63004, 32.05587], [-103.52585, 32.05732], [-103.35848, 32.05732], [-103.24929, 32.05726], [-103.21501, 32.05724], [-103.17651, 32.05799]]}, "properties": {"operator": "El Paso Natural Gas Co", "pipe_type": "Interstate"}}, {"type": "Feature", "geometry": {"type": "LineString", "coordinates": [[-104.86759, 31.77986], [-104.85374, 31.79709], [-104.80222, 31.86121], [-104.66276, 31.8797], [-104.3795, 31.93148]]}, "properties": {"operator": "El Paso Natural Gas Co", "pipe_type": "Interstate"}}, {"type": "Feature", "geometry": {"type": "LineString", "coordinates": [[-104.18496, 31.99986], [-104.15663, 32.00983], [-104.13528, 32.01733], [-104.07444, 32.03872]]}, "properties": {"operator": "El Paso Natural Gas Co", "pipe_type": "Interstate"}}, {"type": "Feature", "geometry": {"type": "LineString", "coordinates": [[-104.05613, 31.99988], [-104.07444, 32.03872]]}, "properties": {"operator": "El Paso Natural Gas Co", "pipe_type": "Interstate"}}, {"type": "Feature", "geometry": {"type": "LineString", "coordinates": [[-104.42221, 32.0], [-104.3795, 31.93148]]}, "properties": {"operator": "El Paso Natural Gas Co", "pipe_type": "Interstate"}}, {"type": "Feature", "geometry": {"type": "LineString", "coordinates": [[-103.28565, 32.51577], [-103.28916, 32.51488], [-103.29683, 32.51293], [-103.30616, 32.51056], [-103.3096, 32.50969], [-103.40869, 32.48454], [-103.50526, 32.46004], [-103.618, 32.43142], [-103.63217, 32.42783], [-103.65765, 32.42136], [-103.67603, 32.4167], [-103.7261, 32.40399]]}, "properties": {"operator": "El Paso Natural Gas Co", "pipe_type": "Interstate"}}, {"type": "Feature", "geometry": {"type": "LineString", "coordinates": [[-103.28129, 32.51207], [-103.20607, 32.49467]]}, "properties": {"operator": "El Paso Natural Gas Co", "pipe_type": "Interstate"}}, {"type": "Feature", "geometry": {"type": "LineString", "coordinates": [[-103.3167, 32.60886], [-103.19288, 32.67064], [-103.1501, 32.6207]]}, "properties": {"operator": "El Paso Natural Gas Co", "pipe_type": "Interstate"}}, {"type": "Feature", "geometry": {"type": "LineString", "coordinates": [[-103.5682, 33.32928], [-103.56343, 33.32724], [-103.55649, 33.32426], [-103.53868, 33.31664], [-103.48813, 33.29478], [-103.46397, 33.28432], [-103.30646, 33.2162], [-103.27736, 33.20361], [-103.25098, 33.1922], [-103.09868, 33.12632], [-103.08671, 33.12114], [-103.06194, 33.11043]]}, "properties": {"operator": "El Paso Natural Gas Co", "pipe_type": "Interstate"}}, {"type": "Feature", "geometry": {"type": "LineString", "coordinates": [[-103.11899, 31.95498], [-103.11134, 31.96013]]}, "properties": {"operator": "El Paso Natural Gas Co", "pipe_type": "Interstate"}}, {"type": "Feature", "geometry": {"type": "LineString", "coordinates": [[-104.15663, 32.00983], [-104.13786, 31.91615], [-104.13287, 31.89128]]}, "properties": {"operator": "El Paso Natural Gas Co", "pipe_type": "Interstate"}}, {"type": "Feature", "geometry": {"type": "LineString", "coordinates": [[-104.15167, 32.03638], [-104.13528, 32.01733]]}, "properties": {"operator": "El Paso Natural Gas Co", "pipe_type": "Interstate"}}, {"type": "Feature", "geometry": {"type": "LineString", "coordinates": [[-102.76776, 33.02123], [-102.78044, 33.01398], [-102.78893, 33.00913]]}, "properties": {"operator": "El Paso Natural Gas Co", "pipe_type": "Interstate"}}, {"type": "Feature", "geometry": {"type": "LineString", "coordinates": [[-102.18629, 31.67267], [-102.191, 31.64847]]}, "properties": {"operator": "El Paso Natural Gas Co", "pipe_type": "Interstate"}}, {"type": "Feature", "geometry": {"type": "LineString", "coordinates": [[-101.79762, 31.67537], [-101.80736, 31.69176]]}, "properties": {"operator": "El Paso Natural Gas Co", "pipe_type": "Interstate"}}, {"type": "Feature", "geometry": {"type": "LineString", "coordinates": [[-101.78701, 31.81898], [-101.79293, 31.81247], [-101.81815, 31.80953]]}, "properties": {"operator": "El Paso Natural Gas Co", "pipe_type": "Interstate"}}, {"type": "Feature", "geometry": {"type": "LineString", "coordinates": [[-103.09155, 31.26888], [-103.10286, 31.26979]]}, "properties": {"operator": "El Paso Natural Gas Co", "pipe_type": "Interstate"}}, {"type": "Feature", "geometry": {"type": "LineString", "coordinates": [[-103.09847, 31.26435], [-103.10403, 31.26299], [-103.1082, 31.26198]]}, "properties": {"operator": "El Paso Natural Gas Co", "pipe_type": "Interstate"}}, {"type": "Feature", "geometry": {"type": "LineString", "coordinates": [[-103.0902, 31.25392], [-103.07959, 31.25629]]}, "properties": {"operator": "El Paso Natural Gas Co", "pipe_type": "Interstate"}}, {"type": "Feature", "geometry": {"type": "LineString", "coordinates": [[-103.06349, 31.2692], [-103.08591, 31.26364], [-103.09565, 31.26113]]}, "properties": {"operator": "El Paso Natural Gas Co", "pipe_type": "Interstate"}}, {"type": "Feature", "geometry": {"type": "LineString", "coordinates": [[-103.3654, 32.74977], [-103.31372, 32.74701], [-103.30613, 32.7466], [-103.2836, 32.72323], [-103.25525, 32.69384], [-103.23627, 32.67416], [-103.23337, 32.64088], [-103.17655, 32.60191], [-103.17572, 32.60134], [-103.16137, 32.5915]]}, "properties": {"operator": "El Paso Natural Gas Co", "pipe_type": "Interstate"}}, {"type": "Feature", "geometry": {"type": "LineString", "coordinates": [[-104.86759, 31.77986], [-104.13322, 31.89145], [-103.9749, 31.91838], [-103.77442, 31.92359], [-103.27168, 31.87072], [-103.13145, 31.8596], [-102.93694, 31.65777], [-102.1481, 31.11143]]}, "properties": {"operator": "El Paso Natural Gas Co", "pipe_type": "Interstate"}}, {"type": "Feature", "geometry": {"type": "LineString", "coordinates": [[-101.56494, 30.69584], [-101.59589, 30.69675]]}, "properties": {"operator": "Oasis Pipeline", "pipe_type": "Intrastate"}}, {"type": "Feature", "geometry": {"type": "LineString", "coordinates": [[-102.35646, 30.71637], [-102.34205, 30.72597]]}, "properties": {"operator": "Oasis Pipeline", "pipe_type": "Intrastate"}}, {"type": "Feature", "geometry": {"type": "LineString", "coordinates": [[-102.32558, 30.70861], [-102.32352, 30.73209]]}, "properties": {"operator": "Oasis Pipeline", "pipe_type": "Intrastate"}}, {"type": "Feature", "geometry": {"type": "LineString", "coordinates": [[-102.84238, 30.95103], [-102.84238, 30.92669]]}, "properties": {"operator": "Oasis Pipeline", "pipe_type": "Intrastate"}}, {"type": "Feature", "geometry": {"type": "LineString", "coordinates": [[-102.94211, 31.10833], [-102.96695, 31.10293]]}, "properties": {"operator": "Oasis Pipeline", "pipe_type": "Intrastate"}}, {"type": "Feature", "geometry": {"type": "LineString", "coordinates": [[-103.11677, 31.2885], [-103.13098, 31.30524], [-103.12479, 31.30786], [-103.12582, 31.31134], [-103.12582, 31.31483], [-103.12684, 31.31831], [-103.13096, 31.32703], [-103.12787, 31.32964], [-103.12787, 31.33051], [-103.10723, 31.3401]]}, "properties": {"operator": "Oasis Pipeline", "pipe_type": "Intrastate"}}, {"type": "Feature", "geometry": {"type": "LineString", "coordinates": [[-103.06349, 31.2692], [-103.08022, 31.29856], [-103.09329, 31.31633]]}, "properties": {"operator": "Oasis Pipeline", "pipe_type": "Intrastate"}}, {"type": "Feature", "geometry": {"type": "LineString", "coordinates": [[-102.19817, 30.8686], [-102.41046, 30.87565], [-102.45015, 30.8779], [-102.46405, 30.88002], [-102.55989, 30.88441], [-102.56401, 30.88441], [-102.5671, 30.88441], [-102.57122, 30.88442], [-102.57431, 30.88442], [-102.6145, 30.88705], [-102.68354, 30.8949], [-102.71781, 30.91042], [-102.75044, 30.93132], [-102.77835, 30.94798], [-102.85975, 31.01758], [-102.86757, 31.0254], [-102.89891, 31.05673], [-102.94211, 31.10833], [-103.01327, 31.1933], [-103.06349, 31.2692]]}, "properties": {"operator": "Oasis Pipeline", "pipe_type": "Intrastate"}}, {"type": "Feature", "geometry": {"type": "LineString", "coordinates": [[-102.95151, 30.98386], [-102.94533, 31.00734], [-102.93195, 31.01519], [-102.93092, 31.01867], [-102.92886, 31.02128], [-102.92886, 31.02215], [-102.92577, 31.02564], [-102.92474, 31.02738], [-102.92371, 31.02912], [-102.92268, 31.0326], [-102.92062, 31.03434], [-102.91959, 31.03608], [-102.91753, 31.03957], [-102.89891, 31.05673]]}, "properties": {"operator": "Oasis Pipeline", "pipe_type": "Intrastate"}}, {"type": "Feature", "geometry": {"type": "LineString", "coordinates": [[-102.90332, 31.01684], [-102.93195, 31.01519]]}, "properties": {"operator": "Oasis Pipeline", "pipe_type": "Intrastate"}}, {"type": "Feature", "geometry": {"type": "LineString", "coordinates": [[-102.71884, 30.90172], [-102.8012, 30.94503], [-102.829, 30.96758], [-102.83003, 30.97105], [-102.87121, 31.01096], [-102.89592, 31.01179], [-102.94533, 31.00734]]}, "properties": {"operator": "Oasis Pipeline", "pipe_type": "Intrastate"}}, {"type": "Feature", "geometry": {"type": "LineString", "coordinates": [[-102.75044, 30.93132], [-102.74252, 30.95297], [-102.73017, 30.95299]]}, "properties": {"operator": "Oasis Pipeline", "pipe_type": "Intrastate"}}, {"type": "Feature", "geometry": {"type": "LineString", "coordinates": [[-102.71781, 30.91042], [-102.71884, 30.89911], [-102.71987, 30.88346], [-102.73222, 30.873]]}, "properties": {"operator": "Oasis Pipeline", "pipe_type": "Intrastate"}}, {"type": "Feature", "geometry": {"type": "LineString", "coordinates": [[-102.71678, 30.87912], [-102.71987, 30.88346], [-102.71369, 30.88347], [-102.71061, 30.89391], [-102.69516, 30.8922], [-102.6859, 30.8957], [-102.67869, 30.90441]]}, "properties": {"operator": "Oasis Pipeline", "pipe_type": "Intrastate"}}, {"type": "Feature", "geometry": {"type": "LineString", "coordinates": [[-102.67354, 31.01048], [-102.67766, 30.94962], [-102.68178, 30.947], [-102.68178, 30.94613], [-102.71781, 30.91042]]}, "properties": {"operator": "Oasis Pipeline", "pipe_type": "Intrastate"}}, {"type": "Feature", "geometry": {"type": "LineString", "coordinates": [[-102.45015, 30.8779], [-102.445, 30.87269], [-102.43264, 30.80056], [-102.35337, 30.7129], [-102.34514, 30.70249]]}, "properties": {"operator": "Oasis Pipeline", "pipe_type": "Intrastate"}}, {"type": "Feature", "geometry": {"type": "LineString", "coordinates": [[-102.35646, 30.71637], [-102.32558, 30.70861], [-102.30704, 30.70691]]}, "properties": {"operator": "Oasis Pipeline", "pipe_type": "Intrastate"}}, {"type": "Feature", "geometry": {"type": "LineString", "coordinates": [[-102.40279, 30.67021], [-102.39867, 30.67195], [-102.39661, 30.6737], [-102.39455, 30.6737], [-102.3647, 30.71288], [-102.35646, 30.71637]]}, "properties": {"operator": "Oasis Pipeline", "pipe_type": "Intrastate"}}, {"type": "Feature", "geometry": {"type": "LineString", "coordinates": [[-101.73848, 30.72369], [-101.75897, 30.72598], [-101.79507, 30.72683], [-101.83014, 30.72247], [-101.8549, 30.7242], [-101.85903, 30.72594], [-101.88172, 30.73202], [-101.89307, 30.74418], [-101.93126, 30.77806], [-101.99515, 30.82851], [-101.99928, 30.83112], [-102.03225, 30.85027], [-102.07656, 30.86246], [-102.11675, 30.86769], [-102.16725, 30.87119], [-102.19817, 30.8686]]}, "properties": {"operator": "Oasis Pipeline", "pipe_type": "Intrastate"}}, {"type": "Feature", "geometry": {"type": "LineString", "coordinates": [[-101.79507, 30.72683], [-101.79553, 30.71322], [-101.79918, 30.60573], [-101.79608, 30.58486]]}, "properties": {"operator": "Oasis Pipeline", "pipe_type": "Intrastate"}}, {"type": "Feature", "geometry": {"type": "LineString", "coordinates": [[-101.25195, 30.67013], [-101.56502, 30.70433], [-101.73848, 30.72369]]}, "properties": {"operator": "Oasis Pipeline", "pipe_type": "Intrastate"}}, {"type": "Feature", "geometry": {"type": "LineString", "coordinates": [[-101.56502, 30.70433], [-101.56494, 30.69584], [-101.56494, 30.67584]]}, "properties": {"operator": "Oasis Pipeline", "pipe_type": "Intrastate"}}, {"type": "Feature", "geometry": {"type": "LineString", "coordinates": [[-103.0799, 31.27554], [-103.10009, 31.26777], [-103.10214, 31.27126], [-103.11677, 31.2885]]}, "properties": {"operator": "Oasis Pipeline", "pipe_type": "Intrastate"}}, {"type": "Feature", "geometry": {"type": "LineString", "coordinates": [[-103.28679, 31.49238], [-103.28682, 31.47239], [-103.4226, 31.50717]]}, "properties": {"operator": "Oasis Pipeline", "pipe_type": "Intrastate"}}, {"type": "Feature", "geometry": {"type": "LineString", "coordinates": [[-103.10723, 31.3401], [-103.11444, 31.3523], [-103.10309, 31.35753], [-103.1546, 31.41766], [-103.21649, 31.43166], [-103.23356, 31.44597], [-103.28682, 31.47239]]}, "properties": {"operator": "Oasis Pipeline", "pipe_type": "Intrastate"}}, {"type": "Feature", "geometry": {"type": "LineString", "coordinates": [[-103.09329, 31.31633], [-103.11731, 31.34901], [-103.15311, 31.39053], [-103.21649, 31.43166]]}, "properties": {"operator": "Oasis Pipeline", "pipe_type": "Intrastate"}}, {"type": "Feature", "geometry": {"type": "LineString", "coordinates": [[-103.07289, 31.57556], [-103.11923, 31.51631], [-103.14967, 31.48872], [-103.21649, 31.43166]]}, "properties": {"operator": "Oasis Pipeline", "pipe_type": "Intrastate"}}, {"type": "Feature", "geometry": {"type": "LineString", "coordinates": [[-100.65694, 32.19401], [-100.43418, 32.24986]]}, "properties": {"operator": "El Paso Texas Pipeline Co", "pipe_type": "Intrastate"}}, {"type": "Feature", "geometry": {"type": "LineString", "coordinates": [[-101.08331, 32.06217], [-100.74511, 32.17055]]}, "properties": {"operator": "El Paso Texas Pipeline Co", "pipe_type": "Intrastate"}}, {"type": "Feature", "geometry": {"type": "LineString", "coordinates": [[-101.31755, 31.99625], [-101.08331, 32.06217]]}, "properties": {"operator": "El Paso Texas Pipeline Co", "pipe_type": "Intrastate"}}, {"type": "Feature", "geometry": {"type": "LineString", "coordinates": [[-100.74511, 32.17055], [-100.65694, 32.19401]]}, "properties": {"operator": "El Paso Texas Pipeline Co", "pipe_type": "Intrastate"}}, {"type": "Feature", "geometry": {"type": "LineString", "coordinates": [[-100.74511, 32.17055], [-100.83197, 32.31021]]}, "properties": {"operator": "El Paso Texas Pipeline Co", "pipe_type": "Intrastate"}}, {"type": "Feature", "geometry": {"type": "LineString", "coordinates": [[-101.16095, 31.85659], [-101.24518, 31.93033]]}, "properties": {"operator": "El Paso Texas Pipeline Co", "pipe_type": "Intrastate"}}, {"type": "Feature", "geometry": {"type": "LineString", "coordinates": [[-101.17101, 31.8295], [-101.16095, 31.85659]]}, "properties": {"operator": "El Paso Texas Pipeline Co", "pipe_type": "Intrastate"}}, {"type": "Feature", "geometry": {"type": "LineString", "coordinates": [[-101.23333, 31.8052], [-101.17101, 31.8295]]}, "properties": {"operator": "El Paso Texas Pipeline Co", "pipe_type": "Intrastate"}}, {"type": "Feature", "geometry": {"type": "LineString", "coordinates": [[-101.21622, 31.76609], [-101.12805, 31.70911]]}, "properties": {"operator": "El Paso Texas Pipeline Co", "pipe_type": "Intrastate"}}, {"type": "Feature", "geometry": {"type": "LineString", "coordinates": [[-101.23333, 31.8052], [-101.21622, 31.76609]]}, "properties": {"operator": "El Paso Texas Pipeline Co", "pipe_type": "Intrastate"}}, {"type": "Feature", "geometry": {"type": "LineString", "coordinates": [[-101.27807, 31.8376], [-101.23333, 31.8052]]}, "properties": {"operator": "El Paso Texas Pipeline Co", "pipe_type": "Intrastate"}}, {"type": "Feature", "geometry": {"type": "LineString", "coordinates": [[-101.48468, 31.94933], [-101.27807, 31.8376]]}, "properties": {"operator": "El Paso Texas Pipeline Co", "pipe_type": "Intrastate"}}, {"type": "Feature", "geometry": {"type": "LineString", "coordinates": [[-101.48468, 31.94933], [-101.39674, 31.9705]]}, "properties": {"operator": "El Paso Texas Pipeline Co", "pipe_type": "Intrastate"}}, {"type": "Feature", "geometry": {"type": "LineString", "coordinates": [[-101.82881, 31.85564], [-101.48468, 31.94933]]}, "properties": {"operator": "El Paso Texas Pipeline Co", "pipe_type": "Intrastate"}}, {"type": "Feature", "geometry": {"type": "LineString", "coordinates": [[-101.39674, 31.9705], [-101.31755, 31.99625]]}, "properties": {"operator": "El Paso Texas Pipeline Co", "pipe_type": "Intrastate"}}, {"type": "Feature", "geometry": {"type": "LineString", "coordinates": [[-101.86705, 31.82882], [-101.82881, 31.85564]]}, "properties": {"operator": "El Paso Texas Pipeline Co", "pipe_type": "Intrastate"}}, {"type": "Feature", "geometry": {"type": "LineString", "coordinates": [[-101.86705, 31.82882], [-101.8072, 31.72997]]}, "properties": {"operator": "El Paso Texas Pipeline Co", "pipe_type": "Intrastate"}}, {"type": "Feature", "geometry": {"type": "LineString", "coordinates": [[-101.97261, 31.78222], [-102.01667, 31.84364]]}, "properties": {"operator": "El Paso Texas Pipeline Co", "pipe_type": "Intrastate"}}, {"type": "Feature", "geometry": {"type": "LineString", "coordinates": [[-102.26418, 31.85033], [-102.28805, 31.89939]]}, "properties": {"operator": "El Paso Texas Pipeline Co", "pipe_type": "Intrastate"}}, {"type": "Feature", "geometry": {"type": "LineString", "coordinates": [[-102.22831, 31.66472], [-102.26418, 31.85033]]}, "properties": {"operator": "El Paso Texas Pipeline Co", "pipe_type": "Intrastate"}}, {"type": "Feature", "geometry": {"type": "LineString", "coordinates": [[-101.97261, 31.78222], [-101.86705, 31.82882]]}, "properties": {"operator": "El Paso Texas Pipeline Co", "pipe_type": "Intrastate"}}, {"type": "Feature", "geometry": {"type": "LineString", "coordinates": [[-102.22831, 31.66472], [-101.97261, 31.78222]]}, "properties": {"operator": "El Paso Texas Pipeline Co", "pipe_type": "Intrastate"}}, {"type": "Feature", "geometry": {"type": "LineString", "coordinates": [[-102.28391, 31.64108], [-102.22831, 31.66472]]}, "properties": {"operator": "El Paso Texas Pipeline Co", "pipe_type": "Intrastate"}}, {"type": "Feature", "geometry": {"type": "LineString", "coordinates": [[-102.66883, 31.46121], [-102.6973, 31.50871]]}, "properties": {"operator": "El Paso Texas Pipeline Co", "pipe_type": "Intrastate"}}, {"type": "Feature", "geometry": {"type": "LineString", "coordinates": [[-102.66883, 31.46121], [-102.50218, 31.53633]]}, "properties": {"operator": "El Paso Texas Pipeline Co", "pipe_type": "Intrastate"}}, {"type": "Feature", "geometry": {"type": "LineString", "coordinates": [[-102.93487, 31.3455], [-102.66883, 31.46121]]}, "properties": {"operator": "El Paso Texas Pipeline Co", "pipe_type": "Intrastate"}}, {"type": "Feature", "geometry": {"type": "LineString", "coordinates": [[-103.10568, 31.2687], [-102.93487, 31.3455]]}, "properties": {"operator": "El Paso Texas Pipeline Co", "pipe_type": "Intrastate"}}, {"type": "Feature", "geometry": {"type": "LineString", "coordinates": [[-102.50218, 31.53633], [-102.28391, 31.64108]]}, "properties": {"operator": "El Paso Texas Pipeline Co", "pipe_type": "Intrastate"}}, {"type": "Feature", "geometry": {"type": "LineString", "coordinates": [[-103.55715, 31.75856], [-103.53713, 31.75226]]}, "properties": {"operator": "El Paso Texas Pipeline Co", "pipe_type": "Intrastate"}}, {"type": "Feature", "geometry": {"type": "LineString", "coordinates": [[-103.5821, 31.75821], [-103.57955, 31.76671]]}, "properties": {"operator": "El Paso Texas Pipeline Co", "pipe_type": "Intrastate"}}, {"type": "Feature", "geometry": {"type": "LineString", "coordinates": [[-103.55715, 31.75856], [-103.5821, 31.75821]]}, "properties": {"operator": "El Paso Texas Pipeline Co", "pipe_type": "Intrastate"}}, {"type": "Feature", "geometry": {"type": "LineString", "coordinates": [[-103.56125, 31.73708], [-103.59389, 31.73899]]}, "properties": {"operator": "El Paso Texas Pipeline Co", "pipe_type": "Intrastate"}}, {"type": "Feature", "geometry": {"type": "LineString", "coordinates": [[-103.56892, 31.71158], [-103.59396, 31.71315]]}, "properties": {"operator": "El Paso Texas Pipeline Co", "pipe_type": "Intrastate"}}, {"type": "Feature", "geometry": {"type": "LineString", "coordinates": [[-103.57266, 31.68365], [-103.52792, 31.66736]]}, "properties": {"operator": "El Paso Texas Pipeline Co", "pipe_type": "Intrastate"}}, {"type": "Feature", "geometry": {"type": "LineString", "coordinates": [[-103.55715, 31.75856], [-103.55254, 31.83951]]}, "properties": {"operator": "El Paso Texas Pipeline Co", "pipe_type": "Intrastate"}}, {"type": "Feature", "geometry": {"type": "LineString", "coordinates": [[-103.56125, 31.73708], [-103.55715, 31.75856]]}, "properties": {"operator": "El Paso Texas Pipeline Co", "pipe_type": "Intrastate"}}, {"type": "Feature", "geometry": {"type": "LineString", "coordinates": [[-103.56892, 31.71158], [-103.56125, 31.73708]]}, "properties": {"operator": "El Paso Texas Pipeline Co", "pipe_type": "Intrastate"}}, {"type": "Feature", "geometry": {"type": "LineString", "coordinates": [[-103.57266, 31.68365], [-103.56892, 31.71158]]}, "properties": {"operator": "El Paso Texas Pipeline Co", "pipe_type": "Intrastate"}}, {"type": "Feature", "geometry": {"type": "LineString", "coordinates": [[-103.61874, 31.48093], [-103.57266, 31.68365]]}, "properties": {"operator": "El Paso Texas Pipeline Co", "pipe_type": "Intrastate"}}, {"type": "Feature", "geometry": {"type": "LineString", "coordinates": [[-103.79547, 31.44709], [-103.80589, 31.45762]]}, "properties": {"operator": "El Paso Texas Pipeline Co", "pipe_type": "Intrastate"}}, {"type": "Feature", "geometry": {"type": "LineString", "coordinates": [[-103.79547, 31.44709], [-103.76113, 31.41367]]}, "properties": {"operator": "El Paso Texas Pipeline Co", "pipe_type": "Intrastate"}}, {"type": "Feature", "geometry": {"type": "LineString", "coordinates": [[-103.61874, 31.48093], [-103.79547, 31.44709]]}, "properties": {"operator": "El Paso Texas Pipeline Co", "pipe_type": "Intrastate"}}, {"type": "Feature", "geometry": {"type": "LineString", "coordinates": [[-103.54852, 31.50637], [-103.43665, 31.50176]]}, "properties": {"operator": "El Paso Texas Pipeline Co", "pipe_type": "Intrastate"}}, {"type": "Feature", "geometry": {"type": "LineString", "coordinates": [[-103.61874, 31.48093], [-103.54852, 31.50637]]}, "properties": {"operator": "El Paso Texas Pipeline Co", "pipe_type": "Intrastate"}}, {"type": "Feature", "geometry": {"type": "LineString", "coordinates": [[-103.59044, 31.433], [-103.56314, 31.38891]]}, "properties": {"operator": "El Paso Texas Pipeline Co", "pipe_type": "Intrastate"}}, {"type": "Feature", "geometry": {"type": "LineString", "coordinates": [[-103.63039, 31.43331], [-103.59044, 31.433]]}, "properties": {"operator": "El Paso Texas Pipeline Co", "pipe_type": "Intrastate"}}, {"type": "Feature", "geometry": {"type": "LineString", "coordinates": [[-103.63039, 31.43331], [-103.64776, 31.43389], [-103.71827, 31.3673]]}, "properties": {"operator": "El Paso Texas Pipeline Co", "pipe_type": "Intrastate"}}, {"type": "Feature", "geometry": {"type": "LineString", "coordinates": [[-103.61874, 31.48093], [-103.63039, 31.43331]]}, "properties": {"operator": "El Paso Texas Pipeline Co", "pipe_type": "Intrastate"}}, {"type": "Feature", "geometry": {"type": "LineString", "coordinates": [[-103.9352, 31.74079], [-104.02732, 31.66371]]}, "properties": {"operator": "El Paso Texas Pipeline Co", "pipe_type": "Intrastate"}}, {"type": "Feature", "geometry": {"type": "LineString", "coordinates": [[-103.97667, 31.7758], [-103.9352, 31.74079]]}, "properties": {"operator": "El Paso Texas Pipeline Co", "pipe_type": "Intrastate"}}, {"type": "Feature", "geometry": {"type": "LineString", "coordinates": [[-103.97667, 31.7758], [-103.99232, 31.59322]]}, "properties": {"operator": "El Paso Texas Pipeline Co", "pipe_type": "Intrastate"}}, {"type": "Feature", "geometry": {"type": "LineString", "coordinates": [[-103.97571, 31.83465], [-103.97667, 31.7758]]}, "properties": {"operator": "El Paso Texas Pipeline Co", "pipe_type": "Intrastate"}}, {"type": "Feature", "geometry": {"type": "LineString", "coordinates": [[-103.97571, 31.83465], [-103.91927, 31.841]]}, "properties": {"operator": "El Paso Texas Pipeline Co", "pipe_type": "Intrastate"}}, {"type": "Feature", "geometry": {"type": "LineString", "coordinates": [[-103.88271, 31.65972], [-103.9465, 31.61485]]}, "properties": {"operator": "El Paso Texas Pipeline Co", "pipe_type": "Intrastate"}}, {"type": "Feature", "geometry": {"type": "LineString", "coordinates": [[-104.01073, 31.76331], [-104.00857, 31.7899]]}, "properties": {"operator": "El Paso Texas Pipeline Co", "pipe_type": "Intrastate"}}, {"type": "Feature", "geometry": {"type": "LineString", "coordinates": [[-103.88271, 31.65972], [-104.01073, 31.76331]]}, "properties": {"operator": "El Paso Texas Pipeline Co", "pipe_type": "Intrastate"}}, {"type": "Feature", "geometry": {"type": "LineString", "coordinates": [[-103.61874, 31.48093], [-103.61674, 31.49909], [-103.88271, 31.65972]]}, "properties": {"operator": "El Paso Texas Pipeline Co", "pipe_type": "Intrastate"}}, {"type": "Feature", "geometry": {"type": "LineString", "coordinates": [[-103.6091, 31.91607], [-103.54362, 31.89738]]}, "properties": {"operator": "El Paso Texas Pipeline Co", "pipe_type": "Intrastate"}}, {"type": "Feature", "geometry": {"type": "LineString", "coordinates": [[-103.55254, 31.83951], [-103.6091, 31.91607]]}, "properties": {"operator": "El Paso Texas Pipeline Co", "pipe_type": "Intrastate"}}, {"type": "Feature", "geometry": {"type": "LineString", "coordinates": [[-103.09829, 31.50605], [-103.12624, 31.50698]]}, "properties": {"operator": "El Paso Texas Pipeline Co", "pipe_type": "Intrastate"}}, {"type": "Feature", "geometry": {"type": "LineString", "coordinates": [[-103.0986, 31.48655], [-103.09829, 31.50605]]}, "properties": {"operator": "El Paso Texas Pipeline Co", "pipe_type": "Intrastate"}}, {"type": "Feature", "geometry": {"type": "LineString", "coordinates": [[-103.08512, 31.48387], [-103.0986, 31.48655]]}, "properties": {"operator": "El Paso Texas Pipeline Co", "pipe_type": "Intrastate"}}, {"type": "Feature", "geometry": {"type": "LineString", "coordinates": [[-102.93595, 31.54919], [-102.96172, 31.59931]]}, "properties": {"operator": "El Paso Texas Pipeline Co", "pipe_type": "Intrastate"}}, {"type": "Feature", "geometry": {"type": "LineString", "coordinates": [[-103.05347, 31.48376], [-102.93595, 31.54919]]}, "properties": {"operator": "El Paso Texas Pipeline Co", "pipe_type": "Intrastate"}}, {"type": "Feature", "geometry": {"type": "LineString", "coordinates": [[-103.05558, 31.54243], [-103.01049, 31.48334]]}, "properties": {"operator": "El Paso Texas Pipeline Co", "pipe_type": "Intrastate"}}, {"type": "Feature", "geometry": {"type": "LineString", "coordinates": [[-103.05558, 31.54243], [-103.05062, 31.58006]]}, "properties": {"operator": "El Paso Texas Pipeline Co", "pipe_type": "Intrastate"}}, {"type": "Feature", "geometry": {"type": "LineString", "coordinates": [[-103.08512, 31.48387], [-103.05558, 31.54243]]}, "properties": {"operator": "El Paso Texas Pipeline Co", "pipe_type": "Intrastate"}}, {"type": "Feature", "geometry": {"type": "LineString", "coordinates": [[-103.05347, 31.48376], [-103.01049, 31.48334]]}, "properties": {"operator": "El Paso Texas Pipeline Co", "pipe_type": "Intrastate"}}, {"type": "Feature", "geometry": {"type": "LineString", "coordinates": [[-103.08512, 31.48387], [-103.05347, 31.48376]]}, "properties": {"operator": "El Paso Texas Pipeline Co", "pipe_type": "Intrastate"}}, {"type": "Feature", "geometry": {"type": "LineString", "coordinates": [[-103.26835, 31.48431], [-103.26747, 31.54052]]}, "properties": {"operator": "El Paso Texas Pipeline Co", "pipe_type": "Intrastate"}}, {"type": "Feature", "geometry": {"type": "LineString", "coordinates": [[-103.26835, 31.48431], [-103.43634, 31.4824]]}, "properties": {"operator": "El Paso Texas Pipeline Co", "pipe_type": "Intrastate"}}, {"type": "Feature", "geometry": {"type": "LineString", "coordinates": [[-103.08512, 31.48387], [-103.26835, 31.48431]]}, "properties": {"operator": "El Paso Texas Pipeline Co", "pipe_type": "Intrastate"}}, {"type": "Feature", "geometry": {"type": "LineString", "coordinates": [[-103.43634, 31.4824], [-103.53996, 31.48327]]}, "properties": {"operator": "El Paso Texas Pipeline Co", "pipe_type": "Intrastate"}}, {"type": "Feature", "geometry": {"type": "LineString", "coordinates": [[-103.53996, 31.48327], [-103.61874, 31.48093]]}, "properties": {"operator": "El Paso Texas Pipeline Co", "pipe_type": "Intrastate"}}, {"type": "Feature", "geometry": {"type": "LineString", "coordinates": [[-103.10568, 31.2687], [-103.0986, 31.48655], [-103.08512, 31.48387]]}, "properties": {"operator": "El Paso Texas Pipeline Co", "pipe_type": "Intrastate"}}, {"type": "Feature", "geometry": {"type": "LineString", "coordinates": [[-103.07904, 31.17502], [-103.10568, 31.2687]]}, "properties": {"operator": "El Paso Texas Pipeline Co", "pipe_type": "Intrastate"}}, {"type": "Feature", "geometry": {"type": "LineString", "coordinates": [[-103.07904, 31.17502], [-103.13238, 31.17568]]}, "properties": {"operator": "El Paso Texas Pipeline Co", "pipe_type": "Intrastate"}}, {"type": "Feature", "geometry": {"type": "LineString", "coordinates": [[-103.05353, 31.06964], [-102.92, 31.08574]]}, "properties": {"operator": "El Paso Texas Pipeline Co", "pipe_type": "Intrastate"}}, {"type": "Feature", "geometry": {"type": "LineString", "coordinates": [[-103.05353, 31.06964], [-103.07904, 31.17502]]}, "properties": {"operator": "El Paso Texas Pipeline Co", "pipe_type": "Intrastate"}}, {"type": "Feature", "geometry": {"type": "LineString", "coordinates": [[-103.04202, 31.01509], [-103.05353, 31.06964]]}, "properties": {"operator": "El Paso Texas Pipeline Co", "pipe_type": "Intrastate"}}, {"type": "Feature", "geometry": {"type": "LineString", "coordinates": [[-102.85035, 30.90373], [-102.86707, 30.86062]]}, "properties": {"operator": "El Paso Texas Pipeline Co", "pipe_type": "Intrastate"}}, {"type": "Feature", "geometry": {"type": "LineString", "coordinates": [[-102.99799, 30.90896], [-103.0312, 30.91488]]}, "properties": {"operator": "El Paso Texas Pipeline Co", "pipe_type": "Intrastate"}}, {"type": "Feature", "geometry": {"type": "LineString", "coordinates": [[-102.9405, 30.93875], [-102.99799, 30.90896]]}, "properties": {"operator": "El Paso Texas Pipeline Co", "pipe_type": "Intrastate"}}, {"type": "Feature", "geometry": {"type": "LineString", "coordinates": [[-102.79674, 30.9094], [-102.93005, 30.94421], [-102.9405, 30.93875]]}, "properties": {"operator": "El Paso Texas Pipeline Co", "pipe_type": "Intrastate"}}, {"type": "Feature", "geometry": {"type": "LineString", "coordinates": [[-102.85035, 30.90373], [-102.88824, 30.89793]]}, "properties": {"operator": "El Paso Texas Pipeline Co", "pipe_type": "Intrastate"}}, {"type": "Feature", "geometry": {"type": "LineString", "coordinates": [[-102.79674, 30.9094], [-102.85035, 30.90373]]}, "properties": {"operator": "El Paso Texas Pipeline Co", "pipe_type": "Intrastate"}}, {"type": "Feature", "geometry": {"type": "LineString", "coordinates": [[-102.9405, 30.93875], [-103.04202, 31.01509]]}, "properties": {"operator": "El Paso Texas Pipeline Co", "pipe_type": "Intrastate"}}, {"type": "Feature", "geometry": {"type": "LineString", "coordinates": [[-102.88824, 30.89793], [-102.9405, 30.93875]]}, "properties": {"operator": "El Paso Texas Pipeline Co", "pipe_type": "Intrastate"}}, {"type": "Feature", "geometry": {"type": "LineString", "coordinates": [[-103.22498, 31.09163], [-103.28981, 31.08339]]}, "properties": {"operator": "El Paso Texas Pipeline Co", "pipe_type": "Intrastate"}}, {"type": "Feature", "geometry": {"type": "LineString", "coordinates": [[-103.22498, 31.09163], [-103.18833, 31.09364]]}, "properties": {"operator": "El Paso Texas Pipeline Co", "pipe_type": "Intrastate"}}, {"type": "Feature", "geometry": {"type": "LineString", "coordinates": [[-103.29599, 31.12422], [-103.3156, 31.11789]]}, "properties": {"operator": "El Paso Texas Pipeline Co", "pipe_type": "Intrastate"}}, {"type": "Feature", "geometry": {"type": "LineString", "coordinates": [[-103.26261, 31.13796], [-103.29599, 31.12422]]}, "properties": {"operator": "El Paso Texas Pipeline Co", "pipe_type": "Intrastate"}}, {"type": "Feature", "geometry": {"type": "LineString", "coordinates": [[-103.22498, 31.09163], [-103.26261, 31.13796]]}, "properties": {"operator": "El Paso Texas Pipeline Co", "pipe_type": "Intrastate"}}, {"type": "Feature", "geometry": {"type": "LineString", "coordinates": [[-103.21853, 31.00867], [-103.22498, 31.09163]]}, "properties": {"operator": "El Paso Texas Pipeline Co", "pipe_type": "Intrastate"}}, {"type": "Feature", "geometry": {"type": "LineString", "coordinates": [[-103.04202, 31.01509], [-103.21853, 31.00867]]}, "properties": {"operator": "El Paso Texas Pipeline Co", "pipe_type": "Intrastate"}}, {"type": "Feature", "geometry": {"type": "LineString", "coordinates": [[-102.79674, 30.9094], [-102.81357, 30.94063], [-103.04202, 31.01509]]}, "properties": {"operator": "El Paso Texas Pipeline Co", "pipe_type": "Intrastate"}}, {"type": "Feature", "geometry": {"type": "LineString", "coordinates": [[-102.46085, 30.54374], [-102.79674, 30.9094]]}, "properties": {"operator": "El Paso Texas Pipeline Co", "pipe_type": "Intrastate"}}, {"type": "Feature", "geometry": {"type": "LineString", "coordinates": [[-101.39674, 31.9705], [-101.46702, 32.24898]]}, "properties": {"operator": "El Paso Texas Pipeline Co", "pipe_type": "Intrastate"}}, {"type": "Feature", "geometry": {"type": "LineString", "coordinates": [[-101.31624, 31.99625], [-101.24518, 31.93033]]}, "properties": {"operator": "El Paso Texas Pipeline Co", "pipe_type": "Intrastate"}}, {"type": "Feature", "geometry": {"type": "LineString", "coordinates": [[-101.39674, 31.9705], [-101.37414, 31.86218]]}, "properties": {"operator": "El Paso Texas Pipeline Co", "pipe_type": "Intrastate"}}, {"type": "Feature", "geometry": {"type": "LineString", "coordinates": [[-101.37414, 31.86218], [-101.23333, 31.8052]]}, "properties": {"operator": "El Paso Texas Pipeline Co", "pipe_type": "Intrastate"}}, {"type": "Feature", "geometry": {"type": "LineString", "coordinates": [[-103.48936, 31.36152], [-103.48807, 31.33769], [-103.52341, 31.32338], [-103.54199, 31.33296]]}, "properties": {"operator": "El Paso Texas Pipeline Co", "pipe_type": "Intrastate"}}, {"type": "Feature", "geometry": {"type": "LineString", "coordinates": [[-103.12624, 31.50698], [-103.1241, 31.53998]]}, "properties": {"operator": "El Paso Texas Pipeline Co", "pipe_type": "Intrastate"}}, {"type": "Feature", "geometry": {"type": "LineString", "coordinates": [[-102.97327, 31.57244], [-102.95665, 31.54009]]}, "properties": {"operator": "El Paso Texas Pipeline Co", "pipe_type": "Intrastate"}}, {"type": "Feature", "geometry": {"type": "LineString", "coordinates": [[-103.01049, 31.48334], [-102.99309, 31.48201]]}, "properties": {"operator": "El Paso Texas Pipeline Co", "pipe_type": "Intrastate"}}, {"type": "Feature", "geometry": {"type": "LineString", "coordinates": [[-103.13238, 31.17568], [-103.13712, 31.16518], [-103.16735, 31.16924]]}, "properties": {"operator": "El Paso Texas Pipeline Co", "pipe_type": "Intrastate"}}, {"type": "Feature", "geometry": {"type": "LineString", "coordinates": [[-103.25531, 31.06857], [-103.22325, 31.07235]]}, "properties": {"operator": "El Paso Texas Pipeline Co", "pipe_type": "Intrastate"}}, {"type": "Feature", "geometry": {"type": "LineString", "coordinates": [[-103.26789, 31.00682], [-103.21853, 31.00867]]}, "properties": {"operator": "El Paso Texas Pipeline Co", "pipe_type": "Intrastate"}}, {"type": "Feature", "geometry": {"type": "LineString", "coordinates": [[-102.79052, 30.87092], [-102.79674, 30.9094]]}, "properties": {"operator": "El Paso Texas Pipeline Co", "pipe_type": "Intrastate"}}, {"type": "Feature", "geometry": {"type": "LineString", "coordinates": [[-102.99799, 30.90896], [-103.02336, 30.96997]]}, "properties": {"operator": "El Paso Texas Pipeline Co", "pipe_type": "Intrastate"}}, {"type": "Feature", "geometry": {"type": "LineString", "coordinates": [[-103.06544, 30.92656], [-103.02336, 30.96997]]}, "properties": {"operator": "El Paso Texas Pipeline Co", "pipe_type": "Intrastate"}}, {"type": "Feature", "geometry": {"type": "LineString", "coordinates": [[-103.10294, 30.95874], [-103.02336, 30.96997], [-102.99302, 30.97782]]}, "properties": {"operator": "El Paso Texas Pipeline Co", "pipe_type": "Intrastate"}}, {"type": "Feature", "geometry": {"type": "LineString", "coordinates": [[-103.08965, 31.31189], [-103.06065, 31.31308]]}, "properties": {"operator": "Atmos Pipeline - Texas", "pipe_type": "Intrastate"}}, {"type": "Feature", "geometry": {"type": "LineString", "coordinates": [[-103.1159, 31.32034], [-103.06203, 31.31735]]}, "properties": {"operator": "Atmos Pipeline - Texas", "pipe_type": "Intrastate"}}, {"type": "Feature", "geometry": {"type": "LineString", "coordinates": [[-103.08129, 31.32524], [-103.06203, 31.32271]]}, "properties": {"operator": "Atmos Pipeline - Texas", "pipe_type": "Intrastate"}}, {"type": "Feature", "geometry": {"type": "LineString", "coordinates": [[-101.03275, 32.70687], [-100.98298, 32.68393]]}, "properties": {"operator": "Atmos Pipeline - Texas", "pipe_type": "Intrastate"}}, {"type": "Feature", "geometry": {"type": "LineString", "coordinates": [[-102.5695, 31.51508], [-102.56475, 31.51632], [-102.56475, 31.52381], [-102.51365, 31.56361], [-102.43215, 31.57252], [-102.31552, 31.62326]]}, "properties": {"operator": "Atmos Pipeline - Texas", "pipe_type": "Intrastate"}}, {"type": "Feature", "geometry": {"type": "LineString", "coordinates": [[-102.31552, 31.62326], [-102.21114, 31.66867], [-102.07739, 31.72331]]}, "properties": {"operator": "Atmos Pipeline - Texas", "pipe_type": "Intrastate"}}, {"type": "Feature", "geometry": {"type": "LineString", "coordinates": [[-101.5534, 31.88684], [-101.31821, 31.99569], [-101.27284, 32.0086], [-101.25323, 32.00875], [-101.24833, 32.02492], [-101.20541, 32.04139], [-101.15515, 32.06151], [-101.08812, 32.08267]]}, "properties": {"operator": "Atmos Pipeline - Texas", "pipe_type": "Intrastate"}}, {"type": "Feature", "geometry": {"type": "LineString", "coordinates": [[-102.07739, 31.72331], [-101.8962, 31.79733], [-101.82575, 31.81367], [-101.72353, 31.84513], [-101.5534, 31.88684]]}, "properties": {"operator": "Atmos Pipeline - Texas", "pipe_type": "Intrastate"}}, {"type": "Feature", "geometry": {"type": "LineString", "coordinates": [[-101.09021, 32.08216], [-100.98693, 32.10128], [-100.95001, 32.10824], [-100.90893, 32.12217]]}, "properties": {"operator": "Atmos Pipeline - Texas", "pipe_type": "Intrastate"}}, {"type": "Feature", "geometry": {"type": "LineString", "coordinates": [[-103.002, 31.35682], [-102.92666, 31.39817], [-102.90732, 31.4036], [-102.8645, 31.42946], [-102.66697, 31.49235], [-102.64625, 31.49779], [-102.6352, 31.49784], [-102.5695, 31.51508]]}, "properties": {"operator": "Atmos Pipeline - Texas", "pipe_type": "Intrastate"}}, {"type": "Feature", "geometry": {"type": "LineString", "coordinates": [[-100.66941, 32.52804], [-100.66989, 32.52614]]}, "properties": {"operator": "Atmos Pipeline - Texas", "pipe_type": "Intrastate"}}, {"type": "Feature", "geometry": {"type": "LineString", "coordinates": [[-101.1297, 32.67283], [-101.03275, 32.70687], [-101.00735, 32.71016]]}, "properties": {"operator": "Atmos Pipeline - Texas", "pipe_type": "Intrastate"}}, {"type": "Feature", "geometry": {"type": "LineString", "coordinates": [[-100.98298, 32.7401], [-100.9628, 32.73211], [-100.95498, 32.73333]]}, "properties": {"operator": "Atmos Pipeline - Texas", "pipe_type": "Intrastate"}}, {"type": "Feature", "geometry": {"type": "LineString", "coordinates": [[-100.99263, 32.79024], [-100.96737, 32.76721], [-100.95462, 32.77599], [-100.95937, 32.77819]]}, "properties": {"operator": "Atmos Pipeline - Texas", "pipe_type": "Intrastate"}}, {"type": "Feature", "geometry": {"type": "LineString", "coordinates": [[-100.96737, 32.76721], [-100.9628, 32.73211], [-100.96451, 32.71018], [-100.96777, 32.69263]]}, "properties": {"operator": "Atmos Pipeline - Texas", "pipe_type": "Intrastate"}}, {"type": "Feature", "geometry": {"type": "LineString", "coordinates": [[-100.89521, 32.53311], [-100.90601, 32.6718], [-100.90593, 32.68497]]}, "properties": {"operator": "Atmos Pipeline - Texas", "pipe_type": "Intrastate"}}, {"type": "Feature", "geometry": {"type": "LineString", "coordinates": [[-100.88508, 32.40306], [-100.89521, 32.53311]]}, "properties": {"operator": "Atmos Pipeline - Texas", "pipe_type": "Intrastate"}}, {"type": "Feature", "geometry": {"type": "LineString", "coordinates": [[-100.70809, 32.59508], [-100.76132, 32.53189]]}, "properties": {"operator": "Atmos Pipeline - Texas", "pipe_type": "Intrastate"}}, {"type": "Feature", "geometry": {"type": "LineString", "coordinates": [[-100.76132, 32.53189], [-100.77833, 32.51169], [-100.77679, 32.50182], [-100.79268, 32.49523], [-100.86437, 32.4261], [-100.8723, 32.425], [-100.86764, 32.40306]]}, "properties": {"operator": "Atmos Pipeline - Texas", "pipe_type": "Intrastate"}}, {"type": "Feature", "geometry": {"type": "LineString", "coordinates": [[-101.00735, 32.71016], [-100.96777, 32.69263], [-100.90601, 32.67071], [-100.84584, 32.64769], [-100.72546, 32.60934], [-100.70174, 32.59508], [-100.53701, 32.53712]]}, "properties": {"operator": "Atmos Pipeline - Texas", "pipe_type": "Intrastate"}}, {"type": "Feature", "geometry": {"type": "LineString", "coordinates": [[-100.55065, 32.53981], [-100.5305, 32.53259], [-100.38919, 32.49604], [-100.37191, 32.48791]]}, "properties": {"operator": "Atmos Pipeline - Texas", "pipe_type": "Intrastate"}}, {"type": "Feature", "geometry": {"type": "LineString", "coordinates": [[-100.67533, 32.05537], [-100.71997, 32.09899]]}, "properties": {"operator": "Atmos Pipeline - Texas", "pipe_type": "Intrastate"}}, {"type": "Feature", "geometry": {"type": "LineString", "coordinates": [[-100.71997, 32.09899], [-100.7797, 32.15736], [-100.93452, 32.33064]]}, "properties": {"operator": "Atmos Pipeline - Texas", "pipe_type": "Intrastate"}}, {"type": "Feature", "geometry": {"type": "LineString", "coordinates": [[-100.93452, 32.33064], [-100.92644, 32.37123], [-100.91528, 32.38769], [-100.90575, 32.38879], [-100.90254, 32.40086], [-100.88508, 32.40306]]}, "properties": {"operator": "Atmos Pipeline - Texas", "pipe_type": "Intrastate"}}, {"type": "Feature", "geometry": {"type": "LineString", "coordinates": [[-100.88508, 32.40306], [-100.86779, 32.40307], [-100.71838, 32.40937], [-100.54109, 32.44979]]}, "properties": {"operator": "Atmos Pipeline - Texas", "pipe_type": "Intrastate"}}, {"type": "Feature", "geometry": {"type": "LineString", "coordinates": [[-100.55167, 32.44607], [-100.42546, 32.46654], [-100.41815, 32.4818], [-100.39215, 32.48383], [-100.37191, 32.48791], [-100.35748, 32.4869], [-100.33438, 32.48487], [-100.30985, 32.48183], [-100.27804, 32.48692], [-100.25204, 32.48794], [-100.22027, 32.48694], [-100.18125, 32.49], [-100.0643, 32.47783], [-99.99715, 32.46476]]}, "properties": {"operator": "Atmos Pipeline - Texas", "pipe_type": "Intrastate"}}, {"type": "Feature", "geometry": {"type": "LineString", "coordinates": [[-100.90893, 32.12217], [-100.89595, 32.12658], [-100.76937, 32.17916], [-100.70203, 32.18218], [-100.57718, 32.21841], [-100.49931, 32.2237]]}, "properties": {"operator": "Atmos Pipeline - Texas", "pipe_type": "Intrastate"}}, {"type": "Feature", "geometry": {"type": "LineString", "coordinates": [[-100.61724, 31.66475], [-100.61555, 31.6585], [-100.62569, 31.65691], [-100.624, 31.64127]]}, "properties": {"operator": "Atmos Pipeline - Texas", "pipe_type": "Intrastate"}}, {"type": "Feature", "geometry": {"type": "LineString", "coordinates": [[-100.62424, 31.64941], [-100.50275, 31.56764], [-100.49045, 31.57696], [-100.48122, 31.57566], [-100.47199, 31.54918], [-100.452, 31.5413], [-100.41663, 31.53611], [-100.36896, 31.53892], [-100.3705, 31.52169], [-100.27669, 31.57369], [-99.98526, 31.72771]]}, "properties": {"operator": "Atmos Pipeline - Texas", "pipe_type": "Intrastate"}}, {"type": "Feature", "geometry": {"type": "LineString", "coordinates": [[-102.97987, 31.20835], [-102.97639, 31.17968], [-102.97915, 31.0823], [-102.97224, 31.001]]}, "properties": {"operator": "Atmos Pipeline - Texas", "pipe_type": "Intrastate"}}, {"type": "Feature", "geometry": {"type": "LineString", "coordinates": [[-103.12195, 31.3895], [-103.10071, 31.34635], [-103.09794, 31.33887], [-103.08275, 31.33143], [-103.08129, 31.32524], [-103.07999, 31.31967], [-103.07308, 31.30151], [-103.06341, 31.30261], [-103.03717, 31.26739], [-103.02749, 31.25994], [-102.98329, 31.23656], [-102.97987, 31.20835]]}, "properties": {"operator": "Atmos Pipeline - Texas", "pipe_type": "Intrastate"}}, {"type": "Feature", "geometry": {"type": "LineString", "coordinates": [[-103.24989, 31.61011], [-103.23055, 31.6059], [-103.22641, 31.60163], [-103.12195, 31.3895]]}, "properties": {"operator": "Atmos Pipeline - Texas", "pipe_type": "Intrastate"}}, {"type": "Feature", "geometry": {"type": "LineString", "coordinates": [[-102.93495, 30.70156], [-102.93909, 30.7208], [-102.94047, 30.7347], [-102.946, 30.75715], [-102.94185, 30.77322], [-102.96672, 30.81912], [-102.97224, 30.92824], [-102.97224, 31.001]]}, "properties": {"operator": "Atmos Pipeline - Texas", "pipe_type": "Intrastate"}}, {"type": "Feature", "geometry": {"type": "LineString", "coordinates": [[-103.0584, 31.30919], [-103.06065, 31.31308], [-103.06203, 31.31735], [-103.06203, 31.32271], [-103.06203, 31.33448], [-103.0496, 31.33988], [-103.03717, 31.34742], [-103.01506, 31.34965], [-103.002, 31.35682]]}, "properties": {"operator": "Atmos Pipeline - Texas", "pipe_type": "Intrastate"}}, {"type": "Feature", "geometry": {"type": "LineString", "coordinates": [[-103.72006, 32.31744], [-103.77766, 32.27661]]}, "properties": {"operator": "Natural Gas PL Co of Am", "pipe_type": "Interstate"}}, {"type": "Feature", "geometry": {"type": "LineString", "coordinates": [[-104.02496, 32.8561], [-103.81696, 32.87219]]}, "properties": {"operator": "Natural Gas PL Co of Am", "pipe_type": "Interstate"}}, {"type": "Feature", "geometry": {"type": "LineString", "coordinates": [[-104.18931, 32.84339], [-104.0607, 32.85334], [-104.02496, 32.8561]]}, "properties": {"operator": "Natural Gas PL Co of Am", "pipe_type": "Interstate"}}, {"type": "Feature", "geometry": {"type": "LineString", "coordinates": [[-104.58176, 32.656], [-104.78054, 32.7136]]}, "properties": {"operator": "Natural Gas PL Co of Am", "pipe_type": "Interstate"}}, {"type": "Feature", "geometry": {"type": "LineString", "coordinates": [[-104.58176, 32.656], [-104.5422, 32.70109], [-104.49114, 32.7593]]}, "properties": {"operator": "Natural Gas PL Co of Am", "pipe_type": "Interstate"}}, {"type": "Feature", "geometry": {"type": "LineString", "coordinates": [[-104.35277, 32.84339], [-104.18931, 32.84339]]}, "properties": {"operator": "Natural Gas PL Co of Am", "pipe_type": "Interstate"}}, {"type": "Feature", "geometry": {"type": "LineString", "coordinates": [[-104.67738, 32.52864], [-104.67493, 32.5319], [-104.67132, 32.5367], [-104.63225, 32.58875], [-104.58176, 32.656]]}, "properties": {"operator": "Natural Gas PL Co of Am", "pipe_type": "Interstate"}}, {"type": "Feature", "geometry": {"type": "LineString", "coordinates": [[-104.44339, 32.7881], [-104.27482, 32.51187]]}, "properties": {"operator": "Natural Gas PL Co of Am", "pipe_type": "Interstate"}}, {"type": "Feature", "geometry": {"type": "LineString", "coordinates": [[-104.44339, 32.7881], [-104.40537, 32.8113], [-104.37341, 32.8308], [-104.35277, 32.84339]]}, "properties": {"operator": "Natural Gas PL Co of Am", "pipe_type": "Interstate"}}, {"type": "Feature", "geometry": {"type": "LineString", "coordinates": [[-104.49114, 32.7593], [-104.44339, 32.7881]]}, "properties": {"operator": "Natural Gas PL Co of Am", "pipe_type": "Interstate"}}, {"type": "Feature", "geometry": {"type": "LineString", "coordinates": [[-103.81696, 32.87219], [-103.7163, 32.90005], [-103.61715, 32.92749]]}, "properties": {"operator": "Natural Gas PL Co of Am", "pipe_type": "Interstate"}}, {"type": "Feature", "geometry": {"type": "LineString", "coordinates": [[-103.61715, 32.92749], [-103.51165, 33.04363], [-103.49991, 33.05655], [-103.26822, 33.31162]]}, "properties": {"operator": "Natural Gas PL Co of Am", "pipe_type": "Interstate"}}, {"type": "Feature", "geometry": {"type": "LineString", "coordinates": [[-103.32109, 32.14451], [-103.34114, 32.20978], [-103.34638, 32.22684], [-103.3644, 32.28548], [-103.37293, 32.31328], [-103.37893, 32.33279], [-103.40303, 32.41125], [-103.43398, 32.512]]}, "properties": {"operator": "Natural Gas PL Co of Am", "pipe_type": "Interstate"}}, {"type": "Feature", "geometry": {"type": "LineString", "coordinates": [[-103.26822, 33.31162], [-103.13626, 33.56864]]}, "properties": {"operator": "Natural Gas PL Co of Am", "pipe_type": "Interstate"}}, {"type": "Feature", "geometry": {"type": "LineString", "coordinates": [[-103.43398, 32.512], [-103.72006, 32.31744]]}, "properties": {"operator": "Natural Gas PL Co of Am", "pipe_type": "Interstate"}}, {"type": "Feature", "geometry": {"type": "LineString", "coordinates": [[-103.43398, 32.512], [-103.59082, 32.86775], [-103.61715, 32.92749]]}, "properties": {"operator": "Natural Gas PL Co of Am", "pipe_type": "Interstate"}}, {"type": "Feature", "geometry": {"type": "LineString", "coordinates": [[-103.26822, 33.31162], [-103.39776, 33.40288]]}, "properties": {"operator": "Natural Gas PL Co of Am", "pipe_type": "Interstate"}}, {"type": "Feature", "geometry": {"type": "LineString", "coordinates": [[-103.28166, 32.00051], [-103.29721, 32.0573], [-103.32109, 32.14451]]}, "properties": {"operator": "Natural Gas PL Co of Am", "pipe_type": "Interstate"}}, {"type": "Feature", "geometry": {"type": "LineString", "coordinates": [[-103.26426, 31.02054], [-103.2393, 31.12858]]}, "properties": {"operator": "Natural Gas PL Co of Am", "pipe_type": "Interstate"}}, {"type": "Feature", "geometry": {"type": "LineString", "coordinates": [[-103.19422, 31.32423], [-103.18451, 31.36883]]}, "properties": {"operator": "Natural Gas PL Co of Am", "pipe_type": "Interstate"}}, {"type": "Feature", "geometry": {"type": "LineString", "coordinates": [[-103.2393, 31.12858], [-103.19422, 31.32423]]}, "properties": {"operator": "Natural Gas PL Co of Am", "pipe_type": "Interstate"}}, {"type": "Feature", "geometry": {"type": "LineString", "coordinates": [[-103.18451, 31.36883], [-103.20448, 31.51053]]}, "properties": {"operator": "Natural Gas PL Co of Am", "pipe_type": "Interstate"}}, {"type": "Feature", "geometry": {"type": "LineString", "coordinates": [[-103.20448, 31.51053], [-103.23187, 31.64979]]}, "properties": {"operator": "Natural Gas PL Co of Am", "pipe_type": "Interstate"}}, {"type": "Feature", "geometry": {"type": "LineString", "coordinates": [[-103.23187, 31.64979], [-103.23215, 31.65134], [-103.24648, 31.73085], [-103.27168, 31.87072]]}, "properties": {"operator": "Natural Gas PL Co of Am", "pipe_type": "Interstate"}}, {"type": "Feature", "geometry": {"type": "LineString", "coordinates": [[-103.27168, 31.87072], [-103.27428, 31.90354], [-103.27521, 31.91661], [-103.28166, 32.00051]]}, "properties": {"operator": "Natural Gas PL Co of Am", "pipe_type": "Interstate"}}, {"type": "Feature", "geometry": {"type": "LineString", "coordinates": [[-102.5769, 32.81869], [-102.61508, 32.83253], [-102.7134, 32.86816], [-102.74033, 32.87792], [-102.78884, 32.89667]]}, "properties": {"operator": "Northern Natural Gas Co", "pipe_type": "Interstate"}}, {"type": "Feature", "geometry": {"type": "LineString", "coordinates": [[-103.4711, 32.93568], [-103.6288, 32.96307]]}, "properties": {"operator": "Northern Natural Gas Co", "pipe_type": "Interstate"}}, {"type": "Feature", "geometry": {"type": "LineString", "coordinates": [[-103.52845, 32.83251], [-103.4711, 32.93568]]}, "properties": {"operator": "Northern Natural Gas Co", "pipe_type": "Interstate"}}, {"type": "Feature", "geometry": {"type": "LineString", "coordinates": [[-103.3065, 32.7639], [-103.52845, 32.83251]]}, "properties": {"operator": "Northern Natural Gas Co", "pipe_type": "Interstate"}}, {"type": "Feature", "geometry": {"type": "LineString", "coordinates": [[-104.27264, 32.83251], [-104.70938, 32.7913]]}, "properties": {"operator": "Northern Natural Gas Co", "pipe_type": "Interstate"}}, {"type": "Feature", "geometry": {"type": "LineString", "coordinates": [[-103.82182, 32.7639], [-104.27264, 32.83251]]}, "properties": {"operator": "Northern Natural Gas Co", "pipe_type": "Interstate"}}, {"type": "Feature", "geometry": {"type": "LineString", "coordinates": [[-103.3065, 32.7639], [-103.82182, 32.7639]]}, "properties": {"operator": "Northern Natural Gas Co", "pipe_type": "Interstate"}}, {"type": "Feature", "geometry": {"type": "LineString", "coordinates": [[-103.23507, 32.53043], [-103.3065, 32.7639]]}, "properties": {"operator": "Northern Natural Gas Co", "pipe_type": "Interstate"}}, {"type": "Feature", "geometry": {"type": "LineString", "coordinates": [[-103.19232, 32.35866], [-103.20748, 32.41958], [-103.23507, 32.53043]]}, "properties": {"operator": "Northern Natural Gas Co", "pipe_type": "Interstate"}}, {"type": "Feature", "geometry": {"type": "LineString", "coordinates": [[-103.19232, 32.1321], [-103.19232, 32.35866]]}, "properties": {"operator": "Northern Natural Gas Co", "pipe_type": "Interstate"}}, {"type": "Feature", "geometry": {"type": "LineString", "coordinates": [[-103.06355, 31.82285], [-103.09951, 31.94711]]}, "properties": {"operator": "Southern Union Gas Services (TX)", "pipe_type": "Intrastate"}}, {"type": "Feature", "geometry": {"type": "LineString", "coordinates": [[-102.26202, 33.35475], [-102.25459, 33.38906]]}, "properties": {"operator": "Northern Natural Gas Co", "pipe_type": "Interstate"}}, {"type": "Feature", "geometry": {"type": "LineString", "coordinates": [[-102.46963, 32.96307], [-102.35909, 33.17162], [-102.26202, 33.35475]]}, "properties": {"operator": "Northern Natural Gas Co", "pipe_type": "Interstate"}}, {"type": "Feature", "geometry": {"type": "LineString", "coordinates": [[-102.34061, 32.90803], [-102.24051, 32.95616]]}, "properties": {"operator": "Northern Natural Gas Co", "pipe_type": "Interstate"}}, {"type": "Feature", "geometry": {"type": "LineString", "coordinates": [[-102.46963, 32.96307], [-102.34061, 32.90803]]}, "properties": {"operator": "Northern Natural Gas Co", "pipe_type": "Interstate"}}, {"type": "Feature", "geometry": {"type": "LineString", "coordinates": [[-102.61965, 32.63334], [-102.46963, 32.96307]]}, "properties": {"operator": "Northern Natural Gas Co", "pipe_type": "Interstate"}}, {"type": "Feature", "geometry": {"type": "LineString", "coordinates": [[-102.66266, 32.52352], [-102.63293, 32.59944], [-102.61965, 32.63334]]}, "properties": {"operator": "Northern Natural Gas Co", "pipe_type": "Interstate"}}, {"type": "Feature", "geometry": {"type": "LineString", "coordinates": [[-102.89178, 32.08371], [-102.66266, 32.52352]]}, "properties": {"operator": "Northern Natural Gas Co", "pipe_type": "Interstate"}}, {"type": "Feature", "geometry": {"type": "LineString", "coordinates": [[-102.97754, 31.89837], [-102.89178, 32.08371]]}, "properties": {"operator": "Northern Natural Gas Co", "pipe_type": "Interstate"}}, {"type": "Feature", "geometry": {"type": "LineString", "coordinates": [[-103.06355, 31.82285], [-102.97754, 31.89837]]}, "properties": {"operator": "Northern Natural Gas Co", "pipe_type": "Interstate"}}, {"type": "Feature", "geometry": {"type": "LineString", "coordinates": [[-103.06355, 31.82285], [-103.32109, 31.86406]]}, "properties": {"operator": "Northern Natural Gas Co", "pipe_type": "Interstate"}}, {"type": "Feature", "geometry": {"type": "LineString", "coordinates": [[-103.05613, 31.65107], [-103.06355, 31.82285]]}, "properties": {"operator": "Northern Natural Gas Co", "pipe_type": "Interstate"}}, {"type": "Feature", "geometry": {"type": "LineString", "coordinates": [[-103.05613, 31.49978], [-103.05615, 31.60109], [-103.05613, 31.62622], [-103.05613, 31.65107]]}, "properties": {"operator": "Northern Natural Gas Co", "pipe_type": "Interstate"}}, {"type": "Feature", "geometry": {"type": "LineString", "coordinates": [[-103.43526, 31.59629], [-103.49978, 31.63059]]}, "properties": {"operator": "Northern Natural Gas Co", "pipe_type": "Interstate"}}, {"type": "Feature", "geometry": {"type": "LineString", "coordinates": [[-103.43526, 31.59629], [-103.31392, 31.60294]]}, "properties": {"operator": "Northern Natural Gas Co", "pipe_type": "Interstate"}}, {"type": "Feature", "geometry": {"type": "LineString", "coordinates": [[-103.34234, 31.55482], [-103.43526, 31.59629]]}, "properties": {"operator": "Northern Natural Gas Co", "pipe_type": "Interstate"}}, {"type": "Feature", "geometry": {"type": "LineString", "coordinates": [[-103.34234, 31.55482], [-103.43526, 31.49312]]}, "properties": {"operator": "Northern Natural Gas Co", "pipe_type": "Interstate"}}, {"type": "Feature", "geometry": {"type": "LineString", "coordinates": [[-103.19923, 31.49978], [-103.34234, 31.55482]]}, "properties": {"operator": "Northern Natural Gas Co", "pipe_type": "Interstate"}}, {"type": "Feature", "geometry": {"type": "LineString", "coordinates": [[-102.34778, 32.53043], [-102.38627, 32.57886], [-102.44087, 32.64755], [-102.51688, 32.74318], [-102.5769, 32.81869]]}, "properties": {"operator": "Northern Natural Gas Co", "pipe_type": "Interstate"}}, {"type": "Feature", "geometry": {"type": "LineString", "coordinates": [[-102.34778, 32.53043], [-102.58381, 32.29696]]}, "properties": {"operator": "Northern Natural Gas Co", "pipe_type": "Interstate"}}, {"type": "Feature", "geometry": {"type": "LineString", "coordinates": [[-102.20467, 32.41344], [-102.34778, 32.53043]]}, "properties": {"operator": "Northern Natural Gas Co", "pipe_type": "Interstate"}}, {"type": "Feature", "geometry": {"type": "LineString", "coordinates": [[-102.11174, 32.31053], [-102.20467, 32.41344]]}, "properties": {"operator": "Northern Natural Gas Co", "pipe_type": "Interstate"}}, {"type": "Feature", "geometry": {"type": "LineString", "coordinates": [[-102.01856, 32.2007], [-102.11174, 32.31053]]}, "properties": {"operator": "Northern Natural Gas Co", "pipe_type": "Interstate"}}, {"type": "Feature", "geometry": {"type": "LineString", "coordinates": [[-101.86138, 32.27622], [-101.9328, 32.34483]]}, "properties": {"operator": "Northern Natural Gas Co", "pipe_type": "Interstate"}}, {"type": "Feature", "geometry": {"type": "LineString", "coordinates": [[-102.01856, 32.2007], [-101.86138, 32.27622]]}, "properties": {"operator": "Northern Natural Gas Co", "pipe_type": "Interstate"}}, {"type": "Feature", "geometry": {"type": "LineString", "coordinates": [[-101.93971, 32.09088], [-102.01856, 32.2007]]}, "properties": {"operator": "Northern Natural Gas Co", "pipe_type": "Interstate"}}, {"type": "Feature", "geometry": {"type": "LineString", "coordinates": [[-101.78253, 31.87789], [-101.82477, 31.92474]]}, "properties": {"operator": "Northern Natural Gas Co", "pipe_type": "Interstate"}}, {"type": "Feature", "geometry": {"type": "LineString", "coordinates": [[-101.59642, 31.74042], [-101.78253, 31.87789]]}, "properties": {"operator": "Northern Natural Gas Co", "pipe_type": "Interstate"}}, {"type": "Feature", "geometry": {"type": "LineString", "coordinates": [[-101.59642, 31.74042], [-101.53907, 31.78163]]}, "properties": {"operator": "Northern Natural Gas Co", "pipe_type": "Interstate"}}, {"type": "Feature", "geometry": {"type": "LineString", "coordinates": [[-101.53907, 31.65798], [-101.59642, 31.74042]]}, "properties": {"operator": "Northern Natural Gas Co", "pipe_type": "Interstate"}}, {"type": "Feature", "geometry": {"type": "LineString", "coordinates": [[-101.27437, 31.76115], [-101.13843, 31.80237]]}, "properties": {"operator": "Northern Natural Gas Co", "pipe_type": "Interstate"}}, {"type": "Feature", "geometry": {"type": "LineString", "coordinates": [[-101.53907, 31.65798], [-101.27437, 31.76115]]}, "properties": {"operator": "Northern Natural Gas Co", "pipe_type": "Interstate"}}, {"type": "Feature", "geometry": {"type": "LineString", "coordinates": [[-101.2672, 31.44499], [-101.30484, 31.47448]]}, "properties": {"operator": "Northern Natural Gas Co", "pipe_type": "Interstate"}}, {"type": "Feature", "geometry": {"type": "LineString", "coordinates": [[-101.11693, 31.30086], [-101.2672, 31.44499]]}, "properties": {"operator": "Northern Natural Gas Co", "pipe_type": "Interstate"}}, {"type": "Feature", "geometry": {"type": "LineString", "coordinates": [[-101.42464, 31.20461], [-101.41747, 31.08787]]}, "properties": {"operator": "Northern Natural Gas Co", "pipe_type": "Interstate"}}, {"type": "Feature", "geometry": {"type": "LineString", "coordinates": [[-101.2672, 31.25274], [-101.42464, 31.20461]]}, "properties": {"operator": "Northern Natural Gas Co", "pipe_type": "Interstate"}}, {"type": "Feature", "geometry": {"type": "LineString", "coordinates": [[-101.11693, 31.30086], [-101.2672, 31.25274]]}, "properties": {"operator": "Northern Natural Gas Co", "pipe_type": "Interstate"}}, {"type": "Feature", "geometry": {"type": "LineString", "coordinates": [[-101.28845, 30.58637], [-101.1671, 30.69619]]}, "properties": {"operator": "Northern Natural Gas Co", "pipe_type": "Interstate"}}, {"type": "Feature", "geometry": {"type": "LineString", "coordinates": [[-103.17082, 31.22509], [-103.36384, 31.22509]]}, "properties": {"operator": "Northern Natural Gas Co", "pipe_type": "Interstate"}}, {"type": "Feature", "geometry": {"type": "LineString", "coordinates": [[-103.05613, 31.232], [-103.17082, 31.22509]]}, "properties": {"operator": "Northern Natural Gas Co", "pipe_type": "Interstate"}}, {"type": "Feature", "geometry": {"type": "LineString", "coordinates": [[-101.82528, 31.65107], [-101.78253, 31.87789]]}, "properties": {"operator": "Northern Natural Gas Co", "pipe_type": "Interstate"}}, {"type": "Feature", "geometry": {"type": "LineString", "coordinates": [[-101.83987, 31.59629], [-101.82528, 31.65107]]}, "properties": {"operator": "Northern Natural Gas Co", "pipe_type": "Interstate"}}, {"type": "Feature", "geometry": {"type": "LineString", "coordinates": [[-101.30484, 31.47448], [-101.53907, 31.65798]]}, "properties": {"operator": "Northern Natural Gas Co", "pipe_type": "Interstate"}}, {"type": "Feature", "geometry": {"type": "LineString", "coordinates": [[-101.78253, 31.35565], [-101.79084, 31.3974], [-101.8121, 31.50406]]}, "properties": {"operator": "Northern Natural Gas Co", "pipe_type": "Interstate"}}, {"type": "Feature", "geometry": {"type": "LineString", "coordinates": [[-101.8121, 31.50406], [-101.83987, 31.59629]]}, "properties": {"operator": "Northern Natural Gas Co", "pipe_type": "Interstate"}}, {"type": "Feature", "geometry": {"type": "LineString", "coordinates": [[-102.09741, 31.20461], [-101.83409, 31.33091], [-101.79649, 31.34895], [-101.78253, 31.35565]]}, "properties": {"operator": "Northern Natural Gas Co", "pipe_type": "Interstate"}}, {"type": "Feature", "geometry": {"type": "LineString", "coordinates": [[-102.4192, 31.07405], [-102.68416, 31.27322]]}, "properties": {"operator": "Northern Natural Gas Co", "pipe_type": "Interstate"}}, {"type": "Feature", "geometry": {"type": "LineString", "coordinates": [[-102.2761, 31.04666], [-102.4192, 31.07405]]}, "properties": {"operator": "Northern Natural Gas Co", "pipe_type": "Interstate"}}, {"type": "Feature", "geometry": {"type": "LineString", "coordinates": [[-102.06848, 31.00518], [-101.96122, 30.8887]]}, "properties": {"operator": "Northern Natural Gas Co", "pipe_type": "Interstate"}}, {"type": "Feature", "geometry": {"type": "LineString", "coordinates": [[-102.06848, 31.08096], [-102.06848, 31.00518]]}, "properties": {"operator": "Northern Natural Gas Co", "pipe_type": "Interstate"}}, {"type": "Feature", "geometry": {"type": "LineString", "coordinates": [[-102.09741, 31.20461], [-102.06848, 31.08096]]}, "properties": {"operator": "Northern Natural Gas Co", "pipe_type": "Interstate"}}, {"type": "Feature", "geometry": {"type": "LineString", "coordinates": [[-102.18317, 31.14957], [-102.09741, 31.20461]]}, "properties": {"operator": "Northern Natural Gas Co", "pipe_type": "Interstate"}}, {"type": "Feature", "geometry": {"type": "LineString", "coordinates": [[-102.26893, 31.08096], [-102.18317, 31.14957]]}, "properties": {"operator": "Northern Natural Gas Co", "pipe_type": "Interstate"}}, {"type": "Feature", "geometry": {"type": "LineString", "coordinates": [[-102.2761, 31.04666], [-102.26893, 31.08096]]}, "properties": {"operator": "Northern Natural Gas Co", "pipe_type": "Interstate"}}, {"type": "Feature", "geometry": {"type": "LineString", "coordinates": [[-102.4192, 30.80602], [-102.2761, 31.04666]]}, "properties": {"operator": "Northern Natural Gas Co", "pipe_type": "Interstate"}}, {"type": "Feature", "geometry": {"type": "LineString", "coordinates": [[-102.42637, 30.65498], [-102.4192, 30.80602]]}, "properties": {"operator": "Northern Natural Gas Co", "pipe_type": "Interstate"}}, {"type": "Feature", "geometry": {"type": "LineString", "coordinates": [[-103.02274, 30.77619], [-103.33542, 30.9161]]}, "properties": {"operator": "Northern Natural Gas Co", "pipe_type": "Interstate"}}, {"type": "Feature", "geometry": {"type": "LineString", "coordinates": [[-103.08118, 30.71495], [-103.07763, 30.61376]]}, "properties": {"operator": "Northern Natural Gas Co", "pipe_type": "Interstate"}}, {"type": "Feature", "geometry": {"type": "LineString", "coordinates": [[-103.08118, 30.71495], [-103.42835, 30.73741]]}, "properties": {"operator": "Northern Natural Gas Co", "pipe_type": "Interstate"}}, {"type": "Feature", "geometry": {"type": "LineString", "coordinates": [[-103.02274, 30.77619], [-103.08118, 30.71495]]}, "properties": {"operator": "Northern Natural Gas Co", "pipe_type": "Interstate"}}, {"type": "Feature", "geometry": {"type": "LineString", "coordinates": [[-102.9339, 30.84322], [-103.02274, 30.77619]]}, "properties": {"operator": "Northern Natural Gas Co", "pipe_type": "Interstate"}}, {"type": "Feature", "geometry": {"type": "LineString", "coordinates": [[-102.89178, 30.99853], [-102.91097, 30.92775], [-102.9339, 30.84322]]}, "properties": {"operator": "Northern Natural Gas Co", "pipe_type": "Interstate"}}, {"type": "Feature", "geometry": {"type": "LineString", "coordinates": [[-102.89178, 30.99853], [-102.87027, 31.12218]]}, "properties": {"operator": "Northern Natural Gas Co", "pipe_type": "Interstate"}}, {"type": "Feature", "geometry": {"type": "LineString", "coordinates": [[-103.18515, 31.37638], [-103.18515, 31.30086]]}, "properties": {"operator": "Northern Natural Gas Co", "pipe_type": "Interstate"}}, {"type": "Feature", "geometry": {"type": "LineString", "coordinates": [[-103.19923, 31.49978], [-103.18515, 31.37638]]}, "properties": {"operator": "Northern Natural Gas Co", "pipe_type": "Interstate"}}, {"type": "Feature", "geometry": {"type": "LineString", "coordinates": [[-103.05613, 31.49978], [-103.19923, 31.49978]]}, "properties": {"operator": "Northern Natural Gas Co", "pipe_type": "Interstate"}}, {"type": "Feature", "geometry": {"type": "LineString", "coordinates": [[-103.05613, 31.37638], [-103.05617, 31.49197]]}, "properties": {"operator": "Northern Natural Gas Co", "pipe_type": "Interstate"}}, {"type": "Feature", "geometry": {"type": "LineString", "coordinates": [[-103.05613, 31.32134], [-103.05613, 31.37638]]}, "properties": {"operator": "Northern Natural Gas Co", "pipe_type": "Interstate"}}, {"type": "Feature", "geometry": {"type": "LineString", "coordinates": [[-103.05613, 31.232], [-103.05613, 31.32134]]}, "properties": {"operator": "Northern Natural Gas Co", "pipe_type": "Interstate"}}, {"type": "Feature", "geometry": {"type": "LineString", "coordinates": [[-102.89178, 30.99853], [-102.94998, 31.08121], [-102.97595, 31.1181], [-103.05613, 31.232]]}, "properties": {"operator": "Northern Natural Gas Co", "pipe_type": "Interstate"}}, {"type": "Feature", "geometry": {"type": "LineString", "coordinates": [[-102.42637, 30.65498], [-102.81357, 30.94063], [-102.81722, 30.94349], [-102.89178, 30.99853]]}, "properties": {"operator": "Northern Natural Gas Co", "pipe_type": "Interstate"}}, {"type": "Feature", "geometry": {"type": "LineString", "coordinates": [[-101.07392, 31.52742], [-101.03091, 31.32826]]}, "properties": {"operator": "Northern Natural Gas Co", "pipe_type": "Interstate"}}, {"type": "Feature", "geometry": {"type": "LineString", "coordinates": [[-101.07392, 31.56173], [-101.07392, 31.52742]]}, "properties": {"operator": "Northern Natural Gas Co", "pipe_type": "Interstate"}}, {"type": "Feature", "geometry": {"type": "LineString", "coordinates": [[-101.13843, 31.80237], [-101.07392, 31.56173]]}, "properties": {"operator": "Northern Natural Gas Co", "pipe_type": "Interstate"}}, {"type": "Feature", "geometry": {"type": "LineString", "coordinates": [[-101.13843, 31.80237], [-101.11693, 31.93958]]}, "properties": {"operator": "Northern Natural Gas Co", "pipe_type": "Interstate"}}, {"type": "Feature", "geometry": {"type": "LineString", "coordinates": [[-100.98816, 31.16339], [-101.02225, 31.19979], [-101.11693, 31.30086]]}, "properties": {"operator": "Northern Natural Gas Co", "pipe_type": "Interstate"}}, {"type": "Feature", "geometry": {"type": "LineString", "coordinates": [[-100.93082, 31.25274], [-100.77338, 31.29395]]}, "properties": {"operator": "Northern Natural Gas Co", "pipe_type": "Interstate"}}, {"type": "Feature", "geometry": {"type": "LineString", "coordinates": [[-100.98816, 31.16339], [-100.93082, 31.25274]]}, "properties": {"operator": "Northern Natural Gas Co", "pipe_type": "Interstate"}}, {"type": "Feature", "geometry": {"type": "LineString", "coordinates": [[-100.93082, 31.08096], [-100.98816, 31.16339]]}, "properties": {"operator": "Northern Natural Gas Co", "pipe_type": "Interstate"}}, {"type": "Feature", "geometry": {"type": "LineString", "coordinates": [[-100.81638, 30.9504], [-100.93082, 31.08096]]}, "properties": {"operator": "Northern Natural Gas Co", "pipe_type": "Interstate"}}, {"type": "Feature", "geometry": {"type": "LineString", "coordinates": [[-100.52301, 31.00518], [-100.35123, 31.00518]]}, "properties": {"operator": "Northern Natural Gas Co", "pipe_type": "Interstate"}}, {"type": "Feature", "geometry": {"type": "LineString", "coordinates": [[-100.81638, 30.9504], [-100.52301, 31.00518]]}, "properties": {"operator": "Northern Natural Gas Co", "pipe_type": "Interstate"}}, {"type": "Feature", "geometry": {"type": "LineString", "coordinates": [[-100.81638, 30.69619], [-100.81638, 30.47629]]}, "properties": {"operator": "Northern Natural Gas Co", "pipe_type": "Interstate"}}, {"type": "Feature", "geometry": {"type": "LineString", "coordinates": [[-100.81638, 30.9504], [-100.81638, 30.69619]]}, "properties": {"operator": "Northern Natural Gas Co", "pipe_type": "Interstate"}}, {"type": "Feature", "geometry": {"type": "LineString", "coordinates": [[-100.95949, 30.82675], [-100.81638, 30.9504]]}, "properties": {"operator": "Northern Natural Gas Co", "pipe_type": "Interstate"}}, {"type": "Feature", "geometry": {"type": "LineString", "coordinates": [[-100.95949, 30.82675], [-101.08134, 30.92301]]}, "properties": {"operator": "Northern Natural Gas Co", "pipe_type": "Interstate"}}, {"type": "Feature", "geometry": {"type": "LineString", "coordinates": [[-101.1671, 30.69619], [-100.95949, 30.82675]]}, "properties": {"operator": "Northern Natural Gas Co", "pipe_type": "Interstate"}}, {"type": "Feature", "geometry": {"type": "LineString", "coordinates": [[-102.25459, 33.38906], [-102.07693, 33.73056]]}, "properties": {"operator": "Northern Natural Gas Co", "pipe_type": "Interstate"}}, {"type": "Feature", "geometry": {"type": "LineString", "coordinates": [[-103.05617, 31.49197], [-103.05613, 31.49978]]}, "properties": {"operator": "Northern Natural Gas Co", "pipe_type": "Interstate"}}, {"type": "Feature", "geometry": {"type": "LineString", "coordinates": [[-101.82477, 31.92474], [-101.93971, 32.09088]]}, "properties": {"operator": "Northern Natural Gas Co", "pipe_type": "Interstate"}}, {"type": "Feature", "geometry": {"type": "LineString", "coordinates": [[-102.78884, 32.89667], [-103.05467, 32.82849], [-103.3065, 32.7639]]}, "properties": {"operator": "Northern Natural Gas Co", "pipe_type": "Interstate"}}, {"type": "Feature", "geometry": {"type": "LineString", "coordinates": [[-103.09951, 31.94711], [-103.11416, 32.00007]]}, "properties": {"operator": "Northern Natural Gas Co", "pipe_type": "Interstate"}}, {"type": "Feature", "geometry": {"type": "LineString", "coordinates": [[-103.11416, 32.00007], [-103.11811, 32.01437], [-103.19232, 32.1321]]}, "properties": {"operator": "Southern Union Gas Services (TX)", "pipe_type": "Intrastate"}}, {"type": "Feature", "geometry": {"type": "LineString", "coordinates": [[-102.55161, 32.96608], [-102.74033, 32.87792]]}, "properties": {"operator": "Northern Natural Gas Co", "pipe_type": "Interstate"}}, {"type": "Feature", "geometry": {"type": "LineString", "coordinates": [[-104.14041, 32.84545], [-104.14293, 32.84521], [-104.14656, 32.84485], [-104.14675, 32.84482], [-104.14914, 32.84459], [-104.1494, 32.84453], [-104.14969, 32.84449], [-104.15079, 32.84441], [-104.15149, 32.84434], [-104.15174, 32.84432], [-104.15244, 32.84455], [-104.15311, 32.84477], [-104.15324, 32.84484], [-104.15383, 32.84512], [-104.15413, 32.84527], [-104.15425, 32.84533], [-104.15457, 32.8455], [-104.15501, 32.84572], [-104.15527, 32.84586], [-104.15574, 32.84608], [-104.15613, 32.84622], [-104.15667, 32.84635], [-104.15733, 32.84644], [-104.15769, 32.8465], [-104.15799, 32.84654], [-104.1589, 32.84667], [-104.15996, 32.84686], [-104.16018, 32.84689], [-104.16062, 32.84696], [-104.16103, 32.84697], [-104.16157, 32.84699], [-104.16162, 32.84698], [-104.16185, 32.84704], [-104.16216, 32.84711], [-104.1625, 32.84714], [-104.16288, 32.84716], [-104.1631, 32.84715], [-104.16326, 32.84715], [-104.1636, 32.84715], [-104.16395, 32.84713], [-104.16426, 32.84716], [-104.16438, 32.84718], [-104.16448, 32.8472], [-104.16468, 32.84725], [-104.16497, 32.8473], [-104.16506, 32.84731], [-104.16523, 32.84734], [-104.16535, 32.84736], [-104.16563, 32.84738], [-104.1658, 32.84739], [-104.16603, 32.8474], [-104.16619, 32.84741], [-104.16636, 32.84743], [-104.16655, 32.84745], [-104.16697, 32.8475], [-104.16718, 32.84752], [-104.16731, 32.84754], [-104.16747, 32.84757], [-104.16774, 32.84758], [-104.16956, 32.84776], [-104.17001, 32.84782], [-104.17043, 32.84787], [-104.17053, 32.84786], [-104.17081, 32.84796], [-104.17228, 32.84813], [-104.17375, 32.8483], [-104.17403, 32.84837], [-104.17454, 32.8484], [-104.17502, 32.84845], [-104.17542, 32.84849], [-104.17554, 32.8485], [-104.1759, 32.84855], [-104.17614, 32.84856], [-104.17684, 32.84865], [-104.17793, 32.84876], [-104.1781, 32.84878], [-104.17829, 32.84882], [-104.1785, 32.84885], [-104.17873, 32.84884], [-104.17903, 32.84888], [-104.18154, 32.84927], [-104.18199, 32.84932], [-104.18226, 32.84935], [-104.18243, 32.84937], [-104.18281, 32.84943], [-104.18332, 32.84955], [-104.18373, 32.84964], [-104.18422, 32.84975], [-104.18445, 32.84981], [-104.185, 32.84993], [-104.18604, 32.85015], [-104.18628, 32.85018], [-104.18639, 32.8502], [-104.18679, 32.85029], [-104.18708, 32.85036], [-104.18739, 32.85042], [-104.18768, 32.8505], [-104.18801, 32.8506], [-104.18834, 32.85064], [-104.1887, 32.85072], [-104.18914, 32.85079], [-104.18951, 32.85083], [-104.18991, 32.85088], [-104.1906, 32.85097], [-104.19113, 32.85105], [-104.19162, 32.85111], [-104.19224, 32.85119], [-104.19368, 32.85137], [-104.19406, 32.85142], [-104.19431, 32.85146], [-104.19503, 32.85155], [-104.19591, 32.85167], [-104.1972, 32.85181], [-104.19738, 32.85184], [-104.19769, 32.85193], [-104.19848, 32.85219], [-104.19954, 32.85255], [-104.2002, 32.85279], [-104.20078, 32.85301], [-104.2014, 32.85323], [-104.20324, 32.85389], [-104.20378, 32.85408], [-104.20436, 32.85425], [-104.20476, 32.85436], [-104.20514, 32.85448], [-104.20568, 32.85464], [-104.20603, 32.85474], [-104.20658, 32.8549], [-104.20681, 32.85497], [-104.2073, 32.85511], [-104.20747, 32.85517], [-104.20769, 32.85523], [-104.20789, 32.85528], [-104.20803, 32.85532], [-104.20815, 32.85537], [-104.20851, 32.85549], [-104.20888, 32.85562], [-104.20915, 32.8557], [-104.21133, 32.85629], [-104.21304, 32.85679], [-104.21531, 32.85744], [-104.21723, 32.85799], [-104.21924, 32.85859], [-104.22065, 32.85899], [-104.22079, 32.85901]]}, "properties": {"operator": "Public Service Co of NM", "pipe_type": "Intrastate"}}, {"type": "Feature", "geometry": {"type": "LineString", "coordinates": [[-104.20911, 32.77705], [-104.20948, 32.77782], [-104.20964, 32.77819], [-104.20975, 32.77849], [-104.2098, 32.77858], [-104.20982, 32.77865], [-104.21011, 32.77928], [-104.21045, 32.78006], [-104.21088, 32.78098], [-104.21097, 32.78122], [-104.21107, 32.78146], [-104.21155, 32.78252], [-104.21182, 32.78316], [-104.21201, 32.78356]]}, "properties": {"operator": "Public Service Co of NM", "pipe_type": "Intrastate"}}, {"type": "Feature", "geometry": {"type": "LineString", "coordinates": [[-104.33531, 33.05207], [-104.33528, 33.05478], [-104.33541, 33.0588], [-104.33541, 33.0592]]}, "properties": {"operator": "Public Service Co of NM", "pipe_type": "Intrastate"}}, {"type": "Feature", "geometry": {"type": "LineString", "coordinates": [[-104.41796, 32.54848], [-104.41779, 32.54841], [-104.4169, 32.54763], [-104.41677, 32.54751], [-104.41648, 32.54729], [-104.41607, 32.54691], [-104.4155, 32.5464], [-104.41495, 32.54589], [-104.41423, 32.54523], [-104.41385, 32.54492], [-104.41377, 32.54486], [-104.41361, 32.5447], [-104.41353, 32.54465], [-104.41315, 32.54431], [-104.41305, 32.54424], [-104.41267, 32.54388], [-104.41218, 32.54346], [-104.41201, 32.54335], [-104.41165, 32.54299], [-104.411, 32.54246], [-104.40781, 32.53967], [-104.40742, 32.53938]]}, "properties": {"operator": "Public Service Co of NM", "pipe_type": "Intrastate"}}, {"type": "Feature", "geometry": {"type": "LineString", "coordinates": [[-104.41796, 32.54848], [-104.41797, 32.54847]]}, "properties": {"operator": "Public Service Co of NM", "pipe_type": "Intrastate"}}, {"type": "Feature", "geometry": {"type": "LineString", "coordinates": [[-104.41796, 32.54848], [-104.41809, 32.54856], [-104.43079, 32.55678], [-104.43092, 32.55683], [-104.43108, 32.55698]]}, "properties": {"operator": "Public Service Co of NM", "pipe_type": "Intrastate"}}, {"type": "Feature", "geometry": {"type": "LineString", "coordinates": [[-104.41797, 32.54847], [-104.41831, 32.5481], [-104.4184, 32.54799], [-104.41862, 32.5478], [-104.4189, 32.54749], [-104.41935, 32.54706], [-104.41944, 32.54698], [-104.41955, 32.54685], [-104.41965, 32.54679], [-104.41978, 32.54666], [-104.42002, 32.54644], [-104.42014, 32.54632], [-104.42053, 32.54594], [-104.42061, 32.54585], [-104.42082, 32.54568], [-104.42144, 32.54523], [-104.42161, 32.54511], [-104.4218, 32.54497], [-104.42206, 32.54477], [-104.42264, 32.54435], [-104.42306, 32.54406], [-104.42314, 32.54398], [-104.42387, 32.54346], [-104.42393, 32.54341], [-104.42432, 32.54311], [-104.42486, 32.54276], [-104.42555, 32.54225], [-104.42625, 32.54176], [-104.42691, 32.5413], [-104.42713, 32.54116], [-104.42726, 32.54112], [-104.42774, 32.54103], [-104.428, 32.541], [-104.42904, 32.54122], [-104.42917, 32.54137], [-104.42936, 32.54149], [-104.42941, 32.54148], [-104.43003, 32.54168], [-104.43041, 32.54181], [-104.43062, 32.54188], [-104.43082, 32.54196], [-104.43109, 32.54205], [-104.43157, 32.54222], [-104.43167, 32.54224], [-104.43223, 32.54227], [-104.43236, 32.54236], [-104.43259, 32.54245], [-104.43269, 32.54246], [-104.43329, 32.54258], [-104.43334, 32.54258], [-104.43369, 32.54262], [-104.43385, 32.54261], [-104.43403, 32.54259], [-104.43426, 32.54258], [-104.43445, 32.54257], [-104.43489, 32.54252], [-104.43497, 32.54249], [-104.43506, 32.54247], [-104.43527, 32.54248], [-104.43567, 32.54246], [-104.43585, 32.54244], [-104.43595, 32.54244], [-104.43605, 32.54242], [-104.4361, 32.54238], [-104.4362, 32.54222], [-104.43641, 32.54197], [-104.43647, 32.54187], [-104.43654, 32.54175], [-104.43672, 32.5414], [-104.4368, 32.54133], [-104.43698, 32.5411], [-104.43707, 32.54104], [-104.43719, 32.541], [-104.43741, 32.5409], [-104.43744, 32.54087], [-104.43748, 32.54083], [-104.4376, 32.54077], [-104.4377, 32.54069], [-104.43799, 32.54063], [-104.43829, 32.54052], [-104.43862, 32.54039], [-104.43871, 32.54036], [-104.43898, 32.5403], [-104.43932, 32.54029], [-104.43967, 32.54031], [-104.43972, 32.54033], [-104.44046, 32.54031], [-104.44059, 32.54029], [-104.44076, 32.54023], [-104.44082, 32.5402], [-104.44094, 32.54017], [-104.44131, 32.54]]}, "properties": {"operator": "Public Service Co of NM", "pipe_type": "Intrastate"}}, {"type": "Feature", "geometry": {"type": "LineString", "coordinates": [[-104.44131, 32.54], [-104.44235, 32.53957], [-104.44276, 32.53954], [-104.44307, 32.5396], [-104.44379, 32.53968], [-104.44473, 32.54005], [-104.44513, 32.54024], [-104.44547, 32.54041], [-104.44606, 32.54075], [-104.44621, 32.54083], [-104.44643, 32.54097], [-104.44662, 32.54112], [-104.44674, 32.54119], [-104.4471, 32.54132], [-104.4472, 32.54139], [-104.44732, 32.5415], [-104.44765, 32.54192], [-104.44798, 32.54234], [-104.44831, 32.54253], [-104.44832, 32.54254], [-104.44835, 32.54263]]}, "properties": {"operator": "Public Service Co of NM", "pipe_type": "Intrastate"}}, {"type": "Feature", "geometry": {"type": "LineString", "coordinates": [[-104.36737, 32.49253], [-104.36739, 32.49255], [-104.3674, 32.49256], [-104.36752, 32.4927], [-104.3676, 32.4928], [-104.36818, 32.49368], [-104.36834, 32.49402], [-104.36914, 32.49518], [-104.36932, 32.49547], [-104.36947, 32.49567], [-104.36973, 32.49607], [-104.37038, 32.49699], [-104.3705, 32.49723], [-104.37088, 32.49789], [-104.37115, 32.49841], [-104.37391, 32.50329], [-104.37409, 32.50357], [-104.37463, 32.50453], [-104.37926, 32.51274], [-104.37997, 32.51397], [-104.3805, 32.51491], [-104.38058, 32.51507], [-104.3808, 32.51544], [-104.38091, 32.51565], [-104.38102, 32.5158], [-104.3812, 32.51621], [-104.38126, 32.51631]]}, "properties": {"operator": "Public Service Co of NM", "pipe_type": "Intrastate"}}, {"type": "Feature", "geometry": {"type": "LineString", "coordinates": [[-104.40742, 32.53938], [-104.40717, 32.53913], [-104.40584, 32.53794], [-104.39769, 32.53086], [-104.3972, 32.53042], [-104.382, 32.5172], [-104.38194, 32.51714], [-104.38159, 32.51685], [-104.38143, 32.51672], [-104.3814, 32.51667], [-104.38134, 32.51655], [-104.38133, 32.51651], [-104.38131, 32.51643], [-104.3813, 32.51642]]}, "properties": {"operator": "Public Service Co of NM", "pipe_type": "Intrastate"}}, {"type": "Feature", "geometry": {"type": "LineString", "coordinates": [[-104.3813, 32.51642], [-104.38127, 32.51633], [-104.38127, 32.51631], [-104.38126, 32.51631]]}, "properties": {"operator": "Public Service Co of NM", "pipe_type": "Intrastate"}}, {"type": "Feature", "geometry": {"type": "LineString", "coordinates": [[-104.22616, 32.84935], [-104.22615, 32.8494], [-104.22615, 32.84941], [-104.22616, 32.84944], [-104.22608, 32.8496], [-104.22603, 32.84971], [-104.22599, 32.84982], [-104.22595, 32.84991], [-104.22589, 32.85], [-104.22584, 32.85008], [-104.22577, 32.8502], [-104.22568, 32.8504], [-104.22556, 32.85064], [-104.22548, 32.8508], [-104.22535, 32.85109], [-104.22522, 32.85136], [-104.22515, 32.85152], [-104.22505, 32.85174], [-104.22491, 32.85203], [-104.22487, 32.85212], [-104.22479, 32.85229], [-104.22463, 32.8526], [-104.22449, 32.8529], [-104.22446, 32.85295], [-104.22402, 32.85385], [-104.22391, 32.85406], [-104.22377, 32.85435], [-104.22366, 32.85459], [-104.22359, 32.85473], [-104.22348, 32.85497], [-104.22344, 32.85505], [-104.22333, 32.85527], [-104.22324, 32.85545], [-104.22317, 32.85561], [-104.22306, 32.85584], [-104.22288, 32.85623], [-104.22272, 32.85655], [-104.22254, 32.85693], [-104.22232, 32.85738], [-104.22216, 32.85772], [-104.222, 32.85804], [-104.22197, 32.85811], [-104.22193, 32.85817], [-104.22185, 32.85824], [-104.22176, 32.85831], [-104.22154, 32.85845], [-104.22101, 32.85883], [-104.22079, 32.85901]]}, "properties": {"operator": "Public Service Co of NM", "pipe_type": "Intrastate"}}, {"type": "Feature", "geometry": {"type": "LineString", "coordinates": [[-104.22084, 32.85905], [-104.22099, 32.85895], [-104.22104, 32.85892], [-104.22111, 32.85888], [-104.2212, 32.8588], [-104.22123, 32.85877], [-104.22163, 32.85848], [-104.22199, 32.85826], [-104.22261, 32.85791], [-104.22282, 32.8578], [-104.22315, 32.85765], [-104.22423, 32.85712], [-104.22485, 32.85684], [-104.22517, 32.85668], [-104.22531, 32.85661], [-104.22541, 32.85655], [-104.22547, 32.85652], [-104.22559, 32.85647], [-104.22596, 32.85629], [-104.22657, 32.856], [-104.22717, 32.8557], [-104.22782, 32.85539], [-104.22863, 32.855], [-104.22874, 32.85494], [-104.22908, 32.85478], [-104.22926, 32.85471], [-104.22932, 32.8547], [-104.22937, 32.85472], [-104.23011, 32.85433], [-104.23086, 32.85393], [-104.23128, 32.85373], [-104.23146, 32.85364], [-104.23175, 32.8535], [-104.23203, 32.85336], [-104.23244, 32.85316], [-104.23267, 32.85306], [-104.23315, 32.85282], [-104.23326, 32.8528], [-104.23341, 32.85276], [-104.23388, 32.85257], [-104.23466, 32.85217], [-104.23483, 32.85208], [-104.23579, 32.85159], [-104.23666, 32.85113], [-104.23707, 32.8511], [-104.23826, 32.85048], [-104.23939, 32.8499], [-104.23982, 32.84968], [-104.24006, 32.84955], [-104.24017, 32.84951], [-104.24025, 32.84948], [-104.24039, 32.84946], [-104.24053, 32.84946], [-104.24058, 32.84945], [-104.24064, 32.84944], [-104.24072, 32.84943], [-104.24078, 32.84943], [-104.24086, 32.84944]]}, "properties": {"operator": "Public Service Co of NM", "pipe_type": "Intrastate"}}, {"type": "Feature", "geometry": {"type": "LineString", "coordinates": [[-104.22006, 32.84722], [-104.2201, 32.84757], [-104.22012, 32.84794], [-104.22013, 32.84819], [-104.22017, 32.84842], [-104.22017, 32.84851], [-104.22015, 32.84869], [-104.22018, 32.84892], [-104.22018, 32.84935], [-104.22018, 32.84948], [-104.2202, 32.84962], [-104.22023, 32.8497], [-104.22024, 32.84989], [-104.22025, 32.84999], [-104.22026, 32.85017], [-104.22027, 32.85034], [-104.22028, 32.85047], [-104.22032, 32.85084], [-104.22032, 32.85111], [-104.22033, 32.85122], [-104.22033, 32.85134], [-104.22044, 32.85369], [-104.22045, 32.85376], [-104.22046, 32.8538], [-104.2205, 32.85401], [-104.22049, 32.85433], [-104.22052, 32.85446], [-104.22051, 32.85462], [-104.22054, 32.85479], [-104.22055, 32.85501], [-104.22058, 32.85546], [-104.22061, 32.85555], [-104.22062, 32.85562], [-104.2206, 32.85575], [-104.22062, 32.85603], [-104.22062, 32.85638], [-104.22064, 32.85669], [-104.22066, 32.85695], [-104.22068, 32.85722], [-104.2207, 32.85753], [-104.22071, 32.85777], [-104.22072, 32.85786], [-104.22073, 32.85835], [-104.22077, 32.85855], [-104.22078, 32.85873], [-104.22078, 32.85881], [-104.22078, 32.859]]}, "properties": {"operator": "Public Service Co of NM", "pipe_type": "Intrastate"}}, {"type": "Feature", "geometry": {"type": "LineString", "coordinates": [[-104.33561, 32.85388], [-104.33885, 32.85412], [-104.33886, 32.8541], [-104.34069, 32.85424], [-104.34113, 32.85424], [-104.34158, 32.85428], [-104.34194, 32.85429], [-104.34209, 32.85431], [-104.3424, 32.85436], [-104.34265, 32.85437], [-104.34304, 32.85439], [-104.34636, 32.85458], [-104.34967, 32.85477], [-104.35205, 32.8549], [-104.3537, 32.855], [-104.35567, 32.85512], [-104.35607, 32.85514], [-104.35729, 32.85516], [-104.35797, 32.85518], [-104.35814, 32.85519], [-104.35925, 32.85516], [-104.36037, 32.85513]]}, "properties": {"operator": "Public Service Co of NM", "pipe_type": "Intrastate"}}, {"type": "Feature", "geometry": {"type": "LineString", "coordinates": [[-104.37775, 32.8535], [-104.39451, 32.85342], [-104.39453, 32.85342], [-104.39457, 32.85343], [-104.39463, 32.85343], [-104.39474, 32.85344], [-104.39481, 32.85344], [-104.39483, 32.85344], [-104.39486, 32.85345], [-104.39486, 32.85335], [-104.39487, 32.85321], [-104.39487, 32.85316]]}, "properties": {"operator": "Public Service Co of NM", "pipe_type": "Intrastate"}}, {"type": "Feature", "geometry": {"type": "LineString", "coordinates": [[-104.36919, 32.85502], [-104.37219, 32.85495], [-104.37224, 32.85495], [-104.37228, 32.85494], [-104.37231, 32.85495], [-104.37503, 32.85493], [-104.37776, 32.8549], [-104.37778, 32.85437], [-104.37775, 32.8535]]}, "properties": {"operator": "Public Service Co of NM", "pipe_type": "Intrastate"}}, {"type": "Feature", "geometry": {"type": "LineString", "coordinates": [[-104.36037, 32.85513], [-104.36037, 32.85515], [-104.36477, 32.85508], [-104.36916, 32.85502]]}, "properties": {"operator": "Public Service Co of NM", "pipe_type": "Intrastate"}}, {"type": "Feature", "geometry": {"type": "LineString", "coordinates": [[-104.24143, 32.84942], [-104.24197, 32.84942], [-104.2432, 32.84934], [-104.24382, 32.84931], [-104.24503, 32.84926], [-104.24716, 32.84916], [-104.24808, 32.84914], [-104.24862, 32.84911], [-104.24959, 32.84914], [-104.2535, 32.84934], [-104.25649, 32.84963], [-104.25772, 32.8498], [-104.25802, 32.84986], [-104.25832, 32.84989], [-104.25891, 32.84998], [-104.25912, 32.84997], [-104.262, 32.8501], [-104.26269, 32.85012], [-104.26413, 32.85012], [-104.26438, 32.85014], [-104.26455, 32.85012], [-104.26477, 32.85012], [-104.26499, 32.8501], [-104.26522, 32.85009], [-104.26581, 32.85009], [-104.26635, 32.85007], [-104.2666, 32.85007], [-104.26754, 32.85005], [-104.26807, 32.85004], [-104.27172, 32.84996], [-104.27252, 32.84997], [-104.27342, 32.85], [-104.27423, 32.85002], [-104.27488, 32.85005], [-104.27572, 32.85014], [-104.27609, 32.85018], [-104.27631, 32.85019], [-104.27699, 32.8503], [-104.27833, 32.85041], [-104.27866, 32.85043], [-104.27901, 32.85047], [-104.2798, 32.85056], [-104.28005, 32.85058], [-104.28037, 32.85063], [-104.28065, 32.85063], [-104.28095, 32.85053], [-104.28261, 32.85017], [-104.28328, 32.85003], [-104.28353, 32.85], [-104.28393, 32.84993], [-104.28425, 32.84985], [-104.28464, 32.84977], [-104.28496, 32.84977], [-104.2855, 32.84979], [-104.28686, 32.84981], [-104.28712, 32.84983], [-104.28842, 32.84987], [-104.28958, 32.84989], [-104.29036, 32.84992], [-104.29099, 32.84993], [-104.29153, 32.84995], [-104.29213, 32.84998], [-104.2935, 32.85001], [-104.29513, 32.85031], [-104.2959, 32.85049], [-104.29605, 32.85053], [-104.29619, 32.85056], [-104.29693, 32.85082], [-104.29765, 32.85103], [-104.29911, 32.8515], [-104.29944, 32.85159], [-104.29963, 32.85163], [-104.29985, 32.85165], [-104.30024, 32.85175], [-104.30045, 32.85179], [-104.30117, 32.85194], [-104.30159, 32.85198], [-104.30221, 32.85202], [-104.30307, 32.85208], [-104.30393, 32.85214], [-104.30416, 32.85214], [-104.3042, 32.85212], [-104.30859, 32.85243], [-104.30901, 32.85244], [-104.31018, 32.85252], [-104.31061, 32.85253], [-104.31107, 32.85257], [-104.31457, 32.85278], [-104.31587, 32.85285], [-104.31637, 32.85291], [-104.31665, 32.85292], [-104.31678, 32.85292], [-104.31678, 32.85287], [-104.31677, 32.85283], [-104.31677, 32.85278]]}, "properties": {"operator": "Public Service Co of NM", "pipe_type": "Intrastate"}}, {"type": "Feature", "geometry": {"type": "LineString", "coordinates": [[-104.31677, 32.85278], [-104.31701, 32.8528], [-104.31726, 32.85282], [-104.31788, 32.85285], [-104.31814, 32.85287], [-104.31858, 32.8529], [-104.31883, 32.8529], [-104.32009, 32.85296], [-104.3202, 32.85298], [-104.32038, 32.85297], [-104.32062, 32.85297], [-104.32081, 32.85298], [-104.32101, 32.85298], [-104.32112, 32.853], [-104.32123, 32.853]]}, "properties": {"operator": "Public Service Co of NM", "pipe_type": "Intrastate"}}, {"type": "Feature", "geometry": {"type": "LineString", "coordinates": [[-104.32123, 32.853], [-104.33223, 32.85373], [-104.33373, 32.85382], [-104.33381, 32.85381], [-104.3352, 32.85392], [-104.33542, 32.8539], [-104.33552, 32.8539], [-104.33558, 32.85389], [-104.33561, 32.85388]]}, "properties": {"operator": "Public Service Co of NM", "pipe_type": "Intrastate"}}, {"type": "Feature", "geometry": {"type": "LineString", "coordinates": [[-104.21589, 32.80102], [-104.21595, 32.80157], [-104.21602, 32.80217], [-104.21603, 32.80223], [-104.21613, 32.80324], [-104.21613, 32.80337], [-104.21613, 32.80344], [-104.21617, 32.80356], [-104.21618, 32.80367], [-104.21625, 32.80408], [-104.21625, 32.80421], [-104.21628, 32.8044], [-104.21638, 32.80533], [-104.2164, 32.80549], [-104.21642, 32.80558], [-104.21647, 32.8061], [-104.2165, 32.80631], [-104.21652, 32.80646], [-104.21655, 32.80674], [-104.21656, 32.80687], [-104.21659, 32.80708], [-104.21672, 32.80834], [-104.21677, 32.80868], [-104.21678, 32.80878], [-104.2168, 32.80895], [-104.21685, 32.80943], [-104.21695, 32.81018], [-104.21696, 32.81032], [-104.21697, 32.81039], [-104.21702, 32.81104]]}, "properties": {"operator": "Public Service Co of NM", "pipe_type": "Intrastate"}}, {"type": "Feature", "geometry": {"type": "LineString", "coordinates": [[-104.24301, 32.81427], [-104.24305, 32.81417], [-104.24327, 32.81372], [-104.24331, 32.81364], [-104.24336, 32.81353], [-104.24338, 32.81349], [-104.24346, 32.81332], [-104.24353, 32.81319], [-104.24359, 32.81311], [-104.24422, 32.81177], [-104.24429, 32.81162], [-104.24442, 32.81135], [-104.24458, 32.81102], [-104.24463, 32.81089], [-104.24478, 32.81061], [-104.24486, 32.81044], [-104.24494, 32.81026], [-104.24503, 32.81008], [-104.24521, 32.80969], [-104.2453, 32.80953], [-104.24569, 32.80865], [-104.24591, 32.80817], [-104.24604, 32.80793], [-104.2462, 32.8076], [-104.24636, 32.80729], [-104.24646, 32.80709], [-104.2466, 32.80675], [-104.24669, 32.8066], [-104.24682, 32.80631], [-104.24698, 32.80596], [-104.24704, 32.80584], [-104.24712, 32.80567], [-104.24728, 32.80535], [-104.24735, 32.80521], [-104.24743, 32.80503], [-104.24753, 32.80484], [-104.24759, 32.80469], [-104.2477, 32.80448], [-104.24779, 32.80431], [-104.24786, 32.80418], [-104.24793, 32.80403], [-104.24796, 32.80398], [-104.24808, 32.80367], [-104.24824, 32.80333], [-104.24846, 32.80293], [-104.24848, 32.80291], [-104.24866, 32.80252], [-104.24867, 32.80248], [-104.24873, 32.80233], [-104.24878, 32.80223], [-104.2489, 32.80193], [-104.24904, 32.80168], [-104.24914, 32.80148], [-104.2492, 32.80136], [-104.24935, 32.80104], [-104.24942, 32.80089]]}, "properties": {"operator": "Public Service Co of NM", "pipe_type": "Intrastate"}}, {"type": "Feature", "geometry": {"type": "LineString", "coordinates": [[-104.25588, 32.78734], [-104.25601, 32.78709], [-104.25634, 32.78647], [-104.25654, 32.78598], [-104.25708, 32.78489], [-104.25714, 32.78474], [-104.25774, 32.78347], [-104.25786, 32.78324], [-104.258, 32.78298], [-104.25838, 32.78226], [-104.25845, 32.78216], [-104.2587, 32.78166], [-104.25881, 32.78146], [-104.25902, 32.7811], [-104.25927, 32.78066], [-104.25933, 32.78056], [-104.25938, 32.78044], [-104.2596, 32.78007], [-104.25983, 32.77954], [-104.25994, 32.77935], [-104.26004, 32.77916]]}, "properties": {"operator": "Public Service Co of NM", "pipe_type": "Intrastate"}}, {"type": "Feature", "geometry": {"type": "LineString", "coordinates": [[-104.24942, 32.80089], [-104.24965, 32.80041], [-104.24992, 32.79986], [-104.25005, 32.79954], [-104.25024, 32.79918], [-104.25034, 32.79895], [-104.25054, 32.79855], [-104.25055, 32.79847], [-104.25084, 32.79791], [-104.25112, 32.79733], [-104.2517, 32.79613], [-104.25216, 32.79511], [-104.25286, 32.79366], [-104.25294, 32.79352], [-104.25333, 32.7927], [-104.25399, 32.79134], [-104.25434, 32.79064], [-104.25539, 32.78839], [-104.25588, 32.78734]]}, "properties": {"operator": "Public Service Co of NM", "pipe_type": "Intrastate"}}, {"type": "Feature", "geometry": {"type": "LineString", "coordinates": [[-104.21201, 32.78356], [-104.21219, 32.78397], [-104.2123, 32.7842], [-104.21235, 32.78429], [-104.21244, 32.78442], [-104.21247, 32.78446], [-104.21248, 32.78462], [-104.21249, 32.78468], [-104.21252, 32.78475], [-104.2126, 32.78491], [-104.21266, 32.78506], [-104.21268, 32.78512], [-104.21274, 32.78522], [-104.2128, 32.78535], [-104.21288, 32.78553], [-104.21294, 32.78567], [-104.21306, 32.78595], [-104.21313, 32.7861], [-104.21321, 32.7863], [-104.21326, 32.7864], [-104.21331, 32.78648], [-104.21344, 32.78679], [-104.21358, 32.78712], [-104.21367, 32.78735], [-104.21384, 32.78778], [-104.21393, 32.78794], [-104.21398, 32.78806], [-104.21411, 32.78834], [-104.21426, 32.78868], [-104.21436, 32.78891], [-104.21444, 32.78908], [-104.21448, 32.78917], [-104.21454, 32.78934], [-104.21457, 32.78951], [-104.21459, 32.78965], [-104.21463, 32.78995], [-104.21465, 32.7902], [-104.21467, 32.79029], [-104.21469, 32.79047], [-104.21471, 32.79062], [-104.21473, 32.79085], [-104.21475, 32.79102], [-104.21477, 32.79128], [-104.21479, 32.79141], [-104.21482, 32.79166], [-104.21486, 32.79194], [-104.21489, 32.79218], [-104.21492, 32.7925], [-104.21495, 32.79275], [-104.215, 32.7932], [-104.21505, 32.7936], [-104.21511, 32.79423], [-104.21518, 32.79481], [-104.21524, 32.79533], [-104.21527, 32.79556], [-104.21527, 32.79565], [-104.21529, 32.79577], [-104.21532, 32.79605], [-104.2154, 32.79675], [-104.21546, 32.79722], [-104.21552, 32.79776], [-104.21557, 32.79829], [-104.21559, 32.79845], [-104.21561, 32.79865], [-104.21563, 32.79881], [-104.21568, 32.79922], [-104.2157, 32.79937], [-104.21571, 32.79947], [-104.21576, 32.79989], [-104.21581, 32.80039], [-104.21586, 32.8008], [-104.21589, 32.80102]]}, "properties": {"operator": "Public Service Co of NM", "pipe_type": "Intrastate"}}, {"type": "Feature", "geometry": {"type": "LineString", "coordinates": [[-104.21899, 32.82993], [-104.21901, 32.83021], [-104.21903, 32.83048], [-104.21905, 32.83072], [-104.21906, 32.83113], [-104.21907, 32.83121], [-104.21909, 32.83127], [-104.21909, 32.83131], [-104.21912, 32.83206], [-104.21914, 32.83221], [-104.21917, 32.83279], [-104.21916, 32.83288], [-104.21918, 32.83313], [-104.2192, 32.83327], [-104.21921, 32.83362], [-104.21925, 32.83376], [-104.21928, 32.8343], [-104.21928, 32.8344], [-104.2193, 32.83453], [-104.21931, 32.83476], [-104.21929, 32.83511], [-104.21934, 32.83562], [-104.21939, 32.83649], [-104.21945, 32.83715], [-104.21945, 32.83727], [-104.21948, 32.8378], [-104.21951, 32.83819], [-104.21953, 32.83844], [-104.21956, 32.83908], [-104.21956, 32.83922], [-104.21957, 32.83942], [-104.2196, 32.8397], [-104.21959, 32.83978], [-104.21966, 32.84068], [-104.2197, 32.84123], [-104.2197, 32.84127]]}, "properties": {"operator": "Public Service Co of NM", "pipe_type": "Intrastate"}}, {"type": "Feature", "geometry": {"type": "LineString", "coordinates": [[-104.2197, 32.84127], [-104.21969, 32.84146], [-104.21972, 32.84172], [-104.21972, 32.84183], [-104.21973, 32.84195], [-104.21975, 32.84212], [-104.21976, 32.84224], [-104.21978, 32.84257], [-104.21983, 32.84338], [-104.21986, 32.84362], [-104.21986, 32.84376], [-104.21989, 32.84426], [-104.2199, 32.84458], [-104.21991, 32.84474], [-104.21999, 32.84553], [-104.21998, 32.84558], [-104.22, 32.84578], [-104.22, 32.84588], [-104.22003, 32.84608], [-104.22002, 32.84623], [-104.22004, 32.84637], [-104.22005, 32.84652], [-104.22004, 32.84684], [-104.22005, 32.84698], [-104.22005, 32.8471], [-104.22006, 32.84718], [-104.22006, 32.84722]]}, "properties": {"operator": "Public Service Co of NM", "pipe_type": "Intrastate"}}, {"type": "Feature", "geometry": {"type": "LineString", "coordinates": [[-104.21717, 32.8122], [-104.21718, 32.81229], [-104.21717, 32.81234], [-104.21717, 32.81236], [-104.21719, 32.81243], [-104.2172, 32.81251], [-104.2172, 32.81259], [-104.21732, 32.81352], [-104.21746, 32.8145], [-104.21746, 32.81467], [-104.21751, 32.81509], [-104.21754, 32.81541], [-104.21755, 32.81546]]}, "properties": {"operator": "Public Service Co of NM", "pipe_type": "Intrastate"}}, {"type": "Feature", "geometry": {"type": "LineString", "coordinates": [[-104.21702, 32.81104], [-104.21704, 32.81137], [-104.21708, 32.81155], [-104.21711, 32.81184], [-104.21713, 32.81206], [-104.21717, 32.8122]]}, "properties": {"operator": "Public Service Co of NM", "pipe_type": "Intrastate"}}, {"type": "Feature", "geometry": {"type": "LineString", "coordinates": [[-104.21755, 32.81546], [-104.21789, 32.8185], [-104.21824, 32.8216], [-104.21824, 32.82163], [-104.21825, 32.82165], [-104.21829, 32.82187], [-104.2183, 32.82204], [-104.21831, 32.82215], [-104.21833, 32.82222], [-104.21833, 32.82237], [-104.21835, 32.82248], [-104.21839, 32.82269], [-104.21841, 32.823], [-104.21842, 32.82307], [-104.21846, 32.82341], [-104.2185, 32.82376], [-104.21851, 32.82385], [-104.21857, 32.82458], [-104.21859, 32.8247], [-104.21862, 32.82477], [-104.21865, 32.82504], [-104.21866, 32.82519], [-104.21869, 32.82547], [-104.21873, 32.82578], [-104.21874, 32.82588], [-104.21877, 32.82614], [-104.2188, 32.82643], [-104.21878, 32.8268], [-104.2188, 32.82688], [-104.21882, 32.82699], [-104.21882, 32.82713], [-104.21884, 32.82727], [-104.21884, 32.8274], [-104.21887, 32.82754], [-104.21887, 32.8277], [-104.21886, 32.82787], [-104.21889, 32.82822], [-104.21891, 32.82852], [-104.21892, 32.82877], [-104.21893, 32.82888], [-104.21894, 32.829], [-104.21896, 32.82935], [-104.21898, 32.82971], [-104.21898, 32.82987], [-104.21899, 32.82993]]}, "properties": {"operator": "Public Service Co of NM", "pipe_type": "Intrastate"}}, {"type": "Feature", "geometry": {"type": "LineString", "coordinates": [[-104.23007, 32.84126], [-104.23013, 32.84116], [-104.23023, 32.84095], [-104.23037, 32.84067], [-104.23081, 32.83975], [-104.23086, 32.83966], [-104.23112, 32.83907], [-104.23115, 32.839], [-104.23122, 32.83888], [-104.23126, 32.83879], [-104.23134, 32.83861], [-104.23144, 32.83841], [-104.23152, 32.83825], [-104.23158, 32.8381], [-104.23169, 32.83788], [-104.23176, 32.83775], [-104.23189, 32.83745], [-104.23202, 32.83716], [-104.23211, 32.83698], [-104.23218, 32.83685], [-104.23226, 32.83669], [-104.23245, 32.83628], [-104.23258, 32.83601], [-104.23283, 32.83549], [-104.23295, 32.83524], [-104.23311, 32.83493], [-104.23316, 32.83483], [-104.23321, 32.8347], [-104.23328, 32.83458], [-104.23335, 32.83443], [-104.23343, 32.83426], [-104.23345, 32.83424], [-104.23368, 32.83373], [-104.23405, 32.83295], [-104.2343, 32.83243], [-104.23437, 32.83231], [-104.23449, 32.83205], [-104.23456, 32.83189], [-104.23461, 32.83181], [-104.23462, 32.8318], [-104.23478, 32.83143], [-104.23494, 32.83111], [-104.23501, 32.83098], [-104.23511, 32.83076], [-104.23515, 32.83066], [-104.2352, 32.83054], [-104.23528, 32.83039], [-104.23549, 32.83]]}, "properties": {"operator": "Public Service Co of NM", "pipe_type": "Intrastate"}}, {"type": "Feature", "geometry": {"type": "LineString", "coordinates": [[-104.22616, 32.84935], [-104.2262, 32.84929], [-104.22694, 32.84782], [-104.22736, 32.84691], [-104.2278, 32.84599], [-104.22787, 32.84586], [-104.22796, 32.84567], [-104.22803, 32.84551], [-104.22814, 32.84527], [-104.22819, 32.8452], [-104.22834, 32.84492], [-104.22847, 32.84462], [-104.22854, 32.84445], [-104.22862, 32.84428], [-104.2287, 32.8441], [-104.22875, 32.84398], [-104.22887, 32.8437], [-104.22904, 32.84346], [-104.22921, 32.84309], [-104.22931, 32.84286], [-104.22954, 32.8424], [-104.22977, 32.84186], [-104.22992, 32.84154], [-104.23, 32.8414], [-104.23002, 32.84136], [-104.23006, 32.84131], [-104.23007, 32.84126]]}, "properties": {"operator": "Public Service Co of NM", "pipe_type": "Intrastate"}}, {"type": "Feature", "geometry": {"type": "LineString", "coordinates": [[-104.22626, 32.84935], [-104.22621, 32.84935], [-104.22616, 32.84935]]}, "properties": {"operator": "Public Service Co of NM", "pipe_type": "Intrastate"}}, {"type": "Feature", "geometry": {"type": "LineString", "coordinates": [[-104.24086, 32.84944], [-104.24088, 32.84937], [-104.24088, 32.84928], [-104.24087, 32.84924], [-104.24087, 32.84919], [-104.24087, 32.84915], [-104.24087, 32.8491], [-104.24086, 32.84906], [-104.24086, 32.84904], [-104.24086, 32.84901], [-104.24085, 32.84899]]}, "properties": {"operator": "Public Service Co of NM", "pipe_type": "Intrastate"}}, {"type": "Feature", "geometry": {"type": "LineString", "coordinates": [[-104.24143, 32.84942], [-104.24095, 32.84944], [-104.24086, 32.84944]]}, "properties": {"operator": "Public Service Co of NM", "pipe_type": "Intrastate"}}, {"type": "Feature", "geometry": {"type": "LineString", "coordinates": [[-104.24085, 32.84899], [-104.24084, 32.84899], [-104.24083, 32.84899], [-104.24079, 32.84899], [-104.24074, 32.84898], [-104.24059, 32.84898], [-104.24057, 32.84898], [-104.24052, 32.84898], [-104.2404, 32.84898], [-104.24028, 32.84899], [-104.2401, 32.84899], [-104.23281, 32.84917], [-104.23167, 32.84921], [-104.23142, 32.84921], [-104.23085, 32.84921], [-104.23026, 32.84923], [-104.2291, 32.84928], [-104.22814, 32.84931], [-104.22758, 32.84933], [-104.22721, 32.84933], [-104.22709, 32.84934], [-104.22673, 32.84934], [-104.22644, 32.84935], [-104.22637, 32.84935], [-104.2263, 32.84934], [-104.22626, 32.84935]]}, "properties": {"operator": "Public Service Co of NM", "pipe_type": "Intrastate"}}, {"type": "Feature", "geometry": {"type": "LineString", "coordinates": [[-104.24115, 32.81818], [-104.24123, 32.81804], [-104.2413, 32.81793], [-104.24133, 32.81784], [-104.24136, 32.81777], [-104.24146, 32.81754], [-104.24154, 32.81735], [-104.24164, 32.81716], [-104.24174, 32.81699], [-104.24187, 32.81668], [-104.2419, 32.81663], [-104.24198, 32.81649], [-104.24202, 32.81643], [-104.24206, 32.81631], [-104.24207, 32.81622], [-104.24218, 32.81602], [-104.24224, 32.8159], [-104.24245, 32.81548], [-104.2425, 32.81536], [-104.24269, 32.81494], [-104.24278, 32.81473], [-104.24285, 32.81459], [-104.24294, 32.8144], [-104.24296, 32.81434], [-104.243, 32.81428], [-104.24301, 32.81427]]}, "properties": {"operator": "Public Service Co of NM", "pipe_type": "Intrastate"}}, {"type": "Feature", "geometry": {"type": "LineString", "coordinates": [[-104.23549, 32.83], [-104.2355, 32.82999], [-104.23551, 32.82994], [-104.23775, 32.82524], [-104.23999, 32.82055], [-104.24028, 32.81998], [-104.241, 32.81849], [-104.24115, 32.81818]]}, "properties": {"operator": "Public Service Co of NM", "pipe_type": "Intrastate"}}, {"type": "Feature", "geometry": {"type": "LineString", "coordinates": [[-104.29972, 32.95408], [-104.29971, 32.95409], [-104.29971, 32.95413], [-104.2997, 32.95417], [-104.29974, 32.95424], [-104.29991, 32.95438], [-104.30042, 32.955], [-104.30077, 32.9554], [-104.30139, 32.95607], [-104.30224, 32.95717], [-104.30309, 32.95826]]}, "properties": {"operator": "Public Service Co of NM", "pipe_type": "Intrastate"}}, {"type": "Feature", "geometry": {"type": "LineString", "coordinates": [[-104.27517, 32.92421], [-104.27678, 32.92638], [-104.27846, 32.92866], [-104.27895, 32.92926], [-104.27976, 32.93024], [-104.28054, 32.93112], [-104.28108, 32.93175], [-104.2817, 32.93258], [-104.28218, 32.93315], [-104.28287, 32.93397], [-104.28435, 32.93576], [-104.28458, 32.93605], [-104.28494, 32.93646], [-104.28572, 32.9374], [-104.28592, 32.93766], [-104.28666, 32.93852], [-104.28758, 32.93958], [-104.28786, 32.93989], [-104.28815, 32.94032], [-104.28865, 32.94093], [-104.2888, 32.9411], [-104.28971, 32.94219], [-104.29007, 32.94263], [-104.29062, 32.9433], [-104.29135, 32.94418], [-104.29229, 32.94529], [-104.29238, 32.9454], [-104.29247, 32.94549], [-104.2927, 32.94579], [-104.29299, 32.94613], [-104.29326, 32.94646], [-104.29373, 32.94702], [-104.29401, 32.94738], [-104.29423, 32.94766], [-104.29471, 32.9482], [-104.29496, 32.9485], [-104.29517, 32.94874], [-104.29602, 32.94977], [-104.29656, 32.95042], [-104.29679, 32.95068], [-104.29701, 32.95095], [-104.29718, 32.95115], [-104.2976, 32.95168], [-104.29869, 32.95292], [-104.29972, 32.95408]]}, "properties": {"operator": "Public Service Co of NM", "pipe_type": "Intrastate"}}, {"type": "Feature", "geometry": {"type": "LineString", "coordinates": [[-104.24282, 32.88576], [-104.24293, 32.88591], [-104.24327, 32.88635], [-104.24337, 32.88646], [-104.24346, 32.88655], [-104.24373, 32.88687], [-104.24393, 32.88706], [-104.24408, 32.88728], [-104.24435, 32.88762], [-104.2451, 32.88851], [-104.24631, 32.88995], [-104.24753, 32.89138], [-104.24803, 32.89197], [-104.24818, 32.89215], [-104.24876, 32.89284], [-104.24934, 32.89354], [-104.25008, 32.89445], [-104.25074, 32.89527], [-104.25097, 32.89556], [-104.25122, 32.89586], [-104.25145, 32.89613], [-104.25201, 32.89683], [-104.25228, 32.89711], [-104.25262, 32.89749], [-104.25285, 32.89774], [-104.25304, 32.89799], [-104.25341, 32.89847], [-104.25366, 32.89876], [-104.25391, 32.89905], [-104.2541, 32.89931], [-104.2542, 32.89944], [-104.2546, 32.89989], [-104.255, 32.90034], [-104.25519, 32.90056], [-104.25558, 32.90109], [-104.2558, 32.90135], [-104.25618, 32.90177], [-104.25643, 32.90206], [-104.25678, 32.90247], [-104.25728, 32.90307], [-104.25747, 32.90331], [-104.25775, 32.90368], [-104.25832, 32.9044], [-104.25852, 32.90467], [-104.25879, 32.90501], [-104.25939, 32.90572], [-104.2599, 32.90635], [-104.26007, 32.90653], [-104.26028, 32.90677], [-104.26069, 32.9073], [-104.26077, 32.90741], [-104.26086, 32.90753], [-104.26117, 32.90786], [-104.26171, 32.90832], [-104.26181, 32.90841], [-104.26198, 32.90858], [-104.26213, 32.90876], [-104.26237, 32.90904], [-104.26262, 32.90932], [-104.26276, 32.90954], [-104.26311, 32.90999], [-104.26361, 32.91054], [-104.26401, 32.91101], [-104.26487, 32.91204], [-104.2652, 32.9125], [-104.2654, 32.91276], [-104.26575, 32.91321], [-104.26594, 32.9134], [-104.26657, 32.91423], [-104.26696, 32.9147], [-104.26736, 32.91518], [-104.26759, 32.91548], [-104.2681, 32.91616], [-104.26836, 32.91649], [-104.26854, 32.9167], [-104.26861, 32.9168]]}, "properties": {"operator": "Public Service Co of NM", "pipe_type": "Intrastate"}}, {"type": "Feature", "geometry": {"type": "LineString", "coordinates": [[-104.22082, 32.85903], [-104.22084, 32.85905]]}, "properties": {"operator": "Public Service Co of NM", "pipe_type": "Intrastate"}}, {"type": "Feature", "geometry": {"type": "LineString", "coordinates": [[-104.22079, 32.85901], [-104.22078, 32.859]]}, "properties": {"operator": "Public Service Co of NM", "pipe_type": "Intrastate"}}, {"type": "Feature", "geometry": {"type": "LineString", "coordinates": [[-104.22084, 32.85905], [-104.22139, 32.85927]]}, "properties": {"operator": "Public Service Co of NM", "pipe_type": "Intrastate"}}, {"type": "Feature", "geometry": {"type": "LineString", "coordinates": [[-104.22079, 32.85901], [-104.22082, 32.85903]]}, "properties": {"operator": "Public Service Co of NM", "pipe_type": "Intrastate"}}, {"type": "Feature", "geometry": {"type": "LineString", "coordinates": [[-104.2425, 32.8854], [-104.24255, 32.88544], [-104.24259, 32.88547], [-104.24282, 32.88576]]}, "properties": {"operator": "Public Service Co of NM", "pipe_type": "Intrastate"}}, {"type": "Feature", "geometry": {"type": "LineString", "coordinates": [[-104.24077, 32.88313], [-104.24214, 32.88489], [-104.24217, 32.88497], [-104.24224, 32.88508], [-104.24236, 32.88522], [-104.2425, 32.88539], [-104.2425, 32.8854]]}, "properties": {"operator": "Public Service Co of NM", "pipe_type": "Intrastate"}}, {"type": "Feature", "geometry": {"type": "LineString", "coordinates": [[-104.22139, 32.85927], [-104.22174, 32.85968], [-104.2219, 32.85987], [-104.22192, 32.85989], [-104.22198, 32.85998], [-104.2221, 32.86015], [-104.2225, 32.86065], [-104.2229, 32.86113], [-104.22318, 32.86148], [-104.2235, 32.86185], [-104.22393, 32.86232], [-104.22424, 32.86271], [-104.2249, 32.86355], [-104.22556, 32.86438], [-104.22566, 32.86456], [-104.22597, 32.865], [-104.22721, 32.86654], [-104.22827, 32.86786], [-104.22988, 32.86988], [-104.23075, 32.87096], [-104.2309, 32.87116], [-104.23121, 32.87156], [-104.23159, 32.87202], [-104.23182, 32.87231], [-104.23233, 32.87303], [-104.23267, 32.87346], [-104.23285, 32.87371], [-104.23291, 32.87379], [-104.23325, 32.87417], [-104.23339, 32.87434], [-104.23384, 32.87485], [-104.23399, 32.87505], [-104.23408, 32.87515], [-104.23506, 32.8763], [-104.23563, 32.87693], [-104.23618, 32.87755], [-104.23622, 32.8777], [-104.23652, 32.87806], [-104.237, 32.87861], [-104.2374, 32.87908], [-104.23755, 32.87925], [-104.23814, 32.88001], [-104.2385, 32.88046], [-104.23883, 32.88086], [-104.23902, 32.88109], [-104.23978, 32.88201], [-104.24008, 32.88235], [-104.24016, 32.88244], [-104.24052, 32.88269], [-104.24066, 32.8829], [-104.24072, 32.883], [-104.24075, 32.88309], [-104.24076, 32.88313]]}, "properties": {"operator": "Public Service Co of NM", "pipe_type": "Intrastate"}}, {"type": "Feature", "geometry": {"type": "LineString", "coordinates": [[-104.26861, 32.9168], [-104.26866, 32.91687], [-104.26875, 32.91698], [-104.26928, 32.91761], [-104.26963, 32.91799], [-104.26992, 32.91825], [-104.27153, 32.91989], [-104.27248, 32.9209], [-104.2728, 32.92125], [-104.2735, 32.922], [-104.27405, 32.92263], [-104.27436, 32.923], [-104.27456, 32.92328], [-104.27484, 32.9237], [-104.27494, 32.92385], [-104.27509, 32.92411], [-104.27517, 32.92421]]}, "properties": {"operator": "Public Service Co of NM", "pipe_type": "Intrastate"}}, {"type": "Feature", "geometry": {"type": "LineString", "coordinates": [[-104.33225, 33.00416], [-104.3323, 33.00425], [-104.33235, 33.00435], [-104.33237, 33.00438], [-104.33241, 33.00445], [-104.33248, 33.00456], [-104.33255, 33.00467], [-104.33261, 33.00477], [-104.3327, 33.00492], [-104.33305, 33.0055], [-104.33329, 33.0059], [-104.3334, 33.00607], [-104.33346, 33.00618], [-104.33365, 33.00649], [-104.33369, 33.00658], [-104.33377, 33.0067], [-104.33396, 33.007], [-104.33412, 33.00726], [-104.33417, 33.00733], [-104.33421, 33.00743], [-104.33439, 33.00774], [-104.3348, 33.00838], [-104.335, 33.00871], [-104.33502, 33.00877], [-104.33509, 33.00909], [-104.33512, 33.00928], [-104.33513, 33.00946], [-104.33515, 33.0099], [-104.33516, 33.01091], [-104.33517, 33.01227], [-104.33517, 33.01401], [-104.33518, 33.01429], [-104.33513, 33.01503], [-104.33513, 33.01557], [-104.33516, 33.0156], [-104.33516, 33.01612], [-104.33516, 33.01645], [-104.33515, 33.01678], [-104.33517, 33.01703], [-104.33517, 33.01728], [-104.33516, 33.0176], [-104.33504, 33.01849], [-104.335, 33.01856], [-104.33501, 33.01875]]}, "properties": {"operator": "Public Service Co of NM", "pipe_type": "Intrastate"}}, {"type": "Feature", "geometry": {"type": "LineString", "coordinates": [[-104.30309, 32.95826], [-104.3031, 32.95828], [-104.30315, 32.95832], [-104.30378, 32.95904], [-104.30383, 32.9591], [-104.30396, 32.95927], [-104.30422, 32.95957], [-104.3045, 32.95988], [-104.30471, 32.96012], [-104.30498, 32.96043], [-104.30543, 32.96093], [-104.30566, 32.96116], [-104.30594, 32.96157], [-104.30607, 32.96178], [-104.30635, 32.96209], [-104.30643, 32.96222], [-104.30652, 32.96232], [-104.30694, 32.96281], [-104.30751, 32.96355], [-104.30808, 32.96429], [-104.30866, 32.96497], [-104.30918, 32.9656], [-104.30966, 32.96616], [-104.30976, 32.96628], [-104.31027, 32.9669], [-104.31114, 32.96795], [-104.31234, 32.9694], [-104.31408, 32.97149], [-104.31588, 32.97367], [-104.31777, 32.97595], [-104.31813, 32.97639], [-104.31828, 32.97655], [-104.31925, 32.97772], [-104.31984, 32.97839], [-104.32011, 32.97873], [-104.32024, 32.97893], [-104.32043, 32.97914], [-104.32071, 32.97948], [-104.32078, 32.97957], [-104.32107, 32.97988], [-104.32123, 32.98007], [-104.32127, 32.98014], [-104.32199, 32.98099], [-104.32226, 32.98132], [-104.32243, 32.98154], [-104.32252, 32.98163], [-104.32288, 32.98209], [-104.32324, 32.98255], [-104.32329, 32.98264], [-104.32339, 32.98283], [-104.32363, 32.98325], [-104.32387, 32.98367], [-104.32419, 32.98418], [-104.32437, 32.98451], [-104.3245, 32.98475], [-104.32475, 32.98524], [-104.32482, 32.98535], [-104.32518, 32.98597], [-104.32539, 32.98626]]}, "properties": {"operator": "Public Service Co of NM", "pipe_type": "Intrastate"}}, {"type": "Feature", "geometry": {"type": "LineString", "coordinates": [[-104.33035, 33.00116], [-104.33039, 33.00123], [-104.33052, 33.00148], [-104.33074, 33.00183], [-104.33196, 33.00369], [-104.33219, 33.00408], [-104.33225, 33.00416]]}, "properties": {"operator": "Public Service Co of NM", "pipe_type": "Intrastate"}}, {"type": "Feature", "geometry": {"type": "LineString", "coordinates": [[-104.32554, 32.99341], [-104.32562, 32.99351], [-104.32569, 32.9936], [-104.3258, 32.99385], [-104.3259, 32.99398], [-104.32622, 32.99449], [-104.32655, 32.995], [-104.3268, 32.99544], [-104.3278, 32.99706], [-104.32857, 32.99826], [-104.32941, 32.9995], [-104.32974, 33.00013], [-104.33003, 33.00068], [-104.33018, 33.00094], [-104.33019, 33.00095], [-104.33035, 33.00116]]}, "properties": {"operator": "Public Service Co of NM", "pipe_type": "Intrastate"}}, {"type": "Feature", "geometry": {"type": "LineString", "coordinates": [[-104.32539, 32.98626], [-104.32541, 32.9863], [-104.32542, 32.98631], [-104.32544, 32.98639], [-104.32544, 32.98643], [-104.32545, 32.98648], [-104.32545, 32.98652], [-104.32547, 32.98656], [-104.32547, 32.9866], [-104.32549, 32.98667], [-104.32547, 32.98675], [-104.32547, 32.98683], [-104.3246, 32.99011], [-104.32462, 32.99016], [-104.32459, 32.99027], [-104.32457, 32.99038], [-104.32464, 32.99106], [-104.32466, 32.99124], [-104.32467, 32.9916], [-104.32482, 32.99206], [-104.3251, 32.99266], [-104.32554, 32.99341]]}, "properties": {"operator": "Public Service Co of NM", "pipe_type": "Intrastate"}}, {"type": "Feature", "geometry": {"type": "LineString", "coordinates": [[-104.30303, 32.95829], [-104.30309, 32.95826]]}, "properties": {"operator": "Public Service Co of NM", "pipe_type": "Intrastate"}}, {"type": "Feature", "geometry": {"type": "LineString", "coordinates": [[-104.33525, 33.04219], [-104.33522, 33.0374]]}, "properties": {"operator": "Public Service Co of NM", "pipe_type": "Intrastate"}}, {"type": "Feature", "geometry": {"type": "LineString", "coordinates": [[-104.33525, 33.04219], [-104.33531, 33.05207]]}, "properties": {"operator": "Public Service Co of NM", "pipe_type": "Intrastate"}}, {"type": "Feature", "geometry": {"type": "LineString", "coordinates": [[-104.33518, 33.02284], [-104.33516, 33.02284], [-104.33511, 33.02285], [-104.33506, 33.02284], [-104.33501, 33.02284]]}, "properties": {"operator": "Public Service Co of NM", "pipe_type": "Intrastate"}}, {"type": "Feature", "geometry": {"type": "LineString", "coordinates": [[-104.33502, 33.01875], [-104.33502, 33.01876], [-104.3351, 33.0189], [-104.33518, 33.01905], [-104.33518, 33.01906], [-104.33515, 33.01921], [-104.33515, 33.01927], [-104.33518, 33.01939], [-104.33517, 33.01951], [-104.33517, 33.01955], [-104.33517, 33.01962], [-104.33515, 33.01969], [-104.33516, 33.01977], [-104.33516, 33.01985], [-104.33516, 33.01993], [-104.33519, 33.02016], [-104.33518, 33.02023], [-104.33519, 33.02195], [-104.33519, 33.02236], [-104.33519, 33.02271], [-104.33518, 33.02284]]}, "properties": {"operator": "Public Service Co of NM", "pipe_type": "Intrastate"}}, {"type": "Feature", "geometry": {"type": "LineString", "coordinates": [[-104.33522, 33.0374], [-104.33518, 33.02284]]}, "properties": {"operator": "Public Service Co of NM", "pipe_type": "Intrastate"}}, {"type": "Feature", "geometry": {"type": "LineString", "coordinates": [[-104.48315, 33.35004], [-104.48322, 33.35015], [-104.48326, 33.35021], [-104.48331, 33.35025], [-104.48351, 33.35049], [-104.48372, 33.35077], [-104.48401, 33.35116], [-104.48431, 33.35157], [-104.48435, 33.35163], [-104.48452, 33.35187], [-104.48457, 33.35193], [-104.48517, 33.35274], [-104.48532, 33.35294], [-104.48544, 33.35311], [-104.48557, 33.35327], [-104.4859, 33.35372], [-104.48628, 33.35422], [-104.48638, 33.35436], [-104.48649, 33.35455], [-104.48651, 33.35457]]}, "properties": {"operator": "Public Service Co of NM", "pipe_type": "Intrastate"}}, {"type": "Feature", "geometry": {"type": "LineString", "coordinates": [[-104.4698, 33.30657], [-104.4702, 33.30681], [-104.47058, 33.30703], [-104.47085, 33.30719], [-104.47139, 33.30752], [-104.47146, 33.30757], [-104.47171, 33.30771], [-104.47196, 33.30786], [-104.47216, 33.30798], [-104.47277, 33.30835], [-104.47328, 33.30865], [-104.47342, 33.30874], [-104.47359, 33.30883], [-104.47381, 33.30896], [-104.47396, 33.30905], [-104.47439, 33.30931], [-104.47459, 33.30943], [-104.47598, 33.31027], [-104.47738, 33.3111], [-104.47751, 33.31117], [-104.47772, 33.31122], [-104.47781, 33.31126], [-104.47808, 33.31149], [-104.47847, 33.31172], [-104.47852, 33.31178], [-104.47881, 33.31195], [-104.47914, 33.31214], [-104.48002, 33.31266], [-104.48096, 33.31322], [-104.48156, 33.31358], [-104.48213, 33.31391], [-104.48221, 33.31397], [-104.48236, 33.31407], [-104.48283, 33.31435], [-104.4837, 33.31486], [-104.48471, 33.31545], [-104.48589, 33.31615], [-104.48652, 33.31653], [-104.48688, 33.31675]]}, "properties": {"operator": "Public Service Co of NM", "pipe_type": "Intrastate"}}, {"type": "Feature", "geometry": {"type": "LineString", "coordinates": [[-104.49396, 33.32098], [-104.49331, 33.32101], [-104.4901, 33.32099], [-104.4861, 33.32098], [-104.48233, 33.32095], [-104.47865, 33.32092], [-104.47333, 33.32087], [-104.46621, 33.32085], [-104.46511, 33.32085], [-104.46474, 33.32084], [-104.46367, 33.32085], [-104.46299, 33.32084], [-104.46287, 33.32082], [-104.46273, 33.32084], [-104.46206, 33.32082], [-104.46203, 33.32081], [-104.46197, 33.3208], [-104.46194, 33.32081], [-104.46194, 33.32083], [-104.46198, 33.32106], [-104.462, 33.32108]]}, "properties": {"operator": "Public Service Co of NM", "pipe_type": "Intrastate"}}, {"type": "Feature", "geometry": {"type": "LineString", "coordinates": [[-104.48688, 33.31675], [-104.48737, 33.31704], [-104.4874, 33.31709], [-104.4879, 33.31738], [-104.48833, 33.31764], [-104.4889, 33.31797], [-104.48982, 33.31852], [-104.49023, 33.31877], [-104.4904, 33.31887], [-104.49057, 33.31897], [-104.49072, 33.31905], [-104.49082, 33.31913], [-104.49232, 33.32002], [-104.49381, 33.3209], [-104.49386, 33.32094], [-104.49388, 33.32096], [-104.49393, 33.32097], [-104.49396, 33.32098]]}, "properties": {"operator": "Public Service Co of NM", "pipe_type": "Intrastate"}}, {"type": "Feature", "geometry": {"type": "LineString", "coordinates": [[-104.49396, 33.32098], [-104.49438, 33.32123], [-104.49455, 33.32133], [-104.49473, 33.32145], [-104.49529, 33.32178], [-104.49549, 33.3219], [-104.49592, 33.32216], [-104.49605, 33.32223], [-104.49635, 33.32238], [-104.49665, 33.32252], [-104.49684, 33.32265], [-104.4974, 33.323], [-104.49751, 33.32304], [-104.49758, 33.32311], [-104.49779, 33.32325], [-104.49796, 33.32336], [-104.49814, 33.32351], [-104.49838, 33.32364], [-104.4988, 33.324], [-104.49908, 33.32422], [-104.49937, 33.32443], [-104.49958, 33.32458], [-104.49974, 33.32474], [-104.49996, 33.32501], [-104.50014, 33.3252], [-104.50051, 33.32558], [-104.50064, 33.32571], [-104.5009, 33.32594], [-104.50096, 33.32604], [-104.50108, 33.32618], [-104.50113, 33.32625], [-104.50153, 33.3267], [-104.50161, 33.32686], [-104.50167, 33.32696], [-104.50187, 33.32724], [-104.50198, 33.32738], [-104.50205, 33.32748], [-104.50219, 33.32769], [-104.5023, 33.32784], [-104.50246, 33.3281], [-104.50255, 33.32824], [-104.50261, 33.32832], [-104.50275, 33.32858], [-104.50294, 33.32893], [-104.50315, 33.32935], [-104.50344, 33.32997], [-104.50358, 33.33026], [-104.50363, 33.33037], [-104.5037, 33.3306], [-104.5038, 33.3308], [-104.50384, 33.33091], [-104.50388, 33.33102], [-104.50398, 33.33135], [-104.50403, 33.33154], [-104.50407, 33.33172], [-104.50412, 33.33189], [-104.50435, 33.33284], [-104.50444, 33.33324], [-104.50464, 33.33404], [-104.50468, 33.3342], [-104.50475, 33.33451], [-104.50484, 33.33485], [-104.5049, 33.33515], [-104.50512, 33.33608], [-104.50519, 33.33642], [-104.50525, 33.33667], [-104.50535, 33.33701], [-104.50545, 33.33747], [-104.50566, 33.33827], [-104.50581, 33.33891], [-104.50606, 33.33992], [-104.5061, 33.34017], [-104.50619, 33.34054], [-104.50631, 33.34105], [-104.50645, 33.34166], [-104.50652, 33.34191], [-104.50655, 33.34207], [-104.50674, 33.34284], [-104.50678, 33.34293], [-104.50702, 33.34393], [-104.50727, 33.34494], [-104.50726, 33.34497], [-104.50728, 33.34508], [-104.50755, 33.34612], [-104.50775, 33.3469], [-104.50774, 33.34705], [-104.50778, 33.34721], [-104.5078, 33.34729], [-104.50791, 33.34775], [-104.50793, 33.34786], [-104.50796, 33.34792], [-104.50799, 33.34807], [-104.50809, 33.34839], [-104.50809, 33.34845], [-104.50809, 33.34849], [-104.50811, 33.34859], [-104.50818, 33.34877], [-104.50819, 33.34887], [-104.50821, 33.34896], [-104.50823, 33.34905], [-104.50825, 33.34914], [-104.50842, 33.34985], [-104.50844, 33.34995], [-104.50851, 33.35019], [-104.50845, 33.35021], [-104.5084, 33.35021], [-104.50821, 33.3502], [-104.50817, 33.3502], [-104.50797, 33.35022], [-104.50787, 33.35022], [-104.50764, 33.35021], [-104.50754, 33.35021], [-104.5075, 33.35021], [-104.50745, 33.35022], [-104.50739, 33.35021], [-104.50735, 33.35021], [-104.50732, 33.35019], [-104.50731, 33.35017]]}, "properties": {"operator": "Public Service Co of NM", "pipe_type": "Intrastate"}}, {"type": "Feature", "geometry": {"type": "LineString", "coordinates": [[-104.48848, 33.35725], [-104.48858, 33.35737], [-104.48867, 33.35746], [-104.48874, 33.35756], [-104.48889, 33.35778], [-104.48925, 33.35825], [-104.48982, 33.35902], [-104.49024, 33.35958], [-104.4905, 33.35994], [-104.49064, 33.36014], [-104.4913, 33.36102], [-104.49224, 33.36231], [-104.49322, 33.36365], [-104.49423, 33.36504], [-104.49525, 33.36643], [-104.4956, 33.3669], [-104.49617, 33.36765], [-104.49655, 33.36819], [-104.4966, 33.36826], [-104.49668, 33.36837]]}, "properties": {"operator": "Public Service Co of NM", "pipe_type": "Intrastate"}}, {"type": "Feature", "geometry": {"type": "LineString", "coordinates": [[-104.48852, 33.35723], [-104.48848, 33.35725]]}, "properties": {"operator": "Public Service Co of NM", "pipe_type": "Intrastate"}}, {"type": "Feature", "geometry": {"type": "LineString", "coordinates": [[-104.48651, 33.35457], [-104.48657, 33.35464], [-104.48665, 33.35474], [-104.48679, 33.35494], [-104.48697, 33.35518], [-104.48733, 33.35567], [-104.48785, 33.35638], [-104.48816, 33.35681], [-104.48834, 33.35708], [-104.48841, 33.35717], [-104.48848, 33.35725]]}, "properties": {"operator": "Public Service Co of NM", "pipe_type": "Intrastate"}}, {"type": "Feature", "geometry": {"type": "LineString", "coordinates": [[-104.48651, 33.35457], [-104.48653, 33.35455]]}, "properties": {"operator": "Public Service Co of NM", "pipe_type": "Intrastate"}}, {"type": "Feature", "geometry": {"type": "LineString", "coordinates": [[-104.50463, 33.37924], [-104.50464, 33.37928], [-104.50465, 33.3793], [-104.50464, 33.3793], [-104.50461, 33.37932], [-104.50457, 33.37934], [-104.50454, 33.37936], [-104.50453, 33.37937], [-104.50453, 33.37938], [-104.50457, 33.37944], [-104.5046, 33.37946], [-104.5046, 33.37947], [-104.50458, 33.37948], [-104.5046, 33.37951], [-104.50466, 33.37958], [-104.50468, 33.37961], [-104.50469, 33.37964], [-104.50472, 33.37968], [-104.50473, 33.37969], [-104.50474, 33.3797], [-104.50479, 33.38001]]}, "properties": {"operator": "Public Service Co of NM", "pipe_type": "Intrastate"}}, {"type": "Feature", "geometry": {"type": "LineString", "coordinates": [[-104.49668, 33.36837], [-104.49672, 33.36842], [-104.49705, 33.36886], [-104.49734, 33.36927], [-104.49774, 33.3698], [-104.49818, 33.37041], [-104.49866, 33.37106], [-104.49914, 33.3717], [-104.49945, 33.37212], [-104.4995, 33.37222], [-104.49961, 33.37234], [-104.50004, 33.37294], [-104.50016, 33.37311], [-104.50063, 33.37374], [-104.50155, 33.375], [-104.50186, 33.37542], [-104.50463, 33.37924]]}, "properties": {"operator": "Public Service Co of NM", "pipe_type": "Intrastate"}}, {"type": "Feature", "geometry": {"type": "LineString", "coordinates": [[-104.39937, 33.23509], [-104.3995, 33.23526], [-104.39983, 33.23571], [-104.39994, 33.23585], [-104.39999, 33.23592], [-104.40026, 33.23629], [-104.40065, 33.23682], [-104.4012, 33.23758], [-104.40163, 33.23815], [-104.40222, 33.23896], [-104.40267, 33.23957], [-104.40364, 33.2409], [-104.40403, 33.24142], [-104.40412, 33.24154], [-104.40431, 33.2418], [-104.40441, 33.24194], [-104.40468, 33.24232], [-104.40483, 33.24252], [-104.40506, 33.24284], [-104.40549, 33.24343], [-104.4057, 33.24371], [-104.40598, 33.24409], [-104.40643, 33.2447], [-104.40692, 33.24536], [-104.40774, 33.24648], [-104.40845, 33.24745], [-104.4098, 33.24931], [-104.41061, 33.25041], [-104.41092, 33.25082], [-104.41102, 33.25098], [-104.41149, 33.25163], [-104.41243, 33.25291], [-104.41326, 33.25403], [-104.41331, 33.2541], [-104.41361, 33.25451], [-104.41388, 33.25489], [-104.41429, 33.25545], [-104.4145, 33.25573], [-104.41455, 33.25579], [-104.41461, 33.25589]]}, "properties": {"operator": "Public Service Co of NM", "pipe_type": "Intrastate"}}, {"type": "Feature", "geometry": {"type": "LineString", "coordinates": [[-104.33545, 33.14662], [-104.33546, 33.14674], [-104.33548, 33.14704], [-104.33553, 33.14726], [-104.33556, 33.14747], [-104.33566, 33.14759], [-104.3358, 33.14792], [-104.33597, 33.14825], [-104.33606, 33.14832], [-104.33618, 33.14848], [-104.33623, 33.14854], [-104.33711, 33.14977], [-104.33717, 33.14987], [-104.33723, 33.14993], [-104.33752, 33.15032], [-104.33806, 33.15107], [-104.33847, 33.15163], [-104.34007, 33.15382], [-104.3414, 33.15563], [-104.34279, 33.15755], [-104.34412, 33.15937], [-104.34552, 33.1613], [-104.34701, 33.16334], [-104.34858, 33.1655], [-104.34892, 33.16598], [-104.34897, 33.16603]]}, "properties": {"operator": "Public Service Co of NM", "pipe_type": "Intrastate"}}, {"type": "Feature", "geometry": {"type": "LineString", "coordinates": [[-104.3878, 33.19744], [-104.38779, 33.19789], [-104.3878, 33.19873], [-104.3878, 33.19926], [-104.38782, 33.19934], [-104.38779, 33.1994], [-104.38781, 33.19954], [-104.38782, 33.20038], [-104.38778, 33.20061], [-104.3878, 33.20069], [-104.3878, 33.20157], [-104.38781, 33.20265], [-104.38783, 33.20366], [-104.38784, 33.20524], [-104.38785, 33.2066], [-104.38785, 33.208], [-104.38785, 33.20923], [-104.38786, 33.21067], [-104.38786, 33.2119], [-104.38786, 33.21203], [-104.38787, 33.21213]]}, "properties": {"operator": "Public Service Co of NM", "pipe_type": "Intrastate"}}, {"type": "Feature", "geometry": {"type": "LineString", "coordinates": [[-104.37505, 33.2012], [-104.37506, 33.20147], [-104.37506, 33.20175], [-104.37561, 33.20251], [-104.37614, 33.20324], [-104.37653, 33.20377], [-104.37697, 33.20438], [-104.37723, 33.20474], [-104.37745, 33.20505], [-104.37779, 33.20551], [-104.37788, 33.20563], [-104.37799, 33.20579], [-104.3783, 33.20621], [-104.37838, 33.20631], [-104.37975, 33.20818], [-104.38111, 33.21004], [-104.38115, 33.21008], [-104.38122, 33.21015], [-104.38154, 33.21063], [-104.38263, 33.21214], [-104.38372, 33.21364], [-104.38445, 33.21463], [-104.38518, 33.21562], [-104.3852, 33.21565], [-104.38523, 33.2157], [-104.38531, 33.2158]]}, "properties": {"operator": "Public Service Co of NM", "pipe_type": "Intrastate"}}, {"type": "Feature", "geometry": {"type": "LineString", "coordinates": [[-104.3773, 33.19752], [-104.37747, 33.19754], [-104.3775, 33.19753], [-104.37763, 33.19751], [-104.37766, 33.19751], [-104.37774, 33.19752], [-104.37777, 33.19753], [-104.37786, 33.19753], [-104.37801, 33.19751], [-104.37806, 33.1975], [-104.37817, 33.1975], [-104.37827, 33.19749], [-104.37837, 33.19749], [-104.37859, 33.19749], [-104.37871, 33.19749], [-104.37889, 33.19751], [-104.37901, 33.19752], [-104.37913, 33.19753], [-104.3793, 33.19753], [-104.3795, 33.1975], [-104.3797, 33.19751], [-104.37987, 33.1975], [-104.3801, 33.1975], [-104.38056, 33.1975], [-104.38086, 33.1975], [-104.3814, 33.1975], [-104.38161, 33.1975], [-104.38175, 33.19752], [-104.38188, 33.19753], [-104.38224, 33.1975], [-104.38237, 33.1975], [-104.38254, 33.1975], [-104.38265, 33.19752], [-104.38322, 33.1975], [-104.38376, 33.1975], [-104.38404, 33.19749], [-104.38418, 33.19748], [-104.38444, 33.19749], [-104.38472, 33.19749], [-104.38515, 33.19749], [-104.38561, 33.19748], [-104.38575, 33.19748], [-104.38582, 33.19747], [-104.38595, 33.19746], [-104.38638, 33.19745], [-104.3865, 33.19745], [-104.38662, 33.19745], [-104.38724, 33.19745], [-104.38734, 33.19745], [-104.38739, 33.19745], [-104.3878, 33.19744]]}, "properties": {"operator": "Public Service Co of NM", "pipe_type": "Intrastate"}}, {"type": "Feature", "geometry": {"type": "LineString", "coordinates": [[-104.36155, 33.18284], [-104.36152, 33.18284], [-104.36146, 33.18286], [-104.36134, 33.18295]]}, "properties": {"operator": "Public Service Co of NM", "pipe_type": "Intrastate"}}, {"type": "Feature", "geometry": {"type": "LineString", "coordinates": [[-104.37505, 33.1977], [-104.37504, 33.19772], [-104.37497, 33.19791], [-104.37494, 33.19887], [-104.37496, 33.19891], [-104.37502, 33.19991], [-104.37507, 33.20092], [-104.37505, 33.20113], [-104.37505, 33.2012]]}, "properties": {"operator": "Public Service Co of NM", "pipe_type": "Intrastate"}}, {"type": "Feature", "geometry": {"type": "LineString", "coordinates": [[-104.37505, 33.1977], [-104.37504, 33.19765], [-104.37503, 33.19761], [-104.37503, 33.19755]]}, "properties": {"operator": "Public Service Co of NM", "pipe_type": "Intrastate"}}, {"type": "Feature", "geometry": {"type": "LineString", "coordinates": [[-104.37503, 33.19755], [-104.37583, 33.19755], [-104.37608, 33.19754], [-104.37636, 33.19754], [-104.37658, 33.19755], [-104.37678, 33.19754], [-104.37704, 33.1975], [-104.37726, 33.19752], [-104.3773, 33.19752]]}, "properties": {"operator": "Public Service Co of NM", "pipe_type": "Intrastate"}}, {"type": "Feature", "geometry": {"type": "LineString", "coordinates": [[-104.36954, 33.19422], [-104.3697, 33.19408], [-104.36977, 33.19403]]}, "properties": {"operator": "Public Service Co of NM", "pipe_type": "Intrastate"}}, {"type": "Feature", "geometry": {"type": "LineString", "coordinates": [[-104.36954, 33.19422], [-104.36969, 33.19441], [-104.36985, 33.19463], [-104.37017, 33.19505], [-104.37035, 33.19524], [-104.37066, 33.19554], [-104.37099, 33.19586], [-104.37115, 33.19607], [-104.37163, 33.19673], [-104.37196, 33.19719], [-104.37219, 33.19745], [-104.37248, 33.19761], [-104.37279, 33.19768], [-104.37362, 33.19767], [-104.37376, 33.19767], [-104.37406, 33.19767], [-104.375, 33.1977], [-104.37505, 33.1977]]}, "properties": {"operator": "Public Service Co of NM", "pipe_type": "Intrastate"}}, {"type": "Feature", "geometry": {"type": "LineString", "coordinates": [[-104.36134, 33.18295], [-104.3615, 33.1832], [-104.36211, 33.18403], [-104.36305, 33.18534], [-104.36347, 33.1859], [-104.3641, 33.18677], [-104.36498, 33.18797], [-104.36565, 33.18888], [-104.36676, 33.19038], [-104.36764, 33.1916], [-104.36787, 33.1919], [-104.36851, 33.19277], [-104.36921, 33.19374], [-104.36934, 33.19392], [-104.36954, 33.19422]]}, "properties": {"operator": "Public Service Co of NM", "pipe_type": "Intrastate"}}, {"type": "Feature", "geometry": {"type": "LineString", "coordinates": [[-104.34897, 33.16603], [-104.34903, 33.16601], [-104.34915, 33.166], [-104.34918, 33.166], [-104.34921, 33.166], [-104.34927, 33.16599], [-104.3493, 33.166], [-104.34936, 33.166]]}, "properties": {"operator": "Public Service Co of NM", "pipe_type": "Intrastate"}}, {"type": "Feature", "geometry": {"type": "LineString", "coordinates": [[-104.34897, 33.16603], [-104.34908, 33.16616], [-104.35048, 33.16808]]}, "properties": {"operator": "Public Service Co of NM", "pipe_type": "Intrastate"}}, {"type": "Feature", "geometry": {"type": "LineString", "coordinates": [[-104.35048, 33.16808], [-104.35053, 33.16816], [-104.35082, 33.16856], [-104.35255, 33.17093], [-104.35607, 33.17576], [-104.35902, 33.1798], [-104.36099, 33.1825], [-104.36134, 33.18295]]}, "properties": {"operator": "Public Service Co of NM", "pipe_type": "Intrastate"}}, {"type": "Feature", "geometry": {"type": "LineString", "coordinates": [[-104.38787, 33.21214], [-104.38791, 33.21308], [-104.38791, 33.21429], [-104.38792, 33.21591], [-104.38791, 33.2173], [-104.38792, 33.2181], [-104.38793, 33.21828], [-104.38796, 33.21861], [-104.38801, 33.21888], [-104.38808, 33.21913], [-104.38819, 33.21949]]}, "properties": {"operator": "Public Service Co of NM", "pipe_type": "Intrastate"}}, {"type": "Feature", "geometry": {"type": "LineString", "coordinates": [[-104.38819, 33.21949], [-104.38801, 33.21956]]}, "properties": {"operator": "Public Service Co of NM", "pipe_type": "Intrastate"}}, {"type": "Feature", "geometry": {"type": "LineString", "coordinates": [[-104.38531, 33.2158], [-104.38532, 33.21581], [-104.38532, 33.21582], [-104.38538, 33.21589], [-104.3854, 33.21591], [-104.38801, 33.21956]]}, "properties": {"operator": "Public Service Co of NM", "pipe_type": "Intrastate"}}, {"type": "Feature", "geometry": {"type": "LineString", "coordinates": [[-104.38531, 33.2158], [-104.38565, 33.2158], [-104.38568, 33.2158], [-104.38577, 33.2158], [-104.38585, 33.21581], [-104.38592, 33.21581], [-104.38603, 33.2158], [-104.38607, 33.21581], [-104.38609, 33.21581]]}, "properties": {"operator": "Public Service Co of NM", "pipe_type": "Intrastate"}}, {"type": "Feature", "geometry": {"type": "LineString", "coordinates": [[-104.38801, 33.21956], [-104.38819, 33.21985], [-104.38838, 33.22013], [-104.38844, 33.2202], [-104.38859, 33.22042], [-104.38874, 33.22058], [-104.38934, 33.2214], [-104.38947, 33.22158], [-104.38954, 33.22167]]}, "properties": {"operator": "Public Service Co of NM", "pipe_type": "Intrastate"}}, {"type": "Feature", "geometry": {"type": "LineString", "coordinates": [[-104.39937, 33.23509], [-104.39941, 33.23509], [-104.39944, 33.23508], [-104.39955, 33.23505], [-104.39956, 33.23504]]}, "properties": {"operator": "Public Service Co of NM", "pipe_type": "Intrastate"}}, {"type": "Feature", "geometry": {"type": "LineString", "coordinates": [[-104.38954, 33.22167], [-104.38985, 33.22207], [-104.38987, 33.2221], [-104.39027, 33.22265], [-104.39072, 33.22327], [-104.39097, 33.22362], [-104.39132, 33.22409], [-104.39166, 33.22454], [-104.39207, 33.22511], [-104.39233, 33.22547], [-104.39261, 33.22585], [-104.39285, 33.22616], [-104.39307, 33.22647], [-104.39415, 33.22797], [-104.3944, 33.22832], [-104.3948, 33.22887], [-104.39524, 33.22947], [-104.39555, 33.22989], [-104.39585, 33.2303], [-104.39616, 33.23072], [-104.39648, 33.23116], [-104.39695, 33.2318], [-104.39742, 33.23245], [-104.39805, 33.23331], [-104.3985, 33.23392], [-104.399, 33.23461], [-104.39927, 33.23499], [-104.39937, 33.23509]]}, "properties": {"operator": "Public Service Co of NM", "pipe_type": "Intrastate"}}, {"type": "Feature", "geometry": {"type": "LineString", "coordinates": [[-104.33547, 33.08135], [-104.33548, 33.08139], [-104.33547, 33.08146], [-104.33547, 33.08162], [-104.33546, 33.08458], [-104.33552, 33.08947], [-104.33532, 33.09072], [-104.33533, 33.09199], [-104.33543, 33.09858], [-104.33555, 33.10734], [-104.33556, 33.1096], [-104.33556, 33.11004], [-104.33557, 33.11017]]}, "properties": {"operator": "Public Service Co of NM", "pipe_type": "Intrastate"}}, {"type": "Feature", "geometry": {"type": "LineString", "coordinates": [[-104.33546, 33.07894], [-104.33547, 33.08135]]}, "properties": {"operator": "Public Service Co of NM", "pipe_type": "Intrastate"}}, {"type": "Feature", "geometry": {"type": "LineString", "coordinates": [[-104.33544, 33.07403], [-104.33548, 33.07662], [-104.33546, 33.07894]]}, "properties": {"operator": "Public Service Co of NM", "pipe_type": "Intrastate"}}, {"type": "Feature", "geometry": {"type": "LineString", "coordinates": [[-104.33541, 33.0592], [-104.33542, 33.0593], [-104.33542, 33.05977], [-104.33539, 33.06085], [-104.33538, 33.06167], [-104.3354, 33.06301], [-104.3354, 33.06482], [-104.33543, 33.06552], [-104.33542, 33.06589], [-104.33535, 33.06671], [-104.33536, 33.07147], [-104.33544, 33.07403]]}, "properties": {"operator": "Public Service Co of NM", "pipe_type": "Intrastate"}}, {"type": "Feature", "geometry": {"type": "LineString", "coordinates": [[-104.33554, 33.13225], [-104.33553, 33.13246], [-104.33552, 33.1325], [-104.33548, 33.13327], [-104.33539, 33.13479], [-104.3354, 33.135], [-104.33539, 33.13514], [-104.33539, 33.13544], [-104.33539, 33.13549], [-104.33537, 33.13576], [-104.33535, 33.13639], [-104.33532, 33.13732], [-104.33527, 33.13866], [-104.33522, 33.1394], [-104.33523, 33.13948]]}, "properties": {"operator": "Public Service Co of NM", "pipe_type": "Intrastate"}}, {"type": "Feature", "geometry": {"type": "LineString", "coordinates": [[-104.33603, 33.12488], [-104.33628, 33.13198], [-104.3363, 33.13226], [-104.33554, 33.13225]]}, "properties": {"operator": "Public Service Co of NM", "pipe_type": "Intrastate"}}, {"type": "Feature", "geometry": {"type": "LineString", "coordinates": [[-104.33573, 33.12489], [-104.33574, 33.12568], [-104.33564, 33.12834], [-104.33569, 33.13069], [-104.33554, 33.13225]]}, "properties": {"operator": "Public Service Co of NM", "pipe_type": "Intrastate"}}, {"type": "Feature", "geometry": {"type": "LineString", "coordinates": [[-104.33593, 33.12489], [-104.33603, 33.12488]]}, "properties": {"operator": "Public Service Co of NM", "pipe_type": "Intrastate"}}, {"type": "Feature", "geometry": {"type": "LineString", "coordinates": [[-104.33573, 33.12489], [-104.33593, 33.12489]]}, "properties": {"operator": "Public Service Co of NM", "pipe_type": "Intrastate"}}, {"type": "Feature", "geometry": {"type": "LineString", "coordinates": [[-104.33595, 33.11705], [-104.33595, 33.11728], [-104.33597, 33.1177], [-104.33602, 33.12169], [-104.33604, 33.12466], [-104.33603, 33.12488]]}, "properties": {"operator": "Public Service Co of NM", "pipe_type": "Intrastate"}}, {"type": "Feature", "geometry": {"type": "LineString", "coordinates": [[-104.33595, 33.11705], [-104.33565, 33.11705]]}, "properties": {"operator": "Public Service Co of NM", "pipe_type": "Intrastate"}}, {"type": "Feature", "geometry": {"type": "LineString", "coordinates": [[-104.33565, 33.11705], [-104.33565, 33.11728], [-104.33567, 33.11771], [-104.33572, 33.12169], [-104.33574, 33.12466], [-104.33573, 33.12489]]}, "properties": {"operator": "Public Service Co of NM", "pipe_type": "Intrastate"}}, {"type": "Feature", "geometry": {"type": "LineString", "coordinates": [[-104.33565, 33.11705], [-104.33554, 33.11705]]}, "properties": {"operator": "Public Service Co of NM", "pipe_type": "Intrastate"}}, {"type": "Feature", "geometry": {"type": "LineString", "coordinates": [[-104.33523, 33.13948], [-104.33526, 33.13947], [-104.33541, 33.13947], [-104.33545, 33.13947], [-104.33554, 33.13947], [-104.3356, 33.13947], [-104.33568, 33.13947], [-104.33569, 33.13933]]}, "properties": {"operator": "Public Service Co of NM", "pipe_type": "Intrastate"}}, {"type": "Feature", "geometry": {"type": "LineString", "coordinates": [[-104.33523, 33.13948], [-104.33526, 33.13982], [-104.3353, 33.14089], [-104.33531, 33.14197], [-104.33533, 33.14232], [-104.33537, 33.14396], [-104.33539, 33.14456], [-104.3354, 33.14498], [-104.33541, 33.14518], [-104.33542, 33.14562], [-104.33544, 33.14646], [-104.33545, 33.14662]]}, "properties": {"operator": "Public Service Co of NM", "pipe_type": "Intrastate"}}, {"type": "Feature", "geometry": {"type": "LineString", "coordinates": [[-104.33562, 33.11382], [-104.33551, 33.11388], [-104.33521, 33.11387], [-104.33521, 33.11381]]}, "properties": {"operator": "Public Service Co of NM", "pipe_type": "Intrastate"}}, {"type": "Feature", "geometry": {"type": "LineString", "coordinates": [[-104.33578, 33.11018], [-104.33581, 33.11018], [-104.33581, 33.11022], [-104.33581, 33.11034], [-104.33587, 33.11089], [-104.33591, 33.11286], [-104.33592, 33.11382]]}, "properties": {"operator": "Public Service Co of NM", "pipe_type": "Intrastate"}}, {"type": "Feature", "geometry": {"type": "LineString", "coordinates": [[-104.33562, 33.11382], [-104.33592, 33.11382]]}, "properties": {"operator": "Public Service Co of NM", "pipe_type": "Intrastate"}}, {"type": "Feature", "geometry": {"type": "LineString", "coordinates": [[-104.33578, 33.11018], [-104.33574, 33.11018], [-104.33569, 33.11017], [-104.3356, 33.11017], [-104.33557, 33.11017]]}, "properties": {"operator": "Public Service Co of NM", "pipe_type": "Intrastate"}}, {"type": "Feature", "geometry": {"type": "LineString", "coordinates": [[-104.33557, 33.11017], [-104.33557, 33.11022], [-104.33558, 33.11033], [-104.33558, 33.11088], [-104.33559, 33.11289], [-104.33562, 33.11382]]}, "properties": {"operator": "Public Service Co of NM", "pipe_type": "Intrastate"}}, {"type": "Feature", "geometry": {"type": "LineString", "coordinates": [[-104.33592, 33.11382], [-104.33592, 33.11403], [-104.33594, 33.11607], [-104.33595, 33.11683], [-104.33595, 33.11705]]}, "properties": {"operator": "Public Service Co of NM", "pipe_type": "Intrastate"}}, {"type": "Feature", "geometry": {"type": "LineString", "coordinates": [[-104.33562, 33.11382], [-104.33562, 33.11404], [-104.33564, 33.11608], [-104.33565, 33.11683], [-104.33565, 33.11705]]}, "properties": {"operator": "Public Service Co of NM", "pipe_type": "Intrastate"}}, {"type": "Feature", "geometry": {"type": "LineString", "coordinates": [[-104.41664, 33.29933], [-104.41589, 33.29933], [-104.41457, 33.29933], [-104.41358, 33.29933], [-104.41277, 33.29933], [-104.41216, 33.29933], [-104.4118, 33.29934]]}, "properties": {"operator": "Public Service Co of NM", "pipe_type": "Intrastate"}}, {"type": "Feature", "geometry": {"type": "LineString", "coordinates": [[-104.41461, 33.25589], [-104.41509, 33.25653], [-104.41519, 33.25668], [-104.41603, 33.25783], [-104.41717, 33.2594], [-104.41824, 33.26086], [-104.41864, 33.2614], [-104.41935, 33.26237], [-104.41987, 33.26309], [-104.41998, 33.26326], [-104.42059, 33.26408], [-104.4207, 33.26423], [-104.42087, 33.26443]]}, "properties": {"operator": "Public Service Co of NM", "pipe_type": "Intrastate"}}, {"type": "Feature", "geometry": {"type": "LineString", "coordinates": [[-104.45939, 33.30039], [-104.45985, 33.30066], [-104.46035, 33.30096], [-104.46157, 33.30169], [-104.4622, 33.30204], [-104.46234, 33.30214], [-104.46338, 33.30277], [-104.46365, 33.30293], [-104.46422, 33.30324], [-104.46548, 33.30401], [-104.46851, 33.30584], [-104.46895, 33.30613], [-104.4698, 33.30657]]}, "properties": {"operator": "Public Service Co of NM", "pipe_type": "Intrastate"}}, {"type": "Feature", "geometry": {"type": "LineString", "coordinates": [[-104.44616, 33.29901], [-104.44639, 33.2993], [-104.44734, 33.30059], [-104.44862, 33.30233], [-104.44959, 33.30365], [-104.45062, 33.30507], [-104.45091, 33.30551], [-104.45096, 33.30553], [-104.45097, 33.30603]]}, "properties": {"operator": "Public Service Co of NM", "pipe_type": "Intrastate"}}, {"type": "Feature", "geometry": {"type": "LineString", "coordinates": [[-104.44878, 33.29407], [-104.44901, 33.29418], [-104.44904, 33.2942], [-104.45133, 33.29558], [-104.45184, 33.29589], [-104.45321, 33.29669]]}, "properties": {"operator": "Public Service Co of NM", "pipe_type": "Intrastate"}}, {"type": "Feature", "geometry": {"type": "LineString", "coordinates": [[-104.45321, 33.29669], [-104.45334, 33.29677], [-104.45347, 33.29685], [-104.45441, 33.29743], [-104.45535, 33.29799]]}, "properties": {"operator": "Public Service Co of NM", "pipe_type": "Intrastate"}}, {"type": "Feature", "geometry": {"type": "LineString", "coordinates": [[-104.45535, 33.29799], [-104.45571, 33.29819], [-104.45599, 33.29834], [-104.45605, 33.29841], [-104.45638, 33.29861]]}, "properties": {"operator": "Public Service Co of NM", "pipe_type": "Intrastate"}}, {"type": "Feature", "geometry": {"type": "LineString", "coordinates": [[-104.45638, 33.29861], [-104.45671, 33.29881], [-104.45709, 33.29901], [-104.45711, 33.29903], [-104.45766, 33.29937], [-104.45776, 33.29942], [-104.45781, 33.29946], [-104.45813, 33.29963]]}, "properties": {"operator": "Public Service Co of NM", "pipe_type": "Intrastate"}}, {"type": "Feature", "geometry": {"type": "LineString", "coordinates": [[-104.45813, 33.29963], [-104.45832, 33.29974], [-104.45876, 33.3], [-104.45898, 33.30014], [-104.45939, 33.30039]]}, "properties": {"operator": "Public Service Co of NM", "pipe_type": "Intrastate"}}, {"type": "Feature", "geometry": {"type": "LineString", "coordinates": [[-104.43847, 33.28844], [-104.43773, 33.2875], [-104.43744, 33.2871]]}, "properties": {"operator": "Public Service Co of NM", "pipe_type": "Intrastate"}}, {"type": "Feature", "geometry": {"type": "LineString", "coordinates": [[-104.43746, 33.28709], [-104.43754, 33.28704], [-104.43763, 33.28696], [-104.43779, 33.28684], [-104.43767, 33.28673]]}, "properties": {"operator": "Public Service Co of NM", "pipe_type": "Intrastate"}}, {"type": "Feature", "geometry": {"type": "LineString", "coordinates": [[-104.43864, 33.28871], [-104.43852, 33.28857], [-104.43851, 33.28851], [-104.43847, 33.28844]]}, "properties": {"operator": "Public Service Co of NM", "pipe_type": "Intrastate"}}, {"type": "Feature", "geometry": {"type": "LineString", "coordinates": [[-104.43746, 33.28709], [-104.43748, 33.28711], [-104.43751, 33.28716], [-104.43766, 33.28735], [-104.43775, 33.28744], [-104.43818, 33.28773], [-104.43823, 33.28776], [-104.43828, 33.28778], [-104.43837, 33.28784], [-104.43844, 33.28786], [-104.4385, 33.28789], [-104.43857, 33.28794], [-104.43876, 33.28806], [-104.43906, 33.28824], [-104.43952, 33.28855], [-104.4397, 33.28864], [-104.43986, 33.28876], [-104.44005, 33.28889], [-104.44042, 33.28907], [-104.44068, 33.28924], [-104.44144, 33.28968]]}, "properties": {"operator": "Public Service Co of NM", "pipe_type": "Intrastate"}}, {"type": "Feature", "geometry": {"type": "LineString", "coordinates": [[-104.43847, 33.28844], [-104.43805, 33.28863], [-104.438, 33.28859], [-104.43791, 33.2886], [-104.43767, 33.28859], [-104.43633, 33.29052], [-104.43628, 33.29077], [-104.43629, 33.29225], [-104.43628, 33.29229], [-104.43626, 33.29231], [-104.43583, 33.29231], [-104.43562, 33.29232], [-104.43186, 33.29232], [-104.43141, 33.29237], [-104.43143, 33.29689], [-104.43142, 33.29931], [-104.43138, 33.29933], [-104.42961, 33.29935], [-104.4292, 33.29936], [-104.4284, 33.29934], [-104.42731, 33.29933], [-104.42683, 33.29932], [-104.42476, 33.29933], [-104.42452, 33.29935], [-104.42401, 33.29933], [-104.4233, 33.29933], [-104.42281, 33.29932], [-104.42265, 33.29933], [-104.41786, 33.29933], [-104.41664, 33.29933]]}, "properties": {"operator": "Public Service Co of NM", "pipe_type": "Intrastate"}}, {"type": "Feature", "geometry": {"type": "LineString", "coordinates": [[-104.43864, 33.28871], [-104.43874, 33.28887], [-104.43902, 33.28923], [-104.43915, 33.28939], [-104.43992, 33.29048], [-104.44105, 33.29204], [-104.44165, 33.29287], [-104.44346, 33.29533], [-104.44478, 33.29713], [-104.44555, 33.29817], [-104.44582, 33.29852], [-104.44591, 33.29864], [-104.44616, 33.29901]]}, "properties": {"operator": "Public Service Co of NM", "pipe_type": "Intrastate"}}, {"type": "Feature", "geometry": {"type": "LineString", "coordinates": [[-104.44144, 33.28968], [-104.44301, 33.29063], [-104.44363, 33.29102], [-104.44372, 33.29105], [-104.44407, 33.29123], [-104.44419, 33.29132], [-104.44459, 33.29157], [-104.44486, 33.29173], [-104.4459, 33.29234], [-104.44622, 33.29255], [-104.44678, 33.29287], [-104.44802, 33.29361], [-104.44871, 33.29401], [-104.44876, 33.29406], [-104.44878, 33.29407]]}, "properties": {"operator": "Public Service Co of NM", "pipe_type": "Intrastate"}}, {"type": "Feature", "geometry": {"type": "LineString", "coordinates": [[-104.42087, 33.26443], [-104.42091, 33.2644], [-104.42102, 33.26436], [-104.42104, 33.26433], [-104.42105, 33.26433], [-104.42107, 33.2643], [-104.42109, 33.2643], [-104.42111, 33.26428], [-104.42112, 33.26429], [-104.42113, 33.2643]]}, "properties": {"operator": "Public Service Co of NM", "pipe_type": "Intrastate"}}, {"type": "Feature", "geometry": {"type": "LineString", "coordinates": [[-104.42113, 33.2643], [-104.42167, 33.26496], [-104.42337, 33.26728], [-104.42564, 33.27038], [-104.42879, 33.27469], [-104.43281, 33.28019], [-104.43601, 33.28457], [-104.43701, 33.28585], [-104.43767, 33.28673]]}, "properties": {"operator": "Public Service Co of NM", "pipe_type": "Intrastate"}}, {"type": "Feature", "geometry": {"type": "LineString", "coordinates": [[-104.42087, 33.26443], [-104.42143, 33.26529], [-104.42313, 33.26761], [-104.4254, 33.27071], [-104.42855, 33.27502], [-104.43257, 33.28052], [-104.43577, 33.2849], [-104.43677, 33.28618], [-104.43744, 33.2871]]}, "properties": {"operator": "Public Service Co of NM", "pipe_type": "Intrastate"}}, {"type": "Feature", "geometry": {"type": "LineString", "coordinates": [[-104.45097, 33.30603], [-104.45074, 33.30609], [-104.45062, 33.30607], [-104.45056, 33.30607], [-104.45051, 33.30607]]}, "properties": {"operator": "Public Service Co of NM", "pipe_type": "Intrastate"}}, {"type": "Feature", "geometry": {"type": "LineString", "coordinates": [[-104.47222, 33.33503], [-104.47218, 33.33505]]}, "properties": {"operator": "Public Service Co of NM", "pipe_type": "Intrastate"}}, {"type": "Feature", "geometry": {"type": "LineString", "coordinates": [[-104.48297, 33.35014], [-104.48315, 33.35004]]}, "properties": {"operator": "Public Service Co of NM", "pipe_type": "Intrastate"}}, {"type": "Feature", "geometry": {"type": "LineString", "coordinates": [[-104.47683, 33.34147], [-104.47689, 33.34144]]}, "properties": {"operator": "Public Service Co of NM", "pipe_type": "Intrastate"}}, {"type": "Feature", "geometry": {"type": "LineString", "coordinates": [[-104.47683, 33.34147], [-104.47707, 33.34181], [-104.47775, 33.34274], [-104.47842, 33.34367], [-104.47849, 33.34374], [-104.47856, 33.34377], [-104.47862, 33.34383], [-104.47897, 33.3443], [-104.48002, 33.34573], [-104.48121, 33.34734], [-104.48186, 33.34827], [-104.48228, 33.34884], [-104.48299, 33.34981], [-104.48308, 33.34995], [-104.48315, 33.35004]]}, "properties": {"operator": "Public Service Co of NM", "pipe_type": "Intrastate"}}, {"type": "Feature", "geometry": {"type": "LineString", "coordinates": [[-104.47222, 33.33503], [-104.47235, 33.33524], [-104.47247, 33.33544], [-104.47254, 33.33554], [-104.47282, 33.33599], [-104.47306, 33.3363], [-104.47334, 33.33671], [-104.4738, 33.33736], [-104.47391, 33.33752], [-104.47412, 33.33779], [-104.47465, 33.33856], [-104.47472, 33.33863], [-104.47506, 33.33908], [-104.47594, 33.34027], [-104.47683, 33.34147]]}, "properties": {"operator": "Public Service Co of NM", "pipe_type": "Intrastate"}}, {"type": "Feature", "geometry": {"type": "LineString", "coordinates": [[-104.45097, 33.30603], [-104.45137, 33.30654], [-104.45162, 33.30693], [-104.45181, 33.30719], [-104.45207, 33.30755], [-104.45233, 33.30786], [-104.45252, 33.30813], [-104.45257, 33.30822], [-104.45269, 33.30836], [-104.45273, 33.30844], [-104.45307, 33.3089], [-104.45398, 33.31014], [-104.45514, 33.31172], [-104.45537, 33.31203], [-104.45547, 33.31217], [-104.45633, 33.31333], [-104.4572, 33.31456], [-104.45729, 33.31466], [-104.45739, 33.3148], [-104.45756, 33.31504], [-104.45874, 33.31664], [-104.45916, 33.3172], [-104.45994, 33.31827], [-104.46013, 33.31854], [-104.46019, 33.31863], [-104.46033, 33.31881], [-104.46108, 33.31984], [-104.46146, 33.32035], [-104.46157, 33.32051], [-104.46172, 33.32075], [-104.46194, 33.32103], [-104.46197, 33.32107], [-104.462, 33.32108]]}, "properties": {"operator": "Public Service Co of NM", "pipe_type": "Intrastate"}}, {"type": "Feature", "geometry": {"type": "LineString", "coordinates": [[-104.46199, 33.32108], [-104.462, 33.32109], [-104.4621, 33.32123], [-104.46217, 33.32134], [-104.46225, 33.32146], [-104.46233, 33.32155], [-104.4624, 33.32165], [-104.46256, 33.32187], [-104.46289, 33.32231], [-104.46321, 33.32276], [-104.4635, 33.32316], [-104.46363, 33.32334], [-104.46377, 33.32352], [-104.46388, 33.32367], [-104.46407, 33.32393], [-104.46421, 33.32412], [-104.46428, 33.32422], [-104.46435, 33.32431], [-104.46442, 33.32442], [-104.46448, 33.3245], [-104.46459, 33.32464], [-104.46476, 33.32487], [-104.46492, 33.32508], [-104.46495, 33.32513], [-104.46503, 33.32524], [-104.46511, 33.32535], [-104.46523, 33.32551], [-104.46543, 33.32578], [-104.46554, 33.32593], [-104.46561, 33.32604], [-104.46571, 33.32617], [-104.46574, 33.32621], [-104.46586, 33.32637], [-104.4659, 33.32642], [-104.46597, 33.32653], [-104.46608, 33.32668], [-104.4662, 33.32684], [-104.46635, 33.32704], [-104.46652, 33.32727], [-104.46665, 33.32745], [-104.46675, 33.32759], [-104.46692, 33.32782], [-104.46699, 33.32791], [-104.46706, 33.32801], [-104.46716, 33.32814], [-104.46724, 33.32826], [-104.46959, 33.33149], [-104.47194, 33.33471], [-104.47207, 33.33486], [-104.47211, 33.33491], [-104.47217, 33.33497], [-104.47222, 33.33503]]}, "properties": {"operator": "Public Service Co of NM", "pipe_type": "Intrastate"}}, {"type": "Feature", "geometry": {"type": "LineString", "coordinates": [[-104.39834, 33.29946], [-104.39821, 33.29944], [-104.39753, 33.29933], [-104.39724, 33.2993], [-104.39675, 33.29931], [-104.39666, 33.2993], [-104.39339, 33.29928], [-104.38994, 33.29926], [-104.38877, 33.29926], [-104.37994, 33.29922], [-104.37111, 33.29917], [-104.3711, 33.29919], [-104.37104, 33.29921], [-104.37087, 33.29919], [-104.37023, 33.29919], [-104.36951, 33.29918]]}, "properties": {"operator": "Public Service Co of NM", "pipe_type": "Intrastate"}}, {"type": "Feature", "geometry": {"type": "LineString", "coordinates": [[-104.39834, 33.29946], [-104.39854, 33.29947], [-104.39866, 33.29948], [-104.39892, 33.29951]]}, "properties": {"operator": "Public Service Co of NM", "pipe_type": "Intrastate"}}, {"type": "Feature", "geometry": {"type": "LineString", "coordinates": [[-104.39996, 33.29966], [-104.39982, 33.29968], [-104.39929, 33.29959], [-104.39892, 33.29951]]}, "properties": {"operator": "Public Service Co of NM", "pipe_type": "Intrastate"}}, {"type": "Feature", "geometry": {"type": "LineString", "coordinates": [[-104.41001, 33.29962], [-104.41023, 33.2996], [-104.41133, 33.29943], [-104.41158, 33.29938], [-104.4118, 33.29934]]}, "properties": {"operator": "Public Service Co of NM", "pipe_type": "Intrastate"}}, {"type": "Feature", "geometry": {"type": "LineString", "coordinates": [[-104.41001, 33.29962], [-104.40772, 33.29965], [-104.40509, 33.29966], [-104.40107, 33.29969], [-104.39996, 33.29966]]}, "properties": {"operator": "Public Service Co of NM", "pipe_type": "Intrastate"}}, {"type": "Feature", "geometry": {"type": "LineString", "coordinates": [[-104.41461, 33.25589], [-104.41461, 33.25588], [-104.41473, 33.25587], [-104.41474, 33.25587], [-104.41476, 33.25587], [-104.41478, 33.25587], [-104.41481, 33.25587]]}, "properties": {"operator": "Public Service Co of NM", "pipe_type": "Intrastate"}}, {"type": "Feature", "geometry": {"type": "LineString", "coordinates": [[-103.18904, 32.25942], [-103.18907, 32.25947], [-103.18933, 32.25977], [-103.18941, 32.25989], [-103.18945, 32.25998], [-103.1902, 32.26103], [-103.19094, 32.26208], [-103.19101, 32.26213], [-103.19106, 32.26223], [-103.19112, 32.26232], [-103.19121, 32.26244], [-103.19131, 32.26259], [-103.19156, 32.26295], [-103.19166, 32.26308], [-103.19173, 32.26318], [-103.19187, 32.26337], [-103.19198, 32.26355], [-103.19209, 32.26368], [-103.19215, 32.26378], [-103.19222, 32.26387], [-103.19226, 32.26393], [-103.1924, 32.26416], [-103.1926, 32.26448], [-103.19278, 32.26476], [-103.19284, 32.26487], [-103.1929, 32.26496], [-103.19303, 32.26515], [-103.19313, 32.26542], [-103.1934, 32.26592], [-103.19357, 32.26626], [-103.19371, 32.26654], [-103.19399, 32.26709], [-103.19405, 32.26719], [-103.19412, 32.26728], [-103.19419, 32.26745], [-103.19431, 32.26767], [-103.19455, 32.26815], [-103.19479, 32.26859], [-103.19486, 32.2687], [-103.19501, 32.269], [-103.19503, 32.26903], [-103.19507, 32.26909], [-103.19509, 32.26914], [-103.19522, 32.26937], [-103.19527, 32.26947], [-103.19539, 32.26976], [-103.19544, 32.26983], [-103.19639, 32.27155], [-103.19733, 32.27327], [-103.19733, 32.27333], [-103.19745, 32.27359], [-103.19767, 32.27412], [-103.1978, 32.27433], [-103.19794, 32.27464], [-103.19815, 32.27502], [-103.19867, 32.27606], [-103.19919, 32.2771], [-103.19928, 32.27732], [-103.1994, 32.27772], [-103.19951, 32.27808], [-103.19984, 32.27898], [-103.19996, 32.27926], [-103.19999, 32.2794], [-103.2001, 32.27968], [-103.20011, 32.27976], [-103.20015, 32.27987], [-103.20017, 32.27995], [-103.20036, 32.28046], [-103.20041, 32.28061], [-103.20045, 32.28068], [-103.20048, 32.2808], [-103.20049, 32.28088], [-103.20053, 32.28096], [-103.20057, 32.2811], [-103.2007, 32.28143], [-103.2008, 32.28172], [-103.20088, 32.2819], [-103.20097, 32.28218], [-103.20101, 32.28231], [-103.20103, 32.28236], [-103.20106, 32.28245], [-103.20298, 32.28723], [-103.20488, 32.29199], [-103.20488, 32.29209], [-103.20502, 32.2925], [-103.20519, 32.29298], [-103.20541, 32.29349], [-103.20557, 32.29397], [-103.20568, 32.29424], [-103.20612, 32.29543]]}, "properties": {"operator": "Public Service Co of NM", "pipe_type": "Intrastate"}}, {"type": "Feature", "geometry": {"type": "LineString", "coordinates": [[-103.18904, 32.25942], [-103.18911, 32.25939], [-103.18948, 32.25923], [-103.18962, 32.25916], [-103.18986, 32.25905], [-103.18997, 32.25899], [-103.19005, 32.25895], [-103.19041, 32.25877], [-103.19171, 32.2581], [-103.193, 32.25744], [-103.19307, 32.25739], [-103.19332, 32.25731]]}, "properties": {"operator": "Public Service Co of NM", "pipe_type": "Intrastate"}}, {"type": "Feature", "geometry": {"type": "LineString", "coordinates": [[-103.18101, 32.2071], [-103.18102, 32.20716], [-103.18102, 32.20723], [-103.1811, 32.20774], [-103.1811, 32.20792], [-103.18112, 32.20803], [-103.18113, 32.20814], [-103.18114, 32.20821], [-103.18137, 32.20982], [-103.18326, 32.22887], [-103.18514, 32.2479], [-103.18541, 32.25094], [-103.18559, 32.25302], [-103.18576, 32.25463], [-103.18595, 32.25621], [-103.18598, 32.25683], [-103.18603, 32.25696], [-103.18612, 32.25701], [-103.18754, 32.2573], [-103.18821, 32.25822], [-103.18858, 32.25875], [-103.18891, 32.25923], [-103.18894, 32.2593], [-103.18904, 32.25942]]}, "properties": {"operator": "Public Service Co of NM", "pipe_type": "Intrastate"}}, {"type": "Feature", "geometry": {"type": "LineString", "coordinates": [[-103.17591, 32.17416], [-103.17594, 32.17415], [-103.17598, 32.17415], [-103.17599, 32.17416], [-103.176, 32.17417], [-103.17603, 32.17418], [-103.17603, 32.1742], [-103.17605, 32.17423], [-103.1761, 32.17428], [-103.17625, 32.17447], [-103.17641, 32.17463], [-103.17655, 32.1748], [-103.17672, 32.17498], [-103.17674, 32.1754], [-103.17678, 32.17573], [-103.1768, 32.17604], [-103.17686, 32.17646], [-103.17687, 32.17653], [-103.17693, 32.17694], [-103.17694, 32.17718], [-103.17698, 32.17743], [-103.17707, 32.17812], [-103.17709, 32.17836], [-103.17712, 32.17855], [-103.17714, 32.17873], [-103.17722, 32.17918], [-103.17726, 32.1795], [-103.17729, 32.17968], [-103.17735, 32.18027], [-103.17738, 32.18046], [-103.17739, 32.18057], [-103.17739, 32.18063], [-103.17744, 32.18089], [-103.17744, 32.18103], [-103.17744, 32.18117], [-103.17753, 32.1818], [-103.17759, 32.18228], [-103.17761, 32.18248], [-103.17767, 32.18279], [-103.17778, 32.18373], [-103.17783, 32.18416], [-103.1779, 32.18459], [-103.17795, 32.18503], [-103.178, 32.18536], [-103.17803, 32.18566], [-103.17808, 32.18602], [-103.1781, 32.1863], [-103.17816, 32.18651], [-103.17818, 32.18673], [-103.17824, 32.18716], [-103.17827, 32.18738], [-103.17834, 32.18783], [-103.17841, 32.1884], [-103.17847, 32.18888], [-103.17853, 32.1893], [-103.17863, 32.18996], [-103.17871, 32.19051], [-103.17876, 32.19094], [-103.17877, 32.19109], [-103.1788, 32.19124], [-103.17903, 32.19282], [-103.17934, 32.19514], [-103.1794, 32.19572], [-103.17946, 32.19576], [-103.1795, 32.19601], [-103.17951, 32.19608], [-103.17953, 32.19624], [-103.17965, 32.19683], [-103.17984, 32.19779], [-103.17998, 32.19848], [-103.18028, 32.20005], [-103.18051, 32.20113], [-103.18058, 32.20141], [-103.18059, 32.20155], [-103.18085, 32.20255], [-103.18086, 32.20292], [-103.18089, 32.2033], [-103.18085, 32.20504], [-103.18083, 32.20566], [-103.18093, 32.20649], [-103.18097, 32.20676], [-103.18101, 32.2071]]}, "properties": {"operator": "Public Service Co of NM", "pipe_type": "Intrastate"}}, {"type": "Feature", "geometry": {"type": "LineString", "coordinates": [[-103.66507, 32.73211], [-103.66425, 32.73171], [-103.66409, 32.73163], [-103.66347, 32.73137], [-103.66314, 32.73119], [-103.66283, 32.73105], [-103.66196, 32.73068]]}, "properties": {"operator": "Public Service Co of NM", "pipe_type": "Intrastate"}}, {"type": "Feature", "geometry": {"type": "LineString", "coordinates": [[-103.97056, 32.67604], [-103.9706, 32.67598], [-103.97094, 32.67573], [-103.97128, 32.67549], [-103.97143, 32.67538], [-103.97164, 32.67525], [-103.97168, 32.67521], [-103.97176, 32.67514], [-103.97194, 32.67503], [-103.97233, 32.67476], [-103.97261, 32.67458], [-103.97276, 32.67449], [-103.97298, 32.67434], [-103.97323, 32.67417], [-103.97338, 32.67408], [-103.9735, 32.67403], [-103.97369, 32.67388], [-103.97393, 32.6737], [-103.97398, 32.67367], [-103.97407, 32.67361], [-103.97415, 32.67356], [-103.97419, 32.67352], [-103.97444, 32.67336], [-103.97478, 32.67313], [-103.97494, 32.67303], [-103.97515, 32.67288], [-103.97537, 32.67275], [-103.97557, 32.67263], [-103.9756, 32.67259], [-103.97662, 32.67202], [-103.97713, 32.67157], [-103.97739, 32.67139], [-103.97759, 32.67122], [-103.97775, 32.67105], [-103.97786, 32.67097], [-103.97824, 32.67065], [-103.97838, 32.67053], [-103.97849, 32.67044], [-103.97897, 32.67001], [-103.97945, 32.6696], [-103.97976, 32.66936], [-103.97999, 32.66916], [-103.98047, 32.66871], [-103.98071, 32.66851], [-103.98088, 32.66838], [-103.98102, 32.66824], [-103.98115, 32.66813], [-103.98126, 32.66803], [-103.98131, 32.66798], [-103.98154, 32.66778], [-103.98215, 32.66726], [-103.98242, 32.66702], [-103.98255, 32.6669], [-103.98277, 32.66672], [-103.98288, 32.66662], [-103.98313, 32.66639], [-103.98319, 32.66634], [-103.98327, 32.66626], [-103.98343, 32.66611], [-103.98361, 32.66596], [-103.98367, 32.66591], [-103.98373, 32.66587], [-103.98381, 32.6658], [-103.98389, 32.66573], [-103.98393, 32.66569], [-103.98402, 32.6656], [-103.98407, 32.66556], [-103.98413, 32.66552], [-103.98431, 32.66537], [-103.98455, 32.66517], [-103.98486, 32.6649], [-103.98497, 32.6648], [-103.9851, 32.6647], [-103.98519, 32.66464], [-103.98538, 32.66446], [-103.98578, 32.6641], [-103.98594, 32.66397], [-103.98619, 32.66372], [-103.9863, 32.66363], [-103.98644, 32.66352], [-103.98665, 32.66333], [-103.98674, 32.66326], [-103.987, 32.66305], [-103.9873, 32.66279], [-103.98747, 32.66262], [-103.98768, 32.66243], [-103.98783, 32.6623], [-103.98799, 32.66217], [-103.98805, 32.66211], [-103.98822, 32.66194], [-103.98832, 32.66188], [-103.98874, 32.66151], [-103.98904, 32.66124], [-103.98918, 32.66112], [-103.98931, 32.66102], [-103.98948, 32.66086], [-103.9897, 32.66065], [-103.9899, 32.66046], [-103.99028, 32.66014], [-103.99041, 32.66004], [-103.99063, 32.65986], [-103.99078, 32.65974], [-103.991, 32.65955], [-103.99141, 32.65918], [-103.99173, 32.65891], [-103.99191, 32.65875], [-103.99208, 32.6586], [-103.99228, 32.65843], [-103.99283, 32.65794], [-103.99307, 32.65773], [-103.99339, 32.65745], [-103.99373, 32.65715], [-103.99416, 32.65679], [-103.99451, 32.65648], [-103.99493, 32.65611], [-103.99625, 32.65496], [-103.99649, 32.65475], [-103.99828, 32.65318], [-103.99856, 32.65294], [-103.99872, 32.65278], [-103.99917, 32.65241], [-104.00007, 32.65162], [-104.00051, 32.65126], [-104.0017, 32.65021], [-104.00233, 32.64965], [-104.00319, 32.64892], [-104.00367, 32.64846], [-104.00392, 32.64823], [-104.0051, 32.64723], [-104.00677, 32.64587], [-104.00742, 32.6453], [-104.00786, 32.64496], [-104.00853, 32.64439], [-104.00873, 32.64422], [-104.00951, 32.64364], [-104.00984, 32.64338], [-104.0106, 32.64279], [-104.01098, 32.64244], [-104.0117, 32.64186], [-104.01207, 32.64159], [-104.01237, 32.64132], [-104.01279, 32.64099], [-104.01299, 32.64082], [-104.01346, 32.64046], [-104.01369, 32.64027], [-104.0138, 32.64017], [-104.01397, 32.64005], [-104.01516, 32.63909], [-104.01522, 32.63903], [-104.01543, 32.63888], [-104.01624, 32.63823], [-104.01652, 32.638], [-104.01676, 32.63781], [-104.01689, 32.63769], [-104.01923, 32.63582], [-104.01948, 32.63563], [-104.01971, 32.63545], [-104.02021, 32.63504], [-104.0203, 32.63499], [-104.02077, 32.63458], [-104.02104, 32.63438], [-104.02122, 32.63423], [-104.02147, 32.63412], [-104.02152, 32.63408], [-104.02157, 32.63401], [-104.02245, 32.6333], [-104.02254, 32.63321], [-104.02286, 32.63292], [-104.02298, 32.63283], [-104.02315, 32.63273], [-104.02351, 32.63241], [-104.02818, 32.62865], [-104.02833, 32.62855], [-104.02856, 32.62837], [-104.02941, 32.62769], [-104.03079, 32.62656], [-104.03152, 32.62601], [-104.03184, 32.62573], [-104.03228, 32.62535], [-104.03277, 32.62497], [-104.03325, 32.62457], [-104.03342, 32.62442], [-104.03392, 32.62406], [-104.03417, 32.62385], [-104.03437, 32.62368], [-104.03447, 32.62359], [-104.03497, 32.62321], [-104.03548, 32.62283], [-104.03555, 32.62275], [-104.03563, 32.62269], [-104.0357, 32.6226], [-104.03588, 32.62243], [-104.03604, 32.62235], [-104.03619, 32.62219], [-104.03634, 32.62207], [-104.03639, 32.62203], [-104.03648, 32.62198], [-104.03749, 32.62123], [-104.03753, 32.62119], [-104.03759, 32.62114]]}, "properties": {"operator": "Public Service Co of NM", "pipe_type": "Intrastate"}}, {"type": "Feature", "geometry": {"type": "LineString", "coordinates": [[-103.96821, 32.59655], [-103.9682, 32.59656], [-103.96818, 32.59661], [-103.96815, 32.59668], [-103.96717, 32.59933], [-103.96709, 32.59944], [-103.96707, 32.59963], [-103.96706, 32.59987], [-103.96701, 32.60013], [-103.967, 32.60035], [-103.96697, 32.60067], [-103.96702, 32.60217], [-103.96706, 32.6035], [-103.9671, 32.60442], [-103.96714, 32.60566], [-103.96719, 32.60696], [-103.96725, 32.6084], [-103.96731, 32.61006], [-103.96737, 32.61188], [-103.96743, 32.61307], [-103.96747, 32.61466], [-103.9675, 32.61545], [-103.96755, 32.61706], [-103.96759, 32.6187], [-103.96766, 32.62006], [-103.96771, 32.62201], [-103.96778, 32.62348], [-103.96781, 32.62406], [-103.96781, 32.62434], [-103.96784, 32.62518], [-103.96789, 32.62666], [-103.96793, 32.62812], [-103.968, 32.62976], [-103.96807, 32.63201], [-103.96815, 32.63362], [-103.96817, 32.63483], [-103.96819, 32.63502], [-103.96824, 32.63635], [-103.96826, 32.63703], [-103.96828, 32.63765], [-103.9683, 32.63816], [-103.96835, 32.63952], [-103.9684, 32.64095], [-103.96843, 32.64182], [-103.96847, 32.64286], [-103.96849, 32.64348], [-103.96855, 32.64528], [-103.96859, 32.64619], [-103.96861, 32.64674], [-103.96866, 32.64878], [-103.96871, 32.65033], [-103.96877, 32.65246], [-103.96889, 32.65488], [-103.96898, 32.65694], [-103.96904, 32.65716], [-103.96907, 32.65735], [-103.96903, 32.65749], [-103.96908, 32.65812], [-103.97032, 32.66199], [-103.97041, 32.66219], [-103.97073, 32.66285]]}, "properties": {"operator": "Public Service Co of NM", "pipe_type": "Intrastate"}}, {"type": "Feature", "geometry": {"type": "LineString", "coordinates": [[-104.19151, 32.65736], [-104.19156, 32.65763], [-104.19158, 32.65779], [-104.19161, 32.65796], [-104.19163, 32.65814], [-104.19166, 32.65837], [-104.1917, 32.65884], [-104.19176, 32.65941], [-104.19182, 32.65998], [-104.19185, 32.66022], [-104.19196, 32.66158], [-104.19215, 32.6634], [-104.1923, 32.66484], [-104.19237, 32.66557], [-104.19241, 32.66611], [-104.1924, 32.66622], [-104.19241, 32.66634], [-104.19245, 32.66652], [-104.19246, 32.6666], [-104.19249, 32.66676], [-104.19249, 32.66685], [-104.19252, 32.66703], [-104.19261, 32.66792], [-104.19262, 32.66807]]}, "properties": {"operator": "Public Service Co of NM", "pipe_type": "Intrastate"}}, {"type": "Feature", "geometry": {"type": "LineString", "coordinates": [[-103.94469, 32.52792], [-103.94467, 32.52793], [-103.94415, 32.52828], [-103.94362, 32.52864], [-103.94356, 32.52869], [-103.94343, 32.52877], [-103.9433, 32.52886], [-103.9432, 32.52893], [-103.94296, 32.52911], [-103.94285, 32.52917], [-103.94274, 32.52925], [-103.94266, 32.5293], [-103.94228, 32.52956], [-103.94213, 32.52962], [-103.94202, 32.52973], [-103.94196, 32.52977], [-103.94194, 32.5298], [-103.94186, 32.52982], [-103.94175, 32.52986], [-103.94174, 32.52986], [-103.94155, 32.52989], [-103.94152, 32.5299], [-103.94147, 32.52991], [-103.94127, 32.52995], [-103.941, 32.53002], [-103.94096, 32.53004], [-103.94092, 32.53005], [-103.94086, 32.53008], [-103.94078, 32.5301], [-103.94031, 32.53018], [-103.94028, 32.53019], [-103.94015, 32.53022], [-103.94013, 32.53023], [-103.94005, 32.53024], [-103.94, 32.53024], [-103.93993, 32.53026], [-103.93985, 32.53027], [-103.93981, 32.53027], [-103.93956, 32.53046], [-103.9395, 32.53053], [-103.93942, 32.53061], [-103.93937, 32.53068], [-103.93933, 32.53071], [-103.93917, 32.53086], [-103.93905, 32.53097], [-103.93898, 32.53105], [-103.93892, 32.53109], [-103.9389, 32.53112], [-103.93886, 32.53115], [-103.9388, 32.53122], [-103.93877, 32.53125], [-103.93874, 32.5313], [-103.9386, 32.53141], [-103.93836, 32.53168], [-103.93823, 32.5318], [-103.93818, 32.53184], [-103.93815, 32.53186], [-103.93812, 32.53191], [-103.9381, 32.53205], [-103.93809, 32.53207], [-103.93807, 32.53213], [-103.93806, 32.53217], [-103.93803, 32.53225], [-103.93803, 32.53229], [-103.93802, 32.53234], [-103.93802, 32.53236], [-103.93798, 32.53248], [-103.93797, 32.53253], [-103.93797, 32.53254], [-103.93778, 32.53278], [-103.93774, 32.53285], [-103.93773, 32.53285], [-103.93747, 32.53316], [-103.93743, 32.5332], [-103.9372, 32.53348], [-103.93688, 32.53387], [-103.93686, 32.53389], [-103.93676, 32.53404], [-103.93671, 32.53424], [-103.93671, 32.53431], [-103.93669, 32.53439], [-103.93668, 32.53445], [-103.93656, 32.53517], [-103.93656, 32.53518]]}, "properties": {"operator": "Public Service Co of NM", "pipe_type": "Intrastate"}}, {"type": "Feature", "geometry": {"type": "LineString", "coordinates": [[-103.96092, 32.51974], [-103.96073, 32.51966], [-103.95963, 32.51932], [-103.9591, 32.51916], [-103.95833, 32.51892], [-103.95751, 32.51865], [-103.95725, 32.51857], [-103.95714, 32.51853], [-103.95672, 32.5184], [-103.95622, 32.51822], [-103.95546, 32.518], [-103.955, 32.51787], [-103.95493, 32.51784], [-103.95443, 32.51768], [-103.95422, 32.51762], [-103.95393, 32.51753], [-103.95364, 32.51743], [-103.95323, 32.51731], [-103.95275, 32.51715], [-103.9525, 32.51705], [-103.95245, 32.51703], [-103.95206, 32.5169], [-103.95168, 32.51678], [-103.95152, 32.51674], [-103.95137, 32.51669], [-103.95106, 32.5166], [-103.95094, 32.51657], [-103.9508, 32.51654], [-103.95056, 32.51647], [-103.95012, 32.51634], [-103.94954, 32.51614], [-103.94912, 32.51601], [-103.94852, 32.51582], [-103.94844, 32.5158], [-103.94835, 32.51577], [-103.94776, 32.51558], [-103.94449, 32.51453], [-103.94365, 32.51427], [-103.94226, 32.51382], [-103.94196, 32.51372], [-103.94087, 32.51336], [-103.93841, 32.5126], [-103.9367, 32.51206], [-103.93499, 32.51152], [-103.93451, 32.51138], [-103.93356, 32.51105], [-103.9334, 32.51102], [-103.93239, 32.51071], [-103.93073, 32.51018], [-103.93009, 32.50998], [-103.92899, 32.5096], [-103.92871, 32.50953], [-103.92798, 32.50929], [-103.92409, 32.50807], [-103.9201, 32.50682], [-103.91985, 32.50678], [-103.91956, 32.50664], [-103.91616, 32.50558], [-103.91598, 32.50548], [-103.91552, 32.50533], [-103.91453, 32.50526], [-103.91369, 32.50526], [-103.91285, 32.50526], [-103.90949, 32.50525], [-103.9073, 32.50523], [-103.9069, 32.50523], [-103.9052, 32.50526], [-103.90265, 32.50523], [-103.89989, 32.5052], [-103.89701, 32.50519], [-103.89672, 32.50519], [-103.89603, 32.50517], [-103.89145, 32.50516], [-103.88873, 32.50514], [-103.88509, 32.50514], [-103.88345, 32.50512], [-103.88251, 32.50514], [-103.87917, 32.50514], [-103.87782, 32.50513], [-103.87581, 32.50513], [-103.8739, 32.50513], [-103.87238, 32.50511], [-103.86842, 32.5051], [-103.86535, 32.50508], [-103.86205, 32.50507], [-103.85889, 32.50506], [-103.85465, 32.50504], [-103.85329, 32.50505], [-103.85276, 32.50503], [-103.8516, 32.50504], [-103.85014, 32.50503], [-103.84822, 32.50501], [-103.8465, 32.50503], [-103.84374, 32.50501], [-103.83916, 32.50498], [-103.83823, 32.50499], [-103.83762, 32.505], [-103.83577, 32.50497], [-103.83303, 32.50493], [-103.83135, 32.50495], [-103.8292, 32.50495], [-103.82885, 32.50492], [-103.82594, 32.50491], [-103.82411, 32.5049], [-103.82265, 32.50489], [-103.8202, 32.50493], [-103.81879, 32.5049], [-103.814, 32.50488], [-103.81107, 32.50489], [-103.80579, 32.50485], [-103.80339, 32.50483], [-103.80082, 32.50481], [-103.79788, 32.50482], [-103.79658, 32.50481], [-103.79359, 32.50476], [-103.79208, 32.50476], [-103.79143, 32.50476], [-103.79125, 32.50467], [-103.79097, 32.50443], [-103.79014, 32.50447], [-103.78983, 32.50443], [-103.78962, 32.50444], [-103.7885, 32.50445], [-103.78795, 32.50447], [-103.78729, 32.50445], [-103.78656, 32.50446], [-103.78411, 32.50448], [-103.7841, 32.50447], [-103.78408, 32.50448]]}, "properties": {"operator": "Public Service Co of NM", "pipe_type": "Intrastate"}}, {"type": "Feature", "geometry": {"type": "LineString", "coordinates": [[-104.15679, 32.4556], [-104.15728, 32.45621], [-104.15901, 32.45835], [-104.15911, 32.4584], [-104.1594, 32.45877], [-104.16036, 32.45997], [-104.16071, 32.46038], [-104.16085, 32.46056], [-104.16129, 32.46108], [-104.16143, 32.46126], [-104.16206, 32.46201], [-104.16216, 32.46216], [-104.16241, 32.46246], [-104.16254, 32.46262], [-104.16278, 32.46291], [-104.16292, 32.46307], [-104.16311, 32.46329], [-104.16326, 32.46349], [-104.16361, 32.46393], [-104.16394, 32.46433], [-104.16438, 32.46488], [-104.16449, 32.465], [-104.16471, 32.46525], [-104.16502, 32.46562], [-104.16526, 32.46592], [-104.16563, 32.46637], [-104.16594, 32.46675], [-104.16645, 32.46733], [-104.16705, 32.46803], [-104.16757, 32.4687], [-104.16776, 32.46895], [-104.16799, 32.46921], [-104.16819, 32.46944], [-104.16852, 32.46985], [-104.16868, 32.47006], [-104.16883, 32.47024], [-104.16921, 32.4707], [-104.16946, 32.471]]}, "properties": {"operator": "Public Service Co of NM", "pipe_type": "Intrastate"}}, {"type": "Feature", "geometry": {"type": "LineString", "coordinates": [[-104.15391, 32.45196], [-104.151, 32.45396], [-104.14662, 32.45719], [-104.14384, 32.45921], [-104.13583, 32.46512], [-104.13504, 32.46571], [-104.13501, 32.46572], [-104.13518, 32.46575], [-104.13522, 32.46575], [-104.13529, 32.46575], [-104.13534, 32.46575], [-104.13539, 32.46575], [-104.13544, 32.46575], [-104.1355, 32.46575], [-104.13558, 32.46576], [-104.13559, 32.46577], [-104.13562, 32.46577]]}, "properties": {"operator": "Public Service Co of NM", "pipe_type": "Intrastate"}}, {"type": "Feature", "geometry": {"type": "LineString", "coordinates": [[-103.95668, 32.47554], [-103.95667, 32.47551], [-103.95663, 32.47546], [-103.95655, 32.47531], [-103.95655, 32.47529], [-103.95649, 32.4752], [-103.95652, 32.47512], [-103.95659, 32.47507], [-103.95659, 32.47505], [-103.95658, 32.47499], [-103.95659, 32.47493], [-103.95662, 32.47486], [-103.95659, 32.47454], [-103.95657, 32.4745], [-103.95655, 32.47424], [-103.95653, 32.47417], [-103.95648, 32.47352], [-103.95644, 32.47318], [-103.95644, 32.47295], [-103.95608, 32.46932], [-103.95565, 32.465], [-103.95551, 32.46355], [-103.9555, 32.46349], [-103.95541, 32.46256], [-103.95536, 32.46219], [-103.95533, 32.46165], [-103.95529, 32.46135], [-103.95522, 32.46059], [-103.95515, 32.45999], [-103.95514, 32.45976], [-103.95511, 32.45955], [-103.95508, 32.45912], [-103.95506, 32.45877], [-103.95503, 32.45858], [-103.95502, 32.45849], [-103.95501, 32.45836], [-103.95494, 32.45771], [-103.95492, 32.45748], [-103.9549, 32.45724], [-103.95486, 32.45682], [-103.95485, 32.45668], [-103.95485, 32.45665], [-103.95479, 32.45615], [-103.95478, 32.45605], [-103.95477, 32.45592], [-103.95475, 32.45583], [-103.95473, 32.45575], [-103.95473, 32.45566], [-103.95472, 32.45558], [-103.95473, 32.45544], [-103.95472, 32.45528], [-103.95469, 32.45505], [-103.95467, 32.4548], [-103.95466, 32.4547], [-103.95465, 32.45458], [-103.95464, 32.45449], [-103.95461, 32.45437], [-103.95459, 32.45426], [-103.95458, 32.45416], [-103.95457, 32.45397], [-103.95457, 32.45385], [-103.95457, 32.45377], [-103.95456, 32.45368], [-103.95454, 32.4535], [-103.95452, 32.45326], [-103.95449, 32.45279], [-103.95446, 32.45253], [-103.95444, 32.4523], [-103.95442, 32.45223], [-103.95439, 32.45181], [-103.95433, 32.45132], [-103.95429, 32.45077], [-103.95426, 32.45059], [-103.95424, 32.45036], [-103.95422, 32.45008], [-103.95419, 32.44977], [-103.95407, 32.4489], [-103.95405, 32.44876], [-103.95405, 32.44857], [-103.95406, 32.44847], [-103.95403, 32.44837], [-103.95401, 32.44799], [-103.95397, 32.44773], [-103.95396, 32.44742], [-103.95393, 32.44721], [-103.95389, 32.44683], [-103.95389, 32.44657], [-103.95388, 32.44647], [-103.95386, 32.4463], [-103.95382, 32.44593], [-103.95374, 32.44513], [-103.95372, 32.44478], [-103.95368, 32.44457], [-103.95365, 32.44414], [-103.95361, 32.44372], [-103.95356, 32.44326], [-103.95353, 32.44317], [-103.95353, 32.44303], [-103.95348, 32.44275], [-103.95345, 32.4424], [-103.95344, 32.44212], [-103.95334, 32.4412], [-103.9533, 32.44089], [-103.95324, 32.44026], [-103.9532, 32.43936], [-103.95316, 32.4392], [-103.95317, 32.43902], [-103.95312, 32.43881], [-103.95305, 32.43799], [-103.95295, 32.43764], [-103.95292, 32.43674], [-103.9529, 32.43666], [-103.95281, 32.43563], [-103.95277, 32.43525], [-103.9527, 32.43447], [-103.95262, 32.43372], [-103.95251, 32.43255], [-103.95241, 32.43141], [-103.95227, 32.42999], [-103.95216, 32.42882], [-103.95203, 32.42771], [-103.95194, 32.42677], [-103.95186, 32.42602], [-103.95183, 32.42562], [-103.9518, 32.42532], [-103.95177, 32.42506], [-103.95177, 32.42491], [-103.95174, 32.4246], [-103.95171, 32.42446], [-103.95173, 32.42423], [-103.9517, 32.42391], [-103.95167, 32.42363], [-103.9516, 32.42323], [-103.95153, 32.42255], [-103.95148, 32.42226], [-103.95148, 32.42182], [-103.95155, 32.42153], [-103.95185, 32.4206], [-103.95193, 32.42036], [-103.95205, 32.42016], [-103.95211, 32.41995]]}, "properties": {"operator": "Public Service Co of NM", "pipe_type": "Intrastate"}}, {"type": "Feature", "geometry": {"type": "LineString", "coordinates": [[-103.95671, 32.47553], [-103.9567, 32.47549], [-103.95666, 32.47544], [-103.95659, 32.47531], [-103.95659, 32.47528], [-103.95652, 32.47519], [-103.95655, 32.47514], [-103.95662, 32.47508], [-103.95662, 32.47505], [-103.95661, 32.47499], [-103.95663, 32.47494], [-103.95665, 32.47487], [-103.95662, 32.47453], [-103.9566, 32.47449], [-103.95658, 32.47423], [-103.95657, 32.47416], [-103.95651, 32.47352], [-103.95647, 32.47318], [-103.95647, 32.47295], [-103.95611, 32.46932], [-103.95568, 32.46499], [-103.95554, 32.46354], [-103.95553, 32.46349], [-103.95545, 32.46256], [-103.95539, 32.46219], [-103.95536, 32.46164], [-103.95532, 32.46135], [-103.95525, 32.46058], [-103.95519, 32.45999], [-103.95518, 32.45976], [-103.95514, 32.45955], [-103.95512, 32.45911], [-103.95509, 32.45876], [-103.95506, 32.45858], [-103.95505, 32.45849], [-103.95504, 32.45836], [-103.95498, 32.4577], [-103.95495, 32.45748], [-103.95493, 32.45724], [-103.95489, 32.45682], [-103.95488, 32.45668], [-103.95488, 32.45665], [-103.95482, 32.45615], [-103.95481, 32.45605], [-103.9548, 32.45592], [-103.95479, 32.45583], [-103.95477, 32.45574], [-103.95476, 32.45565], [-103.95475, 32.45558], [-103.95477, 32.45544], [-103.95476, 32.45527], [-103.95473, 32.45505], [-103.9547, 32.4548], [-103.95469, 32.45469], [-103.95468, 32.45458], [-103.95467, 32.45448], [-103.95464, 32.45437], [-103.95462, 32.45426], [-103.95462, 32.45416], [-103.95461, 32.45397], [-103.9546, 32.45386], [-103.9546, 32.45377], [-103.95459, 32.45368], [-103.95457, 32.45349], [-103.95455, 32.45326], [-103.95452, 32.45279], [-103.95449, 32.45253], [-103.95447, 32.4523], [-103.95445, 32.45222], [-103.95442, 32.45181], [-103.95436, 32.45132], [-103.95432, 32.45077], [-103.9543, 32.45059], [-103.95427, 32.45036], [-103.95426, 32.45008], [-103.95422, 32.44977], [-103.9541, 32.44889], [-103.95408, 32.44876], [-103.95408, 32.44857], [-103.95409, 32.44847], [-103.95406, 32.44837], [-103.95405, 32.44798], [-103.954, 32.44773], [-103.95399, 32.44741], [-103.95396, 32.44721], [-103.95392, 32.44682], [-103.95392, 32.44657], [-103.95391, 32.44647], [-103.95389, 32.4463], [-103.95385, 32.44592], [-103.95377, 32.44513], [-103.95375, 32.44478], [-103.95371, 32.44457], [-103.95368, 32.44414], [-103.95364, 32.44372], [-103.95359, 32.44325], [-103.95356, 32.44317], [-103.95356, 32.44303], [-103.95351, 32.44275], [-103.95348, 32.4424], [-103.95347, 32.44212], [-103.95338, 32.4412], [-103.95333, 32.44089], [-103.95327, 32.44026], [-103.95323, 32.43936], [-103.9532, 32.4392], [-103.9532, 32.43902], [-103.95316, 32.4388], [-103.95308, 32.43798], [-103.95298, 32.43763], [-103.95295, 32.43674], [-103.95293, 32.43666], [-103.95284, 32.43563], [-103.9528, 32.43525], [-103.95273, 32.43447], [-103.95265, 32.43371], [-103.95254, 32.43255], [-103.95244, 32.43141], [-103.9523, 32.42999], [-103.95219, 32.42882], [-103.95207, 32.42771], [-103.95198, 32.42677], [-103.9519, 32.42602], [-103.95187, 32.42562], [-103.95183, 32.42531], [-103.9518, 32.42506], [-103.9518, 32.4249], [-103.95177, 32.4246], [-103.95174, 32.42445], [-103.95176, 32.42423], [-103.95173, 32.42391], [-103.9517, 32.42363], [-103.95163, 32.42323], [-103.95157, 32.42255], [-103.95151, 32.42226], [-103.95151, 32.42182], [-103.95158, 32.42154], [-103.95188, 32.42061], [-103.95196, 32.42037], [-103.95208, 32.42017], [-103.95214, 32.41996]]}, "properties": {"operator": "Public Service Co of NM", "pipe_type": "Intrastate"}}, {"type": "Feature", "geometry": {"type": "LineString", "coordinates": [[-104.06776, 32.36714], [-104.06793, 32.36727], [-104.06824, 32.36749], [-104.06859, 32.36773], [-104.06885, 32.36792], [-104.0692, 32.36816], [-104.06938, 32.36829], [-104.06956, 32.36841], [-104.06977, 32.36856], [-104.07001, 32.36873], [-104.07032, 32.36894], [-104.07064, 32.36917], [-104.07081, 32.36929], [-104.07112, 32.3695], [-104.07144, 32.36972], [-104.07147, 32.36975], [-104.07154, 32.3698], [-104.07161, 32.36986], [-104.07175, 32.36997], [-104.07191, 32.37008], [-104.07215, 32.37025], [-104.0723, 32.37037], [-104.07238, 32.37042], [-104.07253, 32.37052], [-104.0726, 32.37056], [-104.07276, 32.37066], [-104.07283, 32.37071], [-104.07299, 32.37082], [-104.07308, 32.37088], [-104.07316, 32.37094], [-104.07334, 32.37107], [-104.07361, 32.37124], [-104.07395, 32.37148], [-104.0742, 32.37166], [-104.07472, 32.37202], [-104.0752, 32.37236], [-104.07555, 32.3726], [-104.07624, 32.37309], [-104.07696, 32.37359], [-104.07736, 32.37388], [-104.07751, 32.37398], [-104.07799, 32.37432], [-104.0787, 32.37481], [-104.07892, 32.37496], [-104.07944, 32.37534], [-104.07986, 32.37563]]}, "properties": {"operator": "Public Service Co of NM", "pipe_type": "Intrastate"}}, {"type": "Feature", "geometry": {"type": "LineString", "coordinates": [[-104.16888, 32.37078], [-104.16934, 32.37079], [-104.1701, 32.37078], [-104.171, 32.37077], [-104.17165, 32.37077], [-104.17263, 32.37077], [-104.17327, 32.37076], [-104.17426, 32.37075], [-104.17493, 32.37075], [-104.17629, 32.37074], [-104.17796, 32.37072], [-104.17927, 32.37071], [-104.18091, 32.3707], [-104.18244, 32.37068], [-104.18426, 32.37066], [-104.185, 32.37065], [-104.18558, 32.37063], [-104.18557, 32.36996], [-104.18556, 32.36948], [-104.18555, 32.36872], [-104.18554, 32.3682], [-104.18553, 32.36745], [-104.18552, 32.36654], [-104.1855, 32.36572], [-104.18548, 32.36485], [-104.18548, 32.36444], [-104.18546, 32.36413], [-104.18547, 32.36374], [-104.18546, 32.36326], [-104.18545, 32.3626], [-104.18544, 32.36186], [-104.18543, 32.36144], [-104.18543, 32.35868], [-104.18543, 32.35593], [-104.18543, 32.35587]]}, "properties": {"operator": "Public Service Co of NM", "pipe_type": "Intrastate"}}, {"type": "Feature", "geometry": {"type": "LineString", "coordinates": [[-104.18543, 32.35587], [-104.18558, 32.3559], [-104.18565, 32.35591], [-104.18571, 32.35592]]}, "properties": {"operator": "Public Service Co of NM", "pipe_type": "Intrastate"}}, {"type": "Feature", "geometry": {"type": "LineString", "coordinates": [[-104.18479, 32.33633], [-104.18476, 32.33615], [-104.18475, 32.33608], [-104.18467, 32.33588], [-104.18451, 32.3356], [-104.18434, 32.33535], [-104.18395, 32.33469], [-104.18382, 32.33419], [-104.1839, 32.33355], [-104.18407, 32.33316], [-104.18427, 32.33286]]}, "properties": {"operator": "Public Service Co of NM", "pipe_type": "Intrastate"}}, {"type": "Feature", "geometry": {"type": "LineString", "coordinates": [[-104.18427, 32.33286], [-104.18437, 32.33278], [-104.18437, 32.33282], [-104.18437, 32.33283]]}, "properties": {"operator": "Public Service Co of NM", "pipe_type": "Intrastate"}}, {"type": "Feature", "geometry": {"type": "LineString", "coordinates": [[-104.18563, 32.34117], [-104.18546, 32.34117]]}, "properties": {"operator": "Public Service Co of NM", "pipe_type": "Intrastate"}}, {"type": "Feature", "geometry": {"type": "LineString", "coordinates": [[-104.18563, 32.34117], [-104.18632, 32.34123], [-104.18641, 32.34123], [-104.18738, 32.34123], [-104.19147, 32.3412], [-104.19366, 32.34119], [-104.19591, 32.34119], [-104.19613, 32.3412], [-104.19619, 32.34121], [-104.19633, 32.34122], [-104.19633, 32.34105], [-104.19632, 32.34095]]}, "properties": {"operator": "Public Service Co of NM", "pipe_type": "Intrastate"}}, {"type": "Feature", "geometry": {"type": "LineString", "coordinates": [[-104.18546, 32.34117], [-104.18448, 32.33801], [-104.18455, 32.33738], [-104.18474, 32.33663], [-104.18479, 32.33633]]}, "properties": {"operator": "Public Service Co of NM", "pipe_type": "Intrastate"}}, {"type": "Feature", "geometry": {"type": "LineString", "coordinates": [[-104.18543, 32.35587], [-104.18551, 32.35277], [-104.18557, 32.35154], [-104.18581, 32.34696], [-104.18587, 32.34616], [-104.18562, 32.34532], [-104.18559, 32.34447], [-104.18562, 32.34339], [-104.1855, 32.34151], [-104.18546, 32.34117]]}, "properties": {"operator": "Public Service Co of NM", "pipe_type": "Intrastate"}}, {"type": "Feature", "geometry": {"type": "LineString", "coordinates": [[-104.12074, 32.38657], [-104.12722, 32.38306], [-104.12894, 32.38216], [-104.13015, 32.38151], [-104.13091, 32.38107], [-104.13106, 32.38096], [-104.13225, 32.37996], [-104.13264, 32.37969], [-104.13458, 32.37816], [-104.13631, 32.37787], [-104.13983, 32.37571], [-104.14263, 32.37395], [-104.14316, 32.37364], [-104.14511, 32.37214], [-104.14516, 32.37206], [-104.14548, 32.37183], [-104.14625, 32.3711]]}, "properties": {"operator": "Public Service Co of NM", "pipe_type": "Intrastate"}}, {"type": "Feature", "geometry": {"type": "LineString", "coordinates": [[-104.13478, 32.42878], [-104.13561, 32.42975], [-104.13602, 32.43026], [-104.13657, 32.43096], [-104.13716, 32.43169], [-104.13731, 32.43184], [-104.13744, 32.432], [-104.13792, 32.43257], [-104.13811, 32.43283], [-104.13848, 32.43329], [-104.13885, 32.43374], [-104.13937, 32.43434], [-104.13944, 32.43444], [-104.13983, 32.43489], [-104.14028, 32.43544], [-104.14065, 32.43589], [-104.14119, 32.43656], [-104.14165, 32.43712], [-104.14253, 32.4382], [-104.14319, 32.43902], [-104.14347, 32.43937], [-104.14372, 32.43968], [-104.14435, 32.44044], [-104.14507, 32.44131]]}, "properties": {"operator": "Public Service Co of NM", "pipe_type": "Intrastate"}}, {"type": "Feature", "geometry": {"type": "LineString", "coordinates": [[-104.14625, 32.3711], [-104.14627, 32.37108], [-104.14629, 32.37107], [-104.14631, 32.37105], [-104.14645, 32.37099], [-104.14645, 32.37097], [-104.14651, 32.37098], [-104.14671, 32.371], [-104.14689, 32.371], [-104.14707, 32.371], [-104.1473, 32.37101], [-104.14752, 32.37101], [-104.14778, 32.37101], [-104.14804, 32.37101], [-104.14833, 32.37101], [-104.14862, 32.37101], [-104.14891, 32.37101], [-104.1495, 32.37101], [-104.14979, 32.37101], [-104.15035, 32.37101], [-104.15142, 32.37101], [-104.15265, 32.371], [-104.15553, 32.37098], [-104.16023, 32.37093], [-104.16449, 32.37089], [-104.16823, 32.37084], [-104.16863, 32.37078], [-104.16888, 32.37078]]}, "properties": {"operator": "Public Service Co of NM", "pipe_type": "Intrastate"}}, {"type": "Feature", "geometry": {"type": "LineString", "coordinates": [[-104.14507, 32.44131], [-104.14567, 32.44201], [-104.14593, 32.44236], [-104.14693, 32.44354], [-104.1474, 32.4441], [-104.14822, 32.44513], [-104.14856, 32.44552], [-104.14913, 32.44624], [-104.14937, 32.4465], [-104.14948, 32.44669], [-104.14961, 32.44681], [-104.15027, 32.44759], [-104.15076, 32.44817], [-104.15169, 32.4493], [-104.15225, 32.44994], [-104.15339, 32.45138]]}, "properties": {"operator": "Public Service Co of NM", "pipe_type": "Intrastate"}}, {"type": "Feature", "geometry": {"type": "LineString", "coordinates": [[-104.15391, 32.45196], [-104.15556, 32.45407], [-104.15679, 32.4556]]}, "properties": {"operator": "Public Service Co of NM", "pipe_type": "Intrastate"}}, {"type": "Feature", "geometry": {"type": "LineString", "coordinates": [[-104.15339, 32.45138], [-104.15391, 32.45196]]}, "properties": {"operator": "Public Service Co of NM", "pipe_type": "Intrastate"}}, {"type": "Feature", "geometry": {"type": "LineString", "coordinates": [[-104.11524, 32.40499], [-104.11577, 32.40567], [-104.11674, 32.40693], [-104.11725, 32.40745], [-104.11747, 32.40774], [-104.11816, 32.40856], [-104.11867, 32.40915], [-104.11934, 32.40993], [-104.12005, 32.41079], [-104.12022, 32.41103], [-104.12049, 32.41132], [-104.12081, 32.41171], [-104.12114, 32.41214], [-104.12158, 32.41265], [-104.12217, 32.41338], [-104.12257, 32.41386], [-104.12304, 32.41441], [-104.12597, 32.41802], [-104.12643, 32.41858], [-104.12649, 32.41868], [-104.12693, 32.41921], [-104.12707, 32.41941], [-104.12724, 32.41959], [-104.12739, 32.4198], [-104.1279, 32.42042], [-104.12803, 32.42054], [-104.12837, 32.42099], [-104.12849, 32.42109], [-104.12855, 32.42115], [-104.12862, 32.42126], [-104.12893, 32.42164], [-104.12901, 32.42176], [-104.12937, 32.42219], [-104.12949, 32.4223], [-104.12959, 32.42244], [-104.12988, 32.42282], [-104.12997, 32.4229], [-104.13009, 32.42306], [-104.13053, 32.42358], [-104.13059, 32.42368], [-104.13115, 32.42435], [-104.13131, 32.42455], [-104.13146, 32.42474], [-104.13204, 32.42544], [-104.13245, 32.42592], [-104.1327, 32.42624], [-104.13294, 32.42653], [-104.13355, 32.42725], [-104.13413, 32.42795], [-104.13419, 32.42802], [-104.13421, 32.42809], [-104.13448, 32.4284], [-104.13478, 32.42878]]}, "properties": {"operator": "Public Service Co of NM", "pipe_type": "Intrastate"}}, {"type": "Feature", "geometry": {"type": "LineString", "coordinates": [[-104.10703, 32.39509], [-104.10732, 32.39544], [-104.108, 32.39628], [-104.10908, 32.39757], [-104.1099, 32.39853], [-104.1105, 32.39926], [-104.11109, 32.39998], [-104.11176, 32.40079], [-104.11262, 32.40183], [-104.11285, 32.40211], [-104.11289, 32.40216], [-104.11314, 32.40244], [-104.11327, 32.40261], [-104.11352, 32.40292], [-104.11367, 32.40309], [-104.11394, 32.40342], [-104.11426, 32.4038], [-104.11462, 32.40424], [-104.11483, 32.4045], [-104.11524, 32.40499]]}, "properties": {"operator": "Public Service Co of NM", "pipe_type": "Intrastate"}}, {"type": "Feature", "geometry": {"type": "LineString", "coordinates": [[-104.12074, 32.38657], [-104.12062, 32.38663], [-104.12052, 32.38668], [-104.1203, 32.38681], [-104.12011, 32.38691], [-104.11994, 32.387], [-104.11968, 32.38714], [-104.11949, 32.38725], [-104.11928, 32.38737], [-104.11902, 32.38751], [-104.11865, 32.38771], [-104.11842, 32.38782], [-104.11805, 32.38801], [-104.11768, 32.3882], [-104.11754, 32.38828], [-104.11725, 32.38844], [-104.11701, 32.38857], [-104.11665, 32.38877], [-104.11643, 32.38888], [-104.11608, 32.38906], [-104.1154, 32.38943], [-104.11463, 32.38983], [-104.11407, 32.39014], [-104.11351, 32.39044], [-104.1128, 32.39083], [-104.11211, 32.3912], [-104.11123, 32.39167], [-104.11062, 32.39199], [-104.10986, 32.39239], [-104.10937, 32.39266], [-104.10875, 32.39299], [-104.10817, 32.3933], [-104.10734, 32.39375], [-104.1067, 32.39408], [-104.10658, 32.39415], [-104.10657, 32.39416], [-104.10646, 32.39421], [-104.10642, 32.39423], [-104.10634, 32.39426]]}, "properties": {"operator": "Public Service Co of NM", "pipe_type": "Intrastate"}}, {"type": "Feature", "geometry": {"type": "LineString", "coordinates": [[-104.12074, 32.38657], [-104.12075, 32.38658]]}, "properties": {"operator": "Public Service Co of NM", "pipe_type": "Intrastate"}}, {"type": "Feature", "geometry": {"type": "LineString", "coordinates": [[-104.10634, 32.39426], [-104.10656, 32.39451], [-104.10685, 32.39488], [-104.10703, 32.39509]]}, "properties": {"operator": "Public Service Co of NM", "pipe_type": "Intrastate"}}, {"type": "Feature", "geometry": {"type": "LineString", "coordinates": [[-104.09421, 32.38567], [-104.0952, 32.38637], [-104.09665, 32.38738], [-104.09798, 32.38831], [-104.09895, 32.38901], [-104.09986, 32.38963], [-104.10084, 32.39031], [-104.10232, 32.39135], [-104.10318, 32.39195], [-104.10375, 32.39236], [-104.10462, 32.39297], [-104.10543, 32.39354], [-104.10596, 32.39389], [-104.10616, 32.39406], [-104.10625, 32.39415], [-104.10634, 32.39426]]}, "properties": {"operator": "Public Service Co of NM", "pipe_type": "Intrastate"}}, {"type": "Feature", "geometry": {"type": "LineString", "coordinates": [[-104.07986, 32.37563], [-104.07996, 32.3757], [-104.08007, 32.37577], [-104.08016, 32.37584], [-104.08026, 32.37591], [-104.08035, 32.37597], [-104.08044, 32.37604], [-104.08053, 32.3761], [-104.08062, 32.37616], [-104.08072, 32.37623], [-104.08086, 32.37633], [-104.08091, 32.37637]]}, "properties": {"operator": "Public Service Co of NM", "pipe_type": "Intrastate"}}, {"type": "Feature", "geometry": {"type": "LineString", "coordinates": [[-104.08091, 32.37637], [-104.08103, 32.37645], [-104.0811, 32.3765], [-104.08118, 32.37656], [-104.08136, 32.37668], [-104.08154, 32.37681], [-104.08172, 32.37693], [-104.0819, 32.37706], [-104.08208, 32.37719], [-104.0824, 32.37741], [-104.08276, 32.37766], [-104.08315, 32.37793], [-104.08345, 32.37815], [-104.08394, 32.37849], [-104.0846, 32.37896], [-104.08494, 32.37918], [-104.08523, 32.37939], [-104.08556, 32.37962], [-104.08594, 32.37989], [-104.08652, 32.3803], [-104.0868, 32.3805], [-104.08707, 32.38069], [-104.08721, 32.38079], [-104.0873, 32.38084], [-104.08744, 32.38095], [-104.08795, 32.38131], [-104.08845, 32.38165], [-104.08859, 32.38174], [-104.08871, 32.38184], [-104.0891, 32.3821], [-104.08974, 32.38255], [-104.09039, 32.383], [-104.0911, 32.38349], [-104.09261, 32.38455], [-104.09335, 32.38507], [-104.09421, 32.38567]]}, "properties": {"operator": "Public Service Co of NM", "pipe_type": "Intrastate"}}, {"type": "Feature", "geometry": {"type": "LineString", "coordinates": [[-103.98658, 32.36353], [-103.9875, 32.36338], [-103.98793, 32.36328], [-103.98814, 32.36317], [-103.98825, 32.36301], [-103.98838, 32.36273], [-103.98896, 32.36172], [-103.98959, 32.3606], [-103.99027, 32.3594], [-103.99062, 32.35881], [-103.99127, 32.35763], [-103.99221, 32.35599], [-103.99288, 32.35481], [-103.99304, 32.35451], [-103.99353, 32.35367], [-103.99402, 32.35286], [-103.99477, 32.35191], [-103.99645, 32.3499], [-103.99785, 32.34825], [-103.99915, 32.34669], [-104.00052, 32.34507], [-104.00194, 32.34339], [-104.00343, 32.34162], [-104.00497, 32.33978], [-104.00627, 32.33824], [-104.0066, 32.33786], [-104.00674, 32.3377], [-104.00696, 32.33742], [-104.01184, 32.33272], [-104.01164, 32.33248], [-104.0132, 32.33133], [-104.01495, 32.33011], [-104.01583, 32.32947], [-104.01698, 32.3285], [-104.01713, 32.32838]]}, "properties": {"operator": "Public Service Co of NM", "pipe_type": "Intrastate"}}, {"type": "Feature", "geometry": {"type": "LineString", "coordinates": [[-104.05462, 32.35793], [-104.05556, 32.35861], [-104.05708, 32.35966], [-104.0641, 32.36458], [-104.06776, 32.36714]]}, "properties": {"operator": "Public Service Co of NM", "pipe_type": "Intrastate"}}, {"type": "Feature", "geometry": {"type": "LineString", "coordinates": [[-104.01713, 32.32838], [-104.01745, 32.32814], [-104.02244, 32.32389], [-104.02801, 32.31866], [-104.03117, 32.31569], [-104.03305, 32.31392], [-104.03454, 32.31257]]}, "properties": {"operator": "Public Service Co of NM", "pipe_type": "Intrastate"}}, {"type": "Feature", "geometry": {"type": "LineString", "coordinates": [[-104.04213, 32.29645], [-104.04222, 32.2963], [-104.04235, 32.29609], [-104.04242, 32.296], [-104.04236, 32.29573], [-104.04225, 32.29564], [-104.04211, 32.29557], [-104.04171, 32.29519], [-104.04171, 32.29512], [-104.04201, 32.29445], [-104.04204, 32.29442], [-104.04212, 32.29438], [-104.04215, 32.29438], [-104.04218, 32.29434]]}, "properties": {"operator": "Public Service Co of NM", "pipe_type": "Intrastate"}}, {"type": "Feature", "geometry": {"type": "LineString", "coordinates": [[-104.03454, 32.31257], [-104.03459, 32.31251], [-104.03482, 32.31229], [-104.03486, 32.31225], [-104.03481, 32.31222], [-104.03482, 32.31219], [-104.03487, 32.31209], [-104.0349, 32.31207], [-104.03549, 32.31146], [-104.03611, 32.31086], [-104.0362, 32.31073], [-104.03622, 32.3105], [-104.03555, 32.30949], [-104.03463, 32.3081], [-104.03552, 32.30671], [-104.03656, 32.30512], [-104.03733, 32.30392], [-104.03782, 32.30319], [-104.03892, 32.30151], [-104.0394, 32.30076], [-104.04056, 32.29897], [-104.04182, 32.29697], [-104.04213, 32.29645]]}, "properties": {"operator": "Public Service Co of NM", "pipe_type": "Intrastate"}}, {"type": "Feature", "geometry": {"type": "LineString", "coordinates": [[-104.04218, 32.29434], [-104.04218, 32.29433], [-104.0422, 32.29432], [-104.04246, 32.29338], [-104.04269, 32.29248], [-104.04294, 32.29147], [-104.04299, 32.29128]]}, "properties": {"operator": "Public Service Co of NM", "pipe_type": "Intrastate"}}, {"type": "Feature", "geometry": {"type": "LineString", "coordinates": [[-104.04299, 32.29128], [-104.04301, 32.29118], [-104.04303, 32.29115], [-104.04303, 32.29108], [-104.04304, 32.29105], [-104.04305, 32.29102], [-104.04307, 32.29092], [-104.04308, 32.29091], [-104.04309, 32.29085]]}, "properties": {"operator": "Public Service Co of NM", "pipe_type": "Intrastate"}}, {"type": "Feature", "geometry": {"type": "LineString", "coordinates": [[-104.03481, 32.31222], [-104.03476, 32.31217], [-104.03447, 32.31185], [-104.03407, 32.31155], [-104.03365, 32.31136], [-104.03329, 32.31131], [-104.03324, 32.31124], [-104.03328, 32.31108], [-104.03323, 32.31103], [-104.03318, 32.31091], [-104.03314, 32.31082], [-104.03312, 32.31083]]}, "properties": {"operator": "Public Service Co of NM", "pipe_type": "Intrastate"}}, {"type": "Feature", "geometry": {"type": "LineString", "coordinates": [[-104.04153, 32.34853], [-104.04361, 32.3502], [-104.04394, 32.35042], [-104.04407, 32.35052], [-104.04513, 32.35127], [-104.04603, 32.35191], [-104.04858, 32.35367], [-104.04908, 32.35406], [-104.05204, 32.35614], [-104.05259, 32.35654], [-104.05462, 32.35793]]}, "properties": {"operator": "Public Service Co of NM", "pipe_type": "Intrastate"}}, {"type": "Feature", "geometry": {"type": "LineString", "coordinates": [[-104.01713, 32.32838], [-104.01769, 32.32894], [-104.0202, 32.33102], [-104.023, 32.33332], [-104.02348, 32.33372], [-104.02539, 32.33528], [-104.02686, 32.33651], [-104.027, 32.33666], [-104.02962, 32.33878], [-104.03138, 32.3402], [-104.03403, 32.34237], [-104.03963, 32.34695], [-104.04075, 32.34788], [-104.04153, 32.34853]]}, "properties": {"operator": "Public Service Co of NM", "pipe_type": "Intrastate"}}, {"type": "Feature", "geometry": {"type": "LineString", "coordinates": [[-103.95211, 32.41995], [-103.95221, 32.41953], [-103.95227, 32.41927], [-103.95228, 32.4192], [-103.95221, 32.41915], [-103.95213, 32.41902], [-103.95194, 32.41877], [-103.95108, 32.41755], [-103.95105, 32.41742], [-103.95101, 32.41698], [-103.95101, 32.41671], [-103.95091, 32.4156], [-103.95084, 32.41491], [-103.95078, 32.41438], [-103.95074, 32.41419], [-103.95073, 32.41387], [-103.95064, 32.41308], [-103.9506, 32.41255], [-103.95056, 32.41237], [-103.95054, 32.41202], [-103.95054, 32.41197]]}, "properties": {"operator": "Public Service Co of NM", "pipe_type": "Intrastate"}}, {"type": "Feature", "geometry": {"type": "LineString", "coordinates": [[-103.95214, 32.41996], [-103.95224, 32.41954], [-103.95231, 32.41927], [-103.95231, 32.41919], [-103.95224, 32.41913], [-103.95216, 32.41901], [-103.95197, 32.41875], [-103.95111, 32.41754], [-103.95108, 32.41742], [-103.95104, 32.41698], [-103.95104, 32.41671], [-103.95094, 32.4156], [-103.95087, 32.41491], [-103.95081, 32.41437], [-103.95077, 32.41419], [-103.95076, 32.41387], [-103.95068, 32.41308], [-103.95063, 32.41255], [-103.95059, 32.41236], [-103.95058, 32.41201], [-103.95057, 32.41195]]}, "properties": {"operator": "Public Service Co of NM", "pipe_type": "Intrastate"}}, {"type": "Feature", "geometry": {"type": "LineString", "coordinates": [[-103.95054, 32.41197], [-103.95046, 32.412], [-103.95045, 32.41199], [-103.94982, 32.41209], [-103.94884, 32.41224], [-103.94792, 32.41235], [-103.94763, 32.41241], [-103.9473, 32.41243], [-103.94713, 32.41247], [-103.94699, 32.41251], [-103.94644, 32.41261], [-103.94621, 32.41263], [-103.94605, 32.41263], [-103.94583, 32.41267], [-103.94571, 32.41268], [-103.94563, 32.4127], [-103.9454, 32.41271], [-103.94516, 32.41276], [-103.94483, 32.41281], [-103.94459, 32.41284], [-103.94443, 32.41287], [-103.94429, 32.41288], [-103.94361, 32.413], [-103.94221, 32.41316], [-103.94221, 32.41317], [-103.94219, 32.41317]]}, "properties": {"operator": "Public Service Co of NM", "pipe_type": "Intrastate"}}, {"type": "Feature", "geometry": {"type": "LineString", "coordinates": [[-103.95653, 32.40694], [-103.95661, 32.40691], [-103.95764, 32.40601], [-103.95778, 32.40587], [-103.95809, 32.4056], [-103.9585, 32.40526], [-103.95893, 32.40494], [-103.95971, 32.40426], [-103.96086, 32.4033], [-103.96132, 32.40294], [-103.96212, 32.40227], [-103.96251, 32.4019], [-103.96389, 32.40075], [-103.96494, 32.39989], [-103.9655, 32.39953], [-103.96585, 32.3993], [-103.96638, 32.39895], [-103.96676, 32.39869], [-103.968, 32.39789], [-103.96867, 32.39746], [-103.96852, 32.39712], [-103.96851, 32.39707], [-103.96865, 32.39673], [-103.96887, 32.39635], [-103.96954, 32.39514], [-103.96983, 32.39459], [-103.96998, 32.39433], [-103.97058, 32.39327], [-103.97093, 32.39267], [-103.97147, 32.39169], [-103.97191, 32.39091], [-103.97239, 32.39006], [-103.97267, 32.38956], [-103.97287, 32.38925], [-103.97325, 32.38856], [-103.97365, 32.38784], [-103.97415, 32.38697], [-103.97455, 32.38624], [-103.97471, 32.38587], [-103.97471, 32.38584], [-103.97444, 32.38482], [-103.97436, 32.3846], [-103.97458, 32.38457], [-103.97493, 32.3845], [-103.97562, 32.38434], [-103.97626, 32.3832], [-103.97687, 32.3821], [-103.97737, 32.38123], [-103.978, 32.38011], [-103.97878, 32.37873], [-103.97949, 32.37744], [-103.9802, 32.37619], [-103.98097, 32.37485], [-103.98158, 32.37373], [-103.98194, 32.373], [-103.98246, 32.37211], [-103.98331, 32.37061], [-103.984, 32.36938], [-103.98452, 32.36845], [-103.98502, 32.36756], [-103.9851, 32.3674], [-103.9855, 32.36673], [-103.98555, 32.36642], [-103.98558, 32.36527], [-103.98559, 32.36445], [-103.98558, 32.36375], [-103.98611, 32.36366], [-103.98612, 32.36362], [-103.98627, 32.36359], [-103.9864, 32.36358], [-103.98643, 32.36357], [-103.98658, 32.36353]]}, "properties": {"operator": "Public Service Co of NM", "pipe_type": "Intrastate"}}, {"type": "Feature", "geometry": {"type": "LineString", "coordinates": [[-103.95054, 32.41197], [-103.95055, 32.41197], [-103.95057, 32.41195]]}, "properties": {"operator": "Public Service Co of NM", "pipe_type": "Intrastate"}}, {"type": "Feature", "geometry": {"type": "LineString", "coordinates": [[-103.95057, 32.41195], [-103.95064, 32.41189], [-103.9509, 32.41166], [-103.95125, 32.41137], [-103.9514, 32.41126], [-103.95168, 32.41106], [-103.9517, 32.41097], [-103.95197, 32.41072], [-103.95368, 32.40932], [-103.95395, 32.40908], [-103.95402, 32.40904], [-103.9549, 32.40829], [-103.9552, 32.40805], [-103.95653, 32.40694]]}, "properties": {"operator": "Public Service Co of NM", "pipe_type": "Intrastate"}}, {"type": "Feature", "geometry": {"type": "LineString", "coordinates": [[-103.94219, 32.41317], [-103.94219, 32.41316], [-103.94213, 32.41317]]}, "properties": {"operator": "Public Service Co of NM", "pipe_type": "Intrastate"}}, {"type": "Feature", "geometry": {"type": "LineString", "coordinates": [[-103.94219, 32.41317], [-103.94215, 32.41318], [-103.94209, 32.41318], [-103.94205, 32.41319], [-103.942, 32.41319], [-103.94201, 32.41324]]}, "properties": {"operator": "Public Service Co of NM", "pipe_type": "Intrastate"}}, {"type": "Feature", "geometry": {"type": "LineString", "coordinates": [[-104.04524, 32.61503], [-104.04539, 32.61489], [-104.0461, 32.6143], [-104.04622, 32.6142], [-104.04646, 32.61398], [-104.04698, 32.61356], [-104.04709, 32.61345], [-104.04736, 32.61324], [-104.04854, 32.61229], [-104.04881, 32.61213], [-104.04898, 32.61198], [-104.04935, 32.61168], [-104.04961, 32.61143], [-104.05046, 32.61077], [-104.05092, 32.61042], [-104.05161, 32.60986], [-104.05259, 32.60909], [-104.05317, 32.60861], [-104.05426, 32.60774], [-104.05481, 32.6073], [-104.05544, 32.60678], [-104.05584, 32.60646], [-104.0566, 32.60586], [-104.05704, 32.6055], [-104.05752, 32.60512], [-104.05825, 32.60453], [-104.05937, 32.60366], [-104.05973, 32.60334], [-104.06006, 32.6031], [-104.06126, 32.60211], [-104.06245, 32.60113], [-104.06261, 32.601], [-104.06387, 32.60001], [-104.06524, 32.59892], [-104.06545, 32.59879], [-104.06656, 32.59788], [-104.06673, 32.59774], [-104.06689, 32.5976], [-104.06721, 32.59735], [-104.06733, 32.59726], [-104.06763, 32.59702], [-104.06777, 32.59689], [-104.06839, 32.59639], [-104.069, 32.59591], [-104.06937, 32.59562], [-104.06954, 32.59553], [-104.07096, 32.59434], [-104.07188, 32.5936], [-104.07297, 32.59273], [-104.0737, 32.59214], [-104.0749, 32.59117], [-104.07605, 32.59025], [-104.07686, 32.5896], [-104.0776, 32.589], [-104.07877, 32.58808], [-104.07943, 32.58755], [-104.08094, 32.58631], [-104.08182, 32.58561], [-104.08244, 32.58511], [-104.08282, 32.58485], [-104.0835, 32.5843], [-104.08416, 32.58373], [-104.08494, 32.5831], [-104.08575, 32.58244], [-104.08645, 32.5819], [-104.08727, 32.58124], [-104.08877, 32.58002], [-104.08936, 32.57953], [-104.08988, 32.57913]]}, "properties": {"operator": "Public Service Co of NM", "pipe_type": "Intrastate"}}, {"type": "Feature", "geometry": {"type": "LineString", "coordinates": [[-104.1059, 32.56517], [-104.10616, 32.56494], [-104.10651, 32.56464], [-104.10664, 32.56454], [-104.1067, 32.56447], [-104.10678, 32.56441], [-104.10706, 32.56415], [-104.10723, 32.56398], [-104.1077, 32.56357], [-104.10801, 32.5633], [-104.10819, 32.56314], [-104.10848, 32.56287], [-104.10856, 32.56281], [-104.10872, 32.56267], [-104.10884, 32.56257], [-104.10904, 32.56237], [-104.10924, 32.56224], [-104.10934, 32.56213], [-104.1097, 32.56178], [-104.11021, 32.56132], [-104.11071, 32.56087], [-104.11084, 32.56074], [-104.11094, 32.56066], [-104.11103, 32.56058], [-104.11129, 32.56036], [-104.11177, 32.55993], [-104.11189, 32.55985], [-104.11204, 32.55968], [-104.11223, 32.5595], [-104.11247, 32.55928], [-104.11253, 32.55923], [-104.11263, 32.55919], [-104.11272, 32.55912], [-104.1128, 32.55902], [-104.11299, 32.55882], [-104.11399, 32.55794], [-104.11481, 32.55721], [-104.11507, 32.55696], [-104.11547, 32.55661], [-104.11588, 32.55624], [-104.1164, 32.55577], [-104.11654, 32.55564], [-104.11669, 32.55552], [-104.11683, 32.55538], [-104.11696, 32.55529], [-104.11708, 32.55518], [-104.11717, 32.55509], [-104.11744, 32.55485], [-104.11795, 32.5544], [-104.11832, 32.55407], [-104.11857, 32.55385], [-104.11869, 32.55375], [-104.11875, 32.55371], [-104.1189, 32.55354], [-104.11916, 32.55331], [-104.11967, 32.55285], [-104.11989, 32.55264], [-104.12018, 32.55239], [-104.1204, 32.55221], [-104.12058, 32.55206], [-104.12085, 32.55181], [-104.12134, 32.55135], [-104.12152, 32.5512], [-104.12195, 32.55086], [-104.12265, 32.55019], [-104.12315, 32.54974], [-104.1238, 32.54918], [-104.12401, 32.54902], [-104.12408, 32.54897], [-104.12417, 32.54888], [-104.12433, 32.54873], [-104.12454, 32.54851], [-104.12483, 32.54825], [-104.12498, 32.54815], [-104.1251, 32.54803], [-104.1252, 32.54793], [-104.12528, 32.54787], [-104.12559, 32.54757], [-104.12598, 32.5472], [-104.1261, 32.54711], [-104.12627, 32.54696], [-104.12635, 32.54688], [-104.12645, 32.54681], [-104.12653, 32.54671], [-104.12658, 32.54668], [-104.12691, 32.5464], [-104.12725, 32.54609], [-104.12759, 32.54578], [-104.12806, 32.54536], [-104.12842, 32.545], [-104.12869, 32.54478], [-104.12907, 32.54446], [-104.12918, 32.54438], [-104.12925, 32.54432], [-104.12933, 32.54424], [-104.1294, 32.54416], [-104.1295, 32.54408], [-104.12963, 32.54397], [-104.13152, 32.54227], [-104.13184, 32.54197], [-104.13195, 32.54189], [-104.13228, 32.54156], [-104.13235, 32.5415], [-104.13243, 32.54142], [-104.13263, 32.54125], [-104.13286, 32.54104], [-104.133, 32.54092], [-104.13328, 32.54067], [-104.13347, 32.54054], [-104.13367, 32.54039], [-104.13383, 32.54023], [-104.13399, 32.54007], [-104.13412, 32.53997], [-104.13423, 32.53986], [-104.13442, 32.53969], [-104.13465, 32.53948], [-104.13476, 32.53935], [-104.13498, 32.53918], [-104.13506, 32.53912], [-104.13519, 32.53897], [-104.13533, 32.53885], [-104.13568, 32.53854], [-104.1358, 32.53846], [-104.13591, 32.53835], [-104.13607, 32.53821], [-104.13626, 32.53803], [-104.13638, 32.53792], [-104.13676, 32.53758], [-104.13704, 32.53734], [-104.13733, 32.53706], [-104.14067, 32.5341], [-104.14142, 32.53341], [-104.1418, 32.53306], [-104.14251, 32.53242], [-104.14316, 32.53185], [-104.14354, 32.53151], [-104.14392, 32.53116], [-104.14465, 32.53051], [-104.14479, 32.53037], [-104.14499, 32.5302], [-104.14521, 32.53002], [-104.1455, 32.52975], [-104.14566, 32.52961], [-104.14596, 32.52932], [-104.14602, 32.52926], [-104.14613, 32.52914], [-104.1465, 32.52881], [-104.14684, 32.5285], [-104.1469, 32.52846], [-104.14706, 32.52832], [-104.14792, 32.52754], [-104.14853, 32.52699], [-104.14907, 32.52653], [-104.14919, 32.5264], [-104.14962, 32.52601], [-104.14988, 32.52579], [-104.14999, 32.52561], [-104.15017, 32.52546], [-104.15039, 32.52534], [-104.15052, 32.5252], [-104.15083, 32.52494], [-104.15089, 32.52492], [-104.15129, 32.52456], [-104.15145, 32.52441], [-104.1519, 32.524], [-104.15199, 32.52393], [-104.15221, 32.52372], [-104.15345, 32.52261], [-104.15398, 32.52211], [-104.15451, 32.5216], [-104.15493, 32.52124], [-104.15531, 32.52094], [-104.15561, 32.52068], [-104.15637, 32.51995], [-104.15663, 32.5197], [-104.1569, 32.51949], [-104.1572, 32.51922], [-104.15754, 32.51893], [-104.15793, 32.51859], [-104.15831, 32.51826], [-104.15884, 32.51778], [-104.1597, 32.517], [-104.16011, 32.51663], [-104.1609, 32.51595], [-104.16109, 32.51577], [-104.16152, 32.51544], [-104.16186, 32.51516], [-104.1625, 32.51467], [-104.16271, 32.5145], [-104.16304, 32.51424], [-104.16351, 32.51382], [-104.16402, 32.51346], [-104.16432, 32.51323], [-104.16571, 32.51209], [-104.16592, 32.5119], [-104.16609, 32.51179], [-104.16647, 32.51152], [-104.16668, 32.51138], [-104.16697, 32.51115], [-104.16776, 32.51053], [-104.16787, 32.51045], [-104.16802, 32.51033], [-104.16913, 32.50945], [-104.17019, 32.50859], [-104.17108, 32.50787], [-104.17122, 32.50781], [-104.1717, 32.50737], [-104.1739, 32.50566], [-104.17416, 32.50548], [-104.17551, 32.50443], [-104.17698, 32.50324], [-104.17855, 32.50201], [-104.17872, 32.50187], [-104.17892, 32.50174], [-104.17921, 32.50148], [-104.18071, 32.50032], [-104.18149, 32.49968], [-104.18232, 32.49901], [-104.18363, 32.49799], [-104.18392, 32.49774], [-104.18418, 32.49755], [-104.18439, 32.49739], [-104.18459, 32.49725], [-104.18494, 32.49695], [-104.18565, 32.49635], [-104.18689, 32.49537], [-104.18794, 32.4954], [-104.18852, 32.49527], [-104.18889, 32.49521], [-104.18897, 32.4952], [-104.189, 32.49519], [-104.18903, 32.49518], [-104.18905, 32.49518]]}, "properties": {"operator": "Public Service Co of NM", "pipe_type": "Intrastate"}}, {"type": "Feature", "geometry": {"type": "LineString", "coordinates": [[-104.18879, 32.55825], [-104.18835, 32.55842], [-104.18791, 32.55859], [-104.18782, 32.55864], [-104.18762, 32.55871], [-104.18743, 32.55882], [-104.18728, 32.55889], [-104.18677, 32.55911], [-104.18604, 32.55941], [-104.18386, 32.56034], [-104.18081, 32.56163], [-104.18014, 32.56191]]}, "properties": {"operator": "Public Service Co of NM", "pipe_type": "Intrastate"}}, {"type": "Feature", "geometry": {"type": "LineString", "coordinates": [[-104.18901, 32.55822], [-104.18902, 32.56061], [-104.18902, 32.56137], [-104.18903, 32.5634], [-104.189, 32.56398], [-104.18898, 32.56494], [-104.189, 32.56518], [-104.18899, 32.56937], [-104.189, 32.57442], [-104.18898, 32.57602], [-104.18898, 32.57723], [-104.18895, 32.58094], [-104.18895, 32.58591], [-104.18895, 32.5865]]}, "properties": {"operator": "Public Service Co of NM", "pipe_type": "Intrastate"}}, {"type": "Feature", "geometry": {"type": "LineString", "coordinates": [[-104.18905, 32.49518], [-104.18906, 32.49521], [-104.18907, 32.49545], [-104.18909, 32.49578], [-104.18908, 32.49606], [-104.18907, 32.49751], [-104.18907, 32.4999], [-104.18906, 32.50211], [-104.18905, 32.50461], [-104.18905, 32.50663], [-104.18905, 32.50879], [-104.18905, 32.51082], [-104.18905, 32.5131], [-104.18906, 32.51521], [-104.18904, 32.51729], [-104.18906, 32.51955], [-104.18905, 32.52198], [-104.18905, 32.52257]]}, "properties": {"operator": "Public Service Co of NM", "pipe_type": "Intrastate"}}, {"type": "Feature", "geometry": {"type": "LineString", "coordinates": [[-104.17141, 32.50761], [-104.17138, 32.50762], [-104.17107, 32.50783], [-104.17092, 32.50795], [-104.17066, 32.50816], [-104.17042, 32.50836], [-104.17017, 32.50856], [-104.16963, 32.509], [-104.16923, 32.50933], [-104.16907, 32.50945], [-104.16846, 32.50993], [-104.168, 32.51031], [-104.16776, 32.5105], [-104.16745, 32.51073], [-104.1672, 32.51093], [-104.16701, 32.51108], [-104.16633, 32.51159], [-104.16564, 32.5121], [-104.1652, 32.51245], [-104.1649, 32.51268], [-104.16475, 32.5128], [-104.16461, 32.51294], [-104.16455, 32.51299], [-104.16441, 32.51312], [-104.16433, 32.51317], [-104.16427, 32.51324], [-104.16418, 32.51329], [-104.1641, 32.51334], [-104.16401, 32.51339], [-104.16384, 32.51353], [-104.16376, 32.5136], [-104.16363, 32.5137], [-104.16348, 32.5138], [-104.16329, 32.51396], [-104.16308, 32.51415], [-104.16287, 32.51434], [-104.16272, 32.51446], [-104.16258, 32.51457], [-104.1625, 32.51464], [-104.16244, 32.51467], [-104.16236, 32.51473], [-104.16199, 32.51503], [-104.16177, 32.5152], [-104.16141, 32.5155], [-104.1613, 32.51558], [-104.16125, 32.51562], [-104.16097, 32.51584], [-104.16096, 32.51589], [-104.16097, 32.51594], [-104.16101, 32.51608], [-104.16109, 32.51639], [-104.16113, 32.51659], [-104.16114, 32.51673], [-104.16115, 32.51678], [-104.1612, 32.51693], [-104.16126, 32.51715], [-104.16138, 32.5176], [-104.16155, 32.51786]]}, "properties": {"operator": "Public Service Co of NM", "pipe_type": "Intrastate"}}, {"type": "Feature", "geometry": {"type": "LineString", "coordinates": [[-104.18765, 32.49485], [-104.18756, 32.49486], [-104.18751, 32.49489], [-104.18745, 32.49494], [-104.18742, 32.49496], [-104.18739, 32.49498], [-104.18707, 32.49526], [-104.18704, 32.49529], [-104.18684, 32.49544], [-104.18676, 32.4955], [-104.18658, 32.49565], [-104.18649, 32.49572], [-104.1864, 32.49578], [-104.18619, 32.49594], [-104.18599, 32.49609], [-104.18573, 32.49629], [-104.18561, 32.49638], [-104.1854, 32.49656], [-104.18532, 32.49662], [-104.18514, 32.49675], [-104.18496, 32.49689], [-104.18486, 32.49697], [-104.18478, 32.49704], [-104.18469, 32.49711], [-104.18457, 32.49722], [-104.18447, 32.4973], [-104.18435, 32.49738], [-104.18423, 32.49748], [-104.18409, 32.49758], [-104.18397, 32.49766], [-104.18371, 32.49788], [-104.18355, 32.49801], [-104.18339, 32.49813], [-104.18317, 32.49831], [-104.18293, 32.49849], [-104.18267, 32.49869], [-104.1824, 32.49891], [-104.18199, 32.49923], [-104.18165, 32.49951], [-104.18156, 32.49958], [-104.1814, 32.49972], [-104.18131, 32.49979], [-104.18114, 32.49993], [-104.18098, 32.50005], [-104.18085, 32.50016], [-104.18074, 32.50025], [-104.18071, 32.50028], [-104.18068, 32.5003], [-104.18057, 32.50038], [-104.18044, 32.50048], [-104.18029, 32.5006], [-104.18003, 32.5008], [-104.17985, 32.50094], [-104.17957, 32.50115], [-104.17938, 32.50129], [-104.17921, 32.50144], [-104.17906, 32.50157], [-104.17892, 32.50169], [-104.17882, 32.50177], [-104.17865, 32.50189], [-104.1785, 32.50202], [-104.17835, 32.50213], [-104.17821, 32.50225], [-104.17798, 32.50242], [-104.17784, 32.50254], [-104.17763, 32.5027], [-104.17752, 32.50279], [-104.17737, 32.5029], [-104.1771, 32.50311], [-104.17692, 32.50326], [-104.17671, 32.50342], [-104.1765, 32.5036], [-104.17631, 32.50375], [-104.17614, 32.50388], [-104.17587, 32.50409], [-104.17557, 32.50434], [-104.17507, 32.50474], [-104.17455, 32.50514], [-104.1742, 32.50541], [-104.17384, 32.50567], [-104.17336, 32.50604], [-104.17307, 32.50626], [-104.1725, 32.5067], [-104.17215, 32.50697], [-104.17187, 32.5072], [-104.17163, 32.50738], [-104.17154, 32.50746], [-104.17148, 32.50752], [-104.17147, 32.50755], [-104.17142, 32.5076], [-104.17141, 32.50761]]}, "properties": {"operator": "Public Service Co of NM", "pipe_type": "Intrastate"}}, {"type": "Feature", "geometry": {"type": "LineString", "coordinates": [[-104.16946, 32.471], [-104.1699, 32.47151], [-104.17043, 32.47217], [-104.17063, 32.4724], [-104.17092, 32.47276], [-104.17132, 32.47324], [-104.17182, 32.47389], [-104.17263, 32.47489], [-104.17326, 32.47564], [-104.17455, 32.47722], [-104.17468, 32.47738], [-104.17476, 32.47748], [-104.17538, 32.47826], [-104.17557, 32.47853], [-104.1757, 32.47867], [-104.17615, 32.47922], [-104.17644, 32.47956], [-104.17662, 32.4798], [-104.17691, 32.48011], [-104.17721, 32.4805], [-104.17764, 32.48103], [-104.1781, 32.48158], [-104.17837, 32.4819]]}, "properties": {"operator": "Public Service Co of NM", "pipe_type": "Intrastate"}}, {"type": "Feature", "geometry": {"type": "LineString", "coordinates": [[-104.18905, 32.49518], [-104.18908, 32.49517], [-104.18913, 32.49516], [-104.18919, 32.49513], [-104.18922, 32.49512], [-104.18923, 32.49513], [-104.18928, 32.49511]]}, "properties": {"operator": "Public Service Co of NM", "pipe_type": "Intrastate"}}, {"type": "Feature", "geometry": {"type": "LineString", "coordinates": [[-104.18905, 32.49475], [-104.18905, 32.49498], [-104.18905, 32.49509], [-104.18905, 32.49518]]}, "properties": {"operator": "Public Service Co of NM", "pipe_type": "Intrastate"}}, {"type": "Feature", "geometry": {"type": "LineString", "coordinates": [[-104.18905, 32.49473], [-104.18905, 32.49475]]}, "properties": {"operator": "Public Service Co of NM", "pipe_type": "Intrastate"}}, {"type": "Feature", "geometry": {"type": "LineString", "coordinates": [[-104.18905, 32.49475], [-104.18884, 32.49485], [-104.18881, 32.49485], [-104.18879, 32.49485], [-104.18875, 32.49487], [-104.18873, 32.49486], [-104.1887, 32.49486], [-104.18864, 32.49485], [-104.18859, 32.49485], [-104.18851, 32.49486], [-104.18846, 32.49486], [-104.18842, 32.49486], [-104.18833, 32.49487], [-104.18824, 32.49486], [-104.18817, 32.49485], [-104.18815, 32.49485], [-104.18811, 32.49485], [-104.18804, 32.49485], [-104.18792, 32.49485], [-104.18788, 32.49485], [-104.18782, 32.49485], [-104.18776, 32.49486], [-104.1877, 32.49485], [-104.18765, 32.49485]]}, "properties": {"operator": "Public Service Co of NM", "pipe_type": "Intrastate"}}, {"type": "Feature", "geometry": {"type": "LineString", "coordinates": [[-104.18765, 32.49482], [-104.18765, 32.49485]]}, "properties": {"operator": "Public Service Co of NM", "pipe_type": "Intrastate"}}, {"type": "Feature", "geometry": {"type": "LineString", "coordinates": [[-104.18905, 32.49473], [-104.18904, 32.49472]]}, "properties": {"operator": "Public Service Co of NM", "pipe_type": "Intrastate"}}, {"type": "Feature", "geometry": {"type": "LineString", "coordinates": [[-104.18904, 32.49472], [-104.18883, 32.49482], [-104.18881, 32.49482], [-104.18878, 32.49483], [-104.18875, 32.49484], [-104.18874, 32.49484], [-104.18871, 32.49483], [-104.18864, 32.49483], [-104.18859, 32.49483], [-104.18851, 32.49483], [-104.18846, 32.49484], [-104.18842, 32.49484], [-104.18833, 32.49484], [-104.18824, 32.49483], [-104.18818, 32.49483], [-104.18815, 32.49482], [-104.18811, 32.49482], [-104.18804, 32.49482], [-104.18792, 32.49482], [-104.18788, 32.49482], [-104.18782, 32.49482], [-104.18776, 32.49483], [-104.1877, 32.49483], [-104.18765, 32.49482]]}, "properties": {"operator": "Public Service Co of NM", "pipe_type": "Intrastate"}}, {"type": "Feature", "geometry": {"type": "LineString", "coordinates": [[-104.17837, 32.4819], [-104.17859, 32.48216], [-104.17874, 32.48234], [-104.17882, 32.48245], [-104.17946, 32.48323], [-104.18029, 32.48421], [-104.18124, 32.48536], [-104.18155, 32.48572], [-104.18166, 32.48584], [-104.18216, 32.48647], [-104.18241, 32.4868], [-104.1826, 32.48705], [-104.1828, 32.48727], [-104.18311, 32.48765], [-104.18319, 32.48772], [-104.18358, 32.48822], [-104.18384, 32.48854], [-104.18413, 32.48887], [-104.18428, 32.48906], [-104.18456, 32.4894], [-104.18478, 32.48967], [-104.18549, 32.49055], [-104.18576, 32.49087], [-104.1863, 32.49151], [-104.18685, 32.49217], [-104.18725, 32.49265], [-104.18801, 32.49357], [-104.18822, 32.49381], [-104.18843, 32.49408], [-104.18862, 32.49433], [-104.18874, 32.49445], [-104.18892, 32.4946], [-104.18897, 32.49464], [-104.18904, 32.49472]]}, "properties": {"operator": "Public Service Co of NM", "pipe_type": "Intrastate"}}, {"type": "Feature", "geometry": {"type": "LineString", "coordinates": [[-104.17141, 32.50761], [-104.1715, 32.5077], [-104.17173, 32.5079], [-104.17196, 32.50811], [-104.17204, 32.50818], [-104.17219, 32.50833], [-104.17239, 32.50851], [-104.17251, 32.50862], [-104.17294, 32.509], [-104.17315, 32.50917], [-104.17323, 32.50925], [-104.17332, 32.50932], [-104.17355, 32.50954], [-104.17362, 32.5096], [-104.17434, 32.51028]]}, "properties": {"operator": "Public Service Co of NM", "pipe_type": "Intrastate"}}, {"type": "Feature", "geometry": {"type": "LineString", "coordinates": [[-104.18906, 32.54143], [-104.18906, 32.54505], [-104.18906, 32.54724], [-104.18905, 32.54938], [-104.18904, 32.55165], [-104.18903, 32.55387], [-104.18903, 32.55617], [-104.18903, 32.55798], [-104.18901, 32.55822]]}, "properties": {"operator": "Public Service Co of NM", "pipe_type": "Intrastate"}}, {"type": "Feature", "geometry": {"type": "LineString", "coordinates": [[-104.189, 32.55822], [-104.18887, 32.55822], [-104.18879, 32.55825]]}, "properties": {"operator": "Public Service Co of NM", "pipe_type": "Intrastate"}}, {"type": "Feature", "geometry": {"type": "LineString", "coordinates": [[-104.18905, 32.52257], [-104.18906, 32.52395], [-104.18907, 32.52597], [-104.18907, 32.52709], [-104.18907, 32.52728]]}, "properties": {"operator": "Public Service Co of NM", "pipe_type": "Intrastate"}}, {"type": "Feature", "geometry": {"type": "LineString", "coordinates": [[-104.18907, 32.52728], [-104.18908, 32.53121]]}, "properties": {"operator": "Public Service Co of NM", "pipe_type": "Intrastate"}}, {"type": "Feature", "geometry": {"type": "LineString", "coordinates": [[-104.18908, 32.53121], [-104.18906, 32.53347], [-104.18906, 32.53645], [-104.18906, 32.5384], [-104.18905, 32.54049], [-104.18906, 32.54143]]}, "properties": {"operator": "Public Service Co of NM", "pipe_type": "Intrastate"}}, {"type": "Feature", "geometry": {"type": "LineString", "coordinates": [[-104.1626, 32.53882], [-104.16257, 32.54429], [-104.16253, 32.54976]]}, "properties": {"operator": "Public Service Co of NM", "pipe_type": "Intrastate"}}, {"type": "Feature", "geometry": {"type": "LineString", "coordinates": [[-104.16625, 32.52503], [-104.16623, 32.52505], [-104.16603, 32.52532], [-104.16569, 32.52593], [-104.16512, 32.52694], [-104.1649, 32.52735], [-104.16477, 32.52757], [-104.16461, 32.52786], [-104.16448, 32.52807], [-104.16433, 32.5284], [-104.16425, 32.52853], [-104.16412, 32.52884], [-104.16409, 32.52888], [-104.16399, 32.52905], [-104.16391, 32.52921], [-104.16384, 32.52934], [-104.16373, 32.52952], [-104.16357, 32.52981], [-104.16347, 32.52999], [-104.16333, 32.53023], [-104.16308, 32.5307], [-104.16306, 32.53076], [-104.16294, 32.53092], [-104.16288, 32.53103], [-104.16285, 32.53109]]}, "properties": {"operator": "Public Service Co of NM", "pipe_type": "Intrastate"}}, {"type": "Feature", "geometry": {"type": "LineString", "coordinates": [[-104.16155, 32.51786], [-104.16264, 32.51879], [-104.16271, 32.51885], [-104.16309, 32.51929], [-104.16328, 32.5195], [-104.16342, 32.51967], [-104.16394, 32.52027], [-104.16426, 32.52065], [-104.16483, 32.5213], [-104.16499, 32.52149], [-104.16523, 32.52177], [-104.16533, 32.52191], [-104.16545, 32.52205], [-104.16582, 32.52247], [-104.16643, 32.52323], [-104.16704, 32.52398], [-104.16703, 32.52398], [-104.16705, 32.52424]]}, "properties": {"operator": "Public Service Co of NM", "pipe_type": "Intrastate"}}, {"type": "Feature", "geometry": {"type": "LineString", "coordinates": [[-104.16247, 32.53137], [-104.16248, 32.53133], [-104.16285, 32.53109]]}, "properties": {"operator": "Public Service Co of NM", "pipe_type": "Intrastate"}}, {"type": "Feature", "geometry": {"type": "LineString", "coordinates": [[-104.16247, 32.53137], [-104.1625, 32.53139], [-104.16254, 32.53141], [-104.16258, 32.53141], [-104.16263, 32.53141], [-104.16268, 32.53142], [-104.16272, 32.53143], [-104.16272, 32.53145], [-104.16272, 32.53148]]}, "properties": {"operator": "Public Service Co of NM", "pipe_type": "Intrastate"}}, {"type": "Feature", "geometry": {"type": "LineString", "coordinates": [[-104.16706, 32.52425], [-104.16705, 32.52424]]}, "properties": {"operator": "Public Service Co of NM", "pipe_type": "Intrastate"}}, {"type": "Feature", "geometry": {"type": "LineString", "coordinates": [[-104.16706, 32.52425], [-104.16637, 32.52481], [-104.16629, 32.52497], [-104.16625, 32.52503]]}, "properties": {"operator": "Public Service Co of NM", "pipe_type": "Intrastate"}}, {"type": "Feature", "geometry": {"type": "LineString", "coordinates": [[-104.16285, 32.53109], [-104.1627, 32.5311], [-104.16266, 32.53111], [-104.1622, 32.53113], [-104.15773, 32.53122], [-104.15504, 32.53127], [-104.15431, 32.53131], [-104.1542, 32.53131], [-104.15416, 32.53158], [-104.15417, 32.53157]]}, "properties": {"operator": "Public Service Co of NM", "pipe_type": "Intrastate"}}, {"type": "Feature", "geometry": {"type": "LineString", "coordinates": [[-104.16247, 32.53137], [-104.16246, 32.53141], [-104.16254, 32.53514], [-104.1626, 32.53882]]}, "properties": {"operator": "Public Service Co of NM", "pipe_type": "Intrastate"}}, {"type": "Feature", "geometry": {"type": "LineString", "coordinates": [[-104.16625, 32.52503], [-104.16634, 32.52508], [-104.16687, 32.52526], [-104.16702, 32.5253], [-104.16772, 32.52551], [-104.16791, 32.5256], [-104.16833, 32.52574], [-104.16932, 32.52606], [-104.17019, 32.52635], [-104.17077, 32.52654], [-104.171, 32.52663], [-104.17207, 32.52697], [-104.17227, 32.527], [-104.17295, 32.52722], [-104.17452, 32.52773], [-104.17535, 32.528], [-104.17536, 32.52802], [-104.17554, 32.52794], [-104.17561, 32.52795]]}, "properties": {"operator": "Public Service Co of NM", "pipe_type": "Intrastate"}}, {"type": "Feature", "geometry": {"type": "LineString", "coordinates": [[-104.18888, 32.60019], [-104.18886, 32.60041], [-104.18887, 32.60146], [-104.18886, 32.60301], [-104.18884, 32.60363], [-104.18885, 32.60399], [-104.18883, 32.60468], [-104.18882, 32.60577], [-104.18879, 32.60608], [-104.18882, 32.60669], [-104.18881, 32.6082], [-104.18877, 32.60898], [-104.18876, 32.60944], [-104.18878, 32.60974], [-104.18876, 32.61004], [-104.18875, 32.61074], [-104.18874, 32.61257], [-104.18873, 32.61301], [-104.18874, 32.61335], [-104.18874, 32.61376], [-104.18872, 32.61432], [-104.18872, 32.61587], [-104.18873, 32.61762], [-104.18872, 32.61938], [-104.1887, 32.62093], [-104.18871, 32.62118], [-104.1887, 32.62248], [-104.18869, 32.62427], [-104.18871, 32.62508]]}, "properties": {"operator": "Public Service Co of NM", "pipe_type": "Intrastate"}}, {"type": "Feature", "geometry": {"type": "LineString", "coordinates": [[-104.17513, 32.60404], [-104.17509, 32.60404], [-104.17491, 32.604], [-104.17488, 32.60397], [-104.17503, 32.60216], [-104.17767, 32.60172], [-104.17815, 32.60161], [-104.18032, 32.60131], [-104.18133, 32.60127], [-104.18654, 32.60062], [-104.18822, 32.60028], [-104.18864, 32.60021], [-104.18888, 32.60019]]}, "properties": {"operator": "Public Service Co of NM", "pipe_type": "Intrastate"}}, {"type": "Feature", "geometry": {"type": "LineString", "coordinates": [[-104.18014, 32.56191], [-104.17982, 32.56204], [-104.17978, 32.56211], [-104.17973, 32.56251], [-104.17972, 32.56256], [-104.17969, 32.56266], [-104.17966, 32.56294], [-104.17961, 32.56348], [-104.17962, 32.56364], [-104.17963, 32.5638], [-104.17964, 32.56386], [-104.17972, 32.56398], [-104.17984, 32.56403], [-104.17988, 32.56401]]}, "properties": {"operator": "Public Service Co of NM", "pipe_type": "Intrastate"}}, {"type": "Feature", "geometry": {"type": "LineString", "coordinates": [[-104.18895, 32.5865], [-104.18892, 32.58966], [-104.1889, 32.59361], [-104.18888, 32.59765], [-104.18888, 32.60019]]}, "properties": {"operator": "Public Service Co of NM", "pipe_type": "Intrastate"}}, {"type": "Feature", "geometry": {"type": "LineString", "coordinates": [[-104.19092, 32.65183], [-104.19092, 32.65191], [-104.19096, 32.65218], [-104.19098, 32.65248], [-104.19104, 32.65292], [-104.19115, 32.65391], [-104.19121, 32.65449], [-104.19125, 32.65466], [-104.19124, 32.6547], [-104.19126, 32.6551], [-104.19133, 32.65585], [-104.19139, 32.65639], [-104.19148, 32.65716], [-104.19149, 32.65724], [-104.19151, 32.65736]]}, "properties": {"operator": "Public Service Co of NM", "pipe_type": "Intrastate"}}, {"type": "Feature", "geometry": {"type": "LineString", "coordinates": [[-104.1905, 32.64784], [-104.19053, 32.64828], [-104.19056, 32.64864], [-104.19058, 32.64875], [-104.19058, 32.64888], [-104.19062, 32.64918], [-104.19072, 32.64999], [-104.19075, 32.65033], [-104.19079, 32.65059], [-104.19082, 32.6509], [-104.19085, 32.65112], [-104.19087, 32.65138], [-104.19091, 32.65167], [-104.19091, 32.65181], [-104.19092, 32.65183]]}, "properties": {"operator": "Public Service Co of NM", "pipe_type": "Intrastate"}}, {"type": "Feature", "geometry": {"type": "LineString", "coordinates": [[-104.18991, 32.6429], [-104.18995, 32.6432], [-104.18995, 32.64332], [-104.19, 32.64361], [-104.19003, 32.64398], [-104.19004, 32.64415], [-104.19004, 32.64424], [-104.19006, 32.64434], [-104.19008, 32.64456], [-104.19009, 32.6447], [-104.19011, 32.64482], [-104.19012, 32.64494], [-104.19014, 32.64503], [-104.19015, 32.64521], [-104.19015, 32.64529], [-104.19018, 32.64542], [-104.19025, 32.64591], [-104.19024, 32.64604], [-104.19033, 32.64645], [-104.19036, 32.64671], [-104.19036, 32.64677], [-104.19039, 32.64694], [-104.1904, 32.6471], [-104.19039, 32.64721], [-104.19044, 32.64745], [-104.19045, 32.64757], [-104.19049, 32.64781], [-104.1905, 32.64784]]}, "properties": {"operator": "Public Service Co of NM", "pipe_type": "Intrastate"}}, {"type": "Feature", "geometry": {"type": "LineString", "coordinates": [[-104.18871, 32.62508], [-104.18876, 32.62592], [-104.18877, 32.62762], [-104.18879, 32.62817], [-104.18879, 32.62845]]}, "properties": {"operator": "Public Service Co of NM", "pipe_type": "Intrastate"}}, {"type": "Feature", "geometry": {"type": "LineString", "coordinates": [[-104.18943, 32.63854], [-104.18924, 32.63741], [-104.18924, 32.6372], [-104.18922, 32.63666], [-104.18913, 32.63559], [-104.18904, 32.63453], [-104.18893, 32.63319], [-104.18891, 32.63283], [-104.18888, 32.63152], [-104.18886, 32.6308], [-104.18885, 32.63061], [-104.18885, 32.62955], [-104.18884, 32.62946], [-104.18882, 32.62923], [-104.18879, 32.62849], [-104.18879, 32.62845]]}, "properties": {"operator": "Public Service Co of NM", "pipe_type": "Intrastate"}}, {"type": "Feature", "geometry": {"type": "LineString", "coordinates": [[-104.18991, 32.6429], [-104.18989, 32.64258], [-104.18984, 32.6424], [-104.18984, 32.64222], [-104.1898, 32.642], [-104.1898, 32.64172], [-104.18976, 32.64159], [-104.18975, 32.64152], [-104.18973, 32.64114], [-104.18968, 32.6408], [-104.18966, 32.64055], [-104.1896, 32.64017], [-104.18957, 32.63982], [-104.18952, 32.63939], [-104.18947, 32.63906], [-104.18945, 32.63881], [-104.18943, 32.63854]]}, "properties": {"operator": "Public Service Co of NM", "pipe_type": "Intrastate"}}, {"type": "Feature", "geometry": {"type": "LineString", "coordinates": [[-104.08988, 32.57913], [-104.09095, 32.57828], [-104.09147, 32.57789], [-104.09162, 32.57775], [-104.09209, 32.57737], [-104.09438, 32.57549], [-104.09486, 32.57508], [-104.09524, 32.57474], [-104.09602, 32.57404], [-104.09618, 32.57391], [-104.09692, 32.57322], [-104.09722, 32.57296], [-104.09809, 32.57216], [-104.09868, 32.57164], [-104.09909, 32.57128], [-104.09922, 32.57119], [-104.09951, 32.5709], [-104.09997, 32.57052], [-104.10018, 32.57031], [-104.10063, 32.56994], [-104.10102, 32.56958], [-104.10163, 32.56902], [-104.10218, 32.56849], [-104.10243, 32.56828], [-104.10304, 32.56775], [-104.10343, 32.56739], [-104.10353, 32.5673], [-104.10368, 32.56715], [-104.10393, 32.56692], [-104.10412, 32.56676], [-104.10436, 32.56654], [-104.10456, 32.56638], [-104.10469, 32.56629], [-104.10524, 32.56579], [-104.1059, 32.56517]]}, "properties": {"operator": "Public Service Co of NM", "pipe_type": "Intrastate"}}, {"type": "Feature", "geometry": {"type": "LineString", "coordinates": [[-103.96425, 32.55405], [-103.96427, 32.55419], [-103.96429, 32.55435], [-103.96438, 32.55528], [-103.96451, 32.55656], [-103.96465, 32.55794], [-103.9647, 32.55856], [-103.96477, 32.55899], [-103.96484, 32.55985], [-103.96491, 32.5607], [-103.96498, 32.56138], [-103.96509, 32.56235], [-103.96513, 32.56284], [-103.96515, 32.56335], [-103.96518, 32.5636], [-103.96522, 32.56381], [-103.96523, 32.56407], [-103.96522, 32.56423], [-103.96528, 32.56446], [-103.96532, 32.56477], [-103.96533, 32.56496], [-103.9654, 32.56529], [-103.96546, 32.5654], [-103.96572, 32.56588], [-103.96585, 32.56606], [-103.96592, 32.56619], [-103.96616, 32.56699], [-103.96633, 32.56754], [-103.96639, 32.56782], [-103.96643, 32.56809], [-103.96637, 32.56817], [-103.9659, 32.56859], [-103.96551, 32.56903], [-103.96549, 32.56907], [-103.96578, 32.56976], [-103.9658, 32.56982], [-103.96581, 32.56989], [-103.96582, 32.56994], [-103.96581, 32.57], [-103.96588, 32.5706], [-103.96597, 32.57148], [-103.96604, 32.57176], [-103.96613, 32.57278], [-103.96623, 32.57376], [-103.96623, 32.57388], [-103.96632, 32.57488], [-103.96641, 32.5758], [-103.96643, 32.57586], [-103.9664, 32.57592], [-103.96643, 32.57622], [-103.9665, 32.57685], [-103.96655, 32.57731], [-103.96661, 32.57782], [-103.96663, 32.57813], [-103.96672, 32.57917], [-103.96676, 32.57991], [-103.96678, 32.58005], [-103.96682, 32.58022], [-103.96687, 32.58087], [-103.96697, 32.58182], [-103.96708, 32.58268], [-103.96711, 32.5831], [-103.96722, 32.58399], [-103.96733, 32.58488], [-103.96737, 32.5851], [-103.9676, 32.5856], [-103.96817, 32.58677], [-103.96862, 32.58771], [-103.97009, 32.59082], [-103.97006, 32.59116], [-103.96879, 32.59483], [-103.96821, 32.59653]]}, "properties": {"operator": "Public Service Co of NM", "pipe_type": "Intrastate"}}, {"type": "Feature", "geometry": {"type": "LineString", "coordinates": [[-103.9643, 32.55405], [-103.96431, 32.55419], [-103.96432, 32.55435], [-103.96441, 32.55528], [-103.96455, 32.55656], [-103.96469, 32.55794], [-103.96474, 32.55855], [-103.96481, 32.55899], [-103.96488, 32.55985], [-103.96495, 32.5607], [-103.96502, 32.56138], [-103.96513, 32.56234], [-103.96517, 32.56284], [-103.96518, 32.56335], [-103.96522, 32.56359], [-103.96525, 32.56381], [-103.96526, 32.56407], [-103.96525, 32.56423], [-103.96532, 32.56446], [-103.96536, 32.56476], [-103.96536, 32.56496], [-103.96543, 32.56528], [-103.96549, 32.56539], [-103.96575, 32.56587], [-103.96588, 32.56605], [-103.96595, 32.56618], [-103.96619, 32.56698], [-103.96636, 32.56753], [-103.96643, 32.56782], [-103.96646, 32.56809], [-103.9664, 32.56818], [-103.96593, 32.56861], [-103.96554, 32.56904], [-103.96552, 32.56907], [-103.96581, 32.56975], [-103.96583, 32.56981], [-103.96584, 32.56988], [-103.96585, 32.56994], [-103.96585, 32.57], [-103.96591, 32.5706], [-103.966, 32.57148], [-103.96607, 32.57176], [-103.96617, 32.57278], [-103.96626, 32.57376], [-103.96626, 32.57388], [-103.96636, 32.57488], [-103.96644, 32.57579], [-103.96646, 32.57585], [-103.96644, 32.57592], [-103.96646, 32.57622], [-103.96653, 32.57685], [-103.96658, 32.5773], [-103.96664, 32.57782], [-103.96666, 32.57813], [-103.96675, 32.57917], [-103.96679, 32.57991], [-103.96682, 32.58004], [-103.96685, 32.58022], [-103.96691, 32.58087], [-103.967, 32.58182], [-103.96711, 32.58268], [-103.96714, 32.5831], [-103.96725, 32.58399], [-103.96736, 32.58488], [-103.96741, 32.58513], [-103.96763, 32.58559], [-103.9682, 32.58675], [-103.96865, 32.58769], [-103.97012, 32.59082], [-103.9701, 32.59116], [-103.96882, 32.59484], [-103.96823, 32.59653]]}, "properties": {"operator": "Public Service Co of NM", "pipe_type": "Intrastate"}}, {"type": "Feature", "geometry": {"type": "LineString", "coordinates": [[-103.95811, 32.49041], [-103.95811, 32.49049], [-103.95813, 32.49066], [-103.95817, 32.49094], [-103.95821, 32.49118], [-103.95821, 32.49132], [-103.95824, 32.49156], [-103.95825, 32.49163], [-103.95827, 32.49184], [-103.95826, 32.49222], [-103.95825, 32.49233], [-103.95825, 32.49235], [-103.95835, 32.49316], [-103.95846, 32.49396], [-103.95847, 32.49408], [-103.95848, 32.49432], [-103.95848, 32.49471], [-103.95851, 32.49486], [-103.95851, 32.49503], [-103.95855, 32.49544], [-103.9586, 32.49609], [-103.95863, 32.49639], [-103.95868, 32.49678], [-103.95868, 32.49682], [-103.95871, 32.49706], [-103.9588, 32.49791], [-103.9588, 32.49805], [-103.95882, 32.49813], [-103.95885, 32.49853], [-103.95888, 32.49892], [-103.95891, 32.49907], [-103.95895, 32.4992], [-103.95896, 32.49943], [-103.95897, 32.49956], [-103.95899, 32.49969], [-103.959, 32.49981], [-103.95905, 32.50009], [-103.95908, 32.50024], [-103.95907, 32.5003], [-103.9591, 32.50095], [-103.95912, 32.50103], [-103.95911, 32.50126], [-103.95918, 32.50157], [-103.95918, 32.50174], [-103.95925, 32.50222], [-103.95927, 32.50238], [-103.95929, 32.50264], [-103.95939, 32.50369], [-103.95942, 32.50382], [-103.95944, 32.50437], [-103.95945, 32.50452], [-103.95951, 32.50511], [-103.95955, 32.50554], [-103.95958, 32.50576], [-103.95959, 32.50595], [-103.95961, 32.50621], [-103.95962, 32.50637], [-103.95964, 32.50643], [-103.95966, 32.5067], [-103.9597, 32.50707], [-103.95976, 32.50765], [-103.9598, 32.50795], [-103.95979, 32.50798], [-103.9598, 32.50809], [-103.95981, 32.50829], [-103.95985, 32.50867], [-103.95991, 32.50942], [-103.95994, 32.50959], [-103.95999, 32.51014], [-103.96002, 32.5104], [-103.96003, 32.51052], [-103.96006, 32.51084], [-103.96007, 32.51092], [-103.9601, 32.51125], [-103.96012, 32.51134], [-103.96013, 32.51143], [-103.96017, 32.5116], [-103.96018, 32.51193], [-103.96021, 32.51224], [-103.96027, 32.51261], [-103.96027, 32.51286], [-103.9603, 32.51311], [-103.96033, 32.51328], [-103.96033, 32.51346], [-103.96042, 32.51395], [-103.96043, 32.51414], [-103.96042, 32.51432], [-103.96043, 32.51448], [-103.96044, 32.51468], [-103.96046, 32.51486], [-103.96047, 32.51504], [-103.96051, 32.51543], [-103.96053, 32.5157], [-103.96056, 32.51609], [-103.96059, 32.51627], [-103.9606, 32.51638], [-103.96062, 32.51651], [-103.96065, 32.51672], [-103.96065, 32.51682], [-103.96068, 32.517], [-103.96068, 32.51706], [-103.96074, 32.51772], [-103.96075, 32.51784], [-103.96082, 32.51854], [-103.96083, 32.51882], [-103.96087, 32.51931], [-103.96089, 32.5194], [-103.9609, 32.51965], [-103.96092, 32.51974]]}, "properties": {"operator": "Public Service Co of NM", "pipe_type": "Intrastate"}}, {"type": "Feature", "geometry": {"type": "LineString", "coordinates": [[-103.95811, 32.49041], [-103.95814, 32.49042]]}, "properties": {"operator": "Public Service Co of NM", "pipe_type": "Intrastate"}}, {"type": "Feature", "geometry": {"type": "LineString", "coordinates": [[-103.95712, 32.48009], [-103.95703, 32.47907], [-103.95685, 32.47723], [-103.9568, 32.47665], [-103.9568, 32.47649], [-103.95672, 32.47595], [-103.9567, 32.47589], [-103.9567, 32.4758], [-103.95668, 32.47554]]}, "properties": {"operator": "Public Service Co of NM", "pipe_type": "Intrastate"}}, {"type": "Feature", "geometry": {"type": "LineString", "coordinates": [[-103.95814, 32.49042], [-103.95811, 32.49005], [-103.95806, 32.48963], [-103.95806, 32.48958], [-103.95801, 32.48903], [-103.95795, 32.48839], [-103.95793, 32.48816], [-103.95791, 32.48795], [-103.95788, 32.4877], [-103.95786, 32.4875], [-103.9578, 32.48698], [-103.95776, 32.48639], [-103.95774, 32.48609], [-103.9576, 32.4846], [-103.95757, 32.48438], [-103.95755, 32.4841], [-103.95748, 32.48371], [-103.95743, 32.48317], [-103.9574, 32.48294], [-103.95737, 32.48251], [-103.95733, 32.48229], [-103.95728, 32.48136], [-103.95727, 32.4813], [-103.95725, 32.48104], [-103.95721, 32.48075], [-103.9572, 32.4804], [-103.95715, 32.48008], [-103.95706, 32.47907], [-103.95688, 32.47723], [-103.95683, 32.47665], [-103.95683, 32.47649], [-103.95675, 32.47595], [-103.95673, 32.47589], [-103.95674, 32.4758], [-103.95671, 32.47554], [-103.95671, 32.47553]]}, "properties": {"operator": "Public Service Co of NM", "pipe_type": "Intrastate"}}, {"type": "Feature", "geometry": {"type": "LineString", "coordinates": [[-103.95712, 32.48009], [-103.95716, 32.48041], [-103.95717, 32.48075], [-103.95722, 32.48104], [-103.95724, 32.48131], [-103.95725, 32.48136], [-103.95729, 32.48229], [-103.95733, 32.48251], [-103.95736, 32.48295], [-103.9574, 32.48317], [-103.95745, 32.48371], [-103.95752, 32.4841], [-103.95754, 32.48439], [-103.95756, 32.4846], [-103.95771, 32.48609], [-103.95773, 32.48639], [-103.95776, 32.48698], [-103.95783, 32.4875], [-103.95785, 32.4877], [-103.95788, 32.48796], [-103.9579, 32.48816], [-103.95792, 32.48839], [-103.95798, 32.48903], [-103.95802, 32.48958], [-103.95803, 32.48963], [-103.95807, 32.49005], [-103.95811, 32.49041]]}, "properties": {"operator": "Public Service Co of NM", "pipe_type": "Intrastate"}}, {"type": "Feature", "geometry": {"type": "LineString", "coordinates": [[-103.95811, 32.49041], [-103.95798, 32.4904], [-103.95792, 32.49041], [-103.95782, 32.49041], [-103.95774, 32.4904], [-103.95761, 32.4904], [-103.95743, 32.49041], [-103.95729, 32.4904], [-103.9571, 32.4904], [-103.95699, 32.4904], [-103.95679, 32.49041], [-103.95672, 32.4904], [-103.9565, 32.49041], [-103.95629, 32.4904], [-103.95605, 32.4904], [-103.95585, 32.4904], [-103.95575, 32.4904], [-103.95571, 32.4904], [-103.9549, 32.49042], [-103.95474, 32.49041], [-103.95461, 32.49041], [-103.95451, 32.49041], [-103.95426, 32.49041], [-103.95413, 32.49041], [-103.95372, 32.4904], [-103.95351, 32.4904], [-103.95341, 32.4904], [-103.95319, 32.4904], [-103.95284, 32.4904], [-103.95264, 32.49039], [-103.9517, 32.49039], [-103.95074, 32.49039], [-103.95064, 32.4904], [-103.95022, 32.49038], [-103.94941, 32.49038], [-103.94899, 32.49036], [-103.94783, 32.49039], [-103.94778, 32.4904], [-103.94711, 32.49036], [-103.94643, 32.49036], [-103.94603, 32.49037], [-103.9438, 32.49045], [-103.94316, 32.49046], [-103.94307, 32.49048], [-103.94289, 32.49048], [-103.94234, 32.49053], [-103.94188, 32.49055], [-103.94143, 32.49055], [-103.94129, 32.49057], [-103.94076, 32.49058], [-103.93997, 32.49059], [-103.93945, 32.4906], [-103.93942, 32.4906], [-103.9394, 32.49061], [-103.9394, 32.4906], [-103.93939, 32.49061], [-103.93939, 32.49062]]}, "properties": {"operator": "Public Service Co of NM", "pipe_type": "Intrastate"}}, {"type": "Feature", "geometry": {"type": "LineString", "coordinates": [[-103.96088, 32.51983], [-103.9609, 32.51985], [-103.96103, 32.51983], [-103.96166, 32.51969], [-103.96211, 32.51964], [-103.96326, 32.51956], [-103.96354, 32.51951], [-103.96376, 32.51947], [-103.96426, 32.51938], [-103.9643, 32.51937], [-103.96464, 32.51933], [-103.96511, 32.51929], [-103.9652, 32.5193], [-103.96562, 32.51928], [-103.9657, 32.51927], [-103.96579, 32.51925], [-103.96646, 32.51921], [-103.96679, 32.51918], [-103.96708, 32.51917], [-103.96784, 32.51912], [-103.96805, 32.5191], [-103.96922, 32.51902], [-103.96944, 32.51901], [-103.96985, 32.51897], [-103.97009, 32.51895], [-103.97044, 32.51892], [-103.97081, 32.51891], [-103.97112, 32.51886], [-103.97123, 32.51884], [-103.97147, 32.51879], [-103.97194, 32.51862], [-103.97201, 32.51858], [-103.97203, 32.51858], [-103.9742, 32.51847], [-103.97494, 32.51844], [-103.97562, 32.5184], [-103.97575, 32.51839], [-103.97756, 32.51831], [-103.97811, 32.51829], [-103.97859, 32.51827], [-103.97878, 32.51826], [-103.97916, 32.51826], [-103.97947, 32.51825], [-103.98028, 32.51821], [-103.9807, 32.5182], [-103.981, 32.51818], [-103.98135, 32.51816], [-103.98148, 32.51814], [-103.98203, 32.51813], [-103.98227, 32.51813], [-103.9825, 32.51811], [-103.98277, 32.5181], [-103.98305, 32.51815], [-103.98341, 32.5182], [-103.98396, 32.51828], [-103.98433, 32.51832], [-103.98532, 32.51844], [-103.98552, 32.51847], [-103.98598, 32.51853], [-103.98676, 32.51864], [-103.9868, 32.51865]]}, "properties": {"operator": "Public Service Co of NM", "pipe_type": "Intrastate"}}, {"type": "Feature", "geometry": {"type": "LineString", "coordinates": [[-103.9868, 32.51865], [-103.9868, 32.51867], [-103.98682, 32.51879], [-103.98682, 32.51936], [-103.98683, 32.51993], [-103.98685, 32.52018], [-103.98683, 32.52194], [-103.98684, 32.52212], [-103.98683, 32.5222], [-103.98678, 32.52238], [-103.98679, 32.52244], [-103.98678, 32.52244]]}, "properties": {"operator": "Public Service Co of NM", "pipe_type": "Intrastate"}}, {"type": "Feature", "geometry": {"type": "LineString", "coordinates": [[-103.9868, 32.51865], [-103.98708, 32.51867], [-103.98752, 32.51871], [-103.98775, 32.51875], [-103.98881, 32.51888], [-103.98985, 32.51903], [-103.99016, 32.51905], [-103.99045, 32.51908], [-103.99073, 32.51913], [-103.99105, 32.51917], [-103.99137, 32.51922], [-103.992, 32.51937]]}, "properties": {"operator": "Public Service Co of NM", "pipe_type": "Intrastate"}}, {"type": "Feature", "geometry": {"type": "LineString", "coordinates": [[-103.992, 32.51937], [-103.99202, 32.51938], [-103.99205, 32.51936], [-103.99205, 32.51932], [-103.99205, 32.51924], [-103.9919, 32.51829], [-103.99187, 32.51808], [-103.9918, 32.51765], [-103.99171, 32.51719], [-103.99168, 32.51693], [-103.99168, 32.51672], [-103.99133, 32.51578], [-103.99132, 32.51543], [-103.99132, 32.51509], [-103.99127, 32.51433], [-103.99138, 32.51386], [-103.99138, 32.51385], [-103.99139, 32.51384]]}, "properties": {"operator": "Public Service Co of NM", "pipe_type": "Intrastate"}}, {"type": "Feature", "geometry": {"type": "LineString", "coordinates": [[-103.9621, 32.53128], [-103.96206, 32.53128]]}, "properties": {"operator": "Public Service Co of NM", "pipe_type": "Intrastate"}}, {"type": "Feature", "geometry": {"type": "LineString", "coordinates": [[-103.96284, 32.53896], [-103.96285, 32.53902], [-103.9629, 32.53919], [-103.96291, 32.53939], [-103.96293, 32.53956], [-103.96293, 32.53965], [-103.96297, 32.5399], [-103.96302, 32.54035], [-103.96304, 32.54074], [-103.96308, 32.54116], [-103.96313, 32.5416], [-103.9632, 32.54233], [-103.96322, 32.54251], [-103.96322, 32.54262], [-103.96326, 32.54287], [-103.96326, 32.54297], [-103.96328, 32.54318], [-103.96331, 32.54342], [-103.96335, 32.54376], [-103.96337, 32.54397], [-103.96339, 32.54416], [-103.96342, 32.5444], [-103.96343, 32.54451], [-103.96342, 32.54471], [-103.96345, 32.5449], [-103.96346, 32.54521], [-103.96349, 32.54548], [-103.96352, 32.54566], [-103.96363, 32.5468], [-103.96369, 32.54757], [-103.96378, 32.54848], [-103.96383, 32.54864], [-103.96385, 32.54875], [-103.96385, 32.54894], [-103.96391, 32.54949], [-103.96393, 32.54972], [-103.96393, 32.55013], [-103.96401, 32.55091], [-103.96413, 32.55179], [-103.96417, 32.55222], [-103.9642, 32.55251], [-103.96423, 32.5529], [-103.96428, 32.55347], [-103.9643, 32.55405]]}, "properties": {"operator": "Public Service Co of NM", "pipe_type": "Intrastate"}}, {"type": "Feature", "geometry": {"type": "LineString", "coordinates": [[-103.9628, 32.53896], [-103.96281, 32.53901], [-103.96285, 32.53919], [-103.96286, 32.5394], [-103.96289, 32.53956], [-103.96288, 32.53965], [-103.96292, 32.5399], [-103.96297, 32.54035], [-103.96299, 32.54074], [-103.96303, 32.54116], [-103.96308, 32.54161], [-103.96315, 32.54234], [-103.96318, 32.54251], [-103.96318, 32.54262], [-103.96321, 32.54287], [-103.96321, 32.54297], [-103.96323, 32.54319], [-103.96326, 32.54342], [-103.9633, 32.54376], [-103.96332, 32.54397], [-103.96334, 32.54416], [-103.96337, 32.5444], [-103.96338, 32.54451], [-103.96337, 32.54472], [-103.9634, 32.5449], [-103.96342, 32.54521], [-103.96344, 32.54548], [-103.96347, 32.54567], [-103.96358, 32.5468], [-103.96364, 32.54757], [-103.96374, 32.54849], [-103.96378, 32.54864], [-103.9638, 32.54875], [-103.9638, 32.54894], [-103.96386, 32.54949], [-103.96388, 32.54972], [-103.96388, 32.55013], [-103.96396, 32.55092], [-103.96408, 32.55179], [-103.96412, 32.55223], [-103.96415, 32.55252], [-103.96418, 32.5529], [-103.96423, 32.55348], [-103.96425, 32.55405]]}, "properties": {"operator": "Public Service Co of NM", "pipe_type": "Intrastate"}}, {"type": "Feature", "geometry": {"type": "LineString", "coordinates": [[-103.9628, 32.53896], [-103.96284, 32.53896]]}, "properties": {"operator": "Public Service Co of NM", "pipe_type": "Intrastate"}}, {"type": "Feature", "geometry": {"type": "LineString", "coordinates": [[-103.96127, 32.52335], [-103.96127, 32.52342], [-103.96128, 32.52348], [-103.96128, 32.52358], [-103.9613, 32.52377], [-103.96131, 32.52396], [-103.96141, 32.52471], [-103.96146, 32.52535], [-103.9615, 32.52561], [-103.9615, 32.52575], [-103.96154, 32.52619], [-103.96157, 32.52647], [-103.96158, 32.52666], [-103.96163, 32.5271], [-103.96163, 32.52711], [-103.96166, 32.52731], [-103.96167, 32.52745], [-103.96168, 32.52756], [-103.9617, 32.52773], [-103.96171, 32.5278], [-103.96173, 32.52796], [-103.96175, 32.52829], [-103.96176, 32.52843], [-103.96177, 32.52856], [-103.96178, 32.5286], [-103.96178, 32.52874], [-103.96183, 32.52908], [-103.96187, 32.52937], [-103.96189, 32.52964], [-103.96193, 32.53019], [-103.96198, 32.53075], [-103.96202, 32.53096], [-103.96204, 32.53121], [-103.96206, 32.53128]]}, "properties": {"operator": "Public Service Co of NM", "pipe_type": "Intrastate"}}, {"type": "Feature", "geometry": {"type": "LineString", "coordinates": [[-103.96131, 32.52335], [-103.96132, 32.52341], [-103.96132, 32.52348], [-103.96133, 32.52358], [-103.96135, 32.52376], [-103.96136, 32.52396], [-103.96145, 32.5247], [-103.96151, 32.52534], [-103.96155, 32.52561], [-103.96155, 32.52575], [-103.96159, 32.52619], [-103.96162, 32.52646], [-103.96162, 32.52665], [-103.96168, 32.52709], [-103.96168, 32.52711], [-103.9617, 32.52731], [-103.96172, 32.52745], [-103.96172, 32.52755], [-103.96175, 32.52772], [-103.96175, 32.5278], [-103.96177, 32.52795], [-103.96179, 32.52829], [-103.96181, 32.52843], [-103.96182, 32.52856], [-103.96182, 32.5286], [-103.96183, 32.52874], [-103.96187, 32.52908], [-103.96191, 32.52937], [-103.96194, 32.52964], [-103.96198, 32.53019], [-103.96203, 32.53074], [-103.96206, 32.53095], [-103.96208, 32.53121], [-103.9621, 32.53127], [-103.9621, 32.53128]]}, "properties": {"operator": "Public Service Co of NM", "pipe_type": "Intrastate"}}, {"type": "Feature", "geometry": {"type": "LineString", "coordinates": [[-103.96131, 32.52335], [-103.96129, 32.52335]]}, "properties": {"operator": "Public Service Co of NM", "pipe_type": "Intrastate"}}, {"type": "Feature", "geometry": {"type": "LineString", "coordinates": [[-103.96091, 32.51974], [-103.9609, 32.51978], [-103.96095, 32.52023], [-103.961, 32.52068], [-103.96127, 32.52335]]}, "properties": {"operator": "Public Service Co of NM", "pipe_type": "Intrastate"}}, {"type": "Feature", "geometry": {"type": "LineString", "coordinates": [[-103.96092, 32.51974], [-103.96093, 32.51977], [-103.96098, 32.52023], [-103.96103, 32.52068], [-103.96131, 32.52335]]}, "properties": {"operator": "Public Service Co of NM", "pipe_type": "Intrastate"}}, {"type": "Feature", "geometry": {"type": "LineString", "coordinates": [[-103.96129, 32.52335], [-103.96127, 32.52335]]}, "properties": {"operator": "Public Service Co of NM", "pipe_type": "Intrastate"}}, {"type": "Feature", "geometry": {"type": "LineString", "coordinates": [[-103.96092, 32.51974], [-103.96091, 32.51974], [-103.96084, 32.51974], [-103.96085, 32.51977], [-103.96088, 32.51983]]}, "properties": {"operator": "Public Service Co of NM", "pipe_type": "Intrastate"}}, {"type": "Feature", "geometry": {"type": "LineString", "coordinates": [[-103.9621, 32.53128], [-103.96222, 32.53135], [-103.96234, 32.53142], [-103.96274, 32.5314], [-103.96304, 32.53137], [-103.96311, 32.53137], [-103.96409, 32.53131], [-103.96493, 32.53123], [-103.96505, 32.53124], [-103.96634, 32.53115], [-103.96729, 32.53109], [-103.96756, 32.53111], [-103.96796, 32.53106], [-103.96811, 32.53105], [-103.96841, 32.53101], [-103.96845, 32.53104], [-103.96847, 32.53127], [-103.96867, 32.53247], [-103.96893, 32.53409], [-103.96915, 32.53533], [-103.96929, 32.53604], [-103.96955, 32.5376], [-103.9695, 32.53766], [-103.96942, 32.53768], [-103.96928, 32.53771], [-103.9663, 32.53811], [-103.96548, 32.53822], [-103.96341, 32.5385], [-103.96282, 32.53858], [-103.96278, 32.53861], [-103.96281, 32.53879], [-103.96284, 32.53896]]}, "properties": {"operator": "Public Service Co of NM", "pipe_type": "Intrastate"}}, {"type": "Feature", "geometry": {"type": "LineString", "coordinates": [[-103.96127, 32.52335], [-103.96096, 32.52333], [-103.96087, 32.52335], [-103.96064, 32.52335], [-103.96047, 32.52337], [-103.96006, 32.52337], [-103.9598, 32.52336], [-103.95935, 32.52338], [-103.95884, 32.52338], [-103.95871, 32.52337], [-103.95861, 32.52339], [-103.95846, 32.52338], [-103.95813, 32.52339], [-103.95756, 32.52341], [-103.95746, 32.52341], [-103.95736, 32.52342], [-103.95717, 32.52342], [-103.95699, 32.52342], [-103.95675, 32.52341], [-103.95653, 32.52342], [-103.95627, 32.52344], [-103.95625, 32.52343], [-103.95587, 32.52343], [-103.95549, 32.52344], [-103.95533, 32.52344], [-103.95524, 32.52343], [-103.95497, 32.52344], [-103.95465, 32.52344], [-103.95442, 32.52344], [-103.95427, 32.52345], [-103.95422, 32.52346], [-103.95401, 32.52347], [-103.95385, 32.52348], [-103.95359, 32.52348], [-103.95331, 32.52348], [-103.95289, 32.52348], [-103.95251, 32.52349], [-103.95214, 32.52348], [-103.95198, 32.52348], [-103.95167, 32.52349], [-103.95153, 32.52349], [-103.9514, 32.52348], [-103.95126, 32.52347], [-103.95119, 32.52348], [-103.95115, 32.52349], [-103.95108, 32.5235], [-103.95101, 32.52353], [-103.95079, 32.52368], [-103.95066, 32.52378], [-103.95058, 32.52384], [-103.95049, 32.52389], [-103.9504, 32.52396], [-103.95039, 32.52397], [-103.9503, 32.52406], [-103.95019, 32.52413], [-103.95016, 32.52416], [-103.95007, 32.52421], [-103.95004, 32.52423], [-103.94999, 32.52427], [-103.94989, 32.52433], [-103.94984, 32.52437], [-103.94964, 32.5245], [-103.94911, 32.52485], [-103.9488, 32.52506], [-103.94864, 32.52517], [-103.9486, 32.5252], [-103.94853, 32.52526], [-103.94839, 32.52536], [-103.94819, 32.52549], [-103.94803, 32.52561], [-103.94798, 32.52564], [-103.94792, 32.52568], [-103.94789, 32.5257], [-103.94785, 32.52572], [-103.94778, 32.52577], [-103.94775, 32.5258], [-103.94772, 32.52581], [-103.94753, 32.52596], [-103.94751, 32.52598], [-103.94745, 32.52601], [-103.94734, 32.52609], [-103.94725, 32.52615], [-103.94706, 32.5263], [-103.94692, 32.52641], [-103.94687, 32.52644], [-103.94665, 32.5266], [-103.94662, 32.52667], [-103.94656, 32.52669], [-103.94644, 32.52672], [-103.94637, 32.52675], [-103.94591, 32.52707], [-103.94544, 32.52739], [-103.9454, 32.52742], [-103.94505, 32.52767], [-103.94469, 32.52792]]}, "properties": {"operator": "Public Service Co of NM", "pipe_type": "Intrastate"}}, {"type": "Feature", "geometry": {"type": "LineString", "coordinates": [[-104.03759, 32.62114], [-104.03772, 32.62102], [-104.03807, 32.62074], [-104.03821, 32.6206], [-104.03906, 32.61992], [-104.03956, 32.61954], [-104.0398, 32.61935], [-104.03996, 32.61921], [-104.04014, 32.61907], [-104.04092, 32.61843], [-104.04128, 32.61815], [-104.0418, 32.61776], [-104.04229, 32.61738], [-104.04296, 32.61684], [-104.04326, 32.61655], [-104.04326, 32.61646], [-104.04524, 32.61503]]}, "properties": {"operator": "Public Service Co of NM", "pipe_type": "Intrastate"}}, {"type": "Feature", "geometry": {"type": "LineString", "coordinates": [[-103.97372, 32.59945], [-103.97365, 32.59939], [-103.97252, 32.59924], [-103.97232, 32.59922], [-103.97186, 32.59926], [-103.97135, 32.59924], [-103.97061, 32.59927], [-103.97004, 32.59931], [-103.96993, 32.59933], [-103.96972, 32.59936], [-103.96953, 32.59939], [-103.96947, 32.5994], [-103.96915, 32.59903], [-103.9691, 32.59895], [-103.96901, 32.59885], [-103.96874, 32.59857], [-103.96867, 32.59845], [-103.96865, 32.59843], [-103.96864, 32.59838], [-103.96862, 32.59825], [-103.96861, 32.59808], [-103.9686, 32.59799], [-103.96859, 32.59794], [-103.96847, 32.59674], [-103.96835, 32.59662], [-103.96824, 32.59652], [-103.96823, 32.59653]]}, "properties": {"operator": "Public Service Co of NM", "pipe_type": "Intrastate"}}, {"type": "Feature", "geometry": {"type": "LineString", "coordinates": [[-103.9737, 32.59947], [-103.97363, 32.59941], [-103.97252, 32.59927], [-103.97232, 32.59925], [-103.97186, 32.59929], [-103.97135, 32.59927], [-103.97061, 32.5993], [-103.97005, 32.59934], [-103.96993, 32.59936], [-103.96972, 32.59939], [-103.96954, 32.59942], [-103.96945, 32.59942], [-103.96912, 32.59904], [-103.96907, 32.59896], [-103.96899, 32.59887], [-103.96871, 32.59859], [-103.96864, 32.59847], [-103.96862, 32.59844], [-103.96861, 32.59839], [-103.96859, 32.59825], [-103.96858, 32.59808], [-103.96857, 32.59799], [-103.96856, 32.59795], [-103.96844, 32.59675], [-103.96832, 32.59664], [-103.96821, 32.59655]]}, "properties": {"operator": "Public Service Co of NM", "pipe_type": "Intrastate"}}, {"type": "Feature", "geometry": {"type": "LineString", "coordinates": [[-103.9737, 32.59947], [-103.97372, 32.59945], [-103.97373, 32.59945]]}, "properties": {"operator": "Public Service Co of NM", "pipe_type": "Intrastate"}}, {"type": "Feature", "geometry": {"type": "LineString", "coordinates": [[-103.96857, 32.59799], [-103.9686, 32.59799]]}, "properties": {"operator": "Public Service Co of NM", "pipe_type": "Intrastate"}}, {"type": "Feature", "geometry": {"type": "LineString", "coordinates": [[-103.96823, 32.59653], [-103.96821, 32.59655], [-103.96821, 32.59653]]}, "properties": {"operator": "Public Service Co of NM", "pipe_type": "Intrastate"}}, {"type": "Feature", "geometry": {"type": "LineString", "coordinates": [[-103.90368, 32.82899], [-103.90395, 32.82909], [-103.90409, 32.82916], [-103.90447, 32.8292], [-103.90459, 32.82919], [-103.90507, 32.82925], [-103.90576, 32.82932], [-103.9063, 32.82937], [-103.90662, 32.8294], [-103.90726, 32.82947], [-103.90739, 32.8295], [-103.90763, 32.82958], [-103.9078, 32.82964], [-103.90847, 32.83], [-103.9087, 32.83013], [-103.90959, 32.83061], [-103.91025, 32.83097], [-103.91074, 32.83124], [-103.91106, 32.83136], [-103.91112, 32.8314], [-103.91211, 32.8318], [-103.91284, 32.8321], [-103.91298, 32.83213], [-103.9131, 32.83217], [-103.91331, 32.83223], [-103.91426, 32.83247], [-103.91489, 32.83263], [-103.91516, 32.83266], [-103.91529, 32.83267], [-103.91572, 32.83271], [-103.916, 32.83269], [-103.91656, 32.83266], [-103.91749, 32.83265], [-103.91899, 32.83262], [-103.91975, 32.83261], [-103.92065, 32.83259], [-103.92086, 32.83258], [-103.92284, 32.83257], [-103.92318, 32.83257], [-103.92353, 32.83257], [-103.92457, 32.83258], [-103.92536, 32.83259], [-103.92647, 32.83259], [-103.92661, 32.83259], [-103.9271, 32.83259], [-103.92737, 32.83258], [-103.92778, 32.83258], [-103.92828, 32.8326], [-103.92925, 32.8326], [-103.93089, 32.8326], [-103.93138, 32.8326], [-103.93203, 32.83261], [-103.93235, 32.83262], [-103.93257, 32.83261], [-103.93312, 32.83261], [-103.93331, 32.83261], [-103.93397, 32.83261], [-103.93447, 32.83262], [-103.93489, 32.83263], [-103.93502, 32.83264], [-103.93713, 32.83263], [-103.93793, 32.83265], [-103.93873, 32.83266], [-103.93909, 32.83266], [-103.93971, 32.83267], [-103.93991, 32.83267], [-103.94042, 32.83268], [-103.94076, 32.83267], [-103.94111, 32.83267], [-103.9415, 32.83268], [-103.94239, 32.83268], [-103.94321, 32.83269], [-103.94331, 32.83269], [-103.94357, 32.83269], [-103.94442, 32.83269], [-103.94453, 32.83269], [-103.94473, 32.83269], [-103.94504, 32.83269], [-103.94536, 32.83269], [-103.94592, 32.83269], [-103.94624, 32.83269], [-103.94645, 32.8327], [-103.94659, 32.83271], [-103.94681, 32.83271], [-103.94688, 32.83271], [-103.94715, 32.83274], [-103.94757, 32.83278], [-103.94774, 32.83279], [-103.94796, 32.8328], [-103.94819, 32.83282], [-103.94851, 32.83286], [-103.94879, 32.83288], [-103.94912, 32.83291], [-103.94962, 32.83294], [-103.95003, 32.83298], [-103.95028, 32.83299], [-103.9504, 32.833], [-103.95059, 32.83302], [-103.95069, 32.83303], [-103.95096, 32.83305], [-103.95104, 32.83306], [-103.95157, 32.83313], [-103.95179, 32.83315], [-103.952, 32.83316], [-103.95236, 32.83321], [-103.95258, 32.83323], [-103.95265, 32.83324], [-103.9528, 32.83324], [-103.95293, 32.83325], [-103.95306, 32.83326], [-103.95315, 32.83327], [-103.95364, 32.8333], [-103.95409, 32.83338], [-103.95439, 32.83339], [-103.95473, 32.83342], [-103.95494, 32.83343], [-103.9551, 32.83343], [-103.95544, 32.83347], [-103.95571, 32.83351], [-103.956, 32.83355], [-103.95631, 32.83359], [-103.95666, 32.83363], [-103.95678, 32.83365], [-103.95718, 32.83368], [-103.95769, 32.83372], [-103.95791, 32.83374], [-103.95802, 32.83375], [-103.95824, 32.83376], [-103.95859, 32.83381], [-103.95899, 32.83386], [-103.95921, 32.83388], [-103.95969, 32.83392], [-103.95979, 32.83393], [-103.95999, 32.83397], [-103.96021, 32.83397], [-103.96083, 32.83404], [-103.96119, 32.83407], [-103.96143, 32.8341], [-103.9618, 32.83414], [-103.96199, 32.83416], [-103.96251, 32.83421], [-103.963, 32.83426], [-103.96327, 32.8343], [-103.96401, 32.83437], [-103.96453, 32.83443], [-103.9649, 32.83447], [-103.96513, 32.83449], [-103.96562, 32.83455], [-103.96583, 32.83456], [-103.96595, 32.83457], [-103.96614, 32.8346], [-103.96627, 32.83461], [-103.9665, 32.83463], [-103.96672, 32.83465], [-103.967, 32.83468], [-103.96731, 32.83472], [-103.96777, 32.83477], [-103.96815, 32.83481], [-103.9689, 32.83489], [-103.96902, 32.8349], [-103.96924, 32.83492], [-103.96949, 32.83495], [-103.96978, 32.83499], [-103.97007, 32.83501], [-103.97044, 32.83504], [-103.97056, 32.83506], [-103.97084, 32.83508], [-103.97126, 32.83512], [-103.97171, 32.83517], [-103.97231, 32.83523], [-103.973, 32.8353], [-103.97324, 32.83533], [-103.97348, 32.83534], [-103.97376, 32.83537], [-103.97411, 32.83541], [-103.97422, 32.83543], [-103.97448, 32.83545], [-103.97483, 32.83549], [-103.97518, 32.83552], [-103.97565, 32.83557], [-103.97584, 32.83559], [-103.97599, 32.83559], [-103.97611, 32.83559], [-103.97641, 32.83563], [-103.97678, 32.83567], [-103.97699, 32.83569], [-103.9773, 32.83573], [-103.97761, 32.83576], [-103.97789, 32.83578], [-103.97828, 32.83582], [-103.97846, 32.83583], [-103.97919, 32.83591], [-103.97946, 32.83593], [-103.97987, 32.83597], [-103.98035, 32.83602], [-103.98086, 32.83607], [-103.98114, 32.8361], [-103.98169, 32.83615], [-103.9822, 32.8362], [-103.98284, 32.83627], [-103.98316, 32.83631], [-103.98332, 32.83632], [-103.98377, 32.83637], [-103.98434, 32.83641], [-103.98455, 32.83643], [-103.98468, 32.83644], [-103.98509, 32.83651], [-103.98547, 32.83655], [-103.98599, 32.83659], [-103.98654, 32.83665], [-103.9868, 32.83666], [-103.98719, 32.83668], [-103.98746, 32.83673], [-103.9879, 32.83678], [-103.98823, 32.8368], [-103.9884, 32.83681], [-103.98928, 32.83691], [-103.98946, 32.83692], [-103.99055, 32.83701], [-103.99077, 32.83702], [-103.9916, 32.8371], [-103.99221, 32.83716], [-103.9932, 32.83723], [-103.99388, 32.83731], [-103.9944, 32.83736], [-103.99522, 32.83745], [-103.99579, 32.8375], [-103.9966, 32.83757], [-103.99738, 32.83764], [-103.99807, 32.83771], [-103.99863, 32.83775], [-103.99907, 32.83779], [-104.00053, 32.83793], [-104.00156, 32.83803], [-104.00212, 32.8381], [-104.00249, 32.83813], [-104.00428, 32.8383], [-104.0057, 32.83844], [-104.00656, 32.83851], [-104.00667, 32.83852], [-104.00682, 32.83853], [-104.00688, 32.83854], [-104.00704, 32.83857], [-104.00847, 32.83872], [-104.00881, 32.83875], [-104.00946, 32.83882], [-104.01012, 32.83889], [-104.01042, 32.83892], [-104.01107, 32.83898], [-104.01155, 32.83904], [-104.01197, 32.83908], [-104.01236, 32.83912], [-104.01323, 32.8392], [-104.01367, 32.83924], [-104.01417, 32.83929], [-104.01431, 32.83931], [-104.01459, 32.83934], [-104.01485, 32.83935], [-104.01544, 32.8394], [-104.01613, 32.83948], [-104.01633, 32.8395], [-104.01653, 32.83953], [-104.01686, 32.83959], [-104.01715, 32.83966], [-104.01741, 32.83972], [-104.01762, 32.83974], [-104.0178, 32.83977], [-104.01812, 32.83985], [-104.01819, 32.83986], [-104.01839, 32.8399], [-104.01855, 32.83993], [-104.01871, 32.83997], [-104.01876, 32.83998], [-104.01889, 32.84001], [-104.01919, 32.84006], [-104.01938, 32.84009], [-104.01948, 32.84012], [-104.01959, 32.84013], [-104.01967, 32.84013], [-104.01971, 32.84013], [-104.01979, 32.84013], [-104.0199, 32.84014], [-104.02031, 32.8402], [-104.02056, 32.84024], [-104.02085, 32.84027], [-104.02118, 32.8403], [-104.02134, 32.84031], [-104.02142, 32.84031], [-104.02146, 32.84032], [-104.0217, 32.84035], [-104.02235, 32.84043], [-104.02324, 32.84053], [-104.0238, 32.84059], [-104.02405, 32.8406], [-104.02453, 32.84065], [-104.02476, 32.84068], [-104.02532, 32.84072], [-104.02622, 32.84082], [-104.02742, 32.84095], [-104.02856, 32.84107], [-104.02993, 32.8412], [-104.03076, 32.84129], [-104.03178, 32.8414], [-104.03315, 32.84155], [-104.0338, 32.84162], [-104.03446, 32.84172], [-104.03488, 32.84176], [-104.03551, 32.84182], [-104.03593, 32.84188], [-104.03648, 32.84188], [-104.03671, 32.84189]]}, "properties": {"operator": "Public Service Co of NM", "pipe_type": "Intrastate"}}, {"type": "Feature", "geometry": {"type": "LineString", "coordinates": [[-103.96359, 32.68265], [-103.96155, 32.68349], [-103.96054, 32.68391], [-103.95883, 32.68463], [-103.95827, 32.68484], [-103.95721, 32.68527], [-103.95608, 32.68572], [-103.9542, 32.68649], [-103.9534, 32.68682], [-103.95273, 32.6871], [-103.95244, 32.68723], [-103.95229, 32.68728], [-103.95094, 32.68785], [-103.95021, 32.68814], [-103.94963, 32.68838], [-103.94932, 32.68851], [-103.94867, 32.68877], [-103.94817, 32.68896], [-103.94765, 32.68919], [-103.94742, 32.68928], [-103.94597, 32.68998], [-103.94452, 32.69067], [-103.9445, 32.69067], [-103.94406, 32.69073], [-103.94369, 32.6908], [-103.94338, 32.69087], [-103.94304, 32.69098], [-103.94253, 32.69119], [-103.94143, 32.69159], [-103.9413, 32.69162], [-103.94108, 32.69171], [-103.94075, 32.69179], [-103.94034, 32.69193], [-103.93931, 32.69229], [-103.939, 32.69239], [-103.93806, 32.69275], [-103.93739, 32.69296], [-103.93645, 32.69328], [-103.93573, 32.69353], [-103.93459, 32.69391], [-103.93344, 32.69431], [-103.93249, 32.69464], [-103.9319, 32.69484], [-103.93133, 32.69503], [-103.93088, 32.69521], [-103.93041, 32.69537], [-103.92952, 32.69569], [-103.92889, 32.6959], [-103.92737, 32.69643], [-103.92654, 32.69672], [-103.92599, 32.69691], [-103.92521, 32.69717], [-103.92495, 32.69726], [-103.92337, 32.69781]]}, "properties": {"operator": "Public Service Co of NM", "pipe_type": "Intrastate"}}, {"type": "Feature", "geometry": {"type": "LineString", "coordinates": [[-103.96365, 32.68269], [-103.96161, 32.68354], [-103.9606, 32.68396], [-103.95889, 32.68467], [-103.95833, 32.68489], [-103.95727, 32.68531], [-103.95614, 32.68577], [-103.95426, 32.68654], [-103.95346, 32.68687], [-103.9528, 32.68715], [-103.9525, 32.68727], [-103.95235, 32.68733], [-103.951, 32.6879], [-103.95027, 32.68819], [-103.94969, 32.68843], [-103.94938, 32.68855], [-103.94872, 32.68882], [-103.94823, 32.68901], [-103.94771, 32.68924], [-103.94748, 32.68933], [-103.94603, 32.69002], [-103.94458, 32.69072], [-103.94456, 32.69072], [-103.94412, 32.69077], [-103.94375, 32.69084], [-103.94344, 32.69091], [-103.9431, 32.69103], [-103.94259, 32.69124], [-103.94149, 32.69164], [-103.94136, 32.69167], [-103.94114, 32.69175], [-103.94081, 32.69184], [-103.9404, 32.69198], [-103.93937, 32.69234], [-103.93906, 32.69244], [-103.93812, 32.6928], [-103.93745, 32.69301], [-103.93652, 32.69333], [-103.93579, 32.69357], [-103.93465, 32.69396], [-103.9335, 32.69435], [-103.93255, 32.69469], [-103.93196, 32.69489], [-103.93139, 32.69508], [-103.93094, 32.69526], [-103.93048, 32.69542], [-103.92958, 32.69573], [-103.92895, 32.69595], [-103.92743, 32.69648], [-103.9266, 32.69676], [-103.92605, 32.69696], [-103.92527, 32.69721], [-103.92502, 32.69731], [-103.92344, 32.69786]]}, "properties": {"operator": "Public Service Co of NM", "pipe_type": "Intrastate"}}, {"type": "Feature", "geometry": {"type": "LineString", "coordinates": [[-104.03671, 32.84189], [-104.03686, 32.84189], [-104.03711, 32.8419], [-104.03776, 32.8419], [-104.0393, 32.8419], [-104.03954, 32.84189], [-104.04118, 32.8419], [-104.04148, 32.84188], [-104.04285, 32.84189], [-104.04346, 32.84189], [-104.04396, 32.84189], [-104.04445, 32.8419], [-104.04489, 32.84188], [-104.04521, 32.84189], [-104.04607, 32.8419], [-104.04644, 32.84189], [-104.04691, 32.84188], [-104.04725, 32.84189], [-104.04767, 32.84186], [-104.04791, 32.84187], [-104.04901, 32.84186], [-104.04945, 32.84185], [-104.05032, 32.84186], [-104.05127, 32.84186], [-104.05268, 32.84184], [-104.05297, 32.84184], [-104.05321, 32.84184], [-104.05342, 32.84183], [-104.0539, 32.84181], [-104.05425, 32.8418], [-104.05489, 32.84183], [-104.05536, 32.84184], [-104.05574, 32.84184], [-104.05599, 32.84183], [-104.05654, 32.84184], [-104.05777, 32.84184], [-104.05858, 32.84186], [-104.0593, 32.84186], [-104.0597, 32.84184], [-104.06028, 32.84186], [-104.06054, 32.84186], [-104.0608, 32.84187], [-104.06131, 32.84187], [-104.06232, 32.84187], [-104.06271, 32.84187], [-104.06376, 32.84188], [-104.06397, 32.84188], [-104.06422, 32.84191], [-104.06443, 32.8419], [-104.06459, 32.84189], [-104.06491, 32.84189], [-104.06533, 32.84189], [-104.06601, 32.84188], [-104.06639, 32.84189], [-104.06692, 32.84189], [-104.06732, 32.84189], [-104.06786, 32.84189], [-104.0683, 32.8419], [-104.06864, 32.84189], [-104.0692, 32.84188], [-104.06936, 32.84189], [-104.06979, 32.84188], [-104.06999, 32.84187], [-104.07038, 32.84188], [-104.07098, 32.84188], [-104.07135, 32.84189], [-104.07168, 32.84187], [-104.07188, 32.84187], [-104.07215, 32.84188], [-104.07242, 32.84187], [-104.0728, 32.84186], [-104.07345, 32.84186], [-104.0746, 32.84186], [-104.07685, 32.84185], [-104.0794, 32.84184], [-104.08047, 32.84184], [-104.0808, 32.84185]]}, "properties": {"operator": "Public Service Co of NM", "pipe_type": "Intrastate"}}, {"type": "Feature", "geometry": {"type": "LineString", "coordinates": [[-104.20366, 32.75777], [-104.20366, 32.75781], [-104.20367, 32.7579], [-104.20371, 32.75808], [-104.20372, 32.75812], [-104.20375, 32.7583], [-104.20379, 32.7586], [-104.20382, 32.75877], [-104.20385, 32.75897], [-104.20386, 32.75901]]}, "properties": {"operator": "Public Service Co of NM", "pipe_type": "Intrastate"}}, {"type": "Feature", "geometry": {"type": "LineString", "coordinates": [[-104.19704, 32.70879], [-104.19706, 32.70899], [-104.19709, 32.70931], [-104.19712, 32.70945], [-104.19712, 32.70959], [-104.19714, 32.70974], [-104.19717, 32.70997], [-104.19721, 32.71032], [-104.19724, 32.7106], [-104.19727, 32.71083], [-104.19729, 32.71096], [-104.1973, 32.71105], [-104.19732, 32.71118], [-104.19732, 32.71129]]}, "properties": {"operator": "Public Service Co of NM", "pipe_type": "Intrastate"}}, {"type": "Feature", "geometry": {"type": "LineString", "coordinates": [[-104.19575, 32.69733], [-104.19575, 32.69738], [-104.19576, 32.69752], [-104.19578, 32.69762], [-104.19581, 32.69793], [-104.19584, 32.69821], [-104.19588, 32.69855], [-104.19592, 32.6989], [-104.19595, 32.6992], [-104.19599, 32.69953], [-104.19602, 32.6998], [-104.19606, 32.70007], [-104.1961, 32.70046], [-104.19613, 32.70078], [-104.19618, 32.70128], [-104.19624, 32.70178], [-104.19626, 32.70195], [-104.19629, 32.70223], [-104.19632, 32.70251], [-104.19636, 32.70283], [-104.1964, 32.7032], [-104.19643, 32.70349], [-104.19647, 32.7038], [-104.1965, 32.70412], [-104.19653, 32.70442], [-104.19654, 32.7045], [-104.19656, 32.70466], [-104.1966, 32.70501], [-104.19663, 32.70529], [-104.19667, 32.70557], [-104.1967, 32.70586], [-104.19674, 32.70619], [-104.19678, 32.70651], [-104.19681, 32.70679], [-104.19684, 32.70705], [-104.19687, 32.70733], [-104.19691, 32.70769], [-104.19693, 32.70785], [-104.19694, 32.70797], [-104.19695, 32.70809], [-104.19698, 32.70829], [-104.19703, 32.70861], [-104.19704, 32.70879]]}, "properties": {"operator": "Public Service Co of NM", "pipe_type": "Intrastate"}}, {"type": "Feature", "geometry": {"type": "LineString", "coordinates": [[-104.1957, 32.69679], [-104.19571, 32.69698], [-104.19572, 32.69705], [-104.19573, 32.69714], [-104.19574, 32.69726], [-104.19574, 32.69731], [-104.19575, 32.69733]]}, "properties": {"operator": "Public Service Co of NM", "pipe_type": "Intrastate"}}, {"type": "Feature", "geometry": {"type": "LineString", "coordinates": [[-104.19395, 32.68121], [-104.19422, 32.6836], [-104.1945, 32.68618], [-104.1945, 32.6862], [-104.19451, 32.68628]]}, "properties": {"operator": "Public Service Co of NM", "pipe_type": "Intrastate"}}, {"type": "Feature", "geometry": {"type": "LineString", "coordinates": [[-104.19262, 32.66807], [-104.19273, 32.66911], [-104.19287, 32.67049], [-104.1929, 32.67071], [-104.19304, 32.67221], [-104.19309, 32.67265], [-104.19315, 32.67335], [-104.19319, 32.67371], [-104.1933, 32.67475], [-104.19348, 32.67648], [-104.19365, 32.67815], [-104.19383, 32.67992], [-104.19389, 32.68052], [-104.1939, 32.68076], [-104.19393, 32.68101], [-104.19395, 32.68121]]}, "properties": {"operator": "Public Service Co of NM", "pipe_type": "Intrastate"}}, {"type": "Feature", "geometry": {"type": "LineString", "coordinates": [[-104.19451, 32.68628], [-104.19463, 32.6873], [-104.19467, 32.68763], [-104.19472, 32.68828], [-104.19477, 32.6886], [-104.1948, 32.68887], [-104.19483, 32.68932], [-104.19504, 32.69084], [-104.19506, 32.69119], [-104.1951, 32.69151], [-104.19513, 32.69188], [-104.19523, 32.69275], [-104.1953, 32.69342], [-104.19533, 32.69357], [-104.19534, 32.69376], [-104.19549, 32.69506], [-104.1955, 32.69519], [-104.19554, 32.69544], [-104.19555, 32.69562], [-104.1957, 32.69679]]}, "properties": {"operator": "Public Service Co of NM", "pipe_type": "Intrastate"}}, {"type": "Feature", "geometry": {"type": "LineString", "coordinates": [[-104.20971, 32.75736], [-104.20971, 32.75742], [-104.20972, 32.75747], [-104.20971, 32.7575], [-104.20973, 32.75757], [-104.20974, 32.75763], [-104.20974, 32.75767], [-104.20969, 32.75767], [-104.20967, 32.75766], [-104.20366, 32.75777]]}, "properties": {"operator": "Public Service Co of NM", "pipe_type": "Intrastate"}}, {"type": "Feature", "geometry": {"type": "LineString", "coordinates": [[-104.19732, 32.71129], [-104.19733, 32.71146], [-104.19735, 32.71166], [-104.1974, 32.71212], [-104.19743, 32.71236], [-104.19746, 32.71265], [-104.19751, 32.71308], [-104.19752, 32.7132], [-104.19754, 32.71341], [-104.19754, 32.7135], [-104.19755, 32.71356], [-104.19758, 32.71376], [-104.19759, 32.71386], [-104.19761, 32.71412], [-104.19765, 32.71436], [-104.19766, 32.71457], [-104.1977, 32.71473], [-104.19773, 32.71491], [-104.19775, 32.71508], [-104.19775, 32.71517]]}, "properties": {"operator": "Public Service Co of NM", "pipe_type": "Intrastate"}}, {"type": "Feature", "geometry": {"type": "LineString", "coordinates": [[-104.199, 32.7256], [-104.19906, 32.72608], [-104.19911, 32.72649], [-104.19916, 32.72685], [-104.19919, 32.72709], [-104.19923, 32.72745], [-104.19927, 32.72778], [-104.19934, 32.7283], [-104.19937, 32.72856], [-104.1994, 32.72881], [-104.19946, 32.7292], [-104.19947, 32.72937], [-104.1995, 32.72956], [-104.19952, 32.72977], [-104.19957, 32.73015], [-104.19961, 32.73051], [-104.19963, 32.73069], [-104.19964, 32.73078], [-104.19965, 32.73088], [-104.19969, 32.73115], [-104.19974, 32.7315], [-104.19976, 32.73172], [-104.19979, 32.73194], [-104.19982, 32.73218], [-104.19984, 32.73233], [-104.19986, 32.73246], [-104.19988, 32.73265], [-104.19989, 32.73278], [-104.19991, 32.73292], [-104.19992, 32.73299], [-104.19994, 32.73311], [-104.19996, 32.73331], [-104.19998, 32.73344], [-104.2, 32.73365], [-104.20004, 32.73395], [-104.20008, 32.73425], [-104.20012, 32.73457], [-104.20017, 32.73488], [-104.2002, 32.73516]]}, "properties": {"operator": "Public Service Co of NM", "pipe_type": "Intrastate"}}, {"type": "Feature", "geometry": {"type": "LineString", "coordinates": [[-104.2002, 32.73516], [-104.20023, 32.73535], [-104.20023, 32.73552], [-104.20025, 32.73566], [-104.20027, 32.73579], [-104.2003, 32.73598], [-104.20031, 32.73603], [-104.20033, 32.73625]]}, "properties": {"operator": "Public Service Co of NM", "pipe_type": "Intrastate"}}, {"type": "Feature", "geometry": {"type": "LineString", "coordinates": [[-104.19775, 32.71517], [-104.19779, 32.71544], [-104.1978, 32.71561], [-104.19781, 32.7157], [-104.19781, 32.71579], [-104.19782, 32.71594], [-104.19784, 32.71608], [-104.19785, 32.71621], [-104.19787, 32.7163], [-104.19789, 32.7165], [-104.19791, 32.71666], [-104.19792, 32.71673], [-104.19793, 32.71683], [-104.19795, 32.71694], [-104.19797, 32.71708], [-104.19799, 32.71721], [-104.198, 32.71731], [-104.19801, 32.71747], [-104.19803, 32.71774], [-104.19806, 32.71801], [-104.19809, 32.71825], [-104.19813, 32.7186], [-104.19818, 32.71894], [-104.19821, 32.71918], [-104.19823, 32.71945], [-104.19829, 32.71988], [-104.19833, 32.72018], [-104.19837, 32.7205], [-104.1984, 32.72081], [-104.19844, 32.72112], [-104.19848, 32.72142], [-104.19851, 32.7217], [-104.19855, 32.722], [-104.19859, 32.7223], [-104.19864, 32.72274], [-104.19868, 32.72302], [-104.19871, 32.72333], [-104.19872, 32.72342], [-104.19873, 32.72355], [-104.19873, 32.7236], [-104.19877, 32.72376], [-104.19882, 32.72415], [-104.19886, 32.72449], [-104.19889, 32.72474], [-104.19893, 32.7251], [-104.19896, 32.72534], [-104.199, 32.7256]]}, "properties": {"operator": "Public Service Co of NM", "pipe_type": "Intrastate"}}, {"type": "Feature", "geometry": {"type": "LineString", "coordinates": [[-104.20033, 32.73625], [-104.20035, 32.73639], [-104.20038, 32.73661], [-104.20041, 32.73689], [-104.20045, 32.7372], [-104.20051, 32.73762], [-104.20055, 32.73791], [-104.20059, 32.73821], [-104.20062, 32.73852], [-104.20066, 32.73885], [-104.20068, 32.73903], [-104.20072, 32.73934], [-104.20076, 32.73966], [-104.20077, 32.73983], [-104.20078, 32.74003], [-104.20081, 32.74015], [-104.20083, 32.74027], [-104.20088, 32.74064], [-104.20092, 32.74098], [-104.20096, 32.74132], [-104.20097, 32.7414], [-104.20097, 32.74146], [-104.20099, 32.74152], [-104.201, 32.74161], [-104.20102, 32.74171], [-104.20103, 32.74182], [-104.20104, 32.74193], [-104.20109, 32.74228], [-104.20115, 32.74267], [-104.20119, 32.74298], [-104.20124, 32.74327], [-104.20131, 32.74365], [-104.20135, 32.74387], [-104.20137, 32.744], [-104.2014, 32.74419], [-104.20141, 32.74425], [-104.20142, 32.7443], [-104.20145, 32.74456], [-104.2015, 32.74486], [-104.20155, 32.74513], [-104.20157, 32.7452], [-104.20159, 32.74533], [-104.20161, 32.74551], [-104.20163, 32.74568], [-104.20171, 32.74611], [-104.20176, 32.74639], [-104.20182, 32.74672], [-104.20188, 32.74705], [-104.2019, 32.74723], [-104.20194, 32.74751], [-104.20202, 32.74795], [-104.20206, 32.74819], [-104.20213, 32.74862], [-104.20224, 32.74929], [-104.20237, 32.75008], [-104.20251, 32.75094], [-104.20265, 32.75178], [-104.20283, 32.75277], [-104.20292, 32.75328], [-104.20293, 32.75338], [-104.20304, 32.75406], [-104.20313, 32.75463], [-104.20318, 32.75486], [-104.20321, 32.75506], [-104.20324, 32.75524], [-104.20325, 32.7553], [-104.20326, 32.75541], [-104.20332, 32.75569], [-104.2034, 32.75619], [-104.20344, 32.75629], [-104.20343, 32.75646], [-104.20348, 32.75669], [-104.20356, 32.75715], [-104.20364, 32.75761], [-104.20366, 32.75777]]}, "properties": {"operator": "Public Service Co of NM", "pipe_type": "Intrastate"}}, {"type": "Feature", "geometry": {"type": "LineString", "coordinates": [[-104.20386, 32.75901], [-104.20388, 32.75906], [-104.20389, 32.75913], [-104.20391, 32.75931], [-104.20393, 32.75944], [-104.20396, 32.75958], [-104.20399, 32.75983], [-104.20404, 32.76009], [-104.20409, 32.76031], [-104.2041, 32.76036], [-104.20412, 32.76055], [-104.20416, 32.76077], [-104.2042, 32.761], [-104.2042, 32.7611], [-104.20421, 32.76115], [-104.20426, 32.76136], [-104.20427, 32.76145], [-104.20429, 32.76162], [-104.20434, 32.76188], [-104.20439, 32.76221], [-104.20444, 32.76252], [-104.2045, 32.76287], [-104.20454, 32.7631], [-104.20455, 32.76322], [-104.20458, 32.76331], [-104.20459, 32.76342], [-104.20466, 32.76379], [-104.20468, 32.76387], [-104.20471, 32.76394], [-104.20473, 32.76402], [-104.20473, 32.76412], [-104.20477, 32.76438], [-104.20477, 32.7645], [-104.20479, 32.76463], [-104.20484, 32.76488], [-104.20486, 32.76494], [-104.20486, 32.76501], [-104.2049, 32.7653], [-104.20497, 32.76569], [-104.20502, 32.76598], [-104.20505, 32.76607], [-104.20505, 32.76614], [-104.20506, 32.76625], [-104.20509, 32.76638], [-104.2051, 32.76647], [-104.2051, 32.76652], [-104.20514, 32.76679], [-104.20516, 32.76684], [-104.20522, 32.76719], [-104.20527, 32.76751], [-104.20532, 32.76783], [-104.20538, 32.76819], [-104.2054, 32.7683], [-104.20545, 32.76858], [-104.20553, 32.76893], [-104.20553, 32.76895], [-104.20579, 32.76952], [-104.20605, 32.77009], [-104.20606, 32.77015], [-104.20614, 32.77036], [-104.20628, 32.77066], [-104.20646, 32.77105], [-104.20666, 32.77148], [-104.20668, 32.77153], [-104.20672, 32.77162], [-104.20685, 32.77192], [-104.20699, 32.77222], [-104.20715, 32.7726], [-104.20718, 32.77267], [-104.20735, 32.77306], [-104.20739, 32.77313], [-104.20745, 32.77321], [-104.20753, 32.77343], [-104.20762, 32.77366], [-104.2077, 32.77384], [-104.20778, 32.77402], [-104.20781, 32.77407], [-104.20787, 32.77422], [-104.20793, 32.77437], [-104.20801, 32.77454], [-104.20805, 32.77462], [-104.20808, 32.77469], [-104.20816, 32.77487], [-104.20827, 32.77512], [-104.20838, 32.77537], [-104.20847, 32.7756], [-104.2086, 32.77588], [-104.20872, 32.77615], [-104.20883, 32.77641], [-104.20887, 32.77649], [-104.20888, 32.77652], [-104.2089, 32.77655], [-104.20898, 32.77674], [-104.20907, 32.77697], [-104.20911, 32.77705]]}, "properties": {"operator": "Public Service Co of NM", "pipe_type": "Intrastate"}}, {"type": "Feature", "geometry": {"type": "LineString", "coordinates": [[-104.09649, 32.84183], [-104.09656, 32.84188], [-104.09753, 32.84219], [-104.10042, 32.84312], [-104.10371, 32.84417], [-104.10592, 32.84488], [-104.10656, 32.84509], [-104.10735, 32.84532], [-104.10841, 32.84556], [-104.10877, 32.84564], [-104.1104, 32.84586], [-104.11087, 32.84592], [-104.11108, 32.84594], [-104.11163, 32.84601], [-104.11174, 32.84602], [-104.11231, 32.84611], [-104.11379, 32.84632], [-104.11562, 32.84657], [-104.11606, 32.84663], [-104.11642, 32.84667], [-104.11698, 32.84675], [-104.11739, 32.84682], [-104.11793, 32.84689], [-104.1186, 32.84699], [-104.1194, 32.8471], [-104.1199, 32.84716], [-104.12032, 32.84721], [-104.12064, 32.84723], [-104.12091, 32.84723]]}, "properties": {"operator": "Public Service Co of NM", "pipe_type": "Intrastate"}}, {"type": "Feature", "geometry": {"type": "LineString", "coordinates": [[-104.12091, 32.84723], [-104.12459, 32.84709], [-104.12574, 32.84707], [-104.12661, 32.84699], [-104.12947, 32.84667], [-104.13141, 32.84644], [-104.1315, 32.84642], [-104.13163, 32.84642], [-104.13216, 32.84636], [-104.13257, 32.84632], [-104.13372, 32.84619], [-104.13398, 32.84618], [-104.13492, 32.84608], [-104.13504, 32.84607], [-104.13521, 32.84605], [-104.13526, 32.84604], [-104.13541, 32.84601], [-104.13546, 32.84601], [-104.13595, 32.84596], [-104.13624, 32.84594], [-104.13654, 32.84589], [-104.13693, 32.84585], [-104.13721, 32.84582], [-104.13773, 32.84576], [-104.13835, 32.8457], [-104.13895, 32.84563], [-104.13903, 32.84562], [-104.13916, 32.8456], [-104.13934, 32.84559], [-104.13964, 32.84555], [-104.13998, 32.84551], [-104.14032, 32.84547], [-104.14034, 32.84546], [-104.14039, 32.84545], [-104.14041, 32.84545]]}, "properties": {"operator": "Public Service Co of NM", "pipe_type": "Intrastate"}}, {"type": "Feature", "geometry": {"type": "LineString", "coordinates": [[-104.0808, 32.84185], [-104.0808, 32.84183]]}, "properties": {"operator": "Public Service Co of NM", "pipe_type": "Intrastate"}}, {"type": "Feature", "geometry": {"type": "LineString", "coordinates": [[-104.0808, 32.84185], [-104.08083, 32.84185], [-104.08114, 32.84184], [-104.0812, 32.84183], [-104.08122, 32.84184], [-104.08171, 32.84184], [-104.08198, 32.84184], [-104.08225, 32.84184], [-104.08269, 32.84184], [-104.0832, 32.84184], [-104.08429, 32.84183], [-104.08483, 32.84184], [-104.08552, 32.84183], [-104.08639, 32.84183], [-104.08736, 32.84183], [-104.08838, 32.84183], [-104.08863, 32.84183], [-104.08922, 32.84183], [-104.09019, 32.84183], [-104.09076, 32.84182], [-104.0914, 32.84182], [-104.09181, 32.84182], [-104.0926, 32.84182], [-104.09355, 32.84182], [-104.09436, 32.84181], [-104.09491, 32.84181], [-104.09557, 32.84181], [-104.09604, 32.84182], [-104.09631, 32.84182], [-104.09649, 32.84183]]}, "properties": {"operator": "Public Service Co of NM", "pipe_type": "Intrastate"}}, {"type": "Feature", "geometry": {"type": "LineString", "coordinates": [[-103.97056, 32.67604], [-103.96824, 32.67845], [-103.96729, 32.67951], [-103.96702, 32.6798], [-103.96686, 32.67996], [-103.9662, 32.68068], [-103.96556, 32.68138], [-103.965, 32.68201], [-103.96469, 32.6822], [-103.96359, 32.68265]]}, "properties": {"operator": "Public Service Co of NM", "pipe_type": "Intrastate"}}, {"type": "Feature", "geometry": {"type": "LineString", "coordinates": [[-103.9706, 32.6761], [-103.9683, 32.6785], [-103.96735, 32.67955], [-103.96708, 32.67984], [-103.96692, 32.68], [-103.96626, 32.68073], [-103.96562, 32.68142], [-103.96506, 32.68206], [-103.96476, 32.68225], [-103.96365, 32.68269]]}, "properties": {"operator": "Public Service Co of NM", "pipe_type": "Intrastate"}}, {"type": "Feature", "geometry": {"type": "LineString", "coordinates": [[-103.97013, 32.67483], [-103.97016, 32.67498], [-103.97025, 32.67523], [-103.97042, 32.67567], [-103.97053, 32.67595], [-103.97055, 32.676], [-103.97056, 32.67604], [-103.9706, 32.6761]]}, "properties": {"operator": "Public Service Co of NM", "pipe_type": "Intrastate"}}, {"type": "Feature", "geometry": {"type": "LineString", "coordinates": [[-103.97013, 32.67483], [-103.97012, 32.67467], [-103.97013, 32.67451], [-103.97015, 32.67446]]}, "properties": {"operator": "Public Service Co of NM", "pipe_type": "Intrastate"}}, {"type": "Feature", "geometry": {"type": "LineString", "coordinates": [[-103.97078, 32.66887], [-103.97072, 32.67079]]}, "properties": {"operator": "Public Service Co of NM", "pipe_type": "Intrastate"}}, {"type": "Feature", "geometry": {"type": "LineString", "coordinates": [[-103.97056, 32.67148], [-103.97048, 32.67176], [-103.97007, 32.67307], [-103.97002, 32.67315], [-103.97002, 32.67332], [-103.96998, 32.67344], [-103.97008, 32.67409], [-103.97015, 32.67446]]}, "properties": {"operator": "Public Service Co of NM", "pipe_type": "Intrastate"}}, {"type": "Feature", "geometry": {"type": "LineString", "coordinates": [[-103.97056, 32.67148], [-103.97057, 32.67138], [-103.97067, 32.67102], [-103.97069, 32.67089], [-103.97072, 32.67079]]}, "properties": {"operator": "Public Service Co of NM", "pipe_type": "Intrastate"}}, {"type": "Feature", "geometry": {"type": "LineString", "coordinates": [[-103.97073, 32.66285], [-103.9713, 32.66625], [-103.97133, 32.66636], [-103.97147, 32.6669], [-103.97149, 32.6671], [-103.97095, 32.66809], [-103.97085, 32.66853], [-103.97078, 32.66887]]}, "properties": {"operator": "Public Service Co of NM", "pipe_type": "Intrastate"}}, {"type": "Feature", "geometry": {"type": "LineString", "coordinates": [[-103.78017, 32.78564], [-103.78018, 32.78564], [-103.78021, 32.78565], [-103.78022, 32.78567], [-103.78072, 32.78587], [-103.78085, 32.78594], [-103.78108, 32.78605], [-103.78139, 32.78619], [-103.7816, 32.7863], [-103.78173, 32.78635], [-103.8035, 32.79656], [-103.80438, 32.79691], [-103.80952, 32.79932], [-103.81596, 32.80232], [-103.82197, 32.80524], [-103.82338, 32.80597], [-103.82367, 32.80612], [-103.82389, 32.80623], [-103.82411, 32.80634], [-103.8243, 32.80645], [-103.82883, 32.80876], [-103.83823, 32.81367], [-103.83938, 32.81426], [-103.84054, 32.81485], [-103.84065, 32.81491], [-103.84072, 32.81493], [-103.84079, 32.81495], [-103.84092, 32.81501], [-103.84103, 32.81504], [-103.84131, 32.81522], [-103.84139, 32.81527], [-103.84164, 32.81538], [-103.84191, 32.81553], [-103.84212, 32.81565], [-103.84218, 32.81571], [-103.84613, 32.81773], [-103.85008, 32.81976], [-103.85024, 32.81984], [-103.85059, 32.81997], [-103.85077, 32.82006]]}, "properties": {"operator": "Public Service Co of NM", "pipe_type": "Intrastate"}}, {"type": "Feature", "geometry": {"type": "LineString", "coordinates": [[-103.82426, 32.73214], [-103.82142, 32.73315], [-103.82125, 32.73319], [-103.82112, 32.73325], [-103.81946, 32.73383], [-103.81841, 32.73416], [-103.81781, 32.73443], [-103.81681, 32.73476], [-103.81643, 32.73485], [-103.81424, 32.73561], [-103.81318, 32.73598], [-103.81075, 32.73684], [-103.80833, 32.7377], [-103.80441, 32.73889], [-103.80371, 32.73915], [-103.803, 32.7394], [-103.80193, 32.73976], [-103.80129, 32.74002], [-103.80113, 32.7401], [-103.80069, 32.74025], [-103.79979, 32.74056], [-103.79919, 32.74075], [-103.79832, 32.74109], [-103.79681, 32.74158], [-103.79639, 32.74172], [-103.79539, 32.74208], [-103.79392, 32.74253], [-103.79257, 32.74302], [-103.79183, 32.74331], [-103.7897, 32.74398], [-103.78756, 32.74473], [-103.78736, 32.74491], [-103.78626, 32.74526], [-103.78599, 32.74537], [-103.78573, 32.74545], [-103.78547, 32.74559], [-103.78329, 32.7467], [-103.78314, 32.74663], [-103.78298, 32.74651], [-103.78288, 32.74645], [-103.78282, 32.74643], [-103.76953, 32.75101], [-103.76942, 32.75104], [-103.76862, 32.7513], [-103.76777, 32.7516], [-103.76694, 32.75188], [-103.76686, 32.7519]]}, "properties": {"operator": "Public Service Co of NM", "pipe_type": "Intrastate"}}, {"type": "Feature", "geometry": {"type": "LineString", "coordinates": [[-103.84062, 32.72655], [-103.83984, 32.72684], [-103.83892, 32.72715], [-103.83829, 32.72738], [-103.83785, 32.72754], [-103.83734, 32.72771], [-103.83661, 32.72798], [-103.83526, 32.72858], [-103.83475, 32.72883], [-103.83437, 32.72901], [-103.83359, 32.72925], [-103.83278, 32.72947], [-103.83142, 32.72983], [-103.83108, 32.72993], [-103.83014, 32.73018], [-103.82947, 32.73037], [-103.82857, 32.73068], [-103.82787, 32.73089], [-103.8254, 32.7318], [-103.8243, 32.73219], [-103.82146, 32.7332], [-103.82129, 32.73325], [-103.82116, 32.7333], [-103.8195, 32.73388], [-103.81845, 32.73421], [-103.81785, 32.73448], [-103.81685, 32.73481], [-103.81647, 32.7349], [-103.81427, 32.73566], [-103.81321, 32.73603], [-103.81079, 32.73689], [-103.80837, 32.73775], [-103.80445, 32.739], [-103.80373, 32.73927], [-103.80302, 32.73952], [-103.80195, 32.73987], [-103.80131, 32.74014], [-103.80115, 32.74022], [-103.79385, 32.74268], [-103.7925, 32.74317], [-103.79176, 32.74346], [-103.78963, 32.74413], [-103.78758, 32.74485], [-103.78738, 32.74503], [-103.78628, 32.74538], [-103.78601, 32.74549], [-103.78576, 32.74557], [-103.78549, 32.74571], [-103.78329, 32.74684], [-103.78305, 32.74673], [-103.78289, 32.74661], [-103.78281, 32.74656], [-103.76956, 32.75108], [-103.76945, 32.75111], [-103.76865, 32.75138], [-103.7678, 32.75167], [-103.76697, 32.75195], [-103.76687, 32.75199]]}, "properties": {"operator": "Public Service Co of NM", "pipe_type": "Intrastate"}}, {"type": "Feature", "geometry": {"type": "LineString", "coordinates": [[-103.86276, 32.71889], [-103.86299, 32.7188], [-103.86407, 32.71841], [-103.86551, 32.71791], [-103.86589, 32.71778], [-103.86605, 32.71771], [-103.86615, 32.71768], [-103.86689, 32.71743], [-103.86926, 32.71662], [-103.87163, 32.71581], [-103.87188, 32.71573]]}, "properties": {"operator": "Public Service Co of NM", "pipe_type": "Intrastate"}}, {"type": "Feature", "geometry": {"type": "LineString", "coordinates": [[-103.86278, 32.71882], [-103.863, 32.71872], [-103.86409, 32.71834], [-103.86553, 32.71784], [-103.86591, 32.71771], [-103.86607, 32.71764], [-103.86617, 32.71761], [-103.86691, 32.71736], [-103.86928, 32.71655], [-103.87165, 32.71574], [-103.87426, 32.71484], [-103.87728, 32.7138], [-103.87987, 32.71292], [-103.87999, 32.71289], [-103.88102, 32.7125], [-103.88112, 32.71246], [-103.88126, 32.7124]]}, "properties": {"operator": "Public Service Co of NM", "pipe_type": "Intrastate"}}, {"type": "Feature", "geometry": {"type": "LineString", "coordinates": [[-103.92337, 32.69781], [-103.92205, 32.69827], [-103.92055, 32.69879], [-103.9194, 32.69918], [-103.9183, 32.69956], [-103.91767, 32.69978], [-103.91582, 32.70043], [-103.91445, 32.70091], [-103.91387, 32.70111], [-103.91327, 32.7013], [-103.91292, 32.70143], [-103.91212, 32.70169], [-103.91139, 32.70197], [-103.91059, 32.70222], [-103.91, 32.70242], [-103.90967, 32.70254], [-103.90911, 32.70275], [-103.90852, 32.70296], [-103.90782, 32.70321], [-103.90672, 32.7036], [-103.90557, 32.704], [-103.90478, 32.70427], [-103.90392, 32.70455], [-103.9032, 32.70482], [-103.90205, 32.7052], [-103.90108, 32.70555], [-103.90031, 32.70581], [-103.89928, 32.70617], [-103.89843, 32.70648], [-103.89719, 32.7069], [-103.8963, 32.70722], [-103.89459, 32.70781], [-103.89339, 32.70822], [-103.8914, 32.70891], [-103.8896, 32.70953], [-103.88868, 32.70985], [-103.88778, 32.71014], [-103.88734, 32.71031], [-103.8866, 32.71058], [-103.88614, 32.71077]]}, "properties": {"operator": "Public Service Co of NM", "pipe_type": "Intrastate"}}, {"type": "Feature", "geometry": {"type": "LineString", "coordinates": [[-103.92344, 32.69786], [-103.92211, 32.69831], [-103.92061, 32.69884], [-103.91947, 32.69923], [-103.91836, 32.69961], [-103.91773, 32.69983], [-103.91588, 32.70047], [-103.91451, 32.70096], [-103.91393, 32.70116], [-103.91333, 32.70135], [-103.91299, 32.70148], [-103.91219, 32.70173], [-103.91145, 32.70202], [-103.91065, 32.70226], [-103.91007, 32.70247], [-103.90973, 32.70258], [-103.90917, 32.70279], [-103.90858, 32.70301], [-103.90788, 32.70325], [-103.90678, 32.70365], [-103.90563, 32.70405], [-103.90484, 32.70432], [-103.90398, 32.7046], [-103.90326, 32.70486], [-103.90211, 32.70524], [-103.90115, 32.70559], [-103.90037, 32.70586], [-103.89934, 32.70622], [-103.89849, 32.70652], [-103.89725, 32.70695], [-103.89636, 32.70726], [-103.89465, 32.70785], [-103.89345, 32.70827], [-103.89146, 32.70896], [-103.88966, 32.70958], [-103.88874, 32.70989], [-103.88784, 32.71019], [-103.8874, 32.71036], [-103.88678, 32.71065], [-103.88612, 32.71108]]}, "properties": {"operator": "Public Service Co of NM", "pipe_type": "Intrastate"}}, {"type": "Feature", "geometry": {"type": "LineString", "coordinates": [[-103.88126, 32.7124], [-103.88194, 32.71217], [-103.88264, 32.71192], [-103.88355, 32.71163], [-103.88614, 32.71077]]}, "properties": {"operator": "Public Service Co of NM", "pipe_type": "Intrastate"}}, {"type": "Feature", "geometry": {"type": "LineString", "coordinates": [[-103.88612, 32.71108], [-103.88563, 32.71137], [-103.88554, 32.71141], [-103.88082, 32.71287], [-103.88047, 32.71318], [-103.88039, 32.71325], [-103.88019, 32.7133], [-103.87984, 32.71337], [-103.87804, 32.71391], [-103.87746, 32.71409], [-103.8765, 32.71439], [-103.87598, 32.71457], [-103.87531, 32.71483], [-103.87472, 32.71507], [-103.87416, 32.71529], [-103.87407, 32.71534], [-103.87188, 32.71573]]}, "properties": {"operator": "Public Service Co of NM", "pipe_type": "Intrastate"}}, {"type": "Feature", "geometry": {"type": "LineString", "coordinates": [[-103.86277, 32.71841], [-103.86277, 32.71833], [-103.86277, 32.71826], [-103.86278, 32.71766], [-103.86278, 32.71717], [-103.86279, 32.71692], [-103.86276, 32.71631], [-103.86278, 32.71585], [-103.86277, 32.71555], [-103.86281, 32.71486], [-103.86286, 32.71404], [-103.86293, 32.71299], [-103.86301, 32.71205], [-103.86304, 32.71113], [-103.86311, 32.71006], [-103.86314, 32.70948], [-103.8631, 32.70866], [-103.86306, 32.70805], [-103.86307, 32.70778], [-103.86306, 32.70752], [-103.86302, 32.70716], [-103.863, 32.70667], [-103.86296, 32.70622], [-103.86294, 32.7058], [-103.86288, 32.70521], [-103.86287, 32.70504], [-103.86284, 32.70441], [-103.86282, 32.70418], [-103.86282, 32.70375], [-103.86278, 32.70343], [-103.86275, 32.70296], [-103.86274, 32.70228], [-103.86274, 32.70224], [-103.86255, 32.70224], [-103.86247, 32.70226], [-103.86238, 32.70226], [-103.86228, 32.70225], [-103.86221, 32.7023], [-103.86213, 32.70232], [-103.8614, 32.70247], [-103.86058, 32.70263], [-103.85971, 32.70282], [-103.85939, 32.70288], [-103.85927, 32.70291], [-103.85888, 32.70299], [-103.85858, 32.70305], [-103.85817, 32.70314], [-103.85794, 32.70319], [-103.85781, 32.70322], [-103.85765, 32.70325]]}, "properties": {"operator": "Public Service Co of NM", "pipe_type": "Intrastate"}}, {"type": "Feature", "geometry": {"type": "LineString", "coordinates": [[-103.85765, 32.70325], [-103.85746, 32.70328], [-103.85717, 32.70334], [-103.8569, 32.7034], [-103.85688, 32.7034], [-103.85669, 32.70344], [-103.85652, 32.70348], [-103.85628, 32.70353], [-103.85603, 32.70357], [-103.85557, 32.70367], [-103.85537, 32.70372], [-103.8551, 32.70377], [-103.85501, 32.70379], [-103.85474, 32.70385], [-103.85466, 32.70387], [-103.85435, 32.70393], [-103.854, 32.704], [-103.8536, 32.70409], [-103.85345, 32.70411], [-103.85306, 32.70419], [-103.85294, 32.70422], [-103.85285, 32.70424], [-103.85252, 32.70431], [-103.85241, 32.70433], [-103.85197, 32.70442], [-103.85164, 32.70449], [-103.85145, 32.70453], [-103.85123, 32.70458], [-103.85104, 32.70462], [-103.85081, 32.70466], [-103.85059, 32.70472], [-103.85041, 32.70475], [-103.85019, 32.7048], [-103.85005, 32.70483], [-103.84964, 32.70491], [-103.84946, 32.70495], [-103.84901, 32.70504], [-103.84856, 32.70512], [-103.84795, 32.70525], [-103.84753, 32.70535], [-103.84729, 32.7054], [-103.84703, 32.70544], [-103.84661, 32.70552], [-103.84642, 32.70556], [-103.8463, 32.7056], [-103.84582, 32.70571], [-103.84571, 32.70572], [-103.8452, 32.70584], [-103.84452, 32.70598], [-103.84433, 32.70602], [-103.84398, 32.70608], [-103.84341, 32.70615], [-103.84286, 32.70621]]}, "properties": {"operator": "Public Service Co of NM", "pipe_type": "Intrastate"}}, {"type": "Feature", "geometry": {"type": "LineString", "coordinates": [[-103.84059, 32.7265], [-103.83981, 32.72679], [-103.83888, 32.72709], [-103.83826, 32.72732], [-103.83781, 32.72749], [-103.8373, 32.72766], [-103.83657, 32.72793], [-103.83522, 32.72853], [-103.83471, 32.72878], [-103.83433, 32.72895], [-103.83355, 32.7292], [-103.83275, 32.72941], [-103.83138, 32.72978], [-103.83105, 32.72988], [-103.8301, 32.73013], [-103.82943, 32.73032], [-103.82853, 32.73063], [-103.82783, 32.73084], [-103.82536, 32.73175], [-103.82426, 32.73214]]}, "properties": {"operator": "Public Service Co of NM", "pipe_type": "Intrastate"}}, {"type": "Feature", "geometry": {"type": "LineString", "coordinates": [[-103.84613, 32.72463], [-103.84598, 32.72467], [-103.84585, 32.7247], [-103.84569, 32.72475], [-103.84504, 32.72498], [-103.84458, 32.72512], [-103.84433, 32.72521], [-103.84411, 32.72531], [-103.84387, 32.72539], [-103.84371, 32.72545], [-103.84313, 32.72563], [-103.8429, 32.72573], [-103.84232, 32.72591], [-103.84218, 32.72598], [-103.84191, 32.72611], [-103.84169, 32.72619], [-103.84122, 32.7263], [-103.84062, 32.72655]]}, "properties": {"operator": "Public Service Co of NM", "pipe_type": "Intrastate"}}, {"type": "Feature", "geometry": {"type": "LineString", "coordinates": [[-103.84615, 32.72456], [-103.84599, 32.7246], [-103.84587, 32.72463], [-103.8457, 32.72468], [-103.84506, 32.72491], [-103.84459, 32.72505], [-103.84435, 32.72514], [-103.84413, 32.72524], [-103.84388, 32.72532], [-103.84373, 32.72538], [-103.84315, 32.72556], [-103.84292, 32.72566], [-103.84234, 32.72584], [-103.84219, 32.7259], [-103.84193, 32.72604], [-103.84171, 32.72612], [-103.84119, 32.72625], [-103.84071, 32.72645], [-103.84067, 32.72647], [-103.84059, 32.7265]]}, "properties": {"operator": "Public Service Co of NM", "pipe_type": "Intrastate"}}, {"type": "Feature", "geometry": {"type": "LineString", "coordinates": [[-103.86278, 32.71882], [-103.86274, 32.71883], [-103.86269, 32.71885], [-103.86264, 32.71887], [-103.86257, 32.7189], [-103.86242, 32.71895], [-103.8623, 32.719], [-103.86177, 32.71918], [-103.86122, 32.71937], [-103.8604, 32.71966], [-103.86006, 32.71977], [-103.85987, 32.71982], [-103.85971, 32.71991], [-103.85942, 32.72], [-103.85844, 32.72037], [-103.85829, 32.72038], [-103.85812, 32.7204], [-103.85791, 32.72045], [-103.85743, 32.72069], [-103.85694, 32.72086], [-103.85653, 32.721], [-103.85636, 32.72104], [-103.85615, 32.72111], [-103.85575, 32.72125], [-103.8556, 32.72132], [-103.855, 32.72154], [-103.85454, 32.7217], [-103.85319, 32.72213], [-103.85236, 32.72239], [-103.85199, 32.72252], [-103.85107, 32.72286], [-103.85022, 32.72316], [-103.84994, 32.72325], [-103.84926, 32.72346], [-103.84921, 32.72352], [-103.84873, 32.72365], [-103.8486, 32.72372], [-103.84717, 32.72421], [-103.84628, 32.72453], [-103.84615, 32.72456]]}, "properties": {"operator": "Public Service Co of NM", "pipe_type": "Intrastate"}}, {"type": "Feature", "geometry": {"type": "LineString", "coordinates": [[-103.86276, 32.71889], [-103.86272, 32.7189], [-103.86267, 32.71892], [-103.86263, 32.71894], [-103.86255, 32.71897], [-103.8624, 32.71902], [-103.86229, 32.71907], [-103.86175, 32.71925], [-103.8612, 32.71944], [-103.86038, 32.71973], [-103.86005, 32.71984], [-103.85986, 32.71989], [-103.85969, 32.71998], [-103.8594, 32.72007], [-103.85842, 32.72044], [-103.85828, 32.72045], [-103.8581, 32.72048], [-103.85789, 32.72052], [-103.85741, 32.72076], [-103.85692, 32.72093], [-103.85652, 32.72107], [-103.85634, 32.72111], [-103.85613, 32.72118], [-103.85573, 32.72132], [-103.85558, 32.72139], [-103.85499, 32.72161], [-103.85452, 32.72177], [-103.85318, 32.7222], [-103.85235, 32.72246], [-103.85197, 32.72259], [-103.85106, 32.72293], [-103.8502, 32.72323], [-103.84992, 32.72332], [-103.84924, 32.72353], [-103.8492, 32.72359], [-103.84871, 32.72372], [-103.84858, 32.72379], [-103.84715, 32.72428], [-103.84626, 32.72461], [-103.84613, 32.72463]]}, "properties": {"operator": "Public Service Co of NM", "pipe_type": "Intrastate"}}, {"type": "Feature", "geometry": {"type": "LineString", "coordinates": [[-103.86276, 32.71889], [-103.86278, 32.71882]]}, "properties": {"operator": "Public Service Co of NM", "pipe_type": "Intrastate"}}, {"type": "Feature", "geometry": {"type": "LineString", "coordinates": [[-103.86277, 32.71841], [-103.86278, 32.71854], [-103.86278, 32.71855], [-103.86277, 32.7186], [-103.86278, 32.71868], [-103.86277, 32.7187], [-103.86277, 32.71875], [-103.86278, 32.71882]]}, "properties": {"operator": "Public Service Co of NM", "pipe_type": "Intrastate"}}, {"type": "Feature", "geometry": {"type": "LineString", "coordinates": [[-103.86279, 32.71841], [-103.86277, 32.71841]]}, "properties": {"operator": "Public Service Co of NM", "pipe_type": "Intrastate"}}, {"type": "Feature", "geometry": {"type": "LineString", "coordinates": [[-103.82358, 32.73391], [-103.82364, 32.73377], [-103.82367, 32.73372], [-103.82372, 32.73361], [-103.82374, 32.73357], [-103.82376, 32.73354], [-103.82378, 32.73347], [-103.8238, 32.73343], [-103.82381, 32.73337], [-103.82381, 32.73335], [-103.82382, 32.73331], [-103.82395, 32.733], [-103.82395, 32.73296], [-103.82396, 32.73292], [-103.82405, 32.73273], [-103.82412, 32.73255], [-103.82415, 32.73246], [-103.82418, 32.73237], [-103.8242, 32.73231], [-103.8242, 32.73229], [-103.82421, 32.73227], [-103.82423, 32.73224], [-103.82424, 32.7322], [-103.82426, 32.73214]]}, "properties": {"operator": "Public Service Co of NM", "pipe_type": "Intrastate"}}, {"type": "Feature", "geometry": {"type": "LineString", "coordinates": [[-103.85077, 32.82006], [-103.85103, 32.82017], [-103.85115, 32.82019], [-103.85127, 32.82018], [-103.85161, 32.82015], [-103.85204, 32.82005], [-103.85214, 32.82002], [-103.8523, 32.8199], [-103.85256, 32.81976], [-103.85291, 32.81967], [-103.85357, 32.81953], [-103.85415, 32.81942], [-103.85492, 32.81924], [-103.85543, 32.81916], [-103.8562, 32.81901], [-103.85665, 32.81891], [-103.85686, 32.81886], [-103.85717, 32.81879], [-103.85743, 32.81875], [-103.85795, 32.8187], [-103.85845, 32.81866], [-103.85879, 32.81869], [-103.85929, 32.81874], [-103.86006, 32.81884], [-103.86092, 32.81894], [-103.86172, 32.81904], [-103.86322, 32.81922], [-103.86419, 32.81935], [-103.86511, 32.81945], [-103.86524, 32.81946], [-103.86575, 32.81952], [-103.86608, 32.81955], [-103.86649, 32.81963], [-103.86715, 32.81979], [-103.8679, 32.81997], [-103.86956, 32.82028], [-103.8702, 32.82035], [-103.87049, 32.82038], [-103.87121, 32.8204], [-103.87166, 32.82045], [-103.87273, 32.82052], [-103.87383, 32.82061], [-103.87407, 32.82061], [-103.87443, 32.82063], [-103.8747, 32.82063], [-103.87501, 32.82066], [-103.87615, 32.82073], [-103.87747, 32.82111], [-103.8781, 32.8213], [-103.87985, 32.82181], [-103.88233, 32.82256], [-103.88392, 32.82302], [-103.88465, 32.82324], [-103.88525, 32.82338], [-103.88605, 32.82361], [-103.88631, 32.82369], [-103.88649, 32.82375], [-103.88668, 32.82381], [-103.8869, 32.82389], [-103.88698, 32.82391], [-103.88707, 32.82393]]}, "properties": {"operator": "Public Service Co of NM", "pipe_type": "Intrastate"}}, {"type": "Feature", "geometry": {"type": "LineString", "coordinates": [[-103.88707, 32.82393], [-103.88726, 32.82399], [-103.88753, 32.82405], [-103.8879, 32.82415], [-103.88827, 32.82427], [-103.88857, 32.82436], [-103.89131, 32.8252], [-103.89213, 32.82543], [-103.89308, 32.82572], [-103.89387, 32.82595], [-103.89442, 32.82611], [-103.89486, 32.82623], [-103.89533, 32.82639], [-103.89595, 32.82657], [-103.89622, 32.82665], [-103.89637, 32.82669], [-103.89708, 32.8269], [-103.89721, 32.82693], [-103.89792, 32.82714], [-103.89822, 32.82724], [-103.89866, 32.82736], [-103.89913, 32.8275], [-103.89938, 32.82757], [-103.89981, 32.8277], [-103.90019, 32.82782], [-103.90057, 32.82794], [-103.90102, 32.8281], [-103.90148, 32.82823], [-103.90194, 32.82839], [-103.90224, 32.82848], [-103.90262, 32.82861], [-103.90292, 32.82873], [-103.90341, 32.82889], [-103.9037, 32.829]]}, "properties": {"operator": "Public Service Co of NM", "pipe_type": "Intrastate"}}, {"type": "Feature", "geometry": {"type": "LineString", "coordinates": [[-103.67869, 32.73839], [-103.67882, 32.73846], [-103.67901, 32.73855], [-103.6792, 32.73864], [-103.6794, 32.73872], [-103.67975, 32.73887], [-103.68016, 32.73907], [-103.68072, 32.73932], [-103.68087, 32.73939], [-103.68128, 32.73957], [-103.68141, 32.73963], [-103.68165, 32.73975], [-103.6819, 32.73987], [-103.68203, 32.73993], [-103.68245, 32.74012], [-103.68271, 32.74024], [-103.68332, 32.74053], [-103.68368, 32.74069], [-103.68385, 32.74077], [-103.68416, 32.7409], [-103.68447, 32.74105], [-103.68459, 32.74111], [-103.68484, 32.74122], [-103.68496, 32.74128], [-103.68508, 32.74133], [-103.68532, 32.74144], [-103.68556, 32.74154], [-103.68578, 32.74164], [-103.68603, 32.74175], [-103.69399, 32.74542], [-103.70364, 32.74994], [-103.70959, 32.75277], [-103.71067, 32.75322], [-103.71348, 32.75453], [-103.72705, 32.7609], [-103.72775, 32.7612], [-103.72879, 32.76167], [-103.72895, 32.76176], [-103.72996, 32.76223], [-103.73113, 32.76277], [-103.73255, 32.76343], [-103.73296, 32.76364]]}, "properties": {"operator": "Public Service Co of NM", "pipe_type": "Intrastate"}}, {"type": "Feature", "geometry": {"type": "LineString", "coordinates": [[-103.76687, 32.7519], [-103.76679, 32.75192], [-103.76672, 32.75194], [-103.7658, 32.75229], [-103.76578, 32.7523], [-103.765, 32.75258], [-103.76473, 32.75266], [-103.7644, 32.75275], [-103.76416, 32.75283], [-103.76406, 32.75286], [-103.76379, 32.75296], [-103.76351, 32.75305], [-103.76305, 32.75322], [-103.7626, 32.75339], [-103.76229, 32.75348], [-103.76199, 32.75358], [-103.76143, 32.75377], [-103.7609, 32.75397], [-103.76063, 32.75406], [-103.76036, 32.75415], [-103.75987, 32.75432], [-103.75948, 32.75446], [-103.75892, 32.75465], [-103.75838, 32.75484], [-103.75781, 32.75503], [-103.75726, 32.75522], [-103.75672, 32.75541], [-103.75645, 32.7555], [-103.75562, 32.75579], [-103.75502, 32.75599], [-103.7544, 32.7562], [-103.75409, 32.75631], [-103.75322, 32.75662], [-103.75264, 32.75682], [-103.75206, 32.75701], [-103.7515, 32.75721], [-103.75098, 32.75739], [-103.75075, 32.75747], [-103.75019, 32.75766], [-103.74949, 32.75789], [-103.74932, 32.75795], [-103.74905, 32.75806], [-103.74878, 32.75814], [-103.74832, 32.7583], [-103.74773, 32.7585], [-103.74753, 32.75857], [-103.74706, 32.75873], [-103.74682, 32.75882], [-103.74635, 32.75898], [-103.74613, 32.75905], [-103.7457, 32.7592], [-103.74527, 32.75936], [-103.7451, 32.75941], [-103.74493, 32.75946], [-103.74468, 32.75954], [-103.744, 32.75979], [-103.74345, 32.75999], [-103.74275, 32.7602], [-103.74069, 32.76092], [-103.73863, 32.76163], [-103.73838, 32.76172], [-103.73296, 32.76364]]}, "properties": {"operator": "Public Service Co of NM", "pipe_type": "Intrastate"}}, {"type": "Feature", "geometry": {"type": "LineString", "coordinates": [[-103.76687, 32.75199], [-103.76686, 32.75207], [-103.76686, 32.7524], [-103.76691, 32.75273], [-103.76691, 32.75276], [-103.76689, 32.75284], [-103.76691, 32.75295], [-103.76695, 32.75351], [-103.76696, 32.75403], [-103.76696, 32.75454], [-103.76698, 32.75477], [-103.76699, 32.75516], [-103.76699, 32.75541], [-103.76698, 32.75557], [-103.767, 32.75618], [-103.76703, 32.75692], [-103.76706, 32.75794], [-103.76708, 32.75847], [-103.7671, 32.75865], [-103.76709, 32.75892], [-103.76711, 32.75928], [-103.76714, 32.75991], [-103.76716, 32.76067], [-103.76718, 32.76089], [-103.76717, 32.76101], [-103.76715, 32.76115], [-103.76717, 32.76196], [-103.76723, 32.76313], [-103.76724, 32.76373], [-103.76728, 32.76519], [-103.76729, 32.7653], [-103.7673, 32.76547], [-103.76732, 32.76601], [-103.76732, 32.76612], [-103.7673, 32.7664], [-103.76733, 32.76695], [-103.76736, 32.76757], [-103.76737, 32.76827], [-103.76736, 32.76867], [-103.76737, 32.76894], [-103.76738, 32.76912], [-103.76739, 32.76948], [-103.76738, 32.7698], [-103.76742, 32.76993], [-103.76739, 32.77006], [-103.76742, 32.7702], [-103.76743, 32.77044], [-103.76744, 32.77061], [-103.76742, 32.77075], [-103.76745, 32.7709], [-103.76745, 32.77105], [-103.76746, 32.77135], [-103.76747, 32.77145], [-103.76747, 32.77164], [-103.76749, 32.77212], [-103.76753, 32.77325], [-103.76755, 32.77341], [-103.76755, 32.77351], [-103.76754, 32.77401], [-103.76753, 32.77409], [-103.76755, 32.77453], [-103.76758, 32.77529], [-103.76758, 32.77576], [-103.76759, 32.77638], [-103.76764, 32.77702], [-103.76765, 32.77764], [-103.76766, 32.77807], [-103.76768, 32.77841], [-103.76771, 32.77862], [-103.76774, 32.77874], [-103.76783, 32.77893], [-103.76795, 32.77901], [-103.76794, 32.77941], [-103.76793, 32.77996]]}, "properties": {"operator": "Public Service Co of NM", "pipe_type": "Intrastate"}}, {"type": "Feature", "geometry": {"type": "LineString", "coordinates": [[-103.76687, 32.75199], [-103.76686, 32.75194], [-103.76686, 32.7519]]}, "properties": {"operator": "Public Service Co of NM", "pipe_type": "Intrastate"}}, {"type": "Feature", "geometry": {"type": "LineString", "coordinates": [[-103.66517, 32.73215], [-103.66505, 32.73209]]}, "properties": {"operator": "Public Service Co of NM", "pipe_type": "Intrastate"}}, {"type": "Feature", "geometry": {"type": "LineString", "coordinates": [[-103.6787, 32.73837], [-103.67869, 32.73839]]}, "properties": {"operator": "Public Service Co of NM", "pipe_type": "Intrastate"}}, {"type": "Feature", "geometry": {"type": "LineString", "coordinates": [[-103.67869, 32.73839], [-103.66517, 32.73215]]}, "properties": {"operator": "Public Service Co of NM", "pipe_type": "Intrastate"}}, {"type": "Feature", "geometry": {"type": "LineString", "coordinates": [[-103.7605, 32.77647], [-103.76059, 32.77652], [-103.76102, 32.77671], [-103.76152, 32.77695], [-103.76186, 32.77711], [-103.76223, 32.77729], [-103.76262, 32.77746], [-103.76326, 32.77776], [-103.76376, 32.778], [-103.76422, 32.7782], [-103.76435, 32.77827], [-103.76461, 32.77839], [-103.76496, 32.77855], [-103.76537, 32.77874], [-103.76558, 32.77884], [-103.76567, 32.77889], [-103.76571, 32.7789], [-103.76602, 32.77906], [-103.76632, 32.77922], [-103.76647, 32.77926], [-103.76666, 32.77934], [-103.76677, 32.77939], [-103.76683, 32.77943], [-103.76793, 32.77996]]}, "properties": {"operator": "Public Service Co of NM", "pipe_type": "Intrastate"}}, {"type": "Feature", "geometry": {"type": "LineString", "coordinates": [[-103.77055, 32.78117], [-103.77087, 32.78131], [-103.7711, 32.78142], [-103.77135, 32.78154], [-103.77142, 32.78157], [-103.77155, 32.78163], [-103.77186, 32.78178], [-103.77195, 32.78182], [-103.77239, 32.78203], [-103.77258, 32.78212], [-103.77267, 32.78216], [-103.77289, 32.78226], [-103.7732, 32.7824], [-103.77348, 32.78253], [-103.77374, 32.78265], [-103.77383, 32.7827], [-103.77404, 32.7828], [-103.77448, 32.78299], [-103.77495, 32.78321], [-103.77504, 32.78326], [-103.77519, 32.78335], [-103.77527, 32.78338], [-103.77544, 32.78344], [-103.77574, 32.78358], [-103.77586, 32.78363], [-103.77611, 32.78374], [-103.77621, 32.78379], [-103.7764, 32.78388], [-103.77647, 32.78392], [-103.778, 32.78462], [-103.77953, 32.78532], [-103.78017, 32.78564]]}, "properties": {"operator": "Public Service Co of NM", "pipe_type": "Intrastate"}}, {"type": "Feature", "geometry": {"type": "LineString", "coordinates": [[-103.78017, 32.78564], [-103.78017, 32.78565]]}, "properties": {"operator": "Public Service Co of NM", "pipe_type": "Intrastate"}}, {"type": "Feature", "geometry": {"type": "LineString", "coordinates": [[-103.76793, 32.77996], [-103.76808, 32.78001], [-103.76874, 32.78031], [-103.76967, 32.78075], [-103.77019, 32.78099], [-103.77039, 32.78108], [-103.77055, 32.78117]]}, "properties": {"operator": "Public Service Co of NM", "pipe_type": "Intrastate"}}, {"type": "Feature", "geometry": {"type": "LineString", "coordinates": [[-103.7605, 32.77647], [-103.76049, 32.77648], [-103.76047, 32.77655]]}, "properties": {"operator": "Public Service Co of NM", "pipe_type": "Intrastate"}}, {"type": "Feature", "geometry": {"type": "LineString", "coordinates": [[-103.73296, 32.76364], [-103.7331, 32.76369], [-103.73363, 32.76395], [-103.73467, 32.76441], [-103.73523, 32.76468], [-103.73569, 32.76489], [-103.73736, 32.76568], [-103.73783, 32.7659], [-103.73815, 32.76605], [-103.7394, 32.76664], [-103.74009, 32.76693], [-103.74041, 32.76713], [-103.74119, 32.76746], [-103.74153, 32.76764], [-103.7417, 32.7677], [-103.74192, 32.76782], [-103.7422, 32.76795], [-103.74246, 32.76807], [-103.74271, 32.76816], [-103.74294, 32.76828], [-103.74317, 32.7684], [-103.74339, 32.76851], [-103.74377, 32.76867], [-103.74395, 32.76875], [-103.74427, 32.7689], [-103.74439, 32.76896], [-103.74457, 32.76904], [-103.74477, 32.76915], [-103.74524, 32.76936], [-103.74533, 32.7694], [-103.74573, 32.76958], [-103.74602, 32.76974], [-103.74655, 32.76997], [-103.74704, 32.7702], [-103.74746, 32.7704], [-103.74802, 32.77065], [-103.7491, 32.77117], [-103.74958, 32.77139], [-103.7498, 32.7715], [-103.75002, 32.77161], [-103.75023, 32.77169], [-103.75094, 32.77202], [-103.75106, 32.77208], [-103.75131, 32.77218], [-103.75154, 32.77229], [-103.75176, 32.7724], [-103.75183, 32.77244], [-103.75212, 32.77257], [-103.75231, 32.77266], [-103.75263, 32.77281], [-103.75292, 32.77294], [-103.7531, 32.77304], [-103.75332, 32.77314], [-103.75367, 32.7733], [-103.75389, 32.7734], [-103.75409, 32.7735], [-103.75453, 32.7737], [-103.75475, 32.7738], [-103.75503, 32.77394], [-103.75525, 32.77403], [-103.75543, 32.77411], [-103.75576, 32.77427], [-103.7567, 32.77471], [-103.7573, 32.775], [-103.75752, 32.7751], [-103.75777, 32.77521], [-103.75797, 32.77531], [-103.75828, 32.77545], [-103.75874, 32.77567], [-103.75917, 32.77587], [-103.75982, 32.77617], [-103.7605, 32.77647]]}, "properties": {"operator": "Public Service Co of NM", "pipe_type": "Intrastate"}}, {"type": "Feature", "geometry": {"type": "LineString", "coordinates": [[-103.33697, 32.66868], [-103.33694, 32.66862], [-103.33692, 32.66856], [-103.33692, 32.66852], [-103.33689, 32.66847], [-103.33686, 32.66838], [-103.33682, 32.66829], [-103.33674, 32.66808], [-103.33669, 32.66792], [-103.33651, 32.66742], [-103.33641, 32.66715], [-103.3364, 32.66713], [-103.33623, 32.66667], [-103.33619, 32.66658], [-103.33617, 32.6665], [-103.33597, 32.66597], [-103.33588, 32.66574], [-103.33584, 32.66563], [-103.33577, 32.66549], [-103.33574, 32.66539], [-103.33568, 32.66519], [-103.33564, 32.66508], [-103.3356, 32.66501], [-103.33559, 32.66494], [-103.33556, 32.66487], [-103.33551, 32.66475], [-103.33541, 32.66448], [-103.33539, 32.66443], [-103.33527, 32.6641], [-103.33524, 32.66403], [-103.33521, 32.66395], [-103.3352, 32.66391], [-103.33515, 32.66382], [-103.33514, 32.66377], [-103.33512, 32.66375], [-103.33506, 32.6636], [-103.33503, 32.6635], [-103.33502, 32.66345], [-103.33498, 32.66335], [-103.33497, 32.6633], [-103.3349, 32.66316], [-103.3349, 32.66311], [-103.33485, 32.663], [-103.33484, 32.66299], [-103.3348, 32.66287], [-103.33476, 32.66276], [-103.33475, 32.66273], [-103.33469, 32.66258], [-103.33466, 32.66251], [-103.33465, 32.66248], [-103.33462, 32.66241], [-103.3346, 32.66234], [-103.33457, 32.66224], [-103.33455, 32.66219], [-103.33447, 32.66203], [-103.33447, 32.662], [-103.33445, 32.66193], [-103.33442, 32.66188], [-103.3344, 32.66181], [-103.33435, 32.66168], [-103.33427, 32.66149], [-103.33427, 32.66146], [-103.33422, 32.66137], [-103.33422, 32.66134], [-103.33421, 32.66132], [-103.33419, 32.66124], [-103.33417, 32.66119], [-103.33415, 32.66117], [-103.33407, 32.66091], [-103.33404, 32.66086], [-103.33402, 32.66079], [-103.33398, 32.66069], [-103.33392, 32.66052], [-103.33383, 32.6603], [-103.33379, 32.66017], [-103.3337, 32.65995], [-103.33361, 32.65971], [-103.33343, 32.65922], [-103.33327, 32.65878], [-103.33321, 32.65862], [-103.33302, 32.65816], [-103.33282, 32.6576], [-103.33262, 32.65706], [-103.33241, 32.65647], [-103.33218, 32.65588], [-103.33197, 32.65533], [-103.3318, 32.65485], [-103.33173, 32.65474], [-103.33173, 32.65467], [-103.33157, 32.65425], [-103.33148, 32.654], [-103.33136, 32.65361], [-103.33116, 32.65314], [-103.33103, 32.65281], [-103.33091, 32.65247], [-103.3308, 32.65216], [-103.33072, 32.65195], [-103.33066, 32.65177], [-103.33054, 32.65152], [-103.3305, 32.65139], [-103.33035, 32.65101], [-103.33032, 32.65096], [-103.33026, 32.65077], [-103.33018, 32.65053], [-103.33015, 32.65045], [-103.3301, 32.65034], [-103.32996, 32.64996], [-103.3298, 32.64955], [-103.32969, 32.64925], [-103.32962, 32.64904], [-103.32957, 32.6489], [-103.32949, 32.64869], [-103.32938, 32.64839], [-103.32936, 32.64829], [-103.32931, 32.64819], [-103.32921, 32.64794], [-103.32911, 32.6477], [-103.32904, 32.64749], [-103.32885, 32.647], [-103.32877, 32.64678], [-103.32873, 32.64667], [-103.32867, 32.64655], [-103.32862, 32.64637], [-103.32839, 32.64576], [-103.32832, 32.64558], [-103.32828, 32.64546], [-103.328, 32.64472], [-103.32797, 32.64463], [-103.32785, 32.64433], [-103.32773, 32.64401], [-103.32763, 32.64374], [-103.32753, 32.64345], [-103.3274, 32.64315], [-103.32734, 32.64301], [-103.3273, 32.64288], [-103.32723, 32.64267], [-103.32717, 32.64246], [-103.32705, 32.64215], [-103.32699, 32.64203], [-103.32693, 32.64186], [-103.32673, 32.64137], [-103.32668, 32.64124], [-103.32662, 32.64105], [-103.32651, 32.64077], [-103.32638, 32.64046], [-103.32632, 32.64028], [-103.32617, 32.63995], [-103.32606, 32.63966], [-103.32593, 32.6393], [-103.32587, 32.63913], [-103.32564, 32.63853], [-103.3254, 32.63791], [-103.32532, 32.63768], [-103.32497, 32.63678], [-103.32451, 32.63557], [-103.32446, 32.6355], [-103.32432, 32.63508], [-103.32421, 32.63475], [-103.32379, 32.63372], [-103.32359, 32.63318], [-103.32333, 32.63249], [-103.3231, 32.63191], [-103.32272, 32.63096], [-103.32267, 32.63077], [-103.3224, 32.63006], [-103.32214, 32.62938], [-103.32194, 32.62891], [-103.32175, 32.62841], [-103.32154, 32.62784], [-103.32128, 32.62716], [-103.32106, 32.62656], [-103.32079, 32.62587], [-103.32066, 32.62555], [-103.32064, 32.62547], [-103.32037, 32.62475], [-103.32032, 32.62462], [-103.32006, 32.624], [-103.32, 32.62384], [-103.3197, 32.62301], [-103.31952, 32.62255], [-103.31905, 32.62135], [-103.31902, 32.6212], [-103.31867, 32.62034], [-103.31861, 32.62026], [-103.31845, 32.61979], [-103.31838, 32.61955], [-103.31812, 32.61875], [-103.31602, 32.61342]]}, "properties": {"operator": "Public Service Co of NM", "pipe_type": "Intrastate"}}, {"type": "Feature", "geometry": {"type": "LineString", "coordinates": [[-103.25703, 32.43932], [-103.25701, 32.43972], [-103.25699, 32.43979], [-103.25699, 32.43983], [-103.25698, 32.43999], [-103.25693, 32.44076], [-103.25691, 32.44104], [-103.2569, 32.44164], [-103.25688, 32.44225], [-103.25676, 32.44415], [-103.25677, 32.44432], [-103.25676, 32.44439], [-103.25676, 32.44467], [-103.25677, 32.4448], [-103.25677, 32.44491], [-103.25665, 32.44561], [-103.25666, 32.44593], [-103.25665, 32.44629], [-103.25665, 32.44641], [-103.25664, 32.44652], [-103.2566, 32.44754], [-103.25657, 32.44772], [-103.25655, 32.44814], [-103.25654, 32.44823], [-103.2565, 32.44871], [-103.25644, 32.44979], [-103.2564, 32.4505], [-103.25639, 32.4511], [-103.25636, 32.45161], [-103.25631, 32.45269], [-103.25627, 32.45283], [-103.25625, 32.45301], [-103.25625, 32.45313], [-103.25625, 32.45335], [-103.25625, 32.45339], [-103.25623, 32.45385], [-103.25619, 32.45413], [-103.25619, 32.45418], [-103.25617, 32.4549], [-103.25617, 32.45495], [-103.25613, 32.45543], [-103.25611, 32.45576], [-103.25611, 32.45586], [-103.25607, 32.45634], [-103.25607, 32.45656], [-103.25605, 32.45671], [-103.25595, 32.45887], [-103.25593, 32.45902], [-103.25593, 32.45924], [-103.25593, 32.45935], [-103.25586, 32.46045], [-103.25582, 32.4613], [-103.25581, 32.46153], [-103.25575, 32.46195], [-103.2557, 32.46237], [-103.25567, 32.46256], [-103.25564, 32.46265], [-103.25541, 32.46314], [-103.2554, 32.46322], [-103.25534, 32.46339], [-103.25524, 32.46361], [-103.25505, 32.46411], [-103.25496, 32.46425], [-103.25475, 32.46471], [-103.25469, 32.4648], [-103.25458, 32.46507], [-103.2542, 32.46582], [-103.25419, 32.46591], [-103.25408, 32.46611], [-103.25407, 32.46614], [-103.25399, 32.46639], [-103.25396, 32.46646], [-103.25387, 32.46667], [-103.25371, 32.46703], [-103.25355, 32.46738], [-103.2535, 32.46751], [-103.25339, 32.46773], [-103.25334, 32.4678], [-103.25319, 32.46822], [-103.25314, 32.46832]]}, "properties": {"operator": "Public Service Co of NM", "pipe_type": "Intrastate"}}, {"type": "Feature", "geometry": {"type": "LineString", "coordinates": [[-103.21237, 32.31264], [-103.21248, 32.31296], [-103.21257, 32.31315], [-103.21266, 32.31337], [-103.21274, 32.31357], [-103.21277, 32.31369], [-103.21281, 32.31377], [-103.21299, 32.31429], [-103.21303, 32.31442], [-103.21312, 32.31463], [-103.21327, 32.31506], [-103.21337, 32.31538], [-103.21353, 32.3158], [-103.21362, 32.31604], [-103.21376, 32.3164], [-103.21384, 32.31663], [-103.21399, 32.31695], [-103.21407, 32.31716], [-103.2142, 32.31759], [-103.21435, 32.31798], [-103.21442, 32.31815], [-103.21446, 32.31828], [-103.21449, 32.31846], [-103.21466, 32.31887], [-103.2149, 32.31949], [-103.21499, 32.31975], [-103.21507, 32.32001], [-103.21508, 32.32004], [-103.21513, 32.3202], [-103.21523, 32.3204], [-103.21532, 32.32068], [-103.21543, 32.32101], [-103.21554, 32.32132], [-103.21568, 32.32166], [-103.2158, 32.322], [-103.21593, 32.32237], [-103.21608, 32.32276], [-103.2162, 32.32307], [-103.21642, 32.32367], [-103.21655, 32.32408], [-103.21665, 32.32434], [-103.21673, 32.32454], [-103.21677, 32.32471], [-103.21684, 32.32486], [-103.21689, 32.325], [-103.21697, 32.32524], [-103.21707, 32.3255], [-103.21716, 32.32571], [-103.21722, 32.32585], [-103.2173, 32.3261], [-103.2174, 32.32636], [-103.21743, 32.32648], [-103.21748, 32.32659], [-103.21754, 32.3268], [-103.21766, 32.3271], [-103.21772, 32.32728], [-103.21785, 32.32757], [-103.21793, 32.32777], [-103.21795, 32.32787], [-103.21805, 32.32812], [-103.21807, 32.3282], [-103.21817, 32.32849], [-103.21819, 32.32854], [-103.21841, 32.32912], [-103.21849, 32.32935], [-103.21859, 32.32962], [-103.21861, 32.3297], [-103.21865, 32.32976], [-103.2188, 32.33019], [-103.21886, 32.33037], [-103.21896, 32.33061], [-103.2191, 32.33101], [-103.21922, 32.33139], [-103.21938, 32.33176], [-103.21942, 32.33188], [-103.21955, 32.33223], [-103.21961, 32.33238], [-103.21964, 32.33246], [-103.21977, 32.33286], [-103.21982, 32.33301], [-103.2199, 32.3332], [-103.21998, 32.33341], [-103.22013, 32.33383], [-103.22039, 32.33454], [-103.22077, 32.33557], [-103.22095, 32.33607], [-103.22102, 32.33623], [-103.22113, 32.33657], [-103.22119, 32.33671], [-103.22129, 32.337], [-103.2214, 32.33727], [-103.22149, 32.33743], [-103.22159, 32.33756], [-103.22165, 32.33769], [-103.22188, 32.33812], [-103.22195, 32.33822], [-103.22202, 32.33837], [-103.22226, 32.33883], [-103.2226, 32.33942], [-103.22266, 32.33953], [-103.22273, 32.33966], [-103.22278, 32.33984], [-103.22295, 32.34025], [-103.22302, 32.34045], [-103.22307, 32.34064], [-103.22314, 32.34076], [-103.22347, 32.34178], [-103.22353, 32.34195], [-103.22389, 32.3429], [-103.22406, 32.3433], [-103.22409, 32.3434], [-103.22416, 32.34351], [-103.22434, 32.34382], [-103.22438, 32.34388], [-103.22444, 32.34399], [-103.22461, 32.34427], [-103.2247, 32.34439], [-103.2249, 32.34473], [-103.22521, 32.34522], [-103.22538, 32.34552], [-103.22549, 32.34568], [-103.22564, 32.34589], [-103.22568, 32.34599], [-103.22574, 32.34608], [-103.2258, 32.34616], [-103.22584, 32.34623], [-103.226, 32.34662], [-103.2262, 32.3471], [-103.22641, 32.34758], [-103.22653, 32.34786], [-103.22665, 32.34816], [-103.22672, 32.34829], [-103.22676, 32.34841], [-103.22686, 32.34865], [-103.22702, 32.34903], [-103.22715, 32.34933], [-103.22726, 32.34956], [-103.22744, 32.35], [-103.22753, 32.35025], [-103.22775, 32.35076], [-103.22792, 32.35116], [-103.22805, 32.35148], [-103.22813, 32.35166], [-103.22816, 32.3517], [-103.22831, 32.35207], [-103.22838, 32.35227], [-103.22852, 32.35259], [-103.22861, 32.35276], [-103.22872, 32.35309], [-103.22883, 32.35335], [-103.22904, 32.35382], [-103.22906, 32.35385], [-103.22932, 32.35449], [-103.22943, 32.35476], [-103.22947, 32.35483], [-103.22963, 32.35521], [-103.23053, 32.35734], [-103.23137, 32.35937], [-103.23222, 32.36141], [-103.2328, 32.36277], [-103.23324, 32.36383], [-103.23364, 32.36474], [-103.2337, 32.36489], [-103.23372, 32.36493], [-103.23378, 32.36499], [-103.23383, 32.36516], [-103.23394, 32.3654], [-103.23414, 32.36594], [-103.2342, 32.36607], [-103.23427, 32.36626], [-103.23455, 32.36692], [-103.23464, 32.36711], [-103.23476, 32.36739], [-103.23504, 32.36805], [-103.23565, 32.3695], [-103.23637, 32.3712], [-103.23711, 32.37295], [-103.23871, 32.37672], [-103.24118, 32.38261], [-103.24263, 32.38604], [-103.24302, 32.38698], [-103.24333, 32.38775], [-103.24363, 32.38843], [-103.24366, 32.38852], [-103.24385, 32.38896], [-103.24392, 32.38912], [-103.24399, 32.38932], [-103.24402, 32.3894], [-103.24409, 32.38953], [-103.2441, 32.38954], [-103.24412, 32.38957], [-103.24414, 32.38963], [-103.24418, 32.38973]]}, "properties": {"operator": "Public Service Co of NM", "pipe_type": "Intrastate"}}, {"type": "Feature", "geometry": {"type": "LineString", "coordinates": [[-103.20675, 32.2972], [-103.20686, 32.2975], [-103.20697, 32.29781], [-103.20709, 32.29813], [-103.20726, 32.29857], [-103.20734, 32.2988], [-103.20738, 32.29888], [-103.20742, 32.29898], [-103.20752, 32.29926], [-103.20762, 32.29955], [-103.20771, 32.2998], [-103.2078, 32.30002], [-103.20792, 32.30035], [-103.20803, 32.30064], [-103.20812, 32.30087], [-103.2082, 32.30112], [-103.2083, 32.30138], [-103.20841, 32.30168], [-103.2085, 32.30193], [-103.20856, 32.30211], [-103.2086, 32.3022], [-103.20864, 32.30233], [-103.20866, 32.30237], [-103.2088, 32.30276], [-103.2089, 32.30302], [-103.20904, 32.3034], [-103.20913, 32.30367], [-103.2092, 32.30388], [-103.20927, 32.30407], [-103.20935, 32.30429], [-103.20947, 32.30466], [-103.20958, 32.30495], [-103.20972, 32.3053], [-103.20987, 32.30573], [-103.2101, 32.30635], [-103.21038, 32.30711], [-103.21053, 32.30754], [-103.21067, 32.3079], [-103.21071, 32.30804], [-103.21075, 32.30813], [-103.21079, 32.30822], [-103.21084, 32.30839], [-103.21089, 32.30854], [-103.21099, 32.30878], [-103.21105, 32.30896], [-103.21113, 32.30922], [-103.21115, 32.30928], [-103.21116, 32.30931]]}, "properties": {"operator": "Public Service Co of NM", "pipe_type": "Intrastate"}}, {"type": "Feature", "geometry": {"type": "LineString", "coordinates": [[-103.20612, 32.29543], [-103.20618, 32.29565], [-103.20634, 32.2961], [-103.20649, 32.29649], [-103.20661, 32.29677], [-103.20663, 32.29687], [-103.20675, 32.2972]]}, "properties": {"operator": "Public Service Co of NM", "pipe_type": "Intrastate"}}, {"type": "Feature", "geometry": {"type": "LineString", "coordinates": [[-103.21116, 32.30931], [-103.21129, 32.30967], [-103.21132, 32.3097], [-103.21136, 32.30981], [-103.21139, 32.3099], [-103.21147, 32.31012], [-103.21152, 32.31024], [-103.21161, 32.31051], [-103.21166, 32.31062], [-103.2117, 32.31076], [-103.21191, 32.31134], [-103.21237, 32.31264]]}, "properties": {"operator": "Public Service Co of NM", "pipe_type": "Intrastate"}}, {"type": "Feature", "geometry": {"type": "LineString", "coordinates": [[-103.20271, 32.41266], [-103.20253, 32.41281], [-103.20238, 32.41296], [-103.20226, 32.41306], [-103.20219, 32.4131], [-103.20192, 32.41335], [-103.20178, 32.41345], [-103.2016, 32.41358], [-103.20112, 32.41387], [-103.20099, 32.41396], [-103.2009, 32.41401], [-103.20086, 32.41403], [-103.20048, 32.41423], [-103.20038, 32.41429], [-103.19991, 32.41455], [-103.19936, 32.41485], [-103.19909, 32.41503], [-103.19772, 32.41575], [-103.19768, 32.41579], [-103.19709, 32.41612], [-103.19693, 32.41622], [-103.19647, 32.41648], [-103.19631, 32.41658], [-103.19576, 32.41686], [-103.19567, 32.41693], [-103.19559, 32.41698], [-103.1954, 32.41709], [-103.1953, 32.41714], [-103.19521, 32.41719], [-103.19511, 32.41725], [-103.19502, 32.41729], [-103.19481, 32.41741], [-103.19455, 32.41756], [-103.19425, 32.41774], [-103.19401, 32.41787], [-103.1935, 32.41815], [-103.193, 32.41843], [-103.19285, 32.41851], [-103.19269, 32.41861], [-103.19251, 32.41871], [-103.19229, 32.41883], [-103.19185, 32.41908], [-103.19166, 32.4192], [-103.1915, 32.41928], [-103.18998, 32.42013], [-103.18974, 32.42025], [-103.18946, 32.42041], [-103.18938, 32.42045], [-103.18921, 32.42054], [-103.18908, 32.42061], [-103.1869, 32.4218], [-103.18684, 32.42186], [-103.18672, 32.42191], [-103.18666, 32.42195], [-103.18625, 32.42217], [-103.18607, 32.42229], [-103.18595, 32.42235], [-103.18555, 32.4226], [-103.18523, 32.42276], [-103.18519, 32.42279], [-103.18508, 32.42284], [-103.18412, 32.42337], [-103.18387, 32.42352], [-103.18364, 32.42365], [-103.18353, 32.42372], [-103.18304, 32.42398], [-103.18234, 32.42437], [-103.18226, 32.42443], [-103.18213, 32.42449], [-103.18203, 32.42455], [-103.18177, 32.42467], [-103.18063, 32.42529], [-103.18041, 32.42532], [-103.18012, 32.42546], [-103.17997, 32.42554], [-103.17972, 32.42564], [-103.17886, 32.42625], [-103.17876, 32.42628], [-103.1759, 32.42793], [-103.1759, 32.42792], [-103.17588, 32.42792], [-103.17566, 32.42809], [-103.17551, 32.42818], [-103.17508, 32.42839], [-103.17451, 32.42871], [-103.17432, 32.42883], [-103.1742, 32.42888], [-103.17379, 32.42911], [-103.17367, 32.42918], [-103.17332, 32.42937], [-103.17291, 32.42962], [-103.17275, 32.42969], [-103.17267, 32.42973], [-103.17249, 32.42982], [-103.17225, 32.43], [-103.17217, 32.43002], [-103.17192, 32.43016]]}, "properties": {"operator": "Public Service Co of NM", "pipe_type": "Intrastate"}}, {"type": "Feature", "geometry": {"type": "LineString", "coordinates": [[-103.24778, 32.40153], [-103.24787, 32.40183], [-103.2483, 32.40308], [-103.24947, 32.40636], [-103.25002, 32.40793], [-103.25067, 32.40975], [-103.25201, 32.41348], [-103.25211, 32.41373], [-103.25217, 32.41399], [-103.25229, 32.41432], [-103.25252, 32.41491], [-103.25263, 32.41527], [-103.25275, 32.41553], [-103.25313, 32.41667], [-103.25325, 32.41713], [-103.25335, 32.41728]]}, "properties": {"operator": "Public Service Co of NM", "pipe_type": "Intrastate"}}, {"type": "Feature", "geometry": {"type": "LineString", "coordinates": [[-103.21102, 32.40576], [-103.21092, 32.40582], [-103.21024, 32.40617], [-103.21009, 32.40627], [-103.21, 32.40631], [-103.20996, 32.40633], [-103.20957, 32.40656], [-103.20922, 32.40683], [-103.20882, 32.40713], [-103.20863, 32.40729], [-103.20837, 32.40754], [-103.20833, 32.4076], [-103.20812, 32.40776], [-103.20795, 32.40792], [-103.20791, 32.40797], [-103.20776, 32.40811], [-103.20758, 32.40831], [-103.20688, 32.4089], [-103.20674, 32.40904], [-103.20614, 32.40959], [-103.20576, 32.40992], [-103.20535, 32.41029], [-103.20498, 32.41061], [-103.20462, 32.41096], [-103.20437, 32.41118], [-103.20414, 32.41138], [-103.20397, 32.41154], [-103.20389, 32.41159], [-103.20332, 32.41209], [-103.20281, 32.41254], [-103.20272, 32.41265], [-103.20271, 32.41266]]}, "properties": {"operator": "Public Service Co of NM", "pipe_type": "Intrastate"}}, {"type": "Feature", "geometry": {"type": "LineString", "coordinates": [[-103.24418, 32.38973], [-103.24376, 32.38987], [-103.2435, 32.38999], [-103.24335, 32.39008], [-103.24267, 32.39038], [-103.24223, 32.39058], [-103.24151, 32.39097], [-103.24126, 32.39108], [-103.2403, 32.3916], [-103.24023, 32.39164], [-103.23955, 32.39204], [-103.23925, 32.3922], [-103.2392, 32.39223], [-103.23908, 32.3923], [-103.23896, 32.39239], [-103.23858, 32.39259], [-103.23813, 32.39282], [-103.23797, 32.39292], [-103.23772, 32.39305], [-103.23716, 32.39337], [-103.23689, 32.39351], [-103.23681, 32.39355], [-103.23663, 32.39363], [-103.23655, 32.3937], [-103.23638, 32.39379], [-103.23624, 32.39388], [-103.23599, 32.39402], [-103.23584, 32.3941], [-103.23572, 32.39416], [-103.23532, 32.39439], [-103.23528, 32.39441], [-103.23501, 32.39456], [-103.2345, 32.39484], [-103.23389, 32.39517], [-103.23344, 32.39542], [-103.2332, 32.39556], [-103.23282, 32.39576], [-103.23244, 32.39597], [-103.23183, 32.39628], [-103.23156, 32.39642], [-103.2313, 32.39657], [-103.23106, 32.39671], [-103.2309, 32.3968], [-103.2306, 32.39697], [-103.23053, 32.397], [-103.23021, 32.39719], [-103.22994, 32.39733], [-103.22984, 32.39739], [-103.22961, 32.39752], [-103.22953, 32.39758], [-103.2294, 32.39762], [-103.22924, 32.3977], [-103.22909, 32.39778], [-103.22896, 32.39784], [-103.22889, 32.39788], [-103.22876, 32.39795], [-103.22855, 32.39807], [-103.22825, 32.39822], [-103.22813, 32.39829], [-103.22794, 32.39837], [-103.2277, 32.3985], [-103.22746, 32.39861], [-103.22734, 32.39868], [-103.22706, 32.39883], [-103.22648, 32.39918], [-103.22638, 32.39922], [-103.22624, 32.3993], [-103.22495, 32.39983], [-103.22402, 32.40024], [-103.22337, 32.40049], [-103.22264, 32.40079], [-103.22178, 32.40116], [-103.22108, 32.40146], [-103.22081, 32.40155], [-103.22036, 32.40175], [-103.21966, 32.40206], [-103.21906, 32.40229], [-103.21861, 32.40247], [-103.218, 32.40277], [-103.21759, 32.40294], [-103.21738, 32.40304], [-103.21716, 32.40312], [-103.21707, 32.40317], [-103.21677, 32.4033], [-103.21649, 32.40341], [-103.2161, 32.40358], [-103.21596, 32.40362], [-103.21505, 32.404], [-103.21496, 32.40404], [-103.21478, 32.40411], [-103.21464, 32.40418], [-103.21452, 32.40424], [-103.21443, 32.40429], [-103.21431, 32.40434], [-103.21424, 32.40438], [-103.21416, 32.40443], [-103.21412, 32.40448], [-103.21385, 32.40455], [-103.21375, 32.40458]]}, "properties": {"operator": "Public Service Co of NM", "pipe_type": "Intrastate"}}, {"type": "Feature", "geometry": {"type": "LineString", "coordinates": [[-103.24418, 32.38973], [-103.24421, 32.38985], [-103.2442, 32.38996], [-103.24418, 32.39009], [-103.24417, 32.3902], [-103.24418, 32.39031], [-103.24418, 32.39083], [-103.24418, 32.39129], [-103.24418, 32.39146], [-103.24423, 32.39156], [-103.24425, 32.39161], [-103.24437, 32.39193], [-103.2444, 32.39203], [-103.24443, 32.39213], [-103.24466, 32.3928], [-103.2447, 32.39291], [-103.24477, 32.39309], [-103.24497, 32.39364], [-103.24507, 32.3939], [-103.24512, 32.39406]]}, "properties": {"operator": "Public Service Co of NM", "pipe_type": "Intrastate"}}, {"type": "Feature", "geometry": {"type": "LineString", "coordinates": [[-103.24512, 32.39406], [-103.24556, 32.3953], [-103.24574, 32.39579], [-103.24582, 32.39603], [-103.2459, 32.39621], [-103.24607, 32.39667], [-103.24611, 32.39679], [-103.24618, 32.397], [-103.24651, 32.39794], [-103.24672, 32.39856], [-103.24681, 32.3988], [-103.24699, 32.39934], [-103.24739, 32.40043], [-103.24743, 32.40058], [-103.24778, 32.40153]]}, "properties": {"operator": "Public Service Co of NM", "pipe_type": "Intrastate"}}, {"type": "Feature", "geometry": {"type": "LineString", "coordinates": [[-103.21375, 32.40458], [-103.21357, 32.40462], [-103.21354, 32.40464], [-103.21327, 32.40479], [-103.21314, 32.40483], [-103.21297, 32.40493], [-103.21287, 32.40496], [-103.21268, 32.40503], [-103.21244, 32.40513], [-103.2117, 32.40544], [-103.21157, 32.4055], [-103.21118, 32.40566], [-103.21111, 32.40569], [-103.21108, 32.40572], [-103.21102, 32.40576]]}, "properties": {"operator": "Public Service Co of NM", "pipe_type": "Intrastate"}}, {"type": "Feature", "geometry": {"type": "LineString", "coordinates": [[-103.25335, 32.41728], [-103.25383, 32.41862], [-103.25473, 32.42124], [-103.25573, 32.42406], [-103.25609, 32.42508], [-103.25685, 32.42724], [-103.25749, 32.42901], [-103.2576, 32.42937], [-103.2578, 32.43], [-103.25784, 32.43015], [-103.25803, 32.43063], [-103.25795, 32.43128], [-103.25743, 32.43507], [-103.25707, 32.43834], [-103.25705, 32.43904], [-103.25703, 32.43932]]}, "properties": {"operator": "Public Service Co of NM", "pipe_type": "Intrastate"}}, {"type": "Feature", "geometry": {"type": "LineString", "coordinates": [[-103.17192, 32.43016], [-103.17189, 32.4301], [-103.17172, 32.42991], [-103.17166, 32.42982], [-103.17154, 32.42971], [-103.17147, 32.42963], [-103.17144, 32.42957], [-103.17129, 32.42942], [-103.17119, 32.42931], [-103.17116, 32.42927], [-103.17082, 32.42889], [-103.17053, 32.42857], [-103.17046, 32.42853], [-103.17034, 32.4285], [-103.17026, 32.42851], [-103.17017, 32.42851], [-103.17002, 32.42849], [-103.1694, 32.42842], [-103.16901, 32.42838], [-103.16877, 32.42837], [-103.1685, 32.42833], [-103.16839, 32.42828], [-103.16807, 32.42812], [-103.168, 32.42808], [-103.16784, 32.42799], [-103.16774, 32.42795], [-103.16748, 32.42781], [-103.16739, 32.42777], [-103.16732, 32.42775], [-103.1671, 32.42763], [-103.16708, 32.42762], [-103.16637, 32.42724], [-103.16634, 32.42719], [-103.16624, 32.42711], [-103.1657, 32.42688], [-103.16534, 32.42672], [-103.16477, 32.42641], [-103.16473, 32.42636], [-103.16413, 32.42605], [-103.16386, 32.42586], [-103.16378, 32.42579], [-103.16361, 32.42564], [-103.16351, 32.42555], [-103.16318, 32.42521], [-103.16294, 32.42498], [-103.16255, 32.4246], [-103.1625, 32.42456], [-103.16226, 32.42428], [-103.16162, 32.42361], [-103.16094, 32.4229], [-103.16075, 32.4227], [-103.16064, 32.42258], [-103.16054, 32.42247], [-103.16047, 32.42238], [-103.16023, 32.42204], [-103.1601, 32.42185], [-103.1599, 32.42158], [-103.15979, 32.42142], [-103.15968, 32.42125], [-103.15949, 32.42099], [-103.15942, 32.42089], [-103.15939, 32.42083], [-103.15939, 32.4208], [-103.15921, 32.42071], [-103.159, 32.42071], [-103.15893, 32.42068], [-103.15873, 32.4207], [-103.1586, 32.42067], [-103.15835, 32.42069], [-103.15733, 32.42068], [-103.15719, 32.42068], [-103.15678, 32.42068], [-103.15661, 32.42068], [-103.15651, 32.42067], [-103.1563, 32.42068], [-103.15545, 32.42067], [-103.15495, 32.42067], [-103.15469, 32.42068], [-103.15456, 32.42067], [-103.15441, 32.42068], [-103.15394, 32.42068], [-103.15379, 32.42068], [-103.15339, 32.42068], [-103.15312, 32.42068], [-103.15288, 32.42068], [-103.1527, 32.42067], [-103.1521, 32.42067], [-103.15184, 32.42066], [-103.15153, 32.42067], [-103.15121, 32.42067], [-103.15073, 32.42068], [-103.15038, 32.4207], [-103.15032, 32.4207], [-103.1503, 32.42073], [-103.15029, 32.42074], [-103.15028, 32.42075], [-103.1501, 32.42097], [-103.15, 32.42107], [-103.14962, 32.42148], [-103.14931, 32.42176], [-103.14894, 32.42214], [-103.14884, 32.42223], [-103.14873, 32.42238], [-103.14863, 32.42249], [-103.14853, 32.42259], [-103.14818, 32.42338], [-103.14818, 32.42347], [-103.14814, 32.42356], [-103.14812, 32.4237], [-103.14812, 32.42373], [-103.14812, 32.42377], [-103.14811, 32.42379]]}, "properties": {"operator": "Public Service Co of NM", "pipe_type": "Intrastate"}}, {"type": "Feature", "geometry": {"type": "LineString", "coordinates": [[-103.17192, 32.43016], [-103.17177, 32.43025], [-103.17164, 32.43031], [-103.17138, 32.43047], [-103.1712, 32.43058], [-103.17101, 32.43068], [-103.1708, 32.4308], [-103.17064, 32.43089], [-103.1704, 32.43101], [-103.17022, 32.43112], [-103.17008, 32.4312], [-103.16995, 32.43129], [-103.16948, 32.43154], [-103.16936, 32.43162], [-103.16913, 32.43175], [-103.16862, 32.43204], [-103.16786, 32.43248], [-103.16774, 32.43255], [-103.16763, 32.43262], [-103.16742, 32.43273], [-103.16694, 32.43301], [-103.16645, 32.4333], [-103.16633, 32.43338], [-103.16623, 32.43344], [-103.16573, 32.43375], [-103.16508, 32.43408], [-103.16443, 32.43444], [-103.16371, 32.43484], [-103.16356, 32.43495]]}, "properties": {"operator": "Public Service Co of NM", "pipe_type": "Intrastate"}}, {"type": "Feature", "geometry": {"type": "LineString", "coordinates": [[-103.25751, 32.51584], [-103.25789, 32.51596]]}, "properties": {"operator": "Public Service Co of NM", "pipe_type": "Intrastate"}}, {"type": "Feature", "geometry": {"type": "LineString", "coordinates": [[-103.29249, 32.5561], [-103.29543, 32.56002]]}, "properties": {"operator": "Public Service Co of NM", "pipe_type": "Intrastate"}}, {"type": "Feature", "geometry": {"type": "LineString", "coordinates": [[-103.29078, 32.55382], [-103.29193, 32.55537]]}, "properties": {"operator": "Public Service Co of NM", "pipe_type": "Intrastate"}}, {"type": "Feature", "geometry": {"type": "LineString", "coordinates": [[-103.29193, 32.55537], [-103.29249, 32.5561]]}, "properties": {"operator": "Public Service Co of NM", "pipe_type": "Intrastate"}}, {"type": "Feature", "geometry": {"type": "LineString", "coordinates": [[-103.26843, 32.52634], [-103.26857, 32.52648]]}, "properties": {"operator": "Public Service Co of NM", "pipe_type": "Intrastate"}}, {"type": "Feature", "geometry": {"type": "LineString", "coordinates": [[-103.26832, 32.52625], [-103.26843, 32.52634]]}, "properties": {"operator": "Public Service Co of NM", "pipe_type": "Intrastate"}}, {"type": "Feature", "geometry": {"type": "LineString", "coordinates": [[-103.26821, 32.52614], [-103.26832, 32.52625]]}, "properties": {"operator": "Public Service Co of NM", "pipe_type": "Intrastate"}}, {"type": "Feature", "geometry": {"type": "LineString", "coordinates": [[-103.26794, 32.52583], [-103.26821, 32.52614]]}, "properties": {"operator": "Public Service Co of NM", "pipe_type": "Intrastate"}}, {"type": "Feature", "geometry": {"type": "LineString", "coordinates": [[-103.26776, 32.52566], [-103.26794, 32.52583]]}, "properties": {"operator": "Public Service Co of NM", "pipe_type": "Intrastate"}}, {"type": "Feature", "geometry": {"type": "LineString", "coordinates": [[-103.26762, 32.52552], [-103.26776, 32.52566]]}, "properties": {"operator": "Public Service Co of NM", "pipe_type": "Intrastate"}}, {"type": "Feature", "geometry": {"type": "LineString", "coordinates": [[-103.26734, 32.5252], [-103.26762, 32.52552]]}, "properties": {"operator": "Public Service Co of NM", "pipe_type": "Intrastate"}}, {"type": "Feature", "geometry": {"type": "LineString", "coordinates": [[-103.26722, 32.52509], [-103.26734, 32.5252]]}, "properties": {"operator": "Public Service Co of NM", "pipe_type": "Intrastate"}}, {"type": "Feature", "geometry": {"type": "LineString", "coordinates": [[-103.26716, 32.52503], [-103.26722, 32.52509]]}, "properties": {"operator": "Public Service Co of NM", "pipe_type": "Intrastate"}}, {"type": "Feature", "geometry": {"type": "LineString", "coordinates": [[-103.26702, 32.52486], [-103.26716, 32.52503]]}, "properties": {"operator": "Public Service Co of NM", "pipe_type": "Intrastate"}}, {"type": "Feature", "geometry": {"type": "LineString", "coordinates": [[-103.26675, 32.52458], [-103.26702, 32.52486]]}, "properties": {"operator": "Public Service Co of NM", "pipe_type": "Intrastate"}}, {"type": "Feature", "geometry": {"type": "LineString", "coordinates": [[-103.2665, 32.52432], [-103.26675, 32.52458]]}, "properties": {"operator": "Public Service Co of NM", "pipe_type": "Intrastate"}}, {"type": "Feature", "geometry": {"type": "LineString", "coordinates": [[-103.26644, 32.52425], [-103.2665, 32.52432]]}, "properties": {"operator": "Public Service Co of NM", "pipe_type": "Intrastate"}}, {"type": "Feature", "geometry": {"type": "LineString", "coordinates": [[-103.26636, 32.52416], [-103.26644, 32.52425]]}, "properties": {"operator": "Public Service Co of NM", "pipe_type": "Intrastate"}}, {"type": "Feature", "geometry": {"type": "LineString", "coordinates": [[-103.26619, 32.52398], [-103.26636, 32.52416]]}, "properties": {"operator": "Public Service Co of NM", "pipe_type": "Intrastate"}}, {"type": "Feature", "geometry": {"type": "LineString", "coordinates": [[-103.2661, 32.52392], [-103.26619, 32.52398]]}, "properties": {"operator": "Public Service Co of NM", "pipe_type": "Intrastate"}}, {"type": "Feature", "geometry": {"type": "LineString", "coordinates": [[-103.2656, 32.52339], [-103.2661, 32.52392]]}, "properties": {"operator": "Public Service Co of NM", "pipe_type": "Intrastate"}}, {"type": "Feature", "geometry": {"type": "LineString", "coordinates": [[-103.26548, 32.52322], [-103.2656, 32.52339]]}, "properties": {"operator": "Public Service Co of NM", "pipe_type": "Intrastate"}}, {"type": "Feature", "geometry": {"type": "LineString", "coordinates": [[-103.26516, 32.52292], [-103.26548, 32.52322]]}, "properties": {"operator": "Public Service Co of NM", "pipe_type": "Intrastate"}}, {"type": "Feature", "geometry": {"type": "LineString", "coordinates": [[-103.26484, 32.52261], [-103.26516, 32.52292]]}, "properties": {"operator": "Public Service Co of NM", "pipe_type": "Intrastate"}}, {"type": "Feature", "geometry": {"type": "LineString", "coordinates": [[-103.26454, 32.52225], [-103.26484, 32.52261]]}, "properties": {"operator": "Public Service Co of NM", "pipe_type": "Intrastate"}}, {"type": "Feature", "geometry": {"type": "LineString", "coordinates": [[-103.26424, 32.5219], [-103.26454, 32.52225]]}, "properties": {"operator": "Public Service Co of NM", "pipe_type": "Intrastate"}}, {"type": "Feature", "geometry": {"type": "LineString", "coordinates": [[-103.26424, 32.52187], [-103.26424, 32.5219]]}, "properties": {"operator": "Public Service Co of NM", "pipe_type": "Intrastate"}}, {"type": "Feature", "geometry": {"type": "LineString", "coordinates": [[-103.26398, 32.52165], [-103.26424, 32.52187]]}, "properties": {"operator": "Public Service Co of NM", "pipe_type": "Intrastate"}}, {"type": "Feature", "geometry": {"type": "LineString", "coordinates": [[-103.2637, 32.52141], [-103.26398, 32.52165]]}, "properties": {"operator": "Public Service Co of NM", "pipe_type": "Intrastate"}}, {"type": "Feature", "geometry": {"type": "LineString", "coordinates": [[-103.26361, 32.5213], [-103.2637, 32.52141]]}, "properties": {"operator": "Public Service Co of NM", "pipe_type": "Intrastate"}}, {"type": "Feature", "geometry": {"type": "LineString", "coordinates": [[-103.26358, 32.52127], [-103.26361, 32.5213]]}, "properties": {"operator": "Public Service Co of NM", "pipe_type": "Intrastate"}}, {"type": "Feature", "geometry": {"type": "LineString", "coordinates": [[-103.26333, 32.52101], [-103.26358, 32.52127]]}, "properties": {"operator": "Public Service Co of NM", "pipe_type": "Intrastate"}}, {"type": "Feature", "geometry": {"type": "LineString", "coordinates": [[-103.26322, 32.52087], [-103.26333, 32.52101]]}, "properties": {"operator": "Public Service Co of NM", "pipe_type": "Intrastate"}}, {"type": "Feature", "geometry": {"type": "LineString", "coordinates": [[-103.26313, 32.52074], [-103.26322, 32.52087]]}, "properties": {"operator": "Public Service Co of NM", "pipe_type": "Intrastate"}}, {"type": "Feature", "geometry": {"type": "LineString", "coordinates": [[-103.26314, 32.52072], [-103.26313, 32.52074]]}, "properties": {"operator": "Public Service Co of NM", "pipe_type": "Intrastate"}}, {"type": "Feature", "geometry": {"type": "LineString", "coordinates": [[-103.26285, 32.52045], [-103.26314, 32.52072]]}, "properties": {"operator": "Public Service Co of NM", "pipe_type": "Intrastate"}}, {"type": "Feature", "geometry": {"type": "LineString", "coordinates": [[-103.26281, 32.52043], [-103.26285, 32.52045]]}, "properties": {"operator": "Public Service Co of NM", "pipe_type": "Intrastate"}}, {"type": "Feature", "geometry": {"type": "LineString", "coordinates": [[-103.26269, 32.52024], [-103.26281, 32.52043]]}, "properties": {"operator": "Public Service Co of NM", "pipe_type": "Intrastate"}}, {"type": "Feature", "geometry": {"type": "LineString", "coordinates": [[-103.26253, 32.52011], [-103.26269, 32.52024]]}, "properties": {"operator": "Public Service Co of NM", "pipe_type": "Intrastate"}}, {"type": "Feature", "geometry": {"type": "LineString", "coordinates": [[-103.26225, 32.5198], [-103.26253, 32.52011]]}, "properties": {"operator": "Public Service Co of NM", "pipe_type": "Intrastate"}}, {"type": "Feature", "geometry": {"type": "LineString", "coordinates": [[-103.26215, 32.51972], [-103.26225, 32.5198]]}, "properties": {"operator": "Public Service Co of NM", "pipe_type": "Intrastate"}}, {"type": "Feature", "geometry": {"type": "LineString", "coordinates": [[-103.26188, 32.51944], [-103.26215, 32.51972]]}, "properties": {"operator": "Public Service Co of NM", "pipe_type": "Intrastate"}}, {"type": "Feature", "geometry": {"type": "LineString", "coordinates": [[-103.26161, 32.51915], [-103.26188, 32.51944]]}, "properties": {"operator": "Public Service Co of NM", "pipe_type": "Intrastate"}}, {"type": "Feature", "geometry": {"type": "LineString", "coordinates": [[-103.26145, 32.51898], [-103.26161, 32.51915]]}, "properties": {"operator": "Public Service Co of NM", "pipe_type": "Intrastate"}}, {"type": "Feature", "geometry": {"type": "LineString", "coordinates": [[-103.2614, 32.51893], [-103.26145, 32.51898]]}, "properties": {"operator": "Public Service Co of NM", "pipe_type": "Intrastate"}}, {"type": "Feature", "geometry": {"type": "LineString", "coordinates": [[-103.26121, 32.51873], [-103.2614, 32.51893]]}, "properties": {"operator": "Public Service Co of NM", "pipe_type": "Intrastate"}}, {"type": "Feature", "geometry": {"type": "LineString", "coordinates": [[-103.26112, 32.51862], [-103.26121, 32.51873]]}, "properties": {"operator": "Public Service Co of NM", "pipe_type": "Intrastate"}}, {"type": "Feature", "geometry": {"type": "LineString", "coordinates": [[-103.26096, 32.51846], [-103.26112, 32.51862]]}, "properties": {"operator": "Public Service Co of NM", "pipe_type": "Intrastate"}}, {"type": "Feature", "geometry": {"type": "LineString", "coordinates": [[-103.26089, 32.51838], [-103.26096, 32.51846]]}, "properties": {"operator": "Public Service Co of NM", "pipe_type": "Intrastate"}}, {"type": "Feature", "geometry": {"type": "LineString", "coordinates": [[-103.26072, 32.51819], [-103.26089, 32.51838]]}, "properties": {"operator": "Public Service Co of NM", "pipe_type": "Intrastate"}}, {"type": "Feature", "geometry": {"type": "LineString", "coordinates": [[-103.26053, 32.518], [-103.26072, 32.51819]]}, "properties": {"operator": "Public Service Co of NM", "pipe_type": "Intrastate"}}, {"type": "Feature", "geometry": {"type": "LineString", "coordinates": [[-103.2605, 32.51797], [-103.26053, 32.518]]}, "properties": {"operator": "Public Service Co of NM", "pipe_type": "Intrastate"}}, {"type": "Feature", "geometry": {"type": "LineString", "coordinates": [[-103.26042, 32.51789], [-103.2605, 32.51797]]}, "properties": {"operator": "Public Service Co of NM", "pipe_type": "Intrastate"}}, {"type": "Feature", "geometry": {"type": "LineString", "coordinates": [[-103.26041, 32.51789], [-103.26042, 32.51789]]}, "properties": {"operator": "Public Service Co of NM", "pipe_type": "Intrastate"}}, {"type": "Feature", "geometry": {"type": "LineString", "coordinates": [[-103.26017, 32.51765], [-103.26041, 32.51789]]}, "properties": {"operator": "Public Service Co of NM", "pipe_type": "Intrastate"}}, {"type": "Feature", "geometry": {"type": "LineString", "coordinates": [[-103.26014, 32.51762], [-103.26017, 32.51765]]}, "properties": {"operator": "Public Service Co of NM", "pipe_type": "Intrastate"}}, {"type": "Feature", "geometry": {"type": "LineString", "coordinates": [[-103.26007, 32.51755], [-103.26014, 32.51762]]}, "properties": {"operator": "Public Service Co of NM", "pipe_type": "Intrastate"}}, {"type": "Feature", "geometry": {"type": "LineString", "coordinates": [[-103.25999, 32.51745], [-103.26007, 32.51755]]}, "properties": {"operator": "Public Service Co of NM", "pipe_type": "Intrastate"}}, {"type": "Feature", "geometry": {"type": "LineString", "coordinates": [[-103.25995, 32.51738], [-103.25999, 32.51745]]}, "properties": {"operator": "Public Service Co of NM", "pipe_type": "Intrastate"}}, {"type": "Feature", "geometry": {"type": "LineString", "coordinates": [[-103.25991, 32.51733], [-103.25995, 32.51738]]}, "properties": {"operator": "Public Service Co of NM", "pipe_type": "Intrastate"}}, {"type": "Feature", "geometry": {"type": "LineString", "coordinates": [[-103.2599, 32.51731], [-103.25991, 32.51733]]}, "properties": {"operator": "Public Service Co of NM", "pipe_type": "Intrastate"}}, {"type": "Feature", "geometry": {"type": "LineString", "coordinates": [[-103.25973, 32.51715], [-103.2599, 32.51731]]}, "properties": {"operator": "Public Service Co of NM", "pipe_type": "Intrastate"}}, {"type": "Feature", "geometry": {"type": "LineString", "coordinates": [[-103.25971, 32.51713], [-103.25973, 32.51715]]}, "properties": {"operator": "Public Service Co of NM", "pipe_type": "Intrastate"}}, {"type": "Feature", "geometry": {"type": "LineString", "coordinates": [[-103.25962, 32.51706], [-103.25971, 32.51713]]}, "properties": {"operator": "Public Service Co of NM", "pipe_type": "Intrastate"}}, {"type": "Feature", "geometry": {"type": "LineString", "coordinates": [[-103.2595, 32.51694], [-103.25962, 32.51706]]}, "properties": {"operator": "Public Service Co of NM", "pipe_type": "Intrastate"}}, {"type": "Feature", "geometry": {"type": "LineString", "coordinates": [[-103.25944, 32.51688], [-103.2595, 32.51694]]}, "properties": {"operator": "Public Service Co of NM", "pipe_type": "Intrastate"}}, {"type": "Feature", "geometry": {"type": "LineString", "coordinates": [[-103.25936, 32.51681], [-103.25944, 32.51688]]}, "properties": {"operator": "Public Service Co of NM", "pipe_type": "Intrastate"}}, {"type": "Feature", "geometry": {"type": "LineString", "coordinates": [[-103.25933, 32.51678], [-103.25936, 32.51681]]}, "properties": {"operator": "Public Service Co of NM", "pipe_type": "Intrastate"}}, {"type": "Feature", "geometry": {"type": "LineString", "coordinates": [[-103.25918, 32.51661], [-103.25933, 32.51678]]}, "properties": {"operator": "Public Service Co of NM", "pipe_type": "Intrastate"}}, {"type": "Feature", "geometry": {"type": "LineString", "coordinates": [[-103.25913, 32.51653], [-103.25918, 32.51661]]}, "properties": {"operator": "Public Service Co of NM", "pipe_type": "Intrastate"}}, {"type": "Feature", "geometry": {"type": "LineString", "coordinates": [[-103.25906, 32.51646], [-103.25913, 32.51653]]}, "properties": {"operator": "Public Service Co of NM", "pipe_type": "Intrastate"}}, {"type": "Feature", "geometry": {"type": "LineString", "coordinates": [[-103.25902, 32.51639], [-103.25906, 32.51646]]}, "properties": {"operator": "Public Service Co of NM", "pipe_type": "Intrastate"}}, {"type": "Feature", "geometry": {"type": "LineString", "coordinates": [[-103.25893, 32.51631], [-103.25902, 32.51639]]}, "properties": {"operator": "Public Service Co of NM", "pipe_type": "Intrastate"}}, {"type": "Feature", "geometry": {"type": "LineString", "coordinates": [[-103.25882, 32.51627], [-103.25893, 32.51631]]}, "properties": {"operator": "Public Service Co of NM", "pipe_type": "Intrastate"}}, {"type": "Feature", "geometry": {"type": "LineString", "coordinates": [[-103.25876, 32.51625], [-103.25882, 32.51627]]}, "properties": {"operator": "Public Service Co of NM", "pipe_type": "Intrastate"}}, {"type": "Feature", "geometry": {"type": "LineString", "coordinates": [[-103.25864, 32.5162], [-103.25876, 32.51625]]}, "properties": {"operator": "Public Service Co of NM", "pipe_type": "Intrastate"}}, {"type": "Feature", "geometry": {"type": "LineString", "coordinates": [[-103.25852, 32.51618], [-103.25864, 32.5162]]}, "properties": {"operator": "Public Service Co of NM", "pipe_type": "Intrastate"}}, {"type": "Feature", "geometry": {"type": "LineString", "coordinates": [[-103.25833, 32.51613], [-103.25852, 32.51618]]}, "properties": {"operator": "Public Service Co of NM", "pipe_type": "Intrastate"}}, {"type": "Feature", "geometry": {"type": "LineString", "coordinates": [[-103.2583, 32.51612], [-103.25833, 32.51613]]}, "properties": {"operator": "Public Service Co of NM", "pipe_type": "Intrastate"}}, {"type": "Feature", "geometry": {"type": "LineString", "coordinates": [[-103.25811, 32.51602], [-103.2583, 32.51612]]}, "properties": {"operator": "Public Service Co of NM", "pipe_type": "Intrastate"}}, {"type": "Feature", "geometry": {"type": "LineString", "coordinates": [[-103.25798, 32.516], [-103.25811, 32.51602]]}, "properties": {"operator": "Public Service Co of NM", "pipe_type": "Intrastate"}}, {"type": "Feature", "geometry": {"type": "LineString", "coordinates": [[-103.25789, 32.51596], [-103.25798, 32.516]]}, "properties": {"operator": "Public Service Co of NM", "pipe_type": "Intrastate"}}, {"type": "Feature", "geometry": {"type": "LineString", "coordinates": [[-103.27615, 32.52181], [-103.2764, 32.52169]]}, "properties": {"operator": "Public Service Co of NM", "pipe_type": "Intrastate"}}, {"type": "Feature", "geometry": {"type": "LineString", "coordinates": [[-103.276, 32.5219], [-103.27615, 32.52181]]}, "properties": {"operator": "Public Service Co of NM", "pipe_type": "Intrastate"}}, {"type": "Feature", "geometry": {"type": "LineString", "coordinates": [[-103.27587, 32.52198], [-103.276, 32.5219]]}, "properties": {"operator": "Public Service Co of NM", "pipe_type": "Intrastate"}}, {"type": "Feature", "geometry": {"type": "LineString", "coordinates": [[-103.27561, 32.52214], [-103.27587, 32.52198]]}, "properties": {"operator": "Public Service Co of NM", "pipe_type": "Intrastate"}}, {"type": "Feature", "geometry": {"type": "LineString", "coordinates": [[-103.27533, 32.52232], [-103.27561, 32.52214]]}, "properties": {"operator": "Public Service Co of NM", "pipe_type": "Intrastate"}}, {"type": "Feature", "geometry": {"type": "LineString", "coordinates": [[-103.2751, 32.52248], [-103.27533, 32.52232]]}, "properties": {"operator": "Public Service Co of NM", "pipe_type": "Intrastate"}}, {"type": "Feature", "geometry": {"type": "LineString", "coordinates": [[-103.27434, 32.52295], [-103.2751, 32.52248]]}, "properties": {"operator": "Public Service Co of NM", "pipe_type": "Intrastate"}}, {"type": "Feature", "geometry": {"type": "LineString", "coordinates": [[-103.27286, 32.52385], [-103.27434, 32.52295]]}, "properties": {"operator": "Public Service Co of NM", "pipe_type": "Intrastate"}}, {"type": "Feature", "geometry": {"type": "LineString", "coordinates": [[-103.27253, 32.52404], [-103.27286, 32.52385]]}, "properties": {"operator": "Public Service Co of NM", "pipe_type": "Intrastate"}}, {"type": "Feature", "geometry": {"type": "LineString", "coordinates": [[-103.27247, 32.52409], [-103.27253, 32.52404]]}, "properties": {"operator": "Public Service Co of NM", "pipe_type": "Intrastate"}}, {"type": "Feature", "geometry": {"type": "LineString", "coordinates": [[-103.27225, 32.52424], [-103.27247, 32.52409]]}, "properties": {"operator": "Public Service Co of NM", "pipe_type": "Intrastate"}}, {"type": "Feature", "geometry": {"type": "LineString", "coordinates": [[-103.27189, 32.52446], [-103.27225, 32.52424]]}, "properties": {"operator": "Public Service Co of NM", "pipe_type": "Intrastate"}}, {"type": "Feature", "geometry": {"type": "LineString", "coordinates": [[-103.27033, 32.52543], [-103.27189, 32.52446]]}, "properties": {"operator": "Public Service Co of NM", "pipe_type": "Intrastate"}}, {"type": "Feature", "geometry": {"type": "LineString", "coordinates": [[-103.26882, 32.52634], [-103.27033, 32.52543]]}, "properties": {"operator": "Public Service Co of NM", "pipe_type": "Intrastate"}}, {"type": "Feature", "geometry": {"type": "LineString", "coordinates": [[-103.2687, 32.5264], [-103.26882, 32.52634]]}, "properties": {"operator": "Public Service Co of NM", "pipe_type": "Intrastate"}}, {"type": "Feature", "geometry": {"type": "LineString", "coordinates": [[-103.26865, 32.52643], [-103.2687, 32.5264]]}, "properties": {"operator": "Public Service Co of NM", "pipe_type": "Intrastate"}}, {"type": "Feature", "geometry": {"type": "LineString", "coordinates": [[-103.26857, 32.52648], [-103.26865, 32.52643]]}, "properties": {"operator": "Public Service Co of NM", "pipe_type": "Intrastate"}}, {"type": "Feature", "geometry": {"type": "LineString", "coordinates": [[-103.28511, 32.51544], [-103.28512, 32.51541]]}, "properties": {"operator": "Public Service Co of NM", "pipe_type": "Intrastate"}}, {"type": "Feature", "geometry": {"type": "LineString", "coordinates": [[-103.28507, 32.51545], [-103.28511, 32.51544]]}, "properties": {"operator": "Public Service Co of NM", "pipe_type": "Intrastate"}}, {"type": "Feature", "geometry": {"type": "LineString", "coordinates": [[-103.28502, 32.51551], [-103.28507, 32.51545]]}, "properties": {"operator": "Public Service Co of NM", "pipe_type": "Intrastate"}}, {"type": "Feature", "geometry": {"type": "LineString", "coordinates": [[-103.28494, 32.5156], [-103.28502, 32.51551]]}, "properties": {"operator": "Public Service Co of NM", "pipe_type": "Intrastate"}}, {"type": "Feature", "geometry": {"type": "LineString", "coordinates": [[-103.28489, 32.51565], [-103.28494, 32.5156]]}, "properties": {"operator": "Public Service Co of NM", "pipe_type": "Intrastate"}}, {"type": "Feature", "geometry": {"type": "LineString", "coordinates": [[-103.28457, 32.51599], [-103.28489, 32.51565]]}, "properties": {"operator": "Public Service Co of NM", "pipe_type": "Intrastate"}}, {"type": "Feature", "geometry": {"type": "LineString", "coordinates": [[-103.28448, 32.51607], [-103.28457, 32.51599]]}, "properties": {"operator": "Public Service Co of NM", "pipe_type": "Intrastate"}}, {"type": "Feature", "geometry": {"type": "LineString", "coordinates": [[-103.28396, 32.51659], [-103.28448, 32.51607]]}, "properties": {"operator": "Public Service Co of NM", "pipe_type": "Intrastate"}}, {"type": "Feature", "geometry": {"type": "LineString", "coordinates": [[-103.28358, 32.51704], [-103.28396, 32.51659]]}, "properties": {"operator": "Public Service Co of NM", "pipe_type": "Intrastate"}}, {"type": "Feature", "geometry": {"type": "LineString", "coordinates": [[-103.28338, 32.51727], [-103.28358, 32.51704]]}, "properties": {"operator": "Public Service Co of NM", "pipe_type": "Intrastate"}}, {"type": "Feature", "geometry": {"type": "LineString", "coordinates": [[-103.28326, 32.5174], [-103.28338, 32.51727]]}, "properties": {"operator": "Public Service Co of NM", "pipe_type": "Intrastate"}}, {"type": "Feature", "geometry": {"type": "LineString", "coordinates": [[-103.28313, 32.51751], [-103.28326, 32.5174]]}, "properties": {"operator": "Public Service Co of NM", "pipe_type": "Intrastate"}}, {"type": "Feature", "geometry": {"type": "LineString", "coordinates": [[-103.28281, 32.51772], [-103.28313, 32.51751]]}, "properties": {"operator": "Public Service Co of NM", "pipe_type": "Intrastate"}}, {"type": "Feature", "geometry": {"type": "LineString", "coordinates": [[-103.28258, 32.51786], [-103.28281, 32.51772]]}, "properties": {"operator": "Public Service Co of NM", "pipe_type": "Intrastate"}}, {"type": "Feature", "geometry": {"type": "LineString", "coordinates": [[-103.28209, 32.51815], [-103.28258, 32.51786]]}, "properties": {"operator": "Public Service Co of NM", "pipe_type": "Intrastate"}}, {"type": "Feature", "geometry": {"type": "LineString", "coordinates": [[-103.28182, 32.51834], [-103.28209, 32.51815]]}, "properties": {"operator": "Public Service Co of NM", "pipe_type": "Intrastate"}}, {"type": "Feature", "geometry": {"type": "LineString", "coordinates": [[-103.28153, 32.51852], [-103.28182, 32.51834]]}, "properties": {"operator": "Public Service Co of NM", "pipe_type": "Intrastate"}}, {"type": "Feature", "geometry": {"type": "LineString", "coordinates": [[-103.27831, 32.5205], [-103.28153, 32.51852]]}, "properties": {"operator": "Public Service Co of NM", "pipe_type": "Intrastate"}}, {"type": "Feature", "geometry": {"type": "LineString", "coordinates": [[-103.27818, 32.52057], [-103.27831, 32.5205]]}, "properties": {"operator": "Public Service Co of NM", "pipe_type": "Intrastate"}}, {"type": "Feature", "geometry": {"type": "LineString", "coordinates": [[-103.27806, 32.52065], [-103.27818, 32.52057]]}, "properties": {"operator": "Public Service Co of NM", "pipe_type": "Intrastate"}}, {"type": "Feature", "geometry": {"type": "LineString", "coordinates": [[-103.27795, 32.52073], [-103.27806, 32.52065]]}, "properties": {"operator": "Public Service Co of NM", "pipe_type": "Intrastate"}}, {"type": "Feature", "geometry": {"type": "LineString", "coordinates": [[-103.27761, 32.52094], [-103.27795, 32.52073]]}, "properties": {"operator": "Public Service Co of NM", "pipe_type": "Intrastate"}}, {"type": "Feature", "geometry": {"type": "LineString", "coordinates": [[-103.27752, 32.52099], [-103.27761, 32.52094]]}, "properties": {"operator": "Public Service Co of NM", "pipe_type": "Intrastate"}}, {"type": "Feature", "geometry": {"type": "LineString", "coordinates": [[-103.27734, 32.5211], [-103.27752, 32.52099]]}, "properties": {"operator": "Public Service Co of NM", "pipe_type": "Intrastate"}}, {"type": "Feature", "geometry": {"type": "LineString", "coordinates": [[-103.27717, 32.5212], [-103.27734, 32.5211]]}, "properties": {"operator": "Public Service Co of NM", "pipe_type": "Intrastate"}}, {"type": "Feature", "geometry": {"type": "LineString", "coordinates": [[-103.277, 32.52131], [-103.27717, 32.5212]]}, "properties": {"operator": "Public Service Co of NM", "pipe_type": "Intrastate"}}, {"type": "Feature", "geometry": {"type": "LineString", "coordinates": [[-103.27667, 32.52151], [-103.277, 32.52131]]}, "properties": {"operator": "Public Service Co of NM", "pipe_type": "Intrastate"}}, {"type": "Feature", "geometry": {"type": "LineString", "coordinates": [[-103.27656, 32.52156], [-103.27667, 32.52151]]}, "properties": {"operator": "Public Service Co of NM", "pipe_type": "Intrastate"}}, {"type": "Feature", "geometry": {"type": "LineString", "coordinates": [[-103.27645, 32.52166], [-103.27656, 32.52156]]}, "properties": {"operator": "Public Service Co of NM", "pipe_type": "Intrastate"}}, {"type": "Feature", "geometry": {"type": "LineString", "coordinates": [[-103.2764, 32.52169], [-103.27645, 32.52166]]}, "properties": {"operator": "Public Service Co of NM", "pipe_type": "Intrastate"}}, {"type": "Feature", "geometry": {"type": "LineString", "coordinates": [[-103.28515, 32.51541], [-103.28512, 32.51541]]}, "properties": {"operator": "Public Service Co of NM", "pipe_type": "Intrastate"}}, {"type": "Feature", "geometry": {"type": "LineString", "coordinates": [[-103.28514, 32.51546], [-103.28515, 32.51541]]}, "properties": {"operator": "Public Service Co of NM", "pipe_type": "Intrastate"}}, {"type": "Feature", "geometry": {"type": "LineString", "coordinates": [[-103.28509, 32.51547], [-103.28514, 32.51546]]}, "properties": {"operator": "Public Service Co of NM", "pipe_type": "Intrastate"}}, {"type": "Feature", "geometry": {"type": "LineString", "coordinates": [[-103.28505, 32.51553], [-103.28509, 32.51547]]}, "properties": {"operator": "Public Service Co of NM", "pipe_type": "Intrastate"}}, {"type": "Feature", "geometry": {"type": "LineString", "coordinates": [[-103.28497, 32.51562], [-103.28505, 32.51553]]}, "properties": {"operator": "Public Service Co of NM", "pipe_type": "Intrastate"}}, {"type": "Feature", "geometry": {"type": "LineString", "coordinates": [[-103.28491, 32.51567], [-103.28497, 32.51562]]}, "properties": {"operator": "Public Service Co of NM", "pipe_type": "Intrastate"}}, {"type": "Feature", "geometry": {"type": "LineString", "coordinates": [[-103.2846, 32.51601], [-103.28491, 32.51567]]}, "properties": {"operator": "Public Service Co of NM", "pipe_type": "Intrastate"}}, {"type": "Feature", "geometry": {"type": "LineString", "coordinates": [[-103.2845, 32.51609], [-103.2846, 32.51601]]}, "properties": {"operator": "Public Service Co of NM", "pipe_type": "Intrastate"}}, {"type": "Feature", "geometry": {"type": "LineString", "coordinates": [[-103.28399, 32.51661], [-103.2845, 32.51609]]}, "properties": {"operator": "Public Service Co of NM", "pipe_type": "Intrastate"}}, {"type": "Feature", "geometry": {"type": "LineString", "coordinates": [[-103.28361, 32.51705], [-103.28399, 32.51661]]}, "properties": {"operator": "Public Service Co of NM", "pipe_type": "Intrastate"}}, {"type": "Feature", "geometry": {"type": "LineString", "coordinates": [[-103.28341, 32.51729], [-103.28361, 32.51705]]}, "properties": {"operator": "Public Service Co of NM", "pipe_type": "Intrastate"}}, {"type": "Feature", "geometry": {"type": "LineString", "coordinates": [[-103.28328, 32.51741], [-103.28341, 32.51729]]}, "properties": {"operator": "Public Service Co of NM", "pipe_type": "Intrastate"}}, {"type": "Feature", "geometry": {"type": "LineString", "coordinates": [[-103.28315, 32.51753], [-103.28328, 32.51741]]}, "properties": {"operator": "Public Service Co of NM", "pipe_type": "Intrastate"}}, {"type": "Feature", "geometry": {"type": "LineString", "coordinates": [[-103.28283, 32.51774], [-103.28315, 32.51753]]}, "properties": {"operator": "Public Service Co of NM", "pipe_type": "Intrastate"}}, {"type": "Feature", "geometry": {"type": "LineString", "coordinates": [[-103.2826, 32.51788], [-103.28283, 32.51774]]}, "properties": {"operator": "Public Service Co of NM", "pipe_type": "Intrastate"}}, {"type": "Feature", "geometry": {"type": "LineString", "coordinates": [[-103.28211, 32.51817], [-103.2826, 32.51788]]}, "properties": {"operator": "Public Service Co of NM", "pipe_type": "Intrastate"}}, {"type": "Feature", "geometry": {"type": "LineString", "coordinates": [[-103.28184, 32.51836], [-103.28211, 32.51817]]}, "properties": {"operator": "Public Service Co of NM", "pipe_type": "Intrastate"}}, {"type": "Feature", "geometry": {"type": "LineString", "coordinates": [[-103.28154, 32.51854], [-103.28184, 32.51836]]}, "properties": {"operator": "Public Service Co of NM", "pipe_type": "Intrastate"}}, {"type": "Feature", "geometry": {"type": "LineString", "coordinates": [[-103.27833, 32.52052], [-103.28154, 32.51854]]}, "properties": {"operator": "Public Service Co of NM", "pipe_type": "Intrastate"}}, {"type": "Feature", "geometry": {"type": "LineString", "coordinates": [[-103.2782, 32.52059], [-103.27833, 32.52052]]}, "properties": {"operator": "Public Service Co of NM", "pipe_type": "Intrastate"}}, {"type": "Feature", "geometry": {"type": "LineString", "coordinates": [[-103.27808, 32.52067], [-103.2782, 32.52059]]}, "properties": {"operator": "Public Service Co of NM", "pipe_type": "Intrastate"}}, {"type": "Feature", "geometry": {"type": "LineString", "coordinates": [[-103.27797, 32.52075], [-103.27808, 32.52067]]}, "properties": {"operator": "Public Service Co of NM", "pipe_type": "Intrastate"}}, {"type": "Feature", "geometry": {"type": "LineString", "coordinates": [[-103.27763, 32.52096], [-103.27797, 32.52075]]}, "properties": {"operator": "Public Service Co of NM", "pipe_type": "Intrastate"}}, {"type": "Feature", "geometry": {"type": "LineString", "coordinates": [[-103.27754, 32.52101], [-103.27763, 32.52096]]}, "properties": {"operator": "Public Service Co of NM", "pipe_type": "Intrastate"}}, {"type": "Feature", "geometry": {"type": "LineString", "coordinates": [[-103.27736, 32.52112], [-103.27754, 32.52101]]}, "properties": {"operator": "Public Service Co of NM", "pipe_type": "Intrastate"}}, {"type": "Feature", "geometry": {"type": "LineString", "coordinates": [[-103.27718, 32.52122], [-103.27736, 32.52112]]}, "properties": {"operator": "Public Service Co of NM", "pipe_type": "Intrastate"}}, {"type": "Feature", "geometry": {"type": "LineString", "coordinates": [[-103.27702, 32.52133], [-103.27718, 32.52122]]}, "properties": {"operator": "Public Service Co of NM", "pipe_type": "Intrastate"}}, {"type": "Feature", "geometry": {"type": "LineString", "coordinates": [[-103.27669, 32.52153], [-103.27702, 32.52133]]}, "properties": {"operator": "Public Service Co of NM", "pipe_type": "Intrastate"}}, {"type": "Feature", "geometry": {"type": "LineString", "coordinates": [[-103.27658, 32.52158], [-103.27669, 32.52153]]}, "properties": {"operator": "Public Service Co of NM", "pipe_type": "Intrastate"}}, {"type": "Feature", "geometry": {"type": "LineString", "coordinates": [[-103.27647, 32.52169], [-103.27658, 32.52158]]}, "properties": {"operator": "Public Service Co of NM", "pipe_type": "Intrastate"}}, {"type": "Feature", "geometry": {"type": "LineString", "coordinates": [[-103.27641, 32.52171], [-103.27647, 32.52169]]}, "properties": {"operator": "Public Service Co of NM", "pipe_type": "Intrastate"}}, {"type": "Feature", "geometry": {"type": "LineString", "coordinates": [[-103.27616, 32.52183], [-103.27641, 32.52171]]}, "properties": {"operator": "Public Service Co of NM", "pipe_type": "Intrastate"}}, {"type": "Feature", "geometry": {"type": "LineString", "coordinates": [[-103.27601, 32.52192], [-103.27616, 32.52183]]}, "properties": {"operator": "Public Service Co of NM", "pipe_type": "Intrastate"}}, {"type": "Feature", "geometry": {"type": "LineString", "coordinates": [[-103.27589, 32.522], [-103.27601, 32.52192]]}, "properties": {"operator": "Public Service Co of NM", "pipe_type": "Intrastate"}}, {"type": "Feature", "geometry": {"type": "LineString", "coordinates": [[-103.27563, 32.52216], [-103.27589, 32.522]]}, "properties": {"operator": "Public Service Co of NM", "pipe_type": "Intrastate"}}, {"type": "Feature", "geometry": {"type": "LineString", "coordinates": [[-103.27535, 32.52235], [-103.27563, 32.52216]]}, "properties": {"operator": "Public Service Co of NM", "pipe_type": "Intrastate"}}, {"type": "Feature", "geometry": {"type": "LineString", "coordinates": [[-103.27512, 32.5225], [-103.27535, 32.52235]]}, "properties": {"operator": "Public Service Co of NM", "pipe_type": "Intrastate"}}, {"type": "Feature", "geometry": {"type": "LineString", "coordinates": [[-103.27435, 32.52297], [-103.27512, 32.5225]]}, "properties": {"operator": "Public Service Co of NM", "pipe_type": "Intrastate"}}, {"type": "Feature", "geometry": {"type": "LineString", "coordinates": [[-103.27288, 32.52387], [-103.27435, 32.52297]]}, "properties": {"operator": "Public Service Co of NM", "pipe_type": "Intrastate"}}, {"type": "Feature", "geometry": {"type": "LineString", "coordinates": [[-103.27255, 32.52406], [-103.27288, 32.52387]]}, "properties": {"operator": "Public Service Co of NM", "pipe_type": "Intrastate"}}, {"type": "Feature", "geometry": {"type": "LineString", "coordinates": [[-103.27249, 32.52411], [-103.27255, 32.52406]]}, "properties": {"operator": "Public Service Co of NM", "pipe_type": "Intrastate"}}, {"type": "Feature", "geometry": {"type": "LineString", "coordinates": [[-103.27228, 32.52426], [-103.27249, 32.52411]]}, "properties": {"operator": "Public Service Co of NM", "pipe_type": "Intrastate"}}, {"type": "Feature", "geometry": {"type": "LineString", "coordinates": [[-103.27191, 32.52448], [-103.27228, 32.52426]]}, "properties": {"operator": "Public Service Co of NM", "pipe_type": "Intrastate"}}, {"type": "Feature", "geometry": {"type": "LineString", "coordinates": [[-103.27034, 32.52545], [-103.27191, 32.52448]]}, "properties": {"operator": "Public Service Co of NM", "pipe_type": "Intrastate"}}, {"type": "Feature", "geometry": {"type": "LineString", "coordinates": [[-103.26884, 32.52637], [-103.27034, 32.52545]]}, "properties": {"operator": "Public Service Co of NM", "pipe_type": "Intrastate"}}, {"type": "Feature", "geometry": {"type": "LineString", "coordinates": [[-103.26872, 32.52643], [-103.26884, 32.52637]]}, "properties": {"operator": "Public Service Co of NM", "pipe_type": "Intrastate"}}, {"type": "Feature", "geometry": {"type": "LineString", "coordinates": [[-103.26866, 32.52645], [-103.26872, 32.52643]]}, "properties": {"operator": "Public Service Co of NM", "pipe_type": "Intrastate"}}, {"type": "Feature", "geometry": {"type": "LineString", "coordinates": [[-103.2686, 32.52649], [-103.26866, 32.52645]]}, "properties": {"operator": "Public Service Co of NM", "pipe_type": "Intrastate"}}, {"type": "Feature", "geometry": {"type": "LineString", "coordinates": [[-103.26858, 32.52647], [-103.2686, 32.52649]]}, "properties": {"operator": "Public Service Co of NM", "pipe_type": "Intrastate"}}, {"type": "Feature", "geometry": {"type": "LineString", "coordinates": [[-103.27134, 32.52942], [-103.27497, 32.53322]]}, "properties": {"operator": "Public Service Co of NM", "pipe_type": "Intrastate"}}, {"type": "Feature", "geometry": {"type": "LineString", "coordinates": [[-103.27027, 32.52824], [-103.27134, 32.52942]]}, "properties": {"operator": "Public Service Co of NM", "pipe_type": "Intrastate"}}, {"type": "Feature", "geometry": {"type": "LineString", "coordinates": [[-103.2694, 32.52735], [-103.27027, 32.52824]]}, "properties": {"operator": "Public Service Co of NM", "pipe_type": "Intrastate"}}, {"type": "Feature", "geometry": {"type": "LineString", "coordinates": [[-103.26866, 32.5266], [-103.2694, 32.52735]]}, "properties": {"operator": "Public Service Co of NM", "pipe_type": "Intrastate"}}, {"type": "Feature", "geometry": {"type": "LineString", "coordinates": [[-103.26857, 32.52648], [-103.26866, 32.5266]]}, "properties": {"operator": "Public Service Co of NM", "pipe_type": "Intrastate"}}, {"type": "Feature", "geometry": {"type": "LineString", "coordinates": [[-103.27641, 32.52171], [-103.2764, 32.52169]]}, "properties": {"operator": "Public Service Co of NM", "pipe_type": "Intrastate"}}, {"type": "Feature", "geometry": {"type": "LineString", "coordinates": [[-103.29046, 32.55343], [-103.29078, 32.55382]]}, "properties": {"operator": "Public Service Co of NM", "pipe_type": "Intrastate"}}, {"type": "Feature", "geometry": {"type": "LineString", "coordinates": [[-103.28984, 32.55259], [-103.29046, 32.55343]]}, "properties": {"operator": "Public Service Co of NM", "pipe_type": "Intrastate"}}, {"type": "Feature", "geometry": {"type": "LineString", "coordinates": [[-103.28978, 32.55245], [-103.28984, 32.55259]]}, "properties": {"operator": "Public Service Co of NM", "pipe_type": "Intrastate"}}, {"type": "Feature", "geometry": {"type": "LineString", "coordinates": [[-103.28843, 32.55074], [-103.28978, 32.55245]]}, "properties": {"operator": "Public Service Co of NM", "pipe_type": "Intrastate"}}, {"type": "Feature", "geometry": {"type": "LineString", "coordinates": [[-103.28711, 32.54904], [-103.28843, 32.55074]]}, "properties": {"operator": "Public Service Co of NM", "pipe_type": "Intrastate"}}, {"type": "Feature", "geometry": {"type": "LineString", "coordinates": [[-103.28669, 32.54848], [-103.28711, 32.54904]]}, "properties": {"operator": "Public Service Co of NM", "pipe_type": "Intrastate"}}, {"type": "Feature", "geometry": {"type": "LineString", "coordinates": [[-103.28657, 32.54834], [-103.28669, 32.54848]]}, "properties": {"operator": "Public Service Co of NM", "pipe_type": "Intrastate"}}, {"type": "Feature", "geometry": {"type": "LineString", "coordinates": [[-103.28632, 32.54799], [-103.28657, 32.54834]]}, "properties": {"operator": "Public Service Co of NM", "pipe_type": "Intrastate"}}, {"type": "Feature", "geometry": {"type": "LineString", "coordinates": [[-103.28625, 32.54784], [-103.28632, 32.54799]]}, "properties": {"operator": "Public Service Co of NM", "pipe_type": "Intrastate"}}, {"type": "Feature", "geometry": {"type": "LineString", "coordinates": [[-103.28607, 32.54754], [-103.28625, 32.54784]]}, "properties": {"operator": "Public Service Co of NM", "pipe_type": "Intrastate"}}, {"type": "Feature", "geometry": {"type": "LineString", "coordinates": [[-103.2859, 32.54726], [-103.28607, 32.54754]]}, "properties": {"operator": "Public Service Co of NM", "pipe_type": "Intrastate"}}, {"type": "Feature", "geometry": {"type": "LineString", "coordinates": [[-103.28519, 32.54618], [-103.2859, 32.54726]]}, "properties": {"operator": "Public Service Co of NM", "pipe_type": "Intrastate"}}, {"type": "Feature", "geometry": {"type": "LineString", "coordinates": [[-103.28512, 32.54609], [-103.28519, 32.54618]]}, "properties": {"operator": "Public Service Co of NM", "pipe_type": "Intrastate"}}, {"type": "Feature", "geometry": {"type": "LineString", "coordinates": [[-103.28487, 32.54564], [-103.28512, 32.54609]]}, "properties": {"operator": "Public Service Co of NM", "pipe_type": "Intrastate"}}, {"type": "Feature", "geometry": {"type": "LineString", "coordinates": [[-103.28483, 32.54562], [-103.28487, 32.54564]]}, "properties": {"operator": "Public Service Co of NM", "pipe_type": "Intrastate"}}, {"type": "Feature", "geometry": {"type": "LineString", "coordinates": [[-103.28415, 32.54436], [-103.28483, 32.54562]]}, "properties": {"operator": "Public Service Co of NM", "pipe_type": "Intrastate"}}, {"type": "Feature", "geometry": {"type": "LineString", "coordinates": [[-103.28346, 32.54309], [-103.28415, 32.54436]]}, "properties": {"operator": "Public Service Co of NM", "pipe_type": "Intrastate"}}, {"type": "Feature", "geometry": {"type": "LineString", "coordinates": [[-103.28312, 32.54253], [-103.28346, 32.54309]]}, "properties": {"operator": "Public Service Co of NM", "pipe_type": "Intrastate"}}, {"type": "Feature", "geometry": {"type": "LineString", "coordinates": [[-103.28304, 32.54237], [-103.28312, 32.54253]]}, "properties": {"operator": "Public Service Co of NM", "pipe_type": "Intrastate"}}, {"type": "Feature", "geometry": {"type": "LineString", "coordinates": [[-103.28265, 32.54172], [-103.28304, 32.54237]]}, "properties": {"operator": "Public Service Co of NM", "pipe_type": "Intrastate"}}, {"type": "Feature", "geometry": {"type": "LineString", "coordinates": [[-103.28226, 32.54108], [-103.28265, 32.54172]]}, "properties": {"operator": "Public Service Co of NM", "pipe_type": "Intrastate"}}, {"type": "Feature", "geometry": {"type": "LineString", "coordinates": [[-103.28169, 32.54014], [-103.28226, 32.54108]]}, "properties": {"operator": "Public Service Co of NM", "pipe_type": "Intrastate"}}, {"type": "Feature", "geometry": {"type": "LineString", "coordinates": [[-103.28084, 32.53929], [-103.28169, 32.54014]]}, "properties": {"operator": "Public Service Co of NM", "pipe_type": "Intrastate"}}, {"type": "Feature", "geometry": {"type": "LineString", "coordinates": [[-103.27999, 32.53843], [-103.28084, 32.53929]]}, "properties": {"operator": "Public Service Co of NM", "pipe_type": "Intrastate"}}, {"type": "Feature", "geometry": {"type": "LineString", "coordinates": [[-103.27944, 32.53783], [-103.27999, 32.53843]]}, "properties": {"operator": "Public Service Co of NM", "pipe_type": "Intrastate"}}, {"type": "Feature", "geometry": {"type": "LineString", "coordinates": [[-103.27751, 32.53581], [-103.27944, 32.53783]]}, "properties": {"operator": "Public Service Co of NM", "pipe_type": "Intrastate"}}, {"type": "Feature", "geometry": {"type": "LineString", "coordinates": [[-103.2756, 32.53389], [-103.27751, 32.53581]]}, "properties": {"operator": "Public Service Co of NM", "pipe_type": "Intrastate"}}, {"type": "Feature", "geometry": {"type": "LineString", "coordinates": [[-103.27497, 32.53322], [-103.2756, 32.53389]]}, "properties": {"operator": "Public Service Co of NM", "pipe_type": "Intrastate"}}, {"type": "Feature", "geometry": {"type": "LineString", "coordinates": [[-103.31602, 32.61342], [-103.31577, 32.61283], [-103.31563, 32.6125], [-103.31544, 32.61199], [-103.3153, 32.61157], [-103.31519, 32.61124], [-103.31461, 32.60994], [-103.31441, 32.60958], [-103.31429, 32.60937], [-103.31429, 32.6093], [-103.31412, 32.60906], [-103.31389, 32.60857], [-103.31386, 32.6084], [-103.31386, 32.60814], [-103.31391, 32.6081], [-103.31345, 32.60627], [-103.31326, 32.60607], [-103.31306, 32.60556], [-103.31294, 32.60536], [-103.31289, 32.60524], [-103.31283, 32.60517], [-103.31273, 32.60492], [-103.3126, 32.60457]]}, "properties": {"operator": "Public Service Co of NM", "pipe_type": "Intrastate"}}, {"type": "Feature", "geometry": {"type": "LineString", "coordinates": [[-103.31326, 32.57727], [-103.31395, 32.57792]]}, "properties": {"operator": "Public Service Co of NM", "pipe_type": "Intrastate"}}, {"type": "Feature", "geometry": {"type": "LineString", "coordinates": [[-103.31259, 32.57658], [-103.31326, 32.57727]]}, "properties": {"operator": "Public Service Co of NM", "pipe_type": "Intrastate"}}, {"type": "Feature", "geometry": {"type": "LineString", "coordinates": [[-103.31253, 32.57654], [-103.31259, 32.57658]]}, "properties": {"operator": "Public Service Co of NM", "pipe_type": "Intrastate"}}, {"type": "Feature", "geometry": {"type": "LineString", "coordinates": [[-103.31245, 32.57654], [-103.31253, 32.57654]]}, "properties": {"operator": "Public Service Co of NM", "pipe_type": "Intrastate"}}, {"type": "Feature", "geometry": {"type": "LineString", "coordinates": [[-103.31108, 32.57526], [-103.31245, 32.57654]]}, "properties": {"operator": "Public Service Co of NM", "pipe_type": "Intrastate"}}, {"type": "Feature", "geometry": {"type": "LineString", "coordinates": [[-103.3097, 32.57398], [-103.31108, 32.57526]]}, "properties": {"operator": "Public Service Co of NM", "pipe_type": "Intrastate"}}, {"type": "Feature", "geometry": {"type": "LineString", "coordinates": [[-103.30666, 32.57091], [-103.3097, 32.57398]]}, "properties": {"operator": "Public Service Co of NM", "pipe_type": "Intrastate"}}, {"type": "Feature", "geometry": {"type": "LineString", "coordinates": [[-103.30361, 32.56785], [-103.30666, 32.57091]]}, "properties": {"operator": "Public Service Co of NM", "pipe_type": "Intrastate"}}, {"type": "Feature", "geometry": {"type": "LineString", "coordinates": [[-103.29978, 32.56484], [-103.30361, 32.56785]]}, "properties": {"operator": "Public Service Co of NM", "pipe_type": "Intrastate"}}, {"type": "Feature", "geometry": {"type": "LineString", "coordinates": [[-103.29866, 32.56408], [-103.29978, 32.56484]]}, "properties": {"operator": "Public Service Co of NM", "pipe_type": "Intrastate"}}, {"type": "Feature", "geometry": {"type": "LineString", "coordinates": [[-103.29543, 32.56002], [-103.29866, 32.56408]]}, "properties": {"operator": "Public Service Co of NM", "pipe_type": "Intrastate"}}, {"type": "Feature", "geometry": {"type": "LineString", "coordinates": [[-103.30896, 32.6032], [-103.30882, 32.6032], [-103.30882, 32.60305]]}, "properties": {"operator": "Public Service Co of NM", "pipe_type": "Intrastate"}}, {"type": "Feature", "geometry": {"type": "LineString", "coordinates": [[-103.31207, 32.60311], [-103.31179, 32.60312], [-103.31048, 32.60316], [-103.30964, 32.6032], [-103.30896, 32.6032]]}, "properties": {"operator": "Public Service Co of NM", "pipe_type": "Intrastate"}}, {"type": "Feature", "geometry": {"type": "LineString", "coordinates": [[-103.30896, 32.6032], [-103.30896, 32.60321]]}, "properties": {"operator": "Public Service Co of NM", "pipe_type": "Intrastate"}}, {"type": "Feature", "geometry": {"type": "LineString", "coordinates": [[-103.3126, 32.60457], [-103.31259, 32.60457]]}, "properties": {"operator": "Public Service Co of NM", "pipe_type": "Intrastate"}}, {"type": "Feature", "geometry": {"type": "LineString", "coordinates": [[-103.3126, 32.60457], [-103.31235, 32.60404], [-103.31232, 32.60392], [-103.31221, 32.60364], [-103.31219, 32.6035], [-103.31209, 32.60334], [-103.31207, 32.60325], [-103.31207, 32.60311]]}, "properties": {"operator": "Public Service Co of NM", "pipe_type": "Intrastate"}}, {"type": "Feature", "geometry": {"type": "LineString", "coordinates": [[-103.31207, 32.60311], [-103.31208, 32.60287], [-103.31205, 32.60246], [-103.31209, 32.60218], [-103.31212, 32.60156], [-103.31214, 32.60143], [-103.31213, 32.60128], [-103.31221, 32.60087], [-103.31227, 32.60016]]}, "properties": {"operator": "Public Service Co of NM", "pipe_type": "Intrastate"}}, {"type": "Feature", "geometry": {"type": "LineString", "coordinates": [[-103.31227, 32.60016], [-103.31236, 32.59911], [-103.31239, 32.59869], [-103.31243, 32.59833], [-103.31243, 32.59795], [-103.31241, 32.59782], [-103.3125, 32.59689], [-103.31259, 32.59641], [-103.31261, 32.59579], [-103.31269, 32.59485]]}, "properties": {"operator": "Public Service Co of NM", "pipe_type": "Intrastate"}}, {"type": "Feature", "geometry": {"type": "LineString", "coordinates": [[-103.31269, 32.59485], [-103.31266, 32.59473], [-103.31267, 32.59451], [-103.31273, 32.5937], [-103.3128, 32.59317], [-103.31283, 32.59286], [-103.31289, 32.5923], [-103.31288, 32.59209], [-103.31292, 32.59173], [-103.31297, 32.59084], [-103.31301, 32.59013], [-103.31303, 32.58988], [-103.31308, 32.58957], [-103.3131, 32.58903], [-103.31313, 32.58891], [-103.31313, 32.58873], [-103.31313, 32.58832], [-103.31323, 32.58757], [-103.31324, 32.58728], [-103.3133, 32.58688], [-103.31331, 32.58618], [-103.3133, 32.58614], [-103.31337, 32.58536], [-103.31345, 32.58492], [-103.31344, 32.5846], [-103.31348, 32.58385], [-103.31354, 32.58314], [-103.31352, 32.583], [-103.3136, 32.58221], [-103.31366, 32.58145], [-103.31371, 32.58086], [-103.31377, 32.58042], [-103.31385, 32.57913], [-103.31389, 32.57885], [-103.31392, 32.57852], [-103.31395, 32.57792]]}, "properties": {"operator": "Public Service Co of NM", "pipe_type": "Intrastate"}}, {"type": "Feature", "geometry": {"type": "LineString", "coordinates": [[-103.30882, 32.6032], [-103.30882, 32.60305]]}, "properties": {"operator": "Public Service Co of NM", "pipe_type": "Intrastate"}}, {"type": "Feature", "geometry": {"type": "LineString", "coordinates": [[-103.31601, 32.61342], [-103.31602, 32.61342]]}, "properties": {"operator": "Public Service Co of NM", "pipe_type": "Intrastate"}}, {"type": "Feature", "geometry": {"type": "LineString", "coordinates": [[-103.25274, 32.50713], [-103.25273, 32.50755]]}, "properties": {"operator": "Public Service Co of NM", "pipe_type": "Intrastate"}}, {"type": "Feature", "geometry": {"type": "LineString", "coordinates": [[-103.25272, 32.50692], [-103.25274, 32.50713]]}, "properties": {"operator": "Public Service Co of NM", "pipe_type": "Intrastate"}}, {"type": "Feature", "geometry": {"type": "LineString", "coordinates": [[-103.25272, 32.50672], [-103.25272, 32.50692]]}, "properties": {"operator": "Public Service Co of NM", "pipe_type": "Intrastate"}}, {"type": "Feature", "geometry": {"type": "LineString", "coordinates": [[-103.25276, 32.50631], [-103.25272, 32.50672]]}, "properties": {"operator": "Public Service Co of NM", "pipe_type": "Intrastate"}}, {"type": "Feature", "geometry": {"type": "LineString", "coordinates": [[-103.25275, 32.50589], [-103.25276, 32.50631]]}, "properties": {"operator": "Public Service Co of NM", "pipe_type": "Intrastate"}}, {"type": "Feature", "geometry": {"type": "LineString", "coordinates": [[-103.25275, 32.50581], [-103.25275, 32.50589]]}, "properties": {"operator": "Public Service Co of NM", "pipe_type": "Intrastate"}}, {"type": "Feature", "geometry": {"type": "LineString", "coordinates": [[-103.25275, 32.505], [-103.25275, 32.50581]]}, "properties": {"operator": "Public Service Co of NM", "pipe_type": "Intrastate"}}, {"type": "Feature", "geometry": {"type": "LineString", "coordinates": [[-103.25276, 32.50443], [-103.25275, 32.505]]}, "properties": {"operator": "Public Service Co of NM", "pipe_type": "Intrastate"}}, {"type": "Feature", "geometry": {"type": "LineString", "coordinates": [[-103.25277, 32.50436], [-103.25276, 32.50443]]}, "properties": {"operator": "Public Service Co of NM", "pipe_type": "Intrastate"}}, {"type": "Feature", "geometry": {"type": "LineString", "coordinates": [[-103.25277, 32.50364], [-103.25277, 32.50436]]}, "properties": {"operator": "Public Service Co of NM", "pipe_type": "Intrastate"}}, {"type": "Feature", "geometry": {"type": "LineString", "coordinates": [[-103.25276, 32.50351], [-103.25277, 32.50364]]}, "properties": {"operator": "Public Service Co of NM", "pipe_type": "Intrastate"}}, {"type": "Feature", "geometry": {"type": "LineString", "coordinates": [[-103.25277, 32.50285], [-103.25276, 32.50351]]}, "properties": {"operator": "Public Service Co of NM", "pipe_type": "Intrastate"}}, {"type": "Feature", "geometry": {"type": "LineString", "coordinates": [[-103.25275, 32.50177], [-103.25277, 32.50285]]}, "properties": {"operator": "Public Service Co of NM", "pipe_type": "Intrastate"}}, {"type": "Feature", "geometry": {"type": "LineString", "coordinates": [[-103.25276, 32.50124], [-103.25275, 32.50177]]}, "properties": {"operator": "Public Service Co of NM", "pipe_type": "Intrastate"}}, {"type": "Feature", "geometry": {"type": "LineString", "coordinates": [[-103.25279, 32.50092], [-103.25276, 32.50124]]}, "properties": {"operator": "Public Service Co of NM", "pipe_type": "Intrastate"}}, {"type": "Feature", "geometry": {"type": "LineString", "coordinates": [[-103.25279, 32.50063], [-103.25279, 32.50092]]}, "properties": {"operator": "Public Service Co of NM", "pipe_type": "Intrastate"}}, {"type": "Feature", "geometry": {"type": "LineString", "coordinates": [[-103.25278, 32.50017], [-103.25279, 32.50063]]}, "properties": {"operator": "Public Service Co of NM", "pipe_type": "Intrastate"}}, {"type": "Feature", "geometry": {"type": "LineString", "coordinates": [[-103.25277, 32.50002], [-103.25278, 32.50017]]}, "properties": {"operator": "Public Service Co of NM", "pipe_type": "Intrastate"}}, {"type": "Feature", "geometry": {"type": "LineString", "coordinates": [[-103.25277, 32.49998], [-103.25277, 32.50002]]}, "properties": {"operator": "Public Service Co of NM", "pipe_type": "Intrastate"}}, {"type": "Feature", "geometry": {"type": "LineString", "coordinates": [[-103.25278, 32.49994], [-103.25277, 32.49998]]}, "properties": {"operator": "Public Service Co of NM", "pipe_type": "Intrastate"}}, {"type": "Feature", "geometry": {"type": "LineString", "coordinates": [[-103.25278, 32.49992], [-103.25278, 32.49994]]}, "properties": {"operator": "Public Service Co of NM", "pipe_type": "Intrastate"}}, {"type": "Feature", "geometry": {"type": "LineString", "coordinates": [[-103.25278, 32.49992], [-103.25275, 32.49992]]}, "properties": {"operator": "Public Service Co of NM", "pipe_type": "Intrastate"}}, {"type": "Feature", "geometry": {"type": "LineString", "coordinates": [[-103.25314, 32.46832], [-103.25311, 32.46835], [-103.2531, 32.46845]]}, "properties": {"operator": "Public Service Co of NM", "pipe_type": "Intrastate"}}, {"type": "Feature", "geometry": {"type": "LineString", "coordinates": [[-103.2531, 32.46845], [-103.25309, 32.46856], [-103.25307, 32.47228], [-103.25308, 32.47429], [-103.25309, 32.47556], [-103.25307, 32.47895], [-103.25307, 32.48084], [-103.25307, 32.48316], [-103.25307, 32.48333], [-103.25308, 32.48347], [-103.25308, 32.48371], [-103.25308, 32.48441], [-103.25306, 32.48666], [-103.25302, 32.4885], [-103.25302, 32.48882], [-103.25301, 32.49056], [-103.25299, 32.49244], [-103.25295, 32.49288], [-103.25295, 32.49354], [-103.25294, 32.4939], [-103.25294, 32.49416], [-103.25294, 32.49473], [-103.25293, 32.49511], [-103.25293, 32.49536], [-103.25291, 32.49563], [-103.25289, 32.49718], [-103.2529, 32.49769], [-103.2528, 32.49876], [-103.25278, 32.49945], [-103.25278, 32.49983], [-103.25278, 32.49992]]}, "properties": {"operator": "Public Service Co of NM", "pipe_type": "Intrastate"}}, {"type": "Feature", "geometry": {"type": "LineString", "coordinates": [[-103.25114, 32.50949], [-103.25096, 32.50971]]}, "properties": {"operator": "Public Service Co of NM", "pipe_type": "Intrastate"}}, {"type": "Feature", "geometry": {"type": "LineString", "coordinates": [[-103.25117, 32.50945], [-103.25114, 32.50949]]}, "properties": {"operator": "Public Service Co of NM", "pipe_type": "Intrastate"}}, {"type": "Feature", "geometry": {"type": "LineString", "coordinates": [[-103.25137, 32.50925], [-103.25117, 32.50945]]}, "properties": {"operator": "Public Service Co of NM", "pipe_type": "Intrastate"}}, {"type": "Feature", "geometry": {"type": "LineString", "coordinates": [[-103.25152, 32.50907], [-103.25137, 32.50925]]}, "properties": {"operator": "Public Service Co of NM", "pipe_type": "Intrastate"}}, {"type": "Feature", "geometry": {"type": "LineString", "coordinates": [[-103.25157, 32.50903], [-103.25152, 32.50907]]}, "properties": {"operator": "Public Service Co of NM", "pipe_type": "Intrastate"}}, {"type": "Feature", "geometry": {"type": "LineString", "coordinates": [[-103.25161, 32.50893], [-103.25157, 32.50903]]}, "properties": {"operator": "Public Service Co of NM", "pipe_type": "Intrastate"}}, {"type": "Feature", "geometry": {"type": "LineString", "coordinates": [[-103.25163, 32.50891], [-103.25161, 32.50893]]}, "properties": {"operator": "Public Service Co of NM", "pipe_type": "Intrastate"}}, {"type": "Feature", "geometry": {"type": "LineString", "coordinates": [[-103.2517, 32.50889], [-103.25163, 32.50891]]}, "properties": {"operator": "Public Service Co of NM", "pipe_type": "Intrastate"}}, {"type": "Feature", "geometry": {"type": "LineString", "coordinates": [[-103.25173, 32.50886], [-103.2517, 32.50889]]}, "properties": {"operator": "Public Service Co of NM", "pipe_type": "Intrastate"}}, {"type": "Feature", "geometry": {"type": "LineString", "coordinates": [[-103.25175, 32.50884], [-103.25173, 32.50886]]}, "properties": {"operator": "Public Service Co of NM", "pipe_type": "Intrastate"}}, {"type": "Feature", "geometry": {"type": "LineString", "coordinates": [[-103.25182, 32.50875], [-103.25175, 32.50884]]}, "properties": {"operator": "Public Service Co of NM", "pipe_type": "Intrastate"}}, {"type": "Feature", "geometry": {"type": "LineString", "coordinates": [[-103.25193, 32.50865], [-103.25182, 32.50875]]}, "properties": {"operator": "Public Service Co of NM", "pipe_type": "Intrastate"}}, {"type": "Feature", "geometry": {"type": "LineString", "coordinates": [[-103.25209, 32.50846], [-103.25193, 32.50865]]}, "properties": {"operator": "Public Service Co of NM", "pipe_type": "Intrastate"}}, {"type": "Feature", "geometry": {"type": "LineString", "coordinates": [[-103.25227, 32.50827], [-103.25209, 32.50846]]}, "properties": {"operator": "Public Service Co of NM", "pipe_type": "Intrastate"}}, {"type": "Feature", "geometry": {"type": "LineString", "coordinates": [[-103.25251, 32.50803], [-103.25227, 32.50827]]}, "properties": {"operator": "Public Service Co of NM", "pipe_type": "Intrastate"}}, {"type": "Feature", "geometry": {"type": "LineString", "coordinates": [[-103.25265, 32.50781], [-103.25251, 32.50803]]}, "properties": {"operator": "Public Service Co of NM", "pipe_type": "Intrastate"}}, {"type": "Feature", "geometry": {"type": "LineString", "coordinates": [[-103.25271, 32.50773], [-103.25265, 32.50781]]}, "properties": {"operator": "Public Service Co of NM", "pipe_type": "Intrastate"}}, {"type": "Feature", "geometry": {"type": "LineString", "coordinates": [[-103.25273, 32.50755], [-103.25271, 32.50773]]}, "properties": {"operator": "Public Service Co of NM", "pipe_type": "Intrastate"}}, {"type": "Feature", "geometry": {"type": "LineString", "coordinates": [[-103.25747, 32.51583], [-103.25751, 32.51584]]}, "properties": {"operator": "Public Service Co of NM", "pipe_type": "Intrastate"}}, {"type": "Feature", "geometry": {"type": "LineString", "coordinates": [[-103.25745, 32.51582], [-103.25747, 32.51583]]}, "properties": {"operator": "Public Service Co of NM", "pipe_type": "Intrastate"}}, {"type": "Feature", "geometry": {"type": "LineString", "coordinates": [[-103.25743, 32.51581], [-103.25745, 32.51582]]}, "properties": {"operator": "Public Service Co of NM", "pipe_type": "Intrastate"}}, {"type": "Feature", "geometry": {"type": "LineString", "coordinates": [[-103.2573, 32.51563], [-103.25743, 32.51581]]}, "properties": {"operator": "Public Service Co of NM", "pipe_type": "Intrastate"}}, {"type": "Feature", "geometry": {"type": "LineString", "coordinates": [[-103.257, 32.51531], [-103.2573, 32.51563]]}, "properties": {"operator": "Public Service Co of NM", "pipe_type": "Intrastate"}}, {"type": "Feature", "geometry": {"type": "LineString", "coordinates": [[-103.25698, 32.51527], [-103.257, 32.51531]]}, "properties": {"operator": "Public Service Co of NM", "pipe_type": "Intrastate"}}, {"type": "Feature", "geometry": {"type": "LineString", "coordinates": [[-103.2567, 32.51497], [-103.25698, 32.51527]]}, "properties": {"operator": "Public Service Co of NM", "pipe_type": "Intrastate"}}, {"type": "Feature", "geometry": {"type": "LineString", "coordinates": [[-103.2565, 32.51473], [-103.2567, 32.51497]]}, "properties": {"operator": "Public Service Co of NM", "pipe_type": "Intrastate"}}, {"type": "Feature", "geometry": {"type": "LineString", "coordinates": [[-103.25637, 32.51459], [-103.2565, 32.51473]]}, "properties": {"operator": "Public Service Co of NM", "pipe_type": "Intrastate"}}, {"type": "Feature", "geometry": {"type": "LineString", "coordinates": [[-103.25615, 32.51434], [-103.25637, 32.51459]]}, "properties": {"operator": "Public Service Co of NM", "pipe_type": "Intrastate"}}, {"type": "Feature", "geometry": {"type": "LineString", "coordinates": [[-103.25604, 32.51424], [-103.25615, 32.51434]]}, "properties": {"operator": "Public Service Co of NM", "pipe_type": "Intrastate"}}, {"type": "Feature", "geometry": {"type": "LineString", "coordinates": [[-103.25598, 32.51415], [-103.25604, 32.51424]]}, "properties": {"operator": "Public Service Co of NM", "pipe_type": "Intrastate"}}, {"type": "Feature", "geometry": {"type": "LineString", "coordinates": [[-103.2559, 32.51405], [-103.25598, 32.51415]]}, "properties": {"operator": "Public Service Co of NM", "pipe_type": "Intrastate"}}, {"type": "Feature", "geometry": {"type": "LineString", "coordinates": [[-103.2555, 32.51359], [-103.2559, 32.51405]]}, "properties": {"operator": "Public Service Co of NM", "pipe_type": "Intrastate"}}, {"type": "Feature", "geometry": {"type": "LineString", "coordinates": [[-103.25543, 32.5135], [-103.2555, 32.51359]]}, "properties": {"operator": "Public Service Co of NM", "pipe_type": "Intrastate"}}, {"type": "Feature", "geometry": {"type": "LineString", "coordinates": [[-103.25538, 32.51344], [-103.25543, 32.5135]]}, "properties": {"operator": "Public Service Co of NM", "pipe_type": "Intrastate"}}, {"type": "Feature", "geometry": {"type": "LineString", "coordinates": [[-103.25525, 32.51329], [-103.25538, 32.51344]]}, "properties": {"operator": "Public Service Co of NM", "pipe_type": "Intrastate"}}, {"type": "Feature", "geometry": {"type": "LineString", "coordinates": [[-103.25465, 32.51266], [-103.25525, 32.51329]]}, "properties": {"operator": "Public Service Co of NM", "pipe_type": "Intrastate"}}, {"type": "Feature", "geometry": {"type": "LineString", "coordinates": [[-103.2542, 32.51208], [-103.25465, 32.51266]]}, "properties": {"operator": "Public Service Co of NM", "pipe_type": "Intrastate"}}, {"type": "Feature", "geometry": {"type": "LineString", "coordinates": [[-103.2542, 32.51207], [-103.2542, 32.51208]]}, "properties": {"operator": "Public Service Co of NM", "pipe_type": "Intrastate"}}, {"type": "Feature", "geometry": {"type": "LineString", "coordinates": [[-103.25389, 32.51176], [-103.2542, 32.51207]]}, "properties": {"operator": "Public Service Co of NM", "pipe_type": "Intrastate"}}, {"type": "Feature", "geometry": {"type": "LineString", "coordinates": [[-103.25378, 32.51156], [-103.25389, 32.51176]]}, "properties": {"operator": "Public Service Co of NM", "pipe_type": "Intrastate"}}, {"type": "Feature", "geometry": {"type": "LineString", "coordinates": [[-103.25338, 32.5113], [-103.25378, 32.51156]]}, "properties": {"operator": "Public Service Co of NM", "pipe_type": "Intrastate"}}, {"type": "Feature", "geometry": {"type": "LineString", "coordinates": [[-103.25328, 32.51124], [-103.25338, 32.5113]]}, "properties": {"operator": "Public Service Co of NM", "pipe_type": "Intrastate"}}, {"type": "Feature", "geometry": {"type": "LineString", "coordinates": [[-103.2531, 32.51112], [-103.25328, 32.51124]]}, "properties": {"operator": "Public Service Co of NM", "pipe_type": "Intrastate"}}, {"type": "Feature", "geometry": {"type": "LineString", "coordinates": [[-103.25307, 32.5111], [-103.2531, 32.51112]]}, "properties": {"operator": "Public Service Co of NM", "pipe_type": "Intrastate"}}, {"type": "Feature", "geometry": {"type": "LineString", "coordinates": [[-103.2529, 32.51097], [-103.25307, 32.5111]]}, "properties": {"operator": "Public Service Co of NM", "pipe_type": "Intrastate"}}, {"type": "Feature", "geometry": {"type": "LineString", "coordinates": [[-103.25275, 32.51087], [-103.2529, 32.51097]]}, "properties": {"operator": "Public Service Co of NM", "pipe_type": "Intrastate"}}, {"type": "Feature", "geometry": {"type": "LineString", "coordinates": [[-103.25264, 32.51079], [-103.25275, 32.51087]]}, "properties": {"operator": "Public Service Co of NM", "pipe_type": "Intrastate"}}, {"type": "Feature", "geometry": {"type": "LineString", "coordinates": [[-103.25243, 32.51065], [-103.25264, 32.51079]]}, "properties": {"operator": "Public Service Co of NM", "pipe_type": "Intrastate"}}, {"type": "Feature", "geometry": {"type": "LineString", "coordinates": [[-103.25231, 32.51057], [-103.25243, 32.51065]]}, "properties": {"operator": "Public Service Co of NM", "pipe_type": "Intrastate"}}, {"type": "Feature", "geometry": {"type": "LineString", "coordinates": [[-103.2522, 32.51051], [-103.25231, 32.51057]]}, "properties": {"operator": "Public Service Co of NM", "pipe_type": "Intrastate"}}, {"type": "Feature", "geometry": {"type": "LineString", "coordinates": [[-103.25183, 32.51027], [-103.2522, 32.51051]]}, "properties": {"operator": "Public Service Co of NM", "pipe_type": "Intrastate"}}, {"type": "Feature", "geometry": {"type": "LineString", "coordinates": [[-103.25164, 32.51015], [-103.25183, 32.51027]]}, "properties": {"operator": "Public Service Co of NM", "pipe_type": "Intrastate"}}, {"type": "Feature", "geometry": {"type": "LineString", "coordinates": [[-103.25148, 32.51003], [-103.25164, 32.51015]]}, "properties": {"operator": "Public Service Co of NM", "pipe_type": "Intrastate"}}, {"type": "Feature", "geometry": {"type": "LineString", "coordinates": [[-103.25128, 32.5099], [-103.25148, 32.51003]]}, "properties": {"operator": "Public Service Co of NM", "pipe_type": "Intrastate"}}, {"type": "Feature", "geometry": {"type": "LineString", "coordinates": [[-103.25111, 32.50982], [-103.25128, 32.5099]]}, "properties": {"operator": "Public Service Co of NM", "pipe_type": "Intrastate"}}, {"type": "Feature", "geometry": {"type": "LineString", "coordinates": [[-103.25109, 32.50981], [-103.25111, 32.50982]]}, "properties": {"operator": "Public Service Co of NM", "pipe_type": "Intrastate"}}, {"type": "Feature", "geometry": {"type": "LineString", "coordinates": [[-103.251, 32.50974], [-103.25109, 32.50981]]}, "properties": {"operator": "Public Service Co of NM", "pipe_type": "Intrastate"}}, {"type": "Feature", "geometry": {"type": "LineString", "coordinates": [[-103.25098, 32.50973], [-103.251, 32.50974]]}, "properties": {"operator": "Public Service Co of NM", "pipe_type": "Intrastate"}}, {"type": "Feature", "geometry": {"type": "LineString", "coordinates": [[-103.25096, 32.50971], [-103.25098, 32.50973]]}, "properties": {"operator": "Public Service Co of NM", "pipe_type": "Intrastate"}}, {"type": "Feature", "geometry": {"type": "LineString", "coordinates": [[-103.36995, 32.70163], [-103.37011, 32.70161], [-103.37197, 32.70142], [-103.37206, 32.70141], [-103.37326, 32.70128], [-103.37376, 32.70123], [-103.37404, 32.70122], [-103.37472, 32.70114], [-103.3749, 32.70112], [-103.37559, 32.70106], [-103.37596, 32.701], [-103.37619, 32.70099], [-103.37666, 32.70094], [-103.37729, 32.70088], [-103.37783, 32.70082], [-103.37846, 32.70077], [-103.3788, 32.70073], [-103.37931, 32.70068], [-103.37947, 32.70067], [-103.37984, 32.70062], [-103.38037, 32.70057], [-103.38131, 32.70048], [-103.38256, 32.70035], [-103.38275, 32.70033], [-103.38298, 32.70031], [-103.38333, 32.70028], [-103.38383, 32.70022], [-103.384, 32.70021], [-103.38504, 32.7001], [-103.38535, 32.70006], [-103.38543, 32.70005], [-103.38592, 32.7], [-103.38695, 32.6999], [-103.38732, 32.69986], [-103.38784, 32.69982], [-103.38878, 32.69973], [-103.38892, 32.6997], [-103.38907, 32.6997], [-103.38966, 32.69964], [-103.39125, 32.69947], [-103.39145, 32.69945], [-103.39194, 32.69938], [-103.39232, 32.69936], [-103.39266, 32.69934], [-103.39276, 32.69931], [-103.39391, 32.6992], [-103.39408, 32.69919], [-103.39507, 32.69907], [-103.39531, 32.69907], [-103.39607, 32.69898], [-103.39615, 32.69897], [-103.39738, 32.69883], [-103.39751, 32.69883], [-103.39771, 32.69881], [-103.39783, 32.69881], [-103.39857, 32.69873], [-103.39861, 32.69872], [-103.39869, 32.6987], [-103.39968, 32.69861], [-103.4002, 32.69856], [-103.40046, 32.69853], [-103.40095, 32.69848], [-103.40156, 32.69842], [-103.40224, 32.69835], [-103.40239, 32.69834], [-103.40288, 32.69828], [-103.40314, 32.69827], [-103.4036, 32.69821], [-103.40383, 32.6982], [-103.40465, 32.69811], [-103.40582, 32.69798], [-103.40746, 32.69782], [-103.40902, 32.69766], [-103.41006, 32.69754], [-103.41024, 32.69752], [-103.41069, 32.69748], [-103.41136, 32.69741], [-103.41192, 32.69737], [-103.41231, 32.69733], [-103.41303, 32.69726], [-103.41392, 32.69716], [-103.41518, 32.69703], [-103.41596, 32.69695], [-103.41615, 32.69693], [-103.41645, 32.6969], [-103.41668, 32.69691], [-103.41679, 32.69679], [-103.4168, 32.69654], [-103.41676, 32.69622], [-103.41676, 32.6961], [-103.41746, 32.69602], [-103.41853, 32.69592], [-103.41858, 32.69591], [-103.41882, 32.69589], [-103.4191, 32.69586], [-103.41926, 32.69585], [-103.42021, 32.69576], [-103.42041, 32.69575], [-103.42176, 32.69562], [-103.42204, 32.69559], [-103.42285, 32.69552], [-103.42377, 32.69543], [-103.42489, 32.69532], [-103.4251, 32.69531], [-103.42591, 32.69523], [-103.426, 32.69522], [-103.42683, 32.69514], [-103.42701, 32.69513], [-103.42792, 32.69504], [-103.42883, 32.69496], [-103.42948, 32.6949], [-103.42973, 32.69486], [-103.43008, 32.69482], [-103.43133, 32.69457], [-103.43179, 32.69447], [-103.43213, 32.69439], [-103.4323, 32.69435], [-103.43259, 32.69429], [-103.43278, 32.69426], [-103.43398, 32.69399], [-103.43463, 32.69385], [-103.43529, 32.6937], [-103.43587, 32.69357], [-103.43667, 32.6934], [-103.4382, 32.69308], [-103.43853, 32.69299], [-103.43905, 32.69287], [-103.43919, 32.69285], [-103.43948, 32.69278], [-103.44028, 32.69261], [-103.44133, 32.69238], [-103.4416, 32.69234], [-103.44242, 32.69215], [-103.44295, 32.69203], [-103.44328, 32.69196], [-103.44361, 32.69188], [-103.44397, 32.69181], [-103.44404, 32.69179], [-103.44426, 32.69175], [-103.44553, 32.6915], [-103.44575, 32.69144], [-103.44669, 32.69125], [-103.44674, 32.69123], [-103.44764, 32.69104], [-103.44798, 32.69098], [-103.44889, 32.69079], [-103.44923, 32.69071], [-103.45012, 32.69051], [-103.45039, 32.69046], [-103.45066, 32.6904], [-103.45198, 32.69012], [-103.45238, 32.69003], [-103.45257, 32.68999], [-103.45358, 32.68977], [-103.45415, 32.68965], [-103.45505, 32.68944], [-103.45542, 32.68935], [-103.45591, 32.68926], [-103.45664, 32.6891], [-103.45679, 32.68906], [-103.45788, 32.68885], [-103.45799, 32.68882], [-103.45885, 32.68863], [-103.45929, 32.68854], [-103.45973, 32.68844], [-103.46028, 32.68832], [-103.46096, 32.68818], [-103.46119, 32.68813], [-103.46187, 32.68798], [-103.46269, 32.6878], [-103.46344, 32.68764], [-103.46367, 32.68758], [-103.4645, 32.68741], [-103.46515, 32.68726], [-103.46626, 32.68702], [-103.46712, 32.68685], [-103.46759, 32.68674], [-103.46796, 32.68666], [-103.46847, 32.68654], [-103.46902, 32.68642], [-103.46918, 32.68639], [-103.47005, 32.6862], [-103.47125, 32.68594], [-103.47233, 32.68571], [-103.47315, 32.68553], [-103.4734, 32.68547], [-103.47504, 32.6851], [-103.47574, 32.68495], [-103.4761, 32.68488], [-103.47687, 32.68471], [-103.47816, 32.68445], [-103.47844, 32.68439], [-103.47932, 32.6842], [-103.48002, 32.68405], [-103.48052, 32.68393], [-103.48082, 32.68386], [-103.48167, 32.6837], [-103.48288, 32.68344], [-103.48358, 32.68329], [-103.484, 32.68319], [-103.48429, 32.68312], [-103.48438, 32.68309], [-103.4855, 32.68286], [-103.48685, 32.68258], [-103.48785, 32.68236], [-103.48864, 32.68221], [-103.4891, 32.6821], [-103.48965, 32.68199], [-103.49009, 32.6819], [-103.49023, 32.68185], [-103.49075, 32.68175], [-103.4911, 32.68167], [-103.49132, 32.68162], [-103.49165, 32.68156], [-103.49233, 32.6814], [-103.49263, 32.68134], [-103.49276, 32.6813], [-103.49341, 32.68117], [-103.49373, 32.6811], [-103.49402, 32.68103], [-103.49423, 32.68099], [-103.49451, 32.68093], [-103.49501, 32.68083], [-103.49583, 32.68063], [-103.49602, 32.68058], [-103.49621, 32.68055], [-103.49686, 32.68042], [-103.49762, 32.68025], [-103.49838, 32.68007], [-103.49866, 32.68002], [-103.49924, 32.6799], [-103.49953, 32.67984], [-103.50003, 32.67972], [-103.50065, 32.67959], [-103.50119, 32.67947], [-103.50133, 32.67943], [-103.50178, 32.67935], [-103.50225, 32.67925], [-103.50314, 32.67906], [-103.50443, 32.67878], [-103.50467, 32.67873], [-103.50564, 32.67852], [-103.50636, 32.67836], [-103.50657, 32.67832], [-103.50791, 32.67803], [-103.50893, 32.67781], [-103.51022, 32.67753], [-103.51169, 32.67721], [-103.51287, 32.67696], [-103.51371, 32.67677], [-103.51449, 32.6766], [-103.5158, 32.67633], [-103.51598, 32.67629], [-103.51674, 32.67612], [-103.51842, 32.67576], [-103.5196, 32.67549], [-103.5211, 32.67516], [-103.52212, 32.67495], [-103.52231, 32.67492], [-103.52341, 32.67467], [-103.52372, 32.6746], [-103.52398, 32.67454], [-103.52432, 32.67447], [-103.52465, 32.6744], [-103.52523, 32.67428], [-103.52552, 32.67421], [-103.52635, 32.67403], [-103.52653, 32.674], [-103.52686, 32.67392], [-103.52696, 32.67391], [-103.52729, 32.67383], [-103.52777, 32.67373], [-103.52784, 32.67372], [-103.52862, 32.67354], [-103.52876, 32.67351], [-103.52946, 32.67336], [-103.52961, 32.67333], [-103.53028, 32.67317], [-103.53054, 32.67313], [-103.53118, 32.67299], [-103.53197, 32.67282], [-103.53245, 32.67272], [-103.53277, 32.67262]]}, "properties": {"operator": "Public Service Co of NM", "pipe_type": "Intrastate"}}, {"type": "Feature", "geometry": {"type": "LineString", "coordinates": [[-103.58785, 32.6975], [-103.59033, 32.69859], [-103.59836, 32.70205], [-103.60179, 32.70353], [-103.6092, 32.70678], [-103.61021, 32.70727], [-103.61532, 32.70955], [-103.61667, 32.71016], [-103.62157, 32.71232], [-103.62237, 32.71269], [-103.62602, 32.71435], [-103.62879, 32.71561], [-103.62985, 32.71608], [-103.6361, 32.71887], [-103.64039, 32.72076], [-103.64423, 32.7225], [-103.64575, 32.72319]]}, "properties": {"operator": "Public Service Co of NM", "pipe_type": "Intrastate"}}, {"type": "Feature", "geometry": {"type": "LineString", "coordinates": [[-103.66196, 32.73068], [-103.65079, 32.72553], [-103.64615, 32.72337]]}, "properties": {"operator": "Public Service Co of NM", "pipe_type": "Intrastate"}}, {"type": "Feature", "geometry": {"type": "LineString", "coordinates": [[-103.64575, 32.72319], [-103.6458, 32.72322], [-103.64598, 32.7233], [-103.64604, 32.72332], [-103.64607, 32.72334]]}, "properties": {"operator": "Public Service Co of NM", "pipe_type": "Intrastate"}}, {"type": "Feature", "geometry": {"type": "LineString", "coordinates": [[-103.53277, 32.67262], [-103.53291, 32.6726], [-103.53307, 32.67256], [-103.53325, 32.67256], [-103.53333, 32.67259], [-103.5337, 32.6727], [-103.5446, 32.67736], [-103.54794, 32.68004], [-103.55171, 32.68172], [-103.55532, 32.68328], [-103.55653, 32.6838], [-103.55857, 32.68472], [-103.55879, 32.68479], [-103.56386, 32.68704], [-103.57662, 32.69262], [-103.58785, 32.6975]]}, "properties": {"operator": "Public Service Co of NM", "pipe_type": "Intrastate"}}, {"type": "Feature", "geometry": {"type": "LineString", "coordinates": [[-103.29846, 32.83522], [-103.29845, 32.83651], [-103.29844, 32.84058], [-103.29843, 32.84181], [-103.29842, 32.84448], [-103.29842, 32.84806], [-103.29846, 32.84987], [-103.29859, 32.85114], [-103.29863, 32.85211], [-103.29858, 32.85267], [-103.29863, 32.85323], [-103.29862, 32.85361], [-103.29859, 32.85479], [-103.29866, 32.85551], [-103.29869, 32.85654], [-103.29876, 32.85677], [-103.29886, 32.85706], [-103.29894, 32.85747], [-103.29897, 32.85777], [-103.29904, 32.85798], [-103.2991, 32.85828], [-103.29929, 32.85924], [-103.29944, 32.85998], [-103.29964, 32.86111], [-103.29981, 32.86196], [-103.29986, 32.8622], [-103.29995, 32.86254], [-103.3004, 32.8637], [-103.30141, 32.86604], [-103.30231, 32.86817], [-103.30231, 32.86827], [-103.30236, 32.86843], [-103.3028, 32.86968], [-103.30285, 32.86987], [-103.3029, 32.87008], [-103.30299, 32.87048], [-103.303, 32.87056], [-103.30304, 32.87064], [-103.30315, 32.87105]]}, "properties": {"operator": "Public Service Co of NM", "pipe_type": "Intrastate"}}, {"type": "Feature", "geometry": {"type": "LineString", "coordinates": [[-103.24841, 32.82982], [-103.24991, 32.83132], [-103.26961, 32.85141], [-103.28321, 32.86524], [-103.28361, 32.86562], [-103.28392, 32.86593], [-103.28409, 32.86611]]}, "properties": {"operator": "Public Service Co of NM", "pipe_type": "Intrastate"}}, {"type": "Feature", "geometry": {"type": "LineString", "coordinates": [[-103.29445, 32.78288], [-103.29275, 32.78387], [-103.28981, 32.78568], [-103.28937, 32.78599], [-103.28727, 32.78729], [-103.28654, 32.7877], [-103.28625, 32.78787], [-103.28545, 32.78839], [-103.28191, 32.79055], [-103.28013, 32.79166], [-103.27403, 32.79539], [-103.27289, 32.79609], [-103.27265, 32.79628], [-103.27243, 32.79637], [-103.26939, 32.79822], [-103.2688, 32.79857], [-103.26728, 32.7995], [-103.26707, 32.79965], [-103.26657, 32.79994], [-103.2648, 32.80102], [-103.26432, 32.80131], [-103.26211, 32.80266], [-103.26066, 32.80354], [-103.25699, 32.80579], [-103.25456, 32.80727], [-103.25359, 32.80792], [-103.24749, 32.81237], [-103.2438, 32.81502], [-103.24333, 32.81535], [-103.2405, 32.8174], [-103.24007, 32.81773], [-103.23892, 32.81858], [-103.2387, 32.8187]]}, "properties": {"operator": "Public Service Co of NM", "pipe_type": "Intrastate"}}, {"type": "Feature", "geometry": {"type": "LineString", "coordinates": [[-103.3428, 32.71687], [-103.34278, 32.71691], [-103.34266, 32.71716], [-103.34261, 32.71729], [-103.34258, 32.71735], [-103.34229, 32.71786], [-103.34213, 32.71819], [-103.34207, 32.71834], [-103.34192, 32.71857], [-103.34183, 32.71877], [-103.34128, 32.7198], [-103.34121, 32.71994], [-103.34089, 32.7205], [-103.34066, 32.72092], [-103.33968, 32.72273], [-103.33914, 32.7237], [-103.33859, 32.72473], [-103.33819, 32.72547], [-103.33549, 32.73041], [-103.33279, 32.73535], [-103.3325, 32.73583], [-103.33202, 32.73671], [-103.33183, 32.73704], [-103.33173, 32.73723], [-103.33163, 32.73742], [-103.3312, 32.73822], [-103.33049, 32.7395], [-103.32948, 32.74133], [-103.32908, 32.74207], [-103.32893, 32.7423], [-103.3288, 32.74241], [-103.32702, 32.74382], [-103.32618, 32.74449], [-103.32568, 32.74491], [-103.32542, 32.7454], [-103.32491, 32.74653], [-103.32433, 32.7478], [-103.32324, 32.75018], [-103.32193, 32.75305], [-103.32111, 32.75484], [-103.31982, 32.75763], [-103.32026, 32.75667], [-103.31912, 32.75917], [-103.317, 32.76378], [-103.3149, 32.76834], [-103.31446, 32.76926], [-103.31428, 32.76966], [-103.31416, 32.76997], [-103.31403, 32.7702], [-103.3139, 32.77049], [-103.31372, 32.77096], [-103.31367, 32.77102], [-103.31361, 32.77105]]}, "properties": {"operator": "Public Service Co of NM", "pipe_type": "Intrastate"}}, {"type": "Feature", "geometry": {"type": "LineString", "coordinates": [[-103.34991, 32.70325], [-103.34996, 32.70329], [-103.34997, 32.7033], [-103.34999, 32.70338], [-103.35001, 32.70346], [-103.35001, 32.70348], [-103.35008, 32.70363], [-103.35014, 32.70364], [-103.35046, 32.70364], [-103.3505, 32.70365], [-103.35057, 32.70378], [-103.35067, 32.704], [-103.3507, 32.7041], [-103.35074, 32.70417], [-103.35073, 32.70422], [-103.35083, 32.70444], [-103.35095, 32.70475], [-103.35111, 32.70515], [-103.35129, 32.70561], [-103.35132, 32.70568], [-103.35141, 32.70591], [-103.35155, 32.70626], [-103.35177, 32.70682], [-103.35189, 32.70711], [-103.35202, 32.70747], [-103.35215, 32.70778], [-103.35222, 32.70798], [-103.35236, 32.70833], [-103.35242, 32.7085], [-103.35256, 32.70883], [-103.35266, 32.7091], [-103.35278, 32.70939], [-103.35293, 32.70978], [-103.35304, 32.71008], [-103.35314, 32.71031], [-103.35322, 32.71052], [-103.35326, 32.7106], [-103.35346, 32.71144], [-103.35347, 32.71149], [-103.35347, 32.71158], [-103.35348, 32.71163]]}, "properties": {"operator": "Public Service Co of NM", "pipe_type": "Intrastate"}}, {"type": "Feature", "geometry": {"type": "LineString", "coordinates": [[-103.34991, 32.70325], [-103.34997, 32.70326], [-103.34998, 32.70327], [-103.34999, 32.70328], [-103.35, 32.70329], [-103.35002, 32.70337], [-103.35004, 32.70346], [-103.35004, 32.70348], [-103.3501, 32.70361], [-103.35014, 32.70361], [-103.35047, 32.70361], [-103.35053, 32.70363], [-103.3506, 32.70377], [-103.3507, 32.704], [-103.35073, 32.70409], [-103.35077, 32.70417], [-103.35076, 32.70422], [-103.35086, 32.70443], [-103.35098, 32.70474], [-103.35114, 32.70514], [-103.35132, 32.7056], [-103.35135, 32.70567], [-103.35144, 32.7059], [-103.35158, 32.70625], [-103.3518, 32.70681], [-103.35192, 32.7071], [-103.35205, 32.70746], [-103.35218, 32.70778], [-103.35225, 32.70797], [-103.35239, 32.70833], [-103.35246, 32.70849], [-103.35259, 32.70882], [-103.35269, 32.70909], [-103.35281, 32.70938], [-103.35296, 32.70977], [-103.35307, 32.71007], [-103.35317, 32.7103], [-103.35325, 32.71051], [-103.35329, 32.71059], [-103.3535, 32.71143], [-103.3535, 32.71149], [-103.35351, 32.71157], [-103.35351, 32.71163]]}, "properties": {"operator": "Public Service Co of NM", "pipe_type": "Intrastate"}}, {"type": "Feature", "geometry": {"type": "LineString", "coordinates": [[-103.34991, 32.70325], [-103.34985, 32.7033], [-103.34964, 32.7037], [-103.34944, 32.70409], [-103.34821, 32.70634], [-103.34692, 32.70887], [-103.34601, 32.71058], [-103.34582, 32.711], [-103.34534, 32.71189], [-103.3445, 32.71355], [-103.34387, 32.7148], [-103.34308, 32.71634], [-103.3428, 32.71687]]}, "properties": {"operator": "Public Service Co of NM", "pipe_type": "Intrastate"}}, {"type": "Feature", "geometry": {"type": "LineString", "coordinates": [[-103.34991, 32.70325], [-103.35008, 32.7032], [-103.35058, 32.70316], [-103.35148, 32.7031], [-103.35229, 32.70303], [-103.35256, 32.70301], [-103.35408, 32.7029], [-103.35562, 32.70278], [-103.35582, 32.70277], [-103.35724, 32.70265], [-103.35744, 32.70264], [-103.35806, 32.70258], [-103.3588, 32.70254], [-103.35957, 32.70247], [-103.36094, 32.70236], [-103.3612, 32.70235], [-103.36364, 32.70216], [-103.36535, 32.70203], [-103.36593, 32.70198], [-103.36669, 32.70193], [-103.3675, 32.70187], [-103.36892, 32.70174], [-103.36911, 32.70171], [-103.36932, 32.7017], [-103.36949, 32.70167], [-103.36995, 32.70163]]}, "properties": {"operator": "Public Service Co of NM", "pipe_type": "Intrastate"}}, {"type": "Feature", "geometry": {"type": "LineString", "coordinates": [[-103.33697, 32.66868], [-103.33707, 32.66895], [-103.33712, 32.6691], [-103.33718, 32.6692], [-103.33732, 32.66962], [-103.3374, 32.66979]]}, "properties": {"operator": "Public Service Co of NM", "pipe_type": "Intrastate"}}, {"type": "Feature", "geometry": {"type": "LineString", "coordinates": [[-103.33697, 32.66868], [-103.33696, 32.66868]]}, "properties": {"operator": "Public Service Co of NM", "pipe_type": "Intrastate"}}, {"type": "Feature", "geometry": {"type": "LineString", "coordinates": [[-103.3374, 32.66979], [-103.34629, 32.69354], [-103.34751, 32.69682], [-103.34759, 32.69723], [-103.34777, 32.69765], [-103.34786, 32.69791], [-103.3494, 32.70196], [-103.34976, 32.70289], [-103.34982, 32.70304], [-103.34991, 32.70325]]}, "properties": {"operator": "Public Service Co of NM", "pipe_type": "Intrastate"}}, {"type": "Feature", "geometry": {"type": "LineString", "coordinates": [[-103.3535, 32.71163], [-103.35351, 32.71163]]}, "properties": {"operator": "Public Service Co of NM", "pipe_type": "Intrastate"}}, {"type": "Feature", "geometry": {"type": "LineString", "coordinates": [[-103.35348, 32.71163], [-103.3535, 32.71163]]}, "properties": {"operator": "Public Service Co of NM", "pipe_type": "Intrastate"}}, {"type": "Feature", "geometry": {"type": "LineString", "coordinates": [[-103.29851, 32.78034], [-103.29851, 32.78038], [-103.2985, 32.78041], [-103.2985, 32.78044], [-103.2985, 32.78067], [-103.29851, 32.78133], [-103.29851, 32.78298], [-103.29852, 32.78371], [-103.2985, 32.78419], [-103.2985, 32.78471], [-103.29851, 32.78516], [-103.29851, 32.78593], [-103.29852, 32.78877], [-103.29851, 32.7893], [-103.29849, 32.79122], [-103.29846, 32.79156], [-103.29849, 32.79166], [-103.29848, 32.79561], [-103.29847, 32.79949], [-103.29846, 32.80107], [-103.29849, 32.80175], [-103.29847, 32.80357], [-103.29846, 32.80633], [-103.29848, 32.80769], [-103.29845, 32.81002], [-103.29846, 32.81272], [-103.29845, 32.81597], [-103.29845, 32.82085], [-103.29844, 32.82486], [-103.29844, 32.82838], [-103.29842, 32.83067], [-103.29845, 32.8339], [-103.29846, 32.83522]]}, "properties": {"operator": "Public Service Co of NM", "pipe_type": "Intrastate"}}, {"type": "Feature", "geometry": {"type": "LineString", "coordinates": [[-103.29445, 32.78288], [-103.2944, 32.78284]]}, "properties": {"operator": "Public Service Co of NM", "pipe_type": "Intrastate"}}, {"type": "Feature", "geometry": {"type": "LineString", "coordinates": [[-103.31361, 32.77105], [-103.31177, 32.77217], [-103.31071, 32.77282], [-103.30943, 32.77361], [-103.30823, 32.77437], [-103.30667, 32.77533], [-103.30613, 32.77569], [-103.30572, 32.77591], [-103.30366, 32.77717], [-103.30102, 32.77881], [-103.29961, 32.77968], [-103.2992, 32.77993], [-103.29879, 32.78013], [-103.29878, 32.78015], [-103.29869, 32.78024], [-103.29859, 32.7803], [-103.29851, 32.78034]]}, "properties": {"operator": "Public Service Co of NM", "pipe_type": "Intrastate"}}, {"type": "Feature", "geometry": {"type": "LineString", "coordinates": [[-103.29851, 32.78034], [-103.29849, 32.78035], [-103.29844, 32.7804], [-103.29823, 32.78052], [-103.29724, 32.78113], [-103.29653, 32.78157], [-103.29605, 32.78185], [-103.29537, 32.78228], [-103.29486, 32.78259], [-103.29454, 32.78282], [-103.29447, 32.78286], [-103.29445, 32.78288]]}, "properties": {"operator": "Public Service Co of NM", "pipe_type": "Intrastate"}}, {"type": "Feature", "geometry": {"type": "LineString", "coordinates": [[-103.22404, 32.80493], [-103.22389, 32.8048], [-103.22227, 32.80315], [-103.22178, 32.80266]]}, "properties": {"operator": "Public Service Co of NM", "pipe_type": "Intrastate"}}, {"type": "Feature", "geometry": {"type": "LineString", "coordinates": [[-103.22174, 32.80263], [-103.22137, 32.80219], [-103.22011, 32.80091], [-103.21676, 32.79748], [-103.21416, 32.79483], [-103.21081, 32.79141], [-103.20761, 32.78815], [-103.20554, 32.78603], [-103.20441, 32.78486], [-103.20357, 32.78407], [-103.20354, 32.78404], [-103.20354, 32.78403], [-103.20347, 32.78397], [-103.20345, 32.78395]]}, "properties": {"operator": "Public Service Co of NM", "pipe_type": "Intrastate"}}, {"type": "Feature", "geometry": {"type": "LineString", "coordinates": [[-103.22178, 32.80266], [-103.22174, 32.80263], [-103.22175, 32.80262]]}, "properties": {"operator": "Public Service Co of NM", "pipe_type": "Intrastate"}}, {"type": "Feature", "geometry": {"type": "LineString", "coordinates": [[-103.22404, 32.80493], [-103.22393, 32.80502], [-103.22389, 32.80505], [-103.22372, 32.80515], [-103.22367, 32.8052]]}, "properties": {"operator": "Public Service Co of NM", "pipe_type": "Intrastate"}}, {"type": "Feature", "geometry": {"type": "LineString", "coordinates": [[-103.2387, 32.8187], [-103.23804, 32.81924]]}, "properties": {"operator": "Public Service Co of NM", "pipe_type": "Intrastate"}}, {"type": "Feature", "geometry": {"type": "LineString", "coordinates": [[-103.23804, 32.81924], [-103.23793, 32.81916], [-103.23787, 32.81908], [-103.23778, 32.81896], [-103.23767, 32.81887], [-103.23723, 32.81836], [-103.23673, 32.81786], [-103.23543, 32.81654], [-103.23277, 32.81383], [-103.22478, 32.80566], [-103.22404, 32.80493]]}, "properties": {"operator": "Public Service Co of NM", "pipe_type": "Intrastate"}}, {"type": "Feature", "geometry": {"type": "LineString", "coordinates": [[-103.24841, 32.82982], [-103.24839, 32.82986], [-103.24838, 32.82986], [-103.24835, 32.82987], [-103.24834, 32.82987], [-103.2483, 32.8299], [-103.24814, 32.83], [-103.24808, 32.83004], [-103.24808, 32.83006], [-103.24805, 32.83008]]}, "properties": {"operator": "Public Service Co of NM", "pipe_type": "Intrastate"}}, {"type": "Feature", "geometry": {"type": "LineString", "coordinates": [[-103.23804, 32.81924], [-103.24122, 32.82246], [-103.24711, 32.82847], [-103.24815, 32.82952], [-103.24833, 32.82974], [-103.24835, 32.82977], [-103.24841, 32.82982]]}, "properties": {"operator": "Public Service Co of NM", "pipe_type": "Intrastate"}}, {"type": "Feature", "geometry": {"type": "LineString", "coordinates": [[-103.31694, 32.96712], [-103.31696, 32.96876], [-103.31694, 32.97024], [-103.31692, 32.97056], [-103.31696, 32.97136], [-103.31695, 32.97483], [-103.31695, 32.97603], [-103.31695, 32.97681], [-103.31693, 32.97715], [-103.31692, 32.97731], [-103.31686, 32.97763], [-103.31684, 32.97788], [-103.31681, 32.9782], [-103.31671, 32.97893], [-103.31672, 32.97912], [-103.31667, 32.97924], [-103.3165, 32.97936], [-103.31609, 32.97954], [-103.31534, 32.9799], [-103.31319, 32.98081], [-103.31277, 32.98103], [-103.30998, 32.98103], [-103.30471, 32.98102], [-103.30183, 32.98101], [-103.29996, 32.98102], [-103.29998, 32.9811], [-103.29997, 32.98122], [-103.29771, 32.98121], [-103.29372, 32.98122], [-103.29122, 32.98115], [-103.28689, 32.98572], [-103.28256, 32.99028], [-103.27595, 32.99725], [-103.27315, 32.9984], [-103.26954, 32.99993], [-103.2657, 33.00158], [-103.26431, 33.0021], [-103.26371, 33.00239], [-103.26348, 33.00257], [-103.26076, 33.00375], [-103.25662, 33.00552], [-103.25199, 33.00752], [-103.24733, 33.00954], [-103.24521, 33.01046], [-103.24484, 33.01061], [-103.23955, 33.0129], [-103.23482, 33.01493], [-103.23032, 33.01687], [-103.22496, 33.01919], [-103.22056, 33.02108], [-103.2193, 33.02161], [-103.2191, 33.0217], [-103.21369, 33.02402], [-103.21012, 33.02556], [-103.20908, 33.026], [-103.20787, 33.02654], [-103.20664, 33.02705], [-103.20654, 33.02712], [-103.20646, 33.02713], [-103.20616, 33.02726], [-103.20489, 33.02781]]}, "properties": {"operator": "Public Service Co of NM", "pipe_type": "Intrastate"}}, {"type": "Feature", "geometry": {"type": "LineString", "coordinates": [[-103.31594, 32.95129], [-103.31593, 32.95135], [-103.31593, 32.95197], [-103.31594, 32.95261]]}, "properties": {"operator": "Public Service Co of NM", "pipe_type": "Intrastate"}}, {"type": "Feature", "geometry": {"type": "LineString", "coordinates": [[-103.30156, 32.88397], [-103.30349, 32.88594], [-103.30485, 32.8873], [-103.30572, 32.88815], [-103.30654, 32.88899], [-103.3085, 32.89099], [-103.31282, 32.89538], [-103.31709, 32.89972], [-103.32069, 32.90338], [-103.32247, 32.9052], [-103.32431, 32.90706], [-103.32818, 32.911], [-103.3308, 32.91366], [-103.33294, 32.91583], [-103.33652, 32.91947], [-103.3384, 32.92133], [-103.33989, 32.92294], [-103.34084, 32.92394], [-103.3415, 32.92459], [-103.3423, 32.92404], [-103.34232, 32.92403], [-103.34234, 32.92403]]}, "properties": {"operator": "Public Service Co of NM", "pipe_type": "Intrastate"}}, {"type": "Feature", "geometry": {"type": "LineString", "coordinates": [[-103.30617, 32.88929], [-103.30581, 32.89043], [-103.30542, 32.89301], [-103.30491, 32.89637], [-103.3049, 32.8967], [-103.30568, 32.89964], [-103.30742, 32.90629], [-103.30783, 32.90796], [-103.30876, 32.91122], [-103.30993, 32.91475], [-103.31132, 32.91904], [-103.3114, 32.91929], [-103.31177, 32.9203], [-103.31184, 32.9206], [-103.31265, 32.92307], [-103.31272, 32.92335], [-103.31372, 32.92628], [-103.3137, 32.92638], [-103.31383, 32.92679], [-103.31383, 32.92689], [-103.31393, 32.92713], [-103.31464, 32.92928]]}, "properties": {"operator": "Public Service Co of NM", "pipe_type": "Intrastate"}}, {"type": "Feature", "geometry": {"type": "LineString", "coordinates": [[-103.28409, 32.86611], [-103.28445, 32.86651], [-103.29067, 32.87284], [-103.29688, 32.87917], [-103.29799, 32.88033], [-103.29949, 32.88185], [-103.30087, 32.88328], [-103.30156, 32.88397]]}, "properties": {"operator": "Public Service Co of NM", "pipe_type": "Intrastate"}}, {"type": "Feature", "geometry": {"type": "LineString", "coordinates": [[-103.30663, 32.88915], [-103.30659, 32.88918], [-103.30641, 32.88932], [-103.30629, 32.88941], [-103.30627, 32.88938], [-103.30625, 32.88936], [-103.30621, 32.88932], [-103.30617, 32.88929]]}, "properties": {"operator": "Public Service Co of NM", "pipe_type": "Intrastate"}}, {"type": "Feature", "geometry": {"type": "LineString", "coordinates": [[-103.30574, 32.87975], [-103.30577, 32.87981]]}, "properties": {"operator": "Public Service Co of NM", "pipe_type": "Intrastate"}}, {"type": "Feature", "geometry": {"type": "LineString", "coordinates": [[-103.30691, 32.88853], [-103.30703, 32.88836], [-103.30719, 32.88813], [-103.30738, 32.88743], [-103.30747, 32.88718], [-103.30752, 32.88709], [-103.30756, 32.88697], [-103.3076, 32.88681], [-103.30768, 32.88654], [-103.30775, 32.88631], [-103.30777, 32.88625], [-103.30781, 32.88615], [-103.30789, 32.8859], [-103.30799, 32.88559], [-103.30797, 32.88533], [-103.30786, 32.88508], [-103.30695, 32.88283], [-103.30674, 32.88227], [-103.30656, 32.88186], [-103.3064, 32.88141], [-103.30616, 32.88082], [-103.30577, 32.87981]]}, "properties": {"operator": "Public Service Co of NM", "pipe_type": "Intrastate"}}, {"type": "Feature", "geometry": {"type": "LineString", "coordinates": [[-103.30213, 32.88358], [-103.30219, 32.88351], [-103.30376, 32.88242], [-103.30532, 32.88134], [-103.30529, 32.88129], [-103.30437, 32.88032]]}, "properties": {"operator": "Public Service Co of NM", "pipe_type": "Intrastate"}}, {"type": "Feature", "geometry": {"type": "LineString", "coordinates": [[-103.30573, 32.87982], [-103.30577, 32.87981]]}, "properties": {"operator": "Public Service Co of NM", "pipe_type": "Intrastate"}}, {"type": "Feature", "geometry": {"type": "LineString", "coordinates": [[-103.30573, 32.87982], [-103.30553, 32.87989], [-103.30531, 32.87997], [-103.30472, 32.88011], [-103.30468, 32.88012], [-103.30467, 32.88012], [-103.30437, 32.88032]]}, "properties": {"operator": "Public Service Co of NM", "pipe_type": "Intrastate"}}, {"type": "Feature", "geometry": {"type": "LineString", "coordinates": [[-103.30156, 32.88397], [-103.30164, 32.88392], [-103.30166, 32.8839], [-103.30174, 32.88386], [-103.30178, 32.88382], [-103.30186, 32.88376], [-103.30192, 32.88371], [-103.30205, 32.88363], [-103.30207, 32.88361], [-103.30213, 32.88358]]}, "properties": {"operator": "Public Service Co of NM", "pipe_type": "Intrastate"}}, {"type": "Feature", "geometry": {"type": "LineString", "coordinates": [[-103.30574, 32.87975], [-103.30566, 32.87959], [-103.30553, 32.8793], [-103.30551, 32.87917], [-103.30512, 32.87817], [-103.30507, 32.87813], [-103.3046, 32.87664], [-103.30457, 32.87659], [-103.30446, 32.87606], [-103.30442, 32.87593], [-103.30436, 32.87564], [-103.3043, 32.87545], [-103.30403, 32.87439], [-103.30395, 32.87418], [-103.30383, 32.87371], [-103.30379, 32.87347], [-103.30376, 32.87338], [-103.30374, 32.87333], [-103.30354, 32.87275], [-103.30352, 32.8727], [-103.30343, 32.87215], [-103.30341, 32.87205], [-103.30314, 32.87105]]}, "properties": {"operator": "Public Service Co of NM", "pipe_type": "Intrastate"}}, {"type": "Feature", "geometry": {"type": "LineString", "coordinates": [[-103.30663, 32.88915], [-103.30691, 32.88853]]}, "properties": {"operator": "Public Service Co of NM", "pipe_type": "Intrastate"}}, {"type": "Feature", "geometry": {"type": "LineString", "coordinates": [[-103.31594, 32.94415], [-103.31589, 32.94415]]}, "properties": {"operator": "Public Service Co of NM", "pipe_type": "Intrastate"}}, {"type": "Feature", "geometry": {"type": "LineString", "coordinates": [[-103.31576, 32.93644], [-103.31581, 32.94012], [-103.31587, 32.94393], [-103.31589, 32.94406], [-103.31589, 32.94415]]}, "properties": {"operator": "Public Service Co of NM", "pipe_type": "Intrastate"}}, {"type": "Feature", "geometry": {"type": "LineString", "coordinates": [[-103.31464, 32.92928], [-103.31521, 32.93098], [-103.31574, 32.93252], [-103.3158, 32.93274], [-103.31593, 32.93326], [-103.31618, 32.93401], [-103.31615, 32.93412], [-103.3156, 32.93583], [-103.31561, 32.93589], [-103.31561, 32.93593], [-103.31572, 32.93635], [-103.31576, 32.93644]]}, "properties": {"operator": "Public Service Co of NM", "pipe_type": "Intrastate"}}, {"type": "Feature", "geometry": {"type": "LineString", "coordinates": [[-103.31594, 32.95129], [-103.31598, 32.95129]]}, "properties": {"operator": "Public Service Co of NM", "pipe_type": "Intrastate"}}, {"type": "Feature", "geometry": {"type": "LineString", "coordinates": [[-103.31594, 32.95129], [-103.31595, 32.94995], [-103.31594, 32.94728], [-103.31592, 32.94512], [-103.31591, 32.94432], [-103.3159, 32.9442], [-103.31589, 32.94415]]}, "properties": {"operator": "Public Service Co of NM", "pipe_type": "Intrastate"}}, {"type": "Feature", "geometry": {"type": "LineString", "coordinates": [[-103.31696, 32.96669], [-103.31908, 32.96667], [-103.32138, 32.96664]]}, "properties": {"operator": "Public Service Co of NM", "pipe_type": "Intrastate"}}, {"type": "Feature", "geometry": {"type": "LineString", "coordinates": [[-103.32138, 32.96664], [-103.32146, 32.97652]]}, "properties": {"operator": "Public Service Co of NM", "pipe_type": "Intrastate"}}, {"type": "Feature", "geometry": {"type": "LineString", "coordinates": [[-103.31594, 32.957], [-103.31594, 32.95702], [-103.31594, 32.9572], [-103.31596, 32.95838], [-103.31598, 32.95854], [-103.3159, 32.96659], [-103.31589, 32.96667], [-103.31696, 32.96669]]}, "properties": {"operator": "Public Service Co of NM", "pipe_type": "Intrastate"}}, {"type": "Feature", "geometry": {"type": "LineString", "coordinates": [[-103.31594, 32.957], [-103.31599, 32.957]]}, "properties": {"operator": "Public Service Co of NM", "pipe_type": "Intrastate"}}, {"type": "Feature", "geometry": {"type": "LineString", "coordinates": [[-103.31594, 32.95502], [-103.31594, 32.95505], [-103.31595, 32.95551], [-103.31595, 32.95634], [-103.31595, 32.95676], [-103.31594, 32.957]]}, "properties": {"operator": "Public Service Co of NM", "pipe_type": "Intrastate"}}, {"type": "Feature", "geometry": {"type": "LineString", "coordinates": [[-103.31594, 32.95502], [-103.31599, 32.95502]]}, "properties": {"operator": "Public Service Co of NM", "pipe_type": "Intrastate"}}, {"type": "Feature", "geometry": {"type": "LineString", "coordinates": [[-103.31696, 32.96669], [-103.31694, 32.96712]]}, "properties": {"operator": "Public Service Co of NM", "pipe_type": "Intrastate"}}, {"type": "Feature", "geometry": {"type": "LineString", "coordinates": [[-103.31594, 32.9526], [-103.31599, 32.95261]]}, "properties": {"operator": "Public Service Co of NM", "pipe_type": "Intrastate"}}, {"type": "Feature", "geometry": {"type": "LineString", "coordinates": [[-103.31594, 32.9526], [-103.31595, 32.95309], [-103.31596, 32.95443], [-103.31595, 32.95488], [-103.31594, 32.95502]]}, "properties": {"operator": "Public Service Co of NM", "pipe_type": "Intrastate"}}, {"type": "Feature", "geometry": {"type": "LineString", "coordinates": [[-103.20489, 33.02781], [-103.20484, 33.02782], [-103.20467, 33.0279], [-103.20445, 33.02799], [-103.20412, 33.02812], [-103.2038, 33.02826], [-103.20368, 33.02833], [-103.2036, 33.02836], [-103.20342, 33.02841], [-103.20318, 33.02852], [-103.20287, 33.02866], [-103.20259, 33.02878], [-103.20219, 33.02895], [-103.20191, 33.02907], [-103.20149, 33.02923], [-103.20139, 33.02926], [-103.20119, 33.02937], [-103.20097, 33.02947], [-103.20049, 33.02968], [-103.20024, 33.02978], [-103.2, 33.02989], [-103.19965, 33.03002], [-103.19943, 33.03012], [-103.1992, 33.03022], [-103.19876, 33.03043], [-103.1986, 33.0305], [-103.19838, 33.03058], [-103.19817, 33.03067], [-103.19756, 33.03094], [-103.19741, 33.03101], [-103.19732, 33.03105], [-103.19717, 33.03112], [-103.19691, 33.03127], [-103.19668, 33.03136], [-103.19648, 33.03145], [-103.19629, 33.03152], [-103.19624, 33.03157], [-103.1961, 33.03161], [-103.19604, 33.03164], [-103.19593, 33.03169], [-103.19598, 33.03176], [-103.19602, 33.03181], [-103.19606, 33.03187], [-103.19608, 33.0319], [-103.19609, 33.03194], [-103.19611, 33.03198], [-103.19523, 33.03236], [-103.19486, 33.03252], [-103.19445, 33.0327], [-103.19366, 33.03303], [-103.19248, 33.03354], [-103.19145, 33.03398], [-103.19111, 33.03412], [-103.19087, 33.03422], [-103.19067, 33.03432], [-103.19045, 33.03441], [-103.18995, 33.03464], [-103.18963, 33.03477], [-103.18919, 33.03497], [-103.18893, 33.03507], [-103.1886, 33.03521], [-103.18811, 33.03543], [-103.18777, 33.03557], [-103.18708, 33.03587], [-103.18677, 33.03601], [-103.18609, 33.0363], [-103.18556, 33.03652], [-103.1852, 33.03668], [-103.18452, 33.03697], [-103.18432, 33.03706], [-103.18379, 33.03728], [-103.18309, 33.03758], [-103.18282, 33.03769], [-103.18233, 33.03791], [-103.18181, 33.03813], [-103.18153, 33.03825], [-103.18073, 33.0386], [-103.18, 33.03892], [-103.17974, 33.03903], [-103.17902, 33.03933], [-103.17888, 33.03943], [-103.17762, 33.03998], [-103.17708, 33.04021], [-103.17687, 33.04028], [-103.17666, 33.04037], [-103.17645, 33.0405], [-103.17632, 33.04052], [-103.17592, 33.04073], [-103.17578, 33.04079], [-103.1756, 33.04085], [-103.17498, 33.04112], [-103.17466, 33.04126], [-103.17452, 33.04132], [-103.17419, 33.04146], [-103.17388, 33.04156], [-103.17373, 33.04163], [-103.17361, 33.04169], [-103.17341, 33.04177]]}, "properties": {"operator": "Public Service Co of NM", "pipe_type": "Intrastate"}}, {"type": "Feature", "geometry": {"type": "LineString", "coordinates": [[-103.89336, 31.29341], [-103.79352, 31.24039], [-103.75001, 31.21221]]}, "properties": {"operator": "Southern Union Gas Services (TX)", "pipe_type": "Intrastate"}}, {"type": "Feature", "geometry": {"type": "LineString", "coordinates": [[-103.77096, 31.46319], [-103.70296, 31.41049], [-103.69961, 31.40655]]}, "properties": {"operator": "Southern Union Gas Services (TX)", "pipe_type": "Intrastate"}}, {"type": "Feature", "geometry": {"type": "LineString", "coordinates": [[-102.88947, 31.43487], [-102.94753, 31.47594]]}, "properties": {"operator": "Southern Union Gas Services (TX)", "pipe_type": "Intrastate"}}, {"type": "Feature", "geometry": {"type": "LineString", "coordinates": [[-103.26709, 31.63461], [-103.26424, 31.62751], [-103.26229, 31.62434], [-103.26219, 31.61795], [-103.2521, 31.59187], [-103.21556, 31.51742], [-103.19923, 31.49978], [-103.19003, 31.49143], [-103.18126, 31.4743], [-103.16582, 31.44344], [-103.16395, 31.43178], [-103.19029, 31.42916], [-103.26851, 31.44129], [-103.28467, 31.4455], [-103.31618, 31.44387], [-103.34552, 31.44274], [-103.40024, 31.44482]]}, "properties": {"operator": "Southern Union Gas Services (TX)", "pipe_type": "Intrastate"}}, {"type": "Feature", "geometry": {"type": "LineString", "coordinates": [[-103.36407, 31.47305], [-103.34552, 31.44274], [-103.35061, 31.4273], [-103.32472, 31.40889]]}, "properties": {"operator": "Southern Union Gas Services (TX)", "pipe_type": "Intrastate"}}, {"type": "Feature", "geometry": {"type": "LineString", "coordinates": [[-103.15615, 31.42606], [-103.11402, 31.47774], [-103.07463, 31.51998]]}, "properties": {"operator": "Southern Union Gas Services (TX)", "pipe_type": "Intrastate"}}, {"type": "Feature", "geometry": {"type": "LineString", "coordinates": [[-103.13317, 31.51364], [-103.10732, 31.4867], [-103.02551, 31.48511]]}, "properties": {"operator": "Southern Union Gas Services (TX)", "pipe_type": "Intrastate"}}, {"type": "Feature", "geometry": {"type": "LineString", "coordinates": [[-102.59203, 31.37973], [-102.60637, 31.3741], [-102.62519, 31.36702], [-102.62692, 31.36778], [-102.63533, 31.36345], [-102.65818, 31.35268], [-102.68491, 31.34056], [-102.71137, 31.32646], [-102.73308, 31.31526], [-102.73638, 31.3135], [-102.7674, 31.29818], [-102.7678, 31.29704], [-102.77671, 31.29485], [-102.79385, 31.28162], [-102.81917, 31.26553], [-102.84178, 31.25285], [-102.88187, 31.23594], [-102.89146, 31.23809], [-103.0, 31.19864], [-103.02827, 31.18907], [-103.02975, 31.19148]]}, "properties": {"operator": "Southern Union Gas Services (TX)", "pipe_type": "Intrastate"}}, {"type": "Feature", "geometry": {"type": "LineString", "coordinates": [[-102.6007, 31.40632], [-102.68083, 31.39148], [-102.70254, 31.41945]]}, "properties": {"operator": "Southern Union Gas Services (TX)", "pipe_type": "Intrastate"}}, {"type": "Feature", "geometry": {"type": "LineString", "coordinates": [[-103.02975, 31.19148], [-103.04122, 31.21454], [-103.04685, 31.2279], [-103.04962, 31.23477], [-103.05542, 31.24958], [-103.05571, 31.25001], [-103.07297, 31.27947], [-103.08408, 31.30367], [-103.10048, 31.33084], [-103.10976, 31.34574], [-103.12329, 31.36794], [-103.13048, 31.37864], [-103.14332, 31.40372], [-103.15615, 31.42606]]}, "properties": {"operator": "Southern Union Gas Services (TX)", "pipe_type": "Intrastate"}}, {"type": "Feature", "geometry": {"type": "LineString", "coordinates": [[-103.0, 31.32929], [-103.00351, 31.34251], [-103.00864, 31.36072]]}, "properties": {"operator": "Southern Union Gas Services (TX)", "pipe_type": "Intrastate"}}, {"type": "Feature", "geometry": {"type": "LineString", "coordinates": [[-102.99515, 31.20025], [-103.00101, 31.2025], [-103.01156, 31.2072], [-103.02421, 31.21258], [-103.04962, 31.23477], [-103.06273, 31.24722], [-103.06545, 31.24995], [-103.06555, 31.24999], [-103.07983, 31.25826], [-103.08976, 31.27588], [-103.10891, 31.29799], [-103.11082, 31.30001], [-103.11385, 31.30345], [-103.11273, 31.30473], [-103.13789, 31.33286], [-103.14251, 31.34571], [-103.15047, 31.36629], [-103.15141, 31.36892], [-103.15229, 31.37284], [-103.15347, 31.3809], [-103.16145, 31.3949], [-103.15615, 31.42606]]}, "properties": {"operator": "Southern Union Gas Services (TX)", "pipe_type": "Intrastate"}}, {"type": "Feature", "geometry": {"type": "LineString", "coordinates": [[-103.12551, 31.31902], [-103.15167, 31.31525], [-103.2051, 31.3105]]}, "properties": {"operator": "Southern Union Gas Services (TX)", "pipe_type": "Intrastate"}}, {"type": "Feature", "geometry": {"type": "LineString", "coordinates": [[-102.99515, 31.20025], [-102.98971, 31.19118], [-102.93968, 31.16601], [-102.91937, 31.15404], [-102.90025, 31.14595], [-102.8917, 31.14245], [-102.89122, 31.14252], [-102.89074, 31.14213], [-102.88195, 31.13833], [-102.85298, 31.12648], [-102.83618, 31.11894], [-102.8357, 31.11866], [-102.81332, 31.11455], [-102.80339, 31.11283]]}, "properties": {"operator": "Southern Union Gas Services (TX)", "pipe_type": "Intrastate"}}, {"type": "Feature", "geometry": {"type": "LineString", "coordinates": [[-103.03929, 31.1897], [-103.03277, 31.1831], [-102.99999, 31.12329], [-102.98521, 31.09572], [-102.98291, 31.0916], [-102.97622, 31.07896], [-102.97177, 31.07078], [-102.96004, 31.04829], [-102.95703, 31.04397], [-102.94723, 31.03053], [-102.94329, 31.02462], [-102.93546, 31.01179], [-102.9417, 30.99589], [-102.95021, 30.9539], [-102.94444, 30.90524], [-102.92789, 30.84449], [-102.91641, 30.80401]]}, "properties": {"operator": "Southern Union Gas Services (TX)", "pipe_type": "Intrastate"}}, {"type": "Feature", "geometry": {"type": "LineString", "coordinates": [[-102.22474, 31.15631], [-102.22666, 31.27496], [-102.24046, 31.30942]]}, "properties": {"operator": "Southern Union Gas Services (TX)", "pipe_type": "Intrastate"}}, {"type": "Feature", "geometry": {"type": "LineString", "coordinates": [[-102.48985, 30.9616], [-102.48598, 30.94348], [-102.48088, 30.9207], [-102.47757, 30.90794], [-102.47384, 30.88415], [-102.48273, 30.86062], [-102.50125, 30.80785], [-102.50051, 30.76715], [-102.49155, 30.7449]]}, "properties": {"operator": "Southern Union Gas Services (TX)", "pipe_type": "Intrastate"}}, {"type": "Feature", "geometry": {"type": "LineString", "coordinates": [[-102.44269, 30.97908], [-102.41281, 30.96028], [-102.38153, 30.95483], [-102.36194, 30.96021], [-102.31806, 30.99359], [-102.27977, 31.01153], [-102.25437, 31.03989], [-102.2043, 31.00167]]}, "properties": {"operator": "Southern Union Gas Services (TX)", "pipe_type": "Intrastate"}}, {"type": "Feature", "geometry": {"type": "LineString", "coordinates": [[-102.64816, 31.12781], [-102.61992, 31.0974], [-102.6097, 31.0857]]}, "properties": {"operator": "Southern Union Gas Services (TX)", "pipe_type": "Intrastate"}}, {"type": "Feature", "geometry": {"type": "LineString", "coordinates": [[-102.80434, 31.18146], [-102.79059, 31.20905], [-102.7848, 31.22151]]}, "properties": {"operator": "Southern Union Gas Services (TX)", "pipe_type": "Intrastate"}}, {"type": "Feature", "geometry": {"type": "LineString", "coordinates": [[-102.95021, 30.9539], [-102.99466, 30.92322], [-103.01486, 30.92566]]}, "properties": {"operator": "Southern Union Gas Services (TX)", "pipe_type": "Intrastate"}}, {"type": "Feature", "geometry": {"type": "LineString", "coordinates": [[-102.57149, 31.12237], [-102.57155, 31.17703], [-102.58186, 31.19113]]}, "properties": {"operator": "Southern Union Gas Services (TX)", "pipe_type": "Intrastate"}}, {"type": "Feature", "geometry": {"type": "LineString", "coordinates": [[-102.80339, 31.11283], [-102.78005, 31.12952], [-102.75858, 31.14946], [-102.75998, 31.18307]]}, "properties": {"operator": "Southern Union Gas Services (TX)", "pipe_type": "Intrastate"}}, {"type": "Feature", "geometry": {"type": "LineString", "coordinates": [[-104.0, 31.1584], [-103.96199, 31.17396], [-103.96017, 31.17277], [-103.8859, 31.18373], [-103.8504, 31.18801], [-103.84421, 31.18897], [-103.80193, 31.19651], [-103.79756, 31.19711], [-103.78092, 31.199], [-103.74824, 31.21302], [-103.73148, 31.22094], [-103.7088, 31.23132], [-103.69208, 31.23133], [-103.67405, 31.23475], [-103.63268, 31.23638], [-103.50649, 31.19925], [-103.35789, 31.20065], [-103.31694, 31.20201], [-103.31636, 31.20226], [-103.31326, 31.20214], [-103.29152, 31.20069], [-103.27459, 31.19964], [-103.26137, 31.19864], [-103.24786, 31.1973], [-103.23869, 31.19652], [-103.20753, 31.19407], [-103.14104, 31.18823], [-103.13208, 31.18591], [-103.05947, 31.18593], [-103.03606, 31.1903], [-103.02975, 31.19148]]}, "properties": {"operator": "Southern Union Gas Services (TX)", "pipe_type": "Intrastate"}}, {"type": "Feature", "geometry": {"type": "LineString", "coordinates": [[-103.67405, 31.23475], [-103.6725, 31.15706]]}, "properties": {"operator": "Southern Union Gas Services (TX)", "pipe_type": "Intrastate"}}, {"type": "Feature", "geometry": {"type": "LineString", "coordinates": [[-103.03519, 31.34327], [-102.99116, 31.37506], [-102.91661, 31.39741], [-102.88947, 31.43487], [-102.87596, 31.46973], [-102.88021, 31.51044], [-102.79394, 31.5122], [-102.77321, 31.48718]]}, "properties": {"operator": "Southern Union Gas Services (TX)", "pipe_type": "Intrastate"}}, {"type": "Feature", "geometry": {"type": "LineString", "coordinates": [[-102.66525, 31.48621], [-102.61911, 31.4898], [-102.61778, 31.45978], [-102.60804, 31.42868], [-102.60807, 31.4172], [-102.6007, 31.40632], [-102.5923, 31.38094], [-102.59203, 31.37973], [-102.58102, 31.35352], [-102.56463, 31.32679], [-102.56777, 31.29898], [-102.58631, 31.26294], [-102.58889, 31.23383]]}, "properties": {"operator": "Southern Union Gas Services (TX)", "pipe_type": "Intrastate"}}, {"type": "Feature", "geometry": {"type": "LineString", "coordinates": [[-102.60807, 31.4172], [-102.62534, 31.42907], [-102.64268, 31.4416], [-102.65788, 31.44751], [-102.66691, 31.45383]]}, "properties": {"operator": "Southern Union Gas Services (TX)", "pipe_type": "Intrastate"}}, {"type": "Feature", "geometry": {"type": "LineString", "coordinates": [[-102.8816, 31.23559], [-102.85465, 31.21692], [-102.83153, 31.20037], [-102.81837, 31.19118], [-102.80849, 31.18444], [-102.80434, 31.18146], [-102.73473, 31.13276], [-102.73417, 31.13261], [-102.73321, 31.13315], [-102.7326, 31.13373], [-102.70469, 31.13139], [-102.68217, 31.13014], [-102.64816, 31.12781], [-102.64702, 31.12859], [-102.63898, 31.12724], [-102.63307, 31.12575], [-102.59886, 31.12368], [-102.59463, 31.12334], [-102.57149, 31.12237], [-102.53023, 31.12131], [-102.50648, 31.1204], [-102.49998, 31.12025], [-102.48731, 31.11982], [-102.48627, 31.12056], [-102.48209, 31.12045], [-102.45614, 31.11927], [-102.4519, 31.11893], [-102.41988, 31.11571], [-102.41945, 31.11592], [-102.379, 31.11256], [-102.35509, 31.11173], [-102.33335, 31.11129], [-102.31829, 31.10491], [-102.31685, 31.10368], [-102.31153, 31.10207], [-102.30932, 31.10019], [-102.30611, 31.09756], [-102.30286, 31.09561], [-102.29206, 31.08807], [-102.28951, 31.08566], [-102.27734, 31.07672], [-102.23655, 31.04829], [-102.22423, 31.04163], [-102.19451, 31.02674], [-102.18381, 31.01076]]}, "properties": {"operator": "Southern Union Gas Services (TX)", "pipe_type": "Intrastate"}}, {"type": "Feature", "geometry": {"type": "LineString", "coordinates": [[-102.33335, 31.11129], [-102.30175, 31.11702], [-102.26455, 31.13536], [-102.25552, 31.13695], [-102.22474, 31.15631], [-102.17701, 31.17304]]}, "properties": {"operator": "Southern Union Gas Services (TX)", "pipe_type": "Intrastate"}}, {"type": "Feature", "geometry": {"type": "LineString", "coordinates": [[-103.0, 31.32784], [-103.0135, 31.3346], [-103.0373, 31.34486], [-103.04794, 31.35284], [-103.06154, 31.36283], [-103.08311, 31.37911], [-103.08834, 31.38319], [-103.1082, 31.3982], [-103.13769, 31.41204], [-103.22213, 31.47606], [-103.24599, 31.49026], [-103.33655, 31.56258], [-103.39017, 31.599], [-103.47373, 31.66155]]}, "properties": {"operator": "Southern Union Gas Services (TX)", "pipe_type": "Intrastate"}}, {"type": "Feature", "geometry": {"type": "LineString", "coordinates": [[-103.39017, 31.599], [-103.43368, 31.56619], [-103.45187, 31.57949]]}, "properties": {"operator": "Southern Union Gas Services (TX)", "pipe_type": "Intrastate"}}, {"type": "Feature", "geometry": {"type": "LineString", "coordinates": [[-103.22213, 31.47606], [-103.19137, 31.49606], [-103.17081, 31.51553], [-103.13993, 31.55211], [-103.13932, 31.56611], [-103.23873, 31.56581], [-103.27444, 31.56706], [-103.33655, 31.56258]]}, "properties": {"operator": "Southern Union Gas Services (TX)", "pipe_type": "Intrastate"}}, {"type": "Feature", "geometry": {"type": "LineString", "coordinates": [[-103.29805, 31.53172], [-103.27444, 31.56706]]}, "properties": {"operator": "Southern Union Gas Services (TX)", "pipe_type": "Intrastate"}}, {"type": "Feature", "geometry": {"type": "LineString", "coordinates": [[-103.03929, 31.1897], [-103.04222, 31.19387], [-103.05244, 31.20877], [-103.05742, 31.21753], [-103.06704, 31.22734], [-103.06768, 31.22729], [-103.07322, 31.23382], [-103.09301, 31.25623], [-103.10644, 31.27275], [-103.10991, 31.27275], [-103.1105, 31.27311], [-103.12439, 31.2804], [-103.13509, 31.28576], [-103.14072, 31.29302]]}, "properties": {"operator": "Southern Union Gas Services (TX)", "pipe_type": "Intrastate"}}, {"type": "Feature", "geometry": {"type": "LineString", "coordinates": [[-102.35997, 30.96717], [-102.3934, 30.99978], [-102.41247, 31.02565], [-102.4334, 31.06348], [-102.4519, 31.11893]]}, "properties": {"operator": "Southern Union Gas Services (TX)", "pipe_type": "Intrastate"}}, {"type": "Feature", "geometry": {"type": "LineString", "coordinates": [[-102.3934, 30.99978], [-102.40749, 30.99999], [-102.44269, 30.97908], [-102.47845, 30.96813], [-102.47893, 30.96798], [-102.48273, 30.96682], [-102.48985, 30.9616]]}, "properties": {"operator": "Southern Union Gas Services (TX)", "pipe_type": "Intrastate"}}, {"type": "Feature", "geometry": {"type": "LineString", "coordinates": [[-102.48985, 30.9616], [-102.50774, 30.97109], [-102.53609, 30.98464], [-102.5816, 31.00966], [-102.63509, 31.02481], [-102.69956, 31.06963], [-102.74764, 31.08731], [-102.77889, 31.10192], [-102.80339, 31.11283]]}, "properties": {"operator": "Southern Union Gas Services (TX)", "pipe_type": "Intrastate"}}, {"type": "Feature", "geometry": {"type": "LineString", "coordinates": [[-102.69956, 31.06963], [-102.70323, 31.09114], [-102.73473, 31.13276]]}, "properties": {"operator": "Southern Union Gas Services (TX)", "pipe_type": "Intrastate"}}, {"type": "Feature", "geometry": {"type": "LineString", "coordinates": [[-103.04763, 31.33863], [-103.0523, 31.3368], [-103.06784, 31.33122], [-103.08873, 31.33105], [-103.10048, 31.33084], [-103.11118, 31.33089], [-103.11852, 31.33085], [-103.12551, 31.31902], [-103.12981, 31.31076], [-103.13264, 31.30491], [-103.13509, 31.30187], [-103.14072, 31.29302], [-103.14694, 31.28461]]}, "properties": {"operator": "Southern Union Gas Services (TX)", "pipe_type": "Intrastate"}}, {"type": "Feature", "geometry": {"type": "LineString", "coordinates": [[-103.14694, 31.28461], [-103.14717, 31.28429], [-103.185, 31.22881], [-103.20753, 31.19407]]}, "properties": {"operator": "Southern Union Gas Services (TX)", "pipe_type": "Intrastate"}}, {"type": "Feature", "geometry": {"type": "LineString", "coordinates": [[-103.92565, 31.98532], [-103.85875, 31.93578]]}, "properties": {"operator": "Texas Gas Transmission Co", "pipe_type": "Interstate"}}, {"type": "Feature", "geometry": {"type": "LineString", "coordinates": [[-104.04258, 32.82411], [-104.00798, 32.84014]]}, "properties": {"operator": "Transwestern Gas Co", "pipe_type": "Interstate"}}, {"type": "Feature", "geometry": {"type": "LineString", "coordinates": [[-104.05437, 32.84347], [-104.02496, 32.8561]]}, "properties": {"operator": "Transwestern Gas Co", "pipe_type": "Interstate"}}, {"type": "Feature", "geometry": {"type": "LineString", "coordinates": [[-104.0311, 32.80526], [-103.99885, 32.82778]]}, "properties": {"operator": "Transwestern Gas Co", "pipe_type": "Interstate"}}, {"type": "Feature", "geometry": {"type": "LineString", "coordinates": [[-103.69588, 32.35999], [-103.65631, 32.37411]]}, "properties": {"operator": "Transwestern Gas Co", "pipe_type": "Interstate"}}, {"type": "Feature", "geometry": {"type": "LineString", "coordinates": [[-103.62146, 32.43588], [-103.65827, 32.46721]]}, "properties": {"operator": "Transwestern Gas Co", "pipe_type": "Interstate"}}, {"type": "Feature", "geometry": {"type": "LineString", "coordinates": [[-103.77503, 32.6356], [-103.73586, 32.65038]]}, "properties": {"operator": "Transwestern Gas Co", "pipe_type": "Interstate"}}, {"type": "Feature", "geometry": {"type": "LineString", "coordinates": [[-103.37355, 32.00029], [-103.36235, 31.94564]]}, "properties": {"operator": "Transwestern Gas Co", "pipe_type": "Interstate"}}, {"type": "Feature", "geometry": {"type": "LineString", "coordinates": [[-102.94231, 31.34335], [-102.9316, 31.31292]]}, "properties": {"operator": "Transwestern Gas Co", "pipe_type": "Interstate"}}, {"type": "Feature", "geometry": {"type": "LineString", "coordinates": [[-102.9316, 31.31292], [-102.8346, 31.04041]]}, "properties": {"operator": "Transwestern Gas Co", "pipe_type": "Interstate"}}, {"type": "Feature", "geometry": {"type": "LineString", "coordinates": [[-102.9094, 31.32988], [-102.9316, 31.31292]]}, "properties": {"operator": "Transwestern Gas Co", "pipe_type": "Interstate"}}, {"type": "Feature", "geometry": {"type": "LineString", "coordinates": [[-102.9316, 31.31292], [-103.04609, 31.30666]]}, "properties": {"operator": "Transwestern Gas Co", "pipe_type": "Interstate"}}, {"type": "Feature", "geometry": {"type": "LineString", "coordinates": [[-103.04609, 31.30666], [-103.0712, 31.31555]]}, "properties": {"operator": "Transwestern Gas Co", "pipe_type": "Interstate"}}, {"type": "Feature", "geometry": {"type": "LineString", "coordinates": [[-103.0712, 31.31555], [-103.09915, 31.32545]]}, "properties": {"operator": "Transwestern Gas Co", "pipe_type": "Interstate"}}, {"type": "Feature", "geometry": {"type": "LineString", "coordinates": [[-103.04616, 31.28751], [-103.04609, 31.30666]]}, "properties": {"operator": "Transwestern Gas Co", "pipe_type": "Interstate"}}, {"type": "Feature", "geometry": {"type": "LineString", "coordinates": [[-103.04609, 31.30666], [-103.04599, 31.33136]]}, "properties": {"operator": "Transwestern Gas Co", "pipe_type": "Interstate"}}, {"type": "Feature", "geometry": {"type": "LineString", "coordinates": [[-103.08347, 31.65111], [-103.05613, 31.62622], [-103.02854, 31.60109]]}, "properties": {"operator": "Transwestern Gas Co", "pipe_type": "Interstate"}}, {"type": "Feature", "geometry": {"type": "LineString", "coordinates": [[-103.02854, 31.60109], [-103.00507, 31.53094], [-102.96651, 31.41569], [-102.94231, 31.34335]]}, "properties": {"operator": "Transwestern Gas Co", "pipe_type": "Interstate"}}, {"type": "Feature", "geometry": {"type": "LineString", "coordinates": [[-102.86599, 31.36304], [-102.9094, 31.32988]]}, "properties": {"operator": "Transwestern Gas Co", "pipe_type": "Interstate"}}, {"type": "Feature", "geometry": {"type": "LineString", "coordinates": [[-102.92933, 31.9707], [-102.92497, 31.93937]]}, "properties": {"operator": "Transwestern Gas Co", "pipe_type": "Interstate"}}, {"type": "Feature", "geometry": {"type": "LineString", "coordinates": [[-103.03123, 31.94564], [-102.99458, 31.91118]]}, "properties": {"operator": "Transwestern Gas Co", "pipe_type": "Interstate"}}, {"type": "Feature", "geometry": {"type": "LineString", "coordinates": [[-104.54784, 33.46842], [-104.49037, 33.37751], [-104.45756, 33.3523], [-104.41656, 33.29259], [-104.36735, 33.22971], [-104.29354, 33.14479], [-104.28534, 33.12596], [-104.24433, 33.09444], [-104.17052, 32.99386], [-104.14776, 32.96442]]}, "properties": {"operator": "Transwestern Gas Co", "pipe_type": "Interstate"}}, {"type": "Feature", "geometry": {"type": "LineString", "coordinates": [[-104.54784, 33.46842], [-104.42852, 33.36769], [-104.38765, 33.3301], [-104.34273, 33.26746], [-104.27328, 33.17975], [-104.25286, 33.14843], [-104.212, 33.11084], [-104.16706, 33.05446], [-104.10496, 32.96449]]}, "properties": {"operator": "Transwestern Gas Co", "pipe_type": "Interstate"}}, {"type": "Feature", "geometry": {"type": "LineString", "coordinates": [[-104.14776, 32.96442], [-104.10491, 32.90898], [-104.08031, 32.8744], [-104.05981, 32.85238], [-104.05437, 32.84347], [-104.04258, 32.82411], [-104.0311, 32.80526], [-103.9901, 32.74869], [-103.95729, 32.69841], [-103.87118, 32.58211], [-103.82183, 32.55165], [-103.79738, 32.5328], [-103.78515, 32.52337], [-103.77216, 32.48026]]}, "properties": {"operator": "Transwestern Gas Co", "pipe_type": "Interstate"}}, {"type": "Feature", "geometry": {"type": "LineString", "coordinates": [[-104.10496, 32.96449], [-104.09355, 32.94796], [-104.04454, 32.88845], [-104.0282, 32.86339], [-104.02496, 32.8561], [-104.00798, 32.84014], [-104.00369, 32.8352], [-103.99885, 32.82778], [-103.94653, 32.7475], [-103.93494, 32.72239], [-103.90736, 32.68112], [-103.88119, 32.65353], [-103.84853, 32.60655], [-103.84099, 32.59884], [-103.83627, 32.59402], [-103.79138, 32.5627], [-103.75809, 32.51869], [-103.77216, 32.48026]]}, "properties": {"operator": "Transwestern Gas Co", "pipe_type": "Interstate"}}, {"type": "Feature", "geometry": {"type": "LineString", "coordinates": [[-103.77216, 32.48026], [-103.68032, 32.40295], [-103.65975, 32.37789], [-103.65631, 32.37411], [-103.62273, 32.33717], [-103.58982, 32.28392], [-103.46642, 32.10852], [-103.43351, 32.07093], [-103.41706, 32.03647], [-103.38004, 32.00515], [-103.37355, 32.00029]]}, "properties": {"operator": "Transwestern Gas Co", "pipe_type": "Interstate"}}, {"type": "Feature", "geometry": {"type": "LineString", "coordinates": [[-103.68032, 32.40295], [-103.71351, 32.38601], [-103.69588, 32.35999], [-103.68858, 32.34459], [-103.66333, 32.32228], [-103.63085, 32.26573], [-103.56303, 32.14959], [-103.54335, 32.11793], [-103.52628, 32.08745], [-103.47227, 32.05835], [-103.44787, 32.02693], [-103.42482, 32.00023]]}, "properties": {"operator": "Transwestern Gas Co", "pipe_type": "Interstate"}}, {"type": "Feature", "geometry": {"type": "LineString", "coordinates": [[-103.68032, 32.40295], [-103.62146, 32.43588], [-103.45752, 32.51699], [-103.36325, 32.56378], [-103.30997, 32.59187], [-103.28948, 32.60122], [-103.24851, 32.60742], [-103.24413, 32.77947]]}, "properties": {"operator": "Transwestern Gas Co", "pipe_type": "Interstate"}}, {"type": "Feature", "geometry": {"type": "LineString", "coordinates": [[-103.42482, 32.00023], [-103.36235, 31.94564], [-103.32651, 31.91117]]}, "properties": {"operator": "Transwestern Gas Co", "pipe_type": "Interstate"}}, {"type": "Feature", "geometry": {"type": "LineString", "coordinates": [[-103.21962, 31.86107], [-103.10081, 31.92371], [-103.03123, 31.94564], [-102.96164, 31.9707], [-102.92933, 31.9707], [-102.90032, 31.9707]]}, "properties": {"operator": "Transwestern Gas Co", "pipe_type": "Interstate"}}, {"type": "Feature", "geometry": {"type": "LineString", "coordinates": [[-103.12618, 31.71698], [-103.05665, 31.72638], [-102.96668, 31.73578], [-102.90533, 31.74204]]}, "properties": {"operator": "Transwestern Gas Co", "pipe_type": "Interstate"}}, {"type": "Feature", "geometry": {"type": "LineString", "coordinates": [[-103.36235, 31.94564], [-103.31696, 31.92639], [-103.27428, 31.90354], [-103.23588, 31.88299], [-103.21962, 31.86107], [-103.19463, 31.82059], [-103.15872, 31.7577], [-103.12618, 31.71698], [-103.1047, 31.68386], [-103.08347, 31.65111]]}, "properties": {"operator": "Transwestern Gas Co", "pipe_type": "Interstate"}}, {"type": "Feature", "geometry": {"type": "LineString", "coordinates": [[-103.32651, 31.91117], [-103.27168, 31.87072], [-103.21795, 31.78841], [-103.1782, 31.72563], [-103.12594, 31.65113]]}, "properties": {"operator": "Transwestern Gas Co", "pipe_type": "Interstate"}}, {"type": "Feature", "geometry": {"type": "LineString", "coordinates": [[-103.12594, 31.65113], [-103.08986, 31.60109], [-103.05615, 31.60109], [-103.02854, 31.60109], [-102.97127, 31.61049]]}, "properties": {"operator": "Transwestern Gas Co", "pipe_type": "Interstate"}}, {"type": "Feature", "geometry": {"type": "LineString", "coordinates": [[-103.02854, 31.60109], [-103.02454, 31.57916], [-102.97984, 31.51339], [-102.86599, 31.36304], [-102.83339, 31.33798]]}, "properties": {"operator": "Transwestern Gas Co", "pipe_type": "Interstate"}}, {"type": "Feature", "geometry": {"type": "MultiLineString", "coordinates": [[[-103.98038, 32.40709], [-104.00224, 32.41548], [-104.0227, 32.41235], [-104.08782, 32.48126], [-104.05087, 32.52197]], [[-103.96146, 32.39355], [-103.98038, 32.40709]]]}, "properties": {"operator": "Transwestern Gas Co", "pipe_type": "Interstate"}}, {"type": "Feature", "geometry": {"type": "LineString", "coordinates": [[-104.19919, 32.23694], [-104.14998, 32.27453], [-104.10895, 32.31211], [-104.05981, 32.33404], [-104.01465, 32.38102], [-103.98038, 32.40709], [-103.94085, 32.43427], [-103.8343, 32.50005], [-103.79738, 32.5328]]}, "properties": {"operator": "Transwestern Gas Co", "pipe_type": "Interstate"}}, {"type": "Feature", "geometry": {"type": "LineString", "coordinates": [[-103.78515, 32.52337], [-103.80983, 32.48439], [-103.9041, 32.42488], [-103.96146, 32.39355], [-104.0189, 32.3403], [-104.09679, 32.28706], [-104.18696, 32.22754]]}, "properties": {"operator": "Transwestern Gas Co", "pipe_type": "Interstate"}}, {"type": "Feature", "geometry": {"type": "LineString", "coordinates": [[-104.32645, 32.7059], [-104.20708, 32.75304], [-104.1498, 32.77806], [-104.09661, 32.79995], [-104.04258, 32.82411]]}, "properties": {"operator": "Transwestern Gas Co", "pipe_type": "Interstate"}}, {"type": "Feature", "geometry": {"type": "LineString", "coordinates": [[-104.17428, 32.73104], [-104.32165, 32.69674], [-104.39124, 32.67489], [-104.44037, 32.66555], [-104.49368, 32.70953]]}, "properties": {"operator": "Transwestern Gas Co", "pipe_type": "Interstate"}}, {"type": "Feature", "geometry": {"type": "LineString", "coordinates": [[-104.05981, 32.85238], [-104.11304, 32.8282], [-104.1826, 32.80319], [-104.21534, 32.79069], [-104.30127, 32.7563], [-104.3463, 32.74382]]}, "properties": {"operator": "Transwestern Gas Co", "pipe_type": "Interstate"}}, {"type": "Feature", "geometry": {"type": "LineString", "coordinates": [[-104.3463, 32.74382], [-104.32645, 32.7059], [-104.32165, 32.69674]]}, "properties": {"operator": "Transwestern Gas Co", "pipe_type": "Interstate"}}, {"type": "Feature", "geometry": {"type": "LineString", "coordinates": [[-103.84099, 32.59884], [-103.81787, 32.61944], [-103.77503, 32.6356]]}, "properties": {"operator": "Transwestern Gas Co", "pipe_type": "Interstate"}}, {"type": "Feature", "geometry": {"type": "LineString", "coordinates": [[-103.88119, 32.65353], [-103.84658, 32.6603], [-103.7932, 32.68932]]}, "properties": {"operator": "Transwestern Gas Co", "pipe_type": "Interstate"}}, {"type": "Feature", "geometry": {"type": "LineString", "coordinates": [[-103.7932, 32.68932], [-103.68665, 32.74725], [-103.65795, 32.7659], [-103.62924, 32.79396], [-103.54313, 32.86872], [-103.53493, 32.90941]]}, "properties": {"operator": "Transwestern Gas Co", "pipe_type": "Interstate"}}, {"type": "Feature", "geometry": {"type": "LineString", "coordinates": [[-101.56544, 33.38573], [-101.31354, 33.18938]]}, "properties": {"operator": "ONEOK Westex Pipeline", "pipe_type": "Intrastate"}}, {"type": "Feature", "geometry": {"type": "LineString", "coordinates": [[-101.86394, 33.54573], [-101.56544, 33.38573]]}, "properties": {"operator": "ONEOK Westex Pipeline", "pipe_type": "Intrastate"}}, {"type": "Feature", "geometry": {"type": "LineString", "coordinates": [[-101.86445, 33.39366], [-101.86394, 33.54573]]}, "properties": {"operator": "ONEOK Westex Pipeline", "pipe_type": "Intrastate"}}, {"type": "Feature", "geometry": {"type": "LineString", "coordinates": [[-102.24358, 33.38573], [-102.24358, 33.49786]]}, "properties": {"operator": "ONEOK Westex Pipeline", "pipe_type": "Intrastate"}}, {"type": "Feature", "geometry": {"type": "LineString", "coordinates": [[-102.24794, 33.22547], [-102.24358, 33.38573]]}, "properties": {"operator": "ONEOK Westex Pipeline", "pipe_type": "Intrastate"}}, {"type": "Feature", "geometry": {"type": "LineString", "coordinates": [[-102.14554, 33.38957], [-102.07718, 33.48966]]}, "properties": {"operator": "ONEOK Westex Pipeline", "pipe_type": "Intrastate"}}, {"type": "Feature", "geometry": {"type": "LineString", "coordinates": [[-102.24794, 33.22547], [-102.14554, 33.38957]]}, "properties": {"operator": "ONEOK Westex Pipeline", "pipe_type": "Intrastate"}}, {"type": "Feature", "geometry": {"type": "LineString", "coordinates": [[-102.24563, 33.13741], [-102.24794, 33.22547]]}, "properties": {"operator": "ONEOK Westex Pipeline", "pipe_type": "Intrastate"}}, {"type": "Feature", "geometry": {"type": "LineString", "coordinates": [[-104.06912, 32.96512], [-104.06502, 33.36166]]}, "properties": {"operator": "ONEOK Westex Pipeline", "pipe_type": "Intrastate"}}, {"type": "Feature", "geometry": {"type": "LineString", "coordinates": [[-103.79264, 32.66893], [-103.36512, 32.66893]]}, "properties": {"operator": "ONEOK Westex Pipeline", "pipe_type": "Intrastate"}}, {"type": "Feature", "geometry": {"type": "LineString", "coordinates": [[-104.06912, 32.89728], [-103.79264, 32.66893]]}, "properties": {"operator": "ONEOK Westex Pipeline", "pipe_type": "Intrastate"}}, {"type": "Feature", "geometry": {"type": "LineString", "coordinates": [[-104.06912, 32.96512], [-104.06912, 32.89728]]}, "properties": {"operator": "ONEOK Westex Pipeline", "pipe_type": "Intrastate"}}, {"type": "Feature", "geometry": {"type": "LineString", "coordinates": [[-104.22835, 32.60109], [-104.06912, 32.96512]]}, "properties": {"operator": "ONEOK Westex Pipeline", "pipe_type": "Intrastate"}}, {"type": "Feature", "geometry": {"type": "LineString", "coordinates": [[-102.95424, 33.06138], [-102.82854, 33.06138]]}, "properties": {"operator": "ONEOK Westex Pipeline", "pipe_type": "Intrastate"}}, {"type": "Feature", "geometry": {"type": "LineString", "coordinates": [[-102.95424, 32.96128], [-102.95424, 33.06138]]}, "properties": {"operator": "ONEOK Westex Pipeline", "pipe_type": "Intrastate"}}, {"type": "Feature", "geometry": {"type": "LineString", "coordinates": [[-102.49728, 32.96128], [-102.24563, 33.13741]]}, "properties": {"operator": "ONEOK Westex Pipeline", "pipe_type": "Intrastate"}}, {"type": "Feature", "geometry": {"type": "LineString", "coordinates": [[-102.5728, 32.83738], [-102.5378, 32.8948], [-102.49728, 32.96128]]}, "properties": {"operator": "ONEOK Westex Pipeline", "pipe_type": "Intrastate"}}, {"type": "Feature", "geometry": {"type": "LineString", "coordinates": [[-102.75712, 32.73702], [-102.69588, 32.77037], [-102.5728, 32.83738]]}, "properties": {"operator": "ONEOK Westex Pipeline", "pipe_type": "Intrastate"}}, {"type": "Feature", "geometry": {"type": "LineString", "coordinates": [[-102.07821, 33.13741], [-102.24563, 33.13741]]}, "properties": {"operator": "ONEOK Westex Pipeline", "pipe_type": "Intrastate"}}, {"type": "Feature", "geometry": {"type": "LineString", "coordinates": [[-101.95661, 33.13331], [-102.07821, 33.13741]]}, "properties": {"operator": "ONEOK Westex Pipeline", "pipe_type": "Intrastate"}}, {"type": "Feature", "geometry": {"type": "LineString", "coordinates": [[-101.86445, 33.13331], [-101.86445, 33.39366]]}, "properties": {"operator": "ONEOK Westex Pipeline", "pipe_type": "Intrastate"}}, {"type": "Feature", "geometry": {"type": "LineString", "coordinates": [[-101.86445, 33.13331], [-101.95661, 33.13331]]}, "properties": {"operator": "ONEOK Westex Pipeline", "pipe_type": "Intrastate"}}, {"type": "Feature", "geometry": {"type": "LineString", "coordinates": [[-101.86445, 32.95718], [-101.86445, 33.13331]]}, "properties": {"operator": "ONEOK Westex Pipeline", "pipe_type": "Intrastate"}}, {"type": "Feature", "geometry": {"type": "LineString", "coordinates": [[-101.94381, 32.78131], [-101.86445, 32.95718]]}, "properties": {"operator": "ONEOK Westex Pipeline", "pipe_type": "Intrastate"}}, {"type": "Feature", "geometry": {"type": "LineString", "coordinates": [[-101.94381, 32.78131], [-101.68397, 32.72909]]}, "properties": {"operator": "ONEOK Westex Pipeline", "pipe_type": "Intrastate"}}, {"type": "Feature", "geometry": {"type": "LineString", "coordinates": [[-101.99424, 32.52506], [-101.94381, 32.78131]]}, "properties": {"operator": "ONEOK Westex Pipeline", "pipe_type": "Intrastate"}}, {"type": "Feature", "geometry": {"type": "LineString", "coordinates": [[-101.98758, 32.3328], [-101.99424, 32.52506]]}, "properties": {"operator": "ONEOK Westex Pipeline", "pipe_type": "Intrastate"}}, {"type": "Feature", "geometry": {"type": "LineString", "coordinates": [[-101.44333, 32.28467], [-101.43104, 32.13261]]}, "properties": {"operator": "ONEOK Westex Pipeline", "pipe_type": "Intrastate"}}, {"type": "Feature", "geometry": {"type": "LineString", "coordinates": [[-101.62074, 32.28467], [-101.44333, 32.28467]]}, "properties": {"operator": "ONEOK Westex Pipeline", "pipe_type": "Intrastate"}}, {"type": "Feature", "geometry": {"type": "LineString", "coordinates": [[-101.68653, 32.2967], [-101.62074, 32.28467]]}, "properties": {"operator": "ONEOK Westex Pipeline", "pipe_type": "Intrastate"}}, {"type": "Feature", "geometry": {"type": "LineString", "coordinates": [[-101.98758, 32.3328], [-101.68653, 32.2967]]}, "properties": {"operator": "ONEOK Westex Pipeline", "pipe_type": "Intrastate"}}, {"type": "Feature", "geometry": {"type": "LineString", "coordinates": [[-102.2103, 32.3369], [-102.37107, 32.3607]]}, "properties": {"operator": "ONEOK Westex Pipeline", "pipe_type": "Intrastate"}}, {"type": "Feature", "geometry": {"type": "LineString", "coordinates": [[-101.98758, 32.3328], [-102.2103, 32.3369]]}, "properties": {"operator": "ONEOK Westex Pipeline", "pipe_type": "Intrastate"}}, {"type": "Feature", "geometry": {"type": "LineString", "coordinates": [[-101.98758, 32.20864], [-101.98758, 32.3328]]}, "properties": {"operator": "ONEOK Westex Pipeline", "pipe_type": "Intrastate"}}, {"type": "Feature", "geometry": {"type": "LineString", "coordinates": [[-102.2144, 32.20864], [-101.98758, 32.3328]]}, "properties": {"operator": "ONEOK Westex Pipeline", "pipe_type": "Intrastate"}}, {"type": "Feature", "geometry": {"type": "LineString", "coordinates": [[-102.48627, 32.08064], [-102.2144, 32.20864]]}, "properties": {"operator": "ONEOK Westex Pipeline", "pipe_type": "Intrastate"}}, {"type": "Feature", "geometry": {"type": "LineString", "coordinates": [[-102.37107, 32.3607], [-102.57306, 32.3607]]}, "properties": {"operator": "ONEOK Westex Pipeline", "pipe_type": "Intrastate"}}, {"type": "Feature", "geometry": {"type": "LineString", "coordinates": [[-101.77741, 32.08474], [-101.69088, 32.14464]]}, "properties": {"operator": "ONEOK Westex Pipeline", "pipe_type": "Intrastate"}}, {"type": "Feature", "geometry": {"type": "LineString", "coordinates": [[-101.89696, 32.00845], [-101.77741, 32.08474]]}, "properties": {"operator": "ONEOK Westex Pipeline", "pipe_type": "Intrastate"}}, {"type": "Feature", "geometry": {"type": "LineString", "coordinates": [[-101.98758, 32.00845], [-101.89696, 32.00845]]}, "properties": {"operator": "ONEOK Westex Pipeline", "pipe_type": "Intrastate"}}, {"type": "Feature", "geometry": {"type": "LineString", "coordinates": [[-101.98758, 32.08064], [-101.98758, 32.00845]]}, "properties": {"operator": "ONEOK Westex Pipeline", "pipe_type": "Intrastate"}}, {"type": "Feature", "geometry": {"type": "LineString", "coordinates": [[-101.98758, 32.20864], [-101.98758, 32.08064]]}, "properties": {"operator": "ONEOK Westex Pipeline", "pipe_type": "Intrastate"}}, {"type": "Feature", "geometry": {"type": "LineString", "coordinates": [[-102.11123, 32.08064], [-101.98758, 32.20864]]}, "properties": {"operator": "ONEOK Westex Pipeline", "pipe_type": "Intrastate"}}, {"type": "Feature", "geometry": {"type": "LineString", "coordinates": [[-102.17318, 32.01254], [-102.11123, 32.08064]]}, "properties": {"operator": "ONEOK Westex Pipeline", "pipe_type": "Intrastate"}}, {"type": "Feature", "geometry": {"type": "LineString", "coordinates": [[-102.17318, 31.92858], [-102.17318, 32.01254]]}, "properties": {"operator": "ONEOK Westex Pipeline", "pipe_type": "Intrastate"}}, {"type": "Feature", "geometry": {"type": "LineString", "coordinates": [[-102.28864, 31.89248], [-102.17318, 31.92858]]}, "properties": {"operator": "ONEOK Westex Pipeline", "pipe_type": "Intrastate"}}, {"type": "Feature", "geometry": {"type": "LineString", "coordinates": [[-102.3255, 31.87635], [-102.28864, 31.89248]]}, "properties": {"operator": "ONEOK Westex Pipeline", "pipe_type": "Intrastate"}}, {"type": "Feature", "geometry": {"type": "LineString", "coordinates": [[-102.41229, 31.95264], [-102.53184, 32.01664]]}, "properties": {"operator": "ONEOK Westex Pipeline", "pipe_type": "Intrastate"}}, {"type": "Feature", "geometry": {"type": "LineString", "coordinates": [[-102.3255, 31.87635], [-102.41229, 31.95264]]}, "properties": {"operator": "ONEOK Westex Pipeline", "pipe_type": "Intrastate"}}, {"type": "Feature", "geometry": {"type": "LineString", "coordinates": [[-102.28429, 31.80058], [-102.3255, 31.87635]]}, "properties": {"operator": "ONEOK Westex Pipeline", "pipe_type": "Intrastate"}}, {"type": "Feature", "geometry": {"type": "LineString", "coordinates": [[-102.69645, 31.64826], [-102.28429, 31.80058]]}, "properties": {"operator": "ONEOK Westex Pipeline", "pipe_type": "Intrastate"}}, {"type": "Feature", "geometry": {"type": "LineString", "coordinates": [[-102.65549, 32.08064], [-102.80806, 32.21683]]}, "properties": {"operator": "ONEOK Westex Pipeline", "pipe_type": "Intrastate"}}, {"type": "Feature", "geometry": {"type": "LineString", "coordinates": [[-102.53184, 32.01664], [-102.65549, 32.08064]]}, "properties": {"operator": "ONEOK Westex Pipeline", "pipe_type": "Intrastate"}}, {"type": "Feature", "geometry": {"type": "LineString", "coordinates": [[-102.77094, 31.59219], [-102.69645, 31.64826]]}, "properties": {"operator": "ONEOK Westex Pipeline", "pipe_type": "Intrastate"}}, {"type": "Feature", "geometry": {"type": "LineString", "coordinates": [[-103.03053, 31.96058], [-102.98522, 31.89658]]}, "properties": {"operator": "ONEOK Westex Pipeline", "pipe_type": "Intrastate"}}, {"type": "Feature", "geometry": {"type": "LineString", "coordinates": [[-103.15827, 31.96442], [-103.03053, 31.96058]]}, "properties": {"operator": "ONEOK Westex Pipeline", "pipe_type": "Intrastate"}}, {"type": "Feature", "geometry": {"type": "LineString", "coordinates": [[-103.15418, 31.69638], [-103.15827, 31.96442]]}, "properties": {"operator": "ONEOK Westex Pipeline", "pipe_type": "Intrastate"}}, {"type": "Feature", "geometry": {"type": "LineString", "coordinates": [[-103.15418, 31.69638], [-103.05946, 31.69638]]}, "properties": {"operator": "ONEOK Westex Pipeline", "pipe_type": "Intrastate"}}, {"type": "Feature", "geometry": {"type": "LineString", "coordinates": [[-103.32339, 31.69638], [-103.34387, 31.67642]]}, "properties": {"operator": "ONEOK Westex Pipeline", "pipe_type": "Intrastate"}}, {"type": "Feature", "geometry": {"type": "LineString", "coordinates": [[-103.15418, 31.69638], [-103.32339, 31.69638]]}, "properties": {"operator": "ONEOK Westex Pipeline", "pipe_type": "Intrastate"}}, {"type": "Feature", "geometry": {"type": "LineString", "coordinates": [[-103.15418, 31.65235], [-103.15418, 31.69638]]}, "properties": {"operator": "ONEOK Westex Pipeline", "pipe_type": "Intrastate"}}, {"type": "Feature", "geometry": {"type": "LineString", "coordinates": [[-103.17491, 31.3961], [-103.15418, 31.65235]]}, "properties": {"operator": "ONEOK Westex Pipeline", "pipe_type": "Intrastate"}}, {"type": "Feature", "geometry": {"type": "LineString", "coordinates": [[-103.17491, 31.3961], [-102.89459, 31.3641]]}, "properties": {"operator": "ONEOK Westex Pipeline", "pipe_type": "Intrastate"}}, {"type": "Feature", "geometry": {"type": "LineString", "coordinates": [[-103.01414, 31.37203], [-102.77094, 31.59219]]}, "properties": {"operator": "ONEOK Westex Pipeline", "pipe_type": "Intrastate"}}, {"type": "Feature", "geometry": {"type": "LineString", "coordinates": [[-103.16262, 31.21997], [-103.01414, 31.37203]]}, "properties": {"operator": "ONEOK Westex Pipeline", "pipe_type": "Intrastate"}}, {"type": "Feature", "geometry": {"type": "LineString", "coordinates": [[-103.26963, 31.20384], [-103.26963, 31.1639]]}, "properties": {"operator": "ONEOK Westex Pipeline", "pipe_type": "Intrastate"}}, {"type": "Feature", "geometry": {"type": "LineString", "coordinates": [[-103.16262, 31.21997], [-103.26963, 31.20384]]}, "properties": {"operator": "ONEOK Westex Pipeline", "pipe_type": "Intrastate"}}, {"type": "Feature", "geometry": {"type": "LineString", "coordinates": [[-103.17491, 31.3961], [-103.16262, 31.21997]]}, "properties": {"operator": "ONEOK Westex Pipeline", "pipe_type": "Intrastate"}}, {"type": "Feature", "geometry": {"type": "LineString", "coordinates": [[-103.45114, 31.41197], [-103.17491, 31.3961]]}, "properties": {"operator": "ONEOK Westex Pipeline", "pipe_type": "Intrastate"}}, {"type": "Feature", "geometry": {"type": "LineString", "coordinates": [[-103.45114, 31.52026], [-103.33949, 31.67653]]}, "properties": {"operator": "ONEOK Westex Pipeline", "pipe_type": "Intrastate"}}, {"type": "Feature", "geometry": {"type": "LineString", "coordinates": [[-103.45114, 31.46803], [-103.45114, 31.52026]]}, "properties": {"operator": "ONEOK Westex Pipeline", "pipe_type": "Intrastate"}}, {"type": "Feature", "geometry": {"type": "LineString", "coordinates": [[-103.45114, 31.41197], [-103.45114, 31.46803]]}, "properties": {"operator": "ONEOK Westex Pipeline", "pipe_type": "Intrastate"}}, {"type": "Feature", "geometry": {"type": "LineString", "coordinates": [[-103.78496, 31.41197], [-103.45114, 31.41197]]}, "properties": {"operator": "ONEOK Westex Pipeline", "pipe_type": "Intrastate"}}, {"type": "Feature", "geometry": {"type": "LineString", "coordinates": [[-104.06118, 31.57222], [-104.19712, 31.63622]]}, "properties": {"operator": "ONEOK Westex Pipeline", "pipe_type": "Intrastate"}}, {"type": "Feature", "geometry": {"type": "LineString", "coordinates": [[-103.78496, 31.4601], [-104.06118, 31.57222]]}, "properties": {"operator": "ONEOK Westex Pipeline", "pipe_type": "Intrastate"}}, {"type": "Feature", "geometry": {"type": "LineString", "coordinates": [[-103.78496, 31.41197], [-103.78496, 31.4601]]}, "properties": {"operator": "ONEOK Westex Pipeline", "pipe_type": "Intrastate"}}, {"type": "Feature", "geometry": {"type": "LineString", "coordinates": [[-104.07757, 31.41197], [-103.78496, 31.41197]]}, "properties": {"operator": "ONEOK Westex Pipeline", "pipe_type": "Intrastate"}}, {"type": "Feature", "geometry": {"type": "LineString", "coordinates": [[-106.36149, 31.94189], [-106.13418, 31.78189], [-105.97541, 31.69409], [-105.8242, 31.66189], [-105.74515, 31.65311], [-105.58363, 31.64433], [-105.40352, 31.645], [-105.28464, 31.64726], [-105.17467, 31.65311], [-104.70385, 31.53312], [-104.62137, 31.51556], [-104.5492, 31.45995], [-104.32238, 31.41197], [-104.07757, 31.41197]]}, "properties": {"operator": "ONEOK Westex Pipeline", "pipe_type": "Intrastate"}}, {"type": "Feature", "geometry": {"type": "LineString", "coordinates": [[-102.69588, 32.77037], [-102.64241, 32.69869]]}, "properties": {"operator": "ONEOK Westex Pipeline", "pipe_type": "Intrastate"}}, {"type": "Feature", "geometry": {"type": "LineString", "coordinates": [[-102.5728, 32.83738], [-102.47018, 32.75333], [-102.41995, 32.79582]]}, "properties": {"operator": "ONEOK Westex Pipeline", "pipe_type": "Intrastate"}}, {"type": "Feature", "geometry": {"type": "LineString", "coordinates": [[-102.5378, 32.8948], [-102.36971, 32.8808]]}, "properties": {"operator": "ONEOK Westex Pipeline", "pipe_type": "Intrastate"}}, {"type": "Feature", "geometry": {"type": "LineString", "coordinates": [[-103.0896, 30.9888], [-103.018, 31.0351]]}, "properties": {"operator": "Transcontinental Gas PL", "pipe_type": "Interstate"}}, {"type": "Feature", "geometry": {"type": "LineString", "coordinates": [[-103.018, 31.0351], [-102.9632, 31.065]]}, "properties": {"operator": "Transcontinental Gas PL", "pipe_type": "Interstate"}}, {"type": "Feature", "geometry": {"type": "LineString", "coordinates": [[-103.1522, 30.9797], [-103.1361, 30.9823]]}, "properties": {"operator": "Transcontinental Gas PL", "pipe_type": "Interstate"}}, {"type": "Feature", "geometry": {"type": "LineString", "coordinates": [[-103.1361, 30.9823], [-103.0896, 30.9888]]}, "properties": {"operator": "Transcontinental Gas PL", "pipe_type": "Interstate"}}, {"type": "Feature", "geometry": {"type": "LineString", "coordinates": [[-96.15959, 29.77812], [-96.23747, 29.90199], [-97.3301, 30.09841], [-98.90195, 30.51215], [-100.4139, 30.79632], [-101.88032, 31.19752], [-102.18703, 31.13066]]}, "properties": {"operator": "Kinder Morgan Texas Pipeline Co", "pipe_type": "Intrastate"}}, {"type": "Feature", "geometry": {"type": "LineString", "coordinates": [[-100.39699, 32.24256], [-100.46202, 32.23947], [-100.63657, 32.21227], [-100.69058, 32.20303], [-100.83985, 32.16712], [-100.95831, 32.12123], [-101.02288, 32.09268], [-101.34609, 31.97739]]}, "properties": {"operator": "Energy Transfer", "pipe_type": "Intrastate"}}, {"type": "Feature", "geometry": {"type": "LineString", "coordinates": [[-100.83985, 32.16712], [-100.91535, 32.33259]]}, "properties": {"operator": "Energy Transfer", "pipe_type": "Intrastate"}}, {"type": "Feature", "geometry": {"type": "LineString", "coordinates": [[-101.34609, 31.97739], [-101.72349, 31.86581], [-101.82773, 31.83598], [-102.30476, 31.62174], [-102.37276, 31.58028]]}, "properties": {"operator": "Energy Transfer", "pipe_type": "Intrastate"}}, {"type": "Feature", "geometry": {"type": "LineString", "coordinates": [[-101.34609, 31.97739], [-101.22019, 31.74665], [-101.08928, 31.80536], [-101.19974, 32.02941]]}, "properties": {"operator": "Energy Transfer", "pipe_type": "Intrastate"}}, {"type": "Feature", "geometry": {"type": "LineString", "coordinates": [[-102.37276, 31.58028], [-102.51809, 31.52007], [-102.76836, 31.405], [-103.09301, 31.25623]]}, "properties": {"operator": "Energy Transfer", "pipe_type": "Intrastate"}}, {"type": "Feature", "geometry": {"type": "LineString", "coordinates": [[-103.08022, 31.29856], [-103.46685, 31.30088], [-103.68264, 31.3494], [-104.37617, 31.34471], [-104.57563, 31.51053], [-105.10759, 31.63636], [-105.74242, 31.6646], [-105.83247, 31.64137], [-105.95133, 31.68331], [-105.99808, 31.64563], [-106.10063, 31.6239], [-106.14757, 31.58214], [-106.14854, 31.5589], [-106.21363, 31.53285], [-106.24216, 31.54602]]}, "properties": {"operator": "Roadrunner", "pipe_type": "Intrastate"}}, {"type": "Feature", "geometry": {"type": "LineString", "coordinates": [[-103.10539, 31.2776], [-104.08424, 31.43475], [-104.62137, 31.51556], [-105.26201, 31.66426], [-105.76819, 31.65567], [-106.02358, 31.60192], [-106.0822, 31.56385], [-106.12651, 31.55756], [-106.1865, 31.53161], [-106.2628, 31.56233], [-106.26685, 31.5575]]}, "properties": {"operator": "Comanche Trail Pipeline", "pipe_type": "Intrastate"}}, {"type": "Feature", "geometry": {"type": "LineString", "coordinates": [[-104.53308, 29.67413], [-103.79934, 30.3151], [-103.7104, 30.35348], [-103.67546, 30.40828], [-103.60876, 30.45758], [-103.56112, 30.526], [-103.45947, 30.59165], [-103.44041, 30.63539], [-103.42136, 30.65178], [-103.09155, 31.26888]]}, "properties": {"operator": "Trans Pecos Pipeline", "pipe_type": "Intrastate"}}, {"type": "Feature", "geometry": {"type": "LineString", "coordinates": [[-102.91658, 31.08906], [-102.13117, 30.91302], [-101.45409, 30.85886], [-100.95305, 30.26303], [-100.70931, 29.59949], [-100.11348, 29.04429], [-98.19058, 27.81201], [-97.97392, 27.71722], [-97.73017, 27.71722]]}, "properties": {"operator": "Gulf Coast Express", "pipe_type": "Intrastate"}}, {"type": "Feature", "geometry": {"type": "LineString", "coordinates": [[-106.18704, 31.54321], [-105.99777, 31.65964], [-105.18815, 31.63278], [-104.19977, 31.34586], [-103.23242, 31.4087], [-103.09573, 31.274]]}, "properties": {"operator": "Roadrunner Eastbound", "pipe_type": "Intrastate"}}, {"type": "Feature", "geometry": {"type": "LineString", "coordinates": [[-104.02214, 31.92778], [-103.93006, 31.80048]]}, "properties": {"operator": "Red Bluff Express Pipeline", "pipe_type": "Intrastate"}}, {"type": "Feature", "geometry": {"type": "LineString", "coordinates": [[-103.93006, 31.80048], [-103.68567, 31.67602], [-103.09496, 31.28012]]}, "properties": {"operator": "Red Bluff Express Pipeline", "pipe_type": "Intrastate"}}, {"type": "Feature", "geometry": {"type": "LineString", "coordinates": [[-103.09496, 31.28012], [-103.08688, 31.26899]]}, "properties": {"operator": "Red Bluff Express Pipeline", "pipe_type": "Intrastate"}}, {"type": "Feature", "geometry": {"type": "LineString", "coordinates": [[-104.23054, 31.85593], [-104.17744, 31.84656], [-104.11965, 31.83562], [-104.03844, 31.82938], [-103.98846, 31.84499], [-103.95845, 31.82988], [-103.92354, 31.83594], [-103.89648, 31.81063], [-103.86376, 31.80967], [-103.86132, 31.79642], [-103.79283, 31.79614], [-103.75213, 31.79817], [-103.69065, 31.79409], [-103.60178, 31.79025], [-103.53135, 31.7848], [-103.51014, 31.78243], [-103.50689, 31.7515], [-103.51303, 31.74045], [-103.50254, 31.71604], [-103.4767, 31.67333], [-103.46036, 31.65819], [-103.44865, 31.65136], [-103.40755, 31.63085], [-103.29877, 31.55133], [-103.23681, 31.50317], [-103.20195, 31.49255], [-103.1585, 31.31465], [-103.12439, 31.2804], [-103.10908, 31.27481], [-103.08416, 31.27477], [-103.08817, 31.27765], [-103.05198, 31.29765], [-103.04202, 31.30688], [-103.02709, 31.3077], [-103.02581, 31.31473], [-103.01427, 31.32151], [-103.0, 31.32784]]}, "properties": {"operator": "Agua Blanca Pipeline", "pipe_type": "Intrastate"}}, {"type": "Feature", "geometry": {"type": "LineString", "coordinates": [[-104.2109, 31.96963], [-104.19178, 31.98271], [-104.1654, 31.98237], [-104.16051, 31.98151], [-104.14718, 31.98138], [-104.14375, 31.98466], [-104.13602, 31.98411], [-104.13249, 31.98136], [-104.11164, 31.97994], [-104.09525, 31.98618], [-104.07157, 31.95862], [-104.04525, 31.94107], [-104.03969, 31.92693], [-104.03085, 31.91645], [-104.03204, 31.90423], [-104.02754, 31.89814], [-104.00096, 31.87311], [-103.99418, 31.86362], [-103.97844, 31.847], [-103.96238, 31.83711], [-103.95845, 31.82988]]}, "properties": {"operator": "Agua Blanca Pipeline", "pipe_type": "Intrastate"}}, {"type": "Feature", "geometry": {"type": "LineString", "coordinates": [[-103.71289, 31.97968], [-103.71565, 31.94612], [-103.70818, 31.94341], [-103.69767, 31.92699], [-103.69168, 31.90187], [-103.68476, 31.88407], [-103.68369, 31.83243], [-103.68338, 31.80327], [-103.69065, 31.79409]]}, "properties": {"operator": "Agua Blanca Pipeline", "pipe_type": "Intrastate"}}, {"type": "Feature", "geometry": {"type": "LineString", "coordinates": [[-103.46036, 31.65819], [-103.32528, 31.72806], [-103.30692, 31.78148], [-103.35635, 31.90081]]}, "properties": {"operator": "Agua Blanca Pipeline", "pipe_type": "Intrastate"}}]}