{"type": "FeatureCollection", "features": [{"type": "Feature", "geometry": {"type": "Point", "coordinates": [-102.28908, 30.97625]}, "properties": {"id": "309862", "name": "Bakersfield", "type": "Substation", "status": "In service", "city": "Bakersfield", "county": "Pecos", "state": "Texas", "min_kv": 69, "max_kv": 345, "max_inferred": true, "min_inferred": true, "line_count": 3, "owners": [{"name": "AEP TEXAS NORTH CO.", "voltages_kv": [345], "miles": 0.0, "named": false}, {"name": "AEP TEXAS NORTH COMPANY", "voltages_kv": [345], "miles": 0.0, "named": false}], "circuits": [{"owner": "AEP TEXAS NORTH CO.", "voltage_kv": 345, "miles": 0.0, "from_name": "Waymark", "to_name": ""}], "source_date": "2017-03-21"}}, {"type": "Feature", "geometry": {"type": "Point", "coordinates": [-101.00885, 32.86017]}, "properties": {"id": "301378", "name": "Dermott", "type": "Substation", "status": "In service", "city": "Dermott", "county": "Scurry", "state": "Texas", "min_kv": 69, "max_kv": 345, "max_inferred": false, "min_inferred": false, "line_count": 6, "owners": [{"name": "BIG COUNTRY ELECTRIC COOP, INC", "voltages_kv": [345], "miles": 0.0, "named": false}, {"name": "NOT AVAILABLE", "voltages_kv": [345], "miles": 0.0, "named": false}, {"name": "ONCOR ELECTRIC DELIVERY CO.", "voltages_kv": [345], "miles": 0.0, "named": false}], "circuits": [{"owner": "NOT AVAILABLE", "voltage_kv": 345, "miles": 0.0, "from_name": "Cottonwood", "to_name": ""}], "source_date": "2017-04-11"}}, {"type": "Feature", "geometry": {"type": "Point", "coordinates": [-102.49551, 31.81304]}, "properties": {"id": "307083", "name": "Moss Switchyard", "type": "Substation", "status": "In service", "city": "West Odessa", "county": "Ector", "state": "Texas", "min_kv": 69, "max_kv": 345, "max_inferred": false, "min_inferred": false, "line_count": 10, "owners": [{"name": "ONCOR ELECTRIC DELIVERY CO.", "voltages_kv": [345, 138], "miles": 0.0, "named": false}], "circuits": [{"owner": "ONCOR ELECTRIC DELIVERY CO.", "voltage_kv": 345, "miles": 0.0, "from_name": "Odessa 345", "to_name": ""}], "source_date": "2017-05-31"}}, {"type": "Feature", "geometry": {"type": "Point", "coordinates": [-102.22322, 31.15362]}, "properties": {"id": "301062", "name": "North McCamey", "type": "Substation", "status": "In service", "city": "McCamey", "county": "Upton", "state": "Texas", "min_kv": 69, "max_kv": 345, "max_inferred": false, "min_inferred": false, "line_count": 11, "owners": [{"name": "AEP TEXAS NORTH CO.", "voltages_kv": [345, 138, 69], "miles": 0.0, "named": false}, {"name": "AEP TEXAS NORTH COMPANY", "voltages_kv": [138], "miles": 0.0, "named": false}, {"name": "SHARYLAND UTILITIES LP", "voltages_kv": [345], "miles": 0.0, "named": false}], "circuits": [{"owner": "SHARYLAND UTILITIES LP", "voltage_kv": 345, "miles": 0.0, "from_name": "Odessa 345", "to_name": ""}, {"owner": "AEP TEXAS NORTH CO.", "voltage_kv": 138, "miles": 0.0, "from_name": "Rio Pecos", "to_name": ""}], "source_date": "2017-03-21"}}, {"type": "Feature", "geometry": {"type": "Point", "coordinates": [-102.92458, 30.99522]}, "properties": {"id": "302092", "name": "Northern Natural", "type": "Substation", "status": "Status not published", "city": "Imperial", "county": "Pecos", "state": "Texas", "min_kv": 69, "max_kv": 345, "max_inferred": true, "min_inferred": true, "line_count": 1, "owners": [], "circuits": [], "source_date": "2017-05-31"}}, {"type": "Feature", "geometry": {"type": "Point", "coordinates": [-102.32951, 31.83623]}, "properties": {"id": "301009", "name": "Odessa", "type": "Substation", "status": "In service", "city": "Odessa", "county": "Ector", "state": "Texas", "min_kv": 69, "max_kv": 345, "max_inferred": false, "min_inferred": false, "line_count": 12, "owners": [{"name": "ONCOR ELECTRIC DELIVERY CO.", "voltages_kv": [345, 138, 69], "miles": 0.0, "named": false}, {"name": "SHARYLAND UTILITIES LP", "voltages_kv": [345], "miles": 0.2, "named": false}], "circuits": [{"owner": "ONCOR ELECTRIC DELIVERY CO.", "voltage_kv": 345, "miles": 0.0, "from_name": "Odessa 345", "to_name": ""}, {"owner": "SHARYLAND UTILITIES LP", "voltage_kv": 345, "miles": 0.2, "from_name": "Odessa 345", "to_name": ""}], "source_date": "2017-05-31"}}, {"type": "Feature", "geometry": {"type": "Point", "coordinates": [-102.3261, 31.83392]}, "properties": {"id": "303706", "name": "Odessa 345", "type": "Substation", "status": "In service", "city": "Odessa", "county": "Ector", "state": "Texas", "min_kv": 69, "max_kv": 345, "max_inferred": false, "min_inferred": false, "line_count": 5, "owners": [{"name": "ONCOR ELECTRIC DELIVERY CO.", "voltages_kv": [345, 138, 69], "miles": 0.0, "named": true}, {"name": "SHARYLAND UTILITIES LP", "voltages_kv": [345], "miles": 0.0, "named": true}], "circuits": [{"owner": "SHARYLAND UTILITIES LP", "voltage_kv": 345, "miles": 0.0, "from_name": "Odessa 345", "to_name": ""}, {"owner": "ONCOR ELECTRIC DELIVERY CO.", "voltage_kv": 345, "miles": 0.0, "from_name": "Odessa 345", "to_name": ""}], "source_date": "2017-05-31"}}, {"type": "Feature", "geometry": {"type": "Point", "coordinates": [-102.95505, 31.58753]}, "properties": {"id": "300690", "name": "Permian Basin 345", "type": "Substation", "status": "Under construction", "city": "Monahans", "county": "Ward", "state": "Texas", "min_kv": 138, "max_kv": 345, "max_inferred": false, "min_inferred": false, "line_count": 1, "owners": [{"name": "ONCOR ELECTRIC DELIVERY CO.", "voltages_kv": [138], "miles": 0.11, "named": false}], "circuits": [], "source_date": "2019-04-29"}}, {"type": "Feature", "geometry": {"type": "Point", "coordinates": [-100.86202, 32.59853]}, "properties": {"id": "301020", "name": "Scurry", "type": "Substation", "status": "In service", "city": "Dunn", "county": "Scurry", "state": "Texas", "min_kv": 69, "max_kv": 345, "max_inferred": false, "min_inferred": false, "line_count": 8, "owners": [{"name": "BIG COUNTRY ELECTRIC COOP, INC", "voltages_kv": [345, 138], "miles": 0.0, "named": false}, {"name": "ONCOR ELECTRIC DELIVERY CO.", "voltages_kv": [345], "miles": 0.0, "named": false}, {"name": "NOT AVAILABLE", "voltages_kv": [138], "miles": 0.37, "named": false}], "circuits": [{"owner": "ONCOR ELECTRIC DELIVERY CO.", "voltage_kv": 345, "miles": 0.0, "from_name": "Tonkawa", "to_name": ""}], "source_date": "2017-03-27"}}, {"type": "Feature", "geometry": {"type": "Point", "coordinates": [-103.3628, 30.94836]}, "properties": {"id": "307814", "name": "Solstice", "type": "Substation", "status": "Under construction", "city": "Fort Stockton", "county": "Pecos", "state": "Texas", "min_kv": 138, "max_kv": 345, "max_inferred": false, "min_inferred": true, "line_count": 1, "owners": [{"name": "AEP TEXAS NORTH CO.", "voltages_kv": [138, 69], "miles": 0.0, "named": false}, {"name": "NOT AVAILABLE", "voltages_kv": [138, 69], "miles": 0.02, "named": false}], "circuits": [{"owner": "AEP TEXAS NORTH CO.", "voltage_kv": 138, "miles": 0.0, "from_name": "Barilla Junction", "to_name": ""}, {"owner": "NOT AVAILABLE", "voltage_kv": 69, "miles": 0.02, "from_name": "Barilla Junction", "to_name": ""}, {"owner": "NOT AVAILABLE", "voltage_kv": 138, "miles": 0.09, "from_name": "Barilla Junction", "to_name": ""}], "source_date": "2019-04-29"}}, {"type": "Feature", "geometry": {"type": "Point", "coordinates": [-100.6842, 32.53073]}, "properties": {"id": "310354", "name": "Tonkawa", "type": "Substation", "status": "In service", "city": "Inadale", "county": "Scurry", "state": "Texas", "min_kv": 69, "max_kv": 345, "max_inferred": false, "min_inferred": false, "line_count": 10, "owners": [{"name": "ONCOR ELECTRIC DELIVERY CO.", "voltages_kv": [345], "miles": 0.0, "named": true}, {"name": "ONCOR ELECTRIC DELIVERY COMPANY LLC", "voltages_kv": [345], "miles": 0.0, "named": true}, {"name": "BIG COUNTRY ELECTRIC COOP, INC", "voltages_kv": [138], "miles": 0.14, "named": false}], "circuits": [{"owner": "ONCOR ELECTRIC DELIVERY CO.", "voltage_kv": 345, "miles": 0.0, "from_name": "", "to_name": "Tonkawa"}, {"owner": "ONCOR ELECTRIC DELIVERY CO.", "voltage_kv": 345, "miles": 0.0, "from_name": "Tonkawa", "to_name": ""}, {"owner": "ONCOR ELECTRIC DELIVERY COMPANY LLC", "voltage_kv": 345, "miles": 0.0, "from_name": "", "to_name": "Tonkawa"}], "source_date": "2017-03-27"}}, {"type": "Feature", "geometry": {"type": "Point", "coordinates": [-103.10665, 31.27556]}, "properties": {"id": "301432", "name": "Unnamed substation", "type": "Substation", "status": "Status not published", "city": "Pecos", "county": "Reeves", "state": "Texas", "min_kv": 69, "max_kv": 345, "max_inferred": true, "min_inferred": true, "line_count": 1, "owners": [{"name": "ONCOR ELECTRIC DELIVERY CO.", "voltages_kv": [138], "miles": 0.0, "named": false}], "circuits": [], "source_date": "2017-05-31"}}, {"type": "Feature", "geometry": {"type": "Point", "coordinates": [-102.12485, 31.99648]}, "properties": {"id": "300940", "name": "Unnamed substation", "type": "Substation", "status": "Status not published", "city": "Midland", "county": "Midland", "state": "Texas", "min_kv": 69, "max_kv": 345, "max_inferred": true, "min_inferred": true, "line_count": 2, "owners": [{"name": "ONCOR ELECTRIC DELIVERY CO.", "voltages_kv": [138], "miles": 0.0, "named": false}], "circuits": [], "source_date": "2017-04-12"}}, {"type": "Feature", "geometry": {"type": "Point", "coordinates": [-102.0508, 32.02026]}, "properties": {"id": "301162", "name": "Unnamed substation", "type": "Substation", "status": "In service", "city": "Midland", "county": "Midland", "state": "Texas", "min_kv": 69, "max_kv": 345, "max_inferred": false, "min_inferred": false, "line_count": 3, "owners": [{"name": "ONCOR ELECTRIC DELIVERY CO.", "voltages_kv": [345, 138], "miles": 0.0, "named": false}], "circuits": [], "source_date": "2017-05-31"}}, {"type": "Feature", "geometry": {"type": "Point", "coordinates": [-101.4229, 32.27514]}, "properties": {"id": "301484", "name": "Unnamed substation", "type": "Substation", "status": "In service", "city": "Big Spring", "county": "Howard", "state": "Texas", "min_kv": 69, "max_kv": 345, "max_inferred": false, "min_inferred": false, "line_count": 4, "owners": [{"name": "ONCOR ELECTRIC DELIVERY CO.", "voltages_kv": [345, 138, 69], "miles": 0.0, "named": false}], "circuits": [], "source_date": "2017-04-12"}}, {"type": "Feature", "geometry": {"type": "Point", "coordinates": [-102.63642, 31.97505]}, "properties": {"id": "300550", "name": "Unnamed substation", "type": "Substation", "status": "Status not published", "city": "Goldsmith", "county": "Ector", "state": "Texas", "min_kv": 69, "max_kv": 345, "max_inferred": true, "min_inferred": true, "line_count": 2, "owners": [{"name": "ONCOR ELECTRIC DELIVERY CO.", "voltages_kv": [138], "miles": 0.0, "named": false}], "circuits": [], "source_date": "2017-04-10"}}, {"type": "Feature", "geometry": {"type": "Point", "coordinates": [-101.47835, 32.16887]}, "properties": {"id": "300682", "name": "Unnamed substation", "type": "Substation", "status": "Status not published", "city": "Big Spring", "county": "Howard", "state": "Texas", "min_kv": 69, "max_kv": 345, "max_inferred": true, "min_inferred": true, "line_count": 1, "owners": [{"name": "ONCOR ELECTRIC DELIVERY CO.", "voltages_kv": [345, 138], "miles": 0.0, "named": false}], "circuits": [], "source_date": "2017-04-18"}}, {"type": "Feature", "geometry": {"type": "Point", "coordinates": [-100.91611, 32.33413]}, "properties": {"id": "300812", "name": "Unnamed substation", "type": "Substation", "status": "In service", "city": "Colorado City", "county": "Mitchell", "state": "Texas", "min_kv": 69, "max_kv": 345, "max_inferred": false, "min_inferred": false, "line_count": 12, "owners": [{"name": "CONCHO VALLEY ELEC COOP INC", "voltages_kv": [138], "miles": 0.0, "named": false}, {"name": "ONCOR ELECTRIC DELIVERY CO.", "voltages_kv": [345, 138, 69], "miles": 0.0, "named": false}], "circuits": [{"owner": "ONCOR ELECTRIC DELIVERY CO.", "voltage_kv": 345, "miles": 0.0, "from_name": "", "to_name": "Tonkawa"}], "source_date": "2017-04-12"}}, {"type": "Feature", "geometry": {"type": "Point", "coordinates": [-101.1469, 32.62888]}, "properties": {"id": "300025", "name": "Unnamed substation", "type": "Substation", "status": "In service", "city": "Ira", "county": "Scurry", "state": "Texas", "min_kv": null, "max_kv": 345, "max_inferred": true, "min_inferred": false, "line_count": 1, "owners": [{"name": "ONCOR ELECTRIC DELIVERY CO.", "voltages_kv": [345, 138, 69], "miles": 0.02, "named": false}], "circuits": [], "source_date": "2018-09-28"}}, {"type": "Feature", "geometry": {"type": "Point", "coordinates": [-102.05226, 32.01993]}, "properties": {"id": "303025", "name": "Unnamed substation", "type": "Substation", "status": "In service", "city": "Midland", "county": "Midland", "state": "Texas", "min_kv": 69, "max_kv": 345, "max_inferred": false, "min_inferred": false, "line_count": 5, "owners": [{"name": "ONCOR ELECTRIC DELIVERY CO.", "voltages_kv": [345, 138], "miles": 0.0, "named": false}], "circuits": [], "source_date": "2017-05-31"}}, {"type": "Feature", "geometry": {"type": "Point", "coordinates": [-101.3958, 32.64803]}, "properties": {"id": "302823", "name": "Unnamed substation", "type": "Substation", "status": "In service", "city": "Gail", "county": "Borden", "state": "Texas", "min_kv": 69, "max_kv": 345, "max_inferred": false, "min_inferred": false, "line_count": 4, "owners": [{"name": "ONCOR ELECTRIC DELIVERY CO.", "voltages_kv": [345, 69], "miles": 0.0, "named": false}], "circuits": [], "source_date": "2017-04-18"}}, {"type": "Feature", "geometry": {"type": "Point", "coordinates": [-100.72717, 32.3785]}, "properties": {"id": "303617", "name": "Unnamed substation", "type": "Substation", "status": "In service", "city": "Loraine", "county": "Mitchell", "state": "Texas", "min_kv": 69, "max_kv": 345, "max_inferred": false, "min_inferred": false, "line_count": 3, "owners": [{"name": "ONCOR ELECTRIC DELIVERY CO.", "voltages_kv": [345, 138], "miles": 0.0, "named": false}], "circuits": [{"owner": "ONCOR ELECTRIC DELIVERY CO.", "voltage_kv": 345, "miles": 0.0, "from_name": "Sweetwater East", "to_name": ""}], "source_date": "2017-05-31"}}, {"type": "Feature", "geometry": {"type": "Point", "coordinates": [-102.51672, 32.00607]}, "properties": {"id": "305503", "name": "Unnamed substation", "type": "Substation", "status": "Status not published", "city": "Goldsmith", "county": "Ector", "state": "Texas", "min_kv": 69, "max_kv": 345, "max_inferred": true, "min_inferred": true, "line_count": 1, "owners": [{"name": "ONCOR ELECTRIC DELIVERY CO.", "voltages_kv": [138], "miles": 0.0, "named": false}], "circuits": [], "source_date": "2017-04-10"}}, {"type": "Feature", "geometry": {"type": "Point", "coordinates": [-100.66604, 32.46997]}, "properties": {"id": "304972", "name": "Unnamed substation", "type": "Substation", "status": "In service", "city": "Wastella", "county": "Mitchell", "state": "Texas", "min_kv": 69, "max_kv": 345, "max_inferred": true, "min_inferred": true, "line_count": 3, "owners": [{"name": "ONCOR ELECTRIC DELIVERY CO.", "voltages_kv": [345], "miles": 0.0, "named": false}], "circuits": [{"owner": "ONCOR ELECTRIC DELIVERY CO.", "voltage_kv": 345, "miles": 0.0, "from_name": "Tonkawa", "to_name": ""}], "source_date": "2017-05-31"}}, {"type": "Feature", "geometry": {"type": "Point", "coordinates": [-100.86533, 31.64956]}, "properties": {"id": "304981", "name": "Unnamed substation", "type": "Substation", "status": "In service", "city": "Sterling City", "county": "Sterling", "state": "Texas", "min_kv": 69, "max_kv": 345, "max_inferred": true, "min_inferred": true, "line_count": 1, "owners": [], "circuits": [], "source_date": "2017-04-19"}}, {"type": "Feature", "geometry": {"type": "Point", "coordinates": [-101.31588, 32.9389]}, "properties": {"id": "303793", "name": "Unnamed substation", "type": "Substation", "status": "Status not published", "city": "Fluvanna", "county": "Borden", "state": "Texas", "min_kv": 69, "max_kv": 345, "max_inferred": true, "min_inferred": true, "line_count": 1, "owners": [{"name": "ONCOR ELECTRIC DELIVERY CO.", "voltages_kv": [69], "miles": 0.0, "named": false}], "circuits": [], "source_date": "2017-04-19"}}, {"type": "Feature", "geometry": {"type": "Point", "coordinates": [-102.26891, 32.17696]}, "properties": {"id": "304251", "name": "Unnamed substation", "type": "Substation", "status": "Status not published", "city": "Andrews", "county": "Andrews", "state": "Texas", "min_kv": 69, "max_kv": 345, "max_inferred": true, "min_inferred": true, "line_count": 0, "owners": [{"name": "ONCOR ELECTRIC DELIVERY CO.", "voltages_kv": [69], "miles": 0.0, "named": false}], "circuits": [], "source_date": "2017-03-22"}}, {"type": "Feature", "geometry": {"type": "Point", "coordinates": [-102.42492, 32.14196]}, "properties": {"id": "304711", "name": "Unnamed substation", "type": "Substation", "status": "Status not published", "city": "Andrews", "county": "Andrews", "state": "Texas", "min_kv": 69, "max_kv": 345, "max_inferred": true, "min_inferred": true, "line_count": 0, "owners": [{"name": "ONCOR ELECTRIC DELIVERY CO.", "voltages_kv": [138], "miles": 0.13, "named": false}], "circuits": [], "source_date": "2017-03-22"}}, {"type": "Feature", "geometry": {"type": "Point", "coordinates": [-102.3274, 31.83863]}, "properties": {"id": "303932", "name": "Unnamed substation", "type": "Substation", "status": "In service", "city": "Odessa", "county": "Ector", "state": "Texas", "min_kv": 69, "max_kv": 345, "max_inferred": false, "min_inferred": false, "line_count": 4, "owners": [{"name": "ONCOR ELECTRIC DELIVERY CO.", "voltages_kv": [345, 138, 69], "miles": 0.0, "named": false}, {"name": "SHARYLAND UTILITIES LP", "voltages_kv": [345], "miles": 0.33, "named": false}], "circuits": [{"owner": "ONCOR ELECTRIC DELIVERY CO.", "voltage_kv": 345, "miles": 0.15, "from_name": "Odessa 345", "to_name": ""}, {"owner": "SHARYLAND UTILITIES LP", "voltage_kv": 345, "miles": 0.33, "from_name": "Odessa 345", "to_name": ""}], "source_date": "2017-05-31"}}, {"type": "Feature", "geometry": {"type": "Point", "coordinates": [-102.13773, 32.89646]}, "properties": {"id": "304764", "name": "Unnamed substation", "type": "Substation", "status": "Status not published", "city": "Welch", "county": "Dawson", "state": "Texas", "min_kv": 69, "max_kv": 345, "max_inferred": true, "min_inferred": true, "line_count": 1, "owners": [{"name": "ONCOR ELECTRIC DELIVERY CO.", "voltages_kv": [69], "miles": 0.0, "named": false}], "circuits": [], "source_date": "2017-03-22"}}, {"type": "Feature", "geometry": {"type": "Point", "coordinates": [-102.00807, 32.54992]}, "properties": {"id": "304777", "name": "Unnamed substation", "type": "Substation", "status": "Status not published", "city": "Lamesa", "county": "Dawson", "state": "Texas", "min_kv": 69, "max_kv": 345, "max_inferred": true, "min_inferred": true, "line_count": 0, "owners": [], "circuits": [], "source_date": "2017-04-19"}}, {"type": "Feature", "geometry": {"type": "Point", "coordinates": [-101.27324, 32.00354]}, "properties": {"id": "304833", "name": "Unnamed substation", "type": "Substation", "status": "In service", "city": "Forsan", "county": "Glasscock", "state": "Texas", "min_kv": 69, "max_kv": 345, "max_inferred": false, "min_inferred": false, "line_count": 3, "owners": [{"name": "CONCHO VALLEY ELEC COOP INC", "voltages_kv": [138], "miles": 0.0, "named": false}, {"name": "ONCOR ELECTRIC DELIVERY CO.", "voltages_kv": [345, 138], "miles": 0.0, "named": false}], "circuits": [], "source_date": "2017-05-31"}}, {"type": "Feature", "geometry": {"type": "Point", "coordinates": [-100.69251, 32.57969]}, "properties": {"id": "305705", "name": "Unnamed substation", "type": "Substation", "status": "In service", "city": "Inadale", "county": "Scurry", "state": "Texas", "min_kv": 69, "max_kv": 345, "max_inferred": false, "min_inferred": false, "line_count": 1, "owners": [{"name": "ONCOR ELECTRIC DELIVERY CO.", "voltages_kv": [345], "miles": 0.0, "named": false}], "circuits": [{"owner": "ONCOR ELECTRIC DELIVERY CO.", "voltage_kv": 345, "miles": 0.0, "from_name": "", "to_name": "Tonkawa"}], "source_date": "2017-04-12"}}, {"type": "Feature", "geometry": {"type": "Point", "coordinates": [-102.22897, 32.20953]}, "properties": {"id": "305796", "name": "Unnamed substation", "type": "Substation", "status": "Status not published", "city": "Andrews", "county": "Andrews", "state": "Texas", "min_kv": 69, "max_kv": 345, "max_inferred": true, "min_inferred": true, "line_count": 0, "owners": [{"name": "ONCOR ELECTRIC DELIVERY CO.", "voltages_kv": [69], "miles": 0.0, "named": false}], "circuits": [], "source_date": "2017-03-22"}}, {"type": "Feature", "geometry": {"type": "Point", "coordinates": [-101.633, 32.72124]}, "properties": {"id": "305803", "name": "Unnamed substation", "type": "Substation", "status": "In service", "city": "Key", "county": "Borden", "state": "Texas", "min_kv": 13.8, "max_kv": 345, "max_inferred": false, "min_inferred": false, "line_count": 4, "owners": [{"name": "ONCOR ELECTRIC DELIVERY CO.", "voltages_kv": [345], "miles": 0.0, "named": false}, {"name": "LYNTEGAR ELECTRIC COOP, INC", "voltages_kv": [230], "miles": 0.2, "named": false}], "circuits": [{"owner": "LYNTEGAR ELECTRIC COOP, INC", "voltage_kv": 230, "miles": 0.2, "from_name": "Borden Co", "to_name": "Cirrus Wind"}], "source_date": "2017-04-18"}}, {"type": "Feature", "geometry": {"type": "Point", "coordinates": [-101.42274, 32.27429]}, "properties": {"id": "306995", "name": "Unnamed substation", "type": "Substation", "status": "In service", "city": "Big Spring", "county": "Howard", "state": "Texas", "min_kv": 69, "max_kv": 345, "max_inferred": false, "min_inferred": false, "line_count": 6, "owners": [{"name": "ONCOR ELECTRIC DELIVERY CO.", "voltages_kv": [345, 138, 69], "miles": 0.0, "named": false}], "circuits": [], "source_date": "2017-04-12"}}, {"type": "Feature", "geometry": {"type": "Point", "coordinates": [-101.05436, 32.62715]}, "properties": {"id": "306133", "name": "Unnamed substation", "type": "Substation", "status": "In service", "city": "Snyder", "county": "Scurry", "state": "Texas", "min_kv": 69, "max_kv": 345, "max_inferred": true, "min_inferred": true, "line_count": 5, "owners": [{"name": "ONCOR ELECTRIC DELIVERY CO.", "voltages_kv": [345, 138, 69], "miles": 0.0, "named": false}], "circuits": [], "source_date": "2017-03-22"}}, {"type": "Feature", "geometry": {"type": "Point", "coordinates": [-100.82462, 32.73333]}, "properties": {"id": "306134", "name": "Unnamed substation", "type": "Substation", "status": "Status not published", "city": "Snyder", "county": "Scurry", "state": "Texas", "min_kv": 13.8, "max_kv": 345, "max_inferred": true, "min_inferred": true, "line_count": 0, "owners": [{"name": "ONCOR ELECTRIC DELIVERY CO.", "voltages_kv": [69], "miles": 0.0, "named": false}], "circuits": [], "source_date": "2017-03-22"}}, {"type": "Feature", "geometry": {"type": "Point", "coordinates": [-102.56686, 31.89759]}, "properties": {"id": "306186", "name": "Unnamed substation", "type": "Substation", "status": "Status not published", "city": "Goldsmith", "county": "Ector", "state": "Texas", "min_kv": 69, "max_kv": 345, "max_inferred": true, "min_inferred": true, "line_count": 2, "owners": [{"name": "ONCOR ELECTRIC DELIVERY CO.", "voltages_kv": [138], "miles": 0.0, "named": false}], "circuits": [], "source_date": "2017-04-10"}}, {"type": "Feature", "geometry": {"type": "Point", "coordinates": [-100.74596, 32.4451]}, "properties": {"id": "307411", "name": "Unnamed substation", "type": "Substation", "status": "In service", "city": "Loraine", "county": "Mitchell", "state": "Texas", "min_kv": 69, "max_kv": 345, "max_inferred": false, "min_inferred": false, "line_count": 1, "owners": [{"name": "ONCOR ELECTRIC DELIVERY CO.", "voltages_kv": [345], "miles": 0.0, "named": false}], "circuits": [], "source_date": "2017-05-31"}}, {"type": "Feature", "geometry": {"type": "Point", "coordinates": [-100.8735, 32.52334]}, "properties": {"id": "306238", "name": "Unnamed substation", "type": "Substation", "status": "Status not published", "city": "Colorado City", "county": "Mitchell", "state": "Texas", "min_kv": 69, "max_kv": 345, "max_inferred": true, "min_inferred": true, "line_count": 7, "owners": [{"name": "BIG COUNTRY ELECTRIC COOP, INC", "voltages_kv": [138], "miles": 0.0, "named": false}, {"name": "NOT AVAILABLE", "voltages_kv": [138], "miles": 0.0, "named": false}, {"name": "ONCOR ELECTRIC DELIVERY CO.", "voltages_kv": [138, 69], "miles": 0.0, "named": false}], "circuits": [], "source_date": "2017-03-22"}}, {"type": "Feature", "geometry": {"type": "Point", "coordinates": [-101.30169, 31.95668]}, "properties": {"id": "306406", "name": "Unnamed substation", "type": "Substation", "status": "Status not published", "city": "Forsan", "county": "Glasscock", "state": "Texas", "min_kv": 69, "max_kv": 345, "max_inferred": true, "min_inferred": true, "line_count": 0, "owners": [{"name": "CONCHO VALLEY ELEC COOP INC", "voltages_kv": [138], "miles": 0.0, "named": false}, {"name": "ONCOR ELECTRIC DELIVERY CO.", "voltages_kv": [138], "miles": 0.18, "named": false}], "circuits": [], "source_date": "2017-04-18"}}, {"type": "Feature", "geometry": {"type": "Point", "coordinates": [-101.39609, 32.12403]}, "properties": {"id": "307631", "name": "Unnamed substation", "type": "Substation", "status": "In service", "city": "Forsan", "county": "Howard", "state": "Texas", "min_kv": 69, "max_kv": 345, "max_inferred": false, "min_inferred": false, "line_count": 1, "owners": [{"name": "ONCOR ELECTRIC DELIVERY CO.", "voltages_kv": [345], "miles": 0.0, "named": false}], "circuits": [], "source_date": "2017-04-12"}}, {"type": "Feature", "geometry": {"type": "Point", "coordinates": [-100.84147, 32.39225]}, "properties": {"id": "306834", "name": "Unnamed substation", "type": "Substation", "status": "Status not published", "city": "Colorado City", "county": "Mitchell", "state": "Texas", "min_kv": 69, "max_kv": 345, "max_inferred": true, "min_inferred": true, "line_count": 1, "owners": [{"name": "ONCOR ELECTRIC DELIVERY CO.", "voltages_kv": [69], "miles": 0.0, "named": false}], "circuits": [], "source_date": "2017-03-22"}}, {"type": "Feature", "geometry": {"type": "Point", "coordinates": [-100.83639, 32.53009]}, "properties": {"id": "309649", "name": "Unnamed substation", "type": "Substation", "status": "Status not published", "city": "Hermleigh", "county": "Scurry", "state": "Texas", "min_kv": 69, "max_kv": 345, "max_inferred": true, "min_inferred": true, "line_count": 1, "owners": [{"name": "ONCOR ELECTRIC DELIVERY CO.", "voltages_kv": [69], "miles": 0.0, "named": false}], "circuits": [], "source_date": "2017-03-22"}}, {"type": "Feature", "geometry": {"type": "Point", "coordinates": [-101.45233, 32.1003]}, "properties": {"id": "308253", "name": "Unnamed substation", "type": "Substation", "status": "In service", "city": "Forsan", "county": "Howard", "state": "Texas", "min_kv": 69, "max_kv": 345, "max_inferred": false, "min_inferred": false, "line_count": 5, "owners": [{"name": "ONCOR ELECTRIC DELIVERY CO.", "voltages_kv": [345, 138], "miles": 0.0, "named": false}], "circuits": [], "source_date": "2017-04-12"}}, {"type": "Feature", "geometry": {"type": "Point", "coordinates": [-101.88156, 32.16637]}, "properties": {"id": "310087", "name": "Unnamed substation", "type": "Substation", "status": "In service", "city": "Stanton", "county": "Martin", "state": "Texas", "min_kv": 69, "max_kv": 345, "max_inferred": false, "min_inferred": false, "line_count": 2, "owners": [{"name": "ONCOR ELECTRIC DELIVERY CO.", "voltages_kv": [345, 138], "miles": 0.0, "named": false}], "circuits": [{"owner": "ONCOR ELECTRIC DELIVERY CO.", "voltage_kv": 138, "miles": 0.23, "from_name": "", "to_name": "Borden Co"}], "source_date": "2017-04-18"}}, {"type": "Feature", "geometry": {"type": "Point", "coordinates": [-102.31627, 31.84]}, "properties": {"id": "310183", "name": "Unnamed substation", "type": "Substation", "status": "In service", "city": "Odessa", "county": "Ector", "state": "Texas", "min_kv": 69, "max_kv": 345, "max_inferred": true, "min_inferred": true, "line_count": 4, "owners": [{"name": "ONCOR ELECTRIC DELIVERY CO.", "voltages_kv": [345, 138, 69], "miles": 0.0, "named": false}], "circuits": [{"owner": "ONCOR ELECTRIC DELIVERY CO.", "voltage_kv": 345, "miles": 0.47, "from_name": "Odessa 345", "to_name": ""}], "source_date": "2017-05-31"}}, {"type": "Feature", "geometry": {"type": "Point", "coordinates": [-102.42571, 32.14585]}, "properties": {"id": "310314", "name": "Unnamed substation", "type": "Substation", "status": "Status not published", "city": "Andrews", "county": "Andrews", "state": "Texas", "min_kv": 69, "max_kv": 345, "max_inferred": true, "min_inferred": true, "line_count": 1, "owners": [{"name": "ONCOR ELECTRIC DELIVERY CO.", "voltages_kv": [138], "miles": 0.0, "named": false}], "circuits": [], "source_date": "2017-03-22"}}, {"type": "Feature", "geometry": {"type": "Point", "coordinates": [-100.96363, 32.66169]}, "properties": {"id": "310375", "name": "Unnamed substation", "type": "Substation", "status": "Status not published", "city": "Snyder", "county": "Scurry", "state": "Texas", "min_kv": 69, "max_kv": 345, "max_inferred": true, "min_inferred": true, "line_count": 0, "owners": [], "circuits": [], "source_date": "2017-03-22"}}, {"type": "Feature", "geometry": {"type": "Point", "coordinates": [-103.36012, 31.20072]}, "properties": {"id": "310443", "name": "Unnamed substation", "type": "Substation", "status": "Status not published", "city": "Pecos", "county": "Reeves", "state": "Texas", "min_kv": 69, "max_kv": 345, "max_inferred": true, "min_inferred": true, "line_count": 1, "owners": [{"name": "TEXAS-NEW MEXICO POWER CO.", "voltages_kv": [69], "miles": 0.0, "named": false}], "circuits": [], "source_date": "2017-05-31"}}, {"type": "Feature", "geometry": {"type": "Point", "coordinates": [-101.81887, 32.12818]}, "properties": {"id": "309713", "name": "Unnamed substation", "type": "Substation", "status": "Status not published", "city": "Stanton", "county": "Martin", "state": "Texas", "min_kv": 69, "max_kv": 345, "max_inferred": true, "min_inferred": true, "line_count": 2, "owners": [{"name": "ONCOR ELECTRIC DELIVERY CO.", "voltages_kv": [138], "miles": 0.0, "named": false}], "circuits": [], "source_date": "2017-03-22"}}, {"type": "Feature", "geometry": {"type": "Point", "coordinates": [-100.97481, 32.87134]}, "properties": {"id": "310985", "name": "Unnamed substation", "type": "Substation", "status": "In service", "city": "Snyder", "county": "Scurry", "state": "Texas", "min_kv": null, "max_kv": 345, "max_inferred": true, "min_inferred": false, "line_count": 0, "owners": [{"name": "ONCOR ELECTRIC DELIVERY CO.", "voltages_kv": [138], "miles": 0.0, "named": false}, {"name": "BIG COUNTRY ELECTRIC COOP, INC", "voltages_kv": [345], "miles": 0.11, "named": false}], "circuits": [], "source_date": "2020-05-15"}}, {"type": "Feature", "geometry": {"type": "Point", "coordinates": [-100.91548, 32.39985]}, "properties": {"id": "309890", "name": "Unnamed substation", "type": "Substation", "status": "Status not published", "city": "Colorado City", "county": "Mitchell", "state": "Texas", "min_kv": 69, "max_kv": 345, "max_inferred": true, "min_inferred": true, "line_count": 2, "owners": [{"name": "ONCOR ELECTRIC DELIVERY CO.", "voltages_kv": [138], "miles": 0.0, "named": false}], "circuits": [], "source_date": "2017-04-19"}}, {"type": "Feature", "geometry": {"type": "Point", "coordinates": [-101.14954, 32.62855]}, "properties": {"id": "310910", "name": "Unnamed tap", "type": "Tap", "status": "Status not published", "city": "Ira", "county": "Scurry", "state": "Texas", "min_kv": null, "max_kv": 345, "max_inferred": true, "min_inferred": false, "line_count": 3, "owners": [{"name": "ONCOR ELECTRIC DELIVERY CO.", "voltages_kv": [345, 138, 69], "miles": 0.0, "named": false}], "circuits": [], "source_date": "2018-10-11"}}, {"type": "Feature", "geometry": {"type": "Point", "coordinates": [-102.29151, 30.99451]}, "properties": {"id": "304074", "name": "Waymark", "type": "Substation", "status": "In service", "city": "Iraan", "county": "Pecos", "state": "Texas", "min_kv": 345, "max_kv": 345, "max_inferred": true, "min_inferred": true, "line_count": 1, "owners": [{"name": "AEP TEXAS NORTH CO.", "voltages_kv": [345], "miles": 0.0, "named": true}], "circuits": [{"owner": "AEP TEXAS NORTH CO.", "voltage_kv": 345, "miles": 0.0, "from_name": "Waymark", "to_name": ""}], "source_date": "2019-04-18"}}, {"type": "Feature", "geometry": {"type": "Point", "coordinates": [-101.59681, 32.56156]}, "properties": {"id": "308262", "name": "Borden Co", "type": "Substation", "status": "In service", "city": "Ackerly", "county": "Borden", "state": "Texas", "min_kv": 69, "max_kv": 230, "max_inferred": false, "min_inferred": false, "line_count": 1, "owners": [{"name": "LYNTEGAR ELECTRIC COOP, INC", "voltages_kv": [230], "miles": 0.0, "named": true}, {"name": "ONCOR ELECTRIC DELIVERY CO.", "voltages_kv": [138], "miles": 0.0, "named": true}], "circuits": [{"owner": "LYNTEGAR ELECTRIC COOP, INC", "voltage_kv": 230, "miles": 0.0, "from_name": "Borden Co", "to_name": "Cirrus Wind"}, {"owner": "ONCOR ELECTRIC DELIVERY CO.", "voltage_kv": 138, "miles": 0.0, "from_name": "", "to_name": "Borden Co"}, {"owner": "ONCOR ELECTRIC DELIVERY CO.", "voltage_kv": 138, "miles": 0.0, "from_name": "Borden Co", "to_name": ""}], "source_date": "2017-05-31"}}, {"type": "Feature", "geometry": {"type": "Point", "coordinates": [-102.74326, 32.97309]}, "properties": {"id": "305806", "name": "Mustang", "type": "Substation", "status": "In service", "city": "Denver City", "county": "Yoakum", "state": "Texas", "min_kv": 13.8, "max_kv": 230, "max_inferred": false, "min_inferred": false, "line_count": 8, "owners": [{"name": "LEA COUNTY ELECTRIC COOP, INC", "voltages_kv": [230, 115], "miles": 0.0, "named": false}], "circuits": [{"owner": "LEA COUNTY ELECTRIC COOP, INC", "voltage_kv": 230, "miles": 0.0, "from_name": "Seminole", "to_name": ""}, {"owner": "LEA COUNTY ELECTRIC COOP, INC", "voltage_kv": 115, "miles": 0.0, "from_name": "Denver City", "to_name": ""}], "source_date": "2017-03-21"}}, {"type": "Feature", "geometry": {"type": "Point", "coordinates": [-102.6756, 32.78289]}, "properties": {"id": "306197", "name": "Seminole", "type": "Substation", "status": "In service", "city": "Seminole", "county": "Gaines", "state": "Texas", "min_kv": 69, "max_kv": 230, "max_inferred": false, "min_inferred": false, "line_count": 5, "owners": [{"name": "LEA COUNTY ELECTRIC COOP, INC", "voltages_kv": [230], "miles": 0.0, "named": true}, {"name": "SOUTHWESTERN PUBLIC SERVICE CO.", "voltages_kv": [115], "miles": 0.0, "named": true}], "circuits": [{"owner": "LEA COUNTY ELECTRIC COOP, INC", "voltage_kv": 230, "miles": 0.0, "from_name": "Seminole", "to_name": ""}, {"owner": "SOUTHWESTERN PUBLIC SERVICE CO.", "voltage_kv": 115, "miles": 0.0, "from_name": "Seminole", "to_name": ""}, {"owner": "SOUTHWESTERN PUBLIC SERVICE CO.", "voltage_kv": 115, "miles": 0.0, "from_name": "", "to_name": "Seminole"}], "source_date": "2017-03-21"}}, {"type": "Feature", "geometry": {"type": "Point", "coordinates": [-102.76765, 33.1249]}, "properties": {"id": "302167", "name": "Unnamed substation", "type": "Substation", "status": "In service", "city": "Plains", "county": "Yoakum", "state": "Texas", "min_kv": 69, "max_kv": 230, "max_inferred": false, "min_inferred": false, "line_count": 8, "owners": [{"name": "LEA COUNTY ELECTRIC COOP, INC", "voltages_kv": [230, 115, 69], "miles": 0.0, "named": false}, {"name": "LYNTEGAR ELECTRIC COOP, INC", "voltages_kv": [230], "miles": 0.0, "named": false}, {"name": "NOT AVAILABLE", "voltages_kv": [230], "miles": 0.0, "named": false}, {"name": "SOUTHWESTERN PUBLIC SERVICE CO", "voltages_kv": [230], "miles": 0.0, "named": false}, {"name": "XCEL ENERGY", "voltages_kv": [345], "miles": 0.0, "named": false}], "circuits": [{"owner": "XCEL ENERGY", "voltage_kv": 345, "miles": 0.0, "from_name": "Tuco", "to_name": ""}, {"owner": "LEA COUNTY ELECTRIC COOP, INC", "voltage_kv": 115, "miles": 0.0, "from_name": "", "to_name": "Arco Bp-Willard"}], "source_date": "2017-03-21"}}, {"type": "Feature", "geometry": {"type": "Point", "coordinates": [-102.25189, 32.0361]}, "properties": {"id": "304328", "name": "Unnamed substation", "type": "Substation", "status": "In service", "city": "Gardendale", "county": "Midland", "state": "Texas", "min_kv": 69, "max_kv": 230, "max_inferred": false, "min_inferred": false, "line_count": 4, "owners": [{"name": "NOT AVAILABLE", "voltages_kv": [230], "miles": 0.0, "named": false}, {"name": "ONCOR ELECTRIC DELIVERY CO.", "voltages_kv": [345, 138], "miles": 0.07, "named": false}], "circuits": [], "source_date": "2017-04-18"}}, {"type": "Feature", "geometry": {"type": "Point", "coordinates": [-102.40286, 30.14195]}, "properties": {"id": "305686", "name": "Unnamed substation", "type": "Substation", "status": "In service", "city": "Sanderson", "county": "Terrell", "state": "Texas", "min_kv": null, "max_kv": 230, "max_inferred": true, "min_inferred": false, "line_count": 1, "owners": [{"name": "TEXAS-NEW MEXICO POWER CO.", "voltages_kv": [230], "miles": 0.0, "named": false}], "circuits": [{"owner": "TEXAS-NEW MEXICO POWER CO.", "voltage_kv": 230, "miles": 0.0, "from_name": "Oxy Century", "to_name": ""}], "source_date": "2018-08-06"}}, {"type": "Feature", "geometry": {"type": "Point", "coordinates": [-102.78539, 32.9719]}, "properties": {"id": "305967", "name": "Unnamed substation", "type": "Substation", "status": "Status not published", "city": "Denver City", "county": "Yoakum", "state": "Texas", "min_kv": null, "max_kv": 230, "max_inferred": true, "min_inferred": false, "line_count": 3, "owners": [{"name": "SOUTHWESTERN PUBLIC SERVICE CO.", "voltages_kv": [230, 115, 69], "miles": 0.0, "named": false}, {"name": "LEA COUNTY ELECTRIC COOP, INC", "voltages_kv": [115], "miles": 0.19, "named": false}], "circuits": [{"owner": "SOUTHWESTERN PUBLIC SERVICE CO.", "voltage_kv": 230, "miles": 0.0, "from_name": "Denver City", "to_name": ""}, {"owner": "LEA COUNTY ELECTRIC COOP, INC", "voltage_kv": 115, "miles": 0.19, "from_name": "Denver City", "to_name": ""}, {"owner": "SOUTHWESTERN PUBLIC SERVICE CO.", "voltage_kv": 115, "miles": 0.46, "from_name": "", "to_name": "Denver City"}], "source_date": "2018-09-18"}}, {"type": "Feature", "geometry": {"type": "Point", "coordinates": [-102.71373, 30.70189]}, "properties": {"id": "306144", "name": "Unnamed substation", "type": "Substation", "status": "In service", "city": "Fort Stockton", "county": "Pecos", "state": "Texas", "min_kv": null, "max_kv": 230, "max_inferred": true, "min_inferred": false, "line_count": 0, "owners": [{"name": "NOT AVAILABLE", "voltages_kv": [230], "miles": 0.0, "named": false}, {"name": "TEXAS NEW MEXICO POWER", "voltages_kv": [230], "miles": 0.34, "named": false}], "circuits": [], "source_date": "2018-08-06"}}, {"type": "Feature", "geometry": {"type": "Point", "coordinates": [-102.73245, 33.12414]}, "properties": {"id": "302515", "name": "Unnamed tap", "type": "Tap", "status": "In service", "city": "Plains", "county": "Yoakum", "state": "Texas", "min_kv": 230, "max_kv": 230, "max_inferred": true, "min_inferred": true, "line_count": 3, "owners": [{"name": "LEA COUNTY ELECTRIC COOP, INC", "voltages_kv": [230], "miles": 0.0, "named": false}, {"name": "NOT AVAILABLE", "voltages_kv": [115], "miles": 0.0, "named": false}], "circuits": [{"owner": "NOT AVAILABLE", "voltage_kv": 115, "miles": 0.0, "from_name": "Ltg Pleasant Hill", "to_name": ""}], "source_date": "2018-09-18"}}, {"type": "Feature", "geometry": {"type": "Point", "coordinates": [-102.78542, 32.98057]}, "properties": {"id": "308106", "name": "Unnamed tap", "type": "Tap", "status": "In service", "city": "Denver City", "county": "Yoakum", "state": "Texas", "min_kv": 230, "max_kv": 230, "max_inferred": false, "min_inferred": false, "line_count": 3, "owners": [{"name": "LEA COUNTY ELECTRIC COOP, INC", "voltages_kv": [230], "miles": 0.0, "named": false}, {"name": "SOUTHWESTERN PUBLIC SERVICE CO.", "voltages_kv": [230], "miles": 0.0, "named": false}], "circuits": [], "source_date": "2017-03-21"}}, {"type": "Feature", "geometry": {"type": "Point", "coordinates": [-102.75767, 33.01031]}, "properties": {"id": "303840", "name": "Wasson Switching", "type": "Substation", "status": "In service", "city": "Denver City", "county": "Yoakum", "state": "Texas", "min_kv": 13.8, "max_kv": 230, "max_inferred": false, "min_inferred": false, "line_count": 3, "owners": [{"name": "LEA COUNTY ELECTRIC COOP, INC", "voltages_kv": [230], "miles": 0.0, "named": false}], "circuits": [], "source_date": "2017-03-21"}}, {"type": "Feature", "geometry": {"type": "Point", "coordinates": [-102.87338, 30.90044]}, "properties": {"id": "309236", "name": "16Th Street", "type": "Substation", "status": "In service", "city": "Fort Stockton", "county": "Pecos", "state": "Texas", "min_kv": 69, "max_kv": 138, "max_inferred": false, "min_inferred": false, "line_count": 3, "owners": [{"name": "RIO GRANDE ELECTRIC COOP, INC", "voltages_kv": [138], "miles": 0.0, "named": false}], "circuits": [], "source_date": "2017-04-10"}}, {"type": "Feature", "geometry": {"type": "Point", "coordinates": [-103.36533, 30.94729]}, "properties": {"id": "309907", "name": "Barilla Junction", "type": "Substation", "status": "Status not published", "city": "Fort Stockton", "county": "Pecos", "state": "Texas", "min_kv": 69, "max_kv": 138, "max_inferred": false, "min_inferred": false, "line_count": 8, "owners": [{"name": "AEP TEXAS NORTH CO.", "voltages_kv": [138, 69], "miles": 0.0, "named": true}, {"name": "NOT AVAILABLE", "voltages_kv": [138, 69], "miles": 0.0, "named": true}], "circuits": [{"owner": "NOT AVAILABLE", "voltage_kv": 138, "miles": 0.0, "from_name": "Marfa Alamito Creek", "to_name": "Barilla Junction"}, {"owner": "NOT AVAILABLE", "voltage_kv": 138, "miles": 0.0, "from_name": "Barilla Junction", "to_name": ""}, {"owner": "AEP TEXAS NORTH CO.", "voltage_kv": 138, "miles": 0.0, "from_name": "Barilla Junction", "to_name": ""}], "source_date": "2016-06-21"}}, {"type": "Feature", "geometry": {"type": "Point", "coordinates": [-101.46141, 31.18493]}, "properties": {"id": "300183", "name": "Big Lake", "type": "Substation", "status": "In service", "city": "Big Lake", "county": "Reagan", "state": "Texas", "min_kv": 69, "max_kv": 138, "max_inferred": false, "min_inferred": false, "line_count": 4, "owners": [{"name": "CONCHO VALLEY ELEC COOP INC", "voltages_kv": [138], "miles": 0.0, "named": true}, {"name": "SOUTHWEST TEXAS ELEC COOP, INC", "voltages_kv": [69], "miles": 0.0, "named": true}], "circuits": [{"owner": "CONCHO VALLEY ELEC COOP INC", "voltage_kv": 138, "miles": 0.0, "from_name": "Big Lake", "to_name": ""}, {"owner": "SOUTHWEST TEXAS ELEC COOP, INC", "voltage_kv": 69, "miles": 0.0, "from_name": "Big Lake", "to_name": ""}], "source_date": "2017-03-21"}}, {"type": "Feature", "geometry": {"type": "Point", "coordinates": [-104.28688, 31.83372]}, "properties": {"id": "302013", "name": "Black River", "type": "Substation", "status": "In service", "city": "Salt Flat", "county": "Culberson", "state": "Texas", "min_kv": 69, "max_kv": 138, "max_inferred": false, "min_inferred": false, "line_count": 2, "owners": [], "circuits": [], "source_date": "2016-12-21"}}, {"type": "Feature", "geometry": {"type": "Point", "coordinates": [-103.04445, 31.93488]}, "properties": {"id": "301641", "name": "Cheyene", "type": "Substation", "status": "Status not published", "city": "Kermit", "county": "Winkler", "state": "Texas", "min_kv": 69, "max_kv": 138, "max_inferred": true, "min_inferred": true, "line_count": 1, "owners": [{"name": "ONCOR ELECTRIC DELIVERY CO.", "voltages_kv": [138], "miles": 0.0, "named": false}], "circuits": [], "source_date": "2017-04-10"}}, {"type": "Feature", "geometry": {"type": "Point", "coordinates": [-102.33724, 31.41085]}, "properties": {"id": "310158", "name": "Crane", "type": "Substation", "status": "In service", "city": "Crane", "county": "Crane", "state": "Texas", "min_kv": 69, "max_kv": 138, "max_inferred": false, "min_inferred": false, "line_count": 7, "owners": [{"name": "AEP TEXAS NORTH COMPANY", "voltages_kv": [138], "miles": 0.0, "named": false}, {"name": "ONCOR ELECTRIC DELIVERY CO.", "voltages_kv": [138, 69], "miles": 0.0, "named": false}], "circuits": [], "source_date": "2017-03-21"}}, {"type": "Feature", "geometry": {"type": "Point", "coordinates": [-104.30438, 31.75796]}, "properties": {"id": "309595", "name": "Culberson", "type": "Substation", "status": "In service", "city": "Salt Flat", "county": "Culberson", "state": "Texas", "min_kv": 69, "max_kv": 138, "max_inferred": false, "min_inferred": false, "line_count": 2, "owners": [{"name": "LOWER COLORADO RIVER AUTHORITY", "voltages_kv": [138], "miles": 0.0, "named": true}], "circuits": [{"owner": "LOWER COLORADO RIVER AUTHORITY", "voltage_kv": 138, "miles": 0.0, "from_name": "Culberson", "to_name": ""}], "source_date": "2016-12-21"}}, {"type": "Feature", "geometry": {"type": "Point", "coordinates": [-102.1097, 30.916]}, "properties": {"id": "307446", "name": "Desert Sky", "type": "Substation", "status": "Status not published", "city": "Bakersfield", "county": "Pecos", "state": "Texas", "min_kv": 69, "max_kv": 138, "max_inferred": true, "min_inferred": true, "line_count": 1, "owners": [{"name": "AEP TEXAS NORTH CO.", "voltages_kv": [138], "miles": 0.0, "named": false}], "circuits": [], "source_date": "2017-03-21"}}, {"type": "Feature", "geometry": {"type": "Point", "coordinates": [-103.61984, 31.78813]}, "properties": {"id": "302987", "name": "El Mar", "type": "Substation", "status": "In service", "city": "Mentone", "county": "Loving", "state": "Texas", "min_kv": 69, "max_kv": 138, "max_inferred": false, "min_inferred": false, "line_count": 2, "owners": [], "circuits": [], "source_date": "2016-12-21"}}, {"type": "Feature", "geometry": {"type": "Point", "coordinates": [-101.77867, 30.66354]}, "properties": {"id": "307079", "name": "Fort Lancaster", "type": "Substation", "status": "In service", "city": "Sheffield", "county": "Pecos", "state": "Texas", "min_kv": 69, "max_kv": 138, "max_inferred": false, "min_inferred": false, "line_count": 3, "owners": [{"name": "NOT AVAILABLE", "voltages_kv": [138], "miles": 0.0, "named": true}], "circuits": [{"owner": "NOT AVAILABLE", "voltage_kv": 138, "miles": 0.0, "from_name": "Fort Lancaster", "to_name": ""}], "source_date": "2017-03-21"}}, {"type": "Feature", "geometry": {"type": "Point", "coordinates": [-102.9552, 30.92721]}, "properties": {"id": "309967", "name": "Fort Stockton", "type": "Substation", "status": "In service", "city": "Fort Stockton", "county": "Pecos", "state": "Texas", "min_kv": 69, "max_kv": 138, "max_inferred": false, "min_inferred": false, "line_count": 4, "owners": [{"name": "NOT AVAILABLE", "voltages_kv": [69], "miles": 0.0, "named": true}, {"name": "RIO GRANDE ELECTRIC COOP, INC", "voltages_kv": [138], "miles": 0.0, "named": true}, {"name": "TEXAS-NEW MEXICO POWER CO.", "voltages_kv": [69], "miles": 0.0, "named": true}], "circuits": [{"owner": "RIO GRANDE ELECTRIC COOP, INC", "voltage_kv": 138, "miles": 0.0, "from_name": "Fort Stockton", "to_name": "Tombstone"}, {"owner": "NOT AVAILABLE", "voltage_kv": 69, "miles": 0.0, "from_name": "Fort Stockton", "to_name": ""}, {"owner": "TEXAS-NEW MEXICO POWER CO.", "voltage_kv": 69, "miles": 0.0, "from_name": "", "to_name": "Fort Stockton"}], "source_date": "2016-06-21"}}, {"type": "Feature", "geometry": {"type": "Point", "coordinates": [-101.14308, 30.70806]}, "properties": {"id": "300454", "name": "Friend Ranch", "type": "Substation", "status": "In service", "city": "Ozona", "county": "Crockett", "state": "Texas", "min_kv": 69, "max_kv": 138, "max_inferred": false, "min_inferred": false, "line_count": 4, "owners": [], "circuits": [], "source_date": "2017-03-21"}}, {"type": "Feature", "geometry": {"type": "Point", "coordinates": [-102.27136, 30.97909]}, "properties": {"id": "301141", "name": "Indian Mesa", "type": "Substation", "status": "In service", "city": "Bakersfield", "county": "Pecos", "state": "Texas", "min_kv": 69, "max_kv": 138, "max_inferred": false, "min_inferred": false, "line_count": 2, "owners": [{"name": "AEP TEXAS NORTH CO.", "voltages_kv": [138], "miles": 0.0, "named": false}, {"name": "AEP TEXAS NORTH COMPANY", "voltages_kv": [345], "miles": 0.32, "named": false}], "circuits": [], "source_date": "2017-03-21"}}, {"type": "Feature", "geometry": {"type": "Point", "coordinates": [-103.14501, 31.90729]}, "properties": {"id": "303728", "name": "Keystone", "type": "Substation", "status": "Status not published", "city": "Kermit", "county": "Winkler", "state": "Texas", "min_kv": 69, "max_kv": 138, "max_inferred": true, "min_inferred": true, "line_count": 1, "owners": [{"name": "ONCOR ELECTRIC DELIVERY CO.", "voltages_kv": [69], "miles": 0.0, "named": true}], "circuits": [{"owner": "ONCOR ELECTRIC DELIVERY CO.", "voltage_kv": 69, "miles": 0.0, "from_name": "Keystone", "to_name": "Midway"}], "source_date": "2017-04-10"}}, {"type": "Feature", "geometry": {"type": "Point", "coordinates": [-103.40551, 31.77583]}, "properties": {"id": "307701", "name": "Loving", "type": "Substation", "status": "In service", "city": "Mentone", "county": "Loving", "state": "Texas", "min_kv": 69, "max_kv": 138, "max_inferred": false, "min_inferred": false, "line_count": 2, "owners": [], "circuits": [], "source_date": "2016-12-21"}}, {"type": "Feature", "geometry": {"type": "Point", "coordinates": [-101.99225, 30.89774]}, "properties": {"id": "305673", "name": "Mesa View", "type": "Substation", "status": "In service", "city": "Iraan", "county": "Pecos", "state": "Texas", "min_kv": 69, "max_kv": 138, "max_inferred": false, "min_inferred": false, "line_count": 2, "owners": [{"name": "AEP TEXAS NORTH CO.", "voltages_kv": [138], "miles": 0.0, "named": true}], "circuits": [{"owner": "AEP TEXAS NORTH CO.", "voltage_kv": 138, "miles": 0.0, "from_name": "Mesa View", "to_name": ""}], "source_date": "2017-03-21"}}, {"type": "Feature", "geometry": {"type": "Point", "coordinates": [-102.03241, 30.82458]}, "properties": {"id": "307453", "name": "Mesa View Switch", "type": "Substation", "status": "In service", "city": "Iraan", "county": "Pecos", "state": "Texas", "min_kv": 69, "max_kv": 138, "max_inferred": false, "min_inferred": false, "line_count": 3, "owners": [{"name": "NOT AVAILABLE", "voltages_kv": [138], "miles": 0.0, "named": false}, {"name": "RIO GRANDE ELECTRIC COOP, INC", "voltages_kv": [138], "miles": 0.0, "named": false}], "circuits": [{"owner": "NOT AVAILABLE", "voltage_kv": 138, "miles": 0.0, "from_name": "Fort Lancaster", "to_name": ""}], "source_date": "2017-03-21"}}, {"type": "Feature", "geometry": {"type": "Point", "coordinates": [-103.14451, 31.76226]}, "properties": {"id": "307228", "name": "Midway", "type": "Substation", "status": "Status not published", "city": "Wink", "county": "Winkler", "state": "Texas", "min_kv": 69, "max_kv": 138, "max_inferred": false, "min_inferred": false, "line_count": 9, "owners": [{"name": "ONCOR ELECTRIC DELIVERY CO.", "voltages_kv": [138, 69], "miles": 0.0, "named": true}], "circuits": [{"owner": "ONCOR ELECTRIC DELIVERY CO.", "voltage_kv": 138, "miles": 0.0, "from_name": "Midway", "to_name": ""}, {"owner": "ONCOR ELECTRIC DELIVERY CO.", "voltage_kv": 138, "miles": 0.0, "from_name": "", "to_name": "Midway"}, {"owner": "ONCOR ELECTRIC DELIVERY CO.", "voltage_kv": 69, "miles": 0.0, "from_name": "Midway", "to_name": ""}], "source_date": "2016-12-21"}}, {"type": "Feature", "geometry": {"type": "Point", "coordinates": [-103.14427, 31.76397]}, "properties": {"id": "306573", "name": "Midway", "type": "Substation", "status": "Status not published", "city": "Wink", "county": "Winkler", "state": "Texas", "min_kv": 69, "max_kv": 138, "max_inferred": false, "min_inferred": false, "line_count": 3, "owners": [{"name": "ONCOR ELECTRIC DELIVERY CO.", "voltages_kv": [138, 69], "miles": 0.0, "named": true}], "circuits": [{"owner": "ONCOR ELECTRIC DELIVERY CO.", "voltage_kv": 138, "miles": 0.0, "from_name": "Midway", "to_name": ""}, {"owner": "ONCOR ELECTRIC DELIVERY CO.", "voltage_kv": 69, "miles": 0.05, "from_name": "Keystone", "to_name": "Midway"}, {"owner": "ONCOR ELECTRIC DELIVERY CO.", "voltage_kv": 138, "miles": 0.06, "from_name": "", "to_name": "Midway"}], "source_date": "2016-12-21"}}, {"type": "Feature", "geometry": {"type": "Point", "coordinates": [-102.39135, 31.7988]}, "properties": {"id": "304577", "name": "Odessa Southwest", "type": "Substation", "status": "In service", "city": "Odessa", "county": "Ector", "state": "Texas", "min_kv": 69, "max_kv": 138, "max_inferred": false, "min_inferred": false, "line_count": 2, "owners": [{"name": "ONCOR ELECTRIC DELIVERY CO.", "voltages_kv": [138], "miles": 0.0, "named": false}], "circuits": [], "source_date": "2017-04-18"}}, {"type": "Feature", "geometry": {"type": "Point", "coordinates": [-103.81799, 31.80236]}, "properties": {"id": "307113", "name": "Oncor Mason", "type": "Substation", "status": "In service", "city": "Pecos", "county": "Reeves", "state": "Texas", "min_kv": 69, "max_kv": 138, "max_inferred": false, "min_inferred": false, "line_count": 2, "owners": [], "circuits": [], "source_date": "2016-12-21"}}, {"type": "Feature", "geometry": {"type": "Point", "coordinates": [-102.58157, 30.60731]}, "properties": {"id": "304185", "name": "Oxy Century", "type": "Substation", "status": "Status not published", "city": "Fort Stockton", "county": "Pecos", "state": "Texas", "min_kv": null, "max_kv": 138, "max_inferred": true, "min_inferred": false, "line_count": 3, "owners": [{"name": "NOT AVAILABLE", "voltages_kv": [161], "miles": 0.0, "named": true}, {"name": "TEXAS-NEW MEXICO POWER CO.", "voltages_kv": [230], "miles": 0.0, "named": true}], "circuits": [{"owner": "TEXAS-NEW MEXICO POWER CO.", "voltage_kv": 230, "miles": 0.0, "from_name": "Oxy Century", "to_name": ""}, {"owner": "NOT AVAILABLE", "voltage_kv": 161, "miles": 0.0, "from_name": "Oxy Century", "to_name": "Tombstone"}, {"owner": "NOT AVAILABLE", "voltage_kv": 161, "miles": 0.0, "from_name": "White Baker", "to_name": "Oxy Century"}], "source_date": "2018-05-09"}}, {"type": "Feature", "geometry": {"type": "Point", "coordinates": [-102.96258, 31.58442]}, "properties": {"id": "303267", "name": "Permian Basin Switching Station", "type": "Substation", "status": "In service", "city": "Wickett", "county": "Ward", "state": "Texas", "min_kv": 69, "max_kv": 138, "max_inferred": false, "min_inferred": false, "line_count": 9, "owners": [{"name": "ONCOR ELECTRIC DELIVERY CO.", "voltages_kv": [138], "miles": 0.0, "named": false}], "circuits": [], "source_date": "2016-12-21"}}, {"type": "Feature", "geometry": {"type": "Point", "coordinates": [-102.36485, 31.08498]}, "properties": {"id": "304832", "name": "Rio Pecos", "type": "Substation", "status": "In service", "city": "Rio Pecos", "county": "Crockett", "state": "Texas", "min_kv": 69, "max_kv": 138, "max_inferred": true, "min_inferred": true, "line_count": 9, "owners": [{"name": "AEP TEXAS NORTH CO.", "voltages_kv": [138, 69], "miles": 0.0, "named": true}, {"name": "RIO GRANDE ELECTRIC COOP, INC", "voltages_kv": [138], "miles": 0.0, "named": true}], "circuits": [{"owner": "RIO GRANDE ELECTRIC COOP, INC", "voltage_kv": 138, "miles": 0.0, "from_name": "White Baker", "to_name": "Rio Pecos"}, {"owner": "AEP TEXAS NORTH CO.", "voltage_kv": 138, "miles": 0.0, "from_name": "Rio Pecos", "to_name": ""}, {"owner": "AEP TEXAS NORTH CO.", "voltage_kv": 138, "miles": 0.0, "from_name": "", "to_name": "Rio Pecos"}], "source_date": "2017-03-21"}}, {"type": "Feature", "geometry": {"type": "Point", "coordinates": [-102.67203, 31.52934]}, "properties": {"id": "307463", "name": "Sandhills", "type": "Substation", "status": "In service", "city": "Penwell", "county": "Crane", "state": "Texas", "min_kv": 69, "max_kv": 138, "max_inferred": false, "min_inferred": false, "line_count": 1, "owners": [{"name": "ONCOR ELECTRIC DELIVERY CO.", "voltages_kv": [138], "miles": 0.0, "named": true}], "circuits": [{"owner": "ONCOR ELECTRIC DELIVERY CO.", "voltage_kv": 138, "miles": 0.0, "from_name": "Sandhills", "to_name": ""}], "source_date": "2017-04-18"}}, {"type": "Feature", "geometry": {"type": "Point", "coordinates": [-102.36599, 30.81842]}, "properties": {"id": "306904", "name": "Sherbino I", "type": "Substation", "status": "Status not published", "city": "Fort Stockton", "county": "Pecos", "state": "Texas", "min_kv": 34.5, "max_kv": 138, "max_inferred": false, "min_inferred": false, "line_count": 2, "owners": [{"name": "NOT AVAILABLE", "voltages_kv": [138], "miles": 0.0, "named": false}], "circuits": [], "source_date": "2018-05-09"}}, {"type": "Feature", "geometry": {"type": "Point", "coordinates": [-102.46912, 30.75547]}, "properties": {"id": "302811", "name": "Sherbino Ii", "type": "Substation", "status": "Status not published", "city": "Fort Stockton", "county": "Pecos", "state": "Texas", "min_kv": 34.5, "max_kv": 138, "max_inferred": false, "min_inferred": false, "line_count": 1, "owners": [{"name": "NOT AVAILABLE", "voltages_kv": [138], "miles": 0.0, "named": true}], "circuits": [{"owner": "NOT AVAILABLE", "voltage_kv": 138, "miles": 0.0, "from_name": "Sherbino Ii", "to_name": ""}], "source_date": "2018-05-09"}}, {"type": "Feature", "geometry": {"type": "Point", "coordinates": [-102.67903, 31.00247]}, "properties": {"id": "303850", "name": "Tombstone", "type": "Substation", "status": "In service", "city": "Baldridge", "county": "Pecos", "state": "Texas", "min_kv": 138, "max_kv": 138, "max_inferred": false, "min_inferred": true, "line_count": 3, "owners": [{"name": "AEP TEXAS NORTH CO.", "voltages_kv": [138], "miles": 0.0, "named": true}, {"name": "NOT AVAILABLE", "voltages_kv": [161], "miles": 0.0, "named": true}, {"name": "RIO GRANDE ELECTRIC COOP, INC", "voltages_kv": [138], "miles": 0.0, "named": true}], "circuits": [{"owner": "NOT AVAILABLE", "voltage_kv": 161, "miles": 0.0, "from_name": "Oxy Century", "to_name": "Tombstone"}, {"owner": "RIO GRANDE ELECTRIC COOP, INC", "voltage_kv": 138, "miles": 0.0, "from_name": "Fort Stockton", "to_name": "Tombstone"}, {"owner": "AEP TEXAS NORTH CO.", "voltage_kv": 138, "miles": 0.0, "from_name": "Tombstone", "to_name": ""}], "source_date": "2019-01-23"}}, {"type": "Feature", "geometry": {"type": "Point", "coordinates": [-100.91129, 31.91086]}, "properties": {"id": "300231", "name": "Unnamed substation", "type": "Substation", "status": "In service", "city": "Sterling City", "county": "Sterling", "state": "Texas", "min_kv": null, "max_kv": 138, "max_inferred": true, "min_inferred": false, "line_count": 0, "owners": [{"name": "CONCHO VALLEY ELEC COOP INC", "voltages_kv": [138], "miles": 0.28, "named": false}], "circuits": [], "source_date": "2019-02-12"}}, {"type": "Feature", "geometry": {"type": "Point", "coordinates": [-102.33853, 31.41086]}, "properties": {"id": "300277", "name": "Unnamed substation", "type": "Substation", "status": "In service", "city": "Crane", "county": "Crane", "state": "Texas", "min_kv": 69, "max_kv": 138, "max_inferred": false, "min_inferred": false, "line_count": 2, "owners": [{"name": "ONCOR ELECTRIC DELIVERY CO.", "voltages_kv": [138, 69], "miles": 0.0, "named": false}, {"name": "AEP TEXAS NORTH COMPANY", "voltages_kv": [138], "miles": 0.08, "named": false}], "circuits": [], "source_date": "2017-03-21"}}, {"type": "Feature", "geometry": {"type": "Point", "coordinates": [-102.50454, 31.64412]}, "properties": {"id": "300417", "name": "Unnamed substation", "type": "Substation", "status": "In service", "city": "Douro", "county": "Crane", "state": "Texas", "min_kv": 69, "max_kv": 138, "max_inferred": false, "min_inferred": false, "line_count": 1, "owners": [{"name": "ONCOR ELECTRIC DELIVERY CO.", "voltages_kv": [138], "miles": 0.0, "named": false}], "circuits": [], "source_date": "2017-04-18"}}, {"type": "Feature", "geometry": {"type": "Point", "coordinates": [-103.03538, 31.76984]}, "properties": {"id": "301422", "name": "Unnamed substation", "type": "Substation", "status": "Status not published", "city": "Kermit", "county": "Winkler", "state": "Texas", "min_kv": 69, "max_kv": 138, "max_inferred": true, "min_inferred": true, "line_count": 1, "owners": [{"name": "ONCOR ELECTRIC DELIVERY CO.", "voltages_kv": [69], "miles": 0.0, "named": false}], "circuits": [{"owner": "ONCOR ELECTRIC DELIVERY CO.", "voltage_kv": 69, "miles": 0.0, "from_name": "Midway", "to_name": ""}], "source_date": "2017-04-10"}}, {"type": "Feature", "geometry": {"type": "Point", "coordinates": [-101.93843, 32.71934]}, "properties": {"id": "300980", "name": "Unnamed substation", "type": "Substation", "status": "In service", "city": "Los Ybanez", "county": "Dawson", "state": "Texas", "min_kv": 13.8, "max_kv": 138, "max_inferred": false, "min_inferred": false, "line_count": 4, "owners": [{"name": "ONCOR ELECTRIC DELIVERY CO.", "voltages_kv": [69], "miles": 0.0, "named": false}], "circuits": [], "source_date": "2017-04-11"}}, {"type": "Feature", "geometry": {"type": "Point", "coordinates": [-100.94517, 32.77644]}, "properties": {"id": "300990", "name": "Unnamed substation", "type": "Substation", "status": "In service", "city": "Snyder", "county": "Scurry", "state": "Texas", "min_kv": 69, "max_kv": 138, "max_inferred": true, "min_inferred": true, "line_count": 3, "owners": [], "circuits": [], "source_date": "2017-03-22"}}, {"type": "Feature", "geometry": {"type": "Point", "coordinates": [-102.5629, 31.32569]}, "properties": {"id": "301040", "name": "Unnamed substation", "type": "Substation", "status": "Status not published", "city": "Crane", "county": "Crane", "state": "Texas", "min_kv": 69, "max_kv": 138, "max_inferred": true, "min_inferred": true, "line_count": 1, "owners": [{"name": "ONCOR ELECTRIC DELIVERY CO.", "voltages_kv": [69], "miles": 0.0, "named": false}], "circuits": [], "source_date": "2017-03-21"}}, {"type": "Feature", "geometry": {"type": "Point", "coordinates": [-102.1255, 32.03592]}, "properties": {"id": "301067", "name": "Unnamed substation", "type": "Substation", "status": "Status not published", "city": "Midland", "county": "Midland", "state": "Texas", "min_kv": 69, "max_kv": 138, "max_inferred": true, "min_inferred": true, "line_count": 0, "owners": [{"name": "ONCOR ELECTRIC DELIVERY CO.", "voltages_kv": [69], "miles": 0.0, "named": false}], "circuits": [], "source_date": "2017-03-22"}}, {"type": "Feature", "geometry": {"type": "Point", "coordinates": [-100.95226, 31.97088]}, "properties": {"id": "301087", "name": "Unnamed substation", "type": "Substation", "status": "In service", "city": "Sterling City", "county": "Sterling", "state": "Texas", "min_kv": 69, "max_kv": 138, "max_inferred": false, "min_inferred": false, "line_count": 1, "owners": [{"name": "CONCHO VALLEY ELEC COOP INC", "voltages_kv": [138], "miles": 0.0, "named": false}], "circuits": [], "source_date": "2017-04-12"}}, {"type": "Feature", "geometry": {"type": "Point", "coordinates": [-101.8679, 32.10752]}, "properties": {"id": "301173", "name": "Unnamed substation", "type": "Substation", "status": "Status not published", "city": "Stanton", "county": "Martin", "state": "Texas", "min_kv": 69, "max_kv": 138, "max_inferred": true, "min_inferred": true, "line_count": 1, "owners": [{"name": "ONCOR ELECTRIC DELIVERY CO.", "voltages_kv": [138], "miles": 0.0, "named": false}], "circuits": [{"owner": "ONCOR ELECTRIC DELIVERY CO.", "voltage_kv": 138, "miles": 0.0, "from_name": "", "to_name": "Borden Co"}], "source_date": "2017-03-22"}}, {"type": "Feature", "geometry": {"type": "Point", "coordinates": [-102.2268, 31.15506]}, "properties": {"id": "301457", "name": "Unnamed substation", "type": "Substation", "status": "In service", "city": "McCamey", "county": "Upton", "state": "Texas", "min_kv": 69, "max_kv": 138, "max_inferred": false, "min_inferred": false, "line_count": 1, "owners": [{"name": "AEP TEXAS NORTH CO.", "voltages_kv": [345, 138, 69], "miles": 0.0, "named": false}, {"name": "AEP TEXAS NORTH COMPANY", "voltages_kv": [138], "miles": 0.02, "named": false}, {"name": "SHARYLAND UTILITIES LP", "voltages_kv": [345], "miles": 0.23, "named": false}], "circuits": [{"owner": "AEP TEXAS NORTH CO.", "voltage_kv": 138, "miles": 0.1, "from_name": "Rio Pecos", "to_name": ""}, {"owner": "SHARYLAND UTILITIES LP", "voltage_kv": 345, "miles": 0.23, "from_name": "Odessa 345", "to_name": ""}], "source_date": "2017-03-21"}}, {"type": "Feature", "geometry": {"type": "Point", "coordinates": [-101.49434, 31.71218]}, "properties": {"id": "301603", "name": "Unnamed substation", "type": "Substation", "status": "In service", "city": "Garden City", "county": "Glasscock", "state": "Texas", "min_kv": 69, "max_kv": 138, "max_inferred": true, "min_inferred": true, "line_count": 3, "owners": [{"name": "NOT AVAILABLE", "voltages_kv": [69], "miles": 0.0, "named": false}, {"name": "ONCOR ELECTRIC DELIVERY CO.", "voltages_kv": [138], "miles": 0.0, "named": false}], "circuits": [], "source_date": "2017-03-22"}}, {"type": "Feature", "geometry": {"type": "Point", "coordinates": [-101.95022, 31.86442]}, "properties": {"id": "301625", "name": "Unnamed substation", "type": "Substation", "status": "In service", "city": "Spraberry", "county": "Midland", "state": "Texas", "min_kv": 69, "max_kv": 138, "max_inferred": false, "min_inferred": false, "line_count": 1, "owners": [], "circuits": [], "source_date": "2017-04-18"}}, {"type": "Feature", "geometry": {"type": "Point", "coordinates": [-102.59072, 32.26156]}, "properties": {"id": "300749", "name": "Unnamed substation", "type": "Substation", "status": "In service", "city": "Andrews", "county": "Andrews", "state": "Texas", "min_kv": 69, "max_kv": 138, "max_inferred": false, "min_inferred": false, "line_count": 1, "owners": [{"name": "ONCOR ELECTRIC DELIVERY CO.", "voltages_kv": [138], "miles": 0.13, "named": false}], "circuits": [], "source_date": "2017-04-19"}}, {"type": "Feature", "geometry": {"type": "Point", "coordinates": [-102.45914, 31.44057]}, "properties": {"id": "300787", "name": "Unnamed substation", "type": "Substation", "status": "Status not published", "city": "Crane", "county": "Crane", "state": "Texas", "min_kv": 69, "max_kv": 138, "max_inferred": true, "min_inferred": true, "line_count": 1, "owners": [{"name": "ONCOR ELECTRIC DELIVERY CO.", "voltages_kv": [138], "miles": 0.0, "named": false}], "circuits": [], "source_date": "2017-04-10"}}, {"type": "Feature", "geometry": {"type": "Point", "coordinates": [-101.71543, 31.90452]}, "properties": {"id": "300790", "name": "Unnamed substation", "type": "Substation", "status": "In service", "city": "Spraberry", "county": "Glasscock", "state": "Texas", "min_kv": 69, "max_kv": 138, "max_inferred": false, "min_inferred": false, "line_count": 1, "owners": [{"name": "ONCOR ELECTRIC DELIVERY CO.", "voltages_kv": [138], "miles": 0.0, "named": false}], "circuits": [], "source_date": "2017-04-18"}}, {"type": "Feature", "geometry": {"type": "Point", "coordinates": [-102.33499, 31.82598]}, "properties": {"id": "300815", "name": "Unnamed substation", "type": "Substation", "status": "In service", "city": "Odessa", "county": "Ector", "state": "Texas", "min_kv": 69, "max_kv": 138, "max_inferred": false, "min_inferred": false, "line_count": 2, "owners": [{"name": "ONCOR ELECTRIC DELIVERY CO.", "voltages_kv": [138], "miles": 0.0, "named": false}], "circuits": [], "source_date": "2017-04-18"}}, {"type": "Feature", "geometry": {"type": "Point", "coordinates": [-102.21316, 31.74084]}, "properties": {"id": "302970", "name": "Unnamed substation", "type": "Substation", "status": "Status not published", "city": "Midland", "county": "Midland", "state": "Texas", "min_kv": 69, "max_kv": 138, "max_inferred": true, "min_inferred": true, "line_count": 1, "owners": [{"name": "ONCOR ELECTRIC DELIVERY CO.", "voltages_kv": [69], "miles": 0.0, "named": false}], "circuits": [], "source_date": "2017-03-22"}}, {"type": "Feature", "geometry": {"type": "Point", "coordinates": [-101.43729, 32.26903]}, "properties": {"id": "303007", "name": "Unnamed substation", "type": "Substation", "status": "In service", "city": "Big Spring", "county": "Howard", "state": "Texas", "min_kv": 69, "max_kv": 138, "max_inferred": true, "min_inferred": true, "line_count": 4, "owners": [{"name": "ONCOR ELECTRIC DELIVERY CO.", "voltages_kv": [138, 69], "miles": 0.0, "named": false}], "circuits": [], "source_date": "2017-03-22"}}, {"type": "Feature", "geometry": {"type": "Point", "coordinates": [-101.37201, 33.15244]}, "properties": {"id": "303118", "name": "Unnamed substation", "type": "Substation", "status": "Status not published", "city": "Post", "county": "Garza", "state": "Texas", "min_kv": 69, "max_kv": 138, "max_inferred": true, "min_inferred": true, "line_count": 1, "owners": [{"name": "SOUTHWESTERN PUBLIC SERVICE CO.", "voltages_kv": [69], "miles": 0.0, "named": false}], "circuits": [], "source_date": "2017-04-19"}}, {"type": "Feature", "geometry": {"type": "Point", "coordinates": [-102.59716, 31.71645]}, "properties": {"id": "303142", "name": "Unnamed substation", "type": "Substation", "status": "In service", "city": "Penwell", "county": "Ector", "state": "Texas", "min_kv": 69, "max_kv": 138, "max_inferred": false, "min_inferred": false, "line_count": 2, "owners": [{"name": "ONCOR ELECTRIC DELIVERY CO.", "voltages_kv": [138], "miles": 0.0, "named": false}], "circuits": [], "source_date": "2017-04-18"}}, {"type": "Feature", "geometry": {"type": "Point", "coordinates": [-101.58426, 32.92792]}, "properties": {"id": "301717", "name": "Unnamed substation", "type": "Substation", "status": "In service", "city": "Gail", "county": "Borden", "state": "Texas", "min_kv": 69, "max_kv": 138, "max_inferred": true, "min_inferred": true, "line_count": 1, "owners": [], "circuits": [], "source_date": "2017-03-22"}}, {"type": "Feature", "geometry": {"type": "Point", "coordinates": [-101.24642, 32.95161]}, "properties": {"id": "301758", "name": "Unnamed substation", "type": "Substation", "status": "In service", "city": "Fluvanna", "county": "Borden", "state": "Texas", "min_kv": null, "max_kv": 138, "max_inferred": true, "min_inferred": false, "line_count": 1, "owners": [{"name": "ONCOR ELECTRIC DELIVERY CO.", "voltages_kv": [138], "miles": 0.0, "named": false}], "circuits": [], "source_date": "2018-10-17"}}, {"type": "Feature", "geometry": {"type": "Point", "coordinates": [-102.87628, 32.07688]}, "properties": {"id": "301800", "name": "Unnamed substation", "type": "Substation", "status": "Status not published", "city": "Kermit", "county": "Winkler", "state": "Texas", "min_kv": 69, "max_kv": 138, "max_inferred": true, "min_inferred": true, "line_count": 2, "owners": [{"name": "ONCOR ELECTRIC DELIVERY CO.", "voltages_kv": [138], "miles": 0.0, "named": false}], "circuits": [], "source_date": "2017-04-12"}}, {"type": "Feature", "geometry": {"type": "Point", "coordinates": [-102.27732, 31.22146]}, "properties": {"id": "302089", "name": "Unnamed substation", "type": "Substation", "status": "Status not published", "city": "Mc Camey", "county": "Upton", "state": "Texas", "min_kv": null, "max_kv": 138, "max_inferred": true, "min_inferred": false, "line_count": 1, "owners": [{"name": "AEP TEXAS NORTH CO.", "voltages_kv": [138], "miles": 0.0, "named": false}], "circuits": [], "source_date": "2018-05-09"}}, {"type": "Feature", "geometry": {"type": "Point", "coordinates": [-100.95784, 32.74749]}, "properties": {"id": "302113", "name": "Unnamed substation", "type": "Substation", "status": "In service", "city": "Snyder", "county": "Scurry", "state": "Texas", "min_kv": null, "max_kv": 138, "max_inferred": true, "min_inferred": false, "line_count": 0, "owners": [{"name": "ONCOR ELECTRIC DELIVERY CO.", "voltages_kv": [138, 69], "miles": 0.17, "named": false}], "circuits": [], "source_date": "2018-09-28"}}, {"type": "Feature", "geometry": {"type": "Point", "coordinates": [-103.16284, 31.76318]}, "properties": {"id": "302117", "name": "Unnamed substation", "type": "Substation", "status": "Status not published", "city": "Wink", "county": "Winkler", "state": "Texas", "min_kv": 69, "max_kv": 138, "max_inferred": true, "min_inferred": true, "line_count": 5, "owners": [{"name": "ONCOR ELECTRIC DELIVERY CO.", "voltages_kv": [138, 69], "miles": 0.0, "named": false}], "circuits": [{"owner": "ONCOR ELECTRIC DELIVERY CO.", "voltage_kv": 138, "miles": 0.0, "from_name": "", "to_name": "Midway"}, {"owner": "ONCOR ELECTRIC DELIVERY CO.", "voltage_kv": 69, "miles": 0.0, "from_name": "", "to_name": "California"}], "source_date": "2017-04-10"}}, {"type": "Feature", "geometry": {"type": "Point", "coordinates": [-102.39836, 31.87124]}, "properties": {"id": "302793", "name": "Unnamed substation", "type": "Substation", "status": "In service", "city": "Odessa", "county": "Ector", "state": "Texas", "min_kv": 69, "max_kv": 138, "max_inferred": false, "min_inferred": false, "line_count": 2, "owners": [{"name": "ONCOR ELECTRIC DELIVERY CO.", "voltages_kv": [138, 69], "miles": 0.0, "named": false}], "circuits": [], "source_date": "2017-04-12"}}, {"type": "Feature", "geometry": {"type": "Point", "coordinates": [-102.20173, 30.93167]}, "properties": {"id": "303348", "name": "Unnamed substation", "type": "Substation", "status": "In service", "city": "Bakersfield", "county": "Pecos", "state": "Texas", "min_kv": 69, "max_kv": 138, "max_inferred": false, "min_inferred": false, "line_count": 1, "owners": [{"name": "AEP TEXAS NORTH CO.", "voltages_kv": [138], "miles": 0.0, "named": false}, {"name": "RIO GRANDE ELECTRIC COOP, INC", "voltages_kv": [138], "miles": 0.03, "named": false}], "circuits": [], "source_date": "2017-03-21"}}, {"type": "Feature", "geometry": {"type": "Point", "coordinates": [-102.12994, 31.10216]}, "properties": {"id": "303375", "name": "Unnamed substation", "type": "Substation", "status": "In service", "city": "McCamey", "county": "Upton", "state": "Texas", "min_kv": 69, "max_kv": 138, "max_inferred": false, "min_inferred": false, "line_count": 2, "owners": [{"name": "AEP TEXAS NORTH CO.", "voltages_kv": [138], "miles": 0.0, "named": false}], "circuits": [], "source_date": "2017-03-21"}}, {"type": "Feature", "geometry": {"type": "Point", "coordinates": [-101.91174, 32.02481]}, "properties": {"id": "302826", "name": "Unnamed substation", "type": "Substation", "status": "In service", "city": "Spraberry", "county": "Midland", "state": "Texas", "min_kv": 69, "max_kv": 138, "max_inferred": false, "min_inferred": false, "line_count": 2, "owners": [{"name": "ONCOR ELECTRIC DELIVERY CO.", "voltages_kv": [138], "miles": 0.0, "named": false}], "circuits": [], "source_date": "2017-04-18"}}, {"type": "Feature", "geometry": {"type": "Point", "coordinates": [-100.92506, 32.8401]}, "properties": {"id": "303402", "name": "Unnamed substation", "type": "Substation", "status": "In service", "city": "Snyder", "county": "Scurry", "state": "Texas", "min_kv": 69, "max_kv": 138, "max_inferred": true, "min_inferred": true, "line_count": 2, "owners": [{"name": "ONCOR ELECTRIC DELIVERY CO.", "voltages_kv": [69], "miles": 0.0, "named": false}], "circuits": [], "source_date": "2017-04-19"}}, {"type": "Feature", "geometry": {"type": "Point", "coordinates": [-101.99876, 32.04437]}, "properties": {"id": "303406", "name": "Unnamed substation", "type": "Substation", "status": "In service", "city": "Midland", "county": "Midland", "state": "Texas", "min_kv": 69, "max_kv": 138, "max_inferred": false, "min_inferred": false, "line_count": 2, "owners": [{"name": "ONCOR ELECTRIC DELIVERY CO.", "voltages_kv": [345, 138], "miles": 0.0, "named": false}], "circuits": [], "source_date": "2017-04-18"}}, {"type": "Feature", "geometry": {"type": "Point", "coordinates": [-102.33518, 31.83967]}, "properties": {"id": "302210", "name": "Unnamed substation", "type": "Substation", "status": "In service", "city": "Odessa", "county": "Ector", "state": "Texas", "min_kv": 69, "max_kv": 138, "max_inferred": false, "min_inferred": false, "line_count": 1, "owners": [{"name": "ONCOR ELECTRIC DELIVERY CO.", "voltages_kv": [345, 138, 69], "miles": 0.0, "named": false}], "circuits": [{"owner": "ONCOR ELECTRIC DELIVERY CO.", "voltage_kv": 345, "miles": 0.41, "from_name": "Odessa 345", "to_name": ""}], "source_date": "2017-04-18"}}, {"type": "Feature", "geometry": {"type": "Point", "coordinates": [-102.07308, 32.06262]}, "properties": {"id": "302275", "name": "Unnamed substation", "type": "Substation", "status": "In service", "city": "Midland", "county": "Midland", "state": "Texas", "min_kv": 69, "max_kv": 138, "max_inferred": false, "min_inferred": false, "line_count": 2, "owners": [{"name": "ONCOR ELECTRIC DELIVERY CO.", "voltages_kv": [138], "miles": 0.0, "named": false}], "circuits": [], "source_date": "2017-04-12"}}, {"type": "Feature", "geometry": {"type": "Point", "coordinates": [-100.91432, 32.33321]}, "properties": {"id": "303574", "name": "Unnamed substation", "type": "Substation", "status": "In service", "city": "Colorado City", "county": "Mitchell", "state": "Texas", "min_kv": 69, "max_kv": 138, "max_inferred": true, "min_inferred": true, "line_count": 1, "owners": [{"name": "ONCOR ELECTRIC DELIVERY CO.", "voltages_kv": [345, 138, 69], "miles": 0.0, "named": false}, {"name": "CONCHO VALLEY ELEC COOP INC", "voltages_kv": [138], "miles": 0.12, "named": false}], "circuits": [{"owner": "ONCOR ELECTRIC DELIVERY CO.", "voltage_kv": 345, "miles": 0.05, "from_name": "", "to_name": "Tonkawa"}], "source_date": "2017-04-12"}}, {"type": "Feature", "geometry": {"type": "Point", "coordinates": [-101.97797, 31.84223]}, "properties": {"id": "302365", "name": "Unnamed substation", "type": "Substation", "status": "In service", "city": "Spraberry", "county": "Midland", "state": "Texas", "min_kv": 69, "max_kv": 138, "max_inferred": false, "min_inferred": false, "line_count": 4, "owners": [{"name": "ONCOR ELECTRIC DELIVERY CO.", "voltages_kv": [138, 69], "miles": 0.0, "named": false}], "circuits": [], "source_date": "2017-04-11"}}, {"type": "Feature", "geometry": {"type": "Point", "coordinates": [-100.82703, 31.94076]}, "properties": {"id": "305506", "name": "Unnamed substation", "type": "Substation", "status": "In service", "city": "Sterling City", "county": "Sterling", "state": "Texas", "min_kv": 138, "max_kv": 138, "max_inferred": false, "min_inferred": true, "line_count": 1, "owners": [{"name": "CONCHO VALLEY ELEC COOP INC", "voltages_kv": [138], "miles": 0.0, "named": false}], "circuits": [], "source_date": "2017-04-12"}}, {"type": "Feature", "geometry": {"type": "Point", "coordinates": [-101.28111, 32.08661]}, "properties": {"id": "305655", "name": "Unnamed substation", "type": "Substation", "status": "In service", "city": "Forsan", "county": "Glasscock", "state": "Texas", "min_kv": 69, "max_kv": 138, "max_inferred": false, "min_inferred": false, "line_count": 1, "owners": [{"name": "ONCOR ELECTRIC DELIVERY CO.", "voltages_kv": [345, 138], "miles": 0.01, "named": false}], "circuits": [], "source_date": "2017-04-18"}}, {"type": "Feature", "geometry": {"type": "Point", "coordinates": [-102.46825, 32.71176]}, "properties": {"id": "304880", "name": "Unnamed substation", "type": "Substation", "status": "Status not published", "city": "Seminole", "county": "Gaines", "state": "Texas", "min_kv": 13.8, "max_kv": 138, "max_inferred": true, "min_inferred": true, "line_count": 1, "owners": [{"name": "NOT AVAILABLE", "voltages_kv": [69], "miles": 0.0, "named": false}], "circuits": [], "source_date": "2017-03-22"}}, {"type": "Feature", "geometry": {"type": "Point", "coordinates": [-102.5447, 31.74693]}, "properties": {"id": "304950", "name": "Unnamed substation", "type": "Substation", "status": "Status not published", "city": "Odessa", "county": "Ector", "state": "Texas", "min_kv": 69, "max_kv": 138, "max_inferred": true, "min_inferred": true, "line_count": 1, "owners": [{"name": "ONCOR ELECTRIC DELIVERY CO.", "voltages_kv": [138], "miles": 0.0, "named": false}], "circuits": [], "source_date": "2017-04-10"}}, {"type": "Feature", "geometry": {"type": "Point", "coordinates": [-102.44347, 31.83588]}, "properties": {"id": "304126", "name": "Unnamed substation", "type": "Substation", "status": "In service", "city": "West Odessa", "county": "Ector", "state": "Texas", "min_kv": 69, "max_kv": 138, "max_inferred": false, "min_inferred": false, "line_count": 2, "owners": [{"name": "ONCOR ELECTRIC DELIVERY CO.", "voltages_kv": [138], "miles": 0.0, "named": false}], "circuits": [{"owner": "ONCOR ELECTRIC DELIVERY CO.", "voltage_kv": 138, "miles": 0.34, "from_name": "Westover", "to_name": ""}], "source_date": "2017-04-18"}}, {"type": "Feature", "geometry": {"type": "Point", "coordinates": [-100.89862, 31.90242]}, "properties": {"id": "304951", "name": "Unnamed substation", "type": "Substation", "status": "In service", "city": "Sterling City", "county": "Sterling", "state": "Texas", "min_kv": 69, "max_kv": 138, "max_inferred": false, "min_inferred": false, "line_count": 4, "owners": [{"name": "CONCHO VALLEY ELEC COOP INC", "voltages_kv": [138], "miles": 0.0, "named": false}], "circuits": [], "source_date": "2017-04-12"}}, {"type": "Feature", "geometry": {"type": "Point", "coordinates": [-100.93927, 31.3078]}, "properties": {"id": "304139", "name": "Unnamed substation", "type": "Substation", "status": "In service", "city": "Mertzon", "county": "Irion", "state": "Texas", "min_kv": 69, "max_kv": 138, "max_inferred": false, "min_inferred": false, "line_count": 1, "owners": [{"name": "CONCHO VALLEY ELEC COOP INC", "voltages_kv": [138], "miles": 0.0, "named": false}], "circuits": [{"owner": "CONCHO VALLEY ELEC COOP INC", "voltage_kv": 138, "miles": 0.03, "from_name": "Big Lake", "to_name": ""}], "source_date": "2017-04-10"}}, {"type": "Feature", "geometry": {"type": "Point", "coordinates": [-101.48221, 31.99507]}, "properties": {"id": "304180", "name": "Unnamed substation", "type": "Substation", "status": "In service", "city": "Garden City", "county": "Glasscock", "state": "Texas", "min_kv": 69, "max_kv": 138, "max_inferred": false, "min_inferred": false, "line_count": 2, "owners": [{"name": "ONCOR ELECTRIC DELIVERY CO.", "voltages_kv": [138], "miles": 0.0, "named": false}], "circuits": [], "source_date": "2017-04-18"}}, {"type": "Feature", "geometry": {"type": "Point", "coordinates": [-101.38802, 32.20729]}, "properties": {"id": "304604", "name": "Unnamed substation", "type": "Substation", "status": "In service", "city": "Sand Springs", "county": "Howard", "state": "Texas", "min_kv": 69, "max_kv": 138, "max_inferred": true, "min_inferred": true, "line_count": 2, "owners": [{"name": "ONCOR ELECTRIC DELIVERY CO.", "voltages_kv": [345], "miles": 0.04, "named": false}], "circuits": [], "source_date": "2017-04-12"}}, {"type": "Feature", "geometry": {"type": "Point", "coordinates": [-101.14946, 32.629]}, "properties": {"id": "303817", "name": "Unnamed substation", "type": "Substation", "status": "Status not published", "city": "Ira", "county": "Scurry", "state": "Texas", "min_kv": 69, "max_kv": 138, "max_inferred": true, "min_inferred": true, "line_count": 2, "owners": [{"name": "ONCOR ELECTRIC DELIVERY CO.", "voltages_kv": [345, 138, 69], "miles": 0.03, "named": false}], "circuits": [], "source_date": "2017-04-19"}}, {"type": "Feature", "geometry": {"type": "Point", "coordinates": [-101.35809, 32.97936]}, "properties": {"id": "304646", "name": "Unnamed substation", "type": "Substation", "status": "Status not published", "city": "Justiceburg", "county": "Garza", "state": "Texas", "min_kv": 13.8, "max_kv": 138, "max_inferred": true, "min_inferred": true, "line_count": 1, "owners": [{"name": "NOT AVAILABLE", "voltages_kv": [69], "miles": 0.0, "named": false}], "circuits": [], "source_date": "2017-04-19"}}, {"type": "Feature", "geometry": {"type": "Point", "coordinates": [-101.52622, 31.81317]}, "properties": {"id": "304680", "name": "Unnamed substation", "type": "Substation", "status": "In service", "city": "Garden City", "county": "Glasscock", "state": "Texas", "min_kv": 69, "max_kv": 138, "max_inferred": true, "min_inferred": true, "line_count": 4, "owners": [], "circuits": [], "source_date": "2017-03-22"}}, {"type": "Feature", "geometry": {"type": "Point", "coordinates": [-102.87114, 32.08194]}, "properties": {"id": "305094", "name": "Unnamed substation", "type": "Substation", "status": "Status not published", "city": "Kermit", "county": "Winkler", "state": "Texas", "min_kv": 69, "max_kv": 138, "max_inferred": true, "min_inferred": true, "line_count": 3, "owners": [{"name": "ONCOR ELECTRIC DELIVERY CO.", "voltages_kv": [138], "miles": 0.0, "named": false}], "circuits": [], "source_date": "2017-04-12"}}, {"type": "Feature", "geometry": {"type": "Point", "coordinates": [-102.29505, 31.11572]}, "properties": {"id": "304698", "name": "Unnamed substation", "type": "Substation", "status": "In service", "city": "Rio Pecos", "county": "Upton", "state": "Texas", "min_kv": 69, "max_kv": 138, "max_inferred": false, "min_inferred": false, "line_count": 1, "owners": [{"name": "AEP TEXAS NORTH CO.", "voltages_kv": [138], "miles": 0.0, "named": false}], "circuits": [{"owner": "AEP TEXAS NORTH CO.", "voltage_kv": 138, "miles": 0.3, "from_name": "Rio Pecos", "to_name": ""}], "source_date": "2017-03-21"}}, {"type": "Feature", "geometry": {"type": "Point", "coordinates": [-102.43329, 31.92354]}, "properties": {"id": "304706", "name": "Unnamed substation", "type": "Substation", "status": "In service", "city": "Odessa", "county": "Ector", "state": "Texas", "min_kv": 69, "max_kv": 138, "max_inferred": false, "min_inferred": false, "line_count": 2, "owners": [{"name": "ONCOR ELECTRIC DELIVERY CO.", "voltages_kv": [138], "miles": 0.0, "named": false}], "circuits": [], "source_date": "2017-04-12"}}, {"type": "Feature", "geometry": {"type": "Point", "coordinates": [-102.37179, 30.83298]}, "properties": {"id": "304745", "name": "Unnamed substation", "type": "Substation", "status": "Status not published", "city": "Fort Stockton", "county": "Pecos", "state": "Texas", "min_kv": null, "max_kv": 138, "max_inferred": true, "min_inferred": false, "line_count": 3, "owners": [{"name": "NOT AVAILABLE", "voltages_kv": [138], "miles": 0.0, "named": false}], "circuits": [{"owner": "NOT AVAILABLE", "voltage_kv": 138, "miles": 0.0, "from_name": "White Baker", "to_name": ""}, {"owner": "NOT AVAILABLE", "voltage_kv": 138, "miles": 0.04, "from_name": "Sherbino Ii", "to_name": ""}], "source_date": "2018-08-06"}}, {"type": "Feature", "geometry": {"type": "Point", "coordinates": [-102.24683, 31.94874]}, "properties": {"id": "305689", "name": "Unnamed substation", "type": "Substation", "status": "In service", "city": "Midland", "county": "Midland", "state": "Texas", "min_kv": 69, "max_kv": 138, "max_inferred": false, "min_inferred": false, "line_count": 1, "owners": [{"name": "ONCOR ELECTRIC DELIVERY CO.", "voltages_kv": [138], "miles": 0.0, "named": false}], "circuits": [], "source_date": "2017-04-18"}}, {"type": "Feature", "geometry": {"type": "Point", "coordinates": [-102.64349, 32.29396]}, "properties": {"id": "305802", "name": "Unnamed substation", "type": "Substation", "status": "In service", "city": "Andrews", "county": "Andrews", "state": "Texas", "min_kv": null, "max_kv": 138, "max_inferred": true, "min_inferred": false, "line_count": 2, "owners": [{"name": "ONCOR ELECTRIC DELIVERY CO.", "voltages_kv": [138, 69], "miles": 0.0, "named": false}], "circuits": [], "source_date": "2018-08-27"}}, {"type": "Feature", "geometry": {"type": "Point", "coordinates": [-101.11509, 32.85929]}, "properties": {"id": "305868", "name": "Unnamed substation", "type": "Substation", "status": "Status not published", "city": "Fluvanna", "county": "Scurry", "state": "Texas", "min_kv": 69, "max_kv": 138, "max_inferred": true, "min_inferred": true, "line_count": 2, "owners": [{"name": "NOT AVAILABLE", "voltages_kv": [69], "miles": 0.0, "named": false}, {"name": "ONCOR ELECTRIC DELIVERY CO.", "voltages_kv": [69], "miles": 0.0, "named": false}], "circuits": [], "source_date": "2017-04-19"}}, {"type": "Feature", "geometry": {"type": "Point", "coordinates": [-101.7935, 32.1402]}, "properties": {"id": "305928", "name": "Unnamed substation", "type": "Substation", "status": "In service", "city": "Stanton", "county": "Martin", "state": "Texas", "min_kv": 69, "max_kv": 138, "max_inferred": true, "min_inferred": true, "line_count": 3, "owners": [{"name": "ONCOR ELECTRIC DELIVERY CO.", "voltages_kv": [138, 69], "miles": 0.0, "named": false}], "circuits": [], "source_date": "2018-08-17"}}, {"type": "Feature", "geometry": {"type": "Point", "coordinates": [-101.836, 31.7849]}, "properties": {"id": "305935", "name": "Unnamed substation", "type": "Substation", "status": "Status not published", "city": "Midland", "county": "Midland", "state": "Texas", "min_kv": 69, "max_kv": 138, "max_inferred": true, "min_inferred": true, "line_count": 1, "owners": [{"name": "ONCOR ELECTRIC DELIVERY CO.", "voltages_kv": [69], "miles": 0.0, "named": false}], "circuits": [], "source_date": "2017-03-22"}}, {"type": "Feature", "geometry": {"type": "Point", "coordinates": [-101.1296, 32.95261]}, "properties": {"id": "306000", "name": "Unnamed substation", "type": "Substation", "status": "Status not published", "city": "Fluvanna", "county": "Scurry", "state": "Texas", "min_kv": 13.8, "max_kv": 138, "max_inferred": true, "min_inferred": true, "line_count": 1, "owners": [{"name": "ONCOR ELECTRIC DELIVERY CO.", "voltages_kv": [69], "miles": 0.0, "named": false}], "circuits": [], "source_date": "2017-04-19"}}, {"type": "Feature", "geometry": {"type": "Point", "coordinates": [-102.39743, 31.87235]}, "properties": {"id": "306035", "name": "Unnamed substation", "type": "Substation", "status": "Status not published", "city": "Odessa", "county": "Ector", "state": "Texas", "min_kv": 69, "max_kv": 138, "max_inferred": true, "min_inferred": true, "line_count": 0, "owners": [{"name": "ONCOR ELECTRIC DELIVERY CO.", "voltages_kv": [138, 69], "miles": 0.05, "named": false}], "circuits": [], "source_date": "2017-03-20"}}, {"type": "Feature", "geometry": {"type": "Point", "coordinates": [-101.45972, 31.18447]}, "properties": {"id": "306053", "name": "Unnamed substation", "type": "Substation", "status": "In service", "city": "Big Lake", "county": "Reagan", "state": "Texas", "min_kv": null, "max_kv": 138, "max_inferred": true, "min_inferred": false, "line_count": 0, "owners": [{"name": "CONCHO VALLEY ELEC COOP INC", "voltages_kv": [138], "miles": 0.03, "named": false}, {"name": "SOUTHWEST TEXAS ELEC COOP, INC", "voltages_kv": [69], "miles": 0.1, "named": false}], "circuits": [{"owner": "CONCHO VALLEY ELEC COOP INC", "voltage_kv": 138, "miles": 0.03, "from_name": "Big Lake", "to_name": ""}, {"owner": "SOUTHWEST TEXAS ELEC COOP, INC", "voltage_kv": 69, "miles": 0.1, "from_name": "Big Lake", "to_name": ""}], "source_date": "2018-10-11"}}, {"type": "Feature", "geometry": {"type": "Point", "coordinates": [-102.22953, 31.93562]}, "properties": {"id": "306981", "name": "Unnamed substation", "type": "Substation", "status": "In service", "city": "Midland", "county": "Midland", "state": "Texas", "min_kv": 69, "max_kv": 138, "max_inferred": false, "min_inferred": false, "line_count": 1, "owners": [{"name": "ONCOR ELECTRIC DELIVERY CO.", "voltages_kv": [138], "miles": 0.01, "named": false}], "circuits": [], "source_date": "2017-04-18"}}, {"type": "Feature", "geometry": {"type": "Point", "coordinates": [-102.29792, 31.11923]}, "properties": {"id": "307066", "name": "Unnamed substation", "type": "Substation", "status": "In service", "city": "Rio Pecos", "county": "Upton", "state": "Texas", "min_kv": 69, "max_kv": 138, "max_inferred": false, "min_inferred": false, "line_count": 3, "owners": [{"name": "AEP TEXAS NORTH CO.", "voltages_kv": [138], "miles": 0.0, "named": false}], "circuits": [{"owner": "AEP TEXAS NORTH CO.", "voltage_kv": 138, "miles": 0.0, "from_name": "Rio Pecos", "to_name": ""}], "source_date": "2017-03-21"}}, {"type": "Feature", "geometry": {"type": "Point", "coordinates": [-101.18752, 32.94247]}, "properties": {"id": "307085", "name": "Unnamed substation", "type": "Substation", "status": "In service", "city": "Fluvanna", "county": "Borden", "state": "Texas", "min_kv": null, "max_kv": 138, "max_inferred": true, "min_inferred": false, "line_count": 1, "owners": [{"name": "ONCOR ELECTRIC DELIVERY CO.", "voltages_kv": [138], "miles": 0.0, "named": false}], "circuits": [], "source_date": "2018-10-17"}}, {"type": "Feature", "geometry": {"type": "Point", "coordinates": [-102.49751, 32.19185]}, "properties": {"id": "307097", "name": "Unnamed substation", "type": "Substation", "status": "Status not published", "city": "Andrews", "county": "Andrews", "state": "Texas", "min_kv": 69, "max_kv": 138, "max_inferred": true, "min_inferred": true, "line_count": 1, "owners": [{"name": "ONCOR ELECTRIC DELIVERY CO.", "voltages_kv": [138], "miles": 0.0, "named": false}], "circuits": [], "source_date": "2017-03-22"}}, {"type": "Feature", "geometry": {"type": "Point", "coordinates": [-102.02519, 32.01853]}, "properties": {"id": "307142", "name": "Unnamed substation", "type": "Substation", "status": "Status not published", "city": "Midland", "county": "Midland", "state": "Texas", "min_kv": 69, "max_kv": 138, "max_inferred": true, "min_inferred": true, "line_count": 0, "owners": [], "circuits": [], "source_date": "2017-03-22"}}, {"type": "Feature", "geometry": {"type": "Point", "coordinates": [-102.35497, 31.90288]}, "properties": {"id": "307194", "name": "Unnamed substation", "type": "Substation", "status": "Status not published", "city": "Odessa", "county": "Ector", "state": "Texas", "min_kv": 69, "max_kv": 138, "max_inferred": true, "min_inferred": true, "line_count": 0, "owners": [{"name": "ONCOR ELECTRIC DELIVERY CO.", "voltages_kv": [138], "miles": 0.0, "named": false}], "circuits": [], "source_date": "2017-04-12"}}, {"type": "Feature", "geometry": {"type": "Point", "coordinates": [-102.20456, 31.90746]}, "properties": {"id": "306114", "name": "Unnamed substation", "type": "Substation", "status": "In service", "city": "Midland", "county": "Midland", "state": "Texas", "min_kv": 69, "max_kv": 138, "max_inferred": true, "min_inferred": true, "line_count": 1, "owners": [{"name": "ONCOR ELECTRIC DELIVERY CO.", "voltages_kv": [138], "miles": 0.01, "named": false}], "circuits": [], "source_date": "2017-04-18"}}, {"type": "Feature", "geometry": {"type": "Point", "coordinates": [-100.98571, 32.74236]}, "properties": {"id": "306137", "name": "Unnamed substation", "type": "Substation", "status": "Status not published", "city": "Snyder", "county": "Scurry", "state": "Texas", "min_kv": 13.8, "max_kv": 138, "max_inferred": true, "min_inferred": true, "line_count": 3, "owners": [{"name": "NOT AVAILABLE", "voltages_kv": [138], "miles": 0.0, "named": false}, {"name": "ONCOR ELECTRIC DELIVERY CO.", "voltages_kv": [69], "miles": 0.0, "named": false}], "circuits": [], "source_date": "2017-03-22"}}, {"type": "Feature", "geometry": {"type": "Point", "coordinates": [-100.83455, 31.87048]}, "properties": {"id": "307346", "name": "Unnamed substation", "type": "Substation", "status": "In service", "city": "Sterling City", "county": "Sterling", "state": "Texas", "min_kv": 69, "max_kv": 138, "max_inferred": false, "min_inferred": false, "line_count": 1, "owners": [{"name": "CONCHO VALLEY ELEC COOP INC", "voltages_kv": [138], "miles": 0.0, "named": false}], "circuits": [], "source_date": "2017-04-12"}}, {"type": "Feature", "geometry": {"type": "Point", "coordinates": [-101.27549, 32.08629]}, "properties": {"id": "306551", "name": "Unnamed substation", "type": "Substation", "status": "In service", "city": "Forsan", "county": "Glasscock", "state": "Texas", "min_kv": 69, "max_kv": 138, "max_inferred": false, "min_inferred": false, "line_count": 4, "owners": [{"name": "ONCOR ELECTRIC DELIVERY CO.", "voltages_kv": [345, 138], "miles": 0.0, "named": false}], "circuits": [], "source_date": "2017-04-18"}}, {"type": "Feature", "geometry": {"type": "Point", "coordinates": [-102.17525, 31.96705]}, "properties": {"id": "306564", "name": "Unnamed substation", "type": "Substation", "status": "In service", "city": "Midland", "county": "Midland", "state": "Texas", "min_kv": 69, "max_kv": 138, "max_inferred": false, "min_inferred": false, "line_count": 3, "owners": [{"name": "ONCOR ELECTRIC DELIVERY CO.", "voltages_kv": [138], "miles": 0.0, "named": false}], "circuits": [], "source_date": "2017-04-18"}}, {"type": "Feature", "geometry": {"type": "Point", "coordinates": [-102.32705, 31.82741]}, "properties": {"id": "306239", "name": "Unnamed substation", "type": "Substation", "status": "Status not published", "city": "Odessa", "county": "Ector", "state": "Texas", "min_kv": 69, "max_kv": 138, "max_inferred": true, "min_inferred": true, "line_count": 1, "owners": [{"name": "ONCOR ELECTRIC DELIVERY CO.", "voltages_kv": [345, 138], "miles": 0.0, "named": false}, {"name": "SHARYLAND UTILITIES LP", "voltages_kv": [345], "miles": 0.15, "named": false}], "circuits": [{"owner": "SHARYLAND UTILITIES LP", "voltage_kv": 345, "miles": 0.15, "from_name": "Odessa 345", "to_name": ""}, {"owner": "ONCOR ELECTRIC DELIVERY CO.", "voltage_kv": 345, "miles": 0.43, "from_name": "Odessa 345", "to_name": ""}], "source_date": "2017-04-18"}}, {"type": "Feature", "geometry": {"type": "Point", "coordinates": [-102.8843, 30.88936]}, "properties": {"id": "306259", "name": "Unnamed substation", "type": "Substation", "status": "Status not published", "city": "Fort Stockton", "county": "Pecos", "state": "Texas", "min_kv": 138, "max_kv": 138, "max_inferred": true, "min_inferred": true, "line_count": 1, "owners": [], "circuits": [], "source_date": "2018-05-09"}}, {"type": "Feature", "geometry": {"type": "Point", "coordinates": [-101.79945, 31.73334]}, "properties": {"id": "306609", "name": "Unnamed substation", "type": "Substation", "status": "Status not published", "city": "Midland", "county": "Midland", "state": "Texas", "min_kv": 69, "max_kv": 138, "max_inferred": true, "min_inferred": true, "line_count": 0, "owners": [], "circuits": [], "source_date": "2017-03-22"}}, {"type": "Feature", "geometry": {"type": "Point", "coordinates": [-100.8864, 32.94233]}, "properties": {"id": "306356", "name": "Unnamed substation", "type": "Substation", "status": "Status not published", "city": "Snyder", "county": "Scurry", "state": "Texas", "min_kv": 69, "max_kv": 138, "max_inferred": true, "min_inferred": true, "line_count": 0, "owners": [{"name": "ONCOR ELECTRIC DELIVERY CO.", "voltages_kv": [69], "miles": 0.0, "named": false}], "circuits": [], "source_date": "2017-04-19"}}, {"type": "Feature", "geometry": {"type": "Point", "coordinates": [-100.99896, 32.7069]}, "properties": {"id": "306359", "name": "Unnamed substation", "type": "Substation", "status": "Status not published", "city": "Snyder", "county": "Scurry", "state": "Texas", "min_kv": 13.8, "max_kv": 138, "max_inferred": true, "min_inferred": true, "line_count": 1, "owners": [{"name": "ONCOR ELECTRIC DELIVERY CO.", "voltages_kv": [69], "miles": 0.0, "named": false}], "circuits": [], "source_date": "2017-03-22"}}, {"type": "Feature", "geometry": {"type": "Point", "coordinates": [-102.83351, 31.99763]}, "properties": {"id": "306393", "name": "Unnamed substation", "type": "Substation", "status": "Status not published", "city": "Notrees", "county": "Winkler", "state": "Texas", "min_kv": 69, "max_kv": 138, "max_inferred": true, "min_inferred": true, "line_count": 1, "owners": [{"name": "ONCOR ELECTRIC DELIVERY CO.", "voltages_kv": [138], "miles": 0.0, "named": false}], "circuits": [{"owner": "ONCOR ELECTRIC DELIVERY CO.", "voltage_kv": 138, "miles": 0.0, "from_name": "", "to_name": "Deadend311485"}], "source_date": "2017-04-11"}}, {"type": "Feature", "geometry": {"type": "Point", "coordinates": [-100.99362, 31.91104]}, "properties": {"id": "306423", "name": "Unnamed substation", "type": "Substation", "status": "In service", "city": "Sterling City", "county": "Sterling", "state": "Texas", "min_kv": 69, "max_kv": 138, "max_inferred": false, "min_inferred": false, "line_count": 1, "owners": [{"name": "CONCHO VALLEY ELEC COOP INC", "voltages_kv": [138], "miles": 0.0, "named": false}], "circuits": [], "source_date": "2017-04-12"}}, {"type": "Feature", "geometry": {"type": "Point", "coordinates": [-103.1323, 31.79043]}, "properties": {"id": "307654", "name": "Unnamed substation", "type": "Substation", "status": "Status not published", "city": "Wink", "county": "Winkler", "state": "Texas", "min_kv": 69, "max_kv": 138, "max_inferred": true, "min_inferred": true, "line_count": 0, "owners": [], "circuits": [], "source_date": "2017-04-10"}}, {"type": "Feature", "geometry": {"type": "Point", "coordinates": [-101.13588, 31.98255]}, "properties": {"id": "307662", "name": "Unnamed substation", "type": "Substation", "status": "Status not published", "city": "Sterling City", "county": "Sterling", "state": "Texas", "min_kv": 69, "max_kv": 138, "max_inferred": true, "min_inferred": true, "line_count": 0, "owners": [{"name": "CONCHO VALLEY ELEC COOP INC", "voltages_kv": [138], "miles": 0.0, "named": false}], "circuits": [], "source_date": "2017-04-12"}}, {"type": "Feature", "geometry": {"type": "Point", "coordinates": [-102.35375, 31.84832]}, "properties": {"id": "306826", "name": "Unnamed substation", "type": "Substation", "status": "In service", "city": "Odessa", "county": "Ector", "state": "Texas", "min_kv": 69, "max_kv": 138, "max_inferred": false, "min_inferred": false, "line_count": 4, "owners": [{"name": "ONCOR ELECTRIC DELIVERY CO.", "voltages_kv": [138, 69], "miles": 0.0, "named": false}], "circuits": [], "source_date": "2017-04-12"}}, {"type": "Feature", "geometry": {"type": "Point", "coordinates": [-102.54912, 31.9946]}, "properties": {"id": "306878", "name": "Unnamed substation", "type": "Substation", "status": "In service", "city": "North Cowden", "county": "Ector", "state": "Texas", "min_kv": 69, "max_kv": 138, "max_inferred": false, "min_inferred": false, "line_count": 1, "owners": [{"name": "ONCOR ELECTRIC DELIVERY CO.", "voltages_kv": [138], "miles": 0.25, "named": false}], "circuits": [], "source_date": "2017-04-18"}}, {"type": "Feature", "geometry": {"type": "Point", "coordinates": [-102.24625, 32.03742]}, "properties": {"id": "308589", "name": "Unnamed substation", "type": "Substation", "status": "In service", "city": "Midland", "county": "Midland", "state": "Texas", "min_kv": 138, "max_kv": 138, "max_inferred": true, "min_inferred": true, "line_count": 8, "owners": [{"name": "ONCOR ELECTRIC DELIVERY CO.", "voltages_kv": [345, 138], "miles": 0.0, "named": false}, {"name": "NOT AVAILABLE", "voltages_kv": [230], "miles": 0.29, "named": false}], "circuits": [], "source_date": "2017-12-22"}}, {"type": "Feature", "geometry": {"type": "Point", "coordinates": [-102.07714, 31.99296]}, "properties": {"id": "308616", "name": "Unnamed substation", "type": "Substation", "status": "In service", "city": "Midland", "county": "Midland", "state": "Texas", "min_kv": 69, "max_kv": 138, "max_inferred": false, "min_inferred": false, "line_count": 2, "owners": [{"name": "ONCOR ELECTRIC DELIVERY CO.", "voltages_kv": [138], "miles": 0.0, "named": false}], "circuits": [], "source_date": "2017-04-18"}}, {"type": "Feature", "geometry": {"type": "Point", "coordinates": [-100.83018, 31.93933]}, "properties": {"id": "308704", "name": "Unnamed substation", "type": "Substation", "status": "In service", "city": "Sterling City", "county": "Sterling", "state": "Texas", "min_kv": 69, "max_kv": 138, "max_inferred": false, "min_inferred": false, "line_count": 3, "owners": [{"name": "CONCHO VALLEY ELEC COOP INC", "voltages_kv": [138], "miles": 0.0, "named": false}], "circuits": [], "source_date": "2017-04-18"}}, {"type": "Feature", "geometry": {"type": "Point", "coordinates": [-101.3961, 32.65062]}, "properties": {"id": "308865", "name": "Unnamed substation", "type": "Substation", "status": "In service", "city": "Gail", "county": "Borden", "state": "Texas", "min_kv": 69, "max_kv": 138, "max_inferred": false, "min_inferred": false, "line_count": 3, "owners": [{"name": "ONCOR ELECTRIC DELIVERY CO.", "voltages_kv": [345, 69], "miles": 0.0, "named": false}], "circuits": [], "source_date": "2017-04-18"}}, {"type": "Feature", "geometry": {"type": "Point", "coordinates": [-100.95504, 32.74703]}, "properties": {"id": "308905", "name": "Unnamed substation", "type": "Substation", "status": "In service", "city": "Brand", "county": "Scurry", "state": "Texas", "min_kv": 13.8, "max_kv": 138, "max_inferred": true, "min_inferred": true, "line_count": 3, "owners": [{"name": "ONCOR ELECTRIC DELIVERY CO.", "voltages_kv": [138, 69], "miles": 0.0, "named": false}], "circuits": [], "source_date": "2017-04-12"}}, {"type": "Feature", "geometry": {"type": "Point", "coordinates": [-102.07655, 32.01962]}, "properties": {"id": "308972", "name": "Unnamed substation", "type": "Substation", "status": "In service", "city": "Midland", "county": "Midland", "state": "Texas", "min_kv": 69, "max_kv": 138, "max_inferred": false, "min_inferred": false, "line_count": 2, "owners": [{"name": "ONCOR ELECTRIC DELIVERY CO.", "voltages_kv": [138], "miles": 0.0, "named": false}], "circuits": [], "source_date": "2017-04-18"}}, {"type": "Feature", "geometry": {"type": "Point", "coordinates": [-102.30845, 31.89037]}, "properties": {"id": "307730", "name": "Unnamed substation", "type": "Substation", "status": "In service", "city": "Odessa", "county": "Ector", "state": "Texas", "min_kv": 69, "max_kv": 138, "max_inferred": true, "min_inferred": true, "line_count": 2, "owners": [{"name": "ONCOR ELECTRIC DELIVERY CO.", "voltages_kv": [138], "miles": 0.0, "named": false}], "circuits": [], "source_date": "2017-04-12"}}, {"type": "Feature", "geometry": {"type": "Point", "coordinates": [-102.31246, 31.22128]}, "properties": {"id": "309438", "name": "Unnamed substation", "type": "Substation", "status": "In service", "city": "McCamey", "county": "Crane", "state": "Texas", "min_kv": 69, "max_kv": 138, "max_inferred": false, "min_inferred": false, "line_count": 2, "owners": [{"name": "AEP TEXAS NORTH CO.", "voltages_kv": [138], "miles": 0.0, "named": false}, {"name": "ONCOR ELECTRIC DELIVERY CO.", "voltages_kv": [138], "miles": 0.0, "named": false}, {"name": "AEP TEXAS NORTH COMPANY", "voltages_kv": [138], "miles": 0.34, "named": false}], "circuits": [{"owner": "AEP TEXAS NORTH CO.", "voltage_kv": 138, "miles": 0.0, "from_name": "Rio Pecos", "to_name": ""}], "source_date": "2017-03-21"}}, {"type": "Feature", "geometry": {"type": "Point", "coordinates": [-100.8236, 32.75949]}, "properties": {"id": "309455", "name": "Unnamed substation", "type": "Substation", "status": "In service", "city": "Snyder", "county": "Scurry", "state": "Texas", "min_kv": 69, "max_kv": 138, "max_inferred": true, "min_inferred": true, "line_count": 1, "owners": [], "circuits": [], "source_date": "2017-03-22"}}, {"type": "Feature", "geometry": {"type": "Point", "coordinates": [-102.64582, 32.29325]}, "properties": {"id": "309547", "name": "Unnamed substation", "type": "Substation", "status": "In service", "city": "Andrews", "county": "Andrews", "state": "Texas", "min_kv": null, "max_kv": 138, "max_inferred": true, "min_inferred": false, "line_count": 1, "owners": [{"name": "ONCOR ELECTRIC DELIVERY CO.", "voltages_kv": [138, 69], "miles": 0.0, "named": false}], "circuits": [], "source_date": "2018-08-27"}}, {"type": "Feature", "geometry": {"type": "Point", "coordinates": [-102.58415, 32.06366]}, "properties": {"id": "309588", "name": "Unnamed substation", "type": "Substation", "status": "In service", "city": "Goldsmith", "county": "Ector", "state": "Texas", "min_kv": 69, "max_kv": 138, "max_inferred": false, "min_inferred": false, "line_count": 4, "owners": [{"name": "ONCOR ELECTRIC DELIVERY CO.", "voltages_kv": [138, 69], "miles": 0.0, "named": false}], "circuits": [], "source_date": "2017-04-18"}}, {"type": "Feature", "geometry": {"type": "Point", "coordinates": [-102.52835, 31.7984]}, "properties": {"id": "309593", "name": "Unnamed substation", "type": "Substation", "status": "In service", "city": "West Odessa", "county": "Ector", "state": "Texas", "min_kv": 69, "max_kv": 138, "max_inferred": false, "min_inferred": false, "line_count": 1, "owners": [{"name": "ONCOR ELECTRIC DELIVERY CO.", "voltages_kv": [138], "miles": 0.0, "named": false}], "circuits": [], "source_date": "2017-04-12"}}, {"type": "Feature", "geometry": {"type": "Point", "coordinates": [-102.22508, 31.66291]}, "properties": {"id": "309652", "name": "Unnamed substation", "type": "Substation", "status": "Status not published", "city": "Odessa", "county": "Midland", "state": "Texas", "min_kv": 69, "max_kv": 138, "max_inferred": true, "min_inferred": true, "line_count": 1, "owners": [{"name": "ONCOR ELECTRIC DELIVERY CO.", "voltages_kv": [69], "miles": 0.0, "named": false}], "circuits": [], "source_date": "2017-03-22"}}, {"type": "Feature", "geometry": {"type": "Point", "coordinates": [-101.06803, 32.69956]}, "properties": {"id": "309655", "name": "Unnamed substation", "type": "Substation", "status": "Status not published", "city": "Snyder", "county": "Scurry", "state": "Texas", "min_kv": 13.8, "max_kv": 138, "max_inferred": true, "min_inferred": true, "line_count": 0, "owners": [], "circuits": [], "source_date": "2017-03-22"}}, {"type": "Feature", "geometry": {"type": "Point", "coordinates": [-102.01458, 31.95437]}, "properties": {"id": "309658", "name": "Unnamed substation", "type": "Substation", "status": "In service", "city": "Midland", "county": "Midland", "state": "Texas", "min_kv": 69, "max_kv": 138, "max_inferred": false, "min_inferred": false, "line_count": 2, "owners": [{"name": "ONCOR ELECTRIC DELIVERY CO.", "voltages_kv": [138], "miles": 0.0, "named": false}], "circuits": [], "source_date": "2017-04-18"}}, {"type": "Feature", "geometry": {"type": "Point", "coordinates": [-102.56078, 32.35782]}, "properties": {"id": "307754", "name": "Unnamed substation", "type": "Substation", "status": "In service", "city": "Andrews", "county": "Andrews", "state": "Texas", "min_kv": 69, "max_kv": 138, "max_inferred": false, "min_inferred": false, "line_count": 3, "owners": [{"name": "ONCOR ELECTRIC DELIVERY CO.", "voltages_kv": [138], "miles": 0.0, "named": false}], "circuits": [], "source_date": "2017-03-22"}}, {"type": "Feature", "geometry": {"type": "Point", "coordinates": [-101.80337, 31.51979]}, "properties": {"id": "309104", "name": "Unnamed substation", "type": "Substation", "status": "In service", "city": "Midkiff", "county": "Upton", "state": "Texas", "min_kv": null, "max_kv": 138, "max_inferred": true, "min_inferred": false, "line_count": 0, "owners": [{"name": "NOT AVAILABLE", "voltages_kv": [69], "miles": 0.0, "named": false}, {"name": "ONCOR ELECTRIC DELIVERY CO.", "voltages_kv": [138], "miles": 0.27, "named": false}], "circuits": [], "source_date": "2018-10-11"}}, {"type": "Feature", "geometry": {"type": "Point", "coordinates": [-101.18463, 32.91884]}, "properties": {"id": "309242", "name": "Unnamed substation", "type": "Substation", "status": "Status not published", "city": "Fluvanna", "county": "Borden", "state": "Texas", "min_kv": 69, "max_kv": 138, "max_inferred": true, "min_inferred": true, "line_count": 2, "owners": [{"name": "ONCOR ELECTRIC DELIVERY CO.", "voltages_kv": [138], "miles": 0.0, "named": false}], "circuits": [], "source_date": "2017-04-19"}}, {"type": "Feature", "geometry": {"type": "Point", "coordinates": [-101.27888, 32.02512]}, "properties": {"id": "308203", "name": "Unnamed substation", "type": "Substation", "status": "In service", "city": "Forsan", "county": "Glasscock", "state": "Texas", "min_kv": 69, "max_kv": 138, "max_inferred": true, "min_inferred": true, "line_count": 3, "owners": [{"name": "NOT AVAILABLE", "voltages_kv": [138], "miles": 0.0, "named": false}, {"name": "ONCOR ELECTRIC DELIVERY CO.", "voltages_kv": [345, 138], "miles": 0.0, "named": false}], "circuits": [], "source_date": "2017-04-19"}}, {"type": "Feature", "geometry": {"type": "Point", "coordinates": [-102.88385, 30.8895]}, "properties": {"id": "308319", "name": "Unnamed substation", "type": "Substation", "status": "Status not published", "city": "Fort Stockton", "county": "Pecos", "state": "Texas", "min_kv": 138, "max_kv": 138, "max_inferred": false, "min_inferred": true, "line_count": 2, "owners": [], "circuits": [], "source_date": "2019-01-17"}}, {"type": "Feature", "geometry": {"type": "Point", "coordinates": [-102.17575, 32.03857]}, "properties": {"id": "308390", "name": "Unnamed substation", "type": "Substation", "status": "Status not published", "city": "Midland", "county": "Midland", "state": "Texas", "min_kv": 69, "max_kv": 138, "max_inferred": true, "min_inferred": true, "line_count": 0, "owners": [{"name": "ONCOR ELECTRIC DELIVERY CO.", "voltages_kv": [69], "miles": 0.0, "named": false}], "circuits": [], "source_date": "2017-03-22"}}, {"type": "Feature", "geometry": {"type": "Point", "coordinates": [-101.4167, 32.08037]}, "properties": {"id": "310170", "name": "Unnamed substation", "type": "Substation", "status": "Status not published", "city": "Garden City", "county": "Glasscock", "state": "Texas", "min_kv": null, "max_kv": 138, "max_inferred": true, "min_inferred": false, "line_count": 0, "owners": [], "circuits": [], "source_date": "2017-12-22"}}, {"type": "Feature", "geometry": {"type": "Point", "coordinates": [-102.3386, 31.40987]}, "properties": {"id": "310216", "name": "Unnamed substation", "type": "Substation", "status": "In service", "city": "Crane", "county": "Crane", "state": "Texas", "min_kv": 69, "max_kv": 138, "max_inferred": false, "min_inferred": false, "line_count": 3, "owners": [{"name": "ONCOR ELECTRIC DELIVERY CO.", "voltages_kv": [138, 69], "miles": 0.0, "named": false}, {"name": "AEP TEXAS NORTH COMPANY", "voltages_kv": [138], "miles": 0.1, "named": false}], "circuits": [], "source_date": "2017-03-21"}}, {"type": "Feature", "geometry": {"type": "Point", "coordinates": [-100.96158, 32.74854]}, "properties": {"id": "310320", "name": "Unnamed substation", "type": "Substation", "status": "In service", "city": "Snyder", "county": "Scurry", "state": "Texas", "min_kv": 13.8, "max_kv": 138, "max_inferred": true, "min_inferred": true, "line_count": 3, "owners": [{"name": "ONCOR ELECTRIC DELIVERY CO.", "voltages_kv": [138, 69], "miles": 0.0, "named": false}], "circuits": [], "source_date": "2017-04-18"}}, {"type": "Feature", "geometry": {"type": "Point", "coordinates": [-102.23832, 31.25266]}, "properties": {"id": "310424", "name": "Unnamed substation", "type": "Substation", "status": "Status not published", "city": "Mc Camey", "county": "Upton", "state": "Texas", "min_kv": null, "max_kv": 138, "max_inferred": true, "min_inferred": false, "line_count": 1, "owners": [{"name": "AEP TEXAS NORTH CO.", "voltages_kv": [138], "miles": 0.0, "named": false}], "circuits": [], "source_date": "2018-05-09"}}, {"type": "Feature", "geometry": {"type": "Point", "coordinates": [-102.37238, 30.83299]}, "properties": {"id": "310505", "name": "Unnamed substation", "type": "Substation", "status": "In service", "city": "Fort Stockton", "county": "Pecos", "state": "Texas", "min_kv": null, "max_kv": 138, "max_inferred": true, "min_inferred": false, "line_count": 2, "owners": [{"name": "NOT AVAILABLE", "voltages_kv": [138], "miles": 0.0, "named": false}], "circuits": [{"owner": "NOT AVAILABLE", "voltage_kv": 138, "miles": 0.0, "from_name": "Sherbino Ii", "to_name": ""}, {"owner": "NOT AVAILABLE", "voltage_kv": 138, "miles": 0.03, "from_name": "White Baker", "to_name": ""}], "source_date": "2018-10-11"}}, {"type": "Feature", "geometry": {"type": "Point", "coordinates": [-100.83109, 32.53166]}, "properties": {"id": "309819", "name": "Unnamed substation", "type": "Substation", "status": "Status not published", "city": "Hermleigh", "county": "Scurry", "state": "Texas", "min_kv": 69, "max_kv": 138, "max_inferred": true, "min_inferred": true, "line_count": 1, "owners": [{"name": "ONCOR ELECTRIC DELIVERY CO.", "voltages_kv": [69], "miles": 0.0, "named": false}], "circuits": [], "source_date": "2017-03-22"}}, {"type": "Feature", "geometry": {"type": "Point", "coordinates": [-102.96041, 31.58378]}, "properties": {"id": "309963", "name": "Unnamed substation", "type": "Substation", "status": "In service", "city": "Thorntonville", "county": "Ward", "state": "Texas", "min_kv": 69, "max_kv": 138, "max_inferred": false, "min_inferred": false, "line_count": 2, "owners": [{"name": "ONCOR ELECTRIC DELIVERY CO.", "voltages_kv": [138], "miles": 0.0, "named": false}], "circuits": [], "source_date": "2017-04-12"}}, {"type": "Feature", "geometry": {"type": "Point", "coordinates": [-100.90289, 32.70404]}, "properties": {"id": "309974", "name": "Unnamed substation", "type": "Substation", "status": "In service", "city": "Snyder", "county": "Scurry", "state": "Texas", "min_kv": 13.8, "max_kv": 138, "max_inferred": true, "min_inferred": true, "line_count": 1, "owners": [{"name": "NOT AVAILABLE", "voltages_kv": [138], "miles": 0.0, "named": false}, {"name": "ONCOR ELECTRIC DELIVERY CO.", "voltages_kv": [69], "miles": 0.0, "named": false}], "circuits": [], "source_date": "2017-03-22"}}, {"type": "Feature", "geometry": {"type": "Point", "coordinates": [-101.22244, 32.94595]}, "properties": {"id": "309984", "name": "Unnamed substation", "type": "Substation", "status": "In service", "city": "Fluvanna", "county": "Borden", "state": "Texas", "min_kv": null, "max_kv": 138, "max_inferred": true, "min_inferred": false, "line_count": 1, "owners": [{"name": "ONCOR ELECTRIC DELIVERY CO.", "voltages_kv": [138], "miles": 0.0, "named": false}], "circuits": [], "source_date": "2018-10-17"}}, {"type": "Feature", "geometry": {"type": "Point", "coordinates": [-101.53145, 31.76597]}, "properties": {"id": "309999", "name": "Unnamed substation", "type": "Substation", "status": "In service", "city": "Garden City", "county": "Glasscock", "state": "Texas", "min_kv": 69, "max_kv": 138, "max_inferred": true, "min_inferred": true, "line_count": 1, "owners": [{"name": "ONCOR ELECTRIC DELIVERY CO.", "voltages_kv": [138], "miles": 0.0, "named": false}], "circuits": [], "source_date": "2017-04-18"}}, {"type": "Feature", "geometry": {"type": "Point", "coordinates": [-102.60769, 32.32155]}, "properties": {"id": "302524", "name": "Unnamed tap", "type": "Tap", "status": "In service", "city": "Andrews", "county": "Andrews", "state": "Texas", "min_kv": null, "max_kv": 138, "max_inferred": true, "min_inferred": false, "line_count": 3, "owners": [{"name": "ONCOR ELECTRIC DELIVERY CO.", "voltages_kv": [138, 69], "miles": 0.0, "named": false}], "circuits": [], "source_date": "2018-08-27"}}, {"type": "Feature", "geometry": {"type": "Point", "coordinates": [-102.5929, 32.261]}, "properties": {"id": "302611", "name": "Unnamed tap", "type": "Tap", "status": "In service", "city": "Andrews", "county": "Andrews", "state": "Texas", "min_kv": 138, "max_kv": 138, "max_inferred": false, "min_inferred": false, "line_count": 3, "owners": [{"name": "ONCOR ELECTRIC DELIVERY CO.", "voltages_kv": [138], "miles": 0.0, "named": false}], "circuits": [], "source_date": "2017-04-19"}}, {"type": "Feature", "geometry": {"type": "Point", "coordinates": [-102.43839, 31.83837]}, "properties": {"id": "302627", "name": "Unnamed tap", "type": "Tap", "status": "In service", "city": "West Odessa", "county": "Ector", "state": "Texas", "min_kv": 138, "max_kv": 138, "max_inferred": false, "min_inferred": false, "line_count": 3, "owners": [{"name": "ONCOR ELECTRIC DELIVERY CO.", "voltages_kv": [138], "miles": 0.0, "named": false}], "circuits": [{"owner": "ONCOR ELECTRIC DELIVERY CO.", "voltage_kv": 138, "miles": 0.0, "from_name": "Westover", "to_name": ""}], "source_date": "2017-04-24"}}, {"type": "Feature", "geometry": {"type": "Point", "coordinates": [-101.71472, 31.90303]}, "properties": {"id": "302632", "name": "Unnamed tap", "type": "Tap", "status": "In service", "city": "Spraberry", "county": "Glasscock", "state": "Texas", "min_kv": 138, "max_kv": 138, "max_inferred": false, "min_inferred": false, "line_count": 3, "owners": [{"name": "ONCOR ELECTRIC DELIVERY CO.", "voltages_kv": [138], "miles": 0.0, "named": false}], "circuits": [], "source_date": "2017-04-24"}}, {"type": "Feature", "geometry": {"type": "Point", "coordinates": [-100.93906, 31.30829]}, "properties": {"id": "302673", "name": "Unnamed tap", "type": "Tap", "status": "In service", "city": "Mertzon", "county": "Irion", "state": "Texas", "min_kv": 138, "max_kv": 138, "max_inferred": false, "min_inferred": false, "line_count": 3, "owners": [{"name": "CONCHO VALLEY ELEC COOP INC", "voltages_kv": [138], "miles": 0.0, "named": false}], "circuits": [{"owner": "CONCHO VALLEY ELEC COOP INC", "voltage_kv": 138, "miles": 0.0, "from_name": "Big Lake", "to_name": ""}], "source_date": "2017-04-10"}}, {"type": "Feature", "geometry": {"type": "Point", "coordinates": [-102.61991, 31.99695]}, "properties": {"id": "302708", "name": "Unnamed tap", "type": "Tap", "status": "In service", "city": "Goldsmith", "county": "Ector", "state": "Texas", "min_kv": null, "max_kv": 138, "max_inferred": true, "min_inferred": false, "line_count": 3, "owners": [{"name": "ONCOR ELECTRIC DELIVERY CO.", "voltages_kv": [138, 69], "miles": 0.0, "named": false}], "circuits": [], "source_date": "2018-08-27"}}, {"type": "Feature", "geometry": {"type": "Point", "coordinates": [-102.55485, 31.99878]}, "properties": {"id": "302715", "name": "Unnamed tap", "type": "Tap", "status": "In service", "city": "Goldsmith", "county": "Ector", "state": "Texas", "min_kv": null, "max_kv": 138, "max_inferred": true, "min_inferred": false, "line_count": 3, "owners": [{"name": "ONCOR ELECTRIC DELIVERY CO.", "voltages_kv": [138], "miles": 0.0, "named": false}], "circuits": [], "source_date": "2018-08-27"}}, {"type": "Feature", "geometry": {"type": "Point", "coordinates": [-101.22341, 32.94267]}, "properties": {"id": "302776", "name": "Unnamed tap", "type": "Tap", "status": "Status not published", "city": "Fluvanna", "county": "Borden", "state": "Texas", "min_kv": null, "max_kv": 138, "max_inferred": true, "min_inferred": false, "line_count": 3, "owners": [{"name": "ONCOR ELECTRIC DELIVERY CO.", "voltages_kv": [138], "miles": 0.0, "named": false}], "circuits": [], "source_date": "2018-10-17"}}, {"type": "Feature", "geometry": {"type": "Point", "coordinates": [-102.63412, 32.26238]}, "properties": {"id": "305349", "name": "Unnamed tap", "type": "Tap", "status": "In service", "city": "Andrews", "county": "Andrews", "state": "Texas", "min_kv": null, "max_kv": 138, "max_inferred": true, "min_inferred": false, "line_count": 3, "owners": [{"name": "ONCOR ELECTRIC DELIVERY CO.", "voltages_kv": [138, 69], "miles": 0.0, "named": false}], "circuits": [], "source_date": "2018-08-27"}}, {"type": "Feature", "geometry": {"type": "Point", "coordinates": [-101.19076, 32.93382]}, "properties": {"id": "305491", "name": "Unnamed tap", "type": "Tap", "status": "Status not published", "city": "Fluvanna", "county": "Borden", "state": "Texas", "min_kv": null, "max_kv": 138, "max_inferred": true, "min_inferred": false, "line_count": 3, "owners": [{"name": "ONCOR ELECTRIC DELIVERY CO.", "voltages_kv": [138], "miles": 0.0, "named": false}], "circuits": [], "source_date": "2018-10-17"}}, {"type": "Feature", "geometry": {"type": "Point", "coordinates": [-102.22963, 31.9358]}, "properties": {"id": "305118", "name": "Unnamed tap", "type": "Tap", "status": "In service", "city": "Midland", "county": "Midland", "state": "Texas", "min_kv": 138, "max_kv": 138, "max_inferred": false, "min_inferred": false, "line_count": 3, "owners": [{"name": "ONCOR ELECTRIC DELIVERY CO.", "voltages_kv": [138], "miles": 0.0, "named": false}], "circuits": [], "source_date": "2017-04-24"}}, {"type": "Feature", "geometry": {"type": "Point", "coordinates": [-102.35444, 31.25027]}, "properties": {"id": "305193", "name": "Unnamed tap", "type": "Tap", "status": "In service", "city": "Crane", "county": "Crane", "state": "Texas", "min_kv": null, "max_kv": 138, "max_inferred": true, "min_inferred": false, "line_count": 3, "owners": [{"name": "AEP TEXAS NORTH CO.", "voltages_kv": [138], "miles": 0.0, "named": false}, {"name": "ONCOR ELECTRIC DELIVERY CO.", "voltages_kv": [138], "miles": 0.0, "named": false}], "circuits": [{"owner": "AEP TEXAS NORTH CO.", "voltage_kv": 138, "miles": 0.0, "from_name": "Rio Pecos", "to_name": ""}], "source_date": "2018-08-27"}}, {"type": "Feature", "geometry": {"type": "Point", "coordinates": [-102.20455, 31.90732]}, "properties": {"id": "305267", "name": "Unnamed tap", "type": "Tap", "status": "In service", "city": "Midland", "county": "Midland", "state": "Texas", "min_kv": 138, "max_kv": 138, "max_inferred": false, "min_inferred": false, "line_count": 3, "owners": [{"name": "ONCOR ELECTRIC DELIVERY CO.", "voltages_kv": [138], "miles": 0.0, "named": false}], "circuits": [], "source_date": "2017-04-24"}}, {"type": "Feature", "geometry": {"type": "Point", "coordinates": [-102.33542, 31.83967]}, "properties": {"id": "308113", "name": "Unnamed tap", "type": "Tap", "status": "In service", "city": "Odessa", "county": "Ector", "state": "Texas", "min_kv": 138, "max_kv": 138, "max_inferred": false, "min_inferred": false, "line_count": 3, "owners": [{"name": "ONCOR ELECTRIC DELIVERY CO.", "voltages_kv": [345, 138, 69], "miles": 0.0, "named": false}], "circuits": [{"owner": "ONCOR ELECTRIC DELIVERY CO.", "voltage_kv": 345, "miles": 0.42, "from_name": "Odessa 345", "to_name": ""}], "source_date": "2017-04-18"}}, {"type": "Feature", "geometry": {"type": "Point", "coordinates": [-102.33949, 31.8525]}, "properties": {"id": "307917", "name": "Unnamed tap", "type": "Tap", "status": "In service", "city": "Odessa", "county": "Ector", "state": "Texas", "min_kv": 138, "max_kv": 138, "max_inferred": true, "min_inferred": true, "line_count": 3, "owners": [{"name": "ONCOR ELECTRIC DELIVERY CO.", "voltages_kv": [138], "miles": 0.0, "named": false}], "circuits": [], "source_date": "2017-12-22"}}, {"type": "Feature", "geometry": {"type": "Point", "coordinates": [-102.59476, 32.15301]}, "properties": {"id": "307953", "name": "Unnamed tap", "type": "Tap", "status": "In service", "city": "Andrews", "county": "Andrews", "state": "Texas", "min_kv": null, "max_kv": 138, "max_inferred": true, "min_inferred": false, "line_count": 3, "owners": [{"name": "ONCOR ELECTRIC DELIVERY CO.", "voltages_kv": [138], "miles": 0.0, "named": false}], "circuits": [], "source_date": "2018-08-27"}}, {"type": "Feature", "geometry": {"type": "Point", "coordinates": [-103.12744, 31.27626]}, "properties": {"id": "307958", "name": "Unnamed tap", "type": "Tap", "status": "In service", "city": "Pecos", "county": "Reeves", "state": "Texas", "min_kv": null, "max_kv": 138, "max_inferred": true, "min_inferred": false, "line_count": 3, "owners": [{"name": "NOT AVAILABLE", "voltages_kv": [138], "miles": 0.0, "named": false}, {"name": "ONCOR ELECTRIC DELIVERY CO.", "voltages_kv": [138], "miles": 0.0, "named": false}], "circuits": [{"owner": "NOT AVAILABLE", "voltage_kv": 138, "miles": 0.0, "from_name": "Barilla Junction", "to_name": ""}], "source_date": "2018-08-06"}}, {"type": "Feature", "geometry": {"type": "Point", "coordinates": [-102.27862, 31.22462]}, "properties": {"id": "307970", "name": "Unnamed tap", "type": "Tap", "status": "In service", "city": "Mc Camey", "county": "Upton", "state": "Texas", "min_kv": null, "max_kv": 138, "max_inferred": true, "min_inferred": false, "line_count": 3, "owners": [{"name": "AEP TEXAS NORTH CO.", "voltages_kv": [138], "miles": 0.0, "named": false}], "circuits": [], "source_date": "2018-08-27"}}, {"type": "Feature", "geometry": {"type": "Point", "coordinates": [-102.80776, 32.14823]}, "properties": {"id": "308023", "name": "Unnamed tap", "type": "Tap", "status": "In service", "city": "Andrews", "county": "Andrews", "state": "Texas", "min_kv": null, "max_kv": 138, "max_inferred": true, "min_inferred": false, "line_count": 3, "owners": [], "circuits": [], "source_date": "2018-10-16"}}, {"type": "Feature", "geometry": {"type": "Point", "coordinates": [-102.20143, 30.93207]}, "properties": {"id": "308054", "name": "Unnamed tap", "type": "Tap", "status": "In service", "city": "Bakersfield", "county": "Pecos", "state": "Texas", "min_kv": 138, "max_kv": 138, "max_inferred": false, "min_inferred": false, "line_count": 3, "owners": [{"name": "AEP TEXAS NORTH CO.", "voltages_kv": [138], "miles": 0.0, "named": false}, {"name": "RIO GRANDE ELECTRIC COOP, INC", "voltages_kv": [138], "miles": 0.0, "named": false}], "circuits": [], "source_date": "2017-03-21"}}, {"type": "Feature", "geometry": {"type": "Point", "coordinates": [-102.23956, 31.93]}, "properties": {"id": "308071", "name": "Unnamed tap", "type": "Tap", "status": "In service", "city": "Gardendale", "county": "Midland", "state": "Texas", "min_kv": 138, "max_kv": 138, "max_inferred": false, "min_inferred": false, "line_count": 3, "owners": [{"name": "ONCOR ELECTRIC DELIVERY CO.", "voltages_kv": [138], "miles": 0.0, "named": false}], "circuits": [], "source_date": "2017-04-24"}}, {"type": "Feature", "geometry": {"type": "Point", "coordinates": [-102.90366, 31.71293]}, "properties": {"id": "310986", "name": "Unnamed tap", "type": "Tap", "status": "Status not published", "city": "Monahans", "county": "Winkler", "state": "Texas", "min_kv": null, "max_kv": 138, "max_inferred": true, "min_inferred": false, "line_count": -999999, "owners": [{"name": "ONCOR ELECTRIC DELIVERY CO.", "voltages_kv": [138], "miles": 0.0, "named": false}, {"name": "TXU POWER OR TXU ELECTRIC DELIVERY", "voltages_kv": [138], "miles": 0.0, "named": false}], "circuits": [{"owner": "ONCOR ELECTRIC DELIVERY CO.", "voltage_kv": 138, "miles": 0.0, "from_name": "Wickett", "to_name": ""}], "source_date": "2019-02-20"}}, {"type": "Feature", "geometry": {"type": "Point", "coordinates": [-102.6129, 32.01178]}, "properties": {"id": "310987", "name": "Unnamed tap", "type": "Tap", "status": "Status not published", "city": "Goldsmith", "county": "Ector", "state": "Texas", "min_kv": null, "max_kv": 138, "max_inferred": true, "min_inferred": false, "line_count": -999999, "owners": [{"name": "ONCOR ELECTRIC DELIVERY CO.", "voltages_kv": [138], "miles": 0.0, "named": false}, {"name": "TXU POWER OR TXU ELECTRIC DELIVERY", "voltages_kv": [138], "miles": 0.0, "named": false}], "circuits": [], "source_date": "2019-02-20"}}, {"type": "Feature", "geometry": {"type": "Point", "coordinates": [-102.72322, 31.69073]}, "properties": {"id": "310568", "name": "Unnamed tap", "type": "Tap", "status": "In service", "city": "Penwell", "county": "Ector", "state": "Texas", "min_kv": 138, "max_kv": 138, "max_inferred": false, "min_inferred": false, "line_count": 3, "owners": [{"name": "ONCOR ELECTRIC DELIVERY CO.", "voltages_kv": [138], "miles": 0.0, "named": false}], "circuits": [{"owner": "ONCOR ELECTRIC DELIVERY CO.", "voltage_kv": 138, "miles": 0.0, "from_name": "Sandhills", "to_name": ""}], "source_date": "2017-04-24"}}, {"type": "Feature", "geometry": {"type": "Point", "coordinates": [-101.28116, 32.08675]}, "properties": {"id": "310670", "name": "Unnamed tap", "type": "Tap", "status": "In service", "city": "Forsan", "county": "Glasscock", "state": "Texas", "min_kv": 138, "max_kv": 138, "max_inferred": false, "min_inferred": false, "line_count": 3, "owners": [{"name": "ONCOR ELECTRIC DELIVERY CO.", "voltages_kv": [345, 138], "miles": 0.0, "named": false}], "circuits": [], "source_date": "2017-04-18"}}, {"type": "Feature", "geometry": {"type": "Point", "coordinates": [-102.52823, 31.79811]}, "properties": {"id": "310685", "name": "Unnamed tap", "type": "Tap", "status": "In service", "city": "West Odessa", "county": "Ector", "state": "Texas", "min_kv": 138, "max_kv": 138, "max_inferred": false, "min_inferred": false, "line_count": 3, "owners": [{"name": "ONCOR ELECTRIC DELIVERY CO.", "voltages_kv": [138], "miles": 0.0, "named": false}], "circuits": [], "source_date": "2017-04-12"}}, {"type": "Feature", "geometry": {"type": "Point", "coordinates": [-101.94547, 31.84969]}, "properties": {"id": "310786", "name": "Unnamed tap", "type": "Tap", "status": "In service", "city": "Spraberry", "county": "Midland", "state": "Texas", "min_kv": 138, "max_kv": 138, "max_inferred": false, "min_inferred": false, "line_count": 4, "owners": [{"name": "ONCOR ELECTRIC DELIVERY CO.", "voltages_kv": [138, 69], "miles": 0.0, "named": false}], "circuits": [], "source_date": "2017-04-24"}}, {"type": "Feature", "geometry": {"type": "Point", "coordinates": [-101.48209, 31.99463]}, "properties": {"id": "310808", "name": "Unnamed tap", "type": "Tap", "status": "In service", "city": "Garden City", "county": "Glasscock", "state": "Texas", "min_kv": 138, "max_kv": 138, "max_inferred": false, "min_inferred": false, "line_count": 3, "owners": [{"name": "ONCOR ELECTRIC DELIVERY CO.", "voltages_kv": [138], "miles": 0.0, "named": false}], "circuits": [], "source_date": "2017-04-18"}}, {"type": "Feature", "geometry": {"type": "Point", "coordinates": [-102.54747, 32.11572]}, "properties": {"id": "310818", "name": "Unnamed tap", "type": "Tap", "status": "In service", "city": "Andrews", "county": "Andrews", "state": "Texas", "min_kv": null, "max_kv": 138, "max_inferred": true, "min_inferred": false, "line_count": 3, "owners": [{"name": "ONCOR ELECTRIC DELIVERY CO.", "voltages_kv": [138], "miles": 0.0, "named": false}], "circuits": [], "source_date": "2018-08-27"}}, {"type": "Feature", "geometry": {"type": "Point", "coordinates": [-102.3242, 31.47411]}, "properties": {"id": "310828", "name": "Unnamed tap", "type": "Tap", "status": "In service", "city": "Crane", "county": "Crane", "state": "Texas", "min_kv": null, "max_kv": 138, "max_inferred": true, "min_inferred": false, "line_count": 3, "owners": [{"name": "ONCOR ELECTRIC DELIVERY CO.", "voltages_kv": [138], "miles": 0.0, "named": false}], "circuits": [], "source_date": "2018-08-27"}}, {"type": "Feature", "geometry": {"type": "Point", "coordinates": [-102.53314, 31.7336]}, "properties": {"id": "310839", "name": "Unnamed tap", "type": "Tap", "status": "In service", "city": "Douro", "county": "Ector", "state": "Texas", "min_kv": 138, "max_kv": 138, "max_inferred": false, "min_inferred": false, "line_count": 4, "owners": [{"name": "ONCOR ELECTRIC DELIVERY CO.", "voltages_kv": [138], "miles": 0.0, "named": false}], "circuits": [], "source_date": "2017-04-24"}}, {"type": "Feature", "geometry": {"type": "Point", "coordinates": [-103.04221, 32.14633]}, "properties": {"id": "303102", "name": "Unocal Dollarhide", "type": "Substation", "status": "Status not published", "city": "Andrews", "county": "Andrews", "state": "Texas", "min_kv": 138, "max_kv": 138, "max_inferred": true, "min_inferred": true, "line_count": 1, "owners": [{"name": "ONCOR ELECTRIC DELIVERY CO.", "voltages_kv": [138], "miles": 0.0, "named": false}], "circuits": [], "source_date": "2017-12-22"}}, {"type": "Feature", "geometry": {"type": "Point", "coordinates": [-102.96739, 31.52339]}, "properties": {"id": "306660", "name": "Ward Gulf", "type": "Substation", "status": "In service", "city": "Monahans", "county": "Ward", "state": "Texas", "min_kv": 69, "max_kv": 138, "max_inferred": false, "min_inferred": true, "line_count": 1, "owners": [], "circuits": [], "source_date": "2016-12-21"}}, {"type": "Feature", "geometry": {"type": "Point", "coordinates": [-101.96589, 30.94934]}, "properties": {"id": "303515", "name": "West Yates Switch", "type": "Substation", "status": "In service", "city": "Iraan", "county": "Pecos", "state": "Texas", "min_kv": 69, "max_kv": 138, "max_inferred": true, "min_inferred": true, "line_count": 3, "owners": [{"name": "AEP TEXAS NORTH CO.", "voltages_kv": [138], "miles": 0.0, "named": false}], "circuits": [{"owner": "AEP TEXAS NORTH CO.", "voltage_kv": 138, "miles": 0.0, "from_name": "Mesa View", "to_name": ""}], "source_date": "2017-03-21"}}, {"type": "Feature", "geometry": {"type": "Point", "coordinates": [-102.13376, 30.99216]}, "properties": {"id": "302463", "name": "West Yates Tap", "type": "Tap", "status": "In service", "city": "McCamey", "county": "Pecos", "state": "Texas", "min_kv": 138, "max_kv": 138, "max_inferred": true, "min_inferred": true, "line_count": 3, "owners": [{"name": "AEP TEXAS NORTH CO.", "voltages_kv": [138], "miles": 0.0, "named": false}, {"name": "AEP TEXAS NORTH COMPANY", "voltages_kv": [345], "miles": 0.15, "named": false}], "circuits": [], "source_date": "2017-03-21"}}, {"type": "Feature", "geometry": {"type": "Point", "coordinates": [-102.43872, 31.83896]}, "properties": {"id": "302263", "name": "Westover", "type": "Substation", "status": "In service", "city": "West Odessa", "county": "Ector", "state": "Texas", "min_kv": 69, "max_kv": 138, "max_inferred": false, "min_inferred": false, "line_count": 1, "owners": [{"name": "ONCOR ELECTRIC DELIVERY CO.", "voltages_kv": [138], "miles": 0.0, "named": true}], "circuits": [{"owner": "ONCOR ELECTRIC DELIVERY CO.", "voltage_kv": 138, "miles": 0.0, "from_name": "Westover", "to_name": ""}], "source_date": "2017-04-18"}}, {"type": "Feature", "geometry": {"type": "Point", "coordinates": [-102.42307, 30.88604]}, "properties": {"id": "303812", "name": "White Baker", "type": "Substation", "status": "In service", "city": "Bakersfield", "county": "Pecos", "state": "Texas", "min_kv": 69, "max_kv": 138, "max_inferred": false, "min_inferred": false, "line_count": 3, "owners": [{"name": "NOT AVAILABLE", "voltages_kv": [161, 138], "miles": 0.0, "named": true}, {"name": "RIO GRANDE ELECTRIC COOP, INC", "voltages_kv": [138], "miles": 0.0, "named": true}], "circuits": [{"owner": "NOT AVAILABLE", "voltage_kv": 161, "miles": 0.0, "from_name": "White Baker", "to_name": "Oxy Century"}, {"owner": "RIO GRANDE ELECTRIC COOP, INC", "voltage_kv": 138, "miles": 0.0, "from_name": "White Baker", "to_name": "Rio Pecos"}, {"owner": "NOT AVAILABLE", "voltage_kv": 138, "miles": 0.0, "from_name": "White Baker", "to_name": ""}], "source_date": "2017-03-21"}}, {"type": "Feature", "geometry": {"type": "Point", "coordinates": [-103.07249, 31.66572]}, "properties": {"id": "301233", "name": "Winkler Co. 6", "type": "Substation", "status": "In service", "city": "Monahans", "county": "Winkler", "state": "Texas", "min_kv": 69, "max_kv": 138, "max_inferred": false, "min_inferred": false, "line_count": 1, "owners": [], "circuits": [], "source_date": "2017-04-24"}}, {"type": "Feature", "geometry": {"type": "Point", "coordinates": [-103.03535, 31.18467]}, "properties": {"id": "306825", "name": "Wolfcamp", "type": "Substation", "status": "Status not published", "city": "Coyanosa", "county": "Pecos", "state": "Texas", "min_kv": 69, "max_kv": 138, "max_inferred": true, "min_inferred": true, "line_count": 1, "owners": [], "circuits": [], "source_date": "2017-04-10"}}, {"type": "Feature", "geometry": {"type": "Point", "coordinates": [-102.48096, 30.95161]}, "properties": {"id": "306296", "name": "Woodward-1", "type": "Substation", "status": "Status not published", "city": "Fort Stockton", "county": "Pecos", "state": "Texas", "min_kv": 34.5, "max_kv": 138, "max_inferred": false, "min_inferred": false, "line_count": 1, "owners": [{"name": "AEP TEXAS NORTH CO.", "voltages_kv": [138], "miles": 0.0, "named": false}], "circuits": [], "source_date": "2018-05-09"}}, {"type": "Feature", "geometry": {"type": "Point", "coordinates": [-102.41683, 30.98008]}, "properties": {"id": "303985", "name": "Woodward-2", "type": "Substation", "status": "Status not published", "city": "Fort Stockton", "county": "Pecos", "state": "Texas", "min_kv": 34.5, "max_kv": 138, "max_inferred": false, "min_inferred": false, "line_count": 1, "owners": [{"name": "AEP TEXAS NORTH CO.", "voltages_kv": [138], "miles": 0.0, "named": true}], "circuits": [{"owner": "AEP TEXAS NORTH CO.", "voltage_kv": 138, "miles": 0.0, "from_name": "Woodward-2", "to_name": ""}], "source_date": "2018-05-09"}}, {"type": "Feature", "geometry": {"type": "Point", "coordinates": [-102.39433, 31.08204]}, "properties": {"id": "302726", "name": "Woodward-Tap1", "type": "Tap", "status": "In service", "city": "Imperial", "county": "Pecos", "state": "Texas", "min_kv": 138, "max_kv": 138, "max_inferred": false, "min_inferred": false, "line_count": 3, "owners": [{"name": "AEP TEXAS NORTH CO.", "voltages_kv": [138, 69], "miles": 0.0, "named": false}, {"name": "RIO GRANDE ELECTRIC COOP, INC", "voltages_kv": [138], "miles": 0.0, "named": false}], "circuits": [{"owner": "AEP TEXAS NORTH CO.", "voltage_kv": 138, "miles": 0.0, "from_name": "", "to_name": "Rio Pecos"}, {"owner": "AEP TEXAS NORTH CO.", "voltage_kv": 69, "miles": 0.48, "from_name": "Rio Pecos", "to_name": ""}], "source_date": "2019-01-22"}}, {"type": "Feature", "geometry": {"type": "Point", "coordinates": [-102.42019, 30.98278]}, "properties": {"id": "305167", "name": "Woodward-Tap2", "type": "Tap", "status": "In service", "city": "Fort Stockton", "county": "Pecos", "state": "Texas", "min_kv": 138, "max_kv": 138, "max_inferred": false, "min_inferred": false, "line_count": 2, "owners": [{"name": "AEP TEXAS NORTH CO.", "voltages_kv": [138], "miles": 0.0, "named": false}], "circuits": [{"owner": "AEP TEXAS NORTH CO.", "voltage_kv": 138, "miles": 0.0, "from_name": "Woodward-2", "to_name": ""}], "source_date": "2019-01-22"}}, {"type": "Feature", "geometry": {"type": "Point", "coordinates": [-102.42052, 30.98288]}, "properties": {"id": "310870", "name": "Woodward-Tap2A", "type": "Tap", "status": "In service", "city": "Fort Stockton", "county": "Pecos", "state": "Texas", "min_kv": 138, "max_kv": 138, "max_inferred": false, "min_inferred": false, "line_count": 2, "owners": [{"name": "AEP TEXAS NORTH CO.", "voltages_kv": [138], "miles": 0.0, "named": false}], "circuits": [{"owner": "AEP TEXAS NORTH CO.", "voltage_kv": 138, "miles": 0.02, "from_name": "Woodward-2", "to_name": ""}], "source_date": "2019-01-22"}}, {"type": "Feature", "geometry": {"type": "Point", "coordinates": [-102.39896, 31.07162]}, "properties": {"id": "302733", "name": "Woodward-Tap4", "type": "Tap", "status": "In service", "city": "Fort Stockton", "county": "Pecos", "state": "Texas", "min_kv": 138, "max_kv": 138, "max_inferred": false, "min_inferred": false, "line_count": 2, "owners": [{"name": "AEP TEXAS NORTH CO.", "voltages_kv": [138], "miles": 0.0, "named": false}], "circuits": [{"owner": "AEP TEXAS NORTH CO.", "voltage_kv": 138, "miles": 0.0, "from_name": "Tombstone", "to_name": ""}, {"owner": "AEP TEXAS NORTH CO.", "voltage_kv": 138, "miles": 0.0, "from_name": "Rio Pecos", "to_name": ""}], "source_date": "2019-01-22"}}, {"type": "Feature", "geometry": {"type": "Point", "coordinates": [-102.82868, 33.0265]}, "properties": {"id": "306656", "name": "Arco Bp-Willard", "type": "Substation", "status": "In service", "city": "Denver City", "county": "Yoakum", "state": "Texas", "min_kv": 13.8, "max_kv": 115, "max_inferred": false, "min_inferred": false, "line_count": 1, "owners": [{"name": "LEA COUNTY ELECTRIC COOP, INC", "voltages_kv": [115], "miles": 0.0, "named": true}, {"name": "SOUTHWESTERN PUBLIC SERVICE CO.", "voltages_kv": [69], "miles": 0.3, "named": false}], "circuits": [{"owner": "LEA COUNTY ELECTRIC COOP, INC", "voltage_kv": 115, "miles": 0.0, "from_name": "", "to_name": "Arco Bp-Willard"}], "source_date": "2017-03-21"}}, {"type": "Feature", "geometry": {"type": "Point", "coordinates": [-102.71911, 32.75615]}, "properties": {"id": "300172", "name": "Atlantic", "type": "Substation", "status": "Status not published", "city": "Seminole", "county": "Gaines", "state": "Texas", "min_kv": 69, "max_kv": 115, "max_inferred": false, "min_inferred": false, "line_count": 0, "owners": [], "circuits": [], "source_date": "2017-03-21"}}, {"type": "Feature", "geometry": {"type": "Point", "coordinates": [-102.80842, 32.99577]}, "properties": {"id": "305014", "name": "C2", "type": "Substation", "status": "Status not published", "city": "Denver City", "county": "Yoakum", "state": "Texas", "min_kv": 13.8, "max_kv": 115, "max_inferred": true, "min_inferred": true, "line_count": 0, "owners": [{"name": "SOUTHWESTERN PUBLIC SERVICE CO.", "voltages_kv": [115], "miles": 0.0, "named": false}], "circuits": [{"owner": "SOUTHWESTERN PUBLIC SERVICE CO.", "voltage_kv": 115, "miles": 0.0, "from_name": "C2", "to_name": ""}, {"owner": "SOUTHWESTERN PUBLIC SERVICE CO.", "voltage_kv": 115, "miles": 0.14, "from_name": "", "to_name": "Denver City"}, {"owner": "SOUTHWESTERN PUBLIC SERVICE CO.", "voltage_kv": 115, "miles": 0.5, "from_name": "Shell Co2", "to_name": ""}], "source_date": "2017-03-21"}}, {"type": "Feature", "geometry": {"type": "Point", "coordinates": [-102.89497, 33.03603]}, "properties": {"id": "303984", "name": "Cortez", "type": "Substation", "status": "In service", "city": "Denver City", "county": "Yoakum", "state": "Texas", "min_kv": 69, "max_kv": 115, "max_inferred": false, "min_inferred": false, "line_count": 1, "owners": [{"name": "SOUTHWESTERN PUBLIC SERVICE CO.", "voltages_kv": [115], "miles": 0.0, "named": false}], "circuits": [], "source_date": "2017-03-21"}}, {"type": "Feature", "geometry": {"type": "Point", "coordinates": [-102.78416, 32.96533]}, "properties": {"id": "308584", "name": "Denver City", "type": "Substation", "status": "In service", "city": "Denver City", "county": "Yoakum", "state": "Texas", "min_kv": 13.8, "max_kv": 115, "max_inferred": false, "min_inferred": false, "line_count": 9, "owners": [{"name": "LEA COUNTY ELECTRIC COOP, INC", "voltages_kv": [115], "miles": 0.0, "named": true}, {"name": "SOUTHWESTERN PUBLIC SERVICE CO.", "voltages_kv": [230, 115, 69], "miles": 0.0, "named": true}], "circuits": [{"owner": "SOUTHWESTERN PUBLIC SERVICE CO.", "voltage_kv": 230, "miles": 0.0, "from_name": "Denver City", "to_name": ""}, {"owner": "SOUTHWESTERN PUBLIC SERVICE CO.", "voltage_kv": 115, "miles": 0.0, "from_name": "", "to_name": "Denver City"}, {"owner": "LEA COUNTY ELECTRIC COOP, INC", "voltage_kv": 115, "miles": 0.0, "from_name": "Denver City", "to_name": ""}], "source_date": "2017-03-21"}}, {"type": "Feature", "geometry": {"type": "Point", "coordinates": [-102.65838, 32.71082]}, "properties": {"id": "301868", "name": "Doss", "type": "Substation", "status": "In service", "city": "Seminole", "county": "Gaines", "state": "Texas", "min_kv": 13.8, "max_kv": 115, "max_inferred": false, "min_inferred": false, "line_count": 2, "owners": [{"name": "SOUTHWESTERN PUBLIC SERVICE CO.", "voltages_kv": [115], "miles": 0.0, "named": true}], "circuits": [{"owner": "SOUTHWESTERN PUBLIC SERVICE CO.", "voltage_kv": 115, "miles": 0.0, "from_name": "Doss", "to_name": ""}], "source_date": "2017-03-21"}}, {"type": "Feature", "geometry": {"type": "Point", "coordinates": [-102.81852, 32.98781]}, "properties": {"id": "308760", "name": "El Paso", "type": "Substation", "status": "Status not published", "city": "Denver City", "county": "Yoakum", "state": "Texas", "min_kv": 13.8, "max_kv": 115, "max_inferred": true, "min_inferred": true, "line_count": 2, "owners": [{"name": "SOUTHWESTERN PUBLIC SERVICE CO.", "voltages_kv": [115], "miles": 0.0, "named": false}], "circuits": [{"owner": "SOUTHWESTERN PUBLIC SERVICE CO.", "voltage_kv": 115, "miles": 0.0, "from_name": "Shell Co2", "to_name": ""}, {"owner": "SOUTHWESTERN PUBLIC SERVICE CO.", "voltage_kv": 115, "miles": 0.41, "from_name": "", "to_name": "Denver City"}], "source_date": "2017-03-21"}}, {"type": "Feature", "geometry": {"type": "Point", "coordinates": [-102.79406, 32.73259]}, "properties": {"id": "301165", "name": "Gaines Co", "type": "Substation", "status": "In service", "city": "Seminole", "county": "Gaines", "state": "Texas", "min_kv": 13.8, "max_kv": 115, "max_inferred": false, "min_inferred": false, "line_count": 4, "owners": [{"name": "LEA COUNTY ELECTRIC COOP, INC", "voltages_kv": [115], "miles": 0.0, "named": true}, {"name": "SOUTHWESTERN PUBLIC SERVICE CO.", "voltages_kv": [69], "miles": 0.0, "named": true}], "circuits": [{"owner": "LEA COUNTY ELECTRIC COOP, INC", "voltage_kv": 115, "miles": 0.0, "from_name": "", "to_name": "Gaines Co"}, {"owner": "SOUTHWESTERN PUBLIC SERVICE CO.", "voltage_kv": 69, "miles": 0.0, "from_name": "Gaines Co", "to_name": ""}], "source_date": "2017-03-21"}}, {"type": "Feature", "geometry": {"type": "Point", "coordinates": [-101.40792, 33.1867]}, "properties": {"id": "309917", "name": "Graham", "type": "Substation", "status": "In service", "city": "Post", "county": "Garza", "state": "Texas", "min_kv": 69, "max_kv": 115, "max_inferred": false, "min_inferred": false, "line_count": 4, "owners": [{"name": "LYNTEGAR ELECTRIC COOP, INC", "voltages_kv": [115, 69], "miles": 0.0, "named": true}, {"name": "NOT AVAILABLE", "voltages_kv": [69], "miles": 0.0, "named": true}, {"name": "SOUTHWESTERN PUBLIC SERVICE CO.", "voltages_kv": [69], "miles": 0.0, "named": true}], "circuits": [{"owner": "LYNTEGAR ELECTRIC COOP, INC", "voltage_kv": 115, "miles": 0.0, "from_name": "Graham", "to_name": "Grassland"}, {"owner": "LYNTEGAR ELECTRIC COOP, INC", "voltage_kv": 69, "miles": 0.0, "from_name": "Graham", "to_name": ""}, {"owner": "NOT AVAILABLE", "voltage_kv": 69, "miles": 0.0, "from_name": "Graham", "to_name": ""}], "source_date": "2017-05-31"}}, {"type": "Feature", "geometry": {"type": "Point", "coordinates": [-102.932, 32.88636]}, "properties": {"id": "309193", "name": "Higg", "type": "Substation", "status": "In service", "city": "Seminole", "county": "Gaines", "state": "Texas", "min_kv": 69, "max_kv": 115, "max_inferred": false, "min_inferred": false, "line_count": 5, "owners": [{"name": "LEA COUNTY ELECTRIC COOPERATIVE", "voltages_kv": [115], "miles": 0.0, "named": false}, {"name": "SOUTHWESTERN PUBLIC SERVICE CO.", "voltages_kv": [69], "miles": 0.0, "named": false}], "circuits": [], "source_date": "2017-03-21"}}, {"type": "Feature", "geometry": {"type": "Point", "coordinates": [-102.69018, 32.96454]}, "properties": {"id": "306763", "name": "Jaybee", "type": "Substation", "status": "Status not published", "city": "Denver City", "county": "Yoakum", "state": "Texas", "min_kv": 13.8, "max_kv": 115, "max_inferred": true, "min_inferred": true, "line_count": 0, "owners": [], "circuits": [], "source_date": "2017-03-21"}}, {"type": "Feature", "geometry": {"type": "Point", "coordinates": [-102.65802, 32.96373]}, "properties": {"id": "306792", "name": "Ltg-Seagrav", "type": "Substation", "status": "In service", "city": "Seagraves", "county": "Yoakum", "state": "Texas", "min_kv": 13.8, "max_kv": 115, "max_inferred": false, "min_inferred": false, "line_count": 2, "owners": [], "circuits": [], "source_date": "2017-03-21"}}, {"type": "Feature", "geometry": {"type": "Point", "coordinates": [-102.68344, 32.75537]}, "properties": {"id": "305849", "name": "Roz", "type": "Substation", "status": "In service", "city": "Seminole", "county": "Gaines", "state": "Texas", "min_kv": 69, "max_kv": 115, "max_inferred": false, "min_inferred": false, "line_count": 3, "owners": [{"name": "SOUTHWESTERN PUBLIC SERVICE CO.", "voltages_kv": [115], "miles": 0.0, "named": false}], "circuits": [{"owner": "SOUTHWESTERN PUBLIC SERVICE CO.", "voltage_kv": 115, "miles": 0.0, "from_name": "Seminole", "to_name": ""}, {"owner": "SOUTHWESTERN PUBLIC SERVICE CO.", "voltage_kv": 115, "miles": 0.07, "from_name": "Doss", "to_name": ""}, {"owner": "SOUTHWESTERN PUBLIC SERVICE CO.", "voltage_kv": 115, "miles": 0.07, "from_name": "", "to_name": "Seminole"}], "source_date": "2017-03-21"}}, {"type": "Feature", "geometry": {"type": "Point", "coordinates": [-102.93262, 32.87149]}, "properties": {"id": "301967", "name": "Russell Pool", "type": "Substation", "status": "In service", "city": "Seminole", "county": "Gaines", "state": "Texas", "min_kv": 69, "max_kv": 115, "max_inferred": false, "min_inferred": false, "line_count": 2, "owners": [{"name": "NOT AVAILABLE", "voltages_kv": [69], "miles": 0.0, "named": true}], "circuits": [{"owner": "NOT AVAILABLE", "voltage_kv": 69, "miles": 0.0, "from_name": "", "to_name": "Russell Pool"}], "source_date": "2017-03-21"}}, {"type": "Feature", "geometry": {"type": "Point", "coordinates": [-102.82062, 32.94372]}, "properties": {"id": "301632", "name": "San Andres", "type": "Substation", "status": "Status not published", "city": "Seminole", "county": "Gaines", "state": "Texas", "min_kv": 69, "max_kv": 115, "max_inferred": true, "min_inferred": true, "line_count": 1, "owners": [{"name": "SOUTHWESTERN PUBLIC SERVICE CO.", "voltages_kv": [115], "miles": 0.0, "named": true}], "circuits": [{"owner": "SOUTHWESTERN PUBLIC SERVICE CO.", "voltage_kv": 115, "miles": 0.0, "from_name": "San Andres", "to_name": ""}], "source_date": "2017-03-21"}}, {"type": "Feature", "geometry": {"type": "Point", "coordinates": [-102.84682, 32.98101]}, "properties": {"id": "308756", "name": "Shell C3", "type": "Substation", "status": "Status not published", "city": "Denver City", "county": "Yoakum", "state": "Texas", "min_kv": 13.8, "max_kv": 115, "max_inferred": true, "min_inferred": true, "line_count": 0, "owners": [{"name": "SOUTHWESTERN PUBLIC SERVICE CO.", "voltages_kv": [115, 69], "miles": 0.0, "named": true}], "circuits": [{"owner": "SOUTHWESTERN PUBLIC SERVICE CO.", "voltage_kv": 115, "miles": 0.0, "from_name": "Shell C3", "to_name": ""}], "source_date": "2017-03-21"}}, {"type": "Feature", "geometry": {"type": "Point", "coordinates": [-102.81742, 32.99758]}, "properties": {"id": "305899", "name": "Shell Co2", "type": "Substation", "status": "Status not published", "city": "Denver City", "county": "Yoakum", "state": "Texas", "min_kv": 13.8, "max_kv": 115, "max_inferred": true, "min_inferred": true, "line_count": 1, "owners": [{"name": "SOUTHWESTERN PUBLIC SERVICE CO.", "voltages_kv": [115], "miles": 0.0, "named": true}], "circuits": [{"owner": "SOUTHWESTERN PUBLIC SERVICE CO.", "voltage_kv": 115, "miles": 0.0, "from_name": "Shell Co2", "to_name": ""}, {"owner": "SOUTHWESTERN PUBLIC SERVICE CO.", "voltage_kv": 115, "miles": 0.26, "from_name": "", "to_name": "Denver City"}, {"owner": "SOUTHWESTERN PUBLIC SERVICE CO.", "voltage_kv": 115, "miles": 0.44, "from_name": "C2", "to_name": ""}], "source_date": "2017-03-21"}}, {"type": "Feature", "geometry": {"type": "Point", "coordinates": [-100.94378, 32.4185]}, "properties": {"id": "300381", "name": "Unnamed substation", "type": "Substation", "status": "Status not published", "city": "Colorado City", "county": "Mitchell", "state": "Texas", "min_kv": 69, "max_kv": 115, "max_inferred": true, "min_inferred": true, "line_count": 1, "owners": [{"name": "ONCOR ELECTRIC DELIVERY CO.", "voltages_kv": [138], "miles": 0.0, "named": false}], "circuits": [], "source_date": "2017-03-22"}}, {"type": "Feature", "geometry": {"type": "Point", "coordinates": [-103.01428, 32.87383]}, "properties": {"id": "302073", "name": "Unnamed substation", "type": "Substation", "status": "Status not published", "city": "Seminole", "county": "Gaines", "state": "Texas", "min_kv": 115, "max_kv": 115, "max_inferred": true, "min_inferred": true, "line_count": 2, "owners": [{"name": "LEA COUNTY ELECTRIC COOPERATIVE", "voltages_kv": [115, 69], "miles": 0.0, "named": false}, {"name": "NOT AVAILABLE", "voltages_kv": [69], "miles": 0.0, "named": false}], "circuits": [], "source_date": "2017-12-22"}}, {"type": "Feature", "geometry": {"type": "Point", "coordinates": [-102.67877, 32.7591]}, "properties": {"id": "306396", "name": "Unnamed substation", "type": "Substation", "status": "In service", "city": "Seminole", "county": "Gaines", "state": "Texas", "min_kv": 69, "max_kv": 115, "max_inferred": false, "min_inferred": false, "line_count": 2, "owners": [{"name": "SOUTHWESTERN PUBLIC SERVICE CO.", "voltages_kv": [115], "miles": 0.0, "named": false}], "circuits": [{"owner": "SOUTHWESTERN PUBLIC SERVICE CO.", "voltage_kv": 115, "miles": 0.0, "from_name": "Seminole", "to_name": ""}, {"owner": "SOUTHWESTERN PUBLIC SERVICE CO.", "voltage_kv": 115, "miles": 0.18, "from_name": "", "to_name": "Seminole"}, {"owner": "SOUTHWESTERN PUBLIC SERVICE CO.", "voltage_kv": 115, "miles": 0.44, "from_name": "Doss", "to_name": ""}], "source_date": "2017-03-21"}}, {"type": "Feature", "geometry": {"type": "Point", "coordinates": [-101.1624, 33.00354]}, "properties": {"id": "308919", "name": "Unnamed substation", "type": "Substation", "status": "Status not published", "city": "Justiceburg", "county": "Garza", "state": "Texas", "min_kv": 13.8, "max_kv": 115, "max_inferred": true, "min_inferred": true, "line_count": 1, "owners": [{"name": "NOT AVAILABLE", "voltages_kv": [69], "miles": 0.0, "named": false}], "circuits": [], "source_date": "2017-04-19"}}, {"type": "Feature", "geometry": {"type": "Point", "coordinates": [-102.76658, 33.02283]}, "properties": {"id": "308298", "name": "Unnamed substation", "type": "Substation", "status": "In service", "city": "Denver City", "county": "Yoakum", "state": "Texas", "min_kv": 13.8, "max_kv": 115, "max_inferred": false, "min_inferred": false, "line_count": 1, "owners": [{"name": "SOUTHWESTERN PUBLIC SERVICE CO.", "voltages_kv": [69], "miles": 0.04, "named": false}], "circuits": [], "source_date": "2017-03-21"}}, {"type": "Feature", "geometry": {"type": "Point", "coordinates": [-101.34984, 32.32067]}, "properties": {"id": "310180", "name": "Unnamed substation", "type": "Substation", "status": "Status not published", "city": "Big Spring", "county": "Howard", "state": "Texas", "min_kv": 69, "max_kv": 115, "max_inferred": true, "min_inferred": true, "line_count": 3, "owners": [{"name": "ONCOR ELECTRIC DELIVERY CO.", "voltages_kv": [138], "miles": 0.0, "named": false}], "circuits": [], "source_date": "2017-04-19"}}, {"type": "Feature", "geometry": {"type": "Point", "coordinates": [-102.80196, 33.16799]}, "properties": {"id": "309885", "name": "Unnamed substation", "type": "Substation", "status": "In service", "city": "Plains", "county": "Yoakum", "state": "Texas", "min_kv": 69, "max_kv": 115, "max_inferred": false, "min_inferred": false, "line_count": 3, "owners": [{"name": "LEA COUNTY ELECTRIC COOP, INC", "voltages_kv": [115], "miles": 0.0, "named": false}, {"name": "LEA COUNTY ELECTRIC COOPERATIVE", "voltages_kv": [69], "miles": 0.0, "named": false}, {"name": "SOUTHWESTERN PUBLIC SERVICE CO", "voltages_kv": [230], "miles": 0.04, "named": false}], "circuits": [], "source_date": "2017-04-11"}}, {"type": "Feature", "geometry": {"type": "Point", "coordinates": [-101.02358, 32.72852]}, "properties": {"id": "309910", "name": "Unnamed substation", "type": "Substation", "status": "Status not published", "city": "Snyder", "county": "Scurry", "state": "Texas", "min_kv": 13.8, "max_kv": 115, "max_inferred": true, "min_inferred": true, "line_count": 0, "owners": [{"name": "ONCOR ELECTRIC DELIVERY CO.", "voltages_kv": [69], "miles": 0.0, "named": false}], "circuits": [], "source_date": "2017-03-22"}}, {"type": "Feature", "geometry": {"type": "Point", "coordinates": [-102.80094, 33.22636]}, "properties": {"id": "309934", "name": "Unnamed substation", "type": "Substation", "status": "In service", "city": "Plains", "county": "Yoakum", "state": "Texas", "min_kv": 69, "max_kv": 115, "max_inferred": false, "min_inferred": false, "line_count": 1, "owners": [{"name": "LEA COUNTY ELECTRIC COOP, INC", "voltages_kv": [115, 69], "miles": 0.0, "named": false}, {"name": "SOUTHWESTERN PUBLIC SERVICE CO", "voltages_kv": [230], "miles": 0.02, "named": false}], "circuits": [], "source_date": "2017-04-11"}}, {"type": "Feature", "geometry": {"type": "Point", "coordinates": [-102.90426, 32.99383]}, "properties": {"id": "302530", "name": "Unnamed tap", "type": "Tap", "status": "In service", "city": "Denver City", "county": "Yoakum", "state": "Texas", "min_kv": 115, "max_kv": 115, "max_inferred": false, "min_inferred": false, "line_count": 5, "owners": [{"name": "NOT AVAILABLE", "voltages_kv": [115], "miles": 0.0, "named": false}, {"name": "SOUTHWESTERN PUBLIC SERVICE CO.", "voltages_kv": [115, 69], "miles": 0.0, "named": false}], "circuits": [{"owner": "SOUTHWESTERN PUBLIC SERVICE CO.", "voltage_kv": 115, "miles": 0.0, "from_name": "", "to_name": "Denver City"}], "source_date": "2017-03-21"}}, {"type": "Feature", "geometry": {"type": "Point", "coordinates": [-102.7863, 32.75464]}, "properties": {"id": "302612", "name": "Unnamed tap", "type": "Tap", "status": "In service", "city": "Seminole", "county": "Gaines", "state": "Texas", "min_kv": 115, "max_kv": 115, "max_inferred": true, "min_inferred": true, "line_count": 2, "owners": [{"name": "LEA COUNTY ELECTRIC COOP, INC", "voltages_kv": [115], "miles": 0.0, "named": false}], "circuits": [{"owner": "LEA COUNTY ELECTRIC COOP, INC", "voltage_kv": 115, "miles": 0.0, "from_name": "", "to_name": "Gaines Co"}], "source_date": "2017-12-22"}}, {"type": "Feature", "geometry": {"type": "Point", "coordinates": [-102.68375, 32.75436]}, "properties": {"id": "305300", "name": "Unnamed tap", "type": "Tap", "status": "In service", "city": "Seminole", "county": "Gaines", "state": "Texas", "min_kv": 115, "max_kv": 115, "max_inferred": false, "min_inferred": false, "line_count": 3, "owners": [{"name": "SOUTHWESTERN PUBLIC SERVICE CO.", "voltages_kv": [115], "miles": 0.0, "named": false}], "circuits": [{"owner": "SOUTHWESTERN PUBLIC SERVICE CO.", "voltage_kv": 115, "miles": 0.0, "from_name": "Doss", "to_name": ""}, {"owner": "SOUTHWESTERN PUBLIC SERVICE CO.", "voltage_kv": 115, "miles": 0.0, "from_name": "", "to_name": "Seminole"}, {"owner": "SOUTHWESTERN PUBLIC SERVICE CO.", "voltage_kv": 115, "miles": 0.01, "from_name": "Seminole", "to_name": ""}], "source_date": "2017-03-21"}}, {"type": "Feature", "geometry": {"type": "Point", "coordinates": [-103.04847, 32.88657]}, "properties": {"id": "305402", "name": "Unnamed tap", "type": "Tap", "status": "In service", "city": "Seminole", "county": "Gaines", "state": "Texas", "min_kv": 69, "max_kv": 115, "max_inferred": true, "min_inferred": true, "line_count": 3, "owners": [{"name": "LEA COUNTY ELECTRIC COOPERATIVE", "voltages_kv": [69], "miles": 0.0, "named": false}], "circuits": [], "source_date": "2018-07-03"}}, {"type": "Feature", "geometry": {"type": "Point", "coordinates": [-102.80146, 33.22637]}, "properties": {"id": "305155", "name": "Unnamed tap", "type": "Tap", "status": "In service", "city": "Plains", "county": "Yoakum", "state": "Texas", "min_kv": 115, "max_kv": 115, "max_inferred": false, "min_inferred": false, "line_count": 3, "owners": [{"name": "LEA COUNTY ELECTRIC COOP, INC", "voltages_kv": [115, 69], "miles": 0.0, "named": false}, {"name": "SOUTHWESTERN PUBLIC SERVICE CO", "voltages_kv": [230], "miles": 0.01, "named": false}], "circuits": [], "source_date": "2017-04-24"}}, {"type": "Feature", "geometry": {"type": "Point", "coordinates": [-102.61228, 32.96409]}, "properties": {"id": "305192", "name": "Unnamed tap", "type": "Tap", "status": "In service", "city": "Denver City", "county": "Yoakum", "state": "Texas", "min_kv": 115, "max_kv": 115, "max_inferred": true, "min_inferred": true, "line_count": 3, "owners": [{"name": "NOT AVAILABLE", "voltages_kv": [69], "miles": 0.0, "named": false}], "circuits": [], "source_date": "2018-09-18"}}, {"type": "Feature", "geometry": {"type": "Point", "coordinates": [-102.78655, 32.94379]}, "properties": {"id": "310754", "name": "Unnamed tap", "type": "Tap", "status": "In service", "city": "Seagraves", "county": "Gaines", "state": "Texas", "min_kv": 115, "max_kv": 115, "max_inferred": true, "min_inferred": true, "line_count": 3, "owners": [{"name": "LEA COUNTY ELECTRIC COOP, INC", "voltages_kv": [115], "miles": 0.0, "named": false}, {"name": "SOUTHWESTERN PUBLIC SERVICE CO.", "voltages_kv": [115], "miles": 0.0, "named": false}], "circuits": [{"owner": "SOUTHWESTERN PUBLIC SERVICE CO.", "voltage_kv": 115, "miles": 0.0, "from_name": "Denver City", "to_name": ""}, {"owner": "SOUTHWESTERN PUBLIC SERVICE CO.", "voltage_kv": 115, "miles": 0.0, "from_name": "San Andres", "to_name": ""}], "source_date": "2018-09-18"}}, {"type": "Feature", "geometry": {"type": "Point", "coordinates": [-102.27899, 32.95823]}, "properties": {"id": "310136", "name": "Adair", "type": "Substation", "status": "Status not published", "city": "Seagraves", "county": "Gaines", "state": "Texas", "min_kv": 13.8, "max_kv": 69, "max_inferred": true, "min_inferred": true, "line_count": 2, "owners": [{"name": "NOT AVAILABLE", "voltages_kv": [69], "miles": 0.0, "named": false}], "circuits": [], "source_date": "2017-03-20"}}, {"type": "Feature", "geometry": {"type": "Point", "coordinates": [-102.95289, 32.77511]}, "properties": {"id": "308327", "name": "Amfrac", "type": "Substation", "status": "Status not published", "city": "Seminole", "county": "Gaines", "state": "Texas", "min_kv": null, "max_kv": 69, "max_inferred": true, "min_inferred": false, "line_count": 0, "owners": [], "circuits": [], "source_date": "2017-03-21"}}, {"type": "Feature", "geometry": {"type": "Point", "coordinates": [-101.53575, 31.18501]}, "properties": {"id": "309363", "name": "Ballinger Humble Pump Exxon", "type": "Substation", "status": "Status not published", "city": "Big Lake", "county": "Reagan", "state": "Texas", "min_kv": null, "max_kv": 69, "max_inferred": true, "min_inferred": false, "line_count": 0, "owners": [], "circuits": [], "source_date": "2017-03-21"}}, {"type": "Feature", "geometry": {"type": "Point", "coordinates": [-101.07819, 30.98988]}, "properties": {"id": "306716", "name": "Barnham", "type": "Substation", "status": "Status not published", "city": "Ozona", "county": "Crockett", "state": "Texas", "min_kv": null, "max_kv": 69, "max_inferred": true, "min_inferred": false, "line_count": 0, "owners": [], "circuits": [], "source_date": "2017-03-21"}}, {"type": "Feature", "geometry": {"type": "Point", "coordinates": [-101.17229, 31.12811]}, "properties": {"id": "304148", "name": "Barnhart", "type": "Substation", "status": "Status not published", "city": "Barnhart", "county": "Irion", "state": "Texas", "min_kv": 69, "max_kv": 69, "max_inferred": true, "min_inferred": true, "line_count": 2, "owners": [{"name": "NOT AVAILABLE", "voltages_kv": [69], "miles": 0.0, "named": true}], "circuits": [{"owner": "NOT AVAILABLE", "voltage_kv": 69, "miles": 0.0, "from_name": "Barnhart", "to_name": ""}], "source_date": "2017-03-21"}}, {"type": "Feature", "geometry": {"type": "Point", "coordinates": [-103.06811, 30.75964]}, "properties": {"id": "309875", "name": "Belding", "type": "Substation", "status": "Status not published", "city": "Fort Stockton", "county": "Pecos", "state": "Texas", "min_kv": 69, "max_kv": 69, "max_inferred": false, "min_inferred": true, "line_count": 2, "owners": [{"name": "NOT AVAILABLE", "voltages_kv": [69], "miles": 0.0, "named": false}, {"name": "TEXAS-NEW MEXICO POWER CO.", "voltages_kv": [69], "miles": 0.0, "named": false}], "circuits": [{"owner": "TEXAS-NEW MEXICO POWER CO.", "voltage_kv": 69, "miles": 0.0, "from_name": "", "to_name": "Fort Stockton"}], "source_date": "2017-04-10"}}, {"type": "Feature", "geometry": {"type": "Point", "coordinates": [-101.46809, 31.093]}, "properties": {"id": "300612", "name": "Big Lake Phillips Pump", "type": "Substation", "status": "Status not published", "city": "Big Lake", "county": "Reagan", "state": "Texas", "min_kv": null, "max_kv": 69, "max_inferred": true, "min_inferred": false, "line_count": 0, "owners": [{"name": "SOUTHWEST TEXAS ELEC COOP, INC", "voltages_kv": [69], "miles": 0.4, "named": false}], "circuits": [{"owner": "SOUTHWEST TEXAS ELEC COOP, INC", "voltage_kv": 69, "miles": 0.4, "from_name": "Big Lake", "to_name": ""}], "source_date": "2017-03-21"}}, {"type": "Feature", "geometry": {"type": "Point", "coordinates": [-102.72957, 32.60559]}, "properties": {"id": "304907", "name": "Boardman", "type": "Substation", "status": "Status not published", "city": "Seminole", "county": "Gaines", "state": "Texas", "min_kv": null, "max_kv": 69, "max_inferred": true, "min_inferred": false, "line_count": 0, "owners": [], "circuits": [], "source_date": "2017-03-21"}}, {"type": "Feature", "geometry": {"type": "Point", "coordinates": [-103.13062, 31.77472]}, "properties": {"id": "307207", "name": "California", "type": "Substation", "status": "Status not published", "city": "Wink", "county": "Winkler", "state": "Texas", "min_kv": null, "max_kv": 69, "max_inferred": false, "min_inferred": false, "line_count": 1, "owners": [{"name": "ONCOR ELECTRIC DELIVERY CO.", "voltages_kv": [138, 69], "miles": 0.0, "named": true}], "circuits": [{"owner": "ONCOR ELECTRIC DELIVERY CO.", "voltage_kv": 69, "miles": 0.0, "from_name": "", "to_name": "California"}], "source_date": "2017-04-10"}}, {"type": "Feature", "geometry": {"type": "Point", "coordinates": [-102.24468, 32.85677]}, "properties": {"id": "306840", "name": "Cedarlake", "type": "Substation", "status": "Status not published", "city": "Seagraves", "county": "Gaines", "state": "Texas", "min_kv": null, "max_kv": 69, "max_inferred": true, "min_inferred": false, "line_count": 1, "owners": [{"name": "NOT AVAILABLE", "voltages_kv": [69], "miles": 0.0, "named": true}], "circuits": [{"owner": "NOT AVAILABLE", "voltage_kv": 69, "miles": 0.0, "from_name": "Cedarlake", "to_name": ""}], "source_date": "2017-03-20"}}, {"type": "Feature", "geometry": {"type": "Point", "coordinates": [-103.44472, 31.50657]}, "properties": {"id": "303572", "name": "Cochise", "type": "Substation", "status": "In service", "city": "Pyote", "county": "Ward", "state": "Texas", "min_kv": 69, "max_kv": 69, "max_inferred": false, "min_inferred": true, "line_count": 2, "owners": [{"name": "ONCOR ELECTRIC DELIVERY CO.", "voltages_kv": [69], "miles": 0.0, "named": false}], "circuits": [], "source_date": "2016-12-21"}}, {"type": "Feature", "geometry": {"type": "Point", "coordinates": [-102.96182, 31.26296]}, "properties": {"id": "304436", "name": "Coyonosa", "type": "Substation", "status": "In service", "city": "Coyanosa", "county": "Pecos", "state": "Texas", "min_kv": 69, "max_kv": 69, "max_inferred": false, "min_inferred": true, "line_count": 2, "owners": [], "circuits": [], "source_date": "2016-04-21"}}, {"type": "Feature", "geometry": {"type": "Point", "coordinates": [-102.43616, 31.53624]}, "properties": {"id": "307519", "name": "Crane Gulf #2", "type": "Substation", "status": "Status not published", "city": "Crane", "county": "Crane", "state": "Texas", "min_kv": null, "max_kv": 69, "max_inferred": true, "min_inferred": false, "line_count": 0, "owners": [], "circuits": [], "source_date": "2017-03-21"}}, {"type": "Feature", "geometry": {"type": "Point", "coordinates": [-102.52323, 31.09554]}, "properties": {"id": "301059", "name": "Duvall Sulphur", "type": "Substation", "status": "Status not published", "city": "Imperial", "county": "Pecos", "state": "Texas", "min_kv": 69, "max_kv": 69, "max_inferred": true, "min_inferred": true, "line_count": 2, "owners": [{"name": "AEP TEXAS NORTH CO.", "voltages_kv": [69], "miles": 0.0, "named": false}, {"name": "NOT AVAILABLE", "voltages_kv": [69], "miles": 0.0, "named": false}], "circuits": [{"owner": "NOT AVAILABLE", "voltage_kv": 69, "miles": 0.0, "from_name": "Barilla Junction", "to_name": ""}, {"owner": "AEP TEXAS NORTH CO.", "voltage_kv": 69, "miles": 0.0, "from_name": "Rio Pecos", "to_name": ""}], "source_date": "2017-03-21"}}, {"type": "Feature", "geometry": {"type": "Point", "coordinates": [-102.8177, 32.96405]}, "properties": {"id": "303865", "name": "East Denver", "type": "Substation", "status": "In service", "city": "Denver City", "county": "Yoakum", "state": "Texas", "min_kv": 13.8, "max_kv": 69, "max_inferred": false, "min_inferred": false, "line_count": 1, "owners": [{"name": "SOUTHWESTERN PUBLIC SERVICE CO.", "voltages_kv": [69], "miles": 0.0, "named": true}], "circuits": [{"owner": "SOUTHWESTERN PUBLIC SERVICE CO.", "voltage_kv": 69, "miles": 0.0, "from_name": "", "to_name": "East Denver"}, {"owner": "SOUTHWESTERN PUBLIC SERVICE CO.", "voltage_kv": 69, "miles": 0.02, "from_name": "", "to_name": "Denver City"}], "source_date": "2017-03-21"}}, {"type": "Feature", "geometry": {"type": "Point", "coordinates": [-102.67135, 32.58871]}, "properties": {"id": "304158", "name": "Flanagan", "type": "Substation", "status": "Status not published", "city": "Seminole", "county": "Gaines", "state": "Texas", "min_kv": null, "max_kv": 69, "max_inferred": true, "min_inferred": false, "line_count": 0, "owners": [], "circuits": [], "source_date": "2017-03-21"}}, {"type": "Feature", "geometry": {"type": "Point", "coordinates": [-101.39051, 33.18626]}, "properties": {"id": "304000", "name": "Garza", "type": "Substation", "status": "Status not published", "city": "Post", "county": "Garza", "state": "Texas", "min_kv": null, "max_kv": 69, "max_inferred": true, "min_inferred": false, "line_count": 2, "owners": [{"name": "SOUTHWESTERN PUBLIC SERVICE CO.", "voltages_kv": [69], "miles": 0.0, "named": false}], "circuits": [{"owner": "SOUTHWESTERN PUBLIC SERVICE CO.", "voltage_kv": 69, "miles": 0.0, "from_name": "Graham", "to_name": ""}], "source_date": "2017-05-31"}}, {"type": "Feature", "geometry": {"type": "Point", "coordinates": [-103.40841, 30.98625]}, "properties": {"id": "306885", "name": "Hoefsroa2", "type": "Substation", "status": "In service", "city": "Balmorhea", "county": "Reeves", "state": "Texas", "min_kv": 69, "max_kv": 69, "max_inferred": false, "min_inferred": true, "line_count": 2, "owners": [{"name": "AEP TEXAS NORTH CO.", "voltages_kv": [69], "miles": 0.0, "named": true}], "circuits": [{"owner": "AEP TEXAS NORTH CO.", "voltage_kv": 69, "miles": 0.0, "from_name": "Hoefsroa2", "to_name": "Saragosa"}, {"owner": "AEP TEXAS NORTH CO.", "voltage_kv": 69, "miles": 0.0, "from_name": "Barilla Junction", "to_name": "Hoefsroa2"}], "source_date": "2016-06-21"}}, {"type": "Feature", "geometry": {"type": "Point", "coordinates": [-101.53549, 30.5545]}, "properties": {"id": "301715", "name": "Illinois #4", "type": "Substation", "status": "In service", "city": "Sheffield", "county": "Crockett", "state": "Texas", "min_kv": 69, "max_kv": 69, "max_inferred": false, "min_inferred": true, "line_count": 3, "owners": [], "circuits": [], "source_date": "2017-03-21"}}, {"type": "Feature", "geometry": {"type": "Point", "coordinates": [-101.89964, 30.91051]}, "properties": {"id": "302057", "name": "Irran", "type": "Substation", "status": "Status not published", "city": "Iraan", "county": "Pecos", "state": "Texas", "min_kv": null, "max_kv": 69, "max_inferred": true, "min_inferred": false, "line_count": 2, "owners": [], "circuits": [], "source_date": "2017-03-21"}}, {"type": "Feature", "geometry": {"type": "Point", "coordinates": [-102.60272, 33.05063]}, "properties": {"id": "308417", "name": "Kinney", "type": "Substation", "status": "Status not published", "city": "Denver City", "county": "Yoakum", "state": "Texas", "min_kv": null, "max_kv": 69, "max_inferred": true, "min_inferred": false, "line_count": 0, "owners": [], "circuits": [], "source_date": "2017-03-21"}}, {"type": "Feature", "geometry": {"type": "Point", "coordinates": [-103.24916, 31.5946]}, "properties": {"id": "302269", "name": "Lone Star", "type": "Substation", "status": "In service", "city": "Pyote", "county": "Ward", "state": "Texas", "min_kv": 69, "max_kv": 69, "max_inferred": true, "min_inferred": true, "line_count": 1, "owners": [], "circuits": [], "source_date": "2016-12-21"}}, {"type": "Feature", "geometry": {"type": "Point", "coordinates": [-102.48555, 32.82754]}, "properties": {"id": "306960", "name": "Ltg McConal", "type": "Substation", "status": "In service", "city": "Loop", "county": "Gaines", "state": "Texas", "min_kv": null, "max_kv": 69, "max_inferred": false, "min_inferred": false, "line_count": 2, "owners": [{"name": "LEA COUNTY ELECTRIC COOP, INC", "voltages_kv": [69], "miles": 0.0, "named": false}, {"name": "NOT AVAILABLE", "voltages_kv": [69], "miles": 0.0, "named": false}], "circuits": [], "source_date": "2017-03-21"}}, {"type": "Feature", "geometry": {"type": "Point", "coordinates": [-102.95048, 32.78606]}, "properties": {"id": "308904", "name": "Mid America", "type": "Substation", "status": "Status not published", "city": "Seminole", "county": "Gaines", "state": "Texas", "min_kv": null, "max_kv": 69, "max_inferred": true, "min_inferred": false, "line_count": 0, "owners": [{"name": "NOT AVAILABLE", "voltages_kv": [69], "miles": 0.0, "named": false}], "circuits": [], "source_date": "2017-03-21"}}, {"type": "Feature", "geometry": {"type": "Point", "coordinates": [-101.3788, 30.90885]}, "properties": {"id": "306360", "name": "Midway Lane Prairie", "type": "Substation", "status": "In service", "city": "Ozona", "county": "Crockett", "state": "Texas", "min_kv": 69, "max_kv": 69, "max_inferred": true, "min_inferred": true, "line_count": 2, "owners": [], "circuits": [], "source_date": "2017-03-21"}}, {"type": "Feature", "geometry": {"type": "Point", "coordinates": [-102.89958, 31.59425]}, "properties": {"id": "301551", "name": "Monohans", "type": "Substation", "status": "Status not published", "city": "Monahans", "county": "Ward", "state": "Texas", "min_kv": null, "max_kv": 69, "max_inferred": true, "min_inferred": false, "line_count": 0, "owners": [{"name": "ONCOR ELECTRIC DELIVERY CO.", "voltages_kv": [138], "miles": 0.0, "named": false}], "circuits": [], "source_date": "2016-12-21"}}, {"type": "Feature", "geometry": {"type": "Point", "coordinates": [-103.07215, 31.63736]}, "properties": {"id": "310187", "name": "Northward", "type": "Substation", "status": "In service", "city": "Monahans", "county": "Ward", "state": "Texas", "min_kv": null, "max_kv": 69, "max_inferred": false, "min_inferred": false, "line_count": 2, "owners": [], "circuits": [], "source_date": "2016-12-21"}}, {"type": "Feature", "geometry": {"type": "Point", "coordinates": [-102.29537, 32.83907]}, "properties": {"id": "304270", "name": "Ozark Mahoning #2", "type": "Substation", "status": "In service", "city": "Loop", "county": "Gaines", "state": "Texas", "min_kv": 69, "max_kv": 69, "max_inferred": false, "min_inferred": true, "line_count": 1, "owners": [{"name": "LEA COUNTY ELECTRIC COOP, INC", "voltages_kv": [69], "miles": 0.0, "named": false}], "circuits": [], "source_date": "2017-03-20"}}, {"type": "Feature", "geometry": {"type": "Point", "coordinates": [-103.49839, 31.42897]}, "properties": {"id": "300880", "name": "Pecos", "type": "Substation", "status": "In service", "city": "Pecos", "county": "Reeves", "state": "Texas", "min_kv": null, "max_kv": 69, "max_inferred": false, "min_inferred": false, "line_count": 4, "owners": [{"name": "TEXAS-NEW MEXICO POWER CO.", "voltages_kv": [138], "miles": 0.0, "named": true}], "circuits": [{"owner": "TEXAS-NEW MEXICO POWER CO.", "voltage_kv": 138, "miles": 0.0, "from_name": "Pecos", "to_name": ""}], "source_date": "2016-12-21"}}, {"type": "Feature", "geometry": {"type": "Point", "coordinates": [-102.97444, 33.0077]}, "properties": {"id": "306754", "name": "Phillips Pump #1", "type": "Substation", "status": "Status not published", "city": "Denver City", "county": "Yoakum", "state": "Texas", "min_kv": 13.8, "max_kv": 69, "max_inferred": true, "min_inferred": true, "line_count": 1, "owners": [{"name": "SOUTHWESTERN PUBLIC SERVICE CO.", "voltages_kv": [69], "miles": 0.0, "named": false}], "circuits": [], "source_date": "2017-03-21"}}, {"type": "Feature", "geometry": {"type": "Point", "coordinates": [-101.58501, 31.02249]}, "properties": {"id": "308725", "name": "Powell Oil Field", "type": "Substation", "status": "Status not published", "city": "Ozona", "county": "Crockett", "state": "Texas", "min_kv": null, "max_kv": 69, "max_inferred": true, "min_inferred": false, "line_count": 0, "owners": [], "circuits": [], "source_date": "2017-03-21"}}, {"type": "Feature", "geometry": {"type": "Point", "coordinates": [-103.0974, 31.45101]}, "properties": {"id": "310506", "name": "Pyote", "type": "Substation", "status": "In service", "city": "Barstow", "county": "Ward", "state": "Texas", "min_kv": 69, "max_kv": 69, "max_inferred": false, "min_inferred": true, "line_count": 2, "owners": [{"name": "ONCOR ELECTRIC DELIVERY CO.", "voltages_kv": [69], "miles": 0.0, "named": true}], "circuits": [{"owner": "ONCOR ELECTRIC DELIVERY CO.", "voltage_kv": 69, "miles": 0.0, "from_name": "Pyote", "to_name": ""}], "source_date": "2016-12-21"}}, {"type": "Feature", "geometry": {"type": "Point", "coordinates": [-102.7865, 32.72608]}, "properties": {"id": "306671", "name": "Riley", "type": "Substation", "status": "In service", "city": "Seminole", "county": "Gaines", "state": "Texas", "min_kv": 13.8, "max_kv": 69, "max_inferred": true, "min_inferred": true, "line_count": 1, "owners": [{"name": "SOUTHWESTERN PUBLIC SERVICE CO.", "voltages_kv": [69], "miles": 0.0, "named": false}, {"name": "LEA COUNTY ELECTRIC COOP, INC", "voltages_kv": [115], "miles": 0.46, "named": false}], "circuits": [{"owner": "SOUTHWESTERN PUBLIC SERVICE CO.", "voltage_kv": 69, "miles": 0.0, "from_name": "Gaines Co", "to_name": ""}, {"owner": "LEA COUNTY ELECTRIC COOP, INC", "voltage_kv": 115, "miles": 0.46, "from_name": "", "to_name": "Gaines Co"}], "source_date": "2017-03-21"}}, {"type": "Feature", "geometry": {"type": "Point", "coordinates": [-102.86948, 31.38856]}, "properties": {"id": "309397", "name": "Royalty", "type": "Substation", "status": "In service", "city": "Grandfalls", "county": "Ward", "state": "Texas", "min_kv": 69, "max_kv": 69, "max_inferred": false, "min_inferred": true, "line_count": 3, "owners": [{"name": "ONCOR ELECTRIC DELIVERY CO.", "voltages_kv": [69], "miles": 0.0, "named": true}], "circuits": [{"owner": "ONCOR ELECTRIC DELIVERY CO.", "voltage_kv": 69, "miles": 0.0, "from_name": "Royalty", "to_name": "Ward Switch"}], "source_date": "2016-04-21"}}, {"type": "Feature", "geometry": {"type": "Point", "coordinates": [-103.65394, 31.04228]}, "properties": {"id": "307076", "name": "Saragosa", "type": "Substation", "status": "In service", "city": "Balmorhea", "county": "Reeves", "state": "Texas", "min_kv": 69, "max_kv": 69, "max_inferred": false, "min_inferred": true, "line_count": 2, "owners": [{"name": "AEP TEXAS NORTH CO.", "voltages_kv": [69], "miles": 0.0, "named": true}], "circuits": [{"owner": "AEP TEXAS NORTH CO.", "voltage_kv": 69, "miles": 0.0, "from_name": "Barilla Junction", "to_name": "Saragosa"}, {"owner": "AEP TEXAS NORTH CO.", "voltage_kv": 69, "miles": 0.0, "from_name": "Hoefsroa2", "to_name": "Saragosa"}], "source_date": "2019-01-08"}}, {"type": "Feature", "geometry": {"type": "Point", "coordinates": [-101.81548, 30.72508]}, "properties": {"id": "303810", "name": "Sheffield", "type": "Substation", "status": "Status not published", "city": "Sheffield", "county": "Pecos", "state": "Texas", "min_kv": null, "max_kv": 69, "max_inferred": true, "min_inferred": false, "line_count": 1, "owners": [{"name": "NOT AVAILABLE", "voltages_kv": [138], "miles": 0.39, "named": false}], "circuits": [{"owner": "NOT AVAILABLE", "voltage_kv": 138, "miles": 0.39, "from_name": "Fort Lancaster", "to_name": ""}], "source_date": "2017-03-21"}}, {"type": "Feature", "geometry": {"type": "Point", "coordinates": [-102.79481, 32.68222]}, "properties": {"id": "303269", "name": "Tenneco", "type": "Substation", "status": "Status not published", "city": "Seminole", "county": "Gaines", "state": "Texas", "min_kv": null, "max_kv": 69, "max_inferred": true, "min_inferred": false, "line_count": 0, "owners": [], "circuits": [], "source_date": "2017-03-21"}}, {"type": "Feature", "geometry": {"type": "Point", "coordinates": [-101.9375, 31.21794]}, "properties": {"id": "301890", "name": "Texas Humble Pump Exxon", "type": "Substation", "status": "Status not published", "city": "Midkiff", "county": "Upton", "state": "Texas", "min_kv": null, "max_kv": 69, "max_inferred": true, "min_inferred": false, "line_count": 0, "owners": [], "circuits": [], "source_date": "2017-03-21"}}, {"type": "Feature", "geometry": {"type": "Point", "coordinates": [-101.67017, 31.22982]}, "properties": {"id": "310413", "name": "Texon", "type": "Substation", "status": "Status not published", "city": "Big Lake", "county": "Reagan", "state": "Texas", "min_kv": null, "max_kv": 69, "max_inferred": true, "min_inferred": false, "line_count": 0, "owners": [], "circuits": [], "source_date": "2017-03-21"}}, {"type": "Feature", "geometry": {"type": "Point", "coordinates": [-102.6118, 33.18126]}, "properties": {"id": "303641", "name": "Tokio", "type": "Substation", "status": "In service", "city": "Tokio", "county": "Yoakum", "state": "Texas", "min_kv": null, "max_kv": 69, "max_inferred": false, "min_inferred": false, "line_count": 2, "owners": [{"name": "LEA COUNTY ELECTRIC COOP, INC", "voltages_kv": [69], "miles": 0.0, "named": false}, {"name": "NOT AVAILABLE", "voltages_kv": [69], "miles": 0.0, "named": false}], "circuits": [], "source_date": "2017-03-20"}}, {"type": "Feature", "geometry": {"type": "Point", "coordinates": [-103.79434, 31.26185]}, "properties": {"id": "304576", "name": "Toyah", "type": "Substation", "status": "In service", "city": "Pecos", "county": "Reeves", "state": "Texas", "min_kv": 69, "max_kv": 69, "max_inferred": true, "min_inferred": true, "line_count": 1, "owners": [], "circuits": [], "source_date": "2016-12-21"}}, {"type": "Feature", "geometry": {"type": "Point", "coordinates": [-100.91408, 32.33439]}, "properties": {"id": "300088", "name": "Unnamed substation", "type": "Substation", "status": "In service", "city": "Colorado City", "county": "Mitchell", "state": "Texas", "min_kv": 69, "max_kv": 69, "max_inferred": true, "min_inferred": true, "line_count": 1, "owners": [{"name": "ONCOR ELECTRIC DELIVERY CO.", "voltages_kv": [345, 138, 69], "miles": 0.0, "named": false}, {"name": "CONCHO VALLEY ELEC COOP INC", "voltages_kv": [138], "miles": 0.12, "named": false}], "circuits": [{"owner": "ONCOR ELECTRIC DELIVERY CO.", "voltage_kv": 345, "miles": 0.11, "from_name": "", "to_name": "Tonkawa"}], "source_date": "2017-04-12"}}, {"type": "Feature", "geometry": {"type": "Point", "coordinates": [-101.50087, 32.24337]}, "properties": {"id": "300186", "name": "Unnamed substation", "type": "Substation", "status": "In service", "city": "Big Spring", "county": "Howard", "state": "Texas", "min_kv": null, "max_kv": 69, "max_inferred": true, "min_inferred": false, "line_count": 3, "owners": [{"name": "ONCOR ELECTRIC DELIVERY CO.", "voltages_kv": [69], "miles": 0.0, "named": false}], "circuits": [], "source_date": "2017-04-19"}}, {"type": "Feature", "geometry": {"type": "Point", "coordinates": [-103.02657, 31.58332]}, "properties": {"id": "300271", "name": "Unnamed substation", "type": "Substation", "status": "Status not published", "city": "Monahans", "county": "Ward", "state": "Texas", "min_kv": null, "max_kv": 69, "max_inferred": true, "min_inferred": false, "line_count": 1, "owners": [{"name": "ONCOR ELECTRIC DELIVERY CO.", "voltages_kv": [138, 69], "miles": 0.0, "named": false}], "circuits": [{"owner": "ONCOR ELECTRIC DELIVERY CO.", "voltage_kv": 69, "miles": 0.0, "from_name": "", "to_name": "Wickett"}, {"owner": "ONCOR ELECTRIC DELIVERY CO.", "voltage_kv": 138, "miles": 0.18, "from_name": "Wickett", "to_name": ""}, {"owner": "ONCOR ELECTRIC DELIVERY CO.", "voltage_kv": 69, "miles": 0.25, "from_name": "Pyote", "to_name": ""}], "source_date": "2016-12-21"}}, {"type": "Feature", "geometry": {"type": "Point", "coordinates": [-101.61454, 31.21903]}, "properties": {"id": "300315", "name": "Unnamed substation", "type": "Substation", "status": "Status not published", "city": "Big Lake", "county": "Reagan", "state": "Texas", "min_kv": null, "max_kv": 69, "max_inferred": true, "min_inferred": false, "line_count": 0, "owners": [], "circuits": [], "source_date": "2017-03-21"}}, {"type": "Feature", "geometry": {"type": "Point", "coordinates": [-102.13891, 32.37831]}, "properties": {"id": "300418", "name": "Unnamed substation", "type": "Substation", "status": "Status not published", "city": "Tarzan", "county": "Martin", "state": "Texas", "min_kv": null, "max_kv": 69, "max_inferred": true, "min_inferred": false, "line_count": 0, "owners": [], "circuits": [], "source_date": "2017-03-22"}}, {"type": "Feature", "geometry": {"type": "Point", "coordinates": [-103.49121, 31.4]}, "properties": {"id": "301350", "name": "Unnamed substation", "type": "Substation", "status": "In service", "city": "Pecos", "county": "Reeves", "state": "Texas", "min_kv": null, "max_kv": 69, "max_inferred": false, "min_inferred": false, "line_count": 4, "owners": [{"name": "TEXAS-NEW MEXICO POWER CO.", "voltages_kv": [138, 69], "miles": 0.0, "named": false}], "circuits": [{"owner": "TEXAS-NEW MEXICO POWER CO.", "voltage_kv": 138, "miles": 0.0, "from_name": "Pecos", "to_name": ""}], "source_date": "2016-12-21"}}, {"type": "Feature", "geometry": {"type": "Point", "coordinates": [-101.93246, 30.92241]}, "properties": {"id": "301376", "name": "Unnamed substation", "type": "Substation", "status": "Status not published", "city": "Iraan", "county": "Pecos", "state": "Texas", "min_kv": null, "max_kv": 69, "max_inferred": true, "min_inferred": false, "line_count": 0, "owners": [], "circuits": [], "source_date": "2017-03-21"}}, {"type": "Feature", "geometry": {"type": "Point", "coordinates": [-102.29657, 31.10503]}, "properties": {"id": "300900", "name": "Unnamed substation", "type": "Substation", "status": "Status not published", "city": "Mc Camey", "county": "Upton", "state": "Texas", "min_kv": null, "max_kv": 69, "max_inferred": true, "min_inferred": false, "line_count": 0, "owners": [{"name": "AEP TEXAS NORTH CO.", "voltages_kv": [345], "miles": 0.17, "named": false}], "circuits": [], "source_date": "2017-03-21"}}, {"type": "Feature", "geometry": {"type": "Point", "coordinates": [-101.80784, 31.52087]}, "properties": {"id": "301110", "name": "Unnamed substation", "type": "Substation", "status": "In service", "city": "Midkiff", "county": "Upton", "state": "Texas", "min_kv": null, "max_kv": 69, "max_inferred": true, "min_inferred": false, "line_count": 6, "owners": [{"name": "ONCOR ELECTRIC DELIVERY CO.", "voltages_kv": [138], "miles": 0.0, "named": false}, {"name": "NOT AVAILABLE", "voltages_kv": [69], "miles": 0.23, "named": false}], "circuits": [], "source_date": "2017-03-22"}}, {"type": "Feature", "geometry": {"type": "Point", "coordinates": [-101.96243, 32.17832]}, "properties": {"id": "301586", "name": "Unnamed substation", "type": "Substation", "status": "In service", "city": "Stanton", "county": "Martin", "state": "Texas", "min_kv": null, "max_kv": 69, "max_inferred": true, "min_inferred": false, "line_count": 1, "owners": [{"name": "ONCOR ELECTRIC DELIVERY CO.", "voltages_kv": [69], "miles": 0.0, "named": false}], "circuits": [], "source_date": "2018-08-06"}}, {"type": "Feature", "geometry": {"type": "Point", "coordinates": [-102.25083, 31.74038]}, "properties": {"id": "302885", "name": "Unnamed substation", "type": "Substation", "status": "Status not published", "city": "Midland", "county": "Midland", "state": "Texas", "min_kv": null, "max_kv": 69, "max_inferred": true, "min_inferred": false, "line_count": 3, "owners": [{"name": "ONCOR ELECTRIC DELIVERY CO.", "voltages_kv": [69], "miles": 0.0, "named": false}], "circuits": [], "source_date": "2018-08-27"}}, {"type": "Feature", "geometry": {"type": "Point", "coordinates": [-102.2033, 31.13726]}, "properties": {"id": "303000", "name": "Unnamed substation", "type": "Substation", "status": "In service", "city": "McCamey", "county": "Upton", "state": "Texas", "min_kv": 69, "max_kv": 69, "max_inferred": false, "min_inferred": true, "line_count": 2, "owners": [{"name": "AEP TEXAS NORTH CO.", "voltages_kv": [138, 69], "miles": 0.0, "named": false}], "circuits": [], "source_date": "2017-03-21"}}, {"type": "Feature", "geometry": {"type": "Point", "coordinates": [-103.0596, 33.183]}, "properties": {"id": "301738", "name": "Unnamed substation", "type": "Substation", "status": "In service", "city": "Plains", "county": "Yoakum", "state": "Texas", "min_kv": null, "max_kv": 69, "max_inferred": true, "min_inferred": false, "line_count": 2, "owners": [{"name": "LEA COUNTY ELECTRIC COOPERATIVE", "voltages_kv": [69], "miles": 0.0, "named": false}], "circuits": [], "source_date": "2018-07-03"}}, {"type": "Feature", "geometry": {"type": "Point", "coordinates": [-101.57048, 31.1182]}, "properties": {"id": "301755", "name": "Unnamed substation", "type": "Substation", "status": "Status not published", "city": "Big Lake", "county": "Reagan", "state": "Texas", "min_kv": null, "max_kv": 69, "max_inferred": true, "min_inferred": false, "line_count": 0, "owners": [], "circuits": [], "source_date": "2017-03-21"}}, {"type": "Feature", "geometry": {"type": "Point", "coordinates": [-101.19974, 30.71917]}, "properties": {"id": "301872", "name": "Unnamed substation", "type": "Substation", "status": "In service", "city": "Ozona", "county": "Crockett", "state": "Texas", "min_kv": 69, "max_kv": 69, "max_inferred": true, "min_inferred": true, "line_count": 3, "owners": [], "circuits": [], "source_date": "2017-03-21"}}, {"type": "Feature", "geometry": {"type": "Point", "coordinates": [-101.11753, 30.70215]}, "properties": {"id": "301902", "name": "Unnamed substation", "type": "Substation", "status": "Status not published", "city": "Ozona", "county": "Crockett", "state": "Texas", "min_kv": 69, "max_kv": 69, "max_inferred": true, "min_inferred": true, "line_count": 1, "owners": [], "circuits": [], "source_date": "2017-03-21"}}, {"type": "Feature", "geometry": {"type": "Point", "coordinates": [-101.13836, 32.55356]}, "properties": {"id": "301968", "name": "Unnamed substation", "type": "Substation", "status": "Status not published", "city": "Ira", "county": "Scurry", "state": "Texas", "min_kv": null, "max_kv": 69, "max_inferred": true, "min_inferred": false, "line_count": 1, "owners": [{"name": "ONCOR ELECTRIC DELIVERY CO.", "voltages_kv": [69], "miles": 0.0, "named": false}], "circuits": [], "source_date": "2017-03-22"}}, {"type": "Feature", "geometry": {"type": "Point", "coordinates": [-101.81899, 32.21121]}, "properties": {"id": "302066", "name": "Unnamed substation", "type": "Substation", "status": "In service", "city": "Stanton", "county": "Martin", "state": "Texas", "min_kv": null, "max_kv": 69, "max_inferred": true, "min_inferred": false, "line_count": 3, "owners": [{"name": "ONCOR ELECTRIC DELIVERY CO.", "voltages_kv": [69], "miles": 0.0, "named": false}], "circuits": [], "source_date": "2017-03-22"}}, {"type": "Feature", "geometry": {"type": "Point", "coordinates": [-103.09601, 31.85208]}, "properties": {"id": "302111", "name": "Unnamed substation", "type": "Substation", "status": "In service", "city": "Kermit", "county": "Winkler", "state": "Texas", "min_kv": 69, "max_kv": 69, "max_inferred": false, "min_inferred": true, "line_count": 1, "owners": [], "circuits": [], "source_date": "2017-04-10"}}, {"type": "Feature", "geometry": {"type": "Point", "coordinates": [-103.47174, 31.49706]}, "properties": {"id": "303387", "name": "Unnamed substation", "type": "Substation", "status": "In service", "city": "Barstow", "county": "Ward", "state": "Texas", "min_kv": 69, "max_kv": 69, "max_inferred": true, "min_inferred": true, "line_count": 2, "owners": [], "circuits": [], "source_date": "2016-12-21"}}, {"type": "Feature", "geometry": {"type": "Point", "coordinates": [-102.36537, 32.85651]}, "properties": {"id": "302861", "name": "Unnamed substation", "type": "Substation", "status": "In service", "city": "Loop", "county": "Gaines", "state": "Texas", "min_kv": 69, "max_kv": 69, "max_inferred": false, "min_inferred": true, "line_count": 1, "owners": [{"name": "LEA COUNTY ELECTRIC COOP, INC", "voltages_kv": [69], "miles": 0.0, "named": false}], "circuits": [], "source_date": "2017-03-21"}}, {"type": "Feature", "geometry": {"type": "Point", "coordinates": [-101.94084, 31.71891]}, "properties": {"id": "302302", "name": "Unnamed substation", "type": "Substation", "status": "In service", "city": "Midland", "county": "Midland", "state": "Texas", "min_kv": null, "max_kv": 69, "max_inferred": true, "min_inferred": false, "line_count": 2, "owners": [{"name": "ONCOR ELECTRIC DELIVERY CO.", "voltages_kv": [138], "miles": 0.06, "named": false}], "circuits": [], "source_date": "2017-03-22"}}, {"type": "Feature", "geometry": {"type": "Point", "coordinates": [-101.78001, 32.22043]}, "properties": {"id": "303607", "name": "Unnamed substation", "type": "Substation", "status": "In service", "city": "Stanton", "county": "Martin", "state": "Texas", "min_kv": null, "max_kv": 69, "max_inferred": true, "min_inferred": false, "line_count": 1, "owners": [{"name": "ONCOR ELECTRIC DELIVERY CO.", "voltages_kv": [69], "miles": 0.0, "named": false}], "circuits": [], "source_date": "2018-09-28"}}, {"type": "Feature", "geometry": {"type": "Point", "coordinates": [-102.53836, 32.29171]}, "properties": {"id": "305637", "name": "Unnamed substation", "type": "Substation", "status": "Status not published", "city": "Andrews", "county": "Andrews", "state": "Texas", "min_kv": null, "max_kv": 69, "max_inferred": true, "min_inferred": false, "line_count": 1, "owners": [{"name": "ONCOR ELECTRIC DELIVERY CO.", "voltages_kv": [138], "miles": 0.0, "named": false}], "circuits": [], "source_date": "2017-03-22"}}, {"type": "Feature", "geometry": {"type": "Point", "coordinates": [-102.57727, 31.98884]}, "properties": {"id": "305649", "name": "Unnamed substation", "type": "Substation", "status": "In service", "city": "Goldsmith", "county": "Ector", "state": "Texas", "min_kv": null, "max_kv": 69, "max_inferred": true, "min_inferred": false, "line_count": 1, "owners": [{"name": "ONCOR ELECTRIC DELIVERY CO.", "voltages_kv": [69], "miles": 0.0, "named": false}], "circuits": [], "source_date": "2018-08-27"}}, {"type": "Feature", "geometry": {"type": "Point", "coordinates": [-102.9405, 31.61444]}, "properties": {"id": "305651", "name": "Unnamed substation", "type": "Substation", "status": "Status not published", "city": "Monahans", "county": "Ward", "state": "Texas", "min_kv": null, "max_kv": 69, "max_inferred": true, "min_inferred": false, "line_count": 0, "owners": [{"name": "ONCOR ELECTRIC DELIVERY CO.", "voltages_kv": [138], "miles": 0.11, "named": false}], "circuits": [], "source_date": "2016-12-21"}}, {"type": "Feature", "geometry": {"type": "Point", "coordinates": [-102.39833, 31.87194]}, "properties": {"id": "304908", "name": "Unnamed substation", "type": "Substation", "status": "In service", "city": "Odessa", "county": "Ector", "state": "Texas", "min_kv": 69, "max_kv": 69, "max_inferred": false, "min_inferred": true, "line_count": 2, "owners": [{"name": "ONCOR ELECTRIC DELIVERY CO.", "voltages_kv": [138, 69], "miles": 0.0, "named": false}], "circuits": [], "source_date": "2017-04-12"}}, {"type": "Feature", "geometry": {"type": "Point", "coordinates": [-102.55818, 31.86902]}, "properties": {"id": "304921", "name": "Unnamed substation", "type": "Substation", "status": "In service", "city": "West Odessa", "county": "Ector", "state": "Texas", "min_kv": null, "max_kv": 69, "max_inferred": false, "min_inferred": false, "line_count": 2, "owners": [{"name": "ONCOR ELECTRIC DELIVERY CO.", "voltages_kv": [138, 69], "miles": 0.0, "named": false}], "circuits": [], "source_date": "2017-04-18"}}, {"type": "Feature", "geometry": {"type": "Point", "coordinates": [-101.94352, 30.91298]}, "properties": {"id": "304127", "name": "Unnamed substation", "type": "Substation", "status": "Status not published", "city": "Iraan", "county": "Pecos", "state": "Texas", "min_kv": null, "max_kv": 69, "max_inferred": true, "min_inferred": false, "line_count": 0, "owners": [], "circuits": [], "source_date": "2017-03-21"}}, {"type": "Feature", "geometry": {"type": "Point", "coordinates": [-101.38806, 33.16975]}, "properties": {"id": "304957", "name": "Unnamed substation", "type": "Substation", "status": "Status not published", "city": "Post", "county": "Garza", "state": "Texas", "min_kv": null, "max_kv": 69, "max_inferred": true, "min_inferred": false, "line_count": 3, "owners": [{"name": "NOT AVAILABLE", "voltages_kv": [69], "miles": 0.0, "named": false}, {"name": "SOUTHWESTERN PUBLIC SERVICE CO.", "voltages_kv": [69], "miles": 0.0, "named": false}], "circuits": [], "source_date": "2018-09-11"}}, {"type": "Feature", "geometry": {"type": "Point", "coordinates": [-101.18932, 32.28062]}, "properties": {"id": "304960", "name": "Unnamed substation", "type": "Substation", "status": "Status not published", "city": "Coahoma", "county": "Howard", "state": "Texas", "min_kv": null, "max_kv": 69, "max_inferred": true, "min_inferred": false, "line_count": 0, "owners": [{"name": "ONCOR ELECTRIC DELIVERY CO.", "voltages_kv": [69], "miles": 0.0, "named": false}], "circuits": [], "source_date": "2017-12-22"}}, {"type": "Feature", "geometry": {"type": "Point", "coordinates": [-101.18708, 32.28063]}, "properties": {"id": "304200", "name": "Unnamed substation", "type": "Substation", "status": "Status not published", "city": "Coahoma", "county": "Howard", "state": "Texas", "min_kv": null, "max_kv": 69, "max_inferred": true, "min_inferred": false, "line_count": 1, "owners": [{"name": "ONCOR ELECTRIC DELIVERY CO.", "voltages_kv": [69], "miles": 0.0, "named": false}], "circuits": [], "source_date": "2017-07-24"}}, {"type": "Feature", "geometry": {"type": "Point", "coordinates": [-103.45096, 31.51531]}, "properties": {"id": "303834", "name": "Unnamed substation", "type": "Substation", "status": "In service", "city": "Pyote", "county": "Ward", "state": "Texas", "min_kv": 69, "max_kv": 69, "max_inferred": false, "min_inferred": true, "line_count": 2, "owners": [], "circuits": [], "source_date": "2017-04-10"}}, {"type": "Feature", "geometry": {"type": "Point", "coordinates": [-101.81824, 30.78718]}, "properties": {"id": "304651", "name": "Unnamed substation", "type": "Substation", "status": "Status not published", "city": "Ozona", "county": "Crockett", "state": "Texas", "min_kv": null, "max_kv": 69, "max_inferred": true, "min_inferred": false, "line_count": 0, "owners": [], "circuits": [], "source_date": "2017-03-21"}}, {"type": "Feature", "geometry": {"type": "Point", "coordinates": [-101.75872, 31.65061]}, "properties": {"id": "303898", "name": "Unnamed substation", "type": "Substation", "status": "In service", "city": "Big Lake", "county": "Reagan", "state": "Texas", "min_kv": null, "max_kv": 69, "max_inferred": true, "min_inferred": false, "line_count": 3, "owners": [{"name": "ONCOR ELECTRIC DELIVERY CO.", "voltages_kv": [138], "miles": 0.0, "named": false}], "circuits": [], "source_date": "2017-03-22"}}, {"type": "Feature", "geometry": {"type": "Point", "coordinates": [-103.08151, 31.8484]}, "properties": {"id": "305097", "name": "Unnamed substation", "type": "Substation", "status": "In service", "city": "Kermit", "county": "Winkler", "state": "Texas", "min_kv": 69, "max_kv": 69, "max_inferred": false, "min_inferred": true, "line_count": 2, "owners": [], "circuits": [], "source_date": "2017-04-10"}}, {"type": "Feature", "geometry": {"type": "Point", "coordinates": [-101.27646, 32.11126]}, "properties": {"id": "304291", "name": "Unnamed substation", "type": "Substation", "status": "In service", "city": "Forsan", "county": "Howard", "state": "Texas", "min_kv": null, "max_kv": 69, "max_inferred": true, "min_inferred": false, "line_count": 3, "owners": [], "circuits": [], "source_date": "2017-04-18"}}, {"type": "Feature", "geometry": {"type": "Point", "coordinates": [-100.81643, 31.25791]}, "properties": {"id": "304699", "name": "Unnamed substation", "type": "Substation", "status": "Status not published", "city": "Mertzon", "county": "Irion", "state": "Texas", "min_kv": null, "max_kv": 69, "max_inferred": true, "min_inferred": false, "line_count": 2, "owners": [{"name": "NOT AVAILABLE", "voltages_kv": [69], "miles": 0.0, "named": false}], "circuits": [{"owner": "NOT AVAILABLE", "voltage_kv": 69, "miles": 0.0, "from_name": "Barnhart", "to_name": ""}], "source_date": "2017-12-22"}}, {"type": "Feature", "geometry": {"type": "Point", "coordinates": [-101.30835, 32.30391]}, "properties": {"id": "304435", "name": "Unnamed substation", "type": "Substation", "status": "Status not published", "city": "Coahoma", "county": "Howard", "state": "Texas", "min_kv": null, "max_kv": 69, "max_inferred": true, "min_inferred": false, "line_count": 1, "owners": [{"name": "ONCOR ELECTRIC DELIVERY CO.", "voltages_kv": [69], "miles": 0.0, "named": false}], "circuits": [], "source_date": "2017-12-22"}}, {"type": "Feature", "geometry": {"type": "Point", "coordinates": [-102.3473, 31.4287]}, "properties": {"id": "305845", "name": "Unnamed substation", "type": "Substation", "status": "In service", "city": "Crane", "county": "Crane", "state": "Texas", "min_kv": 69, "max_kv": 69, "max_inferred": false, "min_inferred": true, "line_count": 1, "owners": [{"name": "ONCOR ELECTRIC DELIVERY CO.", "voltages_kv": [69], "miles": 0.0, "named": false}], "circuits": [], "source_date": "2017-03-21"}}, {"type": "Feature", "geometry": {"type": "Point", "coordinates": [-103.08096, 31.87919]}, "properties": {"id": "305867", "name": "Unnamed substation", "type": "Substation", "status": "In service", "city": "Kermit", "county": "Winkler", "state": "Texas", "min_kv": 69, "max_kv": 69, "max_inferred": false, "min_inferred": true, "line_count": 1, "owners": [], "circuits": [], "source_date": "2017-04-10"}}, {"type": "Feature", "geometry": {"type": "Point", "coordinates": [-102.90455, 33.15314]}, "properties": {"id": "305970", "name": "Unnamed substation", "type": "Substation", "status": "Status not published", "city": "Plains", "county": "Yoakum", "state": "Texas", "min_kv": 69, "max_kv": 69, "max_inferred": true, "min_inferred": true, "line_count": 1, "owners": [{"name": "LEA COUNTY ELECTRIC COOPERATIVE", "voltages_kv": [69], "miles": 0.0, "named": false}], "circuits": [], "source_date": "2018-01-04"}}, {"type": "Feature", "geometry": {"type": "Point", "coordinates": [-103.61703, 31.3834]}, "properties": {"id": "306958", "name": "Unnamed substation", "type": "Substation", "status": "In service", "city": "Pecos", "county": "Reeves", "state": "Texas", "min_kv": 69, "max_kv": 69, "max_inferred": true, "min_inferred": true, "line_count": 1, "owners": [], "circuits": [], "source_date": "2016-12-21"}}, {"type": "Feature", "geometry": {"type": "Point", "coordinates": [-101.30991, 32.24348]}, "properties": {"id": "306490", "name": "Unnamed substation", "type": "Substation", "status": "Status not published", "city": "Big Spring", "county": "Howard", "state": "Texas", "min_kv": null, "max_kv": 69, "max_inferred": true, "min_inferred": false, "line_count": 0, "owners": [], "circuits": [], "source_date": "2017-03-22"}}, {"type": "Feature", "geometry": {"type": "Point", "coordinates": [-101.43674, 32.27036]}, "properties": {"id": "306211", "name": "Unnamed substation", "type": "Substation", "status": "Status not published", "city": "Big Spring", "county": "Howard", "state": "Texas", "min_kv": null, "max_kv": 69, "max_inferred": true, "min_inferred": false, "line_count": 4, "owners": [{"name": "ONCOR ELECTRIC DELIVERY CO.", "voltages_kv": [138, 69], "miles": 0.0, "named": false}], "circuits": [], "source_date": "2017-03-22"}}, {"type": "Feature", "geometry": {"type": "Point", "coordinates": [-101.42176, 32.27109]}, "properties": {"id": "306604", "name": "Unnamed substation", "type": "Substation", "status": "Status not published", "city": "Big Spring", "county": "Howard", "state": "Texas", "min_kv": null, "max_kv": 69, "max_inferred": true, "min_inferred": false, "line_count": 0, "owners": [{"name": "ONCOR ELECTRIC DELIVERY CO.", "voltages_kv": [345, 138, 69], "miles": 0.15, "named": false}], "circuits": [], "source_date": "2017-04-19"}}, {"type": "Feature", "geometry": {"type": "Point", "coordinates": [-101.97795, 31.84149]}, "properties": {"id": "306283", "name": "Unnamed substation", "type": "Substation", "status": "In service", "city": "Spraberry", "county": "Midland", "state": "Texas", "min_kv": null, "max_kv": 69, "max_inferred": false, "min_inferred": false, "line_count": 3, "owners": [{"name": "ONCOR ELECTRIC DELIVERY CO.", "voltages_kv": [138, 69], "miles": 0.0, "named": false}], "circuits": [], "source_date": "2017-04-18"}}, {"type": "Feature", "geometry": {"type": "Point", "coordinates": [-101.93495, 30.89572]}, "properties": {"id": "306427", "name": "Unnamed substation", "type": "Substation", "status": "Status not published", "city": "Iraan", "county": "Pecos", "state": "Texas", "min_kv": null, "max_kv": 69, "max_inferred": true, "min_inferred": false, "line_count": 0, "owners": [], "circuits": [], "source_date": "2017-03-21"}}, {"type": "Feature", "geometry": {"type": "Point", "coordinates": [-102.88713, 33.18317]}, "properties": {"id": "306817", "name": "Unnamed substation", "type": "Substation", "status": "Status not published", "city": "Plains", "county": "Yoakum", "state": "Texas", "min_kv": 69, "max_kv": 69, "max_inferred": true, "min_inferred": true, "line_count": 2, "owners": [{"name": "LEA COUNTY ELECTRIC COOPERATIVE", "voltages_kv": [69], "miles": 0.0, "named": false}], "circuits": [], "source_date": "2018-05-09"}}, {"type": "Feature", "geometry": {"type": "Point", "coordinates": [-102.61106, 33.18221]}, "properties": {"id": "308691", "name": "Unnamed substation", "type": "Substation", "status": "In service", "city": "Tokio", "county": "Yoakum", "state": "Texas", "min_kv": 69, "max_kv": 69, "max_inferred": false, "min_inferred": true, "line_count": 1, "owners": [{"name": "LEA COUNTY ELECTRIC COOP, INC", "voltages_kv": [69], "miles": 0.0, "named": false}, {"name": "NOT AVAILABLE", "voltages_kv": [69], "miles": 0.06, "named": false}], "circuits": [], "source_date": "2017-04-12"}}, {"type": "Feature", "geometry": {"type": "Point", "coordinates": [-102.27662, 31.04847]}, "properties": {"id": "309399", "name": "Unnamed substation", "type": "Substation", "status": "Status not published", "city": "Ozona", "county": "Crockett", "state": "Texas", "min_kv": null, "max_kv": 69, "max_inferred": true, "min_inferred": false, "line_count": 0, "owners": [], "circuits": [], "source_date": "2017-03-21"}}, {"type": "Feature", "geometry": {"type": "Point", "coordinates": [-103.17523, 31.76272]}, "properties": {"id": "309431", "name": "Unnamed substation", "type": "Substation", "status": "Status not published", "city": "Wink", "county": "Winkler", "state": "Texas", "min_kv": null, "max_kv": 69, "max_inferred": true, "min_inferred": false, "line_count": 1, "owners": [{"name": "ONCOR ELECTRIC DELIVERY CO.", "voltages_kv": [138, 69], "miles": 0.0, "named": false}], "circuits": [], "source_date": "2017-04-10"}}, {"type": "Feature", "geometry": {"type": "Point", "coordinates": [-101.0773, 30.99058]}, "properties": {"id": "309562", "name": "Unnamed substation", "type": "Substation", "status": "Status not published", "city": "Ozona", "county": "Crockett", "state": "Texas", "min_kv": null, "max_kv": 69, "max_inferred": true, "min_inferred": false, "line_count": 0, "owners": [], "circuits": [], "source_date": "2017-03-21"}}, {"type": "Feature", "geometry": {"type": "Point", "coordinates": [-101.7579, 32.15877]}, "properties": {"id": "309579", "name": "Unnamed substation", "type": "Substation", "status": "In service", "city": "Stanton", "county": "Martin", "state": "Texas", "min_kv": null, "max_kv": 69, "max_inferred": true, "min_inferred": false, "line_count": 5, "owners": [{"name": "ONCOR ELECTRIC DELIVERY CO.", "voltages_kv": [138, 69], "miles": 0.0, "named": false}], "circuits": [], "source_date": "2017-03-22"}}, {"type": "Feature", "geometry": {"type": "Point", "coordinates": [-101.46105, 31.06007]}, "properties": {"id": "309081", "name": "Unnamed substation", "type": "Substation", "status": "In service", "city": "Ozona", "county": "Crockett", "state": "Texas", "min_kv": 69, "max_kv": 69, "max_inferred": true, "min_inferred": true, "line_count": 1, "owners": [{"name": "SOUTHWEST TEXAS ELEC COOP, INC", "voltages_kv": [69], "miles": 0.02, "named": false}], "circuits": [{"owner": "SOUTHWEST TEXAS ELEC COOP, INC", "voltage_kv": 69, "miles": 0.02, "from_name": "Big Lake", "to_name": ""}], "source_date": "2017-03-21"}}, {"type": "Feature", "geometry": {"type": "Point", "coordinates": [-101.8849, 31.43846]}, "properties": {"id": "309087", "name": "Unnamed substation", "type": "Substation", "status": "In service", "city": "Midkiff", "county": "Upton", "state": "Texas", "min_kv": 69, "max_kv": 69, "max_inferred": true, "min_inferred": true, "line_count": 1, "owners": [], "circuits": [], "source_date": "2017-03-22"}}, {"type": "Feature", "geometry": {"type": "Point", "coordinates": [-102.3518, 31.462]}, "properties": {"id": "308376", "name": "Unnamed substation", "type": "Substation", "status": "In service", "city": "Crane", "county": "Crane", "state": "Texas", "min_kv": 69, "max_kv": 69, "max_inferred": false, "min_inferred": true, "line_count": 1, "owners": [{"name": "ONCOR ELECTRIC DELIVERY CO.", "voltages_kv": [138, 69], "miles": 0.0, "named": false}], "circuits": [], "source_date": "2017-03-21"}}, {"type": "Feature", "geometry": {"type": "Point", "coordinates": [-101.51379, 32.22787]}, "properties": {"id": "310082", "name": "Unnamed substation", "type": "Substation", "status": "In service", "city": "Big Spring", "county": "Howard", "state": "Texas", "min_kv": 69, "max_kv": 69, "max_inferred": true, "min_inferred": true, "line_count": 1, "owners": [], "circuits": [], "source_date": "2017-04-19"}}, {"type": "Feature", "geometry": {"type": "Point", "coordinates": [-102.7529, 32.69733]}, "properties": {"id": "310151", "name": "Unnamed substation", "type": "Substation", "status": "In service", "city": "Seminole", "county": "Gaines", "state": "Texas", "min_kv": 13.8, "max_kv": 69, "max_inferred": false, "min_inferred": false, "line_count": 2, "owners": [{"name": "SOUTHWESTERN PUBLIC SERVICE CO.", "voltages_kv": [115], "miles": 0.0, "named": false}], "circuits": [{"owner": "SOUTHWESTERN PUBLIC SERVICE CO.", "voltage_kv": 115, "miles": 0.0, "from_name": "Doss", "to_name": ""}], "source_date": "2017-03-21"}}, {"type": "Feature", "geometry": {"type": "Point", "coordinates": [-103.50914, 31.40223]}, "properties": {"id": "310287", "name": "Unnamed substation", "type": "Substation", "status": "Status not published", "city": "Pecos", "county": "Reeves", "state": "Texas", "min_kv": null, "max_kv": 69, "max_inferred": true, "min_inferred": false, "line_count": 1, "owners": [], "circuits": [], "source_date": "2016-12-21"}}, {"type": "Feature", "geometry": {"type": "Point", "coordinates": [-102.35858, 31.73946]}, "properties": {"id": "302561", "name": "Unnamed tap", "type": "Tap", "status": "In service", "city": "Odessa", "county": "Ector", "state": "Texas", "min_kv": null, "max_kv": 69, "max_inferred": true, "min_inferred": false, "line_count": 3, "owners": [{"name": "ONCOR ELECTRIC DELIVERY CO.", "voltages_kv": [69], "miles": 0.0, "named": false}], "circuits": [], "source_date": "2018-08-27"}}, {"type": "Feature", "geometry": {"type": "Point", "coordinates": [-102.81731, 32.96404]}, "properties": {"id": "302745", "name": "Unnamed tap", "type": "Tap", "status": "In service", "city": "Denver City", "county": "Yoakum", "state": "Texas", "min_kv": 69, "max_kv": 69, "max_inferred": false, "min_inferred": false, "line_count": 2, "owners": [{"name": "SOUTHWESTERN PUBLIC SERVICE CO.", "voltages_kv": [69], "miles": 0.0, "named": false}], "circuits": [{"owner": "SOUTHWESTERN PUBLIC SERVICE CO.", "voltage_kv": 69, "miles": 0.0, "from_name": "", "to_name": "Denver City"}, {"owner": "SOUTHWESTERN PUBLIC SERVICE CO.", "voltage_kv": 69, "miles": 0.0, "from_name": "", "to_name": "East Denver"}], "source_date": "2017-03-21"}}, {"type": "Feature", "geometry": {"type": "Point", "coordinates": [-102.61111, 33.25488]}, "properties": {"id": "302433", "name": "Unnamed tap", "type": "Tap", "status": "In service", "city": "Tokio", "county": "Yoakum", "state": "Texas", "min_kv": 69, "max_kv": 69, "max_inferred": true, "min_inferred": true, "line_count": 3, "owners": [{"name": "LEA COUNTY ELECTRIC COOP, INC", "voltages_kv": [69], "miles": 0.0, "named": false}, {"name": "LYNTEGAR ELECTRIC COOP, INC", "voltages_kv": [69], "miles": 0.0, "named": false}], "circuits": [], "source_date": "2017-04-24"}}, {"type": "Feature", "geometry": {"type": "Point", "coordinates": [-102.48546, 32.85668]}, "properties": {"id": "302434", "name": "Unnamed tap", "type": "Tap", "status": "In service", "city": "Loop", "county": "Gaines", "state": "Texas", "min_kv": 69, "max_kv": 69, "max_inferred": false, "min_inferred": false, "line_count": 3, "owners": [{"name": "LEA COUNTY ELECTRIC COOP, INC", "voltages_kv": [69], "miles": 0.0, "named": false}, {"name": "LYNTEGAR ELECTRIC COOP, INC", "voltages_kv": [69], "miles": 0.0, "named": false}], "circuits": [], "source_date": "2017-03-21"}}, {"type": "Feature", "geometry": {"type": "Point", "coordinates": [-101.85371, 31.84065]}, "properties": {"id": "305293", "name": "Unnamed tap", "type": "Tap", "status": "In service", "city": "Midland", "county": "Midland", "state": "Texas", "min_kv": null, "max_kv": 69, "max_inferred": true, "min_inferred": false, "line_count": 3, "owners": [{"name": "ONCOR ELECTRIC DELIVERY CO.", "voltages_kv": [69], "miles": 0.0, "named": false}], "circuits": [], "source_date": "2018-08-17"}}, {"type": "Feature", "geometry": {"type": "Point", "coordinates": [-102.88748, 33.16792]}, "properties": {"id": "305308", "name": "Unnamed tap", "type": "Tap", "status": "In service", "city": "Plains", "county": "Yoakum", "state": "Texas", "min_kv": 69, "max_kv": 69, "max_inferred": true, "min_inferred": true, "line_count": 3, "owners": [{"name": "LEA COUNTY ELECTRIC COOPERATIVE", "voltages_kv": [69], "miles": 0.0, "named": false}], "circuits": [], "source_date": "2018-07-03"}}, {"type": "Feature", "geometry": {"type": "Point", "coordinates": [-103.32306, 31.6452]}, "properties": {"id": "305383", "name": "Unnamed tap", "type": "Tap", "status": "In service", "city": "Pyote", "county": "Ward", "state": "Texas", "min_kv": 69, "max_kv": 69, "max_inferred": false, "min_inferred": false, "line_count": 3, "owners": [{"name": "ONCOR ELECTRIC DELIVERY CO.", "voltages_kv": [69], "miles": 0.02, "named": false}], "circuits": [], "source_date": "2016-12-21"}}, {"type": "Feature", "geometry": {"type": "Point", "coordinates": [-102.2957, 32.8568]}, "properties": {"id": "305424", "name": "Unnamed tap", "type": "Tap", "status": "In service", "city": "Seagraves", "county": "Gaines", "state": "Texas", "min_kv": null, "max_kv": 69, "max_inferred": true, "min_inferred": false, "line_count": 3, "owners": [{"name": "LEA COUNTY ELECTRIC COOP, INC", "voltages_kv": [69], "miles": 0.0, "named": false}, {"name": "NOT AVAILABLE", "voltages_kv": [69], "miles": 0.0, "named": false}], "circuits": [], "source_date": "2018-08-27"}}, {"type": "Feature", "geometry": {"type": "Point", "coordinates": [-102.35148, 31.46189]}, "properties": {"id": "305110", "name": "Unnamed tap", "type": "Tap", "status": "In service", "city": "Crane", "county": "Crane", "state": "Texas", "min_kv": 69, "max_kv": 69, "max_inferred": false, "min_inferred": false, "line_count": 3, "owners": [{"name": "ONCOR ELECTRIC DELIVERY CO.", "voltages_kv": [138, 69], "miles": 0.0, "named": false}], "circuits": [], "source_date": "2017-03-21"}}, {"type": "Feature", "geometry": {"type": "Point", "coordinates": [-102.36545, 32.85687]}, "properties": {"id": "305128", "name": "Unnamed tap", "type": "Tap", "status": "In service", "city": "Loop", "county": "Gaines", "state": "Texas", "min_kv": 69, "max_kv": 69, "max_inferred": false, "min_inferred": false, "line_count": 3, "owners": [{"name": "LEA COUNTY ELECTRIC COOP, INC", "voltages_kv": [69], "miles": 0.0, "named": false}], "circuits": [], "source_date": "2017-03-21"}}, {"type": "Feature", "geometry": {"type": "Point", "coordinates": [-102.34457, 31.42938]}, "properties": {"id": "308111", "name": "Unnamed tap", "type": "Tap", "status": "In service", "city": "Crane", "county": "Crane", "state": "Texas", "min_kv": 69, "max_kv": 69, "max_inferred": false, "min_inferred": false, "line_count": 3, "owners": [{"name": "ONCOR ELECTRIC DELIVERY CO.", "voltages_kv": [69], "miles": 0.0, "named": false}], "circuits": [], "source_date": "2017-03-21"}}, {"type": "Feature", "geometry": {"type": "Point", "coordinates": [-102.61133, 33.18221]}, "properties": {"id": "308001", "name": "Unnamed tap", "type": "Tap", "status": "In service", "city": "Tokio", "county": "Yoakum", "state": "Texas", "min_kv": 69, "max_kv": 69, "max_inferred": false, "min_inferred": false, "line_count": 3, "owners": [{"name": "LEA COUNTY ELECTRIC COOP, INC", "voltages_kv": [69], "miles": 0.0, "named": false}, {"name": "NOT AVAILABLE", "voltages_kv": [69], "miles": 0.06, "named": false}], "circuits": [], "source_date": "2017-04-12"}}, {"type": "Feature", "geometry": {"type": "Point", "coordinates": [-103.62659, 31.39652]}, "properties": {"id": "308018", "name": "Unnamed tap", "type": "Tap", "status": "In service", "city": "Pecos", "county": "Reeves", "state": "Texas", "min_kv": 69, "max_kv": 69, "max_inferred": false, "min_inferred": false, "line_count": 3, "owners": [], "circuits": [], "source_date": "2017-04-10"}}, {"type": "Feature", "geometry": {"type": "Point", "coordinates": [-103.1051, 31.80196]}, "properties": {"id": "310909", "name": "Unnamed tap", "type": "Tap", "status": "Status not published", "city": "Wink", "county": "Winkler", "state": "Texas", "min_kv": null, "max_kv": 69, "max_inferred": true, "min_inferred": false, "line_count": 3, "owners": [{"name": "ONCOR ELECTRIC DELIVERY CO.", "voltages_kv": [138], "miles": 0.0, "named": false}], "circuits": [], "source_date": "2018-10-16"}}, {"type": "Feature", "geometry": {"type": "Point", "coordinates": [-102.52457, 31.38962]}, "properties": {"id": "310569", "name": "Unnamed tap", "type": "Tap", "status": "In service", "city": "Crane", "county": "Crane", "state": "Texas", "min_kv": null, "max_kv": 69, "max_inferred": true, "min_inferred": false, "line_count": 3, "owners": [{"name": "ONCOR ELECTRIC DELIVERY CO.", "voltages_kv": [69], "miles": 0.0, "named": false}], "circuits": [], "source_date": "2018-08-27"}}, {"type": "Feature", "geometry": {"type": "Point", "coordinates": [-103.09354, 31.84536]}, "properties": {"id": "310581", "name": "Unnamed tap", "type": "Tap", "status": "In service", "city": "Kermit", "county": "Winkler", "state": "Texas", "min_kv": 69, "max_kv": 69, "max_inferred": false, "min_inferred": false, "line_count": 3, "owners": [], "circuits": [], "source_date": "2017-04-10"}}, {"type": "Feature", "geometry": {"type": "Point", "coordinates": [-103.17412, 31.75966]}, "properties": {"id": "310642", "name": "Unnamed tap", "type": "Tap", "status": "In service", "city": "Wink", "county": "Winkler", "state": "Texas", "min_kv": null, "max_kv": 69, "max_inferred": true, "min_inferred": false, "line_count": 3, "owners": [{"name": "ONCOR ELECTRIC DELIVERY CO.", "voltages_kv": [138, 69], "miles": 0.0, "named": false}], "circuits": [], "source_date": "2018-08-27"}}, {"type": "Feature", "geometry": {"type": "Point", "coordinates": [-102.27842, 32.85687]}, "properties": {"id": "310659", "name": "Unnamed tap", "type": "Tap", "status": "In service", "city": "Seagraves", "county": "Gaines", "state": "Texas", "min_kv": null, "max_kv": 69, "max_inferred": true, "min_inferred": false, "line_count": 3, "owners": [{"name": "NOT AVAILABLE", "voltages_kv": [69], "miles": 0.0, "named": false}], "circuits": [{"owner": "NOT AVAILABLE", "voltage_kv": 69, "miles": 0.0, "from_name": "Cedarlake", "to_name": ""}], "source_date": "2018-08-27"}}, {"type": "Feature", "geometry": {"type": "Point", "coordinates": [-103.00135, 31.91465]}, "properties": {"id": "310660", "name": "Unnamed tap", "type": "Tap", "status": "In service", "city": "Kermit", "county": "Winkler", "state": "Texas", "min_kv": null, "max_kv": 69, "max_inferred": true, "min_inferred": false, "line_count": 3, "owners": [{"name": "ONCOR ELECTRIC DELIVERY CO.", "voltages_kv": [138], "miles": 0.0, "named": false}], "circuits": [], "source_date": "2018-08-27"}}, {"type": "Feature", "geometry": {"type": "Point", "coordinates": [-101.46142, 31.06011]}, "properties": {"id": "310744", "name": "Unnamed tap", "type": "Tap", "status": "In service", "city": "Ozona", "county": "Crockett", "state": "Texas", "min_kv": 69, "max_kv": 69, "max_inferred": true, "min_inferred": true, "line_count": 3, "owners": [{"name": "SOUTHWEST TEXAS ELEC COOP, INC", "voltages_kv": [69], "miles": 0.0, "named": false}], "circuits": [{"owner": "SOUTHWEST TEXAS ELEC COOP, INC", "voltage_kv": 69, "miles": 0.0, "from_name": "Big Lake", "to_name": ""}], "source_date": "2018-01-08"}}, {"type": "Feature", "geometry": {"type": "Point", "coordinates": [-102.82552, 31.45038]}, "properties": {"id": "309115", "name": "Ward Switch", "type": "Substation", "status": "In service", "city": "Grandfalls", "county": "Ward", "state": "Texas", "min_kv": 69, "max_kv": 69, "max_inferred": false, "min_inferred": true, "line_count": 2, "owners": [{"name": "ONCOR ELECTRIC DELIVERY CO.", "voltages_kv": [69], "miles": 0.0, "named": true}], "circuits": [{"owner": "ONCOR ELECTRIC DELIVERY CO.", "voltage_kv": 69, "miles": 0.0, "from_name": "Royalty", "to_name": "Ward Switch"}], "source_date": "2016-04-21"}}, {"type": "Feature", "geometry": {"type": "Point", "coordinates": [-103.33222, 31.35539]}, "properties": {"id": "301427", "name": "Warsham", "type": "Substation", "status": "In service", "city": "Pecos", "county": "Reeves", "state": "Texas", "min_kv": 69, "max_kv": 69, "max_inferred": false, "min_inferred": true, "line_count": 2, "owners": [], "circuits": [], "source_date": "2016-12-21"}}, {"type": "Feature", "geometry": {"type": "Point", "coordinates": [-102.77084, 32.98733]}, "properties": {"id": "304008", "name": "Wasson Pump", "type": "Substation", "status": "In service", "city": "Denver City", "county": "Yoakum", "state": "Texas", "min_kv": 13.8, "max_kv": 69, "max_inferred": false, "min_inferred": false, "line_count": 2, "owners": [{"name": "SOUTHWESTERN PUBLIC SERVICE CO.", "voltages_kv": [69], "miles": 0.0, "named": true}], "circuits": [{"owner": "SOUTHWESTERN PUBLIC SERVICE CO.", "voltage_kv": 69, "miles": 0.0, "from_name": "Wasson Pump", "to_name": "Denver City"}], "source_date": "2017-03-21"}}, {"type": "Feature", "geometry": {"type": "Point", "coordinates": [-103.02373, 31.57525]}, "properties": {"id": "301202", "name": "Wickett", "type": "Substation", "status": "In service", "city": "Monahans", "county": "Ward", "state": "Texas", "min_kv": null, "max_kv": 69, "max_inferred": false, "min_inferred": false, "line_count": 3, "owners": [{"name": "ONCOR ELECTRIC DELIVERY CO.", "voltages_kv": [138, 69], "miles": 0.0, "named": true}], "circuits": [{"owner": "ONCOR ELECTRIC DELIVERY CO.", "voltage_kv": 138, "miles": 0.0, "from_name": "Wickett", "to_name": ""}, {"owner": "ONCOR ELECTRIC DELIVERY CO.", "voltage_kv": 69, "miles": 0.0, "from_name": "", "to_name": "Wickett"}, {"owner": "ONCOR ELECTRIC DELIVERY CO.", "voltage_kv": 69, "miles": 0.44, "from_name": "Pyote", "to_name": ""}], "source_date": "2016-12-21"}}, {"type": "Feature", "geometry": {"type": "Point", "coordinates": [-103.02095, 31.59794]}, "properties": {"id": "309255", "name": "Wickett Gulf", "type": "Substation", "status": "In service", "city": "Monahans", "county": "Ward", "state": "Texas", "min_kv": null, "max_kv": 69, "max_inferred": false, "min_inferred": false, "line_count": 2, "owners": [{"name": "ONCOR ELECTRIC DELIVERY CO.", "voltages_kv": [138, 69], "miles": 0.0, "named": false}], "circuits": [{"owner": "ONCOR ELECTRIC DELIVERY CO.", "voltage_kv": 69, "miles": 0.0, "from_name": "Pyote", "to_name": ""}], "source_date": "2016-12-21"}}, {"type": "Feature", "geometry": {"type": "Point", "coordinates": [-102.94197, 31.19796]}, "properties": {"id": "305264", "name": "Wolfcamp Tap", "type": "Tap", "status": "In service", "city": "Coyanosa", "county": "Pecos", "state": "Texas", "min_kv": 69, "max_kv": 69, "max_inferred": false, "min_inferred": false, "line_count": 3, "owners": [], "circuits": [], "source_date": "2017-04-10"}}]}