{"type": "FeatureCollection", "features": [{"type": "Feature", "geometry": {"type": "LineString", "coordinates": [[-102.05226, 32.01993], [-102.0508, 32.02026]]}, "properties": {"owner": "ONCOR ELECTRIC DELIVERY CO.", "voltage_kv": 345.0}}, {"type": "Feature", "geometry": {"type": "LineString", "coordinates": [[-101.27324, 32.00354], [-101.27246, 32.01986], [-101.28024, 32.02326], [-101.28024, 32.02614], [-101.27965, 32.04312], [-101.27783, 32.0805], [-101.27738, 32.08892], [-101.27496, 32.09019], [-101.27229, 32.09097], [-101.26999, 32.09225], [-101.25756, 32.09662], [-101.25037, 32.09988], [-101.24654, 32.10101], [-101.23109, 32.10733], [-101.22829, 32.10854], [-101.22497, 32.10982], [-101.22272, 32.11154], [-101.22251, 32.11736], [-101.22193, 32.12777], [-101.22141, 32.13753], [-101.21612, 32.1449], [-101.21591, 32.14984], [-101.21188, 32.15788], [-101.21029, 32.16], [-101.20927, 32.16309], [-101.20465, 32.17239], [-101.20232, 32.1856], [-101.20353, 32.19211], [-101.20547, 32.20222], [-101.21245, 32.22509], [-101.21463, 32.23121], [-101.21481, 32.23435], [-101.21687, 32.23655], [-101.21969, 32.24413], [-101.23485, 32.24104], [-101.24239, 32.26607], [-101.24856, 32.26463], [-101.25878, 32.26382], [-101.2705, 32.26015], [-101.27774, 32.25858], [-101.29191, 32.25429], [-101.29518, 32.25315], [-101.30227, 32.25162], [-101.30485, 32.25219], [-101.3202, 32.24865], [-101.37059, 32.23771], [-101.38788, 32.25133], [-101.39958, 32.25275], [-101.40291, 32.26316], [-101.40265, 32.26817], [-101.4051, 32.27499], [-101.40462, 32.27607], [-101.40623, 32.28169], [-101.40294, 32.28233], [-101.40781, 32.29651], [-101.3965, 32.30112], [-101.41097, 32.34689], [-101.40996, 32.34723], [-101.41488, 32.3635], [-101.41621, 32.36325], [-101.42272, 32.38447], [-101.43143, 32.40396], [-101.4441, 32.40125], [-101.45253, 32.42961], [-101.5025, 32.41884], [-101.52644, 32.49856], [-101.52761, 32.49935], [-101.53178, 32.51606], [-101.53393, 32.52023], [-101.5338, 32.52253], [-101.53639, 32.53012], [-101.53541, 32.5304], [-101.54252, 32.55115], [-101.57287, 32.55902], [-101.58071, 32.55696], [-101.5857, 32.5731], [-101.58554, 32.57544], [-101.59078, 32.59073], [-101.59126, 32.59373], [-101.59631, 32.60703], [-101.61157, 32.65118], [-101.61147, 32.65355], [-101.61327, 32.65883], [-101.61116, 32.66338], [-101.61378, 32.67531], [-101.62253, 32.67633], [-101.6368, 32.72017], [-101.63393, 32.72067], [-101.633, 32.72124]]}, "properties": {"owner": "ONCOR ELECTRIC DELIVERY CO.", "voltage_kv": 345.0}}, {"type": "Feature", "geometry": {"type": "LineString", "coordinates": [[-101.633, 32.72124], [-101.64003, 32.71998], [-101.63497, 32.70399], [-101.62472, 32.6729], [-101.63183, 32.66152], [-101.6348, 32.65996], [-101.68028, 32.64946], [-101.68839, 32.64774], [-101.67923, 32.61917], [-101.67329, 32.62052], [-101.66884, 32.6068], [-101.66617, 32.59365], [-101.65684, 32.56462], [-101.65528, 32.56219], [-101.65068, 32.54952], [-101.65014, 32.54442], [-101.64252, 32.52104], [-101.63826, 32.50813], [-101.67878, 32.50038], [-101.68127, 32.49918], [-101.72384, 32.48967], [-101.7154, 32.46343], [-101.71792, 32.46103], [-101.74074, 32.45584], [-101.74437, 32.45575], [-101.74665, 32.45527], [-101.74194, 32.43822], [-101.73906, 32.42867], [-101.73708, 32.42681], [-101.73513, 32.42008], [-101.7332, 32.41873], [-101.73161, 32.41339], [-101.73218, 32.41147], [-101.72336, 32.3834], [-101.78165, 32.37034], [-101.7821, 32.37142], [-101.85739, 32.35446], [-101.87439, 32.35069], [-101.86984, 32.33647], [-101.88531, 32.33285], [-101.88611, 32.33195], [-101.90277, 32.32824], [-101.89043, 32.28886], [-101.88927, 32.28561], [-101.88811, 32.28508], [-101.86969, 32.22952], [-101.85515, 32.18428], [-101.85194, 32.17476], [-101.88076, 32.16834], [-101.88031, 32.16679], [-101.88156, 32.16637]]}, "properties": {"owner": "ONCOR ELECTRIC DELIVERY CO.", "voltage_kv": 345.0}}, {"type": "Feature", "geometry": {"type": "LineString", "coordinates": [[-102.3274, 31.83863], [-102.32743, 31.83817], [-102.32724, 31.83758], [-102.3271, 31.83713], [-102.3287, 31.83679], [-102.32951, 31.83623]]}, "properties": {"owner": "ONCOR ELECTRIC DELIVERY CO.", "voltage_kv": 345.0}}, {"type": "Feature", "geometry": {"type": "LineString", "coordinates": [[-100.72717, 32.3785], [-100.72747, 32.37878], [-100.72806, 32.38132], [-100.72858, 32.3835], [-100.72909, 32.38562], [-100.72959, 32.38774], [-100.7301, 32.38988], [-100.7306, 32.39198], [-100.73107, 32.39401], [-100.73159, 32.39617], [-100.73208, 32.39827], [-100.7326, 32.40045], [-100.73311, 32.40263], [-100.73362, 32.40477], [-100.73413, 32.4069], [-100.73464, 32.40905], [-100.73515, 32.4112], [-100.73548, 32.41262], [-100.73733, 32.4123], [-100.73925, 32.41196], [-100.73969, 32.41366], [-100.7401, 32.41535], [-100.74052, 32.41707], [-100.74093, 32.41866], [-100.7414, 32.4206], [-100.74187, 32.42251], [-100.74239, 32.42464], [-100.7429, 32.4267], [-100.7434, 32.42875], [-100.74391, 32.43078], [-100.74445, 32.43293], [-100.74361, 32.43488], [-100.74279, 32.43684], [-100.7436, 32.43869], [-100.7444, 32.44054], [-100.74522, 32.4424], [-100.74609, 32.44436], [-100.74623, 32.44475], [-100.74596, 32.4451]]}, "properties": {"owner": "ONCOR ELECTRIC DELIVERY CO.", "voltage_kv": 345.0}}, {"type": "Feature", "geometry": {"type": "LineString", "coordinates": [[-102.78539, 32.9719], [-102.78539, 32.97131], [-102.78543, 32.9702], [-102.78544, 32.96858], [-102.78546, 32.96706], [-102.78544, 32.96606], [-102.78546, 32.96551], [-102.7844, 32.96551], [-102.78416, 32.96533]]}, "properties": {"owner": "SOUTHWESTERN PUBLIC SERVICE CO.", "voltage_kv": 230.0}}, {"type": "Feature", "geometry": {"type": "LineString", "coordinates": [[-101.00885, 32.86017], [-101.00929, 32.85962], [-101.00937, 32.85732], [-101.00192, 32.85722], [-100.95908, 32.85652], [-100.94865, 32.85606], [-100.9381, 32.85782], [-100.92864, 32.85693], [-100.92155, 32.8565], [-100.91854, 32.85572], [-100.87622, 32.85479], [-100.87516, 32.84533], [-100.87301, 32.84021], [-100.87357, 32.81457], [-100.87431, 32.81213], [-100.8773, 32.8117], [-100.88334, 32.81185], [-100.88424, 32.80969], [-100.88436, 32.79194], [-100.88353, 32.7891], [-100.8835, 32.78306], [-100.88242, 32.78026], [-100.88276, 32.76315], [-100.88397, 32.76011], [-100.88394, 32.74841], [-100.8784, 32.74827], [-100.87521, 32.74871], [-100.85346, 32.74864], [-100.85025, 32.74768], [-100.85048, 32.72875], [-100.85071, 32.71941], [-100.84127, 32.71893], [-100.84136, 32.71167], [-100.83285, 32.71165], [-100.83264, 32.69427], [-100.83357, 32.69197], [-100.83359, 32.68127], [-100.82978, 32.68133], [-100.81941, 32.67942], [-100.81574, 32.67839], [-100.81587, 32.66022], [-100.81657, 32.65749], [-100.81665, 32.65464], [-100.81703, 32.65161], [-100.81699, 32.64879], [-100.81682, 32.64022], [-100.81693, 32.62428], [-100.84984, 32.62453], [-100.85074, 32.61938], [-100.86112, 32.60418], [-100.86114, 32.59888], [-100.86202, 32.59853]]}, "properties": {"owner": "ONCOR ELECTRIC DELIVERY CO.", "voltage_kv": 345.0}}, {"type": "Feature", "geometry": {"type": "LineString", "coordinates": [[-100.6842, 32.53073], [-100.6835, 32.53103], [-100.68377, 32.53216], [-100.68255, 32.53238], [-100.68113, 32.53262], [-100.678, 32.53316], [-100.67492, 32.53368], [-100.67174, 32.53426], [-100.66868, 32.53481], [-100.66708, 32.5351], [-100.6654, 32.5354], [-100.66208, 32.53601], [-100.65859, 32.53664], [-100.65526, 32.53724], [-100.65176, 32.53787], [-100.64827, 32.53851], [-100.64482, 32.53914], [-100.64131, 32.53978], [-100.63799, 32.54039], [-100.63452, 32.54104], [-100.63134, 32.54163], [-100.62787, 32.5423], [-100.62438, 32.54297], [-100.62091, 32.54365], [-100.61776, 32.54424], [-100.61457, 32.54486], [-100.61142, 32.54546], [-100.60822, 32.54607], [-100.60509, 32.54669], [-100.6019, 32.54728], [-100.59847, 32.54793], [-100.59501, 32.54857], [-100.59153, 32.54922], [-100.58807, 32.54986], [-100.58456, 32.5505], [-100.58155, 32.55106], [-100.57838, 32.55166], [-100.5752, 32.55225], [-100.57188, 32.55286], [-100.5684, 32.55351], [-100.5649, 32.55415], [-100.5614, 32.55479], [-100.55794, 32.55544], [-100.55446, 32.55609], [-100.55096, 32.55673], [-100.54748, 32.55738], [-100.54398, 32.55802], [-100.5405, 32.55867], [-100.53718, 32.55929], [-100.53404, 32.55988], [-100.53086, 32.56045], [-100.52755, 32.56106], [-100.52455, 32.5616], [-100.52122, 32.56221], [-100.51804, 32.56279], [-100.51456, 32.56341], [-100.51207, 32.56385], [-100.51138, 32.56398], [-100.50758, 32.56467], [-100.50476, 32.56513], [-100.50165, 32.56671], [-100.49908, 32.56797], [-100.49682, 32.56916], [-100.49423, 32.57052], [-100.49164, 32.57185], [-100.48909, 32.57317], [-100.48648, 32.57448], [-100.4839, 32.5758], [-100.48082, 32.57734], [-100.47779, 32.5789], [-100.47501, 32.58031], [-100.47222, 32.58172], [-100.46946, 32.58311], [-100.46665, 32.58455], [-100.46377, 32.58602], [-100.46096, 32.58743], [-100.45824, 32.58881], [-100.45548, 32.59021], [-100.45281, 32.59156], [-100.45004, 32.59293], [-100.44722, 32.5943], [-100.44417, 32.59576], [-100.44106, 32.59723], [-100.43825, 32.59858], [-100.4352, 32.60002], [-100.43208, 32.6015], [-100.42897, 32.60298], [-100.42621, 32.6043], [-100.42329, 32.60569], [-100.42028, 32.60712], [-100.41717, 32.60861], [-100.41403, 32.61008], [-100.41092, 32.61156], [-100.40804, 32.61294], [-100.40499, 32.61439], [-100.40192, 32.61585], [-100.39922, 32.61717], [-100.39626, 32.61861], [-100.39346, 32.61998], [-100.39037, 32.6215], [-100.38793, 32.62269], [-100.38479, 32.62409], [-100.38161, 32.62549], [-100.37846, 32.6269], [-100.37576, 32.62814], [-100.37322, 32.62937], [-100.37024, 32.63078], [-100.36724, 32.63222], [-100.36419, 32.63369], [-100.36131, 32.63507], [-100.35803, 32.63665], [-100.35498, 32.63811], [-100.35225, 32.63941], [-100.34919, 32.64088], [-100.34608, 32.64241], [-100.34384, 32.64427], [-100.34163, 32.64608], [-100.33942, 32.64787], [-100.33709, 32.64978], [-100.33474, 32.65169], [-100.33246, 32.65354], [-100.33021, 32.65536], [-100.32735, 32.65571], [-100.32439, 32.65609], [-100.32118, 32.6565], [-100.31832, 32.65683], [-100.31543, 32.65841], [-100.31267, 32.65986], [-100.30962, 32.66146], [-100.3066, 32.66306], [-100.30385, 32.66451], [-100.30108, 32.66596], [-100.29834, 32.66741], [-100.29573, 32.66879], [-100.29312, 32.67016], [-100.29036, 32.67161], [-100.28746, 32.67314], [-100.28456, 32.67466], [-100.28153, 32.67625], [-100.27849, 32.67785], [-100.27546, 32.67944], [-100.27256, 32.68097], [-100.26982, 32.68241], [-100.26774, 32.68349], [-100.26568, 32.68464], [-100.26434, 32.6855], [-100.26286, 32.68611], [-100.26087, 32.68711], [-100.25781, 32.68867], [-100.25476, 32.69025], [-100.25167, 32.69185], [-100.24861, 32.69343], [-100.24557, 32.695], [-100.24252, 32.69657], [-100.23946, 32.69815], [-100.23645, 32.69969], [-100.23338, 32.70128], [-100.23058, 32.70273], [-100.22806, 32.70397], [-100.22522, 32.7053], [-100.22239, 32.70663], [-100.21983, 32.70787], [-100.21733, 32.70913], [-100.21466, 32.71047], [-100.21213, 32.71175], [-100.20949, 32.71309], [-100.20642, 32.71464], [-100.20336, 32.71619], [-100.20071, 32.71758], [-100.19815, 32.71903], [-100.1958, 32.72033], [-100.19334, 32.72156], [-100.19085, 32.72284], [-100.18818, 32.72418], [-100.18511, 32.72572], [-100.18217, 32.72722], [-100.1791, 32.72876], [-100.17643, 32.73011], [-100.17386, 32.73151], [-100.17086, 32.73315], [-100.16803, 32.73471], [-100.16503, 32.73635], [-100.16203, 32.73799], [-100.159, 32.73964], [-100.156, 32.74129], [-100.15313, 32.74284], [-100.15013, 32.74449], [-100.14739, 32.74598], [-100.14459, 32.74751], [-100.14167, 32.7491], [-100.13904, 32.75057], [-100.13623, 32.75188], [-100.13337, 32.75323], [-100.13054, 32.75457], [-100.12744, 32.75604], [-100.12467, 32.75734], [-100.12233, 32.75884], [-100.12005, 32.76029], [-100.11773, 32.76175], [-100.11544, 32.76321], [-100.11297, 32.76478], [-100.11041, 32.76615], [-100.10737, 32.76779], [-100.10437, 32.76944], [-100.10159, 32.77096], [-100.09877, 32.7725], [-100.09581, 32.77416], [-100.09291, 32.77574], [-100.08994, 32.77739], [-100.08713, 32.77895], [-100.0845, 32.7804], [-100.08164, 32.78196], [-100.07888, 32.78344], [-100.07623, 32.78478], [-100.07355, 32.7861], [-100.07047, 32.78763], [-100.06738, 32.78916], [-100.06425, 32.7907], [-100.06121, 32.7922], [-100.05812, 32.79374], [-100.05497, 32.79527], [-100.0519, 32.79677], [-100.04876, 32.79832], [-100.04571, 32.79984], [-100.04262, 32.80137], [-100.03956, 32.80289], [-100.03683, 32.80426], [-100.03422, 32.80555], [-100.03181, 32.80674], [-100.02913, 32.80807], [-100.0266, 32.80931], [-100.02406, 32.81056], [-100.02128, 32.81193], [-100.01841, 32.81334], [-100.01551, 32.81477], [-100.01263, 32.8162], [-100.00976, 32.81761], [-100.00682, 32.81907], [-100.00407, 32.82054], [-100.00123, 32.82204], [-99.99819, 32.82365], [-99.99517, 32.82527], [-99.99234, 32.82676], [-99.98967, 32.82824], [-99.98687, 32.82979], [-99.98388, 32.83146], [-99.98101, 32.83304], [-99.97829, 32.83455], [-99.97557, 32.83606], [-99.97286, 32.83756], [-99.97013, 32.83907], [-99.96755, 32.84051], [-99.96474, 32.84204], [-99.96194, 32.84355], [-99.95918, 32.84501], [-99.95658, 32.84635], [-99.95358, 32.84784], [-99.95063, 32.84926], [-99.94755, 32.85074], [-99.94461, 32.85212], [-99.94166, 32.85344], [-99.93876, 32.85473], [-99.93593, 32.85599], [-99.93303, 32.85729], [-99.93032, 32.85814], [-99.92728, 32.85912], [-99.92421, 32.86011], [-99.92117, 32.86109], [-99.91814, 32.86207], [-99.91509, 32.86305], [-99.91233, 32.86394], [-99.90972, 32.86521], [-99.90688, 32.86661], [-99.90434, 32.86785], [-99.90153, 32.86922], [-99.8987, 32.87061], [-99.89617, 32.87186], [-99.89364, 32.87311], [-99.89115, 32.87433], [-99.88846, 32.87539], [-99.88577, 32.87638], [-99.88308, 32.87737], [-99.88023, 32.87842], [-99.87726, 32.87951], [-99.87429, 32.88061], [-99.87129, 32.8817], [-99.86841, 32.88299], [-99.86523, 32.88439], [-99.86205, 32.88578], [-99.85886, 32.88718], [-99.85568, 32.88858], [-99.8525, 32.88998], [-99.84961, 32.89124], [-99.84643, 32.89265], [-99.84326, 32.89405], [-99.84009, 32.89545], [-99.83691, 32.89683], [-99.83388, 32.89818], [-99.83069, 32.89957], [-99.8275, 32.90096], [-99.82435, 32.90234], [-99.82118, 32.90367], [-99.81793, 32.905], [-99.81472, 32.90635], [-99.81149, 32.90769], [-99.80828, 32.90902], [-99.80506, 32.91037], [-99.80185, 32.9117], [-99.79958, 32.91286], [-99.79761, 32.91364], [-99.79564, 32.91445], [-99.7935, 32.91533], [-99.79133, 32.91623], [-99.78918, 32.91711], [-99.78704, 32.91801], [-99.78489, 32.9189], [-99.78274, 32.9198], [-99.7806, 32.92069], [-99.77843, 32.92158], [-99.77626, 32.9225], [-99.77405, 32.92342], [-99.77186, 32.92432], [-99.76966, 32.92522], [-99.76751, 32.92607], [-99.76629, 32.92786], [-99.76502, 32.92958], [-99.7638, 32.93129], [-99.76255, 32.93299], [-99.76132, 32.93467], [-99.75998, 32.93635], [-99.7586, 32.93792], [-99.75674, 32.93913], [-99.75466, 32.94054], [-99.75243, 32.94225], [-99.75011, 32.94418], [-99.74757, 32.94625], [-99.745, 32.94835], [-99.74261, 32.95026], [-99.74064, 32.95241], [-99.73841, 32.95477], [-99.73617, 32.95713], [-99.73396, 32.95949], [-99.73184, 32.96175], [-99.72961, 32.96412], [-99.72738, 32.96648], [-99.72515, 32.96885], [-99.72293, 32.9712], [-99.7207, 32.97358], [-99.71859, 32.97581], [-99.71664, 32.97778], [-99.71433, 32.98008], [-99.71115, 32.98107], [-99.70782, 32.98215], [-99.70461, 32.98317], [-99.70126, 32.98425], [-99.69806, 32.98525], [-99.69501, 32.98622], [-99.69166, 32.9873], [-99.6883, 32.98835], [-99.68494, 32.98941], [-99.68158, 32.99048], [-99.67826, 32.99155], [-99.67489, 32.99261], [-99.67183, 32.99358], [-99.66879, 32.99455], [-99.66558, 32.99556], [-99.66223, 32.99664], [-99.65888, 32.9977], [-99.65552, 32.99876], [-99.65217, 32.99982], [-99.64883, 33.00088], [-99.64547, 33.00196], [-99.64221, 33.00292], [-99.63922, 33.00343], [-99.63632, 33.00387], [-99.63327, 33.00433], [-99.63038, 33.00476], [-99.62732, 33.00478], [-99.62461, 33.0048], [-99.6215, 33.00479], [-99.6184, 33.00476], [-99.61513, 33.00475], [-99.61187, 33.00473], [-99.60863, 33.00469], [-99.60538, 33.00468], [-99.60212, 33.00463], [-99.59887, 33.00457], [-99.59563, 33.00449], [-99.59485, 33.00447], [-99.59241, 33.00442], [-99.58928, 33.00434], [-99.58619, 33.00427], [-99.58259, 33.00418], [-99.57917, 33.00411], [-99.57574, 33.00402], [-99.57348, 33.00558], [-99.57107, 33.00723], [-99.56853, 33.00895], [-99.566, 33.01066], [-99.56345, 33.01239], [-99.56084, 33.01416], [-99.55858, 33.01564], [-99.55851, 33.01569], [-99.55681, 33.01681], [-99.55411, 33.01857], [-99.55127, 33.02043], [-99.54881, 33.02204], [-99.54619, 33.02378], [-99.54332, 33.02564], [-99.54052, 33.0275], [-99.53783, 33.02927], [-99.53499, 33.03113], [-99.53244, 33.03285], [-99.52925, 33.03343], [-99.52607, 33.03405], [-99.52291, 33.03466], [-99.51939, 33.03535], [-99.51591, 33.03604], [-99.51242, 33.03672], [-99.50894, 33.03739], [-99.50545, 33.03808], [-99.50194, 33.03875], [-99.49845, 33.03943], [-99.49496, 33.04015], [-99.49147, 33.04089], [-99.48801, 33.04162], [-99.48451, 33.04236], [-99.48106, 33.04308], [-99.47774, 33.04378], [-99.47425, 33.04451], [-99.47077, 33.04524], [-99.46731, 33.04597], [-99.46384, 33.04671], [-99.46075, 33.04737], [-99.45898, 33.04772], [-99.45519, 33.04852], [-99.45285, 33.04902], [-99.4502, 33.04957], [-99.44737, 33.05017], [-99.44421, 33.05083], [-99.44136, 33.05144], [-99.43791, 33.05216], [-99.43443, 33.0529], [-99.43097, 33.05362], [-99.42781, 33.05429], [-99.42423, 33.05501], [-99.42297, 33.0562], [-99.42165, 33.05741], [-99.42059, 33.05834], [-99.41735, 33.06131], [-99.41617, 33.06238], [-99.41419, 33.06417], [-99.41191, 33.06626], [-99.40956, 33.06839], [-99.40714, 33.07059], [-99.40469, 33.0728], [-99.40232, 33.07499], [-99.40006, 33.07702], [-99.39809, 33.07882], [-99.39628, 33.08045], [-99.39407, 33.08247], [-99.39178, 33.08455], [-99.38934, 33.08677], [-99.38694, 33.08897], [-99.38449, 33.0912], [-99.38206, 33.09342], [-99.37979, 33.09549], [-99.37677, 33.09568], [-99.37352, 33.09592], [-99.37091, 33.0961], [-99.3683, 33.09622], [-99.36572, 33.09632], [-99.36216, 33.09648], [-99.3594, 33.0966], [-99.35646, 33.09673], [-99.35346, 33.09682], [-99.35048, 33.09686], [-99.34722, 33.09688], [-99.34362, 33.09689], [-99.34004, 33.09691], [-99.33645, 33.09692], [-99.3332, 33.09693], [-99.32963, 33.09694], [-99.32603, 33.09696], [-99.32245, 33.09697], [-99.31887, 33.09698], [-99.31528, 33.097], [-99.31169, 33.09702], [-99.30811, 33.09703], [-99.30512, 33.09704], [-99.30186, 33.09706], [-99.29891, 33.09706], [-99.29532, 33.09708], [-99.29206, 33.09708], [-99.28916, 33.09711], [-99.28588, 33.09711], [-99.28289, 33.09713], [-99.27998, 33.09714], [-99.27673, 33.09715], [-99.27317, 33.09717], [-99.26975, 33.09717], [-99.26614, 33.09719], [-99.26305, 33.0972], [-99.25995, 33.09722], [-99.25636, 33.09722], [-99.25278, 33.09723], [-99.24921, 33.09723], [-99.24562, 33.09724], [-99.24206, 33.09725], [-99.23847, 33.09727], [-99.23527, 33.09728], [-99.23229, 33.09735], [-99.22887, 33.09743], [-99.22529, 33.09753], [-99.2217, 33.09761], [-99.21823, 33.09771], [-99.21466, 33.09779], [-99.21108, 33.09788], [-99.20751, 33.09796], [-99.20426, 33.09804], [-99.20132, 33.09812], [-99.19773, 33.0982], [-99.19415, 33.09829], [-99.19056, 33.09838], [-99.18715, 33.09846], [-99.1834, 33.09857], [-99.18014, 33.09864], [-99.17654, 33.09871], [-99.17297, 33.09878], [-99.16969, 33.09883], [-99.16677, 33.09889], [-99.16318, 33.09896], [-99.15969, 33.09902], [-99.1561, 33.09909], [-99.15273, 33.09915], [-99.14946, 33.09921], [-99.14616, 33.09927], [-99.14258, 33.09934], [-99.13987, 33.09877], [-99.13703, 33.09817], [-99.13433, 33.09761], [-99.13132, 33.09698], [-99.1279, 33.09621], [-99.12524, 33.09627], [-99.12249, 33.09629], [-99.11939, 33.09631], [-99.11612, 33.09633], [-99.11286, 33.09635], [-99.10993, 33.09637], [-99.10615, 33.09637], [-99.10271, 33.09641], [-99.09916, 33.09644], [-99.09558, 33.09645], [-99.09198, 33.09647], [-99.08838, 33.09649], [-99.08481, 33.09652], [-99.08121, 33.09654], [-99.07775, 33.09656], [-99.07537, 33.09652], [-99.073, 33.0972], [-99.06989, 33.09801], [-99.06678, 33.09884], [-99.06341, 33.09973], [-99.06029, 33.10054], [-99.05695, 33.10142], [-99.05351, 33.10237], [-99.05026, 33.10251], [-99.04692, 33.10271], [-99.04443, 33.10289], [-99.0415, 33.10308], [-99.03791, 33.10332], [-99.03435, 33.10356], [-99.03093, 33.10379], [-99.02735, 33.10403], [-99.02404, 33.10427], [-99.02093, 33.10409], [-99.01761, 33.10391], [-99.01435, 33.10374], [-99.01094, 33.10356], [-99.00736, 33.10336], [-99.0041, 33.1032], [-99.00084, 33.10306], [-98.99728, 33.10292], [-98.99368, 33.1028], [-98.99024, 33.1027], [-98.98698, 33.10262], [-98.98356, 33.10257], [-98.98014, 33.10254], [-98.97691, 33.10251], [-98.97347, 33.10254], [-98.96987, 33.10256], [-98.96632, 33.10259], [-98.9627, 33.10261], [-98.95911, 33.10263], [-98.95554, 33.10265], [-98.95194, 33.10268], [-98.94836, 33.1027], [-98.94477, 33.10272], [-98.94155, 33.10274], [-98.93857, 33.10276], [-98.93531, 33.10278], [-98.93205, 33.10281], [-98.9285, 33.10281], [-98.9249, 33.10283], [-98.9213, 33.10285], [-98.91772, 33.10285], [-98.91413, 33.10286], [-98.91054, 33.10288], [-98.90731, 33.10288], [-98.90387, 33.10287], [-98.9006, 33.1028], [-98.89734, 33.10273], [-98.89409, 33.10265], [-98.89089, 33.10262], [-98.8874, 33.10261], [-98.88383, 33.10263], [-98.88026, 33.10264], [-98.87716, 33.10265], [-98.87357, 33.10266], [-98.87031, 33.10266], [-98.86691, 33.10267], [-98.86366, 33.10269], [-98.86006, 33.10269], [-98.85647, 33.10271], [-98.85287, 33.10272], [-98.84929, 33.10273], [-98.84585, 33.10273], [-98.84227, 33.10273], [-98.83902, 33.10275], [-98.83558, 33.10276], [-98.83215, 33.10276], [-98.8286, 33.10276], [-98.82513, 33.10277], [-98.82171, 33.10278], [-98.81828, 33.10278], [-98.81484, 33.10279], [-98.81128, 33.10279], [-98.80769, 33.10281], [-98.80442, 33.10282], [-98.80132, 33.10286], [-98.79783, 33.10296], [-98.79458, 33.10306], [-98.79139, 33.10315], [-98.78812, 33.10322], [-98.78487, 33.10324], [-98.7816, 33.10324], [-98.77826, 33.10324], [-98.77525, 33.10324], [-98.77231, 33.10324], [-98.76818, 33.10325], [-98.76542, 33.10325], [-98.76222, 33.10325], [-98.75894, 33.10325], [-98.75551, 33.10326], [-98.75211, 33.10326], [-98.74924, 33.10327], [-98.7469, 33.10322], [-98.74332, 33.10416], [-98.74033, 33.10489], [-98.73705, 33.1057], [-98.73361, 33.10655], [-98.73053, 33.10729], [-98.72734, 33.10835], [-98.72456, 33.10926], [-98.72152, 33.11027], [-98.71878, 33.11119], [-98.71579, 33.11225], [-98.71281, 33.11331], [-98.71054, 33.11415], [-98.70761, 33.11431], [-98.70468, 33.11452], [-98.70117, 33.11477], [-98.69773, 33.11502], [-98.69595, 33.11513], [-98.69289, 33.11535], [-98.69014, 33.11555], [-98.68702, 33.11576], [-98.68412, 33.11597], [-98.68182, 33.11612], [-98.67848, 33.11636], [-98.67643, 33.11649], [-98.67292, 33.11681], [-98.66921, 33.11618], [-98.66593, 33.11562], [-98.6626, 33.11585], [-98.65901, 33.11605], [-98.65624, 33.1162], [-98.65365, 33.11634], [-98.65133, 33.11647], [-98.64808, 33.11662], [-98.64548, 33.11673], [-98.64256, 33.11685], [-98.63897, 33.117], [-98.63538, 33.11713], [-98.63243, 33.11725], [-98.62885, 33.11739], [-98.62527, 33.11753], [-98.62168, 33.11767], [-98.6181, 33.11778], [-98.61606, 33.11886], [-98.61413, 33.11984], [-98.612, 33.12087], [-98.6116, 33.12268], [-98.61156, 33.12283], [-98.61153, 33.12325], [-98.6114, 33.12492], [-98.61119, 33.12702], [-98.61103, 33.12911], [-98.61084, 33.13128], [-98.61066, 33.13337], [-98.61029, 33.13556], [-98.60994, 33.13774], [-98.60945, 33.13842]]}, "properties": {"owner": "ONCOR ELECTRIC DELIVERY COMPANY LLC", "voltage_kv": 345.0}}, {"type": "Feature", "geometry": {"type": "LineString", "coordinates": [[-102.74326, 32.97309], [-102.74432, 32.97315], [-102.74575, 32.97309], [-102.74576, 32.97496], [-102.74573, 32.97874], [-102.74769, 32.97892], [-102.74974, 32.97894], [-102.75149, 32.97867], [-102.758, 32.97869], [-102.76507, 32.97869], [-102.76734, 32.97869], [-102.77225, 32.97996], [-102.78099, 32.98037], [-102.78542, 32.98057]]}, "properties": {"owner": "LEA COUNTY ELECTRIC COOP, INC", "voltage_kv": 230.0}}, {"type": "Feature", "geometry": {"type": "LineString", "coordinates": [[-101.633, 32.72124], [-101.63123, 32.72171], [-101.62977, 32.72188], [-101.62677, 32.72031], [-101.60838, 32.72455], [-101.59239, 32.67378], [-101.52658, 32.66629], [-101.4953, 32.66277], [-101.48106, 32.66163], [-101.45836, 32.65922], [-101.45551, 32.65822], [-101.40669, 32.65269], [-101.39753, 32.64784], [-101.39661, 32.64784], [-101.3958, 32.64803]]}, "properties": {"owner": "ONCOR ELECTRIC DELIVERY CO.", "voltage_kv": 345.0}}, {"type": "Feature", "geometry": {"type": "LineString", "coordinates": [[-102.32951, 31.83623], [-102.32844, 31.83616], [-102.32304, 31.83743], [-102.31996, 31.83806], [-102.31738, 31.83863], [-102.31424, 31.83935], [-102.31162, 31.83999], [-102.30843, 31.84076], [-102.30533, 31.8415], [-102.30221, 31.84226], [-102.29911, 31.84301], [-102.29601, 31.84376], [-102.29283, 31.84454], [-102.28971, 31.8453], [-102.28668, 31.84603], [-102.28358, 31.84679], [-102.28026, 31.8476], [-102.277, 31.84839], [-102.27377, 31.84918], [-102.27053, 31.84997], [-102.26742, 31.85073], [-102.26421, 31.8515], [-102.26108, 31.85227], [-102.25789, 31.85304], [-102.25472, 31.85381], [-102.25154, 31.85459], [-102.24837, 31.85536], [-102.24528, 31.85611], [-102.24222, 31.85686], [-102.23916, 31.8576], [-102.236, 31.85837], [-102.23292, 31.85915], [-102.22982, 31.85995], [-102.22674, 31.86074], [-102.2235, 31.86159], [-102.22055, 31.86235], [-102.21728, 31.86318], [-102.21397, 31.86392], [-102.21123, 31.86453], [-102.20813, 31.86522], [-102.20505, 31.86591], [-102.20202, 31.86658], [-102.19882, 31.86734], [-102.19566, 31.8681], [-102.19253, 31.86884], [-102.18952, 31.86956], [-102.18641, 31.8703], [-102.18331, 31.87104], [-102.18021, 31.87177], [-102.17719, 31.87249], [-102.1742, 31.8732], [-102.1709, 31.87398], [-102.16782, 31.87472], [-102.1647, 31.87546], [-102.16159, 31.8762], [-102.15847, 31.87694], [-102.15539, 31.87767], [-102.15213, 31.87846], [-102.14897, 31.87921], [-102.1458, 31.87996], [-102.1427, 31.88069], [-102.13969, 31.88141], [-102.13653, 31.88217], [-102.13342, 31.88289], [-102.13024, 31.88364], [-102.12711, 31.88436], [-102.12399, 31.88509], [-102.12076, 31.88584], [-102.11758, 31.88659], [-102.11439, 31.88733], [-102.11136, 31.88804], [-102.10825, 31.88876], [-102.10516, 31.88948], [-102.10207, 31.8902], [-102.09868, 31.89099], [-102.0955, 31.89173], [-102.09236, 31.89245], [-102.08912, 31.89321], [-102.08577, 31.89399], [-102.08286, 31.89467], [-102.07969, 31.8954], [-102.07656, 31.89613], [-102.0734, 31.89687], [-102.07013, 31.89762], [-102.06704, 31.89835], [-102.06373, 31.89911], [-102.06065, 31.89982], [-102.05754, 31.90055], [-102.05438, 31.90129], [-102.05123, 31.90202], [-102.04804, 31.90276], [-102.04491, 31.90348], [-102.0414, 31.90429], [-102.03854, 31.90496], [-102.03542, 31.90569], [-102.03217, 31.90645], [-102.02893, 31.90719], [-102.02568, 31.90795], [-102.02253, 31.90868], [-102.01935, 31.90941], [-102.01624, 31.91013], [-102.01301, 31.91088], [-102.00984, 31.91162], [-102.00665, 31.91236], [-102.00326, 31.91315], [-102.00046, 31.9138], [-101.99732, 31.91453], [-101.99419, 31.91525], [-101.99094, 31.916], [-101.98807, 31.91666], [-101.98496, 31.91739], [-101.98184, 31.91812], [-101.97873, 31.91883], [-101.97568, 31.91954], [-101.97258, 31.92026], [-101.96948, 31.92098], [-101.96637, 31.92169], [-101.96329, 31.92241], [-101.96019, 31.92314], [-101.9571, 31.92384], [-101.954, 31.92456], [-101.95092, 31.92528], [-101.94794, 31.92593], [-101.94468, 31.92662], [-101.94157, 31.92728], [-101.93846, 31.92795], [-101.93535, 31.92865], [-101.93226, 31.92937], [-101.92913, 31.93009], [-101.92605, 31.93079], [-101.92296, 31.93152], [-101.91985, 31.93224], [-101.91673, 31.93296], [-101.91369, 31.93367], [-101.91057, 31.93439], [-101.90747, 31.9351], [-101.90433, 31.93583], [-101.90127, 31.93654], [-101.89826, 31.93724], [-101.89506, 31.93798], [-101.89194, 31.9387], [-101.88896, 31.93939], [-101.88576, 31.94014], [-101.88257, 31.94087], [-101.87929, 31.94163], [-101.87594, 31.94241], [-101.87276, 31.94314], [-101.86948, 31.9439], [-101.86629, 31.94464], [-101.86297, 31.94541], [-101.85972, 31.94616], [-101.85635, 31.94694], [-101.8531, 31.94768], [-101.84982, 31.94845], [-101.84647, 31.94922], [-101.84318, 31.94997], [-101.83988, 31.95074], [-101.83652, 31.95152], [-101.8332, 31.95228], [-101.82992, 31.95304], [-101.82655, 31.95382], [-101.82327, 31.95458], [-101.82002, 31.95532], [-101.81671, 31.95609], [-101.8135, 31.95683], [-101.81029, 31.95757], [-101.80689, 31.95835], [-101.80348, 31.95914], [-101.80056, 31.95981], [-101.79763, 31.96049], [-101.79472, 31.96114], [-101.79179, 31.96181], [-101.78882, 31.9625], [-101.78595, 31.9637], [-101.78284, 31.96498], [-101.77989, 31.96619], [-101.77693, 31.96742], [-101.77394, 31.96864], [-101.7709, 31.96987], [-101.768, 31.9711], [-101.76498, 31.97231], [-101.76194, 31.97357], [-101.75904, 31.97477], [-101.75593, 31.97606], [-101.75357, 31.97703], [-101.75043, 31.97829], [-101.74737, 31.97959], [-101.74424, 31.98088], [-101.7412, 31.98213], [-101.73823, 31.98336], [-101.73523, 31.98457], [-101.73223, 31.98581], [-101.72925, 31.98702], [-101.72635, 31.98823], [-101.7233, 31.98947], [-101.72029, 31.99072], [-101.71718, 31.992], [-101.71423, 31.9932], [-101.71136, 31.9944], [-101.70845, 31.99557], [-101.70542, 31.99683], [-101.70242, 31.99806], [-101.69946, 31.99928], [-101.69647, 32.00049], [-101.69349, 32.00172], [-101.69053, 32.00293], [-101.68758, 32.00414], [-101.68467, 32.00534], [-101.68175, 32.00653], [-101.67884, 32.00773], [-101.67592, 32.00893], [-101.67301, 32.01013], [-101.6701, 32.01132], [-101.66715, 32.01253], [-101.66434, 32.01369], [-101.66143, 32.01488], [-101.65852, 32.01607], [-101.65561, 32.01727], [-101.65266, 32.01849], [-101.6497, 32.01969], [-101.64683, 32.02086], [-101.64392, 32.02206], [-101.64101, 32.02326], [-101.63811, 32.02445], [-101.63537, 32.02558], [-101.63235, 32.02681], [-101.62951, 32.02797], [-101.62657, 32.02919], [-101.62363, 32.03038], [-101.62067, 32.0316], [-101.61776, 32.03279], [-101.61484, 32.03398], [-101.61188, 32.03521], [-101.60904, 32.03637], [-101.60614, 32.03756], [-101.60325, 32.03875], [-101.60027, 32.03996], [-101.59743, 32.04113], [-101.59451, 32.04232], [-101.59153, 32.04356], [-101.58871, 32.04471], [-101.58577, 32.04591], [-101.58288, 32.0471], [-101.57998, 32.04828], [-101.57707, 32.04947], [-101.57413, 32.05067], [-101.57124, 32.05186], [-101.56834, 32.05305], [-101.56543, 32.05423], [-101.56264, 32.05538], [-101.55958, 32.05664], [-101.55667, 32.05782], [-101.5539, 32.05896], [-101.55103, 32.06014], [-101.54811, 32.06134], [-101.54513, 32.06256], [-101.54236, 32.06369], [-101.53951, 32.06487], [-101.53661, 32.06604], [-101.53372, 32.06723], [-101.53083, 32.06842], [-101.52791, 32.06961], [-101.52501, 32.0708], [-101.52207, 32.07198], [-101.51917, 32.07319], [-101.51626, 32.07438], [-101.51329, 32.07558], [-101.51045, 32.07677], [-101.50757, 32.07792], [-101.50458, 32.07916], [-101.5016, 32.08037], [-101.49868, 32.08156], [-101.49568, 32.08279], [-101.49278, 32.08398], [-101.48976, 32.08521], [-101.48694, 32.08636], [-101.48423, 32.08747], [-101.48133, 32.08866], [-101.47846, 32.08983], [-101.47563, 32.09098], [-101.47283, 32.09215], [-101.46997, 32.09329], [-101.46705, 32.09448], [-101.46416, 32.09568], [-101.46124, 32.09687], [-101.45829, 32.09807], [-101.45536, 32.09927], [-101.45257, 32.10035], [-101.45233, 32.1003]]}, "properties": {"owner": "ONCOR ELECTRIC DELIVERY CO.", "voltage_kv": 345.0}}, {"type": "Feature", "geometry": {"type": "LineString", "coordinates": [[-100.91611, 32.33413], [-100.91628, 32.33286], [-100.91547, 32.33083], [-100.9147, 32.32896], [-100.91441, 32.32825], [-100.91332, 32.32553], [-100.91227, 32.32292], [-100.91167, 32.32148], [-100.91433, 32.31985], [-100.91652, 32.31848], [-100.91941, 32.31672], [-100.92194, 32.31515], [-100.92445, 32.3136], [-100.927, 32.31197], [-100.92894, 32.31128], [-100.93212, 32.31007], [-100.93532, 32.30886], [-100.9385, 32.30766], [-100.94174, 32.30643], [-100.94476, 32.30528], [-100.94791, 32.3041], [-100.95097, 32.30294], [-100.95377, 32.30187], [-100.95675, 32.30074], [-100.95984, 32.29956], [-100.96256, 32.29854], [-100.9656, 32.29736], [-100.96857, 32.29624], [-100.97151, 32.29513], [-100.9745, 32.294], [-100.97748, 32.29286], [-100.98037, 32.29177], [-100.98331, 32.29067], [-100.98648, 32.28946], [-100.98934, 32.28837], [-100.99244, 32.28721], [-100.99539, 32.28608], [-100.99838, 32.28495], [-101.00125, 32.28386], [-101.00414, 32.28276], [-101.00707, 32.28164], [-101.00993, 32.28056], [-101.01289, 32.27944], [-101.01574, 32.27836], [-101.01885, 32.27718], [-101.02186, 32.27603], [-101.02486, 32.2749], [-101.02788, 32.27374], [-101.03066, 32.27269], [-101.03329, 32.2717], [-101.03653, 32.27045], [-101.03939, 32.26936], [-101.04259, 32.26813], [-101.04549, 32.26698], [-101.04852, 32.26588], [-101.05144, 32.26478], [-101.05432, 32.26369], [-101.05726, 32.26259], [-101.06015, 32.26147], [-101.06324, 32.2603], [-101.06614, 32.25918], [-101.06909, 32.25808], [-101.07222, 32.25689], [-101.07517, 32.25576], [-101.07815, 32.25464], [-101.08111, 32.25349], [-101.08436, 32.25227], [-101.08753, 32.25106], [-101.08998, 32.25012], [-101.09251, 32.24916], [-101.09317, 32.24681], [-101.09386, 32.24441], [-101.09452, 32.24196], [-101.09511, 32.23997], [-101.09795, 32.24008], [-101.10092, 32.24018], [-101.10388, 32.24028], [-101.10687, 32.24038], [-101.10967, 32.2405], [-101.11249, 32.24056], [-101.11491, 32.24064], [-101.11793, 32.2395], [-101.12092, 32.23836], [-101.12382, 32.23724], [-101.1267, 32.23616], [-101.12957, 32.23506], [-101.13253, 32.23393], [-101.13518, 32.23292], [-101.13838, 32.23171], [-101.1412, 32.23063], [-101.14403, 32.22954], [-101.14686, 32.22846], [-101.1497, 32.22739], [-101.15254, 32.22631], [-101.15535, 32.22524], [-101.15798, 32.22423], [-101.16045, 32.2233], [-101.16332, 32.2222], [-101.16603, 32.22117], [-101.16853, 32.22021], [-101.17144, 32.21911], [-101.1744, 32.21799], [-101.17726, 32.21683], [-101.18005, 32.21559], [-101.18284, 32.21434], [-101.1856, 32.21318], [-101.18833, 32.21199], [-101.19105, 32.21081], [-101.19376, 32.20963], [-101.1965, 32.20843], [-101.19943, 32.20714], [-101.20243, 32.20588], [-101.20539, 32.20458], [-101.2081, 32.2034], [-101.21068, 32.20227], [-101.21342, 32.20108], [-101.21616, 32.19989], [-101.21827, 32.19897], [-101.22039, 32.19804], [-101.22288, 32.19697], [-101.22535, 32.1959], [-101.22782, 32.19483], [-101.23071, 32.19357], [-101.23344, 32.19237], [-101.23638, 32.19109], [-101.2395, 32.18974], [-101.24249, 32.18844], [-101.24549, 32.18713], [-101.24847, 32.18583], [-101.25143, 32.18453], [-101.25446, 32.18322], [-101.25744, 32.18191], [-101.26012, 32.18075], [-101.263, 32.1795], [-101.26608, 32.17817], [-101.26912, 32.17683], [-101.2722, 32.1755], [-101.27517, 32.17419], [-101.27828, 32.17283], [-101.28128, 32.17154], [-101.28417, 32.17028], [-101.2871, 32.169], [-101.2898, 32.16783], [-101.29263, 32.16659], [-101.29546, 32.16536], [-101.29829, 32.16413], [-101.30111, 32.1629], [-101.30393, 32.16166], [-101.30677, 32.16043], [-101.30959, 32.1592], [-101.31241, 32.15796], [-101.31526, 32.15673], [-101.31812, 32.15548], [-101.32083, 32.15429], [-101.32375, 32.153], [-101.32437, 32.15276], [-101.32588, 32.15216], [-101.32809, 32.15125], [-101.33088, 32.15012], [-101.33357, 32.14901], [-101.33635, 32.14789], [-101.33926, 32.14671], [-101.34197, 32.14561], [-101.34494, 32.1444], [-101.34792, 32.14319], [-101.3509, 32.14198], [-101.35388, 32.14076], [-101.35691, 32.13952], [-101.35988, 32.13831], [-101.36295, 32.1371], [-101.36585, 32.13591], [-101.36871, 32.13472], [-101.37177, 32.13348], [-101.37461, 32.13232], [-101.37742, 32.13118], [-101.38011, 32.13008], [-101.38299, 32.12891], [-101.38596, 32.1277], [-101.38882, 32.12655], [-101.39167, 32.12536], [-101.39454, 32.12419], [-101.39738, 32.12303], [-101.40024, 32.12186], [-101.40313, 32.1207], [-101.40595, 32.11953], [-101.40882, 32.11836], [-101.41158, 32.11726], [-101.41471, 32.11597], [-101.41749, 32.11484], [-101.4203, 32.11368], [-101.42318, 32.11252], [-101.42611, 32.11132], [-101.42904, 32.11012], [-101.43198, 32.10893], [-101.43492, 32.10773], [-101.43784, 32.10652], [-101.44075, 32.10533], [-101.44375, 32.10412], [-101.44666, 32.10294], [-101.44955, 32.10174], [-101.45192, 32.10082], [-101.45234, 32.10067], [-101.45233, 32.1003]]}, "properties": {"owner": "ONCOR ELECTRIC DELIVERY CO.", "voltage_kv": 345.0}}, {"type": "Feature", "geometry": {"type": "LineString", "coordinates": [[-104.24064, 32.8144], [-104.23974, 32.8135], [-104.23936, 32.81347], [-104.23928, 32.81165], [-104.24264, 32.80901], [-104.24218, 32.80202], [-104.24161, 32.79294], [-104.24158, 32.78153], [-104.24158, 32.76914], [-104.24154, 32.75921], [-104.24328, 32.74828], [-104.24454, 32.74011], [-104.2445, 32.72853], [-104.2445, 32.71792], [-104.24451, 32.71137], [-104.24447, 32.69858], [-104.2445, 32.6923], [-104.24993, 32.68091], [-104.25473, 32.6707], [-104.25962, 32.66037], [-104.26258, 32.65418], [-104.28079, 32.63291], [-104.28747, 32.62998], [-104.29213, 32.62798], [-104.30736, 32.62791], [-104.32921, 32.62778], [-104.34653, 32.62769], [-104.36683, 32.62754], [-104.36969, 32.62752], [-104.3749, 32.62921], [-104.38985, 32.62936], [-104.40678, 32.62952], [-104.40654, 32.61818], [-104.40647, 32.61413], [-104.40615, 32.60203], [-104.40586, 32.59948], [-104.40566, 32.59215], [-104.40817, 32.58836], [-104.40824, 32.58046], [-104.41261, 32.58052], [-104.41309, 32.58052], [-104.4135, 32.58067]]}, "properties": {"owner": "NOT AVAILABLE", "voltage_kv": 230.0}}, {"type": "Feature", "geometry": {"type": "LineString", "coordinates": [[-102.56999, 34.18135], [-102.57051, 34.18084], [-102.57064, 34.17891], [-102.57071, 34.17766], [-102.57333, 34.17767], [-102.57596, 34.17769], [-102.5786, 34.17773], [-102.58126, 34.17774], [-102.58391, 34.17777], [-102.58655, 34.17778], [-102.58918, 34.17755], [-102.58922, 34.17576], [-102.58924, 34.17366], [-102.58926, 34.17174], [-102.58928, 34.16981], [-102.5893, 34.16773], [-102.58931, 34.16561], [-102.58934, 34.16341], [-102.58936, 34.16127], [-102.58938, 34.1593], [-102.5894, 34.15723], [-102.58942, 34.15519], [-102.58943, 34.15367], [-102.58945, 34.15201], [-102.58946, 34.14982], [-102.58949, 34.14763], [-102.58951, 34.14543], [-102.58953, 34.1435], [-102.58955, 34.14159], [-102.58957, 34.13956], [-102.5896, 34.13736], [-102.58962, 34.13517], [-102.58965, 34.13297], [-102.58968, 34.13077], [-102.5897, 34.12857], [-102.58972, 34.12636], [-102.58975, 34.12418], [-102.58976, 34.12192], [-102.58979, 34.11977], [-102.58981, 34.11776], [-102.58983, 34.11631], [-102.58984, 34.11434], [-102.58987, 34.11233], [-102.58988, 34.11032], [-102.58991, 34.10835], [-102.58993, 34.10642], [-102.58995, 34.10437], [-102.58969, 34.10229], [-102.5897, 34.10024], [-102.58971, 34.09817], [-102.58973, 34.09611], [-102.58974, 34.09406], [-102.58976, 34.09185], [-102.58979, 34.08952], [-102.58981, 34.08765], [-102.58983, 34.08581], [-102.58983, 34.08384], [-102.58984, 34.08191], [-102.58986, 34.07993], [-102.58987, 34.07773], [-102.58988, 34.07553], [-102.58989, 34.07339], [-102.5899, 34.07125], [-102.58993, 34.06906], [-102.58994, 34.06712], [-102.58994, 34.06547], [-102.58995, 34.06372], [-102.5924, 34.06384], [-102.59423, 34.06393], [-102.59606, 34.06403], [-102.59869, 34.06417], [-102.60125, 34.0643], [-102.60362, 34.06432], [-102.60594, 34.06434], [-102.60792, 34.06435], [-102.61023, 34.06437], [-102.61255, 34.0644], [-102.61487, 34.06441], [-102.61717, 34.06443], [-102.61941, 34.06445], [-102.62175, 34.06447], [-102.62407, 34.06449], [-102.62638, 34.0645], [-102.62868, 34.06453], [-102.62869, 34.06303], [-102.62871, 34.06132], [-102.62873, 34.05926], [-102.62873, 34.05706], [-102.62874, 34.055], [-102.62874, 34.05294], [-102.62875, 34.05109], [-102.62876, 34.04902], [-102.62877, 34.0471], [-102.62877, 34.04511], [-102.62878, 34.04291], [-102.62879, 34.04071], [-102.6288, 34.03851], [-102.6288, 34.03632], [-102.62881, 34.03412], [-102.62882, 34.03201], [-102.62882, 34.02992], [-102.62883, 34.02782], [-102.62884, 34.02571], [-102.62885, 34.02361], [-102.62886, 34.0215], [-102.62886, 34.0194], [-102.62887, 34.01731], [-102.62887, 34.01522], [-102.62888, 34.0131], [-102.62889, 34.011], [-102.6289, 34.00889], [-102.62891, 34.00681], [-102.62892, 34.00469], [-102.62892, 34.00261], [-102.62893, 34.00051], [-102.62893, 33.99841], [-102.62894, 33.99631], [-102.62895, 33.99421], [-102.62894, 33.99209], [-102.62895, 33.99], [-102.62895, 33.9879], [-102.62896, 33.98574], [-102.62897, 33.98371], [-102.62898, 33.98163], [-102.629, 33.97954], [-102.629, 33.97761], [-102.62902, 33.97537], [-102.62902, 33.97328], [-102.62903, 33.97118], [-102.62903, 33.96914], [-102.62904, 33.96706], [-102.62905, 33.96505], [-102.62906, 33.96302], [-102.62906, 33.96109], [-102.62907, 33.95918], [-102.62908, 33.95725], [-102.62908, 33.95531], [-102.6291, 33.95325], [-102.62911, 33.95117], [-102.62911, 33.94897], [-102.62911, 33.94682], [-102.6291, 33.94468], [-102.6291, 33.94262], [-102.62911, 33.9405], [-102.6291, 33.9384], [-102.6291, 33.93627], [-102.6291, 33.93416], [-102.62909, 33.93204], [-102.6291, 33.92992], [-102.62909, 33.92776], [-102.62909, 33.92583], [-102.62909, 33.9238], [-102.62909, 33.92176], [-102.62909, 33.91973], [-102.62908, 33.9177], [-102.62908, 33.91555], [-102.62908, 33.9134], [-102.62908, 33.91127], [-102.6291, 33.90912], [-102.62912, 33.90697], [-102.62912, 33.90483], [-102.62913, 33.90274], [-102.62915, 33.90065], [-102.62916, 33.89856], [-102.62917, 33.89653], [-102.62919, 33.89462], [-102.62921, 33.89274], [-102.62921, 33.8909], [-102.62922, 33.88895], [-102.62924, 33.88673], [-102.62925, 33.88455], [-102.62926, 33.88235], [-102.62928, 33.88015], [-102.62929, 33.87795], [-102.6293, 33.87576], [-102.62932, 33.87358], [-102.63172, 33.8736], [-102.63401, 33.87361], [-102.63632, 33.87364], [-102.63866, 33.87366], [-102.641, 33.87368], [-102.64103, 33.87166], [-102.64107, 33.86968], [-102.6411, 33.86768], [-102.64113, 33.86567], [-102.64116, 33.8637], [-102.6412, 33.86171], [-102.64123, 33.85971], [-102.64126, 33.85775], [-102.6413, 33.85573], [-102.64132, 33.85377], [-102.64135, 33.85181], [-102.64138, 33.84984], [-102.64141, 33.84775], [-102.64145, 33.84565], [-102.64148, 33.84354], [-102.64152, 33.84143], [-102.64155, 33.83934], [-102.64159, 33.83724], [-102.64163, 33.83514], [-102.64167, 33.83303], [-102.6417, 33.83092], [-102.64172, 33.82883], [-102.64177, 33.82672], [-102.6418, 33.82463], [-102.64182, 33.82252], [-102.64186, 33.82041], [-102.64189, 33.81829], [-102.64192, 33.81618], [-102.64197, 33.81398], [-102.642, 33.81177], [-102.64203, 33.80957], [-102.64207, 33.80737], [-102.64211, 33.80515], [-102.64213, 33.80311], [-102.64216, 33.80119], [-102.64218, 33.79928], [-102.64221, 33.7973], [-102.64225, 33.79531], [-102.64229, 33.79323], [-102.64232, 33.79113], [-102.64235, 33.78904], [-102.64239, 33.78694], [-102.64243, 33.78486], [-102.64246, 33.78279], [-102.6425, 33.78069], [-102.64254, 33.77865], [-102.64257, 33.77663], [-102.64261, 33.77459], [-102.64264, 33.77253], [-102.64267, 33.77049], [-102.64271, 33.7685], [-102.64275, 33.76657], [-102.64281, 33.76439], [-102.64284, 33.76218], [-102.64286, 33.76001], [-102.6429, 33.75787], [-102.64292, 33.7557], [-102.64296, 33.75355], [-102.64559, 33.75358], [-102.64822, 33.75361], [-102.65086, 33.75363], [-102.65349, 33.75366], [-102.65612, 33.7537], [-102.65879, 33.75373], [-102.66145, 33.75376], [-102.6637, 33.75378], [-102.66597, 33.7538], [-102.66601, 33.75169], [-102.66604, 33.74959], [-102.66607, 33.74747], [-102.6661, 33.74536], [-102.66613, 33.74327], [-102.66616, 33.74117], [-102.66619, 33.73906], [-102.66623, 33.73696], [-102.66625, 33.73505], [-102.66628, 33.73309], [-102.66631, 33.73114], [-102.66635, 33.72918], [-102.66638, 33.72722], [-102.6664, 33.72526], [-102.66643, 33.72329], [-102.66647, 33.72132], [-102.6665, 33.71933], [-102.66673, 33.71713], [-102.66672, 33.71502], [-102.66675, 33.71291], [-102.66678, 33.71079], [-102.66682, 33.70867], [-102.66685, 33.70655], [-102.66688, 33.70446], [-102.66688, 33.70271], [-102.66688, 33.70099], [-102.66691, 33.69872], [-102.6669, 33.69671], [-102.66691, 33.69483], [-102.66693, 33.69287], [-102.66696, 33.69062], [-102.66699, 33.68872], [-102.66704, 33.68687], [-102.6693, 33.6869], [-102.67147, 33.68692], [-102.67364, 33.68694], [-102.67581, 33.68696], [-102.67795, 33.687], [-102.68033, 33.68702], [-102.68275, 33.68703], [-102.68527, 33.68705], [-102.68741, 33.68708], [-102.68991, 33.6871], [-102.68993, 33.68531], [-102.68996, 33.68308], [-102.68998, 33.68089], [-102.69003, 33.67866], [-102.69008, 33.6766], [-102.6901, 33.67438], [-102.69013, 33.67218], [-102.69016, 33.67], [-102.6902, 33.66792], [-102.69023, 33.66591], [-102.69025, 33.66393], [-102.69028, 33.66196], [-102.69031, 33.65992], [-102.69035, 33.65789], [-102.69037, 33.65591], [-102.6904, 33.65393], [-102.69043, 33.65195], [-102.69044, 33.64992], [-102.69047, 33.64808], [-102.69049, 33.64624], [-102.69052, 33.6444], [-102.69054, 33.64256], [-102.69059, 33.64025], [-102.69065, 33.63804], [-102.6907, 33.6358], [-102.69076, 33.63359], [-102.6908, 33.63157], [-102.69085, 33.62958], [-102.6909, 33.62761], [-102.69094, 33.62563], [-102.69098, 33.62366], [-102.69102, 33.62169], [-102.69106, 33.6197], [-102.6911, 33.61773], [-102.69113, 33.61602], [-102.69116, 33.61461], [-102.69327, 33.61463], [-102.69537, 33.61465], [-102.69747, 33.61467], [-102.7, 33.61469], [-102.70255, 33.61473], [-102.70511, 33.61475], [-102.70762, 33.61478], [-102.71013, 33.6148], [-102.71265, 33.61483], [-102.71515, 33.61486], [-102.71767, 33.61488], [-102.72017, 33.61491], [-102.72267, 33.61493], [-102.72515, 33.61495], [-102.72763, 33.61497], [-102.7301, 33.615], [-102.73258, 33.61502], [-102.73507, 33.61505], [-102.73755, 33.61508], [-102.74003, 33.61511], [-102.74251, 33.61513], [-102.74499, 33.61515], [-102.74748, 33.61518], [-102.74993, 33.6152], [-102.75251, 33.61523], [-102.75509, 33.61525], [-102.75758, 33.61528], [-102.76021, 33.6153], [-102.76284, 33.61533], [-102.76538, 33.61535], [-102.76798, 33.61537], [-102.77057, 33.6154], [-102.77306, 33.61543], [-102.77553, 33.61545], [-102.77557, 33.6134], [-102.77559, 33.61133], [-102.77562, 33.60933], [-102.77565, 33.6072], [-102.77568, 33.60512], [-102.77572, 33.60305], [-102.77574, 33.60097], [-102.77578, 33.59889], [-102.7758, 33.59682], [-102.77583, 33.59474], [-102.77586, 33.59268], [-102.77589, 33.59061], [-102.77592, 33.58853], [-102.77595, 33.58645], [-102.77597, 33.58437], [-102.77601, 33.58231], [-102.77604, 33.58023], [-102.77606, 33.57817], [-102.77609, 33.57608], [-102.77612, 33.57402], [-102.77615, 33.57193], [-102.77618, 33.56986], [-102.77621, 33.56778], [-102.77623, 33.56571], [-102.77627, 33.56368], [-102.7763, 33.56165], [-102.77633, 33.55962], [-102.77635, 33.55758], [-102.77638, 33.55555], [-102.77641, 33.55352], [-102.77643, 33.55135], [-102.77647, 33.54918], [-102.7765, 33.547], [-102.77652, 33.54505], [-102.77655, 33.54316], [-102.77657, 33.54129], [-102.77662, 33.53936], [-102.77666, 33.53745], [-102.77668, 33.53553], [-102.77672, 33.5336], [-102.77675, 33.53154], [-102.77678, 33.52935], [-102.77676, 33.52828], [-102.77674, 33.52716], [-102.77672, 33.52506], [-102.77672, 33.52313], [-102.77671, 33.5211], [-102.7767, 33.51907], [-102.77675, 33.51704], [-102.77678, 33.51496], [-102.77683, 33.51289], [-102.77687, 33.51082], [-102.77691, 33.50874], [-102.77694, 33.50666], [-102.77698, 33.50467], [-102.77702, 33.50254], [-102.77706, 33.50044], [-102.7771, 33.49836], [-102.77714, 33.49627], [-102.77719, 33.49419], [-102.77723, 33.49209], [-102.77727, 33.49], [-102.77731, 33.48791], [-102.77734, 33.48587], [-102.77736, 33.48379], [-102.7774, 33.4817], [-102.77742, 33.47962], [-102.77744, 33.47753], [-102.77748, 33.47544], [-102.7775, 33.47335], [-102.77753, 33.47129], [-102.77756, 33.46923], [-102.77759, 33.46717], [-102.77761, 33.46524], [-102.77764, 33.46319], [-102.77766, 33.46112], [-102.7777, 33.45898], [-102.77772, 33.45684], [-102.77775, 33.45469], [-102.77778, 33.4525], [-102.77781, 33.45029], [-102.77784, 33.4481], [-102.77787, 33.4459], [-102.77789, 33.4437], [-102.77793, 33.44149], [-102.77796, 33.4393], [-102.77798, 33.4371], [-102.77801, 33.43501], [-102.77804, 33.43281], [-102.77807, 33.43062], [-102.77811, 33.42841], [-102.77813, 33.42621], [-102.77816, 33.42403], [-102.77819, 33.42202], [-102.77821, 33.42003], [-102.77824, 33.41809], [-102.77827, 33.41599], [-102.7783, 33.41385], [-102.77832, 33.41173], [-102.77835, 33.40956], [-102.77838, 33.40742], [-102.77841, 33.40527], [-102.77843, 33.40321], [-102.77847, 33.40104], [-102.77849, 33.39887], [-102.77852, 33.39676], [-102.77855, 33.39459], [-102.77858, 33.39241], [-102.7786, 33.39024], [-102.77863, 33.38808], [-102.77866, 33.38592], [-102.77869, 33.38373], [-102.77873, 33.38153], [-102.77875, 33.37933], [-102.77878, 33.37713], [-102.77881, 33.37493], [-102.77883, 33.37282], [-102.7812, 33.37281], [-102.78367, 33.3728], [-102.78609, 33.37279], [-102.78855, 33.37278], [-102.79097, 33.37277], [-102.79341, 33.37275], [-102.79586, 33.37275], [-102.79833, 33.37273], [-102.80083, 33.37273], [-102.80088, 33.37128], [-102.8009, 33.36955], [-102.80093, 33.36773], [-102.80094, 33.36593], [-102.80097, 33.36408], [-102.80099, 33.36227], [-102.80101, 33.36044], [-102.80103, 33.35864], [-102.80105, 33.35683], [-102.80107, 33.35501], [-102.80107, 33.3532], [-102.80108, 33.35143], [-102.80108, 33.34963], [-102.80108, 33.34781], [-102.80107, 33.346], [-102.80109, 33.34419], [-102.80109, 33.34238], [-102.80109, 33.34057], [-102.80109, 33.33875], [-102.8011, 33.33694], [-102.80109, 33.33534], [-102.80109, 33.33353], [-102.80111, 33.33172], [-102.8011, 33.3299], [-102.80111, 33.32809], [-102.8011, 33.32634], [-102.8011, 33.32452], [-102.80111, 33.32265], [-102.80111, 33.3209], [-102.80111, 33.31909], [-102.80111, 33.31726], [-102.80111, 33.31545], [-102.80111, 33.31364], [-102.80112, 33.31184], [-102.80111, 33.31002], [-102.80112, 33.30816], [-102.80112, 33.30629], [-102.80112, 33.30447], [-102.80111, 33.30266], [-102.80112, 33.30085], [-102.80113, 33.29903], [-102.80113, 33.29723], [-102.80114, 33.29541], [-102.80114, 33.29361], [-102.80114, 33.29179], [-102.80113, 33.28998], [-102.80114, 33.28816], [-102.80115, 33.28634], [-102.80114, 33.28454], [-102.80114, 33.28272], [-102.80114, 33.28091], [-102.80115, 33.2791], [-102.80114, 33.27729], [-102.80114, 33.27542], [-102.80113, 33.27371], [-102.80112, 33.27202], [-102.8011, 33.27033], [-102.80109, 33.26874], [-102.8011, 33.26713], [-102.8011, 33.26551], [-102.8011, 33.26383], [-102.80109, 33.26204], [-102.8011, 33.26029], [-102.8011, 33.25846], [-102.8011, 33.25666], [-102.8011, 33.25485], [-102.8011, 33.25303], [-102.80111, 33.25128], [-102.80111, 33.24954], [-102.80112, 33.24771], [-102.80111, 33.24586], [-102.80112, 33.24402], [-102.8011, 33.24221], [-102.80144, 33.24057], [-102.80142, 33.23873], [-102.80141, 33.23691], [-102.80141, 33.23506], [-102.80141, 33.23321], [-102.80142, 33.23138], [-102.80142, 33.22954], [-102.80143, 33.2277], [-102.80133, 33.22657], [-102.80142, 33.22583], [-102.80143, 33.22405], [-102.80143, 33.22225], [-102.80144, 33.22042], [-102.80144, 33.21861], [-102.80144, 33.2168], [-102.80143, 33.21498], [-102.80143, 33.21323], [-102.80143, 33.21142], [-102.80143, 33.2096], [-102.80141, 33.2078], [-102.80141, 33.20599], [-102.80138, 33.20417], [-102.80138, 33.20235], [-102.80136, 33.20054], [-102.80135, 33.19872], [-102.80134, 33.19693], [-102.80134, 33.19542], [-102.80136, 33.1939], [-102.80136, 33.19239], [-102.80136, 33.19088], [-102.80137, 33.18937], [-102.80138, 33.18755], [-102.80138, 33.18573], [-102.80139, 33.18392], [-102.8014, 33.18212], [-102.8014, 33.1803], [-102.80141, 33.17848], [-102.8014, 33.17667], [-102.8014, 33.17486], [-102.8014, 33.17305], [-102.8014, 33.17123], [-102.80139, 33.16941], [-102.80134, 33.16795], [-102.8014, 33.1668], [-102.80139, 33.16565], [-102.8014, 33.16377], [-102.8014, 33.1619], [-102.80138, 33.16001], [-102.80138, 33.15834], [-102.80139, 33.15666], [-102.80139, 33.15499], [-102.80138, 33.15332], [-102.79894, 33.1533], [-102.79649, 33.1533], [-102.79404, 33.1533], [-102.79175, 33.15329], [-102.7892, 33.15329], [-102.78668, 33.15328], [-102.78414, 33.15329], [-102.78211, 33.15329], [-102.77961, 33.15328], [-102.77711, 33.15328], [-102.77461, 33.15327], [-102.7721, 33.15326], [-102.76961, 33.15326], [-102.7671, 33.15326], [-102.7671, 33.15133], [-102.76712, 33.14919], [-102.76711, 33.14705], [-102.76712, 33.1449], [-102.76712, 33.14275], [-102.76712, 33.14062], [-102.76712, 33.13845], [-102.76713, 33.13637], [-102.76714, 33.13431], [-102.76716, 33.13224], [-102.76716, 33.13016], [-102.76717, 33.12809], [-102.76718, 33.12618], [-102.76832, 33.12601], [-102.7682, 33.12532], [-102.76765, 33.1249]]}, "properties": {"owner": "SOUTHWESTERN PUBLIC SERVICE CO", "voltage_kv": 230.0}}, {"type": "Feature", "geometry": {"type": "LineString", "coordinates": [[-102.76765, 33.1249], [-102.76861, 33.12495], [-102.7686, 33.12426], [-102.77122, 33.12424], [-102.77383, 33.12424], [-102.77645, 33.12425], [-102.77906, 33.12425], [-102.78167, 33.12425], [-102.7842, 33.12425], [-102.78422, 33.12216], [-102.78422, 33.12003], [-102.78423, 33.11793], [-102.78425, 33.11582], [-102.78426, 33.11368], [-102.78427, 33.11157], [-102.78428, 33.10945], [-102.78428, 33.10729], [-102.7843, 33.10512], [-102.7843, 33.10293], [-102.78432, 33.10076], [-102.78432, 33.09858], [-102.78433, 33.09639], [-102.78433, 33.09422], [-102.78434, 33.09202], [-102.78435, 33.08983], [-102.78436, 33.08764], [-102.78436, 33.08547], [-102.78436, 33.08328], [-102.78437, 33.08108], [-102.78438, 33.07889], [-102.78439, 33.07672], [-102.7844, 33.07454], [-102.7844, 33.07235], [-102.7844, 33.07017], [-102.7844, 33.06799], [-102.78441, 33.06595], [-102.78441, 33.0638], [-102.78442, 33.06176], [-102.78444, 33.05968], [-102.78444, 33.05762], [-102.78444, 33.05556], [-102.78446, 33.05352], [-102.78443, 33.05176], [-102.78479, 33.0499], [-102.78476, 33.04797], [-102.78478, 33.04604], [-102.78478, 33.04388], [-102.78479, 33.0418], [-102.78481, 33.0397], [-102.78479, 33.03756], [-102.7848, 33.03538], [-102.78481, 33.03317], [-102.78482, 33.03097], [-102.78482, 33.02878], [-102.78485, 33.02658], [-102.78487, 33.02465], [-102.78486, 33.02272], [-102.78489, 33.02132], [-102.78489, 33.01965], [-102.78492, 33.01795], [-102.78493, 33.01624], [-102.78494, 33.01442], [-102.78494, 33.01263], [-102.78496, 33.01104], [-102.78497, 33.00941], [-102.78499, 33.00776], [-102.785, 33.00609], [-102.78501, 33.00391], [-102.78501, 33.0017], [-102.78506, 32.99966], [-102.78511, 32.99748], [-102.78514, 32.99532], [-102.78514, 32.99321], [-102.78519, 32.99094], [-102.78526, 32.98878], [-102.78527, 32.98697], [-102.78532, 32.98542], [-102.78534, 32.98378], [-102.78539, 32.9823], [-102.78542, 32.98057]]}, "properties": {"owner": "LEA COUNTY ELECTRIC COOP, INC", "voltage_kv": 230.0}}, {"type": "Feature", "geometry": {"type": "LineString", "coordinates": [[-101.88156, 32.16637], [-101.88231, 32.16597], [-101.88486, 32.16533], [-101.8806, 32.15229], [-101.88171, 32.15203], [-101.87725, 32.13791], [-101.89296, 32.13436], [-101.88608, 32.11268], [-101.88179, 32.09914], [-101.87787, 32.09998], [-101.87667, 32.09548], [-101.87729, 32.08868], [-101.89598, 32.07761], [-101.90894, 32.06988], [-101.91174, 32.06928], [-101.91538, 32.06593], [-101.92506, 32.06056], [-101.91421, 32.02675], [-101.91427, 32.02468], [-101.91285, 32.02253], [-101.9117, 32.01873], [-101.90816, 32.01033], [-101.92534, 32.00631], [-101.92151, 31.9957], [-101.92108, 31.99211], [-101.91901, 31.9828], [-101.91696, 31.98011], [-101.91144, 31.96286], [-101.92822, 31.95908], [-101.91944, 31.93198], [-101.96979, 31.9206], [-101.96615, 31.90942], [-101.98211, 31.90447], [-101.98137, 31.90226], [-101.99518, 31.899], [-101.98157, 31.8571], [-102.06292, 31.83863], [-102.07056, 31.83735], [-102.07341, 31.8367], [-102.07872, 31.83509], [-102.11936, 31.82583], [-102.12257, 31.82507], [-102.15991, 31.83033], [-102.17518, 31.83152], [-102.18372, 31.83125], [-102.20095, 31.83375], [-102.2147, 31.83745], [-102.24038, 31.84087], [-102.26375, 31.84567], [-102.29694, 31.83799], [-102.2983, 31.84156], [-102.32138, 31.83566], [-102.32413, 31.83443], [-102.3261, 31.83392]]}, "properties": {"owner": "ONCOR ELECTRIC DELIVERY CO.", "voltage_kv": 345.0}}, {"type": "Feature", "geometry": {"type": "LineString", "coordinates": [[-102.74326, 32.97309], [-102.74432, 32.97333], [-102.74552, 32.97329], [-102.74548, 32.97916], [-102.74996, 32.97917], [-102.74989, 32.99381], [-102.74988, 33.00555], [-102.74983, 33.00761], [-102.75478, 33.0076], [-102.75925, 33.00763], [-102.75925, 33.01044], [-102.758, 33.01044], [-102.75767, 33.01031]]}, "properties": {"owner": "LEA COUNTY ELECTRIC COOP, INC", "voltage_kv": 230.0}}, {"type": "Feature", "geometry": {"type": "LineString", "coordinates": [[-103.31008, 32.7319], [-103.31076, 32.73218], [-103.31081, 32.73269], [-103.31619, 32.73269], [-103.31607, 32.72415], [-103.31606, 32.71973], [-103.31609, 32.70578], [-103.31607, 32.69586], [-103.31606, 32.68439], [-103.31601, 32.67476], [-103.31601, 32.66514], [-103.31603, 32.65348], [-103.29983, 32.65353], [-103.28706, 32.65342], [-103.27077, 32.65335], [-103.24899, 32.6533], [-103.23899, 32.65328], [-103.22802, 32.64594], [-103.20575, 32.631], [-103.18922, 32.61997], [-103.17407, 32.60978], [-103.15849, 32.59928], [-103.14379, 32.58935], [-103.13042, 32.5804], [-103.11719, 32.57146], [-103.07473, 32.54295], [-103.06471, 32.53623], [-103.06427, 32.53594], [-103.06424, 32.53372], [-103.06427, 32.53125], [-103.06426, 32.52892], [-103.06426, 32.52697], [-103.06427, 32.52499], [-103.06426, 32.52272], [-103.06428, 32.52036], [-103.06426, 32.51821], [-103.06426, 32.5159], [-103.06428, 32.51364], [-103.06429, 32.5113], [-103.0643, 32.50902], [-103.06427, 32.50672], [-103.06428, 32.50423], [-103.0643, 32.50182], [-103.06427, 32.49935], [-103.06428, 32.49702], [-103.0643, 32.49454], [-103.06427, 32.49224], [-103.06427, 32.4899], [-103.06428, 32.48766], [-103.06432, 32.48556], [-103.06427, 32.48332], [-103.06425, 32.48109], [-103.06427, 32.47874], [-103.06424, 32.47411], [-103.06427, 32.47179], [-103.0643, 32.46946], [-103.06431, 32.46705], [-103.06426, 32.46467], [-103.06429, 32.46221], [-103.06431, 32.45998], [-103.06428, 32.4575], [-103.06426, 32.45502], [-103.06427, 32.45255], [-103.06427, 32.45024], [-103.06426, 32.44777], [-103.06426, 32.44549], [-103.06426, 32.4437], [-103.0643, 32.44205], [-103.06426, 32.44054], [-103.06425, 32.43828], [-103.06426, 32.43598], [-103.06425, 32.43352], [-103.06425, 32.43105], [-103.06425, 32.42858], [-103.06429, 32.42624], [-103.06428, 32.42401], [-103.06426, 32.42177], [-103.06425, 32.41952], [-103.06223, 32.41808], [-103.06009, 32.41655], [-103.05779, 32.41495], [-103.05564, 32.41341], [-103.05344, 32.41184], [-103.05149, 32.41045], [-103.04925, 32.40887], [-103.04715, 32.4074], [-103.0451, 32.40594], [-103.04297, 32.4044], [-103.04088, 32.40291], [-103.03875, 32.4014], [-103.03665, 32.39992], [-103.03466, 32.39847], [-103.03247, 32.39692], [-103.03029, 32.39539], [-103.02823, 32.3939], [-103.02597, 32.39231], [-103.02384, 32.39077], [-103.02165, 32.38923], [-103.01941, 32.38763], [-103.01726, 32.3861], [-103.01504, 32.38451], [-103.01285, 32.38297], [-103.01061, 32.38138], [-103.00846, 32.37984], [-103.00622, 32.37824], [-103.00402, 32.37668], [-103.00193, 32.3752], [-102.99978, 32.37366], [-102.99769, 32.37217], [-102.99549, 32.37065], [-102.99322, 32.36905], [-102.99118, 32.36754], [-102.98909, 32.36606], [-102.98693, 32.36451], [-102.9848, 32.36301], [-102.98267, 32.36146], [-102.98051, 32.35994], [-102.97836, 32.35842], [-102.97613, 32.35684], [-102.97399, 32.35529], [-102.97182, 32.35376], [-102.96961, 32.35216], [-102.96735, 32.35057], [-102.96517, 32.349], [-102.96294, 32.34743], [-102.9607, 32.34584], [-102.9586, 32.34434], [-102.95645, 32.34279], [-102.95425, 32.34123], [-102.95206, 32.33968], [-102.94994, 32.33816], [-102.94767, 32.33657], [-102.94548, 32.33498], [-102.94337, 32.33347], [-102.9412, 32.33192], [-102.93908, 32.3304], [-102.93695, 32.32889], [-102.93496, 32.32749], [-102.93274, 32.32589], [-102.93053, 32.32433], [-102.92833, 32.32276], [-102.92616, 32.32121], [-102.92408, 32.31972], [-102.92184, 32.31813], [-102.91963, 32.31655], [-102.91756, 32.31509], [-102.9155, 32.31362], [-102.91331, 32.31205], [-102.91118, 32.31052], [-102.90894, 32.30893], [-102.9067, 32.30734], [-102.90455, 32.30579], [-102.9025, 32.30431], [-102.90035, 32.30279], [-102.89811, 32.3012], [-102.89604, 32.29971], [-102.8938, 32.29812], [-102.89162, 32.29656], [-102.88949, 32.29504], [-102.88742, 32.29356], [-102.88527, 32.29201], [-102.88306, 32.29044], [-102.88098, 32.28898], [-102.87891, 32.28747], [-102.87666, 32.28589], [-102.87449, 32.28433], [-102.87233, 32.28278], [-102.87024, 32.28128], [-102.8681, 32.27978], [-102.866, 32.27826], [-102.86384, 32.27673], [-102.8619, 32.27534], [-102.85984, 32.27388], [-102.85763, 32.27228], [-102.85554, 32.27079], [-102.85331, 32.26923], [-102.85109, 32.26764], [-102.84885, 32.26604], [-102.84678, 32.26453], [-102.84468, 32.26303], [-102.84248, 32.26146], [-102.84039, 32.25995], [-102.83832, 32.25849], [-102.83616, 32.25694], [-102.83407, 32.25546], [-102.83184, 32.25383], [-102.82961, 32.25224], [-102.82752, 32.25076], [-102.82536, 32.2492], [-102.82314, 32.24765], [-102.82099, 32.2461], [-102.81883, 32.24456], [-102.81715, 32.24333], [-102.81495, 32.24178], [-102.81291, 32.2403], [-102.81097, 32.23893], [-102.80901, 32.23751], [-102.80712, 32.23617], [-102.80519, 32.23479], [-102.80326, 32.23342], [-102.80137, 32.23204], [-102.80068, 32.22999], [-102.7999, 32.2276], [-102.79919, 32.22536], [-102.79848, 32.22311], [-102.79772, 32.22071], [-102.79696, 32.21832], [-102.79623, 32.21608], [-102.79548, 32.2137], [-102.79478, 32.21149], [-102.79408, 32.20927], [-102.79333, 32.20691], [-102.79268, 32.20487], [-102.79193, 32.20264], [-102.79121, 32.20037], [-102.79049, 32.19804], [-102.78972, 32.19566], [-102.78907, 32.19357], [-102.78832, 32.19129], [-102.78755, 32.18891], [-102.78682, 32.18664], [-102.78643, 32.18488], [-102.78603, 32.18299], [-102.78565, 32.18123], [-102.78521, 32.17929], [-102.78482, 32.17731], [-102.78438, 32.17528], [-102.78393, 32.17311], [-102.78352, 32.17106], [-102.78306, 32.16899], [-102.78261, 32.16694], [-102.78034, 32.16654], [-102.77795, 32.1662], [-102.77513, 32.16578], [-102.77275, 32.16539], [-102.77021, 32.16501], [-102.76742, 32.16458], [-102.7648, 32.16418], [-102.76242, 32.16381], [-102.75967, 32.16338], [-102.75714, 32.16299], [-102.75428, 32.16255], [-102.75157, 32.16213], [-102.74908, 32.16175], [-102.74663, 32.16137], [-102.74453, 32.16105], [-102.74218, 32.16069], [-102.7395, 32.16027], [-102.73693, 32.15987], [-102.73419, 32.15946], [-102.73161, 32.15906], [-102.72906, 32.15863], [-102.72689, 32.15852], [-102.72399, 32.15834], [-102.72141, 32.15817], [-102.71869, 32.15798], [-102.71595, 32.15781], [-102.71337, 32.15763], [-102.71146, 32.15751], [-102.70951, 32.15739], [-102.70722, 32.15724], [-102.70449, 32.15704], [-102.70169, 32.15687], [-102.69879, 32.15668], [-102.69599, 32.1565], [-102.6931, 32.15632], [-102.69024, 32.15612], [-102.68784, 32.15597], [-102.68569, 32.15582], [-102.68323, 32.15566], [-102.68034, 32.15547], [-102.6776, 32.15529], [-102.67469, 32.15509], [-102.67193, 32.15492], [-102.66924, 32.15474], [-102.66641, 32.15455], [-102.66365, 32.15438], [-102.66075, 32.15419], [-102.65796, 32.154], [-102.65523, 32.15386], [-102.65291, 32.15324], [-102.65059, 32.15266], [-102.64822, 32.15208], [-102.64593, 32.1515], [-102.64377, 32.15096], [-102.64099, 32.15027], [-102.63833, 32.14961], [-102.63555, 32.1489], [-102.63291, 32.14824], [-102.63018, 32.14756], [-102.62749, 32.14689], [-102.62502, 32.14628], [-102.62254, 32.14564], [-102.61975, 32.14495], [-102.61696, 32.14425], [-102.61423, 32.14357], [-102.61146, 32.14289], [-102.60868, 32.14219], [-102.60595, 32.1415], [-102.60317, 32.1408], [-102.60037, 32.1401], [-102.59775, 32.13945], [-102.59527, 32.13882], [-102.59257, 32.13815], [-102.58992, 32.13749], [-102.58722, 32.13682], [-102.58458, 32.13616], [-102.58181, 32.13546], [-102.57909, 32.13477], [-102.57639, 32.1341], [-102.57361, 32.1334], [-102.57113, 32.13277], [-102.56835, 32.13208], [-102.56617, 32.13153], [-102.564, 32.131], [-102.56125, 32.1303], [-102.55846, 32.1296], [-102.55568, 32.12891], [-102.55289, 32.1282], [-102.55009, 32.1275], [-102.54821, 32.12703], [-102.54573, 32.12641], [-102.54325, 32.12578], [-102.54051, 32.1251], [-102.5379, 32.12444], [-102.53532, 32.12379], [-102.53252, 32.12309], [-102.52977, 32.1224], [-102.52723, 32.12176], [-102.52475, 32.12114], [-102.52274, 32.12063], [-102.5201, 32.11997], [-102.51733, 32.11928], [-102.51456, 32.11858], [-102.51184, 32.11788], [-102.50906, 32.11716], [-102.50637, 32.11647], [-102.50377, 32.1158], [-102.50118, 32.11513], [-102.49865, 32.11448], [-102.49607, 32.11383], [-102.49452, 32.11343], [-102.49182, 32.11276], [-102.48917, 32.11209], [-102.48637, 32.11138], [-102.48376, 32.11073], [-102.48155, 32.11017], [-102.47929, 32.10962], [-102.47661, 32.10893], [-102.47392, 32.10825], [-102.47124, 32.10758], [-102.46843, 32.10688], [-102.46587, 32.10623], [-102.46326, 32.10562], [-102.4607, 32.10499], [-102.45813, 32.10438], [-102.45553, 32.10376], [-102.45318, 32.10321], [-102.45089, 32.10265], [-102.44809, 32.10199], [-102.44553, 32.10138], [-102.44298, 32.10078], [-102.44039, 32.10016], [-102.43785, 32.09956], [-102.43528, 32.09895], [-102.43272, 32.09834], [-102.43003, 32.0977], [-102.42747, 32.09709], [-102.42479, 32.09644], [-102.42221, 32.09584], [-102.41967, 32.09523], [-102.41713, 32.09462], [-102.41454, 32.094], [-102.41202, 32.0934], [-102.40927, 32.09274], [-102.40651, 32.09209], [-102.40371, 32.09143], [-102.40094, 32.09071], [-102.39831, 32.09002], [-102.39544, 32.0893], [-102.39268, 32.08859], [-102.38988, 32.08789], [-102.38722, 32.08721], [-102.38443, 32.08651], [-102.38165, 32.0858], [-102.379, 32.08512], [-102.3762, 32.08441], [-102.37342, 32.0837], [-102.37079, 32.08304], [-102.36806, 32.08234], [-102.36527, 32.08163], [-102.36256, 32.08095], [-102.35993, 32.08027], [-102.35718, 32.07957], [-102.35448, 32.07888], [-102.35176, 32.07819], [-102.34909, 32.0775], [-102.34635, 32.07681], [-102.34364, 32.07612], [-102.34093, 32.07542], [-102.33815, 32.07471], [-102.33535, 32.074], [-102.33271, 32.07333], [-102.32991, 32.07262], [-102.32719, 32.07193], [-102.32441, 32.07121], [-102.32183, 32.07057], [-102.31914, 32.06988], [-102.31635, 32.06916], [-102.31359, 32.06845], [-102.31093, 32.06778], [-102.30824, 32.06707], [-102.30565, 32.06642], [-102.30286, 32.06571], [-102.30023, 32.06503], [-102.29744, 32.06432], [-102.29479, 32.06366], [-102.29201, 32.06295], [-102.28922, 32.06223], [-102.28644, 32.06152], [-102.28367, 32.06081], [-102.28102, 32.06014], [-102.27843, 32.05947], [-102.27578, 32.0588], [-102.27301, 32.05809], [-102.2704, 32.05742], [-102.26762, 32.05671], [-102.26484, 32.056], [-102.26207, 32.05529], [-102.2593, 32.05457], [-102.25653, 32.05388], [-102.25586, 32.05172], [-102.25514, 32.04941], [-102.25445, 32.04733], [-102.25374, 32.04512], [-102.25307, 32.04301], [-102.2524, 32.04089], [-102.25172, 32.03876], [-102.25121, 32.03727], [-102.25154, 32.03667], [-102.25189, 32.0361]]}, "properties": {"owner": "NOT AVAILABLE", "voltage_kv": 230.0}}, {"type": "Feature", "geometry": {"type": "LineString", "coordinates": [[-104.20047, 32.44546], [-104.19981, 32.4458], [-104.19954, 32.44581], [-104.19952, 32.44331], [-104.18348, 32.44332], [-104.17915, 32.44331], [-104.1744, 32.44372], [-104.17207, 32.4439], [-104.16676, 32.44392], [-104.16408, 32.44393], [-104.16176, 32.44373], [-104.15708, 32.44372], [-104.15202, 32.44536], [-104.13753, 32.45007], [-104.12784, 32.45321], [-104.11342, 32.45793], [-104.09878, 32.46268], [-104.08184, 32.46816], [-104.06004, 32.47529], [-104.04549, 32.47995], [-104.02613, 32.48625], [-104.00683, 32.49246], [-103.98983, 32.49801], [-103.96677, 32.50553], [-103.96602, 32.50581], [-103.96516, 32.50582]]}, "properties": {"owner": "NOT AVAILABLE", "voltage_kv": 230.0}}, {"type": "Feature", "geometry": {"type": "LineString", "coordinates": [[-102.22322, 31.15362], [-102.22198, 31.15371], [-102.22066, 31.15305], [-102.22009, 31.15278], [-102.21869, 31.15211], [-102.21748, 31.15336], [-102.21692, 31.15398], [-102.21681, 31.15411], [-102.21646, 31.1545], [-102.2142, 31.15381], [-102.21153, 31.15304], [-102.20884, 31.15227], [-102.20626, 31.15153], [-102.20357, 31.15076], [-102.20087, 31.14999], [-102.19839, 31.14929], [-102.19577, 31.14852], [-102.19381, 31.14801], [-102.19107, 31.14859], [-102.18834, 31.14922], [-102.1856, 31.14984], [-102.18287, 31.15047], [-102.18014, 31.1511], [-102.17741, 31.15171], [-102.17467, 31.15234], [-102.17193, 31.15296], [-102.16921, 31.15359], [-102.16649, 31.15421], [-102.16438, 31.15468], [-102.16174, 31.15528], [-102.15901, 31.15591], [-102.15628, 31.15653], [-102.15354, 31.15716], [-102.1508, 31.15778], [-102.14806, 31.1584], [-102.14537, 31.15906], [-102.14445, 31.16134], [-102.14356, 31.16365], [-102.14266, 31.16595], [-102.14191, 31.16802], [-102.14046, 31.17014], [-102.13906, 31.17228], [-102.13768, 31.17436], [-102.13636, 31.17646], [-102.13408, 31.17644], [-102.13125, 31.17645], [-102.1284, 31.17646], [-102.12554, 31.17647], [-102.12272, 31.17649], [-102.11989, 31.17651], [-102.1171, 31.17655], [-102.11711, 31.17898], [-102.11715, 31.18135], [-102.1172, 31.18343], [-102.11722, 31.18507], [-102.11725, 31.18696], [-102.1173, 31.1893], [-102.11734, 31.19117], [-102.11729, 31.1933], [-102.11725, 31.19535], [-102.1172, 31.19757], [-102.11715, 31.1998], [-102.1171, 31.20204], [-102.11706, 31.20432], [-102.117, 31.20659], [-102.11671, 31.20901], [-102.11642, 31.21142], [-102.11613, 31.21385], [-102.11583, 31.21627], [-102.11556, 31.21852], [-102.11534, 31.22078], [-102.11529, 31.223], [-102.11529, 31.22523], [-102.11528, 31.22702], [-102.11527, 31.22934], [-102.11528, 31.23167], [-102.11528, 31.23398], [-102.11531, 31.23634], [-102.11752, 31.23638], [-102.11976, 31.23638], [-102.12199, 31.23637], [-102.12415, 31.23635], [-102.12599, 31.23821], [-102.12746, 31.24032], [-102.12885, 31.24214], [-102.12944, 31.244], [-102.13014, 31.24607], [-102.13094, 31.2484], [-102.13174, 31.25074], [-102.13255, 31.25307], [-102.13333, 31.25541], [-102.13414, 31.25774], [-102.13494, 31.26007], [-102.13573, 31.26241], [-102.13653, 31.26474], [-102.13732, 31.26708], [-102.13812, 31.26941], [-102.13892, 31.27174], [-102.13972, 31.27407], [-102.14052, 31.27641], [-102.14133, 31.27875], [-102.14212, 31.28109], [-102.14292, 31.28342], [-102.14371, 31.28576], [-102.14452, 31.28809], [-102.14531, 31.29043], [-102.14611, 31.29276], [-102.14691, 31.29506], [-102.14755, 31.29679], [-102.14968, 31.29837], [-102.15168, 31.29978], [-102.15383, 31.30131], [-102.15584, 31.30275], [-102.15797, 31.30425], [-102.16009, 31.30575], [-102.16209, 31.30717], [-102.16402, 31.30855], [-102.16616, 31.31007], [-102.16831, 31.3116], [-102.17042, 31.3131], [-102.17232, 31.31445], [-102.17414, 31.31574], [-102.17631, 31.31728], [-102.17849, 31.31882], [-102.18065, 31.32036], [-102.18277, 31.32186], [-102.18495, 31.32342], [-102.18709, 31.32495], [-102.18927, 31.32648], [-102.19145, 31.32803], [-102.19366, 31.32955], [-102.19443, 31.33188], [-102.1952, 31.3341], [-102.19599, 31.33631], [-102.19679, 31.33858], [-102.19756, 31.3408], [-102.19833, 31.34295], [-102.19914, 31.34526], [-102.19991, 31.34744], [-102.20069, 31.34966], [-102.20148, 31.35194], [-102.20227, 31.35415], [-102.20307, 31.35647], [-102.20389, 31.35878], [-102.20457, 31.36074], [-102.20538, 31.36305], [-102.2062, 31.36534], [-102.20699, 31.3676], [-102.20775, 31.36973], [-102.20854, 31.37199], [-102.20931, 31.37418], [-102.21009, 31.37639], [-102.21082, 31.37851], [-102.21165, 31.38082], [-102.21246, 31.38313], [-102.21327, 31.38547], [-102.21409, 31.38778], [-102.21492, 31.3901], [-102.21569, 31.39232], [-102.21644, 31.39443], [-102.21721, 31.39661], [-102.218, 31.39885], [-102.21881, 31.40112], [-102.2196, 31.4034], [-102.2204, 31.40566], [-102.22117, 31.40787], [-102.22195, 31.41011], [-102.22278, 31.41242], [-102.22355, 31.41465], [-102.22432, 31.41683], [-102.22512, 31.41907], [-102.2259, 31.42129], [-102.22671, 31.42363], [-102.22754, 31.42594], [-102.22823, 31.42788], [-102.22905, 31.4302], [-102.22985, 31.43252], [-102.23071, 31.43482], [-102.23298, 31.43626], [-102.23527, 31.43769], [-102.23758, 31.43912], [-102.23988, 31.44054], [-102.24217, 31.44197], [-102.24447, 31.44339], [-102.24682, 31.4448], [-102.24661, 31.44712], [-102.24644, 31.44926], [-102.2463, 31.45144], [-102.24613, 31.45358], [-102.24597, 31.45588], [-102.24582, 31.45825], [-102.24565, 31.46067], [-102.24549, 31.46307], [-102.24533, 31.4655], [-102.24519, 31.46793], [-102.24502, 31.47025], [-102.24487, 31.47264], [-102.2447, 31.47508], [-102.24454, 31.47747], [-102.24439, 31.47979], [-102.24424, 31.48208], [-102.24401, 31.48405], [-102.24373, 31.48636], [-102.24346, 31.48862], [-102.24319, 31.49093], [-102.2429, 31.49333], [-102.24269, 31.4955], [-102.24327, 31.49751], [-102.24394, 31.49971], [-102.24457, 31.50177], [-102.2453, 31.50409], [-102.24596, 31.50623], [-102.24667, 31.50858], [-102.24737, 31.51082], [-102.24808, 31.51315], [-102.2488, 31.51548], [-102.2495, 31.51777], [-102.25021, 31.52007], [-102.25089, 31.52214], [-102.25162, 31.52435], [-102.25234, 31.52653], [-102.25305, 31.52866], [-102.25381, 31.53092], [-102.25454, 31.53312], [-102.2553, 31.53542], [-102.25601, 31.53754], [-102.25673, 31.53976], [-102.25746, 31.54193], [-102.25822, 31.54423], [-102.25898, 31.54641], [-102.2594, 31.54862], [-102.25984, 31.55076], [-102.26025, 31.55274], [-102.26073, 31.55499], [-102.26117, 31.55692], [-102.26186, 31.55919], [-102.26258, 31.56136], [-102.26333, 31.56362], [-102.26407, 31.56589], [-102.26484, 31.56823], [-102.26561, 31.57057], [-102.26632, 31.57276], [-102.26708, 31.57506], [-102.26781, 31.5773], [-102.26856, 31.57957], [-102.2693, 31.58185], [-102.27003, 31.58405], [-102.27075, 31.58622], [-102.27142, 31.58828], [-102.27211, 31.59036], [-102.27281, 31.5925], [-102.27352, 31.5945], [-102.27304, 31.59679], [-102.27266, 31.59889], [-102.27224, 31.60116], [-102.27181, 31.60357], [-102.27136, 31.60594], [-102.27096, 31.60812], [-102.27055, 31.6103], [-102.27021, 31.6122], [-102.26981, 31.6144], [-102.26945, 31.61634], [-102.26903, 31.61864], [-102.2686, 31.62099], [-102.2682, 31.62312], [-102.26791, 31.62551], [-102.26766, 31.62794], [-102.26703, 31.6303], [-102.26644, 31.63267], [-102.26599, 31.63507], [-102.26556, 31.63747], [-102.2651, 31.63988], [-102.26467, 31.64228], [-102.26421, 31.64471], [-102.26381, 31.64715], [-102.26205, 31.64773], [-102.25985, 31.64852], [-102.25793, 31.64921], [-102.25577, 31.65002], [-102.25639, 31.65197], [-102.25704, 31.65391], [-102.25762, 31.65549], [-102.25795, 31.65783], [-102.25875, 31.66002], [-102.25958, 31.66212], [-102.26041, 31.66424], [-102.26123, 31.66637], [-102.26194, 31.66848], [-102.26263, 31.67055], [-102.26342, 31.67284], [-102.2642, 31.67517], [-102.26492, 31.67734], [-102.26565, 31.67954], [-102.26644, 31.68188], [-102.26709, 31.68384], [-102.26788, 31.68617], [-102.26867, 31.6885], [-102.26938, 31.69064], [-102.2701, 31.69275], [-102.27082, 31.6948], [-102.27236, 31.69614], [-102.27243, 31.69836], [-102.27304, 31.70044], [-102.27372, 31.70255], [-102.27438, 31.70467], [-102.27506, 31.70679], [-102.27574, 31.70893], [-102.27633, 31.71074], [-102.27693, 31.71265], [-102.27766, 31.71494], [-102.27834, 31.71706], [-102.27897, 31.71904], [-102.27961, 31.72106], [-102.28029, 31.7232], [-102.28087, 31.72501], [-102.28155, 31.72714], [-102.28218, 31.72912], [-102.28281, 31.73111], [-102.28345, 31.73312], [-102.28408, 31.73509], [-102.28473, 31.73709], [-102.28541, 31.7391], [-102.2878, 31.73859], [-102.29023, 31.73804], [-102.29257, 31.73753], [-102.2949, 31.737], [-102.29725, 31.73649], [-102.29966, 31.73596], [-102.30217, 31.73536], [-102.30271, 31.73726], [-102.30331, 31.73925], [-102.30367, 31.74046], [-102.30428, 31.74231], [-102.30502, 31.74454], [-102.30578, 31.74688], [-102.30654, 31.74922], [-102.30728, 31.75157], [-102.30804, 31.75391], [-102.30878, 31.75627], [-102.30953, 31.75861], [-102.31025, 31.76084], [-102.31098, 31.76317], [-102.3113, 31.76466], [-102.31156, 31.76582], [-102.31231, 31.76816], [-102.31297, 31.77027], [-102.31371, 31.77262], [-102.3144, 31.77479], [-102.315, 31.77674], [-102.3157, 31.77892], [-102.3164, 31.78113], [-102.31704, 31.78315], [-102.31777, 31.78547], [-102.31845, 31.78763], [-102.31909, 31.78963], [-102.31986, 31.79193], [-102.31727, 31.79248], [-102.31488, 31.79303], [-102.31448, 31.79532], [-102.31409, 31.79767], [-102.3137, 31.80008], [-102.31338, 31.802], [-102.3131, 31.80398], [-102.3128, 31.80632], [-102.31258, 31.80799], [-102.3124, 31.80937], [-102.31229, 31.81025], [-102.31206, 31.81248], [-102.31286, 31.81471], [-102.31347, 31.81617], [-102.31258, 31.81842], [-102.31323, 31.82045], [-102.31392, 31.82241], [-102.31551, 31.82412], [-102.31611, 31.8261], [-102.31678, 31.82807], [-102.31747, 31.82995], [-102.31989, 31.82974], [-102.32206, 31.8295], [-102.3234, 31.82924], [-102.32497, 31.82885], [-102.32693, 31.82976], [-102.32736, 31.83139], [-102.32842, 31.8323], [-102.32874, 31.83334], [-102.32746, 31.83368], [-102.32675, 31.83387], [-102.3261, 31.83392]]}, "properties": {"owner": "SHARYLAND UTILITIES LP", "voltage_kv": 345.0}}, {"type": "Feature", "geometry": {"type": "LineString", "coordinates": [[-102.78542, 32.98057], [-102.78544, 32.97921], [-102.78544, 32.97712], [-102.78543, 32.97538], [-102.78543, 32.97364], [-102.78539, 32.9719]]}, "properties": {"owner": "SOUTHWESTERN PUBLIC SERVICE CO.", "voltage_kv": 230.0}}, {"type": "Feature", "geometry": {"type": "LineString", "coordinates": [[-100.21666, 32.92534], [-100.21764, 32.9256], [-100.22408, 32.92444], [-100.26655, 32.9236], [-100.31259, 32.91406], [-100.32622, 32.91073], [-100.35239, 32.90509], [-100.3767, 32.9], [-100.37867, 32.90021], [-100.3927, 32.89727], [-100.39469, 32.89624], [-100.45416, 32.88363], [-100.4792, 32.87873], [-100.54587, 32.865], [-100.56531, 32.8659], [-100.57896, 32.87213], [-100.61932, 32.86379], [-100.6248, 32.86298], [-100.65191, 32.8571], [-100.65636, 32.85418], [-100.66543, 32.85226], [-100.67229, 32.87534], [-100.68668, 32.87207], [-100.70563, 32.86741], [-100.7071, 32.87458], [-100.75764, 32.86432], [-100.76601, 32.89209], [-100.82527, 32.87982], [-100.83281, 32.87863], [-100.86653, 32.8714], [-100.89966, 32.8713], [-100.9253, 32.87173], [-100.93409, 32.87069], [-100.97112, 32.87128], [-100.98569, 32.86395], [-101.00849, 32.86426], [-101.00863, 32.86093], [-101.00885, 32.86017]]}, "properties": {"owner": "BIG COUNTRY ELECTRIC COOP, INC", "voltage_kv": 345.0}}, {"type": "Feature", "geometry": {"type": "LineString", "coordinates": [[-101.3958, 32.64803], [-101.3966, 32.64774], [-101.39756, 32.64774], [-101.40672, 32.65259], [-101.45554, 32.65812], [-101.45838, 32.65912], [-101.48107, 32.66153], [-101.49531, 32.66267], [-101.5266, 32.66619], [-101.59247, 32.67369], [-101.60845, 32.72443], [-101.62679, 32.72021], [-101.62979, 32.72178], [-101.63121, 32.72161], [-101.633, 32.72124]]}, "properties": {"owner": "ONCOR ELECTRIC DELIVERY CO.", "voltage_kv": 345.0}}, {"type": "Feature", "geometry": {"type": "LineString", "coordinates": [[-101.00885, 32.86017], [-101.00936, 32.86047], [-101.00922, 32.86236], [-101.01132, 32.86239], [-101.0112, 32.86555], [-101.00993, 32.9164], [-100.99894, 32.91838], [-101.00197, 32.94253], [-101.00563, 32.96992], [-101.00589, 33.01102], [-101.00717, 33.01822], [-101.00606, 33.0249], [-101.00624, 33.06222], [-100.97378, 33.06237], [-100.96947, 33.07219], [-100.96966, 33.08834], [-100.97394, 33.10739], [-100.98866, 33.11206], [-100.98888, 33.14814], [-100.98769, 33.15864], [-100.9864, 33.16226], [-100.97489, 33.17362], [-100.9634, 33.26292], [-100.96059, 33.28532], [-100.96014, 33.28836], [-100.96159, 33.30797], [-100.96491, 33.36036], [-100.96992, 33.48485], [-100.97041, 33.50057], [-100.9145, 33.5007], [-100.91474, 33.51222], [-100.9056, 33.51227], [-100.90591, 33.54227], [-100.88856, 33.54388], [-100.86112, 33.54399], [-100.86139, 33.56596], [-100.85331, 33.56598], [-100.85331, 33.5707], [-100.85244, 33.57375], [-100.85251, 33.5805], [-100.84449, 33.58057], [-100.84483, 33.59961], [-100.84381, 33.59964], [-100.84405, 33.61406], [-100.84791, 33.61479], [-100.84861, 33.62165], [-100.84847, 33.62424], [-100.85087, 33.6344], [-100.84962, 33.65371], [-100.84957, 33.66359], [-100.84952, 33.66651], [-100.84859, 33.67343], [-100.8487, 33.69054], [-100.85027, 33.69401], [-100.85037, 33.71888], [-100.84403, 33.73018], [-100.84208, 33.73557], [-100.84213, 33.74367], [-100.83865, 33.74863], [-100.83863, 33.75663], [-100.84294, 33.75901], [-100.843, 33.76544], [-100.84458, 33.76659], [-100.85625, 33.76642], [-100.85633, 33.77356], [-100.87662, 33.77368], [-100.87663, 33.77769], [-100.87658, 33.77815]]}, "properties": {"owner": "NOT AVAILABLE", "voltage_kv": 345.0}}, {"type": "Feature", "geometry": {"type": "LineString", "coordinates": [[-103.35316, 32.7134], [-103.35269, 32.71372], [-103.34826, 32.7137], [-103.33701, 32.71743], [-103.33064, 32.72387], [-103.32731, 32.72718], [-103.32166, 32.73279], [-103.31545, 32.73925], [-103.31386, 32.73929]]}, "properties": {"owner": "NOT AVAILABLE", "voltage_kv": 230.0}}, {"type": "Feature", "geometry": {"type": "LineString", "coordinates": [[-100.87658, 33.77815], [-100.87653, 33.77768], [-100.87652, 33.77378], [-100.85623, 33.77366], [-100.85615, 33.76652], [-100.84455, 33.76669], [-100.84291, 33.76549], [-100.84284, 33.75907], [-100.83853, 33.75669], [-100.83855, 33.7486], [-100.84203, 33.74364], [-100.84198, 33.73555], [-100.84393, 33.73014], [-100.85027, 33.71885], [-100.85017, 33.69403], [-100.8486, 33.69056], [-100.84849, 33.67342], [-100.84942, 33.6665], [-100.84947, 33.66358], [-100.84952, 33.65371], [-100.85077, 33.6344], [-100.84837, 33.62425], [-100.84851, 33.62165], [-100.84781, 33.61488], [-100.84395, 33.61414], [-100.84371, 33.59954], [-100.84473, 33.59951], [-100.84439, 33.58047], [-100.85241, 33.5804], [-100.85234, 33.57373], [-100.85321, 33.57069], [-100.85321, 33.56588], [-100.86129, 33.56586], [-100.86102, 33.54389], [-100.88856, 33.54378], [-100.9058, 33.54218], [-100.9055, 33.51217], [-100.91464, 33.51212], [-100.9144, 33.5006], [-100.97031, 33.50047], [-100.96982, 33.48485], [-100.96481, 33.36037], [-100.96149, 33.30798], [-100.96004, 33.28835], [-100.96049, 33.28531], [-100.96331, 33.26291], [-100.97479, 33.17357], [-100.98631, 33.1622], [-100.98759, 33.15862], [-100.98878, 33.14813], [-100.98856, 33.11213], [-100.97386, 33.10747], [-100.96956, 33.08835], [-100.96937, 33.07217], [-100.97371, 33.06227], [-101.00614, 33.06212], [-101.00596, 33.02489], [-101.00707, 33.01822], [-101.00579, 33.01103], [-101.00553, 32.96993], [-101.00187, 32.94254], [-100.99883, 32.9183], [-101.00984, 32.91631], [-101.0111, 32.86555], [-101.01122, 32.86248], [-101.00911, 32.86246], [-101.00926, 32.86052], [-101.00885, 32.86017]]}, "properties": {"owner": "NOT AVAILABLE", "voltage_kv": 345.0}}, {"type": "Feature", "geometry": {"type": "LineString", "coordinates": [[-102.0508, 32.02026], [-102.04891, 32.02107], [-102.06768, 32.07873], [-102.13543, 32.06295], [-102.13837, 32.06234], [-102.13924, 32.06514], [-102.14277, 32.07618], [-102.15229, 32.07388], [-102.16479, 32.07097], [-102.18034, 32.06732], [-102.19315, 32.0643], [-102.20912, 32.06057], [-102.21095, 32.05971], [-102.22572, 32.0563], [-102.22198, 32.04481], [-102.2212, 32.04202], [-102.22459, 32.04116], [-102.23793, 32.03801], [-102.24541, 32.03624], [-102.24625, 32.03742]]}, "properties": {"owner": "ONCOR ELECTRIC DELIVERY CO.", "voltage_kv": 345.0}}, {"type": "Feature", "geometry": {"type": "LineString", "coordinates": [[-102.76765, 33.1249], [-102.76726, 33.12478], [-102.76692, 33.12478], [-102.76692, 33.12545], [-102.76692, 33.12635], [-102.7669, 33.12749], [-102.76691, 33.12906], [-102.7669, 33.13062], [-102.76689, 33.13219], [-102.76688, 33.13376], [-102.76688, 33.13532], [-102.76687, 33.13687], [-102.76685, 33.13845], [-102.76686, 33.14009], [-102.76686, 33.14174], [-102.76686, 33.14338], [-102.76686, 33.14504], [-102.76685, 33.14669], [-102.76685, 33.14834], [-102.76684, 33.14997], [-102.76685, 33.15163], [-102.76684, 33.15337], [-102.76685, 33.15499], [-102.76686, 33.15661], [-102.76686, 33.15823], [-102.76686, 33.15984], [-102.76687, 33.16146], [-102.76687, 33.16309], [-102.76689, 33.1649], [-102.76689, 33.16605], [-102.76689, 33.16719], [-102.7669, 33.169], [-102.76692, 33.17082], [-102.76693, 33.17263], [-102.76694, 33.17445], [-102.76695, 33.17626], [-102.76696, 33.17769], [-102.76698, 33.17912], [-102.76699, 33.18055], [-102.767, 33.18198], [-102.767, 33.18378], [-102.76699, 33.18556], [-102.76698, 33.18735], [-102.76698, 33.18914], [-102.76698, 33.19089], [-102.76697, 33.19265], [-102.76697, 33.19441], [-102.76697, 33.19618], [-102.76696, 33.19792], [-102.76695, 33.19968], [-102.76696, 33.20144], [-102.76695, 33.20321], [-102.76694, 33.20496], [-102.76695, 33.20672], [-102.76694, 33.20848], [-102.76694, 33.21024], [-102.76693, 33.212], [-102.76693, 33.21376], [-102.76693, 33.21551], [-102.76692, 33.21727], [-102.76692, 33.21903], [-102.76692, 33.2208], [-102.76692, 33.22255], [-102.76691, 33.22431], [-102.7669, 33.2258], [-102.7648, 33.2258], [-102.76271, 33.2258], [-102.76061, 33.22579], [-102.75851, 33.22578], [-102.75642, 33.22577], [-102.75433, 33.22576], [-102.75223, 33.22575], [-102.75014, 33.22574], [-102.7481, 33.22575], [-102.746, 33.22573], [-102.7439, 33.22574], [-102.74179, 33.22573], [-102.73968, 33.22571], [-102.73778, 33.22569], [-102.73588, 33.22567], [-102.73398, 33.22565], [-102.7321, 33.22562], [-102.73211, 33.22681], [-102.73211, 33.22863], [-102.7321, 33.23044], [-102.7321, 33.23225], [-102.7321, 33.23407], [-102.7321, 33.23587], [-102.73209, 33.2377], [-102.73209, 33.23934], [-102.73207, 33.24083], [-102.73207, 33.24264], [-102.73207, 33.24445], [-102.73207, 33.24626], [-102.73206, 33.24808], [-102.73206, 33.24989], [-102.73205, 33.25171], [-102.73205, 33.25352], [-102.73205, 33.25534], [-102.73204, 33.25726], [-102.73204, 33.25939], [-102.73203, 33.26152], [-102.73203, 33.26331], [-102.73203, 33.26537], [-102.73203, 33.26757], [-102.73202, 33.26976], [-102.73202, 33.27169], [-102.73201, 33.27361], [-102.732, 33.27554], [-102.73199, 33.27746], [-102.73199, 33.27939], [-102.73198, 33.28131], [-102.73198, 33.28324], [-102.73198, 33.28516], [-102.73196, 33.28736], [-102.73196, 33.28941], [-102.73196, 33.29148], [-102.73196, 33.29368], [-102.73194, 33.29587], [-102.73194, 33.29779], [-102.73192, 33.2996], [-102.72986, 33.29959], [-102.72755, 33.29959], [-102.7251, 33.29958], [-102.72264, 33.29956], [-102.72019, 33.29955], [-102.71773, 33.29956], [-102.71544, 33.29955], [-102.71315, 33.29955], [-102.71087, 33.29953], [-102.70857, 33.29953], [-102.70596, 33.29951], [-102.70335, 33.29951], [-102.70073, 33.2995], [-102.69843, 33.29949], [-102.69614, 33.29948], [-102.69385, 33.29948], [-102.69141, 33.29948], [-102.68894, 33.29946], [-102.68642, 33.29946], [-102.68388, 33.29945], [-102.68134, 33.29944], [-102.67881, 33.29944], [-102.67643, 33.29943], [-102.67398, 33.29942], [-102.67145, 33.29941], [-102.66898, 33.2994], [-102.66637, 33.2994], [-102.66375, 33.29939], [-102.66147, 33.29939], [-102.65877, 33.29938], [-102.65624, 33.29937], [-102.65362, 33.29937], [-102.651, 33.29936], [-102.6487, 33.29936], [-102.64608, 33.29936], [-102.6438, 33.29935], [-102.64128, 33.29936], [-102.63888, 33.29935], [-102.6366, 33.29934], [-102.63431, 33.29933], [-102.63202, 33.29932], [-102.62977, 33.29932], [-102.62773, 33.29933], [-102.62596, 33.30081], [-102.62416, 33.30233], [-102.62238, 33.30384], [-102.62059, 33.30535], [-102.6188, 33.30686], [-102.61701, 33.30836], [-102.61522, 33.30988], [-102.61344, 33.31139], [-102.61166, 33.31289], [-102.60998, 33.31431], [-102.60829, 33.31573], [-102.60659, 33.31717], [-102.60492, 33.31861], [-102.60322, 33.32002], [-102.60152, 33.32146], [-102.59983, 33.3229], [-102.59813, 33.32432], [-102.59643, 33.32576], [-102.59481, 33.32713], [-102.59321, 33.32849], [-102.59164, 33.32981], [-102.58974, 33.33141], [-102.58789, 33.33296], [-102.58605, 33.33453], [-102.58431, 33.33599], [-102.58257, 33.33745], [-102.58073, 33.33901], [-102.57889, 33.34056], [-102.57704, 33.34213], [-102.57554, 33.34338], [-102.57407, 33.34462], [-102.57261, 33.34592], [-102.57026, 33.34627], [-102.56794, 33.34666], [-102.56561, 33.34705], [-102.56329, 33.34745], [-102.56096, 33.34784], [-102.55863, 33.34822], [-102.5563, 33.34861], [-102.55398, 33.34901], [-102.55165, 33.3494], [-102.54921, 33.34982], [-102.54674, 33.35023], [-102.54426, 33.35064], [-102.54178, 33.35106], [-102.53932, 33.35147], [-102.53685, 33.35188], [-102.53435, 33.3523], [-102.53216, 33.35267], [-102.52998, 33.35305], [-102.52724, 33.3535], [-102.52516, 33.35385], [-102.52258, 33.35428], [-102.52001, 33.35471], [-102.51745, 33.35514], [-102.51488, 33.35558], [-102.51231, 33.356], [-102.50974, 33.35642], [-102.50718, 33.35687], [-102.50461, 33.3573], [-102.50204, 33.35772], [-102.4998, 33.35812], [-102.49753, 33.3585], [-102.49529, 33.35885], [-102.49313, 33.35922], [-102.49096, 33.35959], [-102.48838, 33.36001], [-102.48581, 33.36045], [-102.48325, 33.36088], [-102.48067, 33.3613], [-102.47811, 33.36173], [-102.47554, 33.36217], [-102.47296, 33.3626], [-102.4704, 33.36303], [-102.46794, 33.36344], [-102.46549, 33.36385], [-102.46293, 33.36429], [-102.46066, 33.36467], [-102.46064, 33.36663], [-102.46062, 33.36863], [-102.46057, 33.37061], [-102.46054, 33.37273], [-102.46051, 33.37481], [-102.46049, 33.37684], [-102.46045, 33.37889], [-102.46041, 33.38091], [-102.46038, 33.38312], [-102.46035, 33.38532], [-102.46031, 33.38761], [-102.46029, 33.38987], [-102.46023, 33.39214], [-102.46021, 33.3944], [-102.46018, 33.39667], [-102.46014, 33.39865], [-102.46011, 33.4006], [-102.46008, 33.40281], [-102.46005, 33.405], [-102.45999, 33.40729], [-102.45996, 33.40921], [-102.45998, 33.41116], [-102.45922, 33.4129], [-102.45851, 33.41464], [-102.45781, 33.41633], [-102.45707, 33.41814], [-102.45632, 33.41997], [-102.45551, 33.42186], [-102.45551, 33.42394], [-102.45549, 33.42603], [-102.45548, 33.4281], [-102.45545, 33.43004], [-102.45544, 33.43194], [-102.45542, 33.43387], [-102.45539, 33.43579], [-102.45537, 33.43788], [-102.45535, 33.43973], [-102.45533, 33.44172], [-102.45532, 33.44367], [-102.45529, 33.44508], [-102.45528, 33.44602], [-102.45502, 33.44603], [-102.4548, 33.44627]]}, "properties": {"owner": "LYNTEGAR ELECTRIC COOP, INC", "voltage_kv": 230.0}}, {"type": "Feature", "geometry": {"type": "LineString", "coordinates": [[-101.42274, 32.27429], [-101.42253, 32.27443], [-101.42267, 32.27499], [-101.4229, 32.27514]]}, "properties": {"owner": "ONCOR ELECTRIC DELIVERY CO.", "voltage_kv": 345.0}}, {"type": "Feature", "geometry": {"type": "LineString", "coordinates": [[-100.91611, 32.33413], [-100.91514, 32.33292], [-100.91443, 32.3314], [-100.91367, 32.32979], [-100.91069, 32.33084], [-100.9074, 32.33199], [-100.90432, 32.33307], [-100.9015, 32.33405], [-100.89866, 32.33504], [-100.89586, 32.33602], [-100.89278, 32.33715], [-100.89026, 32.3381], [-100.88738, 32.33919], [-100.88451, 32.34025], [-100.88151, 32.34138], [-100.87849, 32.34251], [-100.87544, 32.34365], [-100.8723, 32.34481], [-100.86934, 32.34594], [-100.86628, 32.34707], [-100.86325, 32.34821], [-100.86028, 32.34932], [-100.85721, 32.35044], [-100.85418, 32.35159], [-100.85122, 32.35271], [-100.84836, 32.35376], [-100.84566, 32.35477], [-100.84293, 32.3558], [-100.84018, 32.35682], [-100.83743, 32.35785], [-100.83468, 32.35887], [-100.83195, 32.35989], [-100.82924, 32.3609], [-100.82606, 32.36205], [-100.82541, 32.36277], [-100.82446, 32.36381], [-100.82221, 32.36626], [-100.82019, 32.36846], [-100.81809, 32.37073], [-100.8161, 32.37289], [-100.81411, 32.37505], [-100.81211, 32.37721], [-100.80993, 32.37958], [-100.80772, 32.38196], [-100.8055, 32.38434], [-100.80348, 32.38655], [-100.80128, 32.38893], [-100.79922, 32.39115], [-100.79712, 32.39342], [-100.79511, 32.3955], [-100.79366, 32.39799], [-100.79203, 32.40067], [-100.79044, 32.40324], [-100.78881, 32.40592], [-100.78717, 32.40859], [-100.78553, 32.41128], [-100.78393, 32.41391], [-100.78244, 32.41632], [-100.7808, 32.41902], [-100.77916, 32.42169], [-100.77751, 32.42439], [-100.77601, 32.42682], [-100.77436, 32.42948], [-100.7727, 32.43217], [-100.77109, 32.43487], [-100.76961, 32.43731], [-100.76802, 32.4399], [-100.76637, 32.44258], [-100.76486, 32.44501], [-100.76343, 32.44735], [-100.76202, 32.44968], [-100.7604, 32.45234], [-100.759, 32.45458], [-100.75914, 32.45723], [-100.75926, 32.45983], [-100.75713, 32.46147], [-100.7551, 32.46307], [-100.75299, 32.46469], [-100.7523, 32.46662], [-100.75159, 32.46846], [-100.75061, 32.47108], [-100.74955, 32.47377], [-100.74859, 32.47639], [-100.74759, 32.47899], [-100.74657, 32.48166], [-100.74552, 32.48441], [-100.7444, 32.48728], [-100.7434, 32.48989], [-100.74231, 32.49277], [-100.74131, 32.49539], [-100.74025, 32.49813], [-100.7392, 32.50087], [-100.73827, 32.50328], [-100.73724, 32.50567], [-100.73615, 32.50826], [-100.73506, 32.51083], [-100.73385, 32.51367], [-100.73267, 32.5164], [-100.73152, 32.51912], [-100.73036, 32.52187], [-100.72927, 32.52447], [-100.72613, 32.52501], [-100.7228, 32.52559], [-100.71947, 32.52615], [-100.71596, 32.52673], [-100.71279, 32.52725], [-100.70941, 32.52782], [-100.70589, 32.52841], [-100.70256, 32.52897], [-100.69932, 32.52951], [-100.6963, 32.53004], [-100.69326, 32.53055], [-100.6902, 32.53108], [-100.68781, 32.53149], [-100.68541, 32.53188], [-100.6852, 32.53087], [-100.6842, 32.53073]]}, "properties": {"owner": "ONCOR ELECTRIC DELIVERY CO.", "voltage_kv": 345.0}}, {"type": "Feature", "geometry": {"type": "LineString", "coordinates": [[-100.86202, 32.59853], [-100.8616, 32.59789], [-100.86163, 32.5973], [-100.86167, 32.59551], [-100.85085, 32.59551], [-100.85087, 32.58739], [-100.79145, 32.58675], [-100.79153, 32.57975], [-100.78059, 32.57959], [-100.77198, 32.54916], [-100.76235, 32.55114], [-100.75921, 32.54141], [-100.70521, 32.55316], [-100.69943, 32.53008], [-100.68498, 32.53254], [-100.68467, 32.531], [-100.6842, 32.53073]]}, "properties": {"owner": "ONCOR ELECTRIC DELIVERY CO.", "voltage_kv": 345.0}}, {"type": "Feature", "geometry": {"type": "LineString", "coordinates": [[-100.64804, 32.39873], [-100.64821, 32.39928], [-100.64834, 32.39978], [-100.64893, 32.40206], [-100.64952, 32.40433], [-100.65012, 32.4066], [-100.6507, 32.40888], [-100.65228, 32.41071], [-100.65331, 32.413], [-100.65387, 32.4152], [-100.65447, 32.4174], [-100.65506, 32.41959], [-100.65566, 32.42179], [-100.65626, 32.42398], [-100.65689, 32.42619], [-100.65613, 32.42835], [-100.65635, 32.42908], [-100.65694, 32.43126], [-100.65756, 32.43364], [-100.6581, 32.43571], [-100.65865, 32.43787], [-100.65919, 32.44005], [-100.65976, 32.44223], [-100.6603, 32.4444], [-100.66086, 32.44655], [-100.66141, 32.44874], [-100.66197, 32.45091], [-100.66253, 32.45311], [-100.66309, 32.45531], [-100.66364, 32.45747], [-100.6642, 32.45964], [-100.66473, 32.46178], [-100.6653, 32.46402], [-100.66586, 32.46621], [-100.66648, 32.46841], [-100.66684, 32.46992], [-100.66741, 32.47203], [-100.66801, 32.47435], [-100.6686, 32.47665], [-100.6692, 32.47896], [-100.66978, 32.48125], [-100.67036, 32.48354], [-100.67086, 32.4857], [-100.67139, 32.48773], [-100.67192, 32.48977], [-100.67246, 32.49179], [-100.67298, 32.49381], [-100.67352, 32.49584], [-100.67404, 32.49787], [-100.67453, 32.50004], [-100.67509, 32.50226], [-100.67564, 32.50455], [-100.67618, 32.5068], [-100.67671, 32.50898], [-100.67727, 32.51123], [-100.67772, 32.51305], [-100.67828, 32.51532], [-100.67883, 32.51758], [-100.67933, 32.51957], [-100.67996, 32.52187], [-100.68061, 32.52416], [-100.68123, 32.52647], [-100.68156, 32.52754], [-100.68197, 32.52867], [-100.68367, 32.52871], [-100.68396, 32.52992], [-100.6842, 32.53073]]}, "properties": {"owner": "ONCOR ELECTRIC DELIVERY CO.", "voltage_kv": 345.0}}, {"type": "Feature", "geometry": {"type": "LineString", "coordinates": [[-100.32121, 31.5291], [-100.32215, 31.52938], [-100.32454, 31.52941], [-100.3272, 31.52943], [-100.3307, 31.53053], [-100.33431, 31.53165], [-100.33769, 31.53273], [-100.34093, 31.53373], [-100.34409, 31.53471], [-100.34755, 31.53579], [-100.35112, 31.53689], [-100.35413, 31.53783], [-100.35728, 31.53882], [-100.36052, 31.53983], [-100.36089, 31.53995], [-100.36456, 31.53883], [-100.36827, 31.53771], [-100.37212, 31.53772], [-100.37627, 31.53774], [-100.3801, 31.53776], [-100.38389, 31.53778], [-100.38741, 31.53863], [-100.39087, 31.53948], [-100.39458, 31.54039], [-100.39827, 31.54129], [-100.40186, 31.54218], [-100.40529, 31.54213], [-100.40847, 31.5421], [-100.41186, 31.54206], [-100.41567, 31.54202], [-100.41946, 31.54198], [-100.4232, 31.54193], [-100.427, 31.54188], [-100.43002, 31.54334], [-100.43272, 31.54462], [-100.43566, 31.54474], [-100.43901, 31.5448], [-100.44284, 31.54486], [-100.44665, 31.54492], [-100.45047, 31.54498], [-100.45433, 31.54503], [-100.45817, 31.54508], [-100.46193, 31.54515], [-100.46578, 31.54521], [-100.46962, 31.54527], [-100.47346, 31.54532], [-100.47734, 31.54538], [-100.48109, 31.54544], [-100.48499, 31.54549], [-100.48867, 31.54554], [-100.49244, 31.54561], [-100.49619, 31.54566], [-100.49922, 31.5457], [-100.50329, 31.54577], [-100.50717, 31.54582], [-100.511, 31.54586], [-100.5141, 31.54748], [-100.51712, 31.54906], [-100.5201, 31.55061], [-100.52406, 31.55029], [-100.52713, 31.54991], [-100.53042, 31.54949], [-100.53394, 31.54905], [-100.53762, 31.54859], [-100.54081, 31.54819], [-100.54381, 31.54804], [-100.5467, 31.54789], [-100.5496, 31.54775], [-100.5529, 31.54804], [-100.55616, 31.54835], [-100.55858, 31.54716], [-100.56155, 31.54574], [-100.56458, 31.54425], [-100.56779, 31.54269], [-100.57067, 31.54128], [-100.57401, 31.53965], [-100.57595, 31.53695], [-100.57729, 31.53391], [-100.57845, 31.5313], [-100.58098, 31.52922], [-100.58351, 31.52712], [-100.58589, 31.52515], [-100.58903, 31.52256], [-100.59159, 31.52046], [-100.5944, 31.51813], [-100.59709, 31.51591], [-100.59849, 31.5147], [-100.59797, 31.51372]]}, "properties": {"owner": "AEP TEXAS NORTH CO.", "voltage_kv": 345.0}}, {"type": "Feature", "geometry": {"type": "LineString", "coordinates": [[-103.31386, 32.73929], [-103.31433, 32.73953], [-103.315, 32.73953], [-103.31121, 32.74325], [-103.30507, 32.7495], [-103.29737, 32.75712], [-103.28955, 32.76491], [-103.28178, 32.77274], [-103.27256, 32.78192], [-103.26462, 32.78984], [-103.2563, 32.79814], [-103.25015, 32.80432], [-103.23728, 32.81719], [-103.22769, 32.82674], [-103.21985, 32.8346], [-103.21156, 32.84281], [-103.20358, 32.8506], [-103.19449, 32.85983], [-103.17818, 32.8761], [-103.16534, 32.88896], [-103.14844, 32.90576], [-103.14039, 32.9137], [-103.11811, 32.93585], [-103.10191, 32.95199], [-103.09279, 32.96101], [-103.08368, 32.97007], [-103.07462, 32.97909], [-103.06461, 32.97909], [-103.06258, 32.97911], [-103.05995, 32.97909], [-103.05752, 32.97911], [-103.05492, 32.97911], [-103.05232, 32.97911], [-103.04971, 32.97911], [-103.04712, 32.97912], [-103.04507, 32.97912], [-103.04311, 32.97911], [-103.04152, 32.97911], [-103.0399, 32.97912], [-103.03713, 32.97912], [-103.03441, 32.97911], [-103.03166, 32.97911], [-103.02884, 32.97912], [-103.02605, 32.97912], [-103.02345, 32.97913], [-103.02083, 32.97912], [-103.01824, 32.97912], [-103.01561, 32.97911], [-103.01302, 32.97912], [-103.01058, 32.97912], [-103.00814, 32.97912], [-103.00569, 32.97911], [-103.00324, 32.97912], [-103.00077, 32.97911], [-102.99836, 32.97912], [-102.9959, 32.97912], [-102.99346, 32.97912], [-102.99103, 32.97912], [-102.98857, 32.97911], [-102.98601, 32.97912], [-102.98337, 32.97912], [-102.98084, 32.97913], [-102.97829, 32.97912], [-102.97554, 32.97913], [-102.97278, 32.97913], [-102.96998, 32.97913], [-102.96706, 32.97912], [-102.96459, 32.97913], [-102.96204, 32.97912], [-102.95952, 32.97913], [-102.95706, 32.97913], [-102.95703, 32.98142], [-102.95703, 32.98383], [-102.95702, 32.98627], [-102.95696, 32.98872], [-102.957, 32.99112], [-102.95701, 32.99248], [-102.95704, 32.99388], [-102.95702, 32.99613], [-102.95699, 32.99839], [-102.95705, 33.00059], [-102.95563, 33.00239], [-102.95421, 33.00429], [-102.95282, 33.00614], [-102.95141, 33.00798], [-102.95105, 33.00852], [-102.94988, 33.01003], [-102.94849, 33.01188], [-102.94712, 33.0137], [-102.94586, 33.01538], [-102.94445, 33.01723], [-102.94321, 33.01888], [-102.94197, 33.02051], [-102.94066, 33.02226], [-102.9393, 33.02406], [-102.93807, 33.02569], [-102.93697, 33.02715], [-102.93586, 33.02862], [-102.93452, 33.03039], [-102.93322, 33.03213], [-102.93195, 33.0338], [-102.9307, 33.03546], [-102.92943, 33.03715], [-102.92816, 33.03882], [-102.9269, 33.04051], [-102.92564, 33.04218], [-102.92442, 33.04379], [-102.9232, 33.04541], [-102.9222, 33.04669], [-102.92222, 33.04837], [-102.92221, 33.05029], [-102.92221, 33.05221], [-102.92221, 33.05433], [-102.92221, 33.05633], [-102.92221, 33.05863], [-102.92221, 33.06082], [-102.9222, 33.06289], [-102.9222, 33.06516], [-102.92219, 33.06716], [-102.92218, 33.06936], [-102.92218, 33.07122], [-102.92218, 33.07315], [-102.92217, 33.07541], [-102.92217, 33.07743], [-102.92216, 33.07923], [-102.92214, 33.08079], [-102.92046, 33.08077], [-102.91887, 33.08077], [-102.91711, 33.08076], [-102.91535, 33.08077], [-102.91357, 33.08077], [-102.91183, 33.08075], [-102.91006, 33.08074], [-102.90828, 33.08074], [-102.90654, 33.08074], [-102.90476, 33.08073], [-102.903, 33.08072], [-102.90124, 33.08074], [-102.89948, 33.08072], [-102.89771, 33.08071], [-102.89602, 33.08072], [-102.89432, 33.08071], [-102.89265, 33.08071], [-102.89096, 33.08071], [-102.88926, 33.0807], [-102.88752, 33.0807], [-102.8855, 33.08069], [-102.88349, 33.08069], [-102.88149, 33.08069], [-102.87947, 33.08066], [-102.87719, 33.0816], [-102.87486, 33.08254], [-102.87253, 33.08347], [-102.87032, 33.08437], [-102.86838, 33.08515], [-102.86625, 33.086], [-102.86413, 33.08685], [-102.86226, 33.08758], [-102.86074, 33.08891], [-102.85889, 33.09048], [-102.85709, 33.092], [-102.85533, 33.09351], [-102.85359, 33.09498], [-102.852, 33.09634], [-102.85049, 33.09762], [-102.84891, 33.09897], [-102.84739, 33.10025], [-102.84579, 33.10162], [-102.84422, 33.10295], [-102.84254, 33.10438], [-102.84085, 33.10581], [-102.83931, 33.10712], [-102.83776, 33.10844], [-102.83638, 33.10961], [-102.83451, 33.1096], [-102.83255, 33.1096], [-102.8306, 33.10959], [-102.82847, 33.10957], [-102.82618, 33.10956], [-102.82373, 33.10955], [-102.82112, 33.10953], [-102.81851, 33.10951], [-102.81612, 33.1095], [-102.81372, 33.10949], [-102.81132, 33.10947], [-102.80893, 33.10946], [-102.80654, 33.10945], [-102.80413, 33.10944], [-102.80151, 33.10944], [-102.79925, 33.10942], [-102.79678, 33.10943], [-102.7943, 33.10942], [-102.79183, 33.10942], [-102.78933, 33.10944], [-102.78685, 33.10946], [-102.78428, 33.10945], [-102.78186, 33.10945], [-102.77934, 33.10944], [-102.77687, 33.10945], [-102.77437, 33.10945], [-102.77189, 33.10946], [-102.76952, 33.10944], [-102.76699, 33.10946], [-102.76699, 33.111], [-102.76697, 33.11248], [-102.76697, 33.11396], [-102.76697, 33.11546], [-102.76696, 33.11695], [-102.76695, 33.11844], [-102.76694, 33.11991], [-102.76694, 33.12139], [-102.76693, 33.12287], [-102.76692, 33.12445], [-102.76727, 33.12447], [-102.76765, 33.1249]]}, "properties": {"owner": "NOT AVAILABLE", "voltage_kv": 230.0}}, {"type": "Feature", "geometry": {"type": "LineString", "coordinates": [[-104.24064, 32.8144], [-104.23951, 32.81504], [-104.23976, 32.81644], [-104.23997, 32.81984], [-104.24029, 32.82393], [-104.24031, 32.82812], [-104.24033, 32.83638], [-104.24032, 32.84049], [-104.24035, 32.84467], [-104.24034, 32.84884], [-104.24036, 32.85304], [-104.24035, 32.85699], [-104.24042, 32.86308], [-104.24042, 32.86714], [-104.24041, 32.87292], [-104.24043, 32.87868], [-104.24043, 32.88288], [-104.24047, 32.8895], [-104.24048, 32.89161], [-104.24052, 32.90209], [-104.2406, 32.93498], [-104.2407, 32.95863], [-104.24084, 32.97742], [-104.24083, 32.98995], [-104.24089, 33.0005], [-104.24091, 33.01336], [-104.24095, 33.02175], [-104.24092, 33.0296], [-104.24104, 33.0403], [-104.24109, 33.0585], [-104.24117, 33.07711], [-104.24132, 33.10456], [-104.24139, 33.11333], [-104.24133, 33.11757], [-104.24128, 33.12799], [-104.2411, 33.15166], [-104.24105, 33.16402], [-104.24097, 33.17672], [-104.24085, 33.19757], [-104.24069, 33.22499], [-104.24052, 33.24862], [-104.24047, 33.25934], [-104.24027, 33.28538], [-104.24019, 33.30073], [-104.24672, 33.30725], [-104.25505, 33.3155], [-104.26162, 33.32202], [-104.26838, 33.32871], [-104.2687, 33.34618], [-104.2688, 33.35051], [-104.27568, 33.35343], [-104.29406, 33.3613], [-104.30968, 33.36797], [-104.31806, 33.3715], [-104.32019, 33.37248], [-104.33333, 33.37255], [-104.33592, 33.37256], [-104.33792, 33.37996], [-104.34801, 33.37999], [-104.36088, 33.37997], [-104.38137, 33.37995], [-104.38644, 33.37998], [-104.40129, 33.382], [-104.40377, 33.38232], [-104.41432, 33.38193], [-104.42186, 33.38166], [-104.42482, 33.39115], [-104.42718, 33.3987], [-104.4298, 33.4071], [-104.43245, 33.41561], [-104.43309, 33.41776], [-104.43635, 33.42365], [-104.44192, 33.43386], [-104.44612, 33.44156], [-104.45043, 33.44946], [-104.45047, 33.45315], [-104.4512, 33.45314], [-104.45121, 33.45258], [-104.45152, 33.45221]]}, "properties": {"owner": "NOT AVAILABLE", "voltage_kv": 230.0}}, {"type": "Feature", "geometry": {"type": "LineString", "coordinates": [[-100.19485, 30.69594], [-100.19582, 30.69642], [-100.19798, 30.69794], [-100.20137, 30.7004], [-100.20421, 30.70247], [-100.2062, 30.70391], [-100.20946, 30.70627], [-100.21219, 30.70823], [-100.21477, 30.71009], [-100.21756, 30.71212], [-100.22046, 30.71423], [-100.22316, 30.71617], [-100.22618, 30.71835], [-100.22891, 30.72034], [-100.23177, 30.7224], [-100.23451, 30.7244], [-100.23984, 30.72825], [-100.24271, 30.73033], [-100.24532, 30.73222], [-100.24807, 30.73421], [-100.25089, 30.73624], [-100.25371, 30.7383], [-100.2565, 30.7404], [-100.25895, 30.74192], [-100.26107, 30.74331], [-100.26327, 30.74474], [-100.26638, 30.74677], [-100.26918, 30.74857], [-100.27106, 30.75014], [-100.2739, 30.7525], [-100.27616, 30.75435], [-100.27749, 30.75545], [-100.28037, 30.75546], [-100.28409, 30.75548], [-100.28457, 30.7582], [-100.28501, 30.76091], [-100.2875, 30.76271], [-100.29049, 30.76486], [-100.29331, 30.76692], [-100.29609, 30.76893], [-100.29916, 30.77115], [-100.30204, 30.77322], [-100.30525, 30.77555], [-100.30821, 30.77774], [-100.31028, 30.77922], [-100.31375, 30.78008], [-100.31716, 30.7809], [-100.32018, 30.78164], [-100.32325, 30.78238], [-100.3268, 30.78323], [-100.32944, 30.78386], [-100.33286, 30.78468], [-100.33586, 30.78542], [-100.33885, 30.78614], [-100.34151, 30.78677], [-100.34195, 30.7889], [-100.34239, 30.79114], [-100.34284, 30.79343], [-100.34289, 30.79638], [-100.3429, 30.79995], [-100.34292, 30.80276], [-100.34553, 30.80461], [-100.3488, 30.80698], [-100.35203, 30.80929], [-100.3551, 30.81154], [-100.35828, 30.81386], [-100.36123, 30.81603], [-100.36467, 30.8185], [-100.36799, 30.82092], [-100.37141, 30.82339], [-100.37438, 30.82552], [-100.37646, 30.82717], [-100.37774, 30.8282], [-100.37933, 30.82936], [-100.38121, 30.83071], [-100.38298, 30.83184], [-100.38477, 30.83299], [-100.38749, 30.83495], [-100.39033, 30.837], [-100.39333, 30.83916], [-100.39655, 30.84148], [-100.39993, 30.84393], [-100.40336, 30.84637], [-100.40649, 30.84862], [-100.40962, 30.85089], [-100.41312, 30.85337], [-100.41644, 30.85579], [-100.4196, 30.85813], [-100.42262, 30.86035], [-100.4262, 30.86289], [-100.42948, 30.86524], [-100.43278, 30.86762], [-100.43602, 30.86996], [-100.43841, 30.87167], [-100.43837, 30.87453], [-100.43839, 30.87764], [-100.43879, 30.88037], [-100.43928, 30.88366], [-100.43985, 30.88764], [-100.44033, 30.89091], [-100.43975, 30.89429], [-100.43911, 30.89814], [-100.43856, 30.90174], [-100.43852, 30.90464], [-100.43852, 30.90817], [-100.43849, 30.91188], [-100.43845, 30.91459], [-100.43852, 30.9179], [-100.43853, 30.92143], [-100.43852, 30.92471], [-100.43852, 30.92794], [-100.44077, 30.93052], [-100.44267, 30.93305], [-100.44465, 30.93576], [-100.44645, 30.9383], [-100.4487, 30.94122], [-100.45094, 30.94415], [-100.45314, 30.94704], [-100.45557, 30.95021], [-100.45797, 30.95336], [-100.46021, 30.95629], [-100.46236, 30.95912], [-100.46364, 30.96159], [-100.46495, 30.9643], [-100.46635, 30.9671], [-100.46812, 30.97066], [-100.4698, 30.97408], [-100.47135, 30.97721], [-100.47294, 30.98039], [-100.47465, 30.9838], [-100.47614, 30.98681], [-100.47798, 30.99043], [-100.47967, 30.99406], [-100.48151, 30.99775], [-100.4833, 31.00133], [-100.48508, 31.00496], [-100.48676, 31.00831], [-100.48854, 31.01184], [-100.49011, 31.01504], [-100.49154, 31.01786], [-100.49474, 31.02012], [-100.49831, 31.02268], [-100.50187, 31.02521], [-100.50513, 31.0275], [-100.50806, 31.02959], [-100.50804, 31.03297], [-100.50804, 31.0363], [-100.50789, 31.03942], [-100.5078, 31.04217], [-100.50798, 31.04366], [-100.51053, 31.04446], [-100.51357, 31.04537], [-100.5163, 31.04621], [-100.51675, 31.04634], [-100.51808, 31.04674], [-100.52015, 31.04608], [-100.52264, 31.0453], [-100.52594, 31.04425], [-100.53024, 31.04425], [-100.53058, 31.04426], [-100.53365, 31.04426], [-100.5363, 31.04494], [-100.54191, 31.04654], [-100.5431, 31.04719]]}, "properties": {"owner": "PEDERNALES ELECTRIC COOP, INC", "voltage_kv": 345.0}}, {"type": "Feature", "geometry": {"type": "LineString", "coordinates": [[-103.96485, 32.50668], [-103.96516, 32.50582], [-103.96604, 32.506], [-103.96611, 32.50596], [-103.96686, 32.5066], [-103.96645, 32.50581], [-103.96611, 32.50596], [-103.93957, 32.48354]]}, "properties": {"owner": "NOT AVAILABLE", "voltage_kv": 230.0}}, {"type": "Feature", "geometry": {"type": "LineString", "coordinates": [[-103.96516, 32.50582], [-103.97316, 32.55405], [-103.97646, 32.57286], [-103.97627, 32.57332]]}, "properties": {"owner": "NOT AVAILABLE", "voltage_kv": 230.0}}, {"type": "Feature", "geometry": {"type": "LineString", "coordinates": [[-100.72717, 32.3785], [-100.7275, 32.37821], [-100.72967, 32.37779], [-100.73226, 32.37735], [-100.73548, 32.37682], [-100.7387, 32.37629], [-100.74192, 32.37575], [-100.74513, 32.37522], [-100.74822, 32.37468], [-100.7515, 32.37416], [-100.75469, 32.37362], [-100.75786, 32.37309], [-100.76107, 32.37257], [-100.7643, 32.37203], [-100.7675, 32.37149], [-100.77076, 32.37095], [-100.77383, 32.37044], [-100.77703, 32.36991], [-100.78029, 32.36937], [-100.78335, 32.36886], [-100.78646, 32.36834], [-100.78958, 32.36782], [-100.7927, 32.36729], [-100.79586, 32.36677], [-100.79883, 32.36628], [-100.80196, 32.36577], [-100.80478, 32.3653], [-100.80811, 32.36474], [-100.81112, 32.36423], [-100.81412, 32.36373], [-100.81718, 32.36322], [-100.82022, 32.36271], [-100.82328, 32.36221], [-100.82632, 32.36171], [-100.82909, 32.36067], [-100.83183, 32.35964], [-100.83454, 32.35863], [-100.83729, 32.35761], [-100.84004, 32.35658], [-100.84279, 32.35556], [-100.84553, 32.35454], [-100.84825, 32.35353], [-100.85109, 32.35248], [-100.85404, 32.35136], [-100.85708, 32.35022], [-100.86009, 32.3491], [-100.86313, 32.34797], [-100.86614, 32.34684], [-100.86918, 32.34572], [-100.87221, 32.34458], [-100.87532, 32.34342], [-100.87838, 32.34226], [-100.88141, 32.34114], [-100.8844, 32.34002], [-100.88726, 32.33895], [-100.89015, 32.33787], [-100.89297, 32.33679], [-100.89576, 32.33579], [-100.89855, 32.33481], [-100.90138, 32.33382], [-100.90419, 32.33282], [-100.90724, 32.33176], [-100.90918, 32.33108], [-100.91226, 32.33001], [-100.91408, 32.32938], [-100.91501, 32.33147], [-100.91573, 32.33304], [-100.91611, 32.33413]]}, "properties": {"owner": "ONCOR ELECTRIC DELIVERY CO.", "voltage_kv": 345.0}}, {"type": "Feature", "geometry": {"type": "LineString", "coordinates": [[-102.73245, 33.12414], [-102.7497, 33.12419], [-102.76271, 33.12421], [-102.76484, 33.12424], [-102.7652, 33.12483], [-102.76524, 33.12588], [-102.76672, 33.12588], [-102.76702, 33.12565], [-102.76709, 33.12546], [-102.76765, 33.1249]]}, "properties": {"owner": "LEA COUNTY ELECTRIC COOP, INC", "voltage_kv": 230.0}}, {"type": "Feature", "geometry": {"type": "LineString", "coordinates": [[-100.5431, 31.04719], [-100.54457, 31.04709], [-100.54576, 31.0475], [-100.54846, 31.04953], [-100.55189, 31.05209], [-100.55553, 31.05483], [-100.55861, 31.05711], [-100.55856, 31.05955], [-100.55856, 31.0639], [-100.55859, 31.06807], [-100.55859, 31.07143], [-100.55861, 31.07566], [-100.55861, 31.07989], [-100.5586, 31.08407], [-100.55861, 31.08845], [-100.55862, 31.09212], [-100.55864, 31.09554], [-100.56125, 31.09554], [-100.56442, 31.09555], [-100.56935, 31.09554], [-100.57337, 31.09553], [-100.57602, 31.09552], [-100.57662, 31.09864], [-100.57738, 31.10243], [-100.57814, 31.10628], [-100.57864, 31.1088], [-100.57883, 31.10977], [-100.57947, 31.11307], [-100.58031, 31.11733], [-100.58113, 31.12154], [-100.58189, 31.12533], [-100.58268, 31.12937], [-100.58342, 31.13304], [-100.58408, 31.1366], [-100.58444, 31.13854], [-100.58442, 31.14181], [-100.58442, 31.14597], [-100.58438, 31.14918], [-100.58436, 31.15207], [-100.58431, 31.15581], [-100.5843, 31.15996], [-100.58428, 31.1634], [-100.58424, 31.16774], [-100.58526, 31.16972], [-100.58674, 31.17252], [-100.58839, 31.17564], [-100.59019, 31.17921], [-100.59176, 31.1822], [-100.59325, 31.18515], [-100.59588, 31.18721], [-100.59813, 31.18905], [-100.60059, 31.19105], [-100.60292, 31.19293], [-100.60548, 31.195], [-100.60777, 31.19686], [-100.60918, 31.19799], [-100.60916, 31.19976], [-100.60914, 31.20273], [-100.60912, 31.2056], [-100.60909, 31.20838], [-100.60907, 31.21137], [-100.61416, 31.2114], [-100.61821, 31.21142], [-100.62045, 31.21142], [-100.62497, 31.21145], [-100.62689, 31.21146], [-100.62919, 31.21148], [-100.63138, 31.21149], [-100.6314, 31.21341], [-100.63159, 31.21784], [-100.63172, 31.22138], [-100.63181, 31.22495], [-100.63196, 31.22942], [-100.63213, 31.23365], [-100.63227, 31.23792], [-100.63233, 31.24037], [-100.63232, 31.24309], [-100.63226, 31.24677], [-100.63223, 31.25067], [-100.6322, 31.25358], [-100.63282, 31.25687], [-100.63354, 31.26066], [-100.63411, 31.26368], [-100.63782, 31.26372], [-100.64179, 31.26377], [-100.64173, 31.26658], [-100.64171, 31.26952], [-100.64166, 31.27238], [-100.64165, 31.27464], [-100.64163, 31.27661], [-100.6417, 31.27883], [-100.64178, 31.28109], [-100.64186, 31.28338], [-100.64196, 31.28573], [-100.64204, 31.28801], [-100.64211, 31.29044], [-100.64221, 31.29269], [-100.64231, 31.29518], [-100.64241, 31.29844], [-100.64251, 31.30099], [-100.64259, 31.30308], [-100.64268, 31.30567], [-100.64278, 31.30879], [-100.6429, 31.3115], [-100.643, 31.31439], [-100.6431, 31.31729], [-100.6432, 31.32011], [-100.64331, 31.32298], [-100.6434, 31.32577], [-100.64349, 31.3287], [-100.64361, 31.33161], [-100.6437, 31.33412], [-100.64377, 31.33626], [-100.64387, 31.33858], [-100.64393, 31.34068], [-100.64315, 31.34266], [-100.64211, 31.34516], [-100.64114, 31.34752], [-100.64039, 31.34922], [-100.64041, 31.35096], [-100.64033, 31.35376], [-100.64027, 31.35598], [-100.63886, 31.35744], [-100.63685, 31.35954], [-100.63501, 31.36147], [-100.6333, 31.36324], [-100.63183, 31.36476], [-100.63372, 31.36624], [-100.63587, 31.36792], [-100.63782, 31.36945], [-100.6399, 31.37109], [-100.64219, 31.37288], [-100.64374, 31.37412], [-100.64372, 31.37661], [-100.64365, 31.38055], [-100.64362, 31.38474], [-100.6436, 31.38575], [-100.64356, 31.38785], [-100.64354, 31.39046], [-100.64071, 31.39085], [-100.6373, 31.39132], [-100.63404, 31.39176], [-100.63141, 31.39213], [-100.63139, 31.39459], [-100.63137, 31.39778], [-100.63137, 31.40023], [-100.63134, 31.40241], [-100.63133, 31.40479], [-100.63131, 31.4071], [-100.63128, 31.4095], [-100.63123, 31.41178], [-100.63117, 31.41426], [-100.63116, 31.41641], [-100.63114, 31.41887], [-100.63113, 31.42099], [-100.62867, 31.42216], [-100.62608, 31.42341], [-100.62606, 31.42599], [-100.62605, 31.42949], [-100.62604, 31.43305], [-100.62606, 31.43587], [-100.62603, 31.43777], [-100.62773, 31.43889], [-100.62772, 31.44171], [-100.62774, 31.44585], [-100.62773, 31.44942], [-100.62757, 31.45262], [-100.62737, 31.45633], [-100.62715, 31.46032], [-100.62697, 31.46425], [-100.62562, 31.4671], [-100.62371, 31.47112], [-100.62192, 31.47495], [-100.62001, 31.479], [-100.61817, 31.48276], [-100.61631, 31.48688], [-100.61469, 31.4901], [-100.61297, 31.49379], [-100.61113, 31.49765], [-100.60938, 31.50151], [-100.60755, 31.50555], [-100.60577, 31.50928], [-100.60423, 31.51249], [-100.60219, 31.5128], [-100.59943, 31.51327], [-100.59891, 31.51386], [-100.59797, 31.51372]]}, "properties": {"owner": "SOUTHWEST TEXAS ELEC COOP, INC", "voltage_kv": 345.0}}, {"type": "Feature", "geometry": {"type": "LineString", "coordinates": [[-102.3261, 31.83392], [-102.3253, 31.83346], [-102.32389, 31.83384], [-102.322, 31.83427], [-102.31908, 31.83352], [-102.31621, 31.83242], [-102.31535, 31.82966], [-102.31442, 31.827], [-102.3135, 31.82433], [-102.31257, 31.82168], [-102.31165, 31.81907], [-102.31072, 31.81635], [-102.30987, 31.81376], [-102.30923, 31.81136], [-102.31073, 31.81041], [-102.31209, 31.80956], [-102.3124, 31.80937], [-102.313, 31.80901], [-102.31406, 31.80834], [-102.3156, 31.80727], [-102.31819, 31.80567], [-102.3206, 31.8042], [-102.32314, 31.80262], [-102.32502, 31.80096], [-102.32705, 31.79917], [-102.32908, 31.79737], [-102.33113, 31.79557], [-102.33316, 31.79376], [-102.33564, 31.79318], [-102.33811, 31.79262], [-102.34103, 31.79194], [-102.34394, 31.79127], [-102.34685, 31.79062], [-102.34977, 31.78995], [-102.35272, 31.78926], [-102.35588, 31.78854], [-102.35908, 31.7878], [-102.36234, 31.78707], [-102.36559, 31.78632], [-102.36881, 31.78557], [-102.37204, 31.78483], [-102.37511, 31.78413], [-102.37825, 31.78342], [-102.38151, 31.78268], [-102.38477, 31.78193], [-102.38774, 31.78124], [-102.39074, 31.78057], [-102.39385, 31.77986], [-102.39716, 31.7791], [-102.40029, 31.77836], [-102.40346, 31.77771], [-102.40665, 31.77704], [-102.40976, 31.77637], [-102.41282, 31.77573], [-102.41582, 31.77508], [-102.41877, 31.77439], [-102.42187, 31.77366], [-102.42497, 31.77294], [-102.428, 31.77222], [-102.43104, 31.77151], [-102.43402, 31.77081], [-102.43704, 31.7701], [-102.44006, 31.7694], [-102.44308, 31.76869], [-102.4461, 31.76798], [-102.44913, 31.76728], [-102.45217, 31.76656], [-102.4552, 31.76586], [-102.45828, 31.76513], [-102.46126, 31.76445], [-102.46369, 31.76594], [-102.46626, 31.76748], [-102.46863, 31.76893], [-102.4711, 31.77046], [-102.47358, 31.77194], [-102.47606, 31.77343], [-102.47851, 31.77494], [-102.48099, 31.77644], [-102.48337, 31.77789], [-102.4858, 31.77937], [-102.4866, 31.78189], [-102.48744, 31.78447], [-102.48823, 31.78691], [-102.48907, 31.78957], [-102.48989, 31.79209], [-102.4907, 31.79467], [-102.49151, 31.79722], [-102.49234, 31.79977], [-102.49316, 31.80233], [-102.49398, 31.80486], [-102.49416, 31.80649], [-102.49437, 31.80814], [-102.495, 31.81009], [-102.49564, 31.81207], [-102.49551, 31.81304]]}, "properties": {"owner": "ONCOR ELECTRIC DELIVERY CO.", "voltage_kv": 345.0}}, {"type": "Feature", "geometry": {"type": "LineString", "coordinates": [[-100.91611, 32.33413], [-100.91655, 32.33223], [-100.91688, 32.3322], [-100.91928, 32.33197], [-100.92216, 32.33171], [-100.9262, 32.33133], [-100.92894, 32.3311], [-100.93209, 32.33022], [-100.93507, 32.32943], [-100.93809, 32.32861], [-100.94122, 32.32778], [-100.94435, 32.32695], [-100.94749, 32.32611], [-100.95063, 32.32527], [-100.95375, 32.32443], [-100.9569, 32.3236], [-100.96002, 32.32276], [-100.96315, 32.32192], [-100.96628, 32.32109], [-100.96942, 32.32025], [-100.97256, 32.31941], [-100.97563, 32.31859], [-100.97873, 32.31766], [-100.98184, 32.31675], [-100.98488, 32.31584], [-100.98795, 32.31493], [-100.991, 32.31401], [-100.99407, 32.31311], [-100.99709, 32.3122], [-101.00016, 32.31128], [-101.00322, 32.31038], [-101.00637, 32.30944], [-101.00951, 32.3085], [-101.01257, 32.3076], [-101.01563, 32.30668], [-101.01868, 32.30576], [-101.02173, 32.30487], [-101.02479, 32.30395], [-101.0278, 32.30304], [-101.03087, 32.30213], [-101.03392, 32.30123], [-101.03694, 32.3003], [-101.03999, 32.2994], [-101.04305, 32.29849], [-101.04612, 32.29757], [-101.04919, 32.29666], [-101.05225, 32.29574], [-101.0553, 32.29483], [-101.05837, 32.29391], [-101.06141, 32.293], [-101.06447, 32.29208], [-101.06751, 32.29118], [-101.07057, 32.29028], [-101.07363, 32.28935], [-101.07673, 32.28843], [-101.07983, 32.28749], [-101.08292, 32.28657], [-101.08604, 32.28564], [-101.08905, 32.28475], [-101.09216, 32.28381], [-101.09526, 32.28287], [-101.09815, 32.28226], [-101.10101, 32.28163], [-101.10388, 32.28101], [-101.10676, 32.28038], [-101.10969, 32.27973], [-101.11261, 32.27907], [-101.11556, 32.27843], [-101.1185, 32.27779], [-101.12144, 32.27714], [-101.12458, 32.27645], [-101.12771, 32.27576], [-101.13085, 32.27507], [-101.13396, 32.27439], [-101.13711, 32.27371], [-101.14009, 32.27306], [-101.14295, 32.27244], [-101.14586, 32.27181], [-101.14877, 32.27117], [-101.15168, 32.27053], [-101.15481, 32.26985], [-101.15791, 32.26917], [-101.16099, 32.26852], [-101.16412, 32.26784], [-101.16723, 32.26717], [-101.17033, 32.2665], [-101.17344, 32.26583], [-101.17663, 32.26514], [-101.17975, 32.26445], [-101.18289, 32.26377], [-101.18607, 32.26308], [-101.18923, 32.26239], [-101.1915, 32.26189], [-101.19462, 32.2612], [-101.19777, 32.26052], [-101.2009, 32.25983], [-101.20403, 32.25914], [-101.20715, 32.25845], [-101.21036, 32.25775], [-101.21359, 32.25705], [-101.2168, 32.25633], [-101.22, 32.25561], [-101.2227, 32.25508], [-101.22505, 32.25376], [-101.22814, 32.25313], [-101.23109, 32.25248], [-101.23409, 32.25183], [-101.23708, 32.25117], [-101.24009, 32.25051], [-101.24312, 32.24986], [-101.24611, 32.2492], [-101.24912, 32.24854], [-101.25202, 32.24792], [-101.25482, 32.2463], [-101.25754, 32.24471], [-101.26028, 32.24309], [-101.26295, 32.24151], [-101.26568, 32.23993], [-101.26833, 32.23836], [-101.27099, 32.2368], [-101.27331, 32.23543], [-101.27516, 32.23434], [-101.27798, 32.23268], [-101.28033, 32.23132], [-101.28265, 32.22996], [-101.28504, 32.22856], [-101.28748, 32.22712], [-101.28993, 32.22568], [-101.29236, 32.22424], [-101.29479, 32.2228], [-101.29754, 32.22119], [-101.30029, 32.21957], [-101.30305, 32.21795], [-101.30566, 32.21642], [-101.30836, 32.21482], [-101.31102, 32.21325], [-101.31376, 32.21164], [-101.31638, 32.2101], [-101.31907, 32.20853], [-101.32169, 32.20692], [-101.32469, 32.20629], [-101.32785, 32.20561], [-101.33101, 32.2049], [-101.33333, 32.20439], [-101.33653, 32.20368], [-101.33975, 32.20297], [-101.34295, 32.20226], [-101.34618, 32.20155], [-101.34934, 32.20085], [-101.35253, 32.20016], [-101.35573, 32.19945], [-101.35882, 32.19876], [-101.36203, 32.19804], [-101.36519, 32.19733], [-101.36835, 32.19663], [-101.3713, 32.196], [-101.37369, 32.19547], [-101.37402, 32.1954], [-101.37717, 32.19469], [-101.38002, 32.19407], [-101.38278, 32.19347], [-101.38332, 32.19533], [-101.38407, 32.19769], [-101.38484, 32.20023], [-101.38558, 32.20263], [-101.3864, 32.20498], [-101.38717, 32.20707], [-101.38728, 32.20735], [-101.3883, 32.20996], [-101.38921, 32.21245], [-101.39027, 32.21517], [-101.39119, 32.21763], [-101.39213, 32.22017], [-101.39316, 32.22278], [-101.3941, 32.22533], [-101.39506, 32.22795], [-101.39593, 32.23052], [-101.39699, 32.23327], [-101.39781, 32.23546], [-101.39858, 32.23753], [-101.39967, 32.24027], [-101.40072, 32.24286], [-101.40163, 32.24517], [-101.40252, 32.24736], [-101.40261, 32.24919], [-101.40273, 32.25111], [-101.40289, 32.2541], [-101.403, 32.25637], [-101.40313, 32.2587], [-101.40332, 32.26102], [-101.40318, 32.26361], [-101.40305, 32.26629], [-101.40296, 32.26811], [-101.40393, 32.27056], [-101.40499, 32.27335], [-101.40663, 32.27484], [-101.40894, 32.27694], [-101.41142, 32.27716], [-101.41442, 32.27744], [-101.41729, 32.27769], [-101.42027, 32.27689], [-101.42325, 32.27611], [-101.4229, 32.27514]]}, "properties": {"owner": "ONCOR ELECTRIC DELIVERY CO.", "voltage_kv": 345.0}}, {"type": "Feature", "geometry": {"type": "LineString", "coordinates": [[-100.86202, 32.59853], [-100.86172, 32.59888], [-100.86174, 32.60017], [-100.86476, 32.60018], [-100.86889, 32.59926], [-100.86889, 32.59544], [-100.88464, 32.59556], [-100.88481, 32.58816], [-100.94627, 32.58841], [-100.9545, 32.59533], [-100.95444, 32.60308], [-100.99261, 32.60415], [-101.00089, 32.6071], [-101.01649, 32.60704], [-101.04387, 32.6244], [-101.04361, 32.63022], [-101.05365, 32.63053], [-101.06823, 32.62761], [-101.11476, 32.62874], [-101.11499, 32.62777], [-101.12901, 32.62803], [-101.14971, 32.62813], [-101.18837, 32.62866], [-101.18835, 32.62939], [-101.20693, 32.62963], [-101.29815, 32.6401], [-101.38689, 32.65031], [-101.39483, 32.64823], [-101.3958, 32.64803]]}, "properties": {"owner": "ONCOR ELECTRIC DELIVERY CO.", "voltage_kv": 345.0}}, {"type": "Feature", "geometry": {"type": "LineString", "coordinates": [[-101.4229, 32.27514], [-101.42297, 32.27448], [-101.42293, 32.27433], [-101.42274, 32.27429]]}, "properties": {"owner": "ONCOR ELECTRIC DELIVERY CO.", "voltage_kv": 345.0}}, {"type": "Feature", "geometry": {"type": "LineString", "coordinates": [[-103.96516, 32.50582], [-103.96399, 32.50731], [-103.95862, 32.50156], [-103.951, 32.50304], [-103.94868, 32.50538], [-103.94701, 32.50622], [-103.94703, 32.51191], [-103.92279, 32.52014], [-103.92109, 32.52151], [-103.91662, 32.52231], [-103.91185, 32.52392], [-103.90221, 32.52719], [-103.89259, 32.53044], [-103.8758, 32.5361], [-103.85638, 32.54268], [-103.83711, 32.54923], [-103.81786, 32.55573], [-103.7909, 32.56483], [-103.74656, 32.57977], [-103.72562, 32.58684], [-103.70904, 32.59244], [-103.70034, 32.59539], [-103.68369, 32.60096], [-103.67644, 32.60338], [-103.66191, 32.60828], [-103.6426, 32.61481], [-103.62423, 32.62098], [-103.60739, 32.62659], [-103.59528, 32.63065], [-103.57145, 32.63867], [-103.56422, 32.64111], [-103.54758, 32.64668], [-103.53305, 32.65152], [-103.51375, 32.65799], [-103.49684, 32.66365], [-103.48252, 32.66846], [-103.45342, 32.67819], [-103.42045, 32.68921], [-103.40651, 32.69382], [-103.39518, 32.69764], [-103.37612, 32.70398], [-103.35964, 32.70948], [-103.35966, 32.71456], [-103.35235, 32.7146], [-103.35232, 32.71415], [-103.35271, 32.71416], [-103.35316, 32.7134]]}, "properties": {"owner": "NOT AVAILABLE", "voltage_kv": 230.0}}, {"type": "Feature", "geometry": {"type": "LineString", "coordinates": [[-100.59797, 31.51372], [-100.59875, 31.51472], [-100.59715, 31.51598], [-100.59446, 31.51821], [-100.59165, 31.52053], [-100.5891, 31.52264], [-100.58595, 31.52523], [-100.58358, 31.5272], [-100.58104, 31.52929], [-100.57853, 31.53137], [-100.57738, 31.53395], [-100.57604, 31.537], [-100.57408, 31.53973], [-100.57071, 31.54137], [-100.56783, 31.54278], [-100.56462, 31.54434], [-100.5616, 31.54583], [-100.55862, 31.54725], [-100.55618, 31.54845], [-100.55289, 31.54814], [-100.5496, 31.54785], [-100.5467, 31.54799], [-100.54381, 31.54814], [-100.54081, 31.54829], [-100.53763, 31.54869], [-100.53395, 31.54915], [-100.53043, 31.54959], [-100.52714, 31.55001], [-100.52408, 31.55039], [-100.52008, 31.55072], [-100.51708, 31.54914], [-100.51406, 31.54757], [-100.51098, 31.54596], [-100.50717, 31.54592], [-100.50329, 31.54587], [-100.49922, 31.5458], [-100.49619, 31.54576], [-100.49244, 31.54571], [-100.48867, 31.54564], [-100.48498, 31.54559], [-100.48109, 31.54554], [-100.47734, 31.54548], [-100.47346, 31.54542], [-100.46962, 31.54537], [-100.46578, 31.54531], [-100.46192, 31.54525], [-100.45816, 31.54518], [-100.45433, 31.54513], [-100.45047, 31.54508], [-100.44665, 31.54502], [-100.44284, 31.54496], [-100.43901, 31.5449], [-100.43565, 31.54484], [-100.43269, 31.54472], [-100.42997, 31.54343], [-100.42698, 31.54198], [-100.4232, 31.54203], [-100.41947, 31.54208], [-100.41567, 31.54212], [-100.41186, 31.54216], [-100.40847, 31.5422], [-100.40529, 31.54223], [-100.40185, 31.54228], [-100.39824, 31.54139], [-100.39456, 31.54049], [-100.39085, 31.53958], [-100.38739, 31.53873], [-100.38388, 31.53788], [-100.3801, 31.53786], [-100.37627, 31.53784], [-100.37212, 31.53782], [-100.36829, 31.53781], [-100.36459, 31.53893], [-100.36089, 31.54006], [-100.36049, 31.53993], [-100.35725, 31.53891], [-100.3541, 31.53792], [-100.35109, 31.53699], [-100.34752, 31.53589], [-100.34406, 31.53481], [-100.3409, 31.53382], [-100.33766, 31.53282], [-100.33428, 31.53175], [-100.33067, 31.53062], [-100.32719, 31.52953], [-100.32454, 31.52951], [-100.32215, 31.52948], [-100.32121, 31.5291]]}, "properties": {"owner": "AEP TEXAS NORTH CO.", "voltage_kv": 345.0}}, {"type": "Feature", "geometry": {"type": "LineString", "coordinates": [[-100.6842, 32.53073], [-100.68471, 32.53025], [-100.6843, 32.52845], [-100.68194, 32.52771], [-100.68155, 32.52759], [-100.68139, 32.52754], [-100.68117, 32.52747], [-100.68067, 32.52732], [-100.67912, 32.52682], [-100.677, 32.52829], [-100.67411, 32.53029], [-100.67116, 32.53234], [-100.66821, 32.53439], [-100.66711, 32.53514], [-100.66642, 32.53562], [-100.66605, 32.53587], [-100.66253, 32.53653], [-100.65879, 32.53721], [-100.65507, 32.53789], [-100.65132, 32.53857], [-100.648, 32.53917], [-100.6441, 32.53989], [-100.64043, 32.54056], [-100.63676, 32.54122], [-100.63308, 32.5419], [-100.62959, 32.54256], [-100.6261, 32.54323], [-100.62262, 32.54392], [-100.61913, 32.54458], [-100.61565, 32.54525], [-100.61216, 32.54593], [-100.60868, 32.54659], [-100.6052, 32.54726], [-100.60205, 32.54785], [-100.59843, 32.54853], [-100.59555, 32.54906], [-100.59269, 32.54959], [-100.58956, 32.55017], [-100.58644, 32.55076], [-100.58292, 32.55141], [-100.57926, 32.55209], [-100.57578, 32.55273], [-100.57237, 32.55336], [-100.56883, 32.55402], [-100.56542, 32.55466], [-100.56207, 32.55528], [-100.55884, 32.55587], [-100.55535, 32.55653], [-100.55167, 32.55721], [-100.54821, 32.55785], [-100.54495, 32.55846], [-100.54095, 32.5592], [-100.53638, 32.56005], [-100.53225, 32.5608], [-100.529, 32.56139], [-100.52615, 32.56196], [-100.52311, 32.56249], [-100.51978, 32.56308], [-100.51649, 32.56366], [-100.51317, 32.56426], [-100.51206, 32.5639], [-100.51053, 32.56341], [-100.50741, 32.5627], [-100.50483, 32.56228], [-100.50154, 32.56212], [-100.49818, 32.56203], [-100.49517, 32.56059], [-100.49228, 32.55926], [-100.48933, 32.5579], [-100.4857, 32.55684], [-100.48205, 32.55589], [-100.47878, 32.55509], [-100.47537, 32.55423], [-100.47238, 32.55354], [-100.46987, 32.55292], [-100.46717, 32.55229], [-100.46463, 32.55156], [-100.46153, 32.55012], [-100.45841, 32.54843], [-100.45524, 32.54634], [-100.45248, 32.54413], [-100.44996, 32.5416], [-100.44764, 32.53923], [-100.44556, 32.53705], [-100.44262, 32.53494], [-100.43962, 32.53293], [-100.43701, 32.53117], [-100.43398, 32.52913], [-100.43091, 32.52701], [-100.42793, 32.52506], [-100.42501, 32.52313], [-100.42199, 32.52113], [-100.419, 32.51905], [-100.41605, 32.51713], [-100.41292, 32.51495], [-100.41008, 32.51305], [-100.40707, 32.51099], [-100.40425, 32.50908], [-100.40245, 32.50805], [-100.39878, 32.50701], [-100.39497, 32.5061], [-100.39154, 32.5047], [-100.38865, 32.50366], [-100.38584, 32.50266], [-100.38264, 32.50219], [-100.37956, 32.50093], [-100.37633, 32.49964], [-100.37356, 32.49823], [-100.37088, 32.49684], [-100.36823, 32.49532], [-100.36733, 32.49236], [-100.36598, 32.48951], [-100.36463, 32.48667], [-100.36386, 32.48392], [-100.36307, 32.481], [-100.36212, 32.47741], [-100.36108, 32.47373], [-100.36026, 32.47065], [-100.35986, 32.46889], [-100.35962, 32.46785], [-100.35912, 32.46531], [-100.35858, 32.4628], [-100.35819, 32.46094], [-100.35612, 32.46104], [-100.35336, 32.46113], [-100.34986, 32.46127], [-100.34642, 32.46139], [-100.34289, 32.46153], [-100.33909, 32.46167], [-100.3381, 32.4617], [-100.33566, 32.46179], [-100.33274, 32.46191], [-100.32922, 32.46204], [-100.32589, 32.46271], [-100.32256, 32.4632], [-100.31892, 32.46387], [-100.31527, 32.46451], [-100.31166, 32.46559], [-100.30808, 32.46637], [-100.30504, 32.46691], [-100.30127, 32.46735], [-100.29743, 32.4678], [-100.29359, 32.46819], [-100.29065, 32.46831], [-100.28738, 32.4688], [-100.28423, 32.46933], [-100.28092, 32.46986], [-100.27803, 32.47033], [-100.2744, 32.4702], [-100.27091, 32.47088], [-100.26713, 32.47163], [-100.26371, 32.47177], [-100.26014, 32.47054], [-100.25869, 32.47004], [-100.2562, 32.46919], [-100.253, 32.46811], [-100.24972, 32.467], [-100.24607, 32.46573], [-100.24312, 32.46473], [-100.23992, 32.46364], [-100.23727, 32.46374], [-100.23467, 32.46383], [-100.23034, 32.46397], [-100.22601, 32.46412], [-100.22257, 32.46422], [-100.21926, 32.46434], [-100.21747, 32.46451], [-100.21693, 32.464]]}, "properties": {"owner": "ONCOR ELECTRIC DELIVERY CO.", "voltage_kv": 345.0}}, {"type": "Feature", "geometry": {"type": "LineString", "coordinates": [[-100.6842, 32.53073], [-100.68305, 32.53007], [-100.68291, 32.52962], [-100.68194, 32.52979], [-100.68239, 32.53174], [-100.68255, 32.53238], [-100.68259, 32.53253], [-100.68265, 32.53278], [-100.68301, 32.53424], [-100.6835, 32.53626], [-100.68398, 32.53827], [-100.68455, 32.54038], [-100.6849, 32.54154], [-100.68663, 32.54319], [-100.68837, 32.54483], [-100.69013, 32.54646], [-100.69191, 32.54809], [-100.69368, 32.54972], [-100.69545, 32.55134], [-100.69723, 32.55297], [-100.69899, 32.55459], [-100.70079, 32.55623], [-100.70235, 32.5577], [-100.70392, 32.55918], [-100.70337, 32.55978], [-100.70392, 32.56142], [-100.70441, 32.56291], [-100.70497, 32.56458], [-100.70564, 32.56662], [-100.70624, 32.56876], [-100.70685, 32.57091], [-100.70746, 32.57306], [-100.70792, 32.575], [-100.70839, 32.57694], [-100.70596, 32.5775], [-100.70353, 32.57804], [-100.701, 32.57855], [-100.69848, 32.57906], [-100.69595, 32.57956], [-100.69345, 32.58006], [-100.69332, 32.57962], [-100.69284, 32.57973], [-100.69251, 32.57969]]}, "properties": {"owner": "ONCOR ELECTRIC DELIVERY CO.", "voltage_kv": 345.0}}, {"type": "Feature", "geometry": {"type": "LineString", "coordinates": [[-101.73916, 33.52268], [-101.73811, 33.52263], [-101.73808, 33.52099], [-101.73705, 33.52045], [-101.73701, 33.51797], [-101.73697, 33.51549], [-101.73695, 33.51291], [-101.73692, 33.51021], [-101.73688, 33.50803], [-101.73684, 33.50553], [-101.73682, 33.503], [-101.73678, 33.50045], [-101.73674, 33.49791], [-101.73671, 33.49558], [-101.73668, 33.49311], [-101.73665, 33.49063], [-101.73662, 33.48827], [-101.73658, 33.48591], [-101.73655, 33.48354], [-101.73652, 33.48118], [-101.73649, 33.47882], [-101.73645, 33.47639], [-101.73642, 33.47407], [-101.73639, 33.47183], [-101.73635, 33.46929], [-101.73631, 33.4669], [-101.73629, 33.4645], [-101.73625, 33.46215], [-101.73622, 33.45974], [-101.73619, 33.45734], [-101.73616, 33.45495], [-101.73612, 33.45257], [-101.73609, 33.45018], [-101.73606, 33.44779], [-101.73603, 33.4454], [-101.73599, 33.44301], [-101.73597, 33.44061], [-101.73593, 33.43822], [-101.73589, 33.43584], [-101.73587, 33.43341], [-101.73358, 33.43343], [-101.73135, 33.43345], [-101.73131, 33.43142], [-101.73128, 33.42942], [-101.73125, 33.42741], [-101.73121, 33.4254], [-101.73117, 33.42295], [-101.7286, 33.42296], [-101.72861, 33.42041], [-101.72861, 33.41778], [-101.72856, 33.41509], [-101.72906, 33.41286], [-101.72899, 33.41061], [-101.72899, 33.40817], [-101.72898, 33.40579], [-101.72897, 33.40346], [-101.72896, 33.40111], [-101.72895, 33.39878], [-101.72894, 33.39644], [-101.72892, 33.39411], [-101.72891, 33.39177], [-101.7289, 33.3894], [-101.73156, 33.38881], [-101.73154, 33.38646], [-101.73153, 33.38407], [-101.7315, 33.38168], [-101.73149, 33.37929], [-101.73148, 33.37691], [-101.73146, 33.37448], [-101.72852, 33.37447], [-101.72556, 33.37446], [-101.7227, 33.37446], [-101.71976, 33.37447], [-101.71693, 33.37446], [-101.71402, 33.37449], [-101.71128, 33.37448], [-101.70839, 33.37446], [-101.70552, 33.37448], [-101.70264, 33.37447], [-101.69971, 33.37447], [-101.6968, 33.37448], [-101.69388, 33.37448], [-101.69099, 33.37449], [-101.68817, 33.37451], [-101.68817, 33.37206], [-101.68816, 33.36964], [-101.68817, 33.36721], [-101.68816, 33.36482], [-101.68817, 33.36238], [-101.68816, 33.35996], [-101.68815, 33.35754], [-101.68816, 33.35513], [-101.68816, 33.35323], [-101.68816, 33.35088], [-101.68815, 33.34851], [-101.68815, 33.34614], [-101.68815, 33.34377], [-101.68815, 33.34142], [-101.68815, 33.33905], [-101.68814, 33.33669], [-101.68814, 33.33432], [-101.68813, 33.33197], [-101.68814, 33.3296], [-101.68814, 33.32726], [-101.68814, 33.32489], [-101.68814, 33.3226], [-101.68813, 33.32022], [-101.68813, 33.31786], [-101.68814, 33.3155], [-101.68814, 33.31314], [-101.68813, 33.31105], [-101.68818, 33.30897], [-101.68766, 33.30654], [-101.68771, 33.30452], [-101.6877, 33.30197], [-101.68769, 33.29942], [-101.68768, 33.29702], [-101.68768, 33.29463], [-101.68768, 33.29226], [-101.68768, 33.28986], [-101.68769, 33.28818], [-101.68766, 33.28623], [-101.68767, 33.28378], [-101.68767, 33.28169], [-101.68767, 33.27962], [-101.68766, 33.27757], [-101.68766, 33.2755], [-101.68711, 33.27351], [-101.68655, 33.27151], [-101.68541, 33.26923], [-101.6845, 33.26745], [-101.68344, 33.26548], [-101.6835, 33.26306], [-101.68349, 33.26064], [-101.68349, 33.25823], [-101.68349, 33.2558], [-101.6835, 33.25338], [-101.6835, 33.25097], [-101.6835, 33.24855], [-101.6835, 33.24622], [-101.68349, 33.24388], [-101.6835, 33.24168], [-101.6835, 33.23916], [-101.6835, 33.23662], [-101.6835, 33.23416], [-101.6835, 33.23167], [-101.68351, 33.2292], [-101.6835, 33.22673], [-101.6835, 33.22431], [-101.68351, 33.22223], [-101.68352, 33.22018], [-101.68348, 33.21811], [-101.68404, 33.21575], [-101.684, 33.21329], [-101.684, 33.21086], [-101.68404, 33.20871], [-101.68408, 33.20646], [-101.68411, 33.20421], [-101.68414, 33.20195], [-101.68417, 33.1997], [-101.68421, 33.19745], [-101.68422, 33.19536], [-101.68424, 33.19292], [-101.68425, 33.19047], [-101.68426, 33.18802], [-101.68427, 33.18558], [-101.68428, 33.18313], [-101.68449, 33.18078], [-101.68455, 33.18032], [-101.68488, 33.18004]]}, "properties": {"owner": "LYNTEGAR ELECTRIC COOP, INC", "voltage_kv": 230.0}}, {"type": "Feature", "geometry": {"type": "LineString", "coordinates": [[-102.74326, 32.97309], [-102.74432, 32.97364], [-102.74533, 32.9736], [-102.7453, 32.97895], [-102.74043, 32.97892], [-102.72824, 32.97892], [-102.71816, 32.97887], [-102.71103, 32.97863], [-102.70603, 32.97861], [-102.70094, 32.97847], [-102.69838, 32.97839], [-102.69001, 32.97858], [-102.68287, 32.97857], [-102.68112, 32.97714], [-102.68115, 32.97284], [-102.68118, 32.96833], [-102.6812, 32.96448], [-102.67674, 32.96446], [-102.67452, 32.96445], [-102.6745, 32.9585], [-102.67448, 32.95607], [-102.67448, 32.9515], [-102.67455, 32.94702], [-102.67455, 32.94513], [-102.67468, 32.94132], [-102.67467, 32.93571], [-102.67467, 32.93184], [-102.67466, 32.92757], [-102.67466, 32.92197], [-102.67461, 32.91657], [-102.67455, 32.91498], [-102.67453, 32.91036], [-102.67455, 32.90821], [-102.67454, 32.90394], [-102.67451, 32.89811], [-102.67452, 32.89453], [-102.67451, 32.88828], [-102.67459, 32.88232], [-102.67453, 32.87802], [-102.67449, 32.87152], [-102.67448, 32.86528], [-102.67448, 32.85904], [-102.6747, 32.85696], [-102.67468, 32.85068], [-102.67468, 32.84474], [-102.67468, 32.83848], [-102.67466, 32.83223], [-102.67469, 32.82805], [-102.67475, 32.82584], [-102.67497, 32.81925], [-102.67496, 32.81437], [-102.67466, 32.81304], [-102.67462, 32.80556], [-102.67463, 32.79999], [-102.67463, 32.79423], [-102.6746, 32.78855], [-102.67462, 32.78328], [-102.67526, 32.78328], [-102.6756, 32.78289]]}, "properties": {"owner": "LEA COUNTY ELECTRIC COOP, INC", "voltage_kv": 230.0}}, {"type": "Feature", "geometry": {"type": "LineString", "coordinates": [[-102.32951, 31.83623], [-102.32865, 31.8366], [-102.32685, 31.83699], [-102.3274, 31.83863]]}, "properties": {"owner": "ONCOR ELECTRIC DELIVERY CO.", "voltage_kv": 345.0}}, {"type": "Feature", "geometry": {"type": "LineString", "coordinates": [[-101.45233, 32.1003], [-101.45266, 32.10053], [-101.4554, 32.09936], [-101.45833, 32.09816], [-101.46127, 32.09696], [-101.4642, 32.09578], [-101.46709, 32.09458], [-101.47001, 32.09339], [-101.47286, 32.09224], [-101.47567, 32.09107], [-101.4785, 32.08992], [-101.48136, 32.08875], [-101.48427, 32.08757], [-101.48697, 32.08646], [-101.4898, 32.08531], [-101.49281, 32.08407], [-101.49572, 32.08289], [-101.49872, 32.08165], [-101.50164, 32.08047], [-101.50461, 32.07925], [-101.50761, 32.07801], [-101.51048, 32.07686], [-101.51333, 32.07568], [-101.5163, 32.07447], [-101.51921, 32.07328], [-101.52211, 32.07208], [-101.52504, 32.07089], [-101.52795, 32.0697], [-101.53086, 32.06851], [-101.53376, 32.06732], [-101.53665, 32.06613], [-101.53955, 32.06496], [-101.5424, 32.06378], [-101.54517, 32.06265], [-101.54815, 32.06144], [-101.55106, 32.06023], [-101.55394, 32.05905], [-101.55671, 32.05791], [-101.55962, 32.05673], [-101.56268, 32.05547], [-101.56547, 32.05433], [-101.56838, 32.05314], [-101.57128, 32.05195], [-101.57417, 32.05076], [-101.57711, 32.04957], [-101.58002, 32.04837], [-101.58292, 32.04719], [-101.58581, 32.046], [-101.58875, 32.0448], [-101.59156, 32.04365], [-101.59455, 32.04242], [-101.59746, 32.04122], [-101.60031, 32.04005], [-101.60329, 32.03885], [-101.60618, 32.03765], [-101.60908, 32.03646], [-101.61191, 32.0353], [-101.61488, 32.03407], [-101.6178, 32.03288], [-101.62071, 32.03169], [-101.62367, 32.03047], [-101.62661, 32.02929], [-101.62955, 32.02806], [-101.63239, 32.0269], [-101.63541, 32.02567], [-101.63815, 32.02454], [-101.64104, 32.02335], [-101.64396, 32.02215], [-101.64687, 32.02096], [-101.64973, 32.01979], [-101.6527, 32.01858], [-101.65565, 32.01736], [-101.65856, 32.01616], [-101.66147, 32.01498], [-101.66437, 32.01378], [-101.66718, 32.01262], [-101.67014, 32.01141], [-101.67305, 32.01022], [-101.67596, 32.00902], [-101.67888, 32.00783], [-101.68178, 32.00663], [-101.6847, 32.00543], [-101.68762, 32.00423], [-101.69056, 32.00302], [-101.69353, 32.00181], [-101.69651, 32.00058], [-101.6995, 31.99937], [-101.70246, 31.99815], [-101.70546, 31.99692], [-101.70849, 31.99566], [-101.7114, 31.99449], [-101.71427, 31.99329], [-101.71721, 31.9921], [-101.72032, 31.99082], [-101.72334, 31.98956], [-101.72639, 31.98832], [-101.72929, 31.98712], [-101.73227, 31.9859], [-101.73527, 31.98467], [-101.73827, 31.98345], [-101.74123, 31.98222], [-101.74428, 31.98098], [-101.7474, 31.97968], [-101.75047, 31.97839], [-101.75361, 31.97712], [-101.75597, 31.97615], [-101.75908, 31.97486], [-101.76198, 31.97367], [-101.76502, 31.9724], [-101.76804, 31.97119], [-101.77094, 31.96997], [-101.77398, 31.96873], [-101.77696, 31.96751], [-101.77993, 31.96628], [-101.78288, 31.96507], [-101.78599, 31.9638], [-101.78885, 31.96259], [-101.79181, 31.96191], [-101.79474, 31.96124], [-101.79766, 31.96058], [-101.80058, 31.95991], [-101.8035, 31.95924], [-101.80692, 31.95845], [-101.81031, 31.95767], [-101.81352, 31.95692], [-101.81673, 31.95618], [-101.82004, 31.95542], [-101.82329, 31.95467], [-101.82657, 31.95391], [-101.82994, 31.95314], [-101.83322, 31.95237], [-101.83654, 31.95162], [-101.8399, 31.95084], [-101.8432, 31.95007], [-101.8465, 31.94932], [-101.84984, 31.94854], [-101.85313, 31.94778], [-101.85637, 31.94703], [-101.85974, 31.94625], [-101.863, 31.9455], [-101.86631, 31.94474], [-101.86951, 31.94399], [-101.87278, 31.94324], [-101.87596, 31.94251], [-101.87931, 31.94173], [-101.88259, 31.94097], [-101.88578, 31.94023], [-101.88899, 31.93949], [-101.89196, 31.9388], [-101.89508, 31.93808], [-101.89828, 31.93734], [-101.90129, 31.93664], [-101.90436, 31.93593], [-101.90749, 31.93519], [-101.91059, 31.93449], [-101.91372, 31.93376], [-101.91676, 31.93306], [-101.91987, 31.93234], [-101.92299, 31.93162], [-101.92608, 31.93089], [-101.92915, 31.93019], [-101.93228, 31.92947], [-101.93537, 31.92874], [-101.93848, 31.92805], [-101.94159, 31.92738], [-101.9447, 31.92672], [-101.94796, 31.92603], [-101.95094, 31.92537], [-101.95402, 31.92466], [-101.95713, 31.92394], [-101.96021, 31.92323], [-101.96331, 31.92251], [-101.96639, 31.92179], [-101.9695, 31.92107], [-101.9726, 31.92036], [-101.9757, 31.91964], [-101.97875, 31.91893], [-101.98186, 31.91821], [-101.98498, 31.91749], [-101.98809, 31.91676], [-101.99097, 31.9161], [-101.99421, 31.91534], [-101.99734, 31.91462], [-102.00048, 31.91389], [-102.00329, 31.91325], [-102.00668, 31.91246], [-102.00986, 31.91172], [-102.01303, 31.91098], [-102.01626, 31.91023], [-102.01938, 31.90951], [-102.02255, 31.90878], [-102.0257, 31.90805], [-102.02895, 31.90729], [-102.03219, 31.90655], [-102.03544, 31.90579], [-102.03857, 31.90506], [-102.04143, 31.90439], [-102.04494, 31.90358], [-102.04806, 31.90286], [-102.05125, 31.90212], [-102.0544, 31.90138], [-102.05756, 31.90065], [-102.06067, 31.89992], [-102.06375, 31.89921], [-102.06706, 31.89845], [-102.07015, 31.89772], [-102.07342, 31.89696], [-102.07659, 31.89623], [-102.07971, 31.8955], [-102.08288, 31.89477], [-102.08579, 31.89409], [-102.08915, 31.89331], [-102.09239, 31.89255], [-102.09552, 31.89183], [-102.0987, 31.89109], [-102.1021, 31.89029], [-102.10518, 31.88958], [-102.10827, 31.88886], [-102.11139, 31.88814], [-102.11441, 31.88743], [-102.1176, 31.88669], [-102.12078, 31.88594], [-102.12402, 31.88518], [-102.12713, 31.88446], [-102.13026, 31.88374], [-102.13345, 31.88299], [-102.13655, 31.88227], [-102.13971, 31.88151], [-102.14272, 31.88079], [-102.14582, 31.88006], [-102.14899, 31.87931], [-102.15216, 31.87855], [-102.15542, 31.87777], [-102.15849, 31.87704], [-102.16161, 31.8763], [-102.16473, 31.87556], [-102.16784, 31.87481], [-102.17092, 31.87408], [-102.17422, 31.8733], [-102.17722, 31.87258], [-102.18023, 31.87186], [-102.18334, 31.87113], [-102.18644, 31.87039], [-102.18954, 31.86965], [-102.19255, 31.86893], [-102.19569, 31.8682], [-102.19885, 31.86744], [-102.20204, 31.86667], [-102.20507, 31.86601], [-102.20815, 31.86532], [-102.21125, 31.86463], [-102.21399, 31.86402], [-102.21731, 31.86328], [-102.22057, 31.86244], [-102.22352, 31.86168], [-102.22677, 31.86084], [-102.22984, 31.86005], [-102.23294, 31.85925], [-102.23603, 31.85847], [-102.23918, 31.8577], [-102.24225, 31.85695], [-102.24531, 31.85621], [-102.24839, 31.85545], [-102.25156, 31.85469], [-102.25474, 31.85391], [-102.25791, 31.85314], [-102.26111, 31.85236], [-102.26423, 31.8516], [-102.26744, 31.85083], [-102.27055, 31.85006], [-102.27379, 31.84928], [-102.27702, 31.84849], [-102.28029, 31.8477], [-102.2836, 31.84689], [-102.28671, 31.84613], [-102.28974, 31.84539], [-102.29285, 31.84463], [-102.29603, 31.84386], [-102.29913, 31.8431], [-102.30223, 31.84235], [-102.30535, 31.84159], [-102.30845, 31.84086], [-102.31165, 31.84009], [-102.31426, 31.83944], [-102.31575, 31.83912], [-102.31594, 31.83976], [-102.31627, 31.84]]}, "properties": {"owner": "ONCOR ELECTRIC DELIVERY CO.", "voltage_kv": 345.0}}, {"type": "Feature", "geometry": {"type": "LineString", "coordinates": [[-106.13817, 32.5194], [-106.13463, 32.51962], [-106.12425, 32.51961], [-106.05979, 32.54751], [-105.90672, 32.54765], [-105.88149, 32.52857], [-105.84374, 32.52778], [-105.67919, 32.46844], [-105.56613, 32.49768], [-105.56349, 32.49795], [-105.54655, 32.49988], [-105.53229, 32.50541], [-105.47137, 32.52442], [-105.4287, 32.5315], [-105.30684, 32.60451], [-105.19999, 32.60293], [-105.07716, 32.64194], [-105.05592, 32.65068], [-104.97995, 32.68179], [-104.71119, 32.66386], [-104.61672, 32.64081], [-104.54531, 32.65408], [-104.44143, 32.65434], [-104.39704, 32.67566], [-104.37232, 32.67554], [-104.27658, 32.67533], [-104.27586, 32.71458], [-104.2756, 32.73508], [-104.27552, 32.7556], [-104.27527, 32.77368], [-104.27508, 32.79642], [-104.27525, 32.8033], [-104.26054, 32.80765], [-104.2483, 32.81118], [-104.2464, 32.81431], [-104.24064, 32.8144]]}, "properties": {"owner": "NOT AVAILABLE", "voltage_kv": 345.0}}, {"type": "Feature", "geometry": {"type": "LineString", "coordinates": [[-100.21693, 32.464], [-100.21769, 32.46432], [-100.21925, 32.46424], [-100.22257, 32.46412], [-100.22601, 32.46402], [-100.23034, 32.46387], [-100.23467, 32.46373], [-100.23727, 32.46364], [-100.23994, 32.46354], [-100.24316, 32.46464], [-100.2461, 32.46564], [-100.24976, 32.4669], [-100.25303, 32.46802], [-100.25623, 32.4691], [-100.25872, 32.46995], [-100.26017, 32.47044], [-100.26373, 32.47167], [-100.26712, 32.47153], [-100.27089, 32.47078], [-100.27439, 32.4701], [-100.27803, 32.47023], [-100.2809, 32.46976], [-100.28421, 32.46923], [-100.28736, 32.4687], [-100.29064, 32.46821], [-100.29358, 32.46809], [-100.29742, 32.4677], [-100.30125, 32.46726], [-100.30502, 32.46681], [-100.30806, 32.46627], [-100.31164, 32.4655], [-100.31525, 32.46442], [-100.3189, 32.46377], [-100.32254, 32.46311], [-100.32587, 32.46261], [-100.32921, 32.46194], [-100.33274, 32.46181], [-100.33565, 32.46169], [-100.3381, 32.4616], [-100.33909, 32.46157], [-100.34289, 32.46143], [-100.34641, 32.46129], [-100.34985, 32.46117], [-100.35336, 32.46103], [-100.35612, 32.46094], [-100.35827, 32.46084], [-100.35868, 32.46278], [-100.35921, 32.46529], [-100.35972, 32.46783], [-100.35996, 32.46887], [-100.36036, 32.47063], [-100.36118, 32.4737], [-100.36222, 32.47738], [-100.36317, 32.48097], [-100.36395, 32.4839], [-100.36473, 32.48663], [-100.36607, 32.48947], [-100.36742, 32.49233], [-100.36831, 32.49526], [-100.37093, 32.49675], [-100.37361, 32.49814], [-100.37637, 32.49955], [-100.3796, 32.50084], [-100.38266, 32.50209], [-100.38586, 32.50256], [-100.38868, 32.50356], [-100.39157, 32.5046], [-100.395, 32.506], [-100.3988, 32.50691], [-100.40248, 32.50796], [-100.40431, 32.50899], [-100.40713, 32.51091], [-100.41013, 32.51296], [-100.41297, 32.51486], [-100.4161, 32.51704], [-100.41906, 32.51897], [-100.42204, 32.52105], [-100.42507, 32.52305], [-100.42798, 32.52497], [-100.43097, 32.52692], [-100.43404, 32.52904], [-100.43706, 32.53109], [-100.43968, 32.53284], [-100.44267, 32.53486], [-100.44563, 32.53698], [-100.44771, 32.53916], [-100.45003, 32.54153], [-100.45255, 32.54405], [-100.4553, 32.54626], [-100.45846, 32.54834], [-100.46157, 32.55003], [-100.46467, 32.55147], [-100.46719, 32.55219], [-100.4699, 32.55282], [-100.47241, 32.55344], [-100.47539, 32.55413], [-100.4788, 32.55499], [-100.48207, 32.55579], [-100.48572, 32.55674], [-100.48936, 32.55781], [-100.49232, 32.55917], [-100.49522, 32.5605], [-100.4982, 32.56193], [-100.50155, 32.56202], [-100.50484, 32.56218], [-100.50742, 32.5626], [-100.51055, 32.56331], [-100.51209, 32.56381], [-100.51318, 32.56416], [-100.51647, 32.56357], [-100.51977, 32.56298], [-100.52309, 32.56239], [-100.52613, 32.56187], [-100.52898, 32.5613], [-100.53224, 32.5607], [-100.53636, 32.55995], [-100.54093, 32.5591], [-100.54493, 32.55836], [-100.54819, 32.55776], [-100.55166, 32.55711], [-100.55533, 32.55643], [-100.55883, 32.55577], [-100.56205, 32.55518], [-100.5654, 32.55456], [-100.56881, 32.55392], [-100.57235, 32.55326], [-100.57576, 32.55263], [-100.57924, 32.55199], [-100.5829, 32.55131], [-100.58642, 32.55066], [-100.58954, 32.55007], [-100.59267, 32.54949], [-100.59553, 32.54896], [-100.59841, 32.54843], [-100.60203, 32.54776], [-100.60518, 32.54717], [-100.60866, 32.54649], [-100.61214, 32.54583], [-100.61563, 32.54515], [-100.61911, 32.54448], [-100.6226, 32.54382], [-100.62608, 32.54314], [-100.62957, 32.54246], [-100.63306, 32.5418], [-100.63675, 32.54112], [-100.64041, 32.54046], [-100.64408, 32.53979], [-100.64798, 32.53907], [-100.6513, 32.53847], [-100.65505, 32.53779], [-100.65878, 32.53711], [-100.66252, 32.53643], [-100.66601, 32.53578], [-100.66636, 32.53554], [-100.66705, 32.53506], [-100.66815, 32.5343], [-100.67111, 32.53226], [-100.67405, 32.53021], [-100.67694, 32.5282], [-100.6791, 32.52671], [-100.6807, 32.52722], [-100.6812, 32.52738], [-100.68142, 32.52745], [-100.68158, 32.5275], [-100.68197, 32.52762], [-100.68433, 32.52835], [-100.68499, 32.53021], [-100.6842, 32.53073]]}, "properties": {"owner": "ONCOR ELECTRIC DELIVERY CO.", "voltage_kv": 345.0}}, {"type": "Feature", "geometry": {"type": "LineString", "coordinates": [[-102.56999, 34.18135], [-102.57069, 34.18176], [-102.57212, 34.18176], [-102.57217, 34.17917], [-102.57215, 34.17736], [-102.57219, 34.17516], [-102.5722, 34.17293], [-102.57395, 34.17223], [-102.57582, 34.17146], [-102.57841, 34.17042], [-102.58109, 34.16934], [-102.58369, 34.16828], [-102.58638, 34.16719], [-102.58902, 34.16613], [-102.59173, 34.16503], [-102.59427, 34.164], [-102.59695, 34.16291], [-102.5996, 34.16183], [-102.60169, 34.16099], [-102.6042, 34.15997], [-102.60673, 34.15895], [-102.60925, 34.15792], [-102.61182, 34.1569], [-102.61435, 34.15585], [-102.61713, 34.15474], [-102.6198, 34.15365], [-102.62245, 34.15258], [-102.62515, 34.15148], [-102.62742, 34.15056], [-102.63011, 34.14947], [-102.63278, 34.14839], [-102.63503, 34.14746], [-102.63742, 34.14652], [-102.63979, 34.14556], [-102.64223, 34.14455], [-102.64467, 34.14356], [-102.64704, 34.1426], [-102.6494, 34.14163], [-102.65192, 34.14061], [-102.65436, 34.13962], [-102.65711, 34.13966], [-102.65995, 34.13971], [-102.66305, 34.13974], [-102.66603, 34.13979], [-102.668, 34.13983], [-102.67097, 34.13987], [-102.67381, 34.13992], [-102.6768, 34.13996], [-102.67978, 34.14], [-102.68273, 34.14004], [-102.68559, 34.14009], [-102.6885, 34.14013], [-102.69133, 34.14017], [-102.69418, 34.14022], [-102.69682, 34.14022], [-102.69959, 34.14026], [-102.70244, 34.14028], [-102.70528, 34.14031], [-102.70816, 34.14032], [-102.71105, 34.14035], [-102.71383, 34.14037], [-102.71676, 34.1404], [-102.71889, 34.1404], [-102.72119, 34.14043], [-102.72384, 34.14045], [-102.72635, 34.14047], [-102.72869, 34.1405], [-102.73134, 34.14052], [-102.7342, 34.14054], [-102.73706, 34.14056], [-102.74004, 34.14061], [-102.74302, 34.14064], [-102.74598, 34.14068], [-102.74889, 34.14072], [-102.75186, 34.14074], [-102.75457, 34.14079], [-102.75718, 34.14081], [-102.75996, 34.14084], [-102.76285, 34.14087], [-102.76565, 34.1409], [-102.76843, 34.14092], [-102.77126, 34.14097], [-102.77407, 34.14101], [-102.77687, 34.14104], [-102.77967, 34.14106], [-102.78213, 34.14112], [-102.78456, 34.14117], [-102.78749, 34.14123], [-102.7904, 34.14131], [-102.7933, 34.14137], [-102.7962, 34.14143], [-102.79911, 34.14148], [-102.80209, 34.14155], [-102.80498, 34.1416], [-102.80789, 34.14168], [-102.8108, 34.14174], [-102.81377, 34.1418], [-102.81641, 34.14186], [-102.81875, 34.14192], [-102.82168, 34.14199], [-102.82459, 34.14206], [-102.82741, 34.14212], [-102.83022, 34.14216], [-102.83304, 34.1422], [-102.83582, 34.14221], [-102.83865, 34.14226], [-102.84129, 34.14229], [-102.84408, 34.1423], [-102.84696, 34.14234], [-102.84697, 34.13971], [-102.84701, 34.13714], [-102.84701, 34.13456], [-102.84706, 34.13199], [-102.84707, 34.12947], [-102.84708, 34.12686], [-102.84711, 34.12446], [-102.84713, 34.12199], [-102.84717, 34.11968], [-102.84715, 34.11725], [-102.84718, 34.11483], [-102.84722, 34.11244], [-102.84725, 34.11001], [-102.84964, 34.10859], [-102.852, 34.10716], [-102.85439, 34.10578], [-102.85639, 34.10458], [-102.8588, 34.10311], [-102.86113, 34.10173], [-102.86352, 34.10033], [-102.86526, 34.09927], [-102.86727, 34.09808], [-102.86941, 34.0968], [-102.87183, 34.09537], [-102.87442, 34.09384], [-102.87667, 34.0925], [-102.87908, 34.09107], [-102.8815, 34.08962], [-102.88391, 34.08818], [-102.88633, 34.08674], [-102.88876, 34.0853], [-102.89117, 34.08386], [-102.89372, 34.08234], [-102.89569, 34.08117], [-102.89819, 34.07968], [-102.90043, 34.07835], [-102.90276, 34.07696], [-102.90475, 34.07579], [-102.90688, 34.0745], [-102.90896, 34.07328], [-102.91082, 34.07217], [-102.91335, 34.07066], [-102.91576, 34.06923], [-102.91796, 34.06793], [-102.92029, 34.06653], [-102.92231, 34.06532], [-102.92433, 34.06413], [-102.92634, 34.06292], [-102.92815, 34.06186], [-102.93088, 34.06188], [-102.934, 34.06191], [-102.93699, 34.06192], [-102.93997, 34.06195], [-102.94293, 34.06198], [-102.9459, 34.06202], [-102.94888, 34.06204], [-102.95152, 34.06206], [-102.9545, 34.06208], [-102.95746, 34.06211], [-102.96036, 34.06214], [-102.96322, 34.06216], [-102.96608, 34.06219], [-102.96876, 34.06222], [-102.97116, 34.06223], [-102.97413, 34.06227], [-102.9771, 34.06228], [-102.98006, 34.06232], [-102.98271, 34.06231], [-102.98551, 34.06148], [-102.9883, 34.06061], [-102.99108, 34.05977], [-102.99393, 34.05888], [-102.99678, 34.05801], [-102.99957, 34.05715], [-103.00242, 34.05627], [-103.00525, 34.05541], [-103.00805, 34.05454], [-103.01082, 34.05367], [-103.01322, 34.05294], [-103.01569, 34.05218], [-103.01833, 34.05137], [-103.02089, 34.05057], [-103.02343, 34.04978], [-103.02605, 34.04897], [-103.0285, 34.04823], [-103.03124, 34.04737], [-103.03396, 34.04655], [-103.03643, 34.04579], [-103.03908, 34.04497], [-103.04173, 34.04416], [-103.04376, 34.04355], [-103.05562, 34.03992], [-103.07491, 34.03396], [-103.09711, 34.02709], [-103.12218, 34.01932], [-103.14726, 34.01165], [-103.16966, 34.00465], [-103.19618, 33.99644], [-103.19622, 33.9868], [-103.19626, 33.97722], [-103.19627, 33.96779], [-103.20789, 33.96762], [-103.2255, 33.96745], [-103.24567, 33.96724], [-103.24857, 33.96723], [-103.26584, 33.96739], [-103.27448, 33.96746], [-103.27442, 33.95272], [-103.27438, 33.94301], [-103.27433, 33.93319], [-103.27432, 33.9233], [-103.27425, 33.91132], [-103.27426, 33.90163], [-103.27425, 33.88951], [-103.27423, 33.87273], [-103.27427, 33.86066], [-103.27436, 33.85105], [-103.2744, 33.84374], [-103.28933, 33.83075], [-103.30149, 33.82018], [-103.31256, 33.81053], [-103.32571, 33.79907], [-103.33789, 33.78851], [-103.34811, 33.77964], [-103.36039, 33.76891], [-103.37245, 33.75852], [-103.38452, 33.74792], [-103.3965, 33.73745], [-103.40866, 33.72686], [-103.4187, 33.71805], [-103.43292, 33.70575], [-103.44493, 33.69525], [-103.45497, 33.68643], [-103.46704, 33.67591], [-103.47911, 33.66538], [-103.48915, 33.65661], [-103.50284, 33.64464], [-103.51477, 33.63422], [-103.52478, 33.62552], [-103.53677, 33.61495], [-103.54699, 33.60601], [-103.55705, 33.59717], [-103.56935, 33.58646], [-103.58127, 33.57597], [-103.59337, 33.56539], [-103.6036, 33.55643], [-103.61374, 33.54749], [-103.62392, 33.53857], [-103.63379, 33.52991], [-103.63391, 33.51844], [-103.63403, 33.50918], [-103.63429, 33.49721], [-103.63435, 33.48978], [-103.63454, 33.47742], [-103.63476, 33.46823], [-103.63485, 33.45744], [-103.63489, 33.44694], [-103.63495, 33.43621], [-103.635, 33.42667], [-103.63508, 33.41467], [-103.63511, 33.40742], [-103.6352, 33.3954], [-103.6357, 33.38383], [-103.63619, 33.37415], [-103.63625, 33.36477], [-103.63626, 33.35339], [-103.63622, 33.34418], [-103.63622, 33.33237], [-103.63619, 33.32244], [-103.63621, 33.31307], [-103.63619, 33.30395], [-103.63615, 33.29937], [-103.64013, 33.29281], [-103.64686, 33.28175], [-103.65222, 33.27297], [-103.65882, 33.262], [-103.66549, 33.25103], [-103.67074, 33.24228], [-103.67737, 33.23132], [-103.68395, 33.22038], [-103.69062, 33.20946], [-103.69708, 33.19877], [-103.70356, 33.18796], [-103.71004, 33.17724], [-103.71524, 33.16862], [-103.72175, 33.1579], [-103.7334, 33.13857], [-103.73997, 33.12767], [-103.75991, 33.09457], [-103.7718, 33.07498], [-103.77838, 33.06397], [-103.79081, 33.04331], [-103.7961, 33.03458], [-103.80262, 33.02369], [-103.81412, 33.00463], [-103.81797, 32.9981], [-103.82932, 32.9793], [-103.8542, 32.97936], [-103.87735, 32.97939], [-103.89046, 32.97936], [-103.92196, 32.97943], [-103.94701, 32.97948], [-103.97182, 32.97948], [-103.98292, 32.9795], [-103.99465, 32.97951], [-104.02994, 32.97955], [-104.06241, 32.97961], [-104.10843, 32.97955], [-104.12903, 32.97951], [-104.13593, 32.97954], [-104.15117, 32.95622], [-104.1569, 32.94751], [-104.16104, 32.94104], [-104.17072, 32.92594], [-104.17809, 32.91503], [-104.18645, 32.90223], [-104.20038, 32.88083], [-104.20844, 32.86853], [-104.22099, 32.84924], [-104.22612, 32.84135], [-104.23217, 32.83216], [-104.23215, 32.82554], [-104.23217, 32.82115], [-104.23209, 32.81461], [-104.23671, 32.81464], [-104.23921, 32.81464], [-104.24064, 32.8144]]}, "properties": {"owner": "NOT AVAILABLE", "voltage_kv": 345.0}}, {"type": "Feature", "geometry": {"type": "LineString", "coordinates": [[-102.29151, 30.99451], [-102.29128, 30.97569], [-102.28908, 30.97625]]}, "properties": {"owner": "AEP TEXAS NORTH CO.", "voltage_kv": 345.0}}, {"type": "Feature", "geometry": {"type": "LineString", "coordinates": [[-100.91611, 32.33413], [-100.91582, 32.333], [-100.9151, 32.33143], [-100.91413, 32.32925], [-100.91223, 32.32991], [-100.90915, 32.33099], [-100.90721, 32.33167], [-100.90416, 32.33273], [-100.90135, 32.33373], [-100.89852, 32.33471], [-100.89573, 32.33569], [-100.89293, 32.3367], [-100.89011, 32.33777], [-100.88723, 32.33885], [-100.88437, 32.33992], [-100.88138, 32.34105], [-100.87834, 32.34217], [-100.87529, 32.34332], [-100.87217, 32.34448], [-100.86914, 32.34562], [-100.8661, 32.34675], [-100.86309, 32.34788], [-100.86006, 32.34901], [-100.85704, 32.35013], [-100.854, 32.35127], [-100.85105, 32.35238], [-100.84821, 32.35344], [-100.8455, 32.35445], [-100.84276, 32.35547], [-100.84, 32.35649], [-100.83726, 32.35752], [-100.83451, 32.35854], [-100.8318, 32.35955], [-100.82906, 32.36058], [-100.8263, 32.36161], [-100.82326, 32.36211], [-100.8202, 32.36261], [-100.81717, 32.36312], [-100.81411, 32.36364], [-100.81111, 32.36414], [-100.80809, 32.36464], [-100.80477, 32.3652], [-100.80194, 32.36567], [-100.79881, 32.36618], [-100.79584, 32.36667], [-100.79268, 32.3672], [-100.78956, 32.36772], [-100.78644, 32.36824], [-100.78333, 32.36876], [-100.78027, 32.36927], [-100.77701, 32.36982], [-100.77381, 32.37034], [-100.77075, 32.37085], [-100.76748, 32.37139], [-100.76429, 32.37193], [-100.76106, 32.37247], [-100.75784, 32.37299], [-100.75467, 32.37352], [-100.75148, 32.37407], [-100.74821, 32.37458], [-100.74512, 32.37512], [-100.74191, 32.37565], [-100.73868, 32.37619], [-100.73546, 32.37672], [-100.73224, 32.37725], [-100.72965, 32.37769], [-100.72706, 32.37807], [-100.72485, 32.37848], [-100.72262, 32.37886], [-100.71938, 32.37939], [-100.71616, 32.37993], [-100.71308, 32.38044], [-100.70986, 32.38099], [-100.70651, 32.38152], [-100.70327, 32.38205], [-100.70007, 32.38259], [-100.69685, 32.38312], [-100.69364, 32.38366], [-100.69043, 32.38419], [-100.68723, 32.38473], [-100.68398, 32.38527], [-100.68074, 32.3858], [-100.67755, 32.38633], [-100.67435, 32.38687], [-100.67116, 32.38738], [-100.66793, 32.38793], [-100.66472, 32.38845], [-100.66148, 32.38899], [-100.65828, 32.38952], [-100.65502, 32.39005], [-100.65183, 32.39058], [-100.64861, 32.39111], [-100.64538, 32.39165], [-100.64217, 32.39219], [-100.63894, 32.39273], [-100.63573, 32.39325], [-100.63251, 32.39379], [-100.62929, 32.39431], [-100.62607, 32.39485], [-100.62285, 32.39537], [-100.61964, 32.39591], [-100.6164, 32.39645], [-100.61321, 32.39699], [-100.60998, 32.3975], [-100.60675, 32.39803], [-100.60356, 32.39858], [-100.60034, 32.39911], [-100.59712, 32.39964], [-100.5939, 32.40018], [-100.59068, 32.40071], [-100.58747, 32.40123], [-100.58424, 32.40176], [-100.58102, 32.4023], [-100.57778, 32.40283], [-100.57457, 32.40336], [-100.57133, 32.4039], [-100.56812, 32.40443], [-100.5649, 32.40496], [-100.56167, 32.40548], [-100.55843, 32.40602], [-100.55515, 32.40655], [-100.5522, 32.40704], [-100.54892, 32.40757], [-100.54572, 32.40811], [-100.54252, 32.40863], [-100.53931, 32.40916], [-100.53621, 32.40967], [-100.53295, 32.41019], [-100.52985, 32.41073], [-100.52658, 32.41126], [-100.52341, 32.41178], [-100.52018, 32.4123], [-100.51702, 32.41283], [-100.51378, 32.41336], [-100.51066, 32.41388], [-100.50743, 32.4144], [-100.50425, 32.41493], [-100.50104, 32.41545], [-100.49785, 32.41597], [-100.49465, 32.4165], [-100.49143, 32.41702], [-100.48828, 32.41754], [-100.48511, 32.41806], [-100.48182, 32.4186], [-100.47851, 32.41923], [-100.47513, 32.41986], [-100.47171, 32.4205], [-100.46853, 32.42109], [-100.46603, 32.42155], [-100.46346, 32.42204], [-100.46035, 32.42263], [-100.45719, 32.42322], [-100.454, 32.42382], [-100.45082, 32.42441], [-100.44765, 32.42501], [-100.44448, 32.4256], [-100.44132, 32.42619], [-100.438, 32.42683], [-100.4345, 32.42747], [-100.43165, 32.42802], [-100.42874, 32.42843], [-100.42556, 32.42878], [-100.42233, 32.4291], [-100.41885, 32.42945], [-100.41537, 32.42979], [-100.41191, 32.43014], [-100.40911, 32.43042], [-100.40577, 32.4307], [-100.40256, 32.43094], [-100.39922, 32.43119], [-100.39585, 32.43152], [-100.39293, 32.43198], [-100.38976, 32.43249], [-100.38664, 32.43299], [-100.38351, 32.43348], [-100.38037, 32.43398], [-100.37774, 32.4344], [-100.37451, 32.43491], [-100.37157, 32.43538], [-100.36864, 32.43584], [-100.36572, 32.43631], [-100.36278, 32.43677], [-100.35986, 32.43724], [-100.35639, 32.43778], [-100.35362, 32.43817], [-100.35247, 32.43834], [-100.35239, 32.43802], [-100.35214, 32.43783]]}, "properties": {"owner": "ONCOR ELECTRIC DELIVERY CO.", "voltage_kv": 345.0}}, {"type": "Feature", "geometry": {"type": "LineString", "coordinates": [[-101.59681, 32.56156], [-101.59673, 32.56193], [-101.59532, 32.5622], [-101.59395, 32.56424], [-101.5926, 32.56624], [-101.59125, 32.56826], [-101.5899, 32.57027], [-101.58851, 32.57231], [-101.58704, 32.57451], [-101.58776, 32.57666], [-101.58852, 32.5789], [-101.58941, 32.5814], [-101.59018, 32.58369], [-101.59086, 32.58579], [-101.59162, 32.58793], [-101.59238, 32.59014], [-101.59317, 32.59235], [-101.59372, 32.59401], [-101.59441, 32.59612], [-101.59515, 32.59823], [-101.59584, 32.6002], [-101.59656, 32.60245], [-101.59718, 32.60425], [-101.59803, 32.60668], [-101.59888, 32.60919], [-101.59973, 32.61169], [-101.6005, 32.61396], [-101.60123, 32.61607], [-101.60196, 32.6182], [-101.60262, 32.62015], [-101.60325, 32.62199], [-101.60382, 32.62369], [-101.6052, 32.62781], [-101.60592, 32.62985], [-101.60663, 32.63189], [-101.60724, 32.63374], [-101.6079, 32.63558], [-101.60863, 32.63783], [-101.60936, 32.63997], [-101.6101, 32.64211], [-101.61082, 32.64424], [-101.61154, 32.64638], [-101.61214, 32.64812], [-101.61271, 32.64987], [-101.61346, 32.65199], [-101.61418, 32.65415], [-101.61492, 32.65631], [-101.61545, 32.6579], [-101.61607, 32.6598], [-101.61691, 32.66218], [-101.61768, 32.66451], [-101.6185, 32.66689], [-101.61926, 32.66927], [-101.6201, 32.67164], [-101.62083, 32.67373], [-101.62144, 32.67548], [-101.62191, 32.67692], [-101.62265, 32.67911], [-101.6234, 32.68139], [-101.62418, 32.68365], [-101.62499, 32.68592], [-101.62573, 32.68818], [-101.62647, 32.69049], [-101.6272, 32.69274], [-101.62803, 32.69513], [-101.62884, 32.6975], [-101.62943, 32.69933], [-101.63011, 32.70154], [-101.63089, 32.70373], [-101.63159, 32.70594], [-101.63228, 32.70814], [-101.63281, 32.70979], [-101.6336, 32.71217], [-101.63439, 32.71445], [-101.63513, 32.7168], [-101.63588, 32.71915], [-101.63667, 32.72151], [-101.63743, 32.72388], [-101.6382, 32.72624], [-101.63896, 32.72859], [-101.63975, 32.73094], [-101.64044, 32.73315], [-101.64128, 32.73561], [-101.64213, 32.73811], [-101.64289, 32.74065], [-101.64368, 32.74289], [-101.64439, 32.74514], [-101.64515, 32.7474], [-101.64585, 32.74965], [-101.64662, 32.75198], [-101.64738, 32.75431], [-101.64812, 32.75655], [-101.64888, 32.75889], [-101.64956, 32.76088], [-101.65015, 32.7627], [-101.65077, 32.76471], [-101.6514, 32.76665], [-101.65202, 32.76859], [-101.65269, 32.77067], [-101.65335, 32.77273], [-101.65406, 32.77499], [-101.65483, 32.77732], [-101.65557, 32.77962], [-101.65631, 32.78194], [-101.65705, 32.78424], [-101.65779, 32.78655], [-101.65854, 32.78885], [-101.65928, 32.79116], [-101.66003, 32.79346], [-101.66078, 32.79577], [-101.66151, 32.79808], [-101.66228, 32.80038], [-101.66293, 32.80248], [-101.66351, 32.80434], [-101.66407, 32.80606], [-101.66489, 32.80844], [-101.6655, 32.81044], [-101.66614, 32.81256], [-101.66479, 32.81439], [-101.66345, 32.81617], [-101.66205, 32.81803], [-101.66077, 32.81974], [-101.65943, 32.82154], [-101.65788, 32.82363], [-101.65659, 32.8253], [-101.6553, 32.82703], [-101.65393, 32.82884], [-101.65297, 32.83012], [-101.65369, 32.83244], [-101.65444, 32.83474], [-101.65516, 32.83708], [-101.65592, 32.83941], [-101.65666, 32.84175], [-101.6574, 32.84409], [-101.65812, 32.84643], [-101.65885, 32.84876], [-101.6596, 32.8511], [-101.66034, 32.85343], [-101.66106, 32.85575], [-101.66181, 32.85807], [-101.66256, 32.86042], [-101.66332, 32.86275], [-101.66403, 32.86506], [-101.66477, 32.86739], [-101.66553, 32.86973], [-101.66625, 32.87206], [-101.66696, 32.87441], [-101.6677, 32.87674], [-101.66845, 32.87908], [-101.66917, 32.88145], [-101.66992, 32.88381], [-101.67069, 32.88617], [-101.6714, 32.88854], [-101.67211, 32.8909], [-101.67285, 32.89328], [-101.67359, 32.89564], [-101.67434, 32.898], [-101.67507, 32.90037], [-101.67579, 32.90277], [-101.6766, 32.90518], [-101.6773, 32.90751], [-101.67802, 32.90984], [-101.67873, 32.91221], [-101.67948, 32.91454], [-101.68021, 32.91687], [-101.68093, 32.91921], [-101.68166, 32.92153], [-101.68237, 32.92384], [-101.68309, 32.92614], [-101.68382, 32.92849], [-101.68457, 32.93083], [-101.68452, 32.93319], [-101.68451, 32.93558], [-101.68449, 32.93797], [-101.68448, 32.94035], [-101.68447, 32.94275], [-101.68446, 32.94515], [-101.68445, 32.94754], [-101.68443, 32.94995], [-101.68441, 32.95226], [-101.68443, 32.95461], [-101.6844, 32.95698], [-101.68438, 32.95934], [-101.68437, 32.96171], [-101.68437, 32.96418], [-101.68439, 32.96666], [-101.6844, 32.96914], [-101.68441, 32.97146], [-101.68443, 32.97379], [-101.68446, 32.97613], [-101.68447, 32.9786], [-101.68449, 32.98107], [-101.6845, 32.98361], [-101.68451, 32.98602], [-101.68453, 32.98853], [-101.68455, 32.99102], [-101.68453, 32.99349], [-101.68453, 32.99595], [-101.68453, 32.99838], [-101.68452, 33.0008], [-101.68445, 33.00322], [-101.68494, 33.00559], [-101.68489, 33.00801], [-101.68488, 33.01042], [-101.68489, 33.01284], [-101.68488, 33.01529], [-101.68489, 33.01774], [-101.68488, 33.02015], [-101.68487, 33.02257], [-101.68485, 33.025], [-101.68485, 33.0274], [-101.68483, 33.02982], [-101.68443, 33.03198], [-101.68443, 33.03272], [-101.6836, 33.03295], [-101.68093, 33.03366]]}, "properties": {"owner": "LYNTEGAR ELECTRIC COOP, INC", "voltage_kv": 230.0}}, {"type": "Feature", "geometry": {"type": "LineString", "coordinates": [[-100.6842, 32.53073], [-100.68476, 32.53093], [-100.68506, 32.53242], [-100.6995, 32.52996], [-100.70529, 32.55304], [-100.75927, 32.54129], [-100.76241, 32.55102], [-100.77205, 32.54905], [-100.78067, 32.57949], [-100.79163, 32.57966], [-100.79156, 32.58665], [-100.85097, 32.58729], [-100.85095, 32.59541], [-100.86177, 32.59541], [-100.86173, 32.5973], [-100.86174, 32.59789], [-100.86202, 32.59853]]}, "properties": {"owner": "ONCOR ELECTRIC DELIVERY CO.", "voltage_kv": 345.0}}, {"type": "Feature", "geometry": {"type": "LineString", "coordinates": [[-100.5431, 31.04719], [-100.54388, 31.04671], [-100.54582, 31.04718], [-100.55663, 31.03834], [-100.55671, 31.034], [-100.59839, 31.03395], [-100.60044, 31.03399], [-100.60312, 31.03439], [-100.60581, 31.03439], [-100.60854, 31.03401], [-100.61401, 31.03396], [-100.68904, 31.03389], [-100.68897, 31.04854], [-100.74511, 31.04874], [-100.74776, 31.04969], [-100.7584, 31.04768], [-100.76289, 31.04767], [-100.7654, 31.04733], [-100.80404, 31.04709], [-100.80658, 31.04669], [-100.80656, 31.04437], [-100.80657, 31.04196], [-100.80664, 31.03228], [-100.80878, 31.03224], [-100.82384, 31.03228], [-100.83129, 31.02958], [-100.85294, 31.02955], [-100.94002, 31.04301], [-101.16924, 31.01879], [-101.21391, 30.96975], [-101.3169, 30.96845], [-101.4482, 30.96522], [-101.48279, 30.96647], [-101.52491, 30.96684], [-101.5335, 30.96747], [-101.55038, 30.96757], [-101.57524, 30.96692], [-101.59474, 30.96766], [-101.61332, 30.98371], [-101.7794, 30.98514], [-101.80177, 30.99351], [-101.81573, 30.99512], [-101.84835, 30.99909], [-101.87167, 31.00315], [-101.88273, 31.01116], [-101.92896, 31.01156], [-101.94106, 31.00346], [-101.95253, 31.00184], [-101.95801, 30.98672], [-101.9751, 30.98782], [-101.98101, 30.99469], [-101.99856, 30.99447], [-102.02237, 30.98819], [-102.02388, 30.98781], [-102.02596, 30.98773], [-102.02876, 30.98767], [-102.03155, 30.98761], [-102.0343, 30.98756], [-102.03703, 30.9875], [-102.03975, 30.98744], [-102.04251, 30.98739], [-102.04523, 30.98734], [-102.04803, 30.98727], [-102.05028, 30.98722], [-102.0531, 30.98717], [-102.0556, 30.98712], [-102.05846, 30.98706], [-102.06103, 30.987], [-102.06366, 30.98694], [-102.06638, 30.98688], [-102.06908, 30.98684], [-102.07187, 30.98681], [-102.07469, 30.98703], [-102.07744, 30.98728], [-102.07993, 30.9875], [-102.08252, 30.98775], [-102.08532, 30.988], [-102.08817, 30.98825], [-102.091, 30.98852], [-102.09382, 30.98878], [-102.09664, 30.98903], [-102.09947, 30.98929], [-102.10231, 30.98956], [-102.10515, 30.98981], [-102.108, 30.99008], [-102.11084, 30.99034], [-102.11345, 30.99058], [-102.11627, 30.99084], [-102.11904, 30.99112], [-102.12173, 30.99159], [-102.12445, 30.99184], [-102.12715, 30.99188], [-102.12919, 30.99207], [-102.13121, 30.99233], [-102.13129, 30.99195], [-102.13165, 30.99018], [-102.13216, 30.9878], [-102.13262, 30.98563], [-102.13314, 30.98335], [-102.13363, 30.98119], [-102.13413, 30.97905], [-102.13462, 30.97676], [-102.13742, 30.97651], [-102.1402, 30.97626], [-102.14301, 30.97602], [-102.14574, 30.97577], [-102.14848, 30.97553], [-102.15128, 30.97528], [-102.15406, 30.97504], [-102.15671, 30.97481], [-102.1595, 30.97455], [-102.16233, 30.97431], [-102.16514, 30.97406], [-102.16788, 30.97382], [-102.17063, 30.97358], [-102.17345, 30.97333], [-102.17623, 30.97309], [-102.17902, 30.97283], [-102.18161, 30.97262], [-102.1844, 30.97237], [-102.18715, 30.97211], [-102.18997, 30.97188], [-102.1927, 30.97164], [-102.19544, 30.9714], [-102.19815, 30.971], [-102.20085, 30.97059], [-102.20348, 30.97018], [-102.206, 30.96981], [-102.20851, 30.96943], [-102.21091, 30.96907], [-102.21362, 30.96867], [-102.21627, 30.96826], [-102.21885, 30.96787], [-102.22167, 30.96762], [-102.22441, 30.96737], [-102.22723, 30.96712], [-102.23004, 30.96686], [-102.23286, 30.96661], [-102.23566, 30.96636], [-102.23848, 30.96611], [-102.24127, 30.96586], [-102.24406, 30.96561], [-102.24652, 30.96538], [-102.24915, 30.96515], [-102.25086, 30.96503], [-102.25249, 30.96607], [-102.25464, 30.96752], [-102.25683, 30.96899], [-102.25884, 30.97033], [-102.26081, 30.97165], [-102.26289, 30.97304], [-102.26491, 30.97445], [-102.2674, 30.97442], [-102.27023, 30.97444], [-102.27306, 30.97446], [-102.27585, 30.9745], [-102.27862, 30.97457], [-102.28144, 30.97458], [-102.28426, 30.97459], [-102.28708, 30.97461], [-102.28701, 30.97643], [-102.28829, 30.9765], [-102.28908, 30.97625]]}, "properties": {"owner": "AEP TEXAS NORTH COMPANY", "voltage_kv": 345.0}}, {"type": "Feature", "geometry": {"type": "LineString", "coordinates": [[-102.24625, 32.03742], [-102.24615, 32.03607], [-102.24772, 32.0357], [-102.25401, 32.03423], [-102.26939, 32.03058], [-102.27154, 32.02989], [-102.284, 32.02695], [-102.30486, 32.02195], [-102.31178, 32.01829], [-102.36322, 32.00609], [-102.36913, 32.00457], [-102.39634, 31.99847], [-102.43612, 31.96044], [-102.46208, 31.93633], [-102.46629, 31.93211], [-102.475, 31.92394], [-102.48197, 31.91802], [-102.48681, 31.91413], [-102.50932, 31.8908], [-102.51767, 31.88284], [-102.51692, 31.88075], [-102.51633, 31.87889], [-102.51573, 31.87702], [-102.51518, 31.87533], [-102.51452, 31.87327], [-102.51392, 31.87141], [-102.51332, 31.86954], [-102.51273, 31.86768], [-102.51213, 31.86584], [-102.51153, 31.86398], [-102.51093, 31.86213], [-102.51035, 31.86027], [-102.50974, 31.85841], [-102.50915, 31.85656], [-102.50854, 31.8547], [-102.50795, 31.85285], [-102.50729, 31.85082], [-102.50675, 31.84914], [-102.50616, 31.84728], [-102.50556, 31.84542], [-102.50496, 31.84358], [-102.50435, 31.84172], [-102.50376, 31.83986], [-102.50316, 31.838], [-102.50257, 31.83615], [-102.50199, 31.83434], [-102.50139, 31.83246], [-102.50078, 31.83059], [-102.50018, 31.82873], [-102.49958, 31.82688], [-102.49931, 31.82602], [-102.49899, 31.82502], [-102.49835, 31.82306], [-102.4978, 31.82131], [-102.49733, 31.81922], [-102.49728, 31.81901], [-102.49703, 31.81796], [-102.49694, 31.81756], [-102.49635, 31.81571], [-102.49577, 31.81373], [-102.49551, 31.81304]]}, "properties": {"owner": "ONCOR ELECTRIC DELIVERY CO.", "voltage_kv": 345.0}}, {"type": "Feature", "geometry": {"type": "LineString", "coordinates": [[-100.66854, 32.46997], [-100.66703, 32.46989], [-100.66604, 32.46997]]}, "properties": {"owner": "ONCOR ELECTRIC DELIVERY CO.", "voltage_kv": 345.0}}, {"type": "Feature", "geometry": {"type": "LineString", "coordinates": [[-103.31008, 32.7319], [-103.30968, 32.7322], [-103.30967, 32.738], [-103.31128, 32.73909], [-103.31338, 32.73906], [-103.31386, 32.73929]]}, "properties": {"owner": "NOT AVAILABLE", "voltage_kv": 230.0}}, {"type": "Feature", "geometry": {"type": "LineString", "coordinates": [[-100.6842, 32.53073], [-100.68371, 32.52995], [-100.68348, 32.52896], [-100.68171, 32.52886], [-100.68141, 32.5275], [-100.68113, 32.52649], [-100.68051, 32.52419], [-100.67987, 32.5219], [-100.67923, 32.51959], [-100.67874, 32.5176], [-100.67818, 32.51534], [-100.67762, 32.51308], [-100.67717, 32.51125], [-100.67662, 32.509], [-100.67608, 32.50683], [-100.67554, 32.50457], [-100.67499, 32.50229], [-100.67443, 32.50006], [-100.67395, 32.49789], [-100.67342, 32.49587], [-100.67289, 32.49384], [-100.67236, 32.49181], [-100.67182, 32.48979], [-100.67129, 32.48775], [-100.67077, 32.48572], [-100.67026, 32.48356], [-100.66968, 32.48127], [-100.6691, 32.47899], [-100.66851, 32.47667], [-100.66791, 32.47437], [-100.66732, 32.47206], [-100.66674, 32.46994], [-100.66604, 32.46997]]}, "properties": {"owner": "ONCOR ELECTRIC DELIVERY CO.", "voltage_kv": 345.0}}, {"type": "Feature", "geometry": {"type": "LineString", "coordinates": [[-102.0508, 32.02026], [-102.04879, 32.02092], [-102.0474, 32.02193], [-102.04579, 32.02268], [-102.04335, 32.02384], [-102.04055, 32.02519], [-102.03772, 32.02653], [-102.03501, 32.02782], [-102.0323, 32.02911], [-102.02962, 32.03038], [-102.02709, 32.03159], [-102.02456, 32.03279], [-102.02201, 32.034], [-102.0192, 32.03534], [-102.01638, 32.03668], [-102.01358, 32.03801], [-102.01074, 32.03936], [-102.00793, 32.04069], [-102.00512, 32.04204], [-102.00228, 32.04338], [-101.99949, 32.04471], [-101.99667, 32.04606], [-101.99384, 32.04742], [-101.99102, 32.04875], [-101.98821, 32.05009], [-101.98539, 32.05144], [-101.9827, 32.05271], [-101.97991, 32.05405], [-101.97709, 32.05539], [-101.97426, 32.05673], [-101.97144, 32.05806], [-101.96865, 32.05941], [-101.96582, 32.06076], [-101.96298, 32.0621], [-101.96016, 32.06344], [-101.95734, 32.06477], [-101.95453, 32.06611], [-101.95168, 32.06748], [-101.94886, 32.06881], [-101.94599, 32.07017], [-101.94314, 32.07154], [-101.94026, 32.0729], [-101.93739, 32.07427], [-101.9345, 32.07565], [-101.93223, 32.07527], [-101.92908, 32.07476], [-101.9267, 32.07437], [-101.92424, 32.07397], [-101.92162, 32.07354], [-101.91867, 32.07305], [-101.91574, 32.07255], [-101.91287, 32.07324], [-101.90998, 32.07389], [-101.90708, 32.07458], [-101.90418, 32.07523], [-101.90127, 32.07589], [-101.8984, 32.07655], [-101.8955, 32.07721], [-101.89236, 32.07793], [-101.88924, 32.07864], [-101.88612, 32.07934], [-101.88294, 32.08007], [-101.87989, 32.08077], [-101.87677, 32.08148], [-101.87353, 32.08222], [-101.87029, 32.08295], [-101.86705, 32.0837], [-101.86381, 32.08444], [-101.86058, 32.08518], [-101.85733, 32.08593], [-101.85409, 32.08665], [-101.85085, 32.0874], [-101.84761, 32.08812], [-101.84442, 32.08886], [-101.84119, 32.08959], [-101.83796, 32.09033], [-101.83473, 32.09106], [-101.8315, 32.09185], [-101.82895, 32.09168], [-101.82635, 32.09157], [-101.8238, 32.09145], [-101.82126, 32.09132], [-101.81808, 32.09205], [-101.8149, 32.09277], [-101.81171, 32.0935], [-101.80854, 32.09423], [-101.80534, 32.09489], [-101.80235, 32.09562], [-101.79933, 32.0963], [-101.79634, 32.09698], [-101.79338, 32.09765], [-101.79056, 32.09828], [-101.78774, 32.09893], [-101.78492, 32.09957], [-101.78196, 32.10025], [-101.77899, 32.10091], [-101.77639, 32.10151], [-101.77371, 32.10215], [-101.77071, 32.10279], [-101.76774, 32.10347], [-101.76512, 32.10406], [-101.7625, 32.10465], [-101.75985, 32.10522], [-101.75745, 32.10692], [-101.75586, 32.10803], [-101.75412, 32.10923], [-101.75263, 32.11032], [-101.74954, 32.11097], [-101.74768, 32.1114], [-101.74456, 32.11211], [-101.74245, 32.11259], [-101.74039, 32.11306], [-101.73733, 32.11376], [-101.73438, 32.11443], [-101.73145, 32.11508], [-101.72852, 32.11576], [-101.72556, 32.11643], [-101.72256, 32.11711], [-101.7196, 32.11779], [-101.71661, 32.11847], [-101.71362, 32.11914], [-101.71064, 32.11981], [-101.70752, 32.12052], [-101.7044, 32.12123], [-101.70129, 32.12193], [-101.69818, 32.12265], [-101.69505, 32.12334], [-101.69192, 32.12406], [-101.6888, 32.12476], [-101.68569, 32.12548], [-101.68263, 32.12616], [-101.67951, 32.12687], [-101.67638, 32.12759], [-101.67326, 32.1283], [-101.67012, 32.12901], [-101.66705, 32.1297], [-101.66387, 32.13042], [-101.66083, 32.13111], [-101.65777, 32.1318], [-101.65469, 32.13249], [-101.65162, 32.1332], [-101.64855, 32.13389], [-101.64546, 32.13459], [-101.64239, 32.13529], [-101.63931, 32.13598], [-101.63624, 32.13668], [-101.63316, 32.13738], [-101.6301, 32.13807], [-101.62703, 32.13877], [-101.62405, 32.13944], [-101.62078, 32.14017], [-101.61765, 32.14088], [-101.61452, 32.14159], [-101.61136, 32.14231], [-101.60819, 32.14303], [-101.60501, 32.14373], [-101.60183, 32.14446], [-101.59866, 32.14518], [-101.59551, 32.14589], [-101.59233, 32.1466], [-101.58916, 32.14732], [-101.58599, 32.14804], [-101.58284, 32.14875], [-101.57966, 32.14947], [-101.5765, 32.15018], [-101.57332, 32.15089], [-101.57015, 32.15161], [-101.56697, 32.15232], [-101.56384, 32.15304], [-101.5607, 32.15374], [-101.55755, 32.15445], [-101.55444, 32.15515], [-101.55068, 32.15598], [-101.54755, 32.15669], [-101.54452, 32.15736], [-101.54144, 32.15805], [-101.53842, 32.15872], [-101.53542, 32.1594], [-101.53238, 32.16008], [-101.52927, 32.16078], [-101.52614, 32.16149], [-101.52299, 32.16219], [-101.51981, 32.16289], [-101.51664, 32.1636], [-101.51342, 32.16432], [-101.51031, 32.16501], [-101.50717, 32.16571], [-101.50405, 32.16642], [-101.50092, 32.16711], [-101.49778, 32.16782], [-101.49465, 32.16851], [-101.49152, 32.16921], [-101.48841, 32.1699], [-101.48528, 32.1706], [-101.48235, 32.17126], [-101.4794, 32.17192], [-101.47627, 32.17262], [-101.47315, 32.17331], [-101.47011, 32.17398], [-101.46703, 32.17468], [-101.46399, 32.17535], [-101.46094, 32.17603], [-101.4579, 32.17671], [-101.45486, 32.17739], [-101.45164, 32.17811], [-101.44842, 32.17882], [-101.4452, 32.17954], [-101.44198, 32.18026], [-101.43876, 32.18097], [-101.43555, 32.18169], [-101.4324, 32.18239], [-101.42926, 32.18313], [-101.42612, 32.18379], [-101.42297, 32.18449], [-101.41983, 32.18519], [-101.4167, 32.18589], [-101.41348, 32.1866], [-101.41044, 32.18727], [-101.40708, 32.18802], [-101.40389, 32.18873], [-101.40099, 32.18938], [-101.39795, 32.19005], [-101.39481, 32.19075], [-101.39168, 32.19148], [-101.38854, 32.19217], [-101.38571, 32.19281], [-101.38288, 32.19344], [-101.38341, 32.1953], [-101.38416, 32.19766], [-101.38493, 32.2002], [-101.38567, 32.2026], [-101.38649, 32.20495], [-101.38727, 32.20704], [-101.38737, 32.20732], [-101.3884, 32.20992], [-101.38931, 32.21241], [-101.39036, 32.21513], [-101.39128, 32.2176], [-101.39223, 32.22013], [-101.39326, 32.22275], [-101.39419, 32.22529], [-101.39515, 32.22792], [-101.39603, 32.23048], [-101.39708, 32.23324], [-101.3979, 32.23542], [-101.39868, 32.2375], [-101.39976, 32.24023], [-101.40082, 32.24283], [-101.40172, 32.24513], [-101.40261, 32.24733], [-101.40271, 32.24918], [-101.40283, 32.25111], [-101.40299, 32.2541], [-101.4031, 32.25637], [-101.40323, 32.25869], [-101.40342, 32.26102], [-101.40328, 32.26362], [-101.40315, 32.26629], [-101.40306, 32.2681], [-101.40402, 32.27053], [-101.40507, 32.27329], [-101.4067, 32.27477], [-101.40898, 32.27684], [-101.41143, 32.27706], [-101.41443, 32.27734], [-101.41728, 32.27759], [-101.42024, 32.27679], [-101.42304, 32.276], [-101.4229, 32.27514]]}, "properties": {"owner": "ONCOR ELECTRIC DELIVERY CO.", "voltage_kv": 345.0}}, {"type": "Feature", "geometry": {"type": "LineString", "coordinates": [[-100.6842, 32.53073], [-100.68338, 32.53], [-100.68308, 32.52925], [-100.68157, 32.52903], [-100.68121, 32.52755], [-100.68118, 32.52742], [-100.68086, 32.52608], [-100.67877, 32.52646], [-100.67661, 32.52685], [-100.6745, 32.52725], [-100.67233, 32.5276], [-100.67001, 32.52796], [-100.66831, 32.52647], [-100.66649, 32.52489], [-100.66485, 32.5234], [-100.66322, 32.52191], [-100.66177, 32.52058], [-100.66013, 32.51908], [-100.65843, 32.51753], [-100.65673, 32.51597], [-100.65503, 32.51443], [-100.65337, 32.51291], [-100.65173, 32.5114], [-100.65009, 32.5099], [-100.64829, 32.50831], [-100.6465, 32.50671], [-100.64578, 32.50717], [-100.64423, 32.50539], [-100.64269, 32.50363], [-100.64127, 32.50191], [-100.63986, 32.50017], [-100.63844, 32.49843], [-100.63701, 32.4967], [-100.63547, 32.49492], [-100.63396, 32.49312], [-100.63243, 32.49202], [-100.63092, 32.49091], [-100.62856, 32.49136], [-100.62617, 32.49181], [-100.62377, 32.49226], [-100.62137, 32.49271], [-100.61897, 32.49317], [-100.6166, 32.49362], [-100.61418, 32.49408], [-100.61178, 32.49453], [-100.60924, 32.495], [-100.60664, 32.49548], [-100.60403, 32.49596], [-100.6019, 32.49642], [-100.59971, 32.49689], [-100.59743, 32.49738], [-100.59751, 32.49774], [-100.59709, 32.49781], [-100.59673, 32.49778]]}, "properties": {"owner": "ONCOR ELECTRIC DELIVERY CO.", "voltage_kv": 345.0}}, {"type": "Feature", "geometry": {"type": "LineString", "coordinates": [[-100.86202, 32.59853], [-100.86104, 32.59881], [-100.86102, 32.60415], [-100.85064, 32.61934], [-100.84975, 32.62443], [-100.81683, 32.62418], [-100.81672, 32.64022], [-100.81689, 32.64879], [-100.81693, 32.6516], [-100.81655, 32.65463], [-100.81647, 32.65748], [-100.81577, 32.6602], [-100.81563, 32.67846], [-100.81939, 32.67952], [-100.82977, 32.68143], [-100.83349, 32.68137], [-100.83347, 32.69195], [-100.83254, 32.69425], [-100.83275, 32.71175], [-100.84126, 32.71177], [-100.84117, 32.71903], [-100.85061, 32.7195], [-100.85038, 32.72875], [-100.85015, 32.74776], [-100.85345, 32.74874], [-100.87522, 32.74881], [-100.8784, 32.74837], [-100.88384, 32.74851], [-100.88387, 32.76009], [-100.88266, 32.76313], [-100.88232, 32.78028], [-100.8834, 32.78308], [-100.88343, 32.78912], [-100.88426, 32.79196], [-100.88414, 32.80967], [-100.88328, 32.81174], [-100.8773, 32.8116], [-100.87423, 32.81204], [-100.87347, 32.81456], [-100.87291, 32.84023], [-100.87507, 32.84536], [-100.87613, 32.85489], [-100.91852, 32.85582], [-100.92153, 32.8566], [-100.92863, 32.85703], [-100.93811, 32.85792], [-100.94866, 32.85616], [-100.95907, 32.85662], [-101.00192, 32.85732], [-101.00927, 32.85742], [-101.00919, 32.85959], [-101.00885, 32.86017]]}, "properties": {"owner": "ONCOR ELECTRIC DELIVERY CO.", "voltage_kv": 345.0}}, {"type": "Feature", "geometry": {"type": "LineString", "coordinates": [[-102.75767, 33.01031], [-102.75801, 33.0101], [-102.7589, 33.01009], [-102.7589, 33.00786], [-102.75227, 33.00783], [-102.74208, 33.00782], [-102.733, 33.00779], [-102.73297, 33.01274], [-102.73298, 33.02682], [-102.73298, 33.03088], [-102.73259, 33.03301], [-102.73252, 33.04311], [-102.7325, 33.05307], [-102.73249, 33.06157], [-102.73246, 33.07059], [-102.73242, 33.07718], [-102.73232, 33.09037], [-102.73226, 33.10115], [-102.73225, 33.10761], [-102.73255, 33.10977], [-102.73252, 33.11388], [-102.73248, 33.12211], [-102.73245, 33.12414]]}, "properties": {"owner": "LEA COUNTY ELECTRIC COOP, INC", "voltage_kv": 230.0}}, {"type": "Feature", "geometry": {"type": "LineString", "coordinates": [[-100.5431, 31.04719], [-100.54224, 31.04629], [-100.53632, 31.04487], [-100.53366, 31.04419], [-100.53058, 31.04418], [-100.53024, 31.04418], [-100.52593, 31.04417], [-100.52262, 31.04522], [-100.52012, 31.04601], [-100.51808, 31.04666], [-100.51678, 31.04627], [-100.51633, 31.04613], [-100.51359, 31.0453], [-100.51056, 31.04439], [-100.50805, 31.0436], [-100.50788, 31.04216], [-100.50797, 31.03943], [-100.50811, 31.0363], [-100.50812, 31.03297], [-100.50814, 31.02955], [-100.50518, 31.02744], [-100.50192, 31.02515], [-100.49835, 31.02261], [-100.49479, 31.02006], [-100.4916, 31.01781], [-100.49018, 31.01501], [-100.48861, 31.0118], [-100.48683, 31.00828], [-100.48515, 31.00492], [-100.48336, 31.00129], [-100.48158, 30.99772], [-100.47974, 30.99403], [-100.47805, 30.9904], [-100.47621, 30.98678], [-100.47472, 30.98377], [-100.47301, 30.98036], [-100.47142, 30.97718], [-100.46987, 30.97405], [-100.46819, 30.97063], [-100.46642, 30.96707], [-100.46502, 30.96427], [-100.46371, 30.96156], [-100.46243, 30.95908], [-100.46027, 30.95624], [-100.45803, 30.95331], [-100.45564, 30.95017], [-100.45321, 30.94699], [-100.451, 30.9441], [-100.44876, 30.94117], [-100.44652, 30.93825], [-100.44471, 30.93571], [-100.44273, 30.93301], [-100.44083, 30.93047], [-100.4386, 30.92791], [-100.4386, 30.92471], [-100.4386, 30.92143], [-100.4386, 30.9179], [-100.43853, 30.91459], [-100.43856, 30.91189], [-100.43859, 30.90817], [-100.4386, 30.90464], [-100.43864, 30.90174], [-100.43918, 30.89815], [-100.43983, 30.8943], [-100.4404, 30.89092], [-100.43992, 30.88763], [-100.43935, 30.88365], [-100.43887, 30.88036], [-100.43847, 30.87763], [-100.43845, 30.87453], [-100.43849, 30.87163], [-100.43606, 30.86989], [-100.43282, 30.86756], [-100.42952, 30.86517], [-100.42624, 30.86283], [-100.42267, 30.86028], [-100.41965, 30.85806], [-100.41649, 30.85573], [-100.41316, 30.85331], [-100.40967, 30.85083], [-100.40653, 30.84856], [-100.4034, 30.8463], [-100.39998, 30.84387], [-100.39659, 30.84142], [-100.39337, 30.8391], [-100.39037, 30.83694], [-100.38753, 30.83489], [-100.38481, 30.83293], [-100.38302, 30.83177], [-100.38125, 30.83064], [-100.37937, 30.8293], [-100.37779, 30.82814], [-100.37651, 30.82711], [-100.37442, 30.82546], [-100.37145, 30.82333], [-100.36804, 30.82086], [-100.36472, 30.81844], [-100.36127, 30.81596], [-100.35832, 30.8138], [-100.35514, 30.81148], [-100.35207, 30.80923], [-100.34884, 30.80692], [-100.34557, 30.80454], [-100.343, 30.80272], [-100.34297, 30.79995], [-100.34296, 30.79638], [-100.34291, 30.79343], [-100.34247, 30.79113], [-100.34202, 30.78888], [-100.34158, 30.78671], [-100.33887, 30.78607], [-100.33588, 30.78534], [-100.33288, 30.78461], [-100.32946, 30.78378], [-100.32682, 30.78316], [-100.32326, 30.78231], [-100.3202, 30.78156], [-100.31717, 30.78083], [-100.31376, 30.78001], [-100.31032, 30.77915], [-100.30825, 30.77768], [-100.30529, 30.77549], [-100.30209, 30.77316], [-100.29921, 30.77109], [-100.29613, 30.76887], [-100.29336, 30.76685], [-100.29053, 30.7648], [-100.28754, 30.76265], [-100.28508, 30.76086], [-100.28464, 30.75819], [-100.28415, 30.7554], [-100.28037, 30.75538], [-100.27752, 30.75537], [-100.27621, 30.7543], [-100.27395, 30.75244], [-100.27111, 30.75008], [-100.26922, 30.7485], [-100.26642, 30.74671], [-100.26331, 30.74468], [-100.26112, 30.74325], [-100.25899, 30.74186], [-100.25655, 30.74033], [-100.25375, 30.73824], [-100.25094, 30.73618], [-100.24812, 30.73415], [-100.24537, 30.73215], [-100.24275, 30.73027], [-100.23988, 30.72819], [-100.23455, 30.72434], [-100.23181, 30.72234], [-100.22896, 30.72028], [-100.22622, 30.71829], [-100.2232, 30.71611], [-100.2205, 30.71416], [-100.2176, 30.71206], [-100.21482, 30.71003], [-100.21224, 30.70817], [-100.20951, 30.7062], [-100.20625, 30.70385], [-100.20426, 30.70241], [-100.20141, 30.70033], [-100.19803, 30.69788], [-100.19593, 30.69629], [-100.19485, 30.69594]]}, "properties": {"owner": "PEDERNALES ELECTRIC COOP, INC", "voltage_kv": 345.0}}, {"type": "Feature", "geometry": {"type": "LineString", "coordinates": [[-102.28908, 30.97625], [-102.28962, 30.97649], [-102.29074, 30.97645], [-102.29079, 30.97839], [-102.29083, 30.98075], [-102.29085, 30.98299], [-102.29087, 30.98523], [-102.29089, 30.98764], [-102.29091, 30.98991], [-102.29092, 30.99213], [-102.29094, 30.99442], [-102.29091, 30.99672], [-102.29271, 30.9985], [-102.2945, 31.00028], [-102.29634, 31.00214], [-102.29819, 31.004], [-102.30002, 31.00585], [-102.30142, 31.00721], [-102.30314, 31.00901], [-102.30501, 31.01088], [-102.30685, 31.01273], [-102.3087, 31.0146], [-102.3105, 31.01646], [-102.31026, 31.01764], [-102.30975, 31.01987], [-102.30923, 31.02225], [-102.30869, 31.02464], [-102.30817, 31.02695], [-102.30765, 31.02928], [-102.3071, 31.03155], [-102.30655, 31.03287], [-102.30592, 31.0342], [-102.30594, 31.03558], [-102.30588, 31.03701], [-102.30543, 31.03925], [-102.30493, 31.04163], [-102.30442, 31.04399], [-102.30391, 31.04635], [-102.3034, 31.04875], [-102.30319, 31.0497], [-102.30018, 31.06483], [-102.31607, 31.0722], [-102.30553, 31.09241], [-102.30358, 31.09416], [-102.3016, 31.09592], [-102.27842, 31.11975], [-102.26968, 31.12231], [-102.24834, 31.14416], [-102.22928, 31.15362], [-102.22236, 31.15046], [-102.22119, 31.15234], [-102.22224, 31.1529], [-102.22322, 31.15362]]}, "properties": {"owner": "AEP TEXAS NORTH CO.", "voltage_kv": 345.0}}, {"type": "Feature", "geometry": {"type": "LineString", "coordinates": [[-103.3544, 32.71348], [-103.35316, 32.7134]]}, "properties": {"owner": "LEA COUNTY ELECTRIC COOPERATIVE", "voltage_kv": 230.0}}, {"type": "Feature", "geometry": {"type": "LineString", "coordinates": [[-102.3261, 31.83392], [-102.32659, 31.8342], [-102.32761, 31.83397], [-102.32826, 31.83609], [-102.32887, 31.83595], [-102.32951, 31.83623]]}, "properties": {"owner": "ONCOR ELECTRIC DELIVERY CO.", "voltage_kv": 345.0}}, {"type": "Feature", "geometry": {"type": "LineString", "coordinates": [[-104.20047, 32.44546], [-104.20074, 32.44582], [-104.20131, 32.44582], [-104.19978, 32.45223], [-104.19801, 32.45941], [-104.19506, 32.47155], [-104.19329, 32.47879], [-104.19213, 32.4836], [-104.2024, 32.4836], [-104.21871, 32.48359], [-104.24121, 32.48358], [-104.25212, 32.48358], [-104.26022, 32.48793], [-104.263, 32.48789], [-104.28579, 32.48756], [-104.28917, 32.49371], [-104.29731, 32.5084], [-104.31263, 32.50839], [-104.33589, 32.50838], [-104.35468, 32.50837], [-104.3769, 32.50833], [-104.38744, 32.50833], [-104.39463, 32.5142], [-104.40337, 32.52133], [-104.40366, 32.53353], [-104.40383, 32.53848], [-104.40392, 32.5432], [-104.404, 32.5481], [-104.40417, 32.55572], [-104.40938, 32.56401], [-104.41266, 32.56924], [-104.41268, 32.57454], [-104.41274, 32.58035], [-104.41308, 32.58036], [-104.4135, 32.58067]]}, "properties": {"owner": "NOT AVAILABLE", "voltage_kv": 230.0}}, {"type": "Feature", "geometry": {"type": "LineString", "coordinates": [[-103.31008, 32.7319], [-103.31048, 32.7323], [-103.31048, 32.73289], [-103.31608, 32.73288], [-103.31609, 32.73768], [-103.31474, 32.73903], [-103.31429, 32.73902], [-103.31386, 32.73929]]}, "properties": {"owner": "NOT AVAILABLE", "voltage_kv": 230.0}}, {"type": "Feature", "geometry": {"type": "LineString", "coordinates": [[-102.32951, 31.83623], [-102.32859, 31.83642], [-102.32807, 31.83653], [-102.32738, 31.83423], [-102.32665, 31.8344], [-102.3261, 31.83392]]}, "properties": {"owner": "ONCOR ELECTRIC DELIVERY CO.", "voltage_kv": 345.0}}, {"type": "Feature", "geometry": {"type": "LineString", "coordinates": [[-100.72717, 32.3785], [-100.72668, 32.37834], [-100.72487, 32.37857], [-100.72264, 32.37896], [-100.71939, 32.37949], [-100.71618, 32.38002], [-100.7131, 32.38054], [-100.70988, 32.38108], [-100.70652, 32.38162], [-100.70328, 32.38214], [-100.70009, 32.38269], [-100.69687, 32.38322], [-100.69366, 32.38376], [-100.69044, 32.38429], [-100.68725, 32.38482], [-100.684, 32.38537], [-100.68076, 32.3859], [-100.67756, 32.38643], [-100.67437, 32.38696], [-100.67118, 32.38748], [-100.66794, 32.38803], [-100.66473, 32.38855], [-100.6615, 32.38909], [-100.65829, 32.38962], [-100.65504, 32.39015], [-100.65185, 32.39068], [-100.64862, 32.39121], [-100.64539, 32.39175], [-100.64218, 32.39229], [-100.63896, 32.39283], [-100.63575, 32.39335], [-100.63252, 32.39389], [-100.62931, 32.39441], [-100.62609, 32.39495], [-100.62286, 32.39547], [-100.61965, 32.39601], [-100.61642, 32.39655], [-100.61323, 32.39708], [-100.61, 32.3976], [-100.60677, 32.39813], [-100.60358, 32.39867], [-100.60036, 32.39921], [-100.59714, 32.39974], [-100.59392, 32.40028], [-100.5907, 32.4008], [-100.58749, 32.40133], [-100.58426, 32.40186], [-100.58104, 32.4024], [-100.5778, 32.40293], [-100.57459, 32.40346], [-100.57135, 32.404], [-100.56814, 32.40452], [-100.56492, 32.40506], [-100.56169, 32.40558], [-100.55844, 32.40611], [-100.55517, 32.40665], [-100.55221, 32.40714], [-100.54894, 32.40767], [-100.54573, 32.40821], [-100.54254, 32.40873], [-100.53932, 32.40926], [-100.53622, 32.40977], [-100.53297, 32.41029], [-100.52987, 32.41083], [-100.5266, 32.41136], [-100.52343, 32.41188], [-100.5202, 32.4124], [-100.51703, 32.41293], [-100.5138, 32.41346], [-100.51068, 32.41397], [-100.50745, 32.4145], [-100.50426, 32.41503], [-100.50106, 32.41555], [-100.49787, 32.41607], [-100.49466, 32.4166], [-100.49145, 32.41712], [-100.48829, 32.41764], [-100.48512, 32.41816], [-100.48184, 32.4187], [-100.47853, 32.41933], [-100.47515, 32.41996], [-100.47173, 32.4206], [-100.46855, 32.42119], [-100.46605, 32.42165], [-100.46348, 32.42214], [-100.46037, 32.42273], [-100.45721, 32.42332], [-100.45402, 32.42392], [-100.45084, 32.42451], [-100.44767, 32.42511], [-100.4445, 32.4257], [-100.44134, 32.42629], [-100.43802, 32.42693], [-100.43452, 32.42757], [-100.43167, 32.42812], [-100.42875, 32.42853], [-100.42557, 32.42888], [-100.42234, 32.4292], [-100.41886, 32.42954], [-100.41538, 32.42989], [-100.41192, 32.43024], [-100.40912, 32.43052], [-100.40577, 32.4308], [-100.40257, 32.43104], [-100.39923, 32.43129], [-100.39587, 32.43162], [-100.39295, 32.43208], [-100.38977, 32.43259], [-100.38665, 32.43309], [-100.38352, 32.43358], [-100.38038, 32.43408], [-100.37776, 32.4345], [-100.37453, 32.43501], [-100.37159, 32.43548], [-100.36866, 32.43594], [-100.36574, 32.43641], [-100.3628, 32.43687], [-100.35987, 32.43734], [-100.3564, 32.43788], [-100.35284, 32.43846], [-100.34943, 32.43899], [-100.34677, 32.43941], [-100.34396, 32.43986], [-100.34068, 32.44037], [-100.33879, 32.44068], [-100.33603, 32.44111], [-100.33327, 32.44155], [-100.33049, 32.44199], [-100.32836, 32.44232], [-100.32373, 32.44306], [-100.32114, 32.44347], [-100.31744, 32.4441], [-100.31505, 32.44447], [-100.31217, 32.44494], [-100.30897, 32.44574], [-100.30576, 32.44654], [-100.30257, 32.44733], [-100.29936, 32.44813], [-100.29618, 32.44893], [-100.29321, 32.44968], [-100.29026, 32.45042], [-100.2873, 32.45115], [-100.28417, 32.45203], [-100.281, 32.45292], [-100.27776, 32.45384], [-100.2747, 32.45469], [-100.27165, 32.45556], [-100.26874, 32.45637], [-100.26869, 32.45638], [-100.26572, 32.45722], [-100.26299, 32.45799], [-100.25995, 32.45884], [-100.25692, 32.4597], [-100.25382, 32.46057], [-100.25078, 32.46142], [-100.24479, 32.4631], [-100.24162, 32.46322], [-100.23843, 32.46332], [-100.23526, 32.46343], [-100.23196, 32.46353], [-100.22872, 32.46364], [-100.22548, 32.46375], [-100.22238, 32.4638], [-100.21925, 32.46396], [-100.21768, 32.46401], [-100.21718, 32.46405], [-100.21693, 32.464]]}, "properties": {"owner": "ONCOR ELECTRIC DELIVERY CO.", "voltage_kv": 345.0}}, {"type": "Feature", "geometry": {"type": "LineString", "coordinates": [[-102.31627, 31.84], [-102.31635, 31.83962], [-102.31618, 31.83902], [-102.3174, 31.83873], [-102.31999, 31.83816], [-102.32306, 31.83753], [-102.32845, 31.83626], [-102.32951, 31.83623]]}, "properties": {"owner": "ONCOR ELECTRIC DELIVERY CO.", "voltage_kv": 345.0}}, {"type": "Feature", "geometry": {"type": "LineString", "coordinates": [[-101.45233, 32.1003], [-101.45223, 32.10049], [-101.44951, 32.10165], [-101.44662, 32.10284], [-101.44371, 32.10403], [-101.44072, 32.10524], [-101.4378, 32.10643], [-101.43488, 32.10763], [-101.43194, 32.10884], [-101.429, 32.11003], [-101.42607, 32.11123], [-101.42314, 32.11243], [-101.42026, 32.11359], [-101.41745, 32.11475], [-101.41467, 32.11588], [-101.41154, 32.11716], [-101.40878, 32.11827], [-101.40591, 32.11944], [-101.40309, 32.12061], [-101.4002, 32.12177], [-101.39735, 32.12293], [-101.3945, 32.1241], [-101.39164, 32.12527], [-101.38878, 32.12646], [-101.38592, 32.1276], [-101.38296, 32.12881], [-101.38008, 32.12998], [-101.37738, 32.13109], [-101.37457, 32.13223], [-101.37174, 32.13339], [-101.36867, 32.13463], [-101.36581, 32.13582], [-101.36291, 32.137], [-101.35984, 32.13822], [-101.35688, 32.13943], [-101.35384, 32.14067], [-101.35086, 32.14189], [-101.34788, 32.14309], [-101.3449, 32.14431], [-101.34193, 32.14552], [-101.33923, 32.14662], [-101.33631, 32.14779], [-101.33354, 32.14892], [-101.33085, 32.15003], [-101.32806, 32.15115], [-101.32585, 32.15207], [-101.32433, 32.15266], [-101.32371, 32.15291], [-101.32079, 32.1542], [-101.31808, 32.15539], [-101.31522, 32.15664], [-101.31237, 32.15787], [-101.30955, 32.15911], [-101.30673, 32.16034], [-101.30389, 32.16157], [-101.30107, 32.16281], [-101.29825, 32.16404], [-101.29542, 32.16527], [-101.29259, 32.1665], [-101.28976, 32.16773], [-101.28706, 32.16891], [-101.28413, 32.17019], [-101.28124, 32.17145], [-101.27824, 32.17274], [-101.27513, 32.1741], [-101.27216, 32.1754], [-101.26908, 32.17674], [-101.26604, 32.17808], [-101.26296, 32.17941], [-101.26008, 32.18065], [-101.2574, 32.18182], [-101.25442, 32.18313], [-101.25139, 32.18444], [-101.24843, 32.18574], [-101.24545, 32.18704], [-101.24245, 32.18835], [-101.23946, 32.18965], [-101.23634, 32.191], [-101.2334, 32.19228], [-101.23067, 32.19347], [-101.22778, 32.19474], [-101.22531, 32.19581], [-101.22284, 32.19688], [-101.22035, 32.19795], [-101.21823, 32.19888], [-101.21612, 32.1998], [-101.21338, 32.20099], [-101.21064, 32.20218], [-101.20806, 32.20331], [-101.20535, 32.20449], [-101.20239, 32.20578], [-101.19939, 32.20705], [-101.19646, 32.20834], [-101.19372, 32.20954], [-101.19101, 32.21072], [-101.18829, 32.2119], [-101.18556, 32.21308], [-101.1828, 32.21425], [-101.18001, 32.2155], [-101.17722, 32.21674], [-101.17437, 32.21789], [-101.17141, 32.21902], [-101.1685, 32.22011], [-101.16599, 32.22107], [-101.16328, 32.2221], [-101.16042, 32.2232], [-101.15794, 32.22414], [-101.15532, 32.22515], [-101.15251, 32.22622], [-101.14966, 32.22729], [-101.14682, 32.22837], [-101.144, 32.22945], [-101.14116, 32.23053], [-101.13835, 32.23161], [-101.13514, 32.23282], [-101.13249, 32.23383], [-101.12954, 32.23496], [-101.12667, 32.23607], [-101.12378, 32.23715], [-101.12088, 32.23826], [-101.1179, 32.23941], [-101.11489, 32.24054], [-101.1125, 32.24046], [-101.10967, 32.2404], [-101.10687, 32.24028], [-101.10388, 32.24018], [-101.10093, 32.24008], [-101.09795, 32.23998], [-101.09504, 32.23987], [-101.09442, 32.24193], [-101.09376, 32.24438], [-101.09307, 32.24678], [-101.09243, 32.24909], [-101.08995, 32.25003], [-101.0875, 32.25097], [-101.08432, 32.25218], [-101.08107, 32.2534], [-101.07812, 32.25455], [-101.07513, 32.25567], [-101.07218, 32.25679], [-101.06905, 32.25798], [-101.06611, 32.25909], [-101.0632, 32.26021], [-101.06012, 32.26137], [-101.05722, 32.26249], [-101.05429, 32.26359], [-101.05141, 32.26469], [-101.04849, 32.26579], [-101.04546, 32.26689], [-101.04256, 32.26803], [-101.03935, 32.26926], [-101.03649, 32.27036], [-101.03325, 32.2716], [-101.03062, 32.2726], [-101.02784, 32.27365], [-101.02482, 32.2748], [-101.02182, 32.27594], [-101.01882, 32.27709], [-101.0157, 32.27827], [-101.01285, 32.27935], [-101.0099, 32.28047], [-101.00703, 32.28155], [-101.00411, 32.28266], [-101.00122, 32.28377], [-100.99834, 32.28485], [-100.99536, 32.28599], [-100.9924, 32.28711], [-100.98931, 32.28828], [-100.98644, 32.28937], [-100.98327, 32.29058], [-100.98033, 32.29168], [-100.97745, 32.29277], [-100.97447, 32.29391], [-100.97148, 32.29503], [-100.96854, 32.29615], [-100.96557, 32.29727], [-100.96253, 32.29844], [-100.95981, 32.29947], [-100.95672, 32.30064], [-100.95374, 32.30178], [-100.95093, 32.30284], [-100.94787, 32.30401], [-100.94473, 32.30519], [-100.9417, 32.30634], [-100.93847, 32.30756], [-100.93529, 32.30876], [-100.93209, 32.30998], [-100.9289, 32.31118], [-100.92695, 32.31187], [-100.9244, 32.31352], [-100.92189, 32.31506], [-100.91936, 32.31664], [-100.91646, 32.3184], [-100.91427, 32.31977], [-100.91155, 32.32144], [-100.91217, 32.32296], [-100.91323, 32.32557], [-100.91432, 32.32828], [-100.91461, 32.32899], [-100.91538, 32.33087], [-100.91619, 32.3329], [-100.91611, 32.33413]]}, "properties": {"owner": "ONCOR ELECTRIC DELIVERY CO.", "voltage_kv": 345.0}}, {"type": "Feature", "geometry": {"type": "LineString", "coordinates": [[-103.35316, 32.7134], [-103.35266, 32.71395], [-103.35122, 32.71401], [-103.35128, 32.71903], [-103.35129, 32.72512], [-103.35135, 32.73101], [-103.35134, 32.73696], [-103.35135, 32.74277], [-103.35137, 32.74856], [-103.35144, 32.7639], [-103.35145, 32.7697], [-103.36109, 32.76971], [-103.37503, 32.76975], [-103.38906, 32.76978], [-103.40087, 32.76981], [-103.41473, 32.76984], [-103.42869, 32.76988], [-103.44248, 32.76991], [-103.45642, 32.76994], [-103.47505, 32.76993], [-103.49343, 32.76997], [-103.51197, 32.76998], [-103.53056, 32.76996], [-103.54861, 32.76992], [-103.60091, 32.7698], [-103.63968, 32.76971], [-103.66656, 32.7696], [-103.68972, 32.76949], [-103.72307, 32.76948], [-103.7408, 32.76953], [-103.76295, 32.76957], [-103.78291, 32.76959], [-103.80317, 32.76962], [-103.83968, 32.76964], [-103.85915, 32.76966], [-103.88696, 32.76965], [-103.90459, 32.76968], [-103.92261, 32.76967], [-103.93885, 32.76967], [-103.96872, 32.76967], [-103.9885, 32.76968], [-104.00589, 32.76964], [-104.02489, 32.76962], [-104.04236, 32.76964], [-104.05947, 32.76961], [-104.07749, 32.76956], [-104.09281, 32.76957], [-104.11056, 32.76971], [-104.12831, 32.76984], [-104.14504, 32.76975], [-104.16499, 32.76945], [-104.17078, 32.76938], [-104.17252, 32.76937], [-104.17254, 32.77556], [-104.17264, 32.78626], [-104.17261, 32.79526], [-104.1726, 32.80505], [-104.17257, 32.81006], [-104.17264, 32.81361], [-104.18153, 32.81366], [-104.19774, 32.81363], [-104.21663, 32.81361], [-104.23236, 32.81363], [-104.2373, 32.81363], [-104.23975, 32.81363], [-104.24064, 32.8144]]}, "properties": {"owner": "NOT AVAILABLE", "voltage_kv": 230.0}}, {"type": "Feature", "geometry": {"type": "LineString", "coordinates": [[-100.86202, 32.59853], [-100.86115, 32.59829], [-100.86117, 32.59585], [-100.8594, 32.59576], [-100.85044, 32.59571], [-100.85063, 32.58755], [-100.83488, 32.58747], [-100.83067, 32.58755], [-100.82291, 32.58748], [-100.82065, 32.58746], [-100.80103, 32.58711], [-100.78253, 32.5869], [-100.75575, 32.5927], [-100.74875, 32.59412], [-100.73478, 32.59508], [-100.71504, 32.59904], [-100.71119, 32.5997], [-100.7044, 32.60108], [-100.68728, 32.60428], [-100.67593, 32.60651], [-100.6775, 32.61328], [-100.66688, 32.61564], [-100.66533, 32.61641], [-100.66393, 32.61687], [-100.65687, 32.61826], [-100.65094, 32.61903], [-100.64999, 32.61735], [-100.64601, 32.60604], [-100.64355, 32.60623], [-100.62906, 32.60929], [-100.62694, 32.60893], [-100.59434, 32.61569], [-100.57929, 32.61847], [-100.56751, 32.62114], [-100.54637, 32.62586], [-100.54345, 32.62685], [-100.51636, 32.63255], [-100.51396, 32.63266], [-100.51318, 32.63099], [-100.51042, 32.62161], [-100.50962, 32.61983], [-100.50744, 32.61994], [-100.47608, 32.62671], [-100.47233, 32.61365], [-100.47121, 32.61295], [-100.47013, 32.61259], [-100.46317, 32.61432], [-100.45788, 32.61545], [-100.45526, 32.61592], [-100.45353, 32.61617], [-100.44713, 32.6176], [-100.44293, 32.60399], [-100.41825, 32.60945], [-100.41181, 32.61173], [-100.41068, 32.61076], [-100.40819, 32.61154], [-100.40237, 32.61291], [-100.40004, 32.61306], [-100.39916, 32.61132], [-100.39787, 32.60624], [-100.32507, 32.62118], [-100.31651, 32.623], [-100.2692, 32.62547], [-100.24812, 32.62941], [-100.22161, 32.62636], [-100.20427, 32.62954], [-100.19687, 32.63107], [-100.16795, 32.6366], [-100.16342, 32.6401], [-100.13768, 32.64546], [-100.1329, 32.64685], [-100.13096, 32.64706], [-100.10961, 32.65157], [-100.10465, 32.65213], [-100.10482, 32.65391], [-100.10732, 32.66177], [-100.108, 32.66385], [-100.10903, 32.66905], [-100.11123, 32.6763], [-100.10288, 32.67838], [-100.11114, 32.70543], [-100.11061, 32.70859], [-100.12206, 32.74555], [-100.12311, 32.75073], [-100.10971, 32.75284], [-100.08888, 32.75732], [-100.0878, 32.7568], [-100.02561, 32.7702], [-100.00448, 32.77465], [-99.99987, 32.77508], [-99.99024, 32.77734], [-99.9853, 32.77888], [-99.9571, 32.78492], [-99.93153, 32.79104], [-99.90127, 32.79027], [-99.87929, 32.79053], [-99.87371, 32.79051], [-99.86906, 32.7876], [-99.82663, 32.78774], [-99.79121, 32.78777], [-99.78243, 32.78767], [-99.70657, 32.78726], [-99.70415, 32.78412], [-99.69141, 32.78121], [-99.68857, 32.76238], [-99.68589, 32.76199], [-99.65408, 32.76176], [-99.61689, 32.76166], [-99.60982, 32.76149], [-99.60267, 32.76129], [-99.59059, 32.76092], [-99.57771, 32.7495], [-99.57819, 32.74652], [-99.57836, 32.72349], [-99.58357, 32.72288], [-99.58367, 32.72089], [-99.57932, 32.68223], [-99.57868, 32.6804], [-99.5764, 32.68024], [-99.53117, 32.68329], [-99.52879, 32.6831], [-99.52826, 32.68132], [-99.52441, 32.64799], [-99.52369, 32.64166], [-99.53823, 32.6397], [-99.53773, 32.63565]]}, "properties": {"owner": "BIG COUNTRY ELECTRIC COOP, INC", "voltage_kv": 345.0}}, {"type": "Feature", "geometry": {"type": "LineString", "coordinates": [[-101.3958, 32.64803], [-101.39485, 32.64833], [-101.3869, 32.65041], [-101.29814, 32.6402], [-101.20692, 32.62973], [-101.18824, 32.62949], [-101.18827, 32.62875], [-101.14971, 32.62823], [-101.12901, 32.62813], [-101.11507, 32.62788], [-101.11484, 32.62884], [-101.06824, 32.62771], [-101.05366, 32.63063], [-101.04351, 32.63031], [-101.04376, 32.62445], [-101.01646, 32.60714], [-101.00087, 32.6072], [-100.99259, 32.60425], [-100.95434, 32.60317], [-100.9544, 32.59538], [-100.94624, 32.58851], [-100.8849, 32.58826], [-100.88473, 32.59566], [-100.86899, 32.59555], [-100.86899, 32.59934], [-100.86477, 32.60028], [-100.86164, 32.60027], [-100.86162, 32.59884], [-100.86202, 32.59853]]}, "properties": {"owner": "ONCOR ELECTRIC DELIVERY CO.", "voltage_kv": 345.0}}, {"type": "Feature", "geometry": {"type": "LineString", "coordinates": [[-101.39609, 32.12403], [-101.39753, 32.12342], [-101.3995, 32.12261], [-101.40169, 32.12172], [-101.40341, 32.12101], [-101.40569, 32.12008], [-101.40788, 32.11919], [-101.40976, 32.11844], [-101.41165, 32.11766], [-101.41406, 32.11667], [-101.4163, 32.11575], [-101.41849, 32.11486], [-101.42061, 32.114], [-101.42262, 32.11319], [-101.4249, 32.11226], [-101.42715, 32.11133], [-101.42924, 32.11048], [-101.43133, 32.10963], [-101.43346, 32.10876], [-101.43567, 32.10785], [-101.43773, 32.10702], [-101.4398, 32.10616], [-101.4419, 32.10531], [-101.44408, 32.10442], [-101.44611, 32.10359], [-101.44821, 32.10273], [-101.45037, 32.10185], [-101.45246, 32.10092], [-101.45233, 32.1003]]}, "properties": {"owner": "ONCOR ELECTRIC DELIVERY CO.", "voltage_kv": 345.0}}, {"type": "Feature", "geometry": {"type": "LineString", "coordinates": [[-101.00885, 32.86017], [-101.00873, 32.86094], [-101.00859, 32.86436], [-100.98571, 32.86405], [-100.97115, 32.87138], [-100.93409, 32.87079], [-100.92531, 32.87183], [-100.89966, 32.8714], [-100.86654, 32.8715], [-100.83283, 32.87873], [-100.82528, 32.87992], [-100.76594, 32.89221], [-100.75757, 32.86444], [-100.70702, 32.8747], [-100.70555, 32.86754], [-100.68671, 32.87216], [-100.67222, 32.87546], [-100.66536, 32.85238], [-100.6564, 32.85427], [-100.65195, 32.8572], [-100.62481, 32.86308], [-100.61934, 32.86388], [-100.57895, 32.87224], [-100.56528, 32.866], [-100.54588, 32.8651], [-100.47922, 32.87883], [-100.45418, 32.88373], [-100.39473, 32.89634], [-100.39273, 32.89736], [-100.37868, 32.90032], [-100.3767, 32.9001], [-100.35241, 32.90519], [-100.32624, 32.91083], [-100.31261, 32.91416], [-100.26656, 32.9237], [-100.22409, 32.92454], [-100.21763, 32.9257], [-100.21666, 32.92534]]}, "properties": {"owner": "BIG COUNTRY ELECTRIC COOP, INC", "voltage_kv": 345.0}}]}