{"type": "FeatureCollection", "features": [{"type": "Feature", "geometry": {"type": "LineString", "coordinates": [[-97.15962, 33.12127], [-97.15693, 33.1212], [-97.15482, 33.12743], [-97.15012, 33.12788], [-97.14826, 33.1323], [-97.14102, 33.13192], [-97.1415, 33.14012], [-97.13956, 33.14389], [-97.13256, 33.14438], [-97.12993, 33.14486], [-97.12468, 33.14389]]}, "properties": {"operator": "Crosstex Texas Systems", "pipe_type": "Intrastate"}}, {"type": "Feature", "geometry": {"type": "LineString", "coordinates": [[-97.13001, 33.14926], [-97.13175, 33.1492], [-97.12993, 33.14486]]}, "properties": {"operator": "Crosstex Texas Systems", "pipe_type": "Intrastate"}}, {"type": "Feature", "geometry": {"type": "LineString", "coordinates": [[-97.13956, 33.14389], [-97.14364, 33.14486], [-97.14723, 33.14483]]}, "properties": {"operator": "Crosstex Texas Systems", "pipe_type": "Intrastate"}}, {"type": "Feature", "geometry": {"type": "LineString", "coordinates": [[-97.13839, 33.14462], [-97.14364, 33.14486], [-97.14569, 33.15366], [-97.14714, 33.15806], [-97.14804, 33.16148], [-97.14861, 33.16362], [-97.15125, 33.16487], [-97.15463, 33.17333], [-97.15751, 33.17456], [-97.15901, 33.17869], [-97.1647, 33.17743], [-97.16677, 33.17748], [-97.17006, 33.17642], [-97.17486, 33.17613], [-97.17661, 33.17735], [-97.17868, 33.17451], [-97.1801, 33.17488]]}, "properties": {"operator": "Crosstex Texas Systems", "pipe_type": "Intrastate"}}, {"type": "Feature", "geometry": {"type": "LineString", "coordinates": [[-97.16552, 33.16807], [-97.16561, 33.17026], [-97.16569, 33.17199], [-97.16582, 33.17515], [-97.1647, 33.17743]]}, "properties": {"operator": "Crosstex Texas Systems", "pipe_type": "Intrastate"}}, {"type": "Feature", "geometry": {"type": "LineString", "coordinates": [[-97.16569, 33.17199], [-97.16377, 33.17124]]}, "properties": {"operator": "Crosstex Texas Systems", "pipe_type": "Intrastate"}}, {"type": "Feature", "geometry": {"type": "LineString", "coordinates": [[-97.16569, 33.17199], [-97.16377, 33.17124]]}, "properties": {"operator": "Crosstex Texas Systems", "pipe_type": "Intrastate"}}, {"type": "Feature", "geometry": {"type": "LineString", "coordinates": [[-97.14861, 33.16094], [-97.1435, 33.16132], [-97.14185, 33.16471], [-97.13693, 33.16489], [-97.13693, 33.16978], [-97.13269, 33.16969], [-97.1327, 33.17113], [-97.12944, 33.1711], [-97.12897, 33.17556], [-97.12847, 33.18028], [-97.13314, 33.18052], [-97.13256, 33.18321]]}, "properties": {"operator": "Crosstex Texas Systems", "pipe_type": "Intrastate"}}, {"type": "Feature", "geometry": {"type": "LineString", "coordinates": [[-97.13781, 33.17491], [-97.13752, 33.17613], [-97.13489, 33.17613], [-97.12897, 33.17556]]}, "properties": {"operator": "Crosstex Texas Systems", "pipe_type": "Intrastate"}}, {"type": "Feature", "geometry": {"type": "LineString", "coordinates": [[-97.14185, 33.16471], [-97.13956, 33.15952], [-97.13781, 33.15928], [-97.13752, 33.15683], [-97.13664, 33.15512], [-97.12993, 33.15512], [-97.1276, 33.15634], [-97.12206, 33.15757]]}, "properties": {"operator": "Crosstex Texas Systems", "pipe_type": "Intrastate"}}, {"type": "Feature", "geometry": {"type": "LineString", "coordinates": [[-97.16244, 33.19652], [-97.1594, 33.19738], [-97.15794, 33.19469], [-97.1591, 33.19335], [-97.15777, 33.19334], [-97.15813, 33.18314], [-97.15706, 33.17808], [-97.15912, 33.17878]]}, "properties": {"operator": "Crosstex Texas Systems", "pipe_type": "Intrastate"}}, {"type": "Feature", "geometry": {"type": "LineString", "coordinates": [[-97.15465, 33.17346], [-97.15224, 33.17509], [-97.149, 33.17519], [-97.14584, 33.17599], [-97.14452, 33.17442]]}, "properties": {"operator": "Crosstex Texas Systems", "pipe_type": "Intrastate"}}, {"type": "Feature", "geometry": {"type": "LineString", "coordinates": [[-97.14992, 33.17484], [-97.15123, 33.18077], [-97.14948, 33.18101]]}, "properties": {"operator": "Crosstex Texas Systems", "pipe_type": "Intrastate"}}, {"type": "Feature", "geometry": {"type": "LineString", "coordinates": [[-97.14575, 33.17594], [-97.14627, 33.17857]]}, "properties": {"operator": "Crosstex Texas Systems", "pipe_type": "Intrastate"}}, {"type": "Feature", "geometry": {"type": "LineString", "coordinates": [[-97.06343, 34.08648], [-97.06149, 34.09701]]}, "properties": {"operator": "ONEOK Gas Transmission LLC", "pipe_type": "Intrastate"}}, {"type": "Feature", "geometry": {"type": "LineString", "coordinates": [[-97.08846, 34.13476], [-97.08737, 34.12895], [-97.08408, 34.12296], [-97.08342, 34.11661], [-97.0821, 34.11516], [-97.07903, 34.11153], [-97.07509, 34.10735], [-97.07399, 34.10481], [-97.06895, 34.10154], [-97.06588, 34.09937], [-97.06149, 34.09701], [-97.05623, 34.09283]]}, "properties": {"operator": "ONEOK Gas Transmission LLC", "pipe_type": "Intrastate"}}, {"type": "Feature", "geometry": {"type": "LineString", "coordinates": [[-98.46374, 32.35456], [-98.02372, 32.36089]]}, "properties": {"operator": "El Paso Texas Pipeline Co", "pipe_type": "Intrastate"}}, {"type": "Feature", "geometry": {"type": "LineString", "coordinates": [[-98.47361, 32.35339], [-98.46374, 32.35456]]}, "properties": {"operator": "El Paso Texas Pipeline Co", "pipe_type": "Intrastate"}}, {"type": "Feature", "geometry": {"type": "LineString", "coordinates": [[-99.05542, 32.254], [-98.47361, 32.35339]]}, "properties": {"operator": "El Paso Texas Pipeline Co", "pipe_type": "Intrastate"}}, {"type": "Feature", "geometry": {"type": "LineString", "coordinates": [[-99.09754, 32.24064], [-99.05542, 32.254]]}, "properties": {"operator": "El Paso Texas Pipeline Co", "pipe_type": "Intrastate"}}, {"type": "Feature", "geometry": {"type": "LineString", "coordinates": [[-99.62918, 32.23173], [-99.09754, 32.24064]]}, "properties": {"operator": "El Paso Texas Pipeline Co", "pipe_type": "Intrastate"}}, {"type": "Feature", "geometry": {"type": "LineString", "coordinates": [[-97.04991, 32.3119], [-96.80251, 32.3208]]}, "properties": {"operator": "El Paso Texas Pipeline Co", "pipe_type": "Intrastate"}}, {"type": "Feature", "geometry": {"type": "LineString", "coordinates": [[-97.4289, 32.29854], [-97.04991, 32.3119]]}, "properties": {"operator": "El Paso Texas Pipeline Co", "pipe_type": "Intrastate"}}, {"type": "Feature", "geometry": {"type": "LineString", "coordinates": [[-96.53052, 32.29563], [-96.45521, 32.23382]]}, "properties": {"operator": "El Paso Texas Pipeline Co", "pipe_type": "Intrastate"}}, {"type": "Feature", "geometry": {"type": "LineString", "coordinates": [[-96.587, 32.28908], [-96.53052, 32.29563]]}, "properties": {"operator": "El Paso Texas Pipeline Co", "pipe_type": "Intrastate"}}, {"type": "Feature", "geometry": {"type": "LineString", "coordinates": [[-96.45521, 32.23382], [-96.3814, 32.21492]]}, "properties": {"operator": "El Paso Texas Pipeline Co", "pipe_type": "Intrastate"}}, {"type": "Feature", "geometry": {"type": "LineString", "coordinates": [[-96.65344, 32.33216], [-96.587, 32.28908]]}, "properties": {"operator": "El Paso Texas Pipeline Co", "pipe_type": "Intrastate"}}, {"type": "Feature", "geometry": {"type": "LineString", "coordinates": [[-96.80251, 32.3208], [-96.65344, 32.33216]]}, "properties": {"operator": "El Paso Texas Pipeline Co", "pipe_type": "Intrastate"}}, {"type": "Feature", "geometry": {"type": "LineString", "coordinates": [[-97.68683, 32.44105], [-97.6184, 32.45441]]}, "properties": {"operator": "El Paso Texas Pipeline Co", "pipe_type": "Intrastate"}}, {"type": "Feature", "geometry": {"type": "LineString", "coordinates": [[-97.72894, 32.32971], [-97.68683, 32.44105]]}, "properties": {"operator": "El Paso Texas Pipeline Co", "pipe_type": "Intrastate"}}, {"type": "Feature", "geometry": {"type": "LineString", "coordinates": [[-97.72894, 32.32971], [-97.4289, 32.29854]]}, "properties": {"operator": "El Paso Texas Pipeline Co", "pipe_type": "Intrastate"}}, {"type": "Feature", "geometry": {"type": "LineString", "coordinates": [[-97.84474, 32.35643], [-97.72894, 32.32971]]}, "properties": {"operator": "El Paso Texas Pipeline Co", "pipe_type": "Intrastate"}}, {"type": "Feature", "geometry": {"type": "LineString", "coordinates": [[-98.02372, 32.36089], [-97.84474, 32.35643]]}, "properties": {"operator": "El Paso Texas Pipeline Co", "pipe_type": "Intrastate"}}, {"type": "Feature", "geometry": {"type": "LineString", "coordinates": [[-97.04991, 32.3119], [-96.66038, 31.25103], [-96.59722, 30.9122], [-96.3972, 30.57336], [-96.16323, 29.97606], [-96.15747, 29.9026], [-96.02109, 29.62382], [-95.85975, 29.28509], [-95.84629, 29.26157], [-95.83669, 29.20981]]}, "properties": {"operator": "El Paso Texas Pipeline Co", "pipe_type": "Intrastate"}}, {"type": "Feature", "geometry": {"type": "LineString", "coordinates": [[-97.03322, 32.75251], [-97.26566, 32.80422]]}, "properties": {"operator": "Gulf South Pipeline Co", "pipe_type": "Interstate"}}, {"type": "Feature", "geometry": {"type": "LineString", "coordinates": [[-96.51802, 32.68966], [-97.03322, 32.75251]]}, "properties": {"operator": "Gulf South Pipeline Co", "pipe_type": "Interstate"}}, {"type": "Feature", "geometry": {"type": "LineString", "coordinates": [[-96.06963, 32.68966], [-96.51802, 32.68966]]}, "properties": {"operator": "Gulf South Pipeline Co", "pipe_type": "Interstate"}}, {"type": "Feature", "geometry": {"type": "LineString", "coordinates": [[-98.97109, 31.7564], [-98.98505, 31.76083]]}, "properties": {"operator": "Atmos Pipeline - Texas", "pipe_type": "Intrastate"}}, {"type": "Feature", "geometry": {"type": "LineString", "coordinates": [[-98.96184, 31.77632], [-98.94552, 31.76083]]}, "properties": {"operator": "Atmos Pipeline - Texas", "pipe_type": "Intrastate"}}, {"type": "Feature", "geometry": {"type": "LineString", "coordinates": [[-98.94904, 31.77411], [-98.94209, 31.78296]]}, "properties": {"operator": "Atmos Pipeline - Texas", "pipe_type": "Intrastate"}}, {"type": "Feature", "geometry": {"type": "LineString", "coordinates": [[-98.09137, 31.71073], [-98.08346, 31.71967]]}, "properties": {"operator": "Atmos Pipeline - Texas", "pipe_type": "Intrastate"}}, {"type": "Feature", "geometry": {"type": "LineString", "coordinates": [[-98.29484, 31.6895], [-98.28961, 31.71073]]}, "properties": {"operator": "Atmos Pipeline - Texas", "pipe_type": "Intrastate"}}, {"type": "Feature", "geometry": {"type": "LineString", "coordinates": [[-97.43707, 31.43918], [-97.44543, 31.43466]]}, "properties": {"operator": "Atmos Pipeline - Texas", "pipe_type": "Intrastate"}}, {"type": "Feature", "geometry": {"type": "LineString", "coordinates": [[-97.65038, 31.1006], [-97.64341, 31.13106]]}, "properties": {"operator": "Atmos Pipeline - Texas", "pipe_type": "Intrastate"}}, {"type": "Feature", "geometry": {"type": "LineString", "coordinates": [[-97.72009, 31.11969], [-97.71591, 31.14112]]}, "properties": {"operator": "Atmos Pipeline - Texas", "pipe_type": "Intrastate"}}, {"type": "Feature", "geometry": {"type": "LineString", "coordinates": [[-97.22515, 31.47327], [-97.1889, 31.46204]]}, "properties": {"operator": "Atmos Pipeline - Texas", "pipe_type": "Intrastate"}}, {"type": "Feature", "geometry": {"type": "LineString", "coordinates": [[-96.64689, 32.2869], [-96.61896, 32.26235]]}, "properties": {"operator": "Atmos Pipeline - Texas", "pipe_type": "Intrastate"}}, {"type": "Feature", "geometry": {"type": "LineString", "coordinates": [[-96.49083, 32.29911], [-96.52266, 32.32534]]}, "properties": {"operator": "Atmos Pipeline - Texas", "pipe_type": "Intrastate"}}, {"type": "Feature", "geometry": {"type": "LineString", "coordinates": [[-96.92751, 32.97964], [-96.98392, 32.99088]]}, "properties": {"operator": "Atmos Pipeline - Texas", "pipe_type": "Intrastate"}}, {"type": "Feature", "geometry": {"type": "LineString", "coordinates": [[-96.86922, 32.66232], [-96.85407, 32.64314]]}, "properties": {"operator": "Atmos Pipeline - Texas", "pipe_type": "Intrastate"}}, {"type": "Feature", "geometry": {"type": "LineString", "coordinates": [[-96.96131, 32.52425], [-96.94732, 32.48946]]}, "properties": {"operator": "Atmos Pipeline - Texas", "pipe_type": "Intrastate"}}, {"type": "Feature", "geometry": {"type": "LineString", "coordinates": [[-99.29444, 32.72266], [-99.23319, 32.61376]]}, "properties": {"operator": "Atmos Pipeline - Texas", "pipe_type": "Intrastate"}}, {"type": "Feature", "geometry": {"type": "LineString", "coordinates": [[-99.23319, 32.61376], [-99.17315, 32.5487]]}, "properties": {"operator": "Atmos Pipeline - Texas", "pipe_type": "Intrastate"}}, {"type": "Feature", "geometry": {"type": "LineString", "coordinates": [[-98.2699, 32.52338], [-98.30695, 32.52155]]}, "properties": {"operator": "Atmos Pipeline - Texas", "pipe_type": "Intrastate"}}, {"type": "Feature", "geometry": {"type": "LineString", "coordinates": [[-99.55078, 32.45319], [-99.55358, 32.4341]]}, "properties": {"operator": "Atmos Pipeline - Texas", "pipe_type": "Intrastate"}}, {"type": "Feature", "geometry": {"type": "LineString", "coordinates": [[-98.03321, 33.77742], [-98.07817, 33.72203]]}, "properties": {"operator": "Atmos Pipeline - Texas", "pipe_type": "Intrastate"}}, {"type": "Feature", "geometry": {"type": "LineString", "coordinates": [[-97.6891, 33.67106], [-97.71942, 33.68351]]}, "properties": {"operator": "Atmos Pipeline - Texas", "pipe_type": "Intrastate"}}, {"type": "Feature", "geometry": {"type": "LineString", "coordinates": [[-98.1719, 33.69717], [-98.18497, 33.75823]]}, "properties": {"operator": "Atmos Pipeline - Texas", "pipe_type": "Intrastate"}}, {"type": "Feature", "geometry": {"type": "LineString", "coordinates": [[-98.18838, 34.0409], [-98.17388, 34.03863]]}, "properties": {"operator": "Atmos Pipeline - Texas", "pipe_type": "Intrastate"}}, {"type": "Feature", "geometry": {"type": "LineString", "coordinates": [[-98.17383, 34.07255], [-98.16195, 34.07255]]}, "properties": {"operator": "Atmos Pipeline - Texas", "pipe_type": "Intrastate"}}, {"type": "Feature", "geometry": {"type": "LineString", "coordinates": [[-97.43741, 31.12354], [-97.43707, 31.11666]]}, "properties": {"operator": "Atmos Pipeline - Texas", "pipe_type": "Intrastate"}}, {"type": "Feature", "geometry": {"type": "LineString", "coordinates": [[-96.21459, 31.00531], [-96.33282, 31.16514], [-96.3899, 31.32119]]}, "properties": {"operator": "Atmos Pipeline - Texas", "pipe_type": "Intrastate"}}, {"type": "Feature", "geometry": {"type": "LineString", "coordinates": [[-96.32371, 32.01926], [-96.33675, 32.04106], [-96.3513, 32.04782], [-96.38166, 32.02978], [-96.39487, 32.02526]]}, "properties": {"operator": "Atmos Pipeline - Texas", "pipe_type": "Intrastate"}}, {"type": "Feature", "geometry": {"type": "LineString", "coordinates": [[-96.0001, 31.97984], [-96.26759, 32.1343], [-96.56961, 32.23458]]}, "properties": {"operator": "Atmos Pipeline - Texas", "pipe_type": "Intrastate"}}, {"type": "Feature", "geometry": {"type": "LineString", "coordinates": [[-96.78291, 32.58488], [-96.75724, 32.5585], [-96.72159, 32.52769], [-96.68391, 32.49513], [-96.64318, 32.50246], [-96.62456, 32.48432], [-96.4651, 32.32902], [-96.44837, 32.31669]]}, "properties": {"operator": "Atmos Pipeline - Texas", "pipe_type": "Intrastate"}}, {"type": "Feature", "geometry": {"type": "LineString", "coordinates": [[-96.44913, 32.31712], [-96.19535, 32.1431], [-96.10366, 32.11175]]}, "properties": {"operator": "Atmos Pipeline - Texas", "pipe_type": "Intrastate"}}, {"type": "Feature", "geometry": {"type": "LineString", "coordinates": [[-96.01339, 32.53606], [-96.2953, 32.66883], [-96.36586, 32.70228], [-96.376, 32.70786], [-96.41694, 32.73039], [-96.49428, 32.76637], [-96.51695, 32.78299]]}, "properties": {"operator": "Atmos Pipeline - Texas", "pipe_type": "Intrastate"}}, {"type": "Feature", "geometry": {"type": "LineString", "coordinates": [[-96.42082, 32.86052], [-96.40438, 32.8935], [-96.38732, 32.94892], [-96.38341, 32.97945], [-96.37952, 33.02581], [-96.37892, 33.03108]]}, "properties": {"operator": "Atmos Pipeline - Texas", "pipe_type": "Intrastate"}}, {"type": "Feature", "geometry": {"type": "LineString", "coordinates": [[-96.51512, 32.78157], [-96.51632, 32.76471], [-96.5226, 32.71991], [-96.52229, 32.70006], [-96.52323, 32.69124], [-96.52575, 32.6747], [-96.527, 32.66809], [-96.527, 32.62949], [-96.52354, 32.62948], [-96.52175, 32.59161]]}, "properties": {"operator": "Atmos Pipeline - Texas", "pipe_type": "Intrastate"}}, {"type": "Feature", "geometry": {"type": "LineString", "coordinates": [[-96.5206, 32.59231], [-96.52202, 32.58349], [-96.53646, 32.55817], [-96.53869, 32.55241], [-96.59214, 32.49771], [-96.59899, 32.49032], [-96.61979, 32.47755], [-96.65978, 32.43724], [-96.66312, 32.42573], [-96.66534, 32.41768], [-96.66978, 32.41422], [-96.672, 32.41307], [-96.67312, 32.40731], [-96.692, 32.39004], [-96.69311, 32.36702], [-96.69311, 32.35782], [-96.692, 32.35322], [-96.68978, 32.34401], [-96.68978, 32.34171]]}, "properties": {"operator": "Atmos Pipeline - Texas", "pipe_type": "Intrastate"}}, {"type": "Feature", "geometry": {"type": "LineString", "coordinates": [[-96.01121, 32.7849], [-96.1097, 32.79741], [-96.17608, 32.80277], [-96.26387, 32.80277], [-96.31739, 32.7992], [-96.51695, 32.78261]]}, "properties": {"operator": "Atmos Pipeline - Texas", "pipe_type": "Intrastate"}}, {"type": "Feature", "geometry": {"type": "LineString", "coordinates": [[-96.38341, 32.97945], [-96.36068, 32.99406], [-96.33903, 32.99984], [-96.32139, 33.00305], [-96.29413, 33.0133], [-96.27501, 33.03086]]}, "properties": {"operator": "Atmos Pipeline - Texas", "pipe_type": "Intrastate"}}, {"type": "Feature", "geometry": {"type": "LineString", "coordinates": [[-98.89909, 34.01424], [-98.84668, 33.99041], [-98.79736, 33.97499], [-98.78866, 33.97113], [-98.69437, 33.94927], [-98.65231, 33.93899], [-98.59138, 33.9287], [-98.53916, 33.92098]]}, "properties": {"operator": "Atmos Pipeline - Texas", "pipe_type": "Intrastate"}}, {"type": "Feature", "geometry": {"type": "LineString", "coordinates": [[-99.42803, 34.23985], [-99.33263, 34.20219], [-99.29971, 34.18939], [-99.28737, 34.18357], [-99.23664, 34.1603], [-99.15027, 34.12771], [-99.10917, 34.10444], [-98.89698, 34.01196]]}, "properties": {"operator": "Atmos Pipeline - Texas", "pipe_type": "Intrastate"}}, {"type": "Feature", "geometry": {"type": "LineString", "coordinates": [[-99.48633, 34.2589], [-99.50967, 34.23685], [-99.51654, 34.23571], [-99.52065, 34.19495], [-99.53164, 34.16237], [-99.53708, 34.14432]]}, "properties": {"operator": "Atmos Pipeline - Texas", "pipe_type": "Intrastate"}}, {"type": "Feature", "geometry": {"type": "LineString", "coordinates": [[-99.60167, 34.18008], [-99.60029, 34.1626], [-99.56871, 34.1555], [-99.53164, 34.16237]]}, "properties": {"operator": "Atmos Pipeline - Texas", "pipe_type": "Intrastate"}}, {"type": "Feature", "geometry": {"type": "LineString", "coordinates": [[-99.63462, 34.04151], [-99.63187, 34.045], [-99.56871, 34.04829]]}, "properties": {"operator": "Atmos Pipeline - Texas", "pipe_type": "Intrastate"}}, {"type": "Feature", "geometry": {"type": "LineString", "coordinates": [[-99.56871, 34.04829], [-99.55773, 34.04359], [-99.49869, 34.04805], [-99.47809, 34.05381], [-99.42799, 34.05824]]}, "properties": {"operator": "Atmos Pipeline - Texas", "pipe_type": "Intrastate"}}, {"type": "Feature", "geometry": {"type": "LineString", "coordinates": [[-99.42799, 34.05824], [-99.42739, 34.05835], [-99.3688, 34.09643], [-99.35591, 34.16722], [-99.34302, 34.18738], [-99.32661, 34.19537], [-99.32075, 34.2014]]}, "properties": {"operator": "Atmos Pipeline - Texas", "pipe_type": "Intrastate"}}, {"type": "Feature", "geometry": {"type": "LineString", "coordinates": [[-99.3913, 34.08622], [-99.34993, 34.08948], [-99.33339, 34.08092], [-99.2941, 34.06717]]}, "properties": {"operator": "Atmos Pipeline - Texas", "pipe_type": "Intrastate"}}, {"type": "Feature", "geometry": {"type": "LineString", "coordinates": [[-99.11325, 34.10044], [-99.105, 34.10277], [-99.04707, 34.20981]]}, "properties": {"operator": "Atmos Pipeline - Texas", "pipe_type": "Intrastate"}}, {"type": "Feature", "geometry": {"type": "LineString", "coordinates": [[-98.7078, 33.85911], [-98.70876, 33.84341], [-98.71243, 33.61089], [-98.71814, 33.56154], [-98.74327, 33.47708], [-98.74884, 33.39555], [-98.48898, 33.09107]]}, "properties": {"operator": "Atmos Pipeline - Texas", "pipe_type": "Intrastate"}}, {"type": "Feature", "geometry": {"type": "LineString", "coordinates": [[-98.69437, 33.94927], [-98.7078, 33.85911]]}, "properties": {"operator": "Atmos Pipeline - Texas", "pipe_type": "Intrastate"}}, {"type": "Feature", "geometry": {"type": "LineString", "coordinates": [[-97.77129, 33.28086], [-97.75474, 33.29073], [-97.75743, 33.30607]]}, "properties": {"operator": "Atmos Pipeline - Texas", "pipe_type": "Intrastate"}}, {"type": "Feature", "geometry": {"type": "LineString", "coordinates": [[-97.84453, 33.2865], [-97.81389, 33.29291], [-97.79736, 33.29949], [-97.75743, 33.30607], [-97.7189, 33.30826], [-97.71196, 33.3236], [-97.70508, 33.3236], [-97.69476, 33.33036], [-97.68163, 33.33895]]}, "properties": {"operator": "Atmos Pipeline - Texas", "pipe_type": "Intrastate"}}, {"type": "Feature", "geometry": {"type": "LineString", "coordinates": [[-97.58142, 33.01133], [-97.63475, 32.97254], [-97.64673, 32.97995]]}, "properties": {"operator": "Atmos Pipeline - Texas", "pipe_type": "Intrastate"}}, {"type": "Feature", "geometry": {"type": "LineString", "coordinates": [[-97.51294, 33.09574], [-97.53486, 33.06502], [-97.5376, 33.04188], [-97.56151, 33.02521]]}, "properties": {"operator": "Atmos Pipeline - Texas", "pipe_type": "Intrastate"}}, {"type": "Feature", "geometry": {"type": "LineString", "coordinates": [[-97.56151, 33.02521], [-97.58142, 33.01133]]}, "properties": {"operator": "Atmos Pipeline - Texas", "pipe_type": "Intrastate"}}, {"type": "Feature", "geometry": {"type": "LineString", "coordinates": [[-97.04488, 33.03409], [-97.04977, 33.03636], [-97.15339, 33.07588], [-97.16306, 33.07932], [-97.16838, 33.08129], [-97.2349, 33.10596], [-97.25701, 33.10693], [-97.26254, 33.10781], [-97.31814, 33.10633]]}, "properties": {"operator": "Atmos Pipeline - Texas", "pipe_type": "Intrastate"}}, {"type": "Feature", "geometry": {"type": "LineString", "coordinates": [[-96.98407, 32.99116], [-97.01479, 33.01446], [-97.04488, 33.03409]]}, "properties": {"operator": "Atmos Pipeline - Texas", "pipe_type": "Intrastate"}}, {"type": "Feature", "geometry": {"type": "LineString", "coordinates": [[-97.31196, 33.10955], [-97.36093, 33.10784], [-97.37051, 33.1046], [-97.45269, 33.10521], [-97.46364, 33.09868], [-97.48008, 33.0977], [-97.48966, 33.09666], [-97.51294, 33.09574]]}, "properties": {"operator": "Atmos Pipeline - Texas", "pipe_type": "Intrastate"}}, {"type": "Feature", "geometry": {"type": "LineString", "coordinates": [[-96.95226, 32.90951], [-96.96414, 32.92259], [-96.96562, 32.95752], [-96.96617, 32.95793], [-96.98007, 32.96799]]}, "properties": {"operator": "Atmos Pipeline - Texas", "pipe_type": "Intrastate"}}, {"type": "Feature", "geometry": {"type": "LineString", "coordinates": [[-97.87601, 33.57862], [-97.93056, 33.64737], [-97.95028, 33.6779], [-97.95688, 33.67678], [-97.98187, 33.71522]]}, "properties": {"operator": "Atmos Pipeline - Texas", "pipe_type": "Intrastate"}}, {"type": "Feature", "geometry": {"type": "LineString", "coordinates": [[-97.80492, 33.48968], [-97.81211, 33.4981], [-97.87601, 33.57862]]}, "properties": {"operator": "Atmos Pipeline - Texas", "pipe_type": "Intrastate"}}, {"type": "Feature", "geometry": {"type": "LineString", "coordinates": [[-97.51294, 33.09574], [-97.53212, 33.12345], [-97.56088, 33.15675], [-97.56976, 33.16826], [-97.57457, 33.1745], [-97.60059, 33.19895], [-97.63919, 33.25075], [-97.68913, 33.30356], [-97.72659, 33.3609], [-97.76761, 33.44238], [-97.80685, 33.48915]]}, "properties": {"operator": "Atmos Pipeline - Texas", "pipe_type": "Intrastate"}}, {"type": "Feature", "geometry": {"type": "LineString", "coordinates": [[-97.71016, 33.69481], [-97.71013, 33.71516], [-97.70219, 33.72873], [-97.69821, 33.74455], [-97.69948, 33.77395], [-97.70738, 33.783], [-97.70471, 33.80109], [-97.68756, 33.80561], [-97.6836, 33.80334], [-97.68081, 33.90397], [-97.67947, 33.9164]]}, "properties": {"operator": "Atmos Pipeline - Texas", "pipe_type": "Intrastate"}}, {"type": "Feature", "geometry": {"type": "LineString", "coordinates": [[-97.7618, 33.58967], [-97.7156, 33.60549], [-97.71941, 33.6869], [-97.7194, 33.69481], [-97.71016, 33.69481]]}, "properties": {"operator": "Atmos Pipeline - Texas", "pipe_type": "Intrastate"}}, {"type": "Feature", "geometry": {"type": "LineString", "coordinates": [[-97.82004, 33.49358], [-97.81211, 33.4981], [-97.80551, 33.50149], [-97.76056, 33.55236], [-97.7618, 33.58967]]}, "properties": {"operator": "Atmos Pipeline - Texas", "pipe_type": "Intrastate"}}, {"type": "Feature", "geometry": {"type": "LineString", "coordinates": [[-98.17002, 33.98323], [-98.0832, 33.85206], [-98.03321, 33.77742]]}, "properties": {"operator": "Atmos Pipeline - Texas", "pipe_type": "Intrastate"}}, {"type": "Feature", "geometry": {"type": "LineString", "coordinates": [[-98.54667, 34.07805], [-98.53229, 34.06838], [-98.5131, 34.06354], [-98.50512, 34.05508], [-98.49233, 34.04903], [-98.49237, 34.02969], [-98.43158, 34.02484], [-98.42853, 33.96198], [-98.44776, 33.94748], [-98.42005, 33.93893]]}, "properties": {"operator": "Atmos Pipeline - Texas", "pipe_type": "Intrastate"}}, {"type": "Feature", "geometry": {"type": "LineString", "coordinates": [[-98.47379, 33.95437], [-98.46363, 33.95694], [-98.45347, 33.95693]]}, "properties": {"operator": "Atmos Pipeline - Texas", "pipe_type": "Intrastate"}}, {"type": "Feature", "geometry": {"type": "LineString", "coordinates": [[-98.41372, 33.93001], [-98.34953, 33.93126], [-98.30972, 33.94278]]}, "properties": {"operator": "Atmos Pipeline - Texas", "pipe_type": "Intrastate"}}, {"type": "Feature", "geometry": {"type": "LineString", "coordinates": [[-98.30972, 33.94278], [-98.17002, 33.98323]]}, "properties": {"operator": "Atmos Pipeline - Texas", "pipe_type": "Intrastate"}}, {"type": "Feature", "geometry": {"type": "LineString", "coordinates": [[-97.80551, 33.50149], [-97.79533, 33.48962]]}, "properties": {"operator": "Atmos Pipeline - Texas", "pipe_type": "Intrastate"}}, {"type": "Feature", "geometry": {"type": "LineString", "coordinates": [[-99.49128, 32.27325], [-99.44077, 32.28012], [-99.26103, 32.29368], [-99.23724, 32.29594], [-99.19759, 32.29481], [-99.18966, 32.29934], [-99.17116, 32.29142], [-99.13019, 32.29142], [-99.11697, 32.29368], [-99.11301, 32.28803], [-99.01653, 32.29821], [-98.98941, 32.29903]]}, "properties": {"operator": "Atmos Pipeline - Texas", "pipe_type": "Intrastate"}}, {"type": "Feature", "geometry": {"type": "LineString", "coordinates": [[-100.03955, 32.24123], [-100.00493, 32.23591], [-99.97971, 32.23242], [-99.96769, 32.23126], [-99.96046, 32.23592], [-99.95206, 32.23126], [-99.94487, 32.22777], [-99.93765, 32.22777], [-99.93162, 32.23361], [-99.92442, 32.23128], [-99.91481, 32.22778], [-99.87873, 32.2313], [-99.86432, 32.22664], [-99.85109, 32.22781], [-99.83544, 32.23248], [-99.83062, 32.23481], [-99.81016, 32.23832], [-99.79692, 32.23949], [-99.79447, 32.24881], [-99.75241, 32.2395], [-99.7235, 32.24534], [-99.70906, 32.24534], [-99.69461, 32.24651], [-99.68134, 32.25351], [-99.6669, 32.25118], [-99.65125, 32.25119], [-99.6428, 32.25585], [-99.61638, 32.26316], [-99.58738, 32.26082], [-99.58134, 32.26898], [-99.49128, 32.27325]]}, "properties": {"operator": "Atmos Pipeline - Texas", "pipe_type": "Intrastate"}}, {"type": "Feature", "geometry": {"type": "LineString", "coordinates": [[-96.84453, 32.65062], [-96.85407, 32.64314], [-96.8529, 32.62874], [-96.86922, 32.61072], [-96.87491, 32.60406], [-96.88904, 32.59031], [-96.89449, 32.58567]]}, "properties": {"operator": "Atmos Pipeline - Texas", "pipe_type": "Intrastate"}}, {"type": "Feature", "geometry": {"type": "LineString", "coordinates": [[-96.89449, 32.58567], [-96.91585, 32.56749], [-96.93566, 32.53507], [-96.96131, 32.52425], [-96.96809, 32.52189], [-96.97489, 32.51975], [-97.00792, 32.51384]]}, "properties": {"operator": "Atmos Pipeline - Texas", "pipe_type": "Intrastate"}}, {"type": "Feature", "geometry": {"type": "LineString", "coordinates": [[-98.38692, 32.32429], [-98.38877, 32.3242], [-98.3967, 32.32307], [-98.44699, 32.3197], [-98.48393, 32.32081], [-98.54604, 32.31516], [-98.54868, 32.32081], [-98.56322, 32.32081], [-98.56851, 32.31403], [-98.68877, 32.31403], [-98.76146, 32.31516], [-98.78393, 32.3129], [-98.82886, 32.30499], [-98.90552, 32.3016], [-98.98941, 32.29903]]}, "properties": {"operator": "Atmos Pipeline - Texas", "pipe_type": "Intrastate"}}, {"type": "Feature", "geometry": {"type": "LineString", "coordinates": [[-97.88216, 32.36225], [-97.91828, 32.36377], [-97.94207, 32.3649], [-97.96057, 32.37281], [-98.11784, 32.35246], [-98.20903, 32.34568], [-98.24472, 32.34116], [-98.33987, 32.32647], [-98.38692, 32.32429]]}, "properties": {"operator": "Atmos Pipeline - Texas", "pipe_type": "Intrastate"}}, {"type": "Feature", "geometry": {"type": "LineString", "coordinates": [[-97.00708, 32.5139], [-97.11013, 32.51732], [-97.13688, 32.51267], [-97.14197, 32.50688], [-97.19674, 32.49179], [-97.28972, 32.4813], [-97.29099, 32.47899], [-97.31519, 32.47318], [-97.37821, 32.43543], [-97.39345, 32.42862], [-97.40996, 32.42181], [-97.51661, 32.38798], [-97.51661, 32.37871], [-97.57473, 32.36406]]}, "properties": {"operator": "Atmos Pipeline - Texas", "pipe_type": "Intrastate"}}, {"type": "Feature", "geometry": {"type": "LineString", "coordinates": [[-97.57473, 32.36406], [-97.57883, 32.36302], [-97.58973, 32.35082]]}, "properties": {"operator": "Atmos Pipeline - Texas", "pipe_type": "Intrastate"}}, {"type": "Feature", "geometry": {"type": "LineString", "coordinates": [[-97.77849, 32.3348], [-97.82179, 32.34501], [-97.8346, 32.35888], [-97.9303, 32.36311]]}, "properties": {"operator": "Atmos Pipeline - Texas", "pipe_type": "Intrastate"}}, {"type": "Feature", "geometry": {"type": "LineString", "coordinates": [[-99.09121, 31.75861], [-99.06992, 31.75861], [-99.02226, 31.76193], [-99.00011, 31.73869], [-98.98964, 31.73758], [-98.96638, 31.73426]]}, "properties": {"operator": "Atmos Pipeline - Texas", "pipe_type": "Intrastate"}}, {"type": "Feature", "geometry": {"type": "LineString", "coordinates": [[-99.65301, 31.7888], [-99.64731, 31.78744], [-99.5701, 31.7819], [-99.40602, 31.76736], [-99.39757, 31.76739], [-99.34449, 31.75826], [-99.31903, 31.75184], [-99.28324, 31.75033], [-99.26592, 31.75103], [-99.24613, 31.74963], [-99.20324, 31.74405], [-99.09108, 31.75801]]}, "properties": {"operator": "Atmos Pipeline - Texas", "pipe_type": "Intrastate"}}, {"type": "Feature", "geometry": {"type": "LineString", "coordinates": [[-98.85805, 31.87369], [-98.85497, 31.86769], [-98.8712, 31.85887], [-98.87465, 31.85253], [-98.88418, 31.85173], [-98.89108, 31.83746], [-98.89628, 31.83509], [-98.91096, 31.81448], [-98.91788, 31.80734], [-98.93084, 31.79387], [-98.94122, 31.78435], [-98.94641, 31.7796], [-98.94987, 31.77563], [-98.9568, 31.77326], [-98.96891, 31.76533], [-98.97237, 31.76374], [-98.9793, 31.76216], [-98.98277, 31.75978], [-98.98622, 31.75423], [-98.98964, 31.73758]]}, "properties": {"operator": "Atmos Pipeline - Texas", "pipe_type": "Intrastate"}}, {"type": "Feature", "geometry": {"type": "LineString", "coordinates": [[-99.6598, 32.5667], [-99.65346, 32.51732], [-99.64645, 32.51], [-99.63973, 32.44097], [-99.63839, 32.3918], [-99.6237, 32.37015], [-99.62151, 32.32032], [-99.6062, 32.26311]]}, "properties": {"operator": "Atmos Pipeline - Texas", "pipe_type": "Intrastate"}}, {"type": "Feature", "geometry": {"type": "LineString", "coordinates": [[-98.98697, 32.50004], [-98.99386, 32.50021], [-99.00573, 32.50067], [-99.02024, 32.50179], [-99.02948, 32.50267], [-99.04135, 32.50335], [-99.07829, 32.50428], [-99.08752, 32.50386], [-99.17064, 32.50399], [-99.49194, 32.50485]]}, "properties": {"operator": "Atmos Pipeline - Texas", "pipe_type": "Intrastate"}}, {"type": "Feature", "geometry": {"type": "LineString", "coordinates": [[-98.30695, 32.52155], [-98.32374, 32.52155], [-98.33802, 32.5218], [-98.35308, 32.52057], [-98.36462, 32.51689]]}, "properties": {"operator": "Atmos Pipeline - Texas", "pipe_type": "Intrastate"}}, {"type": "Feature", "geometry": {"type": "LineString", "coordinates": [[-98.50812, 30.93982], [-98.48982, 31.01212], [-98.49682, 31.0468], [-98.52132, 31.10108]]}, "properties": {"operator": "Atmos Pipeline - Texas", "pipe_type": "Intrastate"}}, {"type": "Feature", "geometry": {"type": "LineString", "coordinates": [[-98.7086, 31.19455], [-98.63579, 31.18415], [-98.6304, 31.17343], [-98.61964, 31.16271], [-98.52162, 31.09957], [-98.47582, 31.13766]]}, "properties": {"operator": "Atmos Pipeline - Texas", "pipe_type": "Intrastate"}}, {"type": "Feature", "geometry": {"type": "LineString", "coordinates": [[-98.47932, 31.13123], [-98.27303, 31.25788]]}, "properties": {"operator": "Atmos Pipeline - Texas", "pipe_type": "Intrastate"}}, {"type": "Feature", "geometry": {"type": "LineString", "coordinates": [[-98.20133, 31.18308], [-98.20362, 31.17835], [-98.2005, 31.12475], [-98.19577, 31.12475], [-98.19657, 31.10993], [-98.20287, 31.10537], [-98.20209, 31.08598], [-98.20211, 31.06089], [-98.20283, 31.06003]]}, "properties": {"operator": "Atmos Pipeline - Texas", "pipe_type": "Intrastate"}}, {"type": "Feature", "geometry": {"type": "LineString", "coordinates": [[-98.27331, 31.25786], [-98.1981, 31.18872], [-98.20039, 31.18308]]}, "properties": {"operator": "Atmos Pipeline - Texas", "pipe_type": "Intrastate"}}, {"type": "Feature", "geometry": {"type": "LineString", "coordinates": [[-98.40668, 31.81045], [-98.39508, 31.78861], [-98.37208, 31.75393], [-98.34838, 31.7285]]}, "properties": {"operator": "Atmos Pipeline - Texas", "pipe_type": "Intrastate"}}, {"type": "Feature", "geometry": {"type": "LineString", "coordinates": [[-98.34855, 31.72865], [-98.34249, 31.71744], [-98.32398, 31.71185]]}, "properties": {"operator": "Atmos Pipeline - Texas", "pipe_type": "Intrastate"}}, {"type": "Feature", "geometry": {"type": "LineString", "coordinates": [[-98.32398, 31.71185], [-98.31603, 31.70738], [-98.28961, 31.71073], [-98.15614, 31.71408], [-98.15615, 31.71855], [-98.10857, 31.71632], [-98.09931, 31.71297], [-98.09137, 31.71073]]}, "properties": {"operator": "Atmos Pipeline - Texas", "pipe_type": "Intrastate"}}, {"type": "Feature", "geometry": {"type": "LineString", "coordinates": [[-97.98384, 31.93788], [-97.98061, 31.9359], [-97.96878, 31.93492], [-97.95584, 31.91815], [-97.92917, 31.89621]]}, "properties": {"operator": "Atmos Pipeline - Texas", "pipe_type": "Intrastate"}}, {"type": "Feature", "geometry": {"type": "LineString", "coordinates": [[-97.93339, 31.89774], [-97.92801, 31.89577], [-97.96985, 31.8583], [-97.9848, 31.81985], [-98.07486, 31.71632], [-98.08346, 31.71928]]}, "properties": {"operator": "Atmos Pipeline - Texas", "pipe_type": "Intrastate"}}, {"type": "Feature", "geometry": {"type": "LineString", "coordinates": [[-98.08346, 31.71928], [-97.99125, 31.81985], [-97.97738, 31.86126], [-97.95164, 31.88887], [-97.93339, 31.89774]]}, "properties": {"operator": "Atmos Pipeline - Texas", "pipe_type": "Intrastate"}}, {"type": "Feature", "geometry": {"type": "LineString", "coordinates": [[-97.83546, 31.95004], [-97.79303, 32.00094], [-97.70915, 32.04836]]}, "properties": {"operator": "Atmos Pipeline - Texas", "pipe_type": "Intrastate"}}, {"type": "Feature", "geometry": {"type": "LineString", "coordinates": [[-97.92917, 31.89613], [-97.83546, 31.95379]]}, "properties": {"operator": "Atmos Pipeline - Texas", "pipe_type": "Intrastate"}}, {"type": "Feature", "geometry": {"type": "LineString", "coordinates": [[-98.32398, 31.71185], [-98.34365, 31.65599], [-98.34281, 31.65377]]}, "properties": {"operator": "Atmos Pipeline - Texas", "pipe_type": "Intrastate"}}, {"type": "Feature", "geometry": {"type": "LineString", "coordinates": [[-98.34281, 31.65377], [-98.33566, 31.63476], [-98.30235, 31.53644], [-98.29162, 31.48057]]}, "properties": {"operator": "Atmos Pipeline - Texas", "pipe_type": "Intrastate"}}, {"type": "Feature", "geometry": {"type": "LineString", "coordinates": [[-98.31603, 31.70738], [-98.33439, 31.65375], [-98.32905, 31.63588], [-98.33041, 31.63564]]}, "properties": {"operator": "Atmos Pipeline - Texas", "pipe_type": "Intrastate"}}, {"type": "Feature", "geometry": {"type": "LineString", "coordinates": [[-98.33041, 31.63564], [-98.33566, 31.63476]]}, "properties": {"operator": "Atmos Pipeline - Texas", "pipe_type": "Intrastate"}}, {"type": "Feature", "geometry": {"type": "LineString", "coordinates": [[-97.44411, 30.81362], [-97.43707, 30.83022], [-97.37572, 30.88443], [-97.37991, 30.88668], [-97.31577, 30.98374], [-97.2812, 31.01559], [-97.25324, 31.07653], [-97.21548, 31.13975], [-97.19116, 31.16951]]}, "properties": {"operator": "Atmos Pipeline - Texas", "pipe_type": "Intrastate"}}, {"type": "Feature", "geometry": {"type": "LineString", "coordinates": [[-97.19116, 31.16951], [-97.12318, 31.2527]]}, "properties": {"operator": "Atmos Pipeline - Texas", "pipe_type": "Intrastate"}}, {"type": "Feature", "geometry": {"type": "LineString", "coordinates": [[-98.28541, 31.37548], [-98.27331, 31.25763]]}, "properties": {"operator": "Atmos Pipeline - Texas", "pipe_type": "Intrastate"}}, {"type": "Feature", "geometry": {"type": "LineString", "coordinates": [[-98.29162, 31.48057], [-98.28482, 31.37325]]}, "properties": {"operator": "Atmos Pipeline - Texas", "pipe_type": "Intrastate"}}, {"type": "Feature", "geometry": {"type": "LineString", "coordinates": [[-98.56134, 31.44786], [-98.44143, 31.44864], [-98.42878, 31.4464], [-98.3725, 31.45238], [-98.29335, 31.45188]]}, "properties": {"operator": "Atmos Pipeline - Texas", "pipe_type": "Intrastate"}}, {"type": "Feature", "geometry": {"type": "LineString", "coordinates": [[-98.22625, 31.46713], [-98.19101, 31.47198], [-98.17398, 31.46746]]}, "properties": {"operator": "Atmos Pipeline - Texas", "pipe_type": "Intrastate"}}, {"type": "Feature", "geometry": {"type": "LineString", "coordinates": [[-98.29339, 31.45192], [-98.22705, 31.46746]]}, "properties": {"operator": "Atmos Pipeline - Texas", "pipe_type": "Intrastate"}}, {"type": "Feature", "geometry": {"type": "LineString", "coordinates": [[-97.74518, 31.38467], [-97.73682, 31.39595], [-97.70336, 31.396], [-97.65177, 31.39493], [-97.6462, 31.40396], [-97.62389, 31.40286], [-97.58206, 31.41645], [-97.55557, 31.41873], [-97.50399, 31.4391], [-97.50242, 31.43931]]}, "properties": {"operator": "Atmos Pipeline - Texas", "pipe_type": "Intrastate"}}, {"type": "Feature", "geometry": {"type": "LineString", "coordinates": [[-97.50242, 31.43931], [-97.48726, 31.44137], [-97.43707, 31.43918], [-97.34784, 31.42802], [-97.29486, 31.42131], [-97.21818, 31.41239]]}, "properties": {"operator": "Atmos Pipeline - Texas", "pipe_type": "Intrastate"}}, {"type": "Feature", "geometry": {"type": "LineString", "coordinates": [[-97.49005, 31.44137], [-97.48586, 31.52934], [-97.48308, 31.53047], [-97.48168, 31.54851], [-97.48168, 31.55302]]}, "properties": {"operator": "Atmos Pipeline - Texas", "pipe_type": "Intrastate"}}, {"type": "Feature", "geometry": {"type": "LineString", "coordinates": [[-97.52195, 31.66347], [-97.51399, 31.68649], [-97.55531, 31.7623], [-97.58422, 31.82027], [-97.62244, 31.93847]]}, "properties": {"operator": "Atmos Pipeline - Texas", "pipe_type": "Intrastate"}}, {"type": "Feature", "geometry": {"type": "LineString", "coordinates": [[-97.48168, 31.54851], [-97.49562, 31.54737], [-97.50957, 31.57667], [-97.50817, 31.58118], [-97.52769, 31.64431], [-97.52351, 31.6601], [-97.52561, 31.66423]]}, "properties": {"operator": "Atmos Pipeline - Texas", "pipe_type": "Intrastate"}}, {"type": "Feature", "geometry": {"type": "LineString", "coordinates": [[-97.62244, 31.93847], [-97.65652, 31.97859], [-97.66582, 32.00089], [-97.70915, 32.04836]]}, "properties": {"operator": "Atmos Pipeline - Texas", "pipe_type": "Intrastate"}}, {"type": "Feature", "geometry": {"type": "LineString", "coordinates": [[-97.74767, 32.14142], [-97.73759, 32.1152], [-97.70915, 32.04836]]}, "properties": {"operator": "Atmos Pipeline - Texas", "pipe_type": "Intrastate"}}, {"type": "Feature", "geometry": {"type": "LineString", "coordinates": [[-97.82179, 32.34501], [-97.79572, 32.32398]]}, "properties": {"operator": "Atmos Pipeline - Texas", "pipe_type": "Intrastate"}}, {"type": "Feature", "geometry": {"type": "LineString", "coordinates": [[-97.79676, 32.32455], [-97.78111, 32.28475], [-97.76521, 32.21832], [-97.74746, 32.14444]]}, "properties": {"operator": "Atmos Pipeline - Texas", "pipe_type": "Intrastate"}}, {"type": "Feature", "geometry": {"type": "LineString", "coordinates": [[-97.84517, 31.13922], [-97.83441, 31.13984], [-97.80653, 31.13988], [-97.79398, 31.15005], [-97.77226, 31.14756]]}, "properties": {"operator": "Atmos Pipeline - Texas", "pipe_type": "Intrastate"}}, {"type": "Feature", "geometry": {"type": "LineString", "coordinates": [[-97.77226, 31.14756], [-97.71591, 31.14112], [-97.64341, 31.13106], [-97.47471, 31.10985], [-97.43846, 31.102], [-97.40779, 31.0964], [-97.40779, 31.08737], [-97.35899, 31.07052], [-97.3813, 31.00509]]}, "properties": {"operator": "Atmos Pipeline - Texas", "pipe_type": "Intrastate"}}, {"type": "Feature", "geometry": {"type": "LineString", "coordinates": [[-97.27156, 31.28054], [-97.28232, 31.27473], [-97.32135, 31.20702], [-97.3562, 31.11901], [-97.34645, 31.10775], [-97.34784, 31.09647], [-97.36457, 31.09307], [-97.37356, 31.06687], [-97.39106, 31.00733], [-97.40221, 30.98589], [-97.39524, 30.97575], [-97.40361, 30.95206], [-97.42731, 30.91143], [-97.44404, 30.83698], [-97.44265, 30.83473], [-97.45104, 30.81621]]}, "properties": {"operator": "Atmos Pipeline - Texas", "pipe_type": "Intrastate"}}, {"type": "Feature", "geometry": {"type": "LineString", "coordinates": [[-97.25824, 31.3195], [-97.26558, 31.30069], [-97.26977, 31.28151], [-97.27156, 31.28054]]}, "properties": {"operator": "Atmos Pipeline - Texas", "pipe_type": "Intrastate"}}, {"type": "Feature", "geometry": {"type": "LineString", "coordinates": [[-97.11083, 31.5298], [-97.14429, 31.51961], [-97.15962, 31.49591], [-97.1889, 31.46204], [-97.21261, 31.41239], [-97.21818, 31.41239], [-97.21958, 31.40111], [-97.24885, 31.34356], [-97.25824, 31.3195]]}, "properties": {"operator": "Atmos Pipeline - Texas", "pipe_type": "Intrastate"}}, {"type": "Feature", "geometry": {"type": "LineString", "coordinates": [[-97.77226, 31.14756], [-97.77167, 31.15458], [-97.43707, 31.11666], [-97.43428, 31.08057], [-97.37356, 31.06687]]}, "properties": {"operator": "Atmos Pipeline - Texas", "pipe_type": "Intrastate"}}, {"type": "Feature", "geometry": {"type": "LineString", "coordinates": [[-97.17915, 31.50716], [-97.16799, 31.50041], [-97.15962, 31.49591]]}, "properties": {"operator": "Atmos Pipeline - Texas", "pipe_type": "Intrastate"}}, {"type": "Feature", "geometry": {"type": "LineString", "coordinates": [[-97.10844, 31.53849], [-97.15265, 31.52749], [-97.16799, 31.50041]]}, "properties": {"operator": "Atmos Pipeline - Texas", "pipe_type": "Intrastate"}}, {"type": "Feature", "geometry": {"type": "LineString", "coordinates": [[-96.94782, 31.47272], [-96.94352, 31.47024]]}, "properties": {"operator": "Atmos Pipeline - Texas", "pipe_type": "Intrastate"}}, {"type": "Feature", "geometry": {"type": "LineString", "coordinates": [[-97.13592, 31.53879], [-97.11362, 31.54559], [-97.0467, 31.52312], [-97.02439, 31.52427], [-97.00208, 31.51077], [-96.99511, 31.50063], [-96.96374, 31.48192], [-96.94782, 31.47272]]}, "properties": {"operator": "Atmos Pipeline - Texas", "pipe_type": "Intrastate"}}, {"type": "Feature", "geometry": {"type": "LineString", "coordinates": [[-96.94352, 31.47024], [-96.93656, 31.45785], [-96.91564, 31.44998], [-96.89752, 31.36994], [-96.878, 31.32711]]}, "properties": {"operator": "Atmos Pipeline - Texas", "pipe_type": "Intrastate"}}, {"type": "Feature", "geometry": {"type": "LineString", "coordinates": [[-96.69986, 31.18734], [-96.68978, 31.17961], [-96.65772, 31.05335], [-96.63402, 31.01391], [-96.58522, 30.94631], [-96.53782, 30.89788], [-96.50297, 30.86297], [-96.43354, 30.78773]]}, "properties": {"operator": "Atmos Pipeline - Texas", "pipe_type": "Intrastate"}}, {"type": "Feature", "geometry": {"type": "LineString", "coordinates": [[-96.878, 31.32711], [-96.77344, 31.24379], [-96.69986, 31.18734]]}, "properties": {"operator": "Atmos Pipeline - Texas", "pipe_type": "Intrastate"}}, {"type": "Feature", "geometry": {"type": "LineString", "coordinates": [[-96.95815, 31.59921], [-96.95396, 31.60373], [-96.92598, 31.60716], [-96.92598, 31.59814], [-96.93857, 31.55752], [-96.95536, 31.52253], [-96.96543, 31.48984]]}, "properties": {"operator": "Atmos Pipeline - Texas", "pipe_type": "Intrastate"}}, {"type": "Feature", "geometry": {"type": "LineString", "coordinates": [[-96.87396, 31.50994], [-96.77785, 31.52592]]}, "properties": {"operator": "Atmos Pipeline - Texas", "pipe_type": "Intrastate"}}, {"type": "Feature", "geometry": {"type": "LineString", "coordinates": [[-96.77785, 31.52592], [-96.55544, 31.5629], [-96.34961, 31.59506], [-96.30384, 31.60283]]}, "properties": {"operator": "Atmos Pipeline - Texas", "pipe_type": "Intrastate"}}, {"type": "Feature", "geometry": {"type": "LineString", "coordinates": [[-96.95896, 31.49581], [-96.87396, 31.50994]]}, "properties": {"operator": "Atmos Pipeline - Texas", "pipe_type": "Intrastate"}}, {"type": "Feature", "geometry": {"type": "LineString", "coordinates": [[-96.85685, 31.5186], [-96.78251, 31.53248]]}, "properties": {"operator": "Atmos Pipeline - Texas", "pipe_type": "Intrastate"}}, {"type": "Feature", "geometry": {"type": "LineString", "coordinates": [[-96.92598, 31.51244], [-96.9092, 31.51472], [-96.90781, 31.50909], [-96.85685, 31.5186]]}, "properties": {"operator": "Atmos Pipeline - Texas", "pipe_type": "Intrastate"}}, {"type": "Feature", "geometry": {"type": "LineString", "coordinates": [[-96.39033, 31.32161], [-96.30094, 31.32936]]}, "properties": {"operator": "Atmos Pipeline - Texas", "pipe_type": "Intrastate"}}, {"type": "Feature", "geometry": {"type": "LineString", "coordinates": [[-96.65025, 32.1943], [-96.65025, 32.19709], [-96.67297, 32.26191], [-96.68811, 32.30105], [-96.69066, 32.32184], [-96.69066, 32.34304]]}, "properties": {"operator": "Atmos Pipeline - Texas", "pipe_type": "Intrastate"}}, {"type": "Feature", "geometry": {"type": "LineString", "coordinates": [[-96.38998, 31.32101], [-96.46718, 31.50478], [-96.49948, 31.56247], [-96.50231, 31.57357], [-96.4982, 31.62128], [-96.51927, 31.659], [-96.54456, 31.70892], [-96.58532, 31.80212], [-96.5975, 31.83712]]}, "properties": {"operator": "Atmos Pipeline - Texas", "pipe_type": "Intrastate"}}, {"type": "Feature", "geometry": {"type": "LineString", "coordinates": [[-96.59496, 31.8312], [-96.61137, 31.93573], [-96.61528, 31.97529], [-96.63533, 32.0827], [-96.63663, 32.09174], [-96.65022, 32.16636], [-96.65025, 32.1943]]}, "properties": {"operator": "Atmos Pipeline - Texas", "pipe_type": "Intrastate"}}, {"type": "Feature", "geometry": {"type": "LineString", "coordinates": [[-96.76256, 31.82671], [-96.70546, 31.74858], [-96.68303, 31.73422], [-96.57539, 31.67391], [-96.50936, 31.62358], [-96.51012, 31.57017]]}, "properties": {"operator": "Atmos Pipeline - Texas", "pipe_type": "Intrastate"}}, {"type": "Feature", "geometry": {"type": "LineString", "coordinates": [[-97.15901, 31.87936], [-96.94323, 31.8763]]}, "properties": {"operator": "Atmos Pipeline - Texas", "pipe_type": "Intrastate"}}, {"type": "Feature", "geometry": {"type": "LineString", "coordinates": [[-96.52708, 31.67368], [-96.48394, 31.68406], [-96.29225, 31.60543]]}, "properties": {"operator": "Atmos Pipeline - Texas", "pipe_type": "Intrastate"}}, {"type": "Feature", "geometry": {"type": "LineString", "coordinates": [[-96.56961, 32.23458], [-96.57005, 32.2349], [-96.58735, 32.25073], [-96.59932, 32.25977]]}, "properties": {"operator": "Atmos Pipeline - Texas", "pipe_type": "Intrastate"}}, {"type": "Feature", "geometry": {"type": "LineString", "coordinates": [[-96.4826, 31.68734], [-96.48266, 31.71812], [-96.47411, 31.7335], [-96.46705, 31.78085], [-96.46579, 31.78506], [-96.44341, 31.83575]]}, "properties": {"operator": "Atmos Pipeline - Texas", "pipe_type": "Intrastate"}}, {"type": "Feature", "geometry": {"type": "LineString", "coordinates": [[-96.44341, 31.83575], [-96.40393, 31.87346], [-96.38928, 31.89938], [-96.3841, 31.91587], [-96.37625, 31.96211], [-96.39487, 32.02526], [-96.39625, 32.0591], [-96.4108, 32.06587], [-96.41178, 32.08117], [-96.41843, 32.0823], [-96.42774, 32.08117], [-96.43705, 32.07891], [-96.44636, 32.07665], [-96.457, 32.07891], [-96.46365, 32.09134], [-96.45966, 32.10265], [-96.4437, 32.1083], [-96.44503, 32.12638], [-96.48626, 32.17386], [-96.56961, 32.23458]]}, "properties": {"operator": "Atmos Pipeline - Texas", "pipe_type": "Intrastate"}}, {"type": "Feature", "geometry": {"type": "LineString", "coordinates": [[-98.25853, 32.1976], [-98.27883, 32.23626], [-98.27286, 32.25666], [-98.28839, 32.27492], [-98.31108, 32.3458], [-98.31347, 32.36513], [-98.33399, 32.39884], [-98.32574, 32.43311]]}, "properties": {"operator": "Atmos Pipeline - Texas", "pipe_type": "Intrastate"}}, {"type": "Feature", "geometry": {"type": "LineString", "coordinates": [[-98.28642, 32.40446], [-98.28642, 32.41237], [-98.2917, 32.41464], [-98.2917, 32.42255], [-98.29435, 32.42481], [-98.29831, 32.4282], [-98.30096, 32.4282], [-98.31021, 32.43385], [-98.32574, 32.43287]]}, "properties": {"operator": "Atmos Pipeline - Texas", "pipe_type": "Intrastate"}}, {"type": "Feature", "geometry": {"type": "LineString", "coordinates": [[-98.11519, 32.09558], [-98.12355, 32.09451], [-98.13072, 32.10095], [-98.13431, 32.0988], [-98.14864, 32.09773], [-98.15939, 32.11491], [-98.20477, 32.1235], [-98.21075, 32.15035], [-98.25853, 32.1976]]}, "properties": {"operator": "Atmos Pipeline - Texas", "pipe_type": "Intrastate"}}, {"type": "Feature", "geometry": {"type": "LineString", "coordinates": [[-96.84453, 32.65062], [-96.83988, 32.64343], [-96.78291, 32.58488]]}, "properties": {"operator": "Atmos Pipeline - Texas", "pipe_type": "Intrastate"}}, {"type": "Feature", "geometry": {"type": "LineString", "coordinates": [[-97.1549, 31.83725], [-97.15901, 31.86921], [-97.17978, 31.99808], [-97.18393, 32.02069], [-97.18913, 32.04443], [-97.20574, 32.11565], [-97.21405, 32.14504], [-97.23898, 32.20496], [-97.26542, 32.25579]]}, "properties": {"operator": "Atmos Pipeline - Texas", "pipe_type": "Intrastate"}}, {"type": "Feature", "geometry": {"type": "LineString", "coordinates": [[-97.2646, 32.25302], [-97.26755, 32.25872], [-97.32036, 32.32997], [-97.3342, 32.35373], [-97.34426, 32.36703], [-97.37318, 32.41358], [-97.3757, 32.42023], [-97.37821, 32.43543]]}, "properties": {"operator": "Atmos Pipeline - Texas", "pipe_type": "Intrastate"}}, {"type": "Feature", "geometry": {"type": "LineString", "coordinates": [[-97.14966, 31.61938], [-97.14966, 31.63407], [-97.14758, 31.66347], [-97.14343, 31.71321], [-97.14654, 31.79799], [-97.15174, 31.81269], [-97.1549, 31.83725]]}, "properties": {"operator": "Atmos Pipeline - Texas", "pipe_type": "Intrastate"}}, {"type": "Feature", "geometry": {"type": "LineString", "coordinates": [[-96.61058, 32.25186], [-96.60662, 32.24621], [-96.58735, 32.25073]]}, "properties": {"operator": "Atmos Pipeline - Texas", "pipe_type": "Intrastate"}}, {"type": "Feature", "geometry": {"type": "LineString", "coordinates": [[-97.00066, 32.30198], [-96.99712, 32.30047], [-96.94426, 32.29821], [-96.90725, 32.29368], [-96.89403, 32.29029], [-96.82135, 32.2869], [-96.80945, 32.28916], [-96.6654, 32.26881], [-96.61896, 32.26235], [-96.60857, 32.2609], [-96.59932, 32.25977]]}, "properties": {"operator": "Atmos Pipeline - Texas", "pipe_type": "Intrastate"}}, {"type": "Feature", "geometry": {"type": "LineString", "coordinates": [[-97.3534, 32.388], [-97.2188, 32.36239], [-97.11526, 32.32701], [-97.05486, 32.30749], [-97.02725, 32.30871], [-97.00827, 32.30505], [-97.00582, 32.30419]]}, "properties": {"operator": "Atmos Pipeline - Texas", "pipe_type": "Intrastate"}}, {"type": "Feature", "geometry": {"type": "LineString", "coordinates": [[-97.00582, 32.30419], [-97.00066, 32.30198]]}, "properties": {"operator": "Atmos Pipeline - Texas", "pipe_type": "Intrastate"}}, {"type": "Feature", "geometry": {"type": "LineString", "coordinates": [[-96.57005, 32.2349], [-96.55703, 32.25299], [-96.55835, 32.30951], [-96.52266, 32.32534], [-96.52531, 32.36603], [-96.4691, 32.40047]]}, "properties": {"operator": "Atmos Pipeline - Texas", "pipe_type": "Intrastate"}}, {"type": "Feature", "geometry": {"type": "LineString", "coordinates": [[-96.546, 32.37418], [-96.53146, 32.37418], [-96.52531, 32.36603]]}, "properties": {"operator": "Atmos Pipeline - Texas", "pipe_type": "Intrastate"}}, {"type": "Feature", "geometry": {"type": "LineString", "coordinates": [[-96.3144, 33.19315], [-96.33155, 33.23044], [-96.33947, 33.23044], [-96.34475, 33.24061], [-96.3619, 33.24059], [-96.40413, 33.22926], [-96.41732, 33.22473], [-96.43184, 33.21907], [-96.44371, 33.21567], [-96.45163, 33.21454], [-96.47142, 33.21566], [-96.48726, 33.20321], [-96.50442, 33.19642], [-96.55852, 33.18508], [-96.57435, 33.18959], [-96.58519, 33.18553], [-96.59455, 33.18105], [-96.61262, 33.176], [-96.64825, 33.17597], [-96.68651, 33.17595], [-96.69839, 33.18272], [-96.71818, 33.18949], [-96.73534, 33.19626], [-96.75249, 33.2019], [-96.76173, 33.20077], [-96.76194, 33.20077]]}, "properties": {"operator": "Atmos Pipeline - Texas", "pipe_type": "Intrastate"}}, {"type": "Feature", "geometry": {"type": "LineString", "coordinates": [[-96.75719, 33.20106], [-96.83482, 33.20349], [-96.84144, 33.20337], [-96.84801, 33.20326], [-96.8529, 33.20218], [-96.85725, 33.20121], [-96.86516, 33.18086], [-96.87704, 33.13677], [-96.89024, 33.10172], [-96.89288, 33.08702], [-96.91267, 33.05083], [-96.91482, 33.04052]]}, "properties": {"operator": "Atmos Pipeline - Texas", "pipe_type": "Intrastate"}}, {"type": "Feature", "geometry": {"type": "LineString", "coordinates": [[-96.91482, 33.04052], [-96.92751, 32.97964], [-96.93246, 32.95587], [-96.921, 32.92343]]}, "properties": {"operator": "Atmos Pipeline - Texas", "pipe_type": "Intrastate"}}, {"type": "Feature", "geometry": {"type": "LineString", "coordinates": [[-96.84801, 33.21705], [-96.84801, 33.20952], [-96.84801, 33.20326], [-96.84801, 33.18087]]}, "properties": {"operator": "Atmos Pipeline - Texas", "pipe_type": "Intrastate"}}, {"type": "Feature", "geometry": {"type": "LineString", "coordinates": [[-97.09884, 33.24463], [-97.00852, 33.24834], [-96.99501, 33.24834], [-96.97924, 33.24996], [-96.95671, 33.25322], [-96.94996, 33.25322], [-96.92293, 33.25322], [-96.8959, 33.25322], [-96.83349, 33.24531], [-96.83349, 33.23444]]}, "properties": {"operator": "Atmos Pipeline - Texas", "pipe_type": "Intrastate"}}, {"type": "Feature", "geometry": {"type": "LineString", "coordinates": [[-96.81661, 33.36259], [-96.82426, 33.33236], [-96.83217, 33.25097], [-96.83217, 33.23401], [-96.81991, 33.23307]]}, "properties": {"operator": "Atmos Pipeline - Texas", "pipe_type": "Intrastate"}}, {"type": "Feature", "geometry": {"type": "LineString", "coordinates": [[-96.61931, 33.7063], [-96.68806, 33.65507], [-96.69226, 33.63263], [-96.71624, 33.52887]]}, "properties": {"operator": "Atmos Pipeline - Texas", "pipe_type": "Intrastate"}}, {"type": "Feature", "geometry": {"type": "LineString", "coordinates": [[-96.71624, 33.52887], [-96.76705, 33.4234], [-96.81653, 33.36393]]}, "properties": {"operator": "Atmos Pipeline - Texas", "pipe_type": "Intrastate"}}, {"type": "Feature", "geometry": {"type": "LineString", "coordinates": [[-96.4437, 32.1083], [-96.43748, 32.10851], [-96.43663, 32.10111], [-96.43158, 32.09963]]}, "properties": {"operator": "Atmos Pipeline - Texas", "pipe_type": "Intrastate"}}, {"type": "Feature", "geometry": {"type": "LineString", "coordinates": [[-96.92598, 31.51244], [-96.94342, 31.51015], [-96.95896, 31.49581], [-96.96543, 31.48984]]}, "properties": {"operator": "Atmos Pipeline - Texas", "pipe_type": "Intrastate"}}, {"type": "Feature", "geometry": {"type": "LineString", "coordinates": [[-96.62313, 31.55214], [-96.61461, 31.50982], [-96.63172, 31.46231], [-96.62317, 31.45993], [-96.60891, 31.42668], [-96.61461, 31.37203], [-96.64143, 31.31528]]}, "properties": {"operator": "Atmos Pipeline - Texas", "pipe_type": "Intrastate"}}, {"type": "Feature", "geometry": {"type": "LineString", "coordinates": [[-96.61461, 31.37203], [-96.57753, 31.36728], [-96.56042, 31.36253], [-96.54901, 31.35778]]}, "properties": {"operator": "Atmos Pipeline - Texas", "pipe_type": "Intrastate"}}, {"type": "Feature", "geometry": {"type": "LineString", "coordinates": [[-99.13637, 32.53873], [-99.13319, 32.52671], [-99.14241, 32.52677], [-99.15624, 32.51599], [-99.19116, 32.53876]]}, "properties": {"operator": "Atmos Pipeline - Texas", "pipe_type": "Intrastate"}}, {"type": "Feature", "geometry": {"type": "LineString", "coordinates": [[-97.07111, 32.59282], [-97.06919, 32.58789], [-97.06655, 32.57885], [-97.06391, 32.57094], [-97.05863, 32.56302], [-97.05599, 32.55173], [-97.05335, 32.54042], [-97.04778, 32.53511], [-97.03693, 32.51551]]}, "properties": {"operator": "Atmos Pipeline - Texas", "pipe_type": "Intrastate"}}, {"type": "Feature", "geometry": {"type": "LineString", "coordinates": [[-97.1378, 32.73253], [-97.13385, 32.73028], [-97.13121, 32.70541], [-97.11933, 32.69977], [-97.11537, 32.68959], [-97.11405, 32.68055], [-97.11009, 32.66134], [-97.10613, 32.64664], [-97.09954, 32.63422], [-97.09426, 32.62517], [-97.08898, 32.61727], [-97.08107, 32.60484], [-97.07711, 32.60032], [-97.07183, 32.59467], [-97.07111, 32.59282]]}, "properties": {"operator": "Atmos Pipeline - Texas", "pipe_type": "Intrastate"}}, {"type": "Feature", "geometry": {"type": "LineString", "coordinates": [[-97.68036, 32.95974], [-97.67207, 32.9685], [-97.6522, 32.9818]]}, "properties": {"operator": "Atmos Pipeline - Texas", "pipe_type": "Intrastate"}}, {"type": "Feature", "geometry": {"type": "LineString", "coordinates": [[-97.73654, 32.91258], [-97.7314, 32.92576], [-97.73276, 32.93015]]}, "properties": {"operator": "Atmos Pipeline - Texas", "pipe_type": "Intrastate"}}, {"type": "Feature", "geometry": {"type": "LineString", "coordinates": [[-97.37051, 33.1046], [-97.41297, 33.08065], [-97.42393, 33.08074]]}, "properties": {"operator": "Atmos Pipeline - Texas", "pipe_type": "Intrastate"}}, {"type": "Feature", "geometry": {"type": "LineString", "coordinates": [[-98.21365, 32.22178], [-98.23991, 32.20149], [-98.34055, 32.11664]]}, "properties": {"operator": "Atmos Pipeline - Texas", "pipe_type": "Intrastate"}}, {"type": "Feature", "geometry": {"type": "LineString", "coordinates": [[-98.33951, 32.12157], [-98.42305, 32.11873], [-98.43607, 32.11901], [-98.44801, 32.1193], [-98.45574, 32.12214], [-98.45574, 32.12394], [-98.46131, 32.12675], [-98.48237, 32.12775], [-98.50653, 32.12916], [-98.56308, 32.12774]]}, "properties": {"operator": "Atmos Pipeline - Texas", "pipe_type": "Intrastate"}}, {"type": "Feature", "geometry": {"type": "LineString", "coordinates": [[-98.29494, 32.10378], [-98.2965, 32.10311]]}, "properties": {"operator": "Atmos Pipeline - Texas", "pipe_type": "Intrastate"}}, {"type": "Feature", "geometry": {"type": "LineString", "coordinates": [[-98.35448, 32.38778], [-98.34129, 32.41252], [-98.32969, 32.4275], [-98.31493, 32.44849], [-98.29633, 32.47869], [-98.31177, 32.48746], [-98.31731, 32.5225]]}, "properties": {"operator": "Atmos Pipeline - Texas", "pipe_type": "Intrastate"}}, {"type": "Feature", "geometry": {"type": "LineString", "coordinates": [[-98.30793, 32.52162], [-98.30162, 32.48243], [-98.30929, 32.46415], [-98.32081, 32.46223], [-98.30801, 32.44588], [-98.30546, 32.4276], [-98.31313, 32.4199], [-98.33616, 32.41124], [-98.3464, 32.4151], [-98.36175, 32.42952]]}, "properties": {"operator": "Atmos Pipeline - Texas", "pipe_type": "Intrastate"}}, {"type": "Feature", "geometry": {"type": "LineString", "coordinates": [[-98.24677, 32.43611], [-98.26791, 32.43611], [-98.2851, 32.44403], [-98.31291, 32.45188]]}, "properties": {"operator": "Atmos Pipeline - Texas", "pipe_type": "Intrastate"}}, {"type": "Feature", "geometry": {"type": "LineString", "coordinates": [[-98.91708, 32.03792], [-98.96676, 32.04052], [-98.97608, 32.12916], [-98.97297, 32.1448], [-98.97608, 32.18651], [-98.96676, 32.2595], [-98.94813, 32.30121]]}, "properties": {"operator": "Atmos Pipeline - Texas", "pipe_type": "Intrastate"}}, {"type": "Feature", "geometry": {"type": "LineString", "coordinates": [[-96.96206, 32.53035], [-96.95863, 32.48697], [-96.92537, 32.45475], [-96.92121, 32.44282], [-96.84082, 32.39033], [-96.79924, 32.35334], [-96.79009, 32.34449], [-96.77429, 32.3259], [-96.66618, 32.2925], [-96.64677, 32.28534]]}, "properties": {"operator": "Atmos Pipeline - Texas", "pipe_type": "Intrastate"}}, {"type": "Feature", "geometry": {"type": "LineString", "coordinates": [[-96.41178, 32.08117], [-96.40513, 32.07665], [-96.4038, 32.07213], [-96.39715, 32.06873], [-96.39183, 32.0676]]}, "properties": {"operator": "Atmos Pipeline - Texas", "pipe_type": "Intrastate"}}, {"type": "Feature", "geometry": {"type": "LineString", "coordinates": [[-96.81991, 33.23307], [-96.74289, 33.23977], [-96.73345, 33.23466], [-96.70109, 33.23264], [-96.68761, 33.23264], [-96.67548, 33.23674], [-96.662, 33.23266], [-96.63099, 33.23268], [-96.61211, 33.23371], [-96.59863, 33.2327], [-96.59189, 33.2184], [-96.59054, 33.20307], [-96.59324, 33.19592], [-96.60133, 33.18978], [-96.60672, 33.17956], [-96.61346, 33.16526], [-96.61346, 33.16117], [-96.61616, 33.153]]}, "properties": {"operator": "Atmos Pipeline - Texas", "pipe_type": "Intrastate"}}, {"type": "Feature", "geometry": {"type": "LineString", "coordinates": [[-96.83482, 33.20349], [-96.83482, 33.22836], [-96.83217, 33.23401]]}, "properties": {"operator": "Atmos Pipeline - Texas", "pipe_type": "Intrastate"}}, {"type": "Feature", "geometry": {"type": "LineString", "coordinates": [[-96.42524, 33.08795], [-96.40677, 33.09248], [-96.39093, 33.09249], [-96.37699, 33.09366]]}, "properties": {"operator": "Atmos Pipeline - Texas", "pipe_type": "Intrastate"}}, {"type": "Feature", "geometry": {"type": "LineString", "coordinates": [[-96.40677, 33.05744], [-96.39621, 33.04954], [-96.37692, 33.04843]]}, "properties": {"operator": "Atmos Pipeline - Texas", "pipe_type": "Intrastate"}}, {"type": "Feature", "geometry": {"type": "LineString", "coordinates": [[-97.1082, 33.47995], [-97.11016, 33.50082], [-97.11292, 33.59883], [-97.11313, 33.60615], [-97.11016, 33.6117], [-97.10718, 33.61835]]}, "properties": {"operator": "Atmos Pipeline - Texas", "pipe_type": "Intrastate"}}, {"type": "Feature", "geometry": {"type": "LineString", "coordinates": [[-96.97896, 32.96751], [-96.97997, 32.98184], [-96.98129, 32.9841], [-96.98392, 32.99088], [-96.9892, 33.01574], [-97.00048, 33.03613]]}, "properties": {"operator": "Atmos Pipeline - Texas", "pipe_type": "Intrastate"}}, {"type": "Feature", "geometry": {"type": "LineString", "coordinates": [[-97.00048, 33.03613], [-97.01295, 33.05868], [-97.02219, 33.05981], [-97.04198, 33.09936], [-97.04462, 33.12874], [-97.04066, 33.14118], [-97.05518, 33.18187], [-97.06442, 33.20786], [-97.07102, 33.21916], [-97.07893, 33.24515], [-97.08157, 33.26663], [-97.08817, 33.29149], [-97.10136, 33.30279], [-97.10664, 33.31296], [-97.13172, 33.37624], [-97.13076, 33.39535], [-97.1214, 33.42228], [-97.10937, 33.45706], [-97.10937, 33.48062]]}, "properties": {"operator": "Atmos Pipeline - Texas", "pipe_type": "Intrastate"}}, {"type": "Feature", "geometry": {"type": "LineString", "coordinates": [[-98.30695, 32.52155], [-98.29214, 32.52338]]}, "properties": {"operator": "Atmos Pipeline - Texas", "pipe_type": "Intrastate"}}, {"type": "Feature", "geometry": {"type": "LineString", "coordinates": [[-98.31536, 32.51985], [-98.26947, 32.54875], [-98.26717, 32.54979], [-98.25982, 32.55313], [-98.25018, 32.55532], [-98.24467, 32.55751], [-98.23362, 32.56847], [-98.21983, 32.57615], [-98.2156, 32.60135], [-98.20043, 32.61121], [-98.18939, 32.61998], [-98.18249, 32.62546], [-98.17835, 32.62875], [-98.17558, 32.63313], [-98.16732, 32.63533], [-98.15216, 32.6419], [-98.13562, 32.64848], [-98.12046, 32.65505], [-98.11494, 32.65944], [-98.11076, 32.6715], [-98.10937, 32.67478], [-98.10249, 32.67697], [-98.09559, 32.68026], [-98.08179, 32.69232], [-98.01973, 32.72739], [-98.01006, 32.73944], [-97.99349, 32.75479], [-97.99142, 32.75553]]}, "properties": {"operator": "Atmos Pipeline - Texas", "pipe_type": "Intrastate"}}, {"type": "Feature", "geometry": {"type": "LineString", "coordinates": [[-97.99142, 32.75553], [-97.97833, 32.76027], [-97.96593, 32.76465], [-97.94939, 32.77233], [-97.93972, 32.78219], [-97.93005, 32.79096], [-97.92177, 32.79753], [-97.9066, 32.80849], [-97.8838, 32.82375], [-97.7314, 32.92576], [-97.69551, 32.92798], [-97.69559, 32.93344], [-97.68729, 32.94658], [-97.68174, 32.95755], [-97.68036, 32.95974], [-97.6707, 32.96632], [-97.66012, 32.96923], [-97.65305, 32.975], [-97.64673, 32.97995]]}, "properties": {"operator": "Atmos Pipeline - Texas", "pipe_type": "Intrastate"}}, {"type": "Feature", "geometry": {"type": "LineString", "coordinates": [[-96.36172, 33.5545], [-96.36211, 33.56488], [-96.37191, 33.56245], [-96.38613, 33.56196]]}, "properties": {"operator": "Atmos Pipeline - Texas", "pipe_type": "Intrastate"}}, {"type": "Feature", "geometry": {"type": "LineString", "coordinates": [[-97.3653, 33.67741], [-97.3653, 33.67082], [-97.35376, 33.67064], [-97.35456, 33.63503]]}, "properties": {"operator": "Atmos Pipeline - Texas", "pipe_type": "Intrastate"}}, {"type": "Feature", "geometry": {"type": "LineString", "coordinates": [[-97.15029, 33.64509], [-97.14735, 33.62624], [-97.11313, 33.60615]]}, "properties": {"operator": "Atmos Pipeline - Texas", "pipe_type": "Intrastate"}}, {"type": "Feature", "geometry": {"type": "LineString", "coordinates": [[-97.25393, 33.86579], [-97.248, 33.85471], [-97.22281, 33.81478], [-97.21246, 33.78372], [-97.18432, 33.72716], [-97.16656, 33.68724], [-97.16361, 33.67393], [-97.15029, 33.64509]]}, "properties": {"operator": "Atmos Pipeline - Texas", "pipe_type": "Intrastate"}}, {"type": "Feature", "geometry": {"type": "LineString", "coordinates": [[-97.16069, 33.64509], [-97.15775, 33.62513], [-97.11292, 33.59883]]}, "properties": {"operator": "Atmos Pipeline - Texas", "pipe_type": "Intrastate"}}, {"type": "Feature", "geometry": {"type": "LineString", "coordinates": [[-97.59883, 33.1305], [-97.58638, 33.14679], [-97.56088, 33.15675]]}, "properties": {"operator": "Atmos Pipeline - Texas", "pipe_type": "Intrastate"}}, {"type": "Feature", "geometry": {"type": "LineString", "coordinates": [[-97.81972, 32.85672], [-97.84268, 32.84174], [-97.864, 32.84815], [-97.89205, 32.82799], [-97.8838, 32.82375]]}, "properties": {"operator": "Atmos Pipeline - Texas", "pipe_type": "Intrastate"}}, {"type": "Feature", "geometry": {"type": "LineString", "coordinates": [[-97.36716, 32.22722], [-97.36759, 32.23203]]}, "properties": {"operator": "Atmos Pipeline - Texas", "pipe_type": "Intrastate"}}, {"type": "Feature", "geometry": {"type": "LineString", "coordinates": [[-96.95896, 31.49581], [-97.01705, 31.35891], [-97.08626, 31.26735], [-97.09242, 31.26601], [-97.12318, 31.2527]]}, "properties": {"operator": "Atmos Pipeline - Texas", "pipe_type": "Intrastate"}}, {"type": "Feature", "geometry": {"type": "LineString", "coordinates": [[-97.7974, 32.42662], [-97.79102, 32.35144], [-97.8346, 32.35888]]}, "properties": {"operator": "Atmos Pipeline - Texas", "pipe_type": "Intrastate"}}, {"type": "Feature", "geometry": {"type": "LineString", "coordinates": [[-97.7148, 32.39352], [-97.74031, 32.38565], [-97.7454, 32.35191]]}, "properties": {"operator": "Atmos Pipeline - Texas", "pipe_type": "Intrastate"}}, {"type": "Feature", "geometry": {"type": "LineString", "coordinates": [[-97.7454, 32.35191], [-97.74797, 32.33486]]}, "properties": {"operator": "Atmos Pipeline - Texas", "pipe_type": "Intrastate"}}, {"type": "Feature", "geometry": {"type": "LineString", "coordinates": [[-97.55598, 32.24821], [-97.55725, 32.2378], [-97.56867, 32.23211], [-97.56994, 32.24023], [-97.57248, 32.24719], [-97.57376, 32.24952], [-97.57412, 32.24964]]}, "properties": {"operator": "Atmos Pipeline - Texas", "pipe_type": "Intrastate"}}, {"type": "Feature", "geometry": {"type": "LineString", "coordinates": [[-97.57412, 32.24964], [-97.57769, 32.25087], [-97.58429, 32.25493], [-97.59088, 32.26167], [-97.59219, 32.26301], [-97.60669, 32.26981], [-97.62251, 32.28863], [-97.62383, 32.28998], [-97.62383, 32.29264], [-97.62251, 32.2953], [-97.62251, 32.29663], [-97.62778, 32.31402], [-97.62778, 32.31935], [-97.6291, 32.32736], [-97.63306, 32.33007], [-97.63833, 32.33412], [-97.64121, 32.3355]]}, "properties": {"operator": "Atmos Pipeline - Texas", "pipe_type": "Intrastate"}}, {"type": "Feature", "geometry": {"type": "LineString", "coordinates": [[-97.79261, 32.50398], [-97.79389, 32.47971], [-97.79559, 32.42881]]}, "properties": {"operator": "Atmos Pipeline - Texas", "pipe_type": "Intrastate"}}, {"type": "Feature", "geometry": {"type": "LineString", "coordinates": [[-99.49385, 32.42693], [-99.55358, 32.4341], [-99.56529, 32.4341], [-99.5695, 32.4341], [-99.61451, 32.44112], [-99.66964, 32.44213], [-99.68768, 32.44094]]}, "properties": {"operator": "Atmos Pipeline - Texas", "pipe_type": "Intrastate"}}, {"type": "Feature", "geometry": {"type": "LineString", "coordinates": [[-99.0877, 32.51503], [-99.09645, 32.53348]]}, "properties": {"operator": "Atmos Pipeline - Texas", "pipe_type": "Intrastate"}}, {"type": "Feature", "geometry": {"type": "LineString", "coordinates": [[-99.08114, 32.50303], [-99.0877, 32.51503]]}, "properties": {"operator": "Atmos Pipeline - Texas", "pipe_type": "Intrastate"}}, {"type": "Feature", "geometry": {"type": "LineString", "coordinates": [[-99.08332, 32.50488], [-99.10411, 32.4938], [-99.12619, 32.50096], [-99.1472, 32.5026], [-99.15771, 32.51872]]}, "properties": {"operator": "Atmos Pipeline - Texas", "pipe_type": "Intrastate"}}, {"type": "Feature", "geometry": {"type": "LineString", "coordinates": [[-99.06582, 32.52333], [-99.07457, 32.53625], [-99.07676, 32.52702], [-99.09098, 32.51964], [-99.10848, 32.51687], [-99.12927, 32.50857]]}, "properties": {"operator": "Atmos Pipeline - Texas", "pipe_type": "Intrastate"}}, {"type": "Feature", "geometry": {"type": "LineString", "coordinates": [[-99.13001, 32.5393], [-99.1318, 32.53727], [-99.13517, 32.53442], [-99.12927, 32.50672]]}, "properties": {"operator": "Atmos Pipeline - Texas", "pipe_type": "Intrastate"}}, {"type": "Feature", "geometry": {"type": "LineString", "coordinates": [[-99.06645, 32.51787], [-99.05578, 32.52063], [-99.03301, 32.52047]]}, "properties": {"operator": "Atmos Pipeline - Texas", "pipe_type": "Intrastate"}}, {"type": "Feature", "geometry": {"type": "LineString", "coordinates": [[-99.1413, 32.50211], [-99.09855, 32.51173], [-99.06645, 32.51787]]}, "properties": {"operator": "Atmos Pipeline - Texas", "pipe_type": "Intrastate"}}, {"type": "Feature", "geometry": {"type": "LineString", "coordinates": [[-98.17508, 34.10986], [-98.17383, 34.06803], [-98.17388, 34.03863], [-98.17002, 33.9821]]}, "properties": {"operator": "Atmos Pipeline - Texas", "pipe_type": "Intrastate"}}, {"type": "Feature", "geometry": {"type": "LineString", "coordinates": [[-97.53793, 33.68954], [-97.51715, 33.68066], [-97.43607, 33.66356]]}, "properties": {"operator": "Atmos Pipeline - Texas", "pipe_type": "Intrastate"}}, {"type": "Feature", "geometry": {"type": "LineString", "coordinates": [[-97.43607, 33.66356], [-97.40132, 33.65624], [-97.37757, 33.64625], [-97.35456, 33.63503], [-97.34343, 33.62961], [-97.33304, 33.62406]]}, "properties": {"operator": "Atmos Pipeline - Texas", "pipe_type": "Intrastate"}}, {"type": "Feature", "geometry": {"type": "LineString", "coordinates": [[-97.37699, 33.65626], [-97.37757, 33.64625], [-97.38204, 33.63849], [-97.35236, 33.62407], [-97.34343, 33.62961], [-97.33599, 33.63737], [-97.20822, 33.64732], [-97.16069, 33.64509], [-97.15029, 33.64509]]}, "properties": {"operator": "Atmos Pipeline - Texas", "pipe_type": "Intrastate"}}, {"type": "Feature", "geometry": {"type": "LineString", "coordinates": [[-97.05079, 33.63287], [-97.05229, 33.62178], [-97.05972, 33.61956], [-97.05825, 33.60958]]}, "properties": {"operator": "Atmos Pipeline - Texas", "pipe_type": "Intrastate"}}, {"type": "Feature", "geometry": {"type": "LineString", "coordinates": [[-96.68806, 33.65507], [-96.75675, 33.66208], [-96.79714, 33.6749]]}, "properties": {"operator": "Atmos Pipeline - Texas", "pipe_type": "Intrastate"}}, {"type": "Feature", "geometry": {"type": "LineString", "coordinates": [[-96.87391, 33.66228], [-96.88202, 33.66094], [-96.91975, 33.6528], [-97.07336, 33.61673], [-97.1084, 33.60625], [-97.11313, 33.60615]]}, "properties": {"operator": "Atmos Pipeline - Texas", "pipe_type": "Intrastate"}}, {"type": "Feature", "geometry": {"type": "LineString", "coordinates": [[-96.92089, 33.81239], [-96.91013, 33.79957], [-96.87431, 33.79182]]}, "properties": {"operator": "Atmos Pipeline - Texas", "pipe_type": "Intrastate"}}, {"type": "Feature", "geometry": {"type": "LineString", "coordinates": [[-96.87431, 33.79182], [-96.87243, 33.79141], [-96.84823, 33.75529], [-96.84284, 33.7518], [-96.81326, 33.70985], [-96.80249, 33.70635], [-96.80251, 33.69121], [-96.79714, 33.6749]]}, "properties": {"operator": "Atmos Pipeline - Texas", "pipe_type": "Intrastate"}}, {"type": "Feature", "geometry": {"type": "LineString", "coordinates": [[-96.62234, 33.72192], [-96.60796, 33.70713], [-96.60791, 33.69689], [-96.60744, 33.69198], [-96.60505, 33.69124], [-96.60452, 33.68533]]}, "properties": {"operator": "Atmos Pipeline - Texas", "pipe_type": "Intrastate"}}, {"type": "Feature", "geometry": {"type": "LineString", "coordinates": [[-96.87391, 33.66228], [-96.79714, 33.6749], [-96.75942, 33.68304], [-96.74189, 33.69469], [-96.62167, 33.72177], [-96.61794, 33.72261], [-96.5775, 33.75755], [-96.5573, 33.74939], [-96.53306, 33.74705], [-96.51825, 33.74588], [-96.51285, 33.75753], [-96.48995, 33.75752], [-96.44147, 33.75634], [-96.43608, 33.75052], [-96.428, 33.75052], [-96.41456, 33.73187], [-96.38483, 33.69635], [-96.33982, 33.66781]]}, "properties": {"operator": "Atmos Pipeline - Texas", "pipe_type": "Intrastate"}}, {"type": "Feature", "geometry": {"type": "LineString", "coordinates": [[-99.49194, 32.50307], [-99.57835, 32.50383], [-99.63014, 32.51023], [-99.6488, 32.50596], [-99.6793, 32.51236], [-99.6913, 32.5088], [-99.74181, 32.50808], [-99.7861, 32.51197], [-99.91593, 32.52513], [-99.99108, 32.52935]]}, "properties": {"operator": "Atmos Pipeline - Texas", "pipe_type": "Intrastate"}}, {"type": "Feature", "geometry": {"type": "LineString", "coordinates": [[-96.94323, 31.8763], [-96.88755, 31.87446], [-96.875, 31.87225], [-96.80329, 31.86342], [-96.78716, 31.86231], [-96.78536, 31.8579], [-96.76256, 31.82671]]}, "properties": {"operator": "Atmos Pipeline - Texas", "pipe_type": "Intrastate"}}, {"type": "Feature", "geometry": {"type": "LineString", "coordinates": [[-99.19116, 32.53876], [-99.19159, 32.53904], [-99.18852, 32.5488], [-99.17315, 32.5487], [-99.1378, 32.54412], [-99.13637, 32.53873]]}, "properties": {"operator": "Atmos Pipeline - Texas", "pipe_type": "Intrastate"}}, {"type": "Feature", "geometry": {"type": "LineString", "coordinates": [[-97.77859, 32.3348], [-97.72939, 32.33663], [-97.69344, 32.33363], [-97.67256, 32.33911], [-97.6345, 32.33471], [-97.62616, 32.34025], [-97.60413, 32.34013], [-97.58973, 32.35082]]}, "properties": {"operator": "Atmos Pipeline - Texas", "pipe_type": "Intrastate"}}, {"type": "Feature", "geometry": {"type": "LineString", "coordinates": [[-96.51603, 32.78299], [-96.48357, 32.81449]]}, "properties": {"operator": "Atmos Pipeline - Texas", "pipe_type": "Intrastate"}}, {"type": "Feature", "geometry": {"type": "LineString", "coordinates": [[-96.48403, 32.81449], [-96.4604, 32.82951], [-96.42095, 32.86135]]}, "properties": {"operator": "Atmos Pipeline - Texas", "pipe_type": "Intrastate"}}, {"type": "Feature", "geometry": {"type": "LineString", "coordinates": [[-96.81467, 33.13728], [-96.82175, 33.13722]]}, "properties": {"operator": "Atmos Pipeline - Texas", "pipe_type": "Intrastate"}}, {"type": "Feature", "geometry": {"type": "MultiLineString", "coordinates": [[[-98.35252, 33.8765], [-98.21135, 33.7605], [-98.18497, 33.75823], [-98.07817, 33.72203], [-97.98187, 33.71522]], [[-98.53823, 33.92109], [-98.53031, 33.94595], [-98.4914, 33.96033], [-98.45415, 33.94183], [-98.41996, 33.94079], [-98.41376, 33.93154], [-98.40527, 33.92823], [-98.35252, 33.8765]]]}, "properties": {"operator": "Atmos Pipeline - Texas", "pipe_type": "Intrastate"}}, {"type": "Feature", "geometry": {"type": "LineString", "coordinates": [[-95.98387, 33.95098], [-96.4521, 34.13594]]}, "properties": {"operator": "Natural Gas PL Co of Am", "pipe_type": "Interstate"}}, {"type": "Feature", "geometry": {"type": "LineString", "coordinates": [[-97.49632, 34.07104], [-97.46451, 34.2865], [-97.46311, 34.29594]]}, "properties": {"operator": "Natural Gas PL Co of Am", "pipe_type": "Interstate"}}, {"type": "Feature", "geometry": {"type": "LineString", "coordinates": [[-96.4521, 34.13594], [-96.51635, 34.1696]]}, "properties": {"operator": "Natural Gas PL Co of Am", "pipe_type": "Interstate"}}, {"type": "Feature", "geometry": {"type": "LineString", "coordinates": [[-97.08083, 33.96301], [-96.96282, 34.03277]]}, "properties": {"operator": "Natural Gas PL Co of Am", "pipe_type": "Interstate"}}, {"type": "Feature", "geometry": {"type": "LineString", "coordinates": [[-97.50912, 33.98234], [-97.49632, 34.07104]]}, "properties": {"operator": "Natural Gas PL Co of Am", "pipe_type": "Interstate"}}, {"type": "Feature", "geometry": {"type": "LineString", "coordinates": [[-97.08083, 33.96301], [-97.0295, 33.87891]]}, "properties": {"operator": "Natural Gas PL Co of Am", "pipe_type": "Interstate"}}, {"type": "Feature", "geometry": {"type": "LineString", "coordinates": [[-97.50912, 33.98234], [-97.08083, 33.96301]]}, "properties": {"operator": "Natural Gas PL Co of Am", "pipe_type": "Interstate"}}, {"type": "Feature", "geometry": {"type": "LineString", "coordinates": [[-97.52474, 33.91027], [-97.50912, 33.98234]]}, "properties": {"operator": "Natural Gas PL Co of Am", "pipe_type": "Interstate"}}, {"type": "Feature", "geometry": {"type": "LineString", "coordinates": [[-96.96282, 34.03277], [-96.84467, 34.03507]]}, "properties": {"operator": "Natural Gas PL Co of Am", "pipe_type": "Interstate"}}, {"type": "Feature", "geometry": {"type": "LineString", "coordinates": [[-96.84467, 34.03507], [-96.64717, 34.03277]]}, "properties": {"operator": "Natural Gas PL Co of Am", "pipe_type": "Interstate"}}, {"type": "Feature", "geometry": {"type": "LineString", "coordinates": [[-96.84467, 34.03507], [-96.84736, 33.93664]]}, "properties": {"operator": "Natural Gas PL Co of Am", "pipe_type": "Interstate"}}, {"type": "Feature", "geometry": {"type": "LineString", "coordinates": [[-97.66694, 33.43232], [-97.52474, 33.91027]]}, "properties": {"operator": "Natural Gas PL Co of Am", "pipe_type": "Interstate"}}, {"type": "Feature", "geometry": {"type": "LineString", "coordinates": [[-97.72531, 33.2809], [-97.71885, 33.29613], [-97.70365, 33.33603], [-97.66694, 33.43232]]}, "properties": {"operator": "Natural Gas PL Co of Am", "pipe_type": "Interstate"}}, {"type": "Feature", "geometry": {"type": "LineString", "coordinates": [[-97.78112, 33.1776], [-97.72531, 33.2809]]}, "properties": {"operator": "Natural Gas PL Co of Am", "pipe_type": "Interstate"}}, {"type": "Feature", "geometry": {"type": "LineString", "coordinates": [[-98.18982, 34.11909], [-98.19158, 34.11687]]}, "properties": {"operator": "Oklahoma Texas Gas Co", "pipe_type": "Intrastate"}}, {"type": "Feature", "geometry": {"type": "LineString", "coordinates": [[-98.19158, 34.11687], [-98.19968, 34.10664]]}, "properties": {"operator": "Oklahoma Texas Gas Co", "pipe_type": "Intrastate"}}, {"type": "Feature", "geometry": {"type": "LineString", "coordinates": [[-98.67572, 34.13879], [-98.67539, 34.13745]]}, "properties": {"operator": "Oklahoma Texas Gas Co", "pipe_type": "Intrastate"}}, {"type": "Feature", "geometry": {"type": "LineString", "coordinates": [[-97.28949, 33.87482], [-97.28749, 33.87282], [-97.28256, 33.859]]}, "properties": {"operator": "Oklahoma Texas Gas Co", "pipe_type": "Intrastate"}}, {"type": "Feature", "geometry": {"type": "LineString", "coordinates": [[-97.32605, 33.91141], [-97.28949, 33.87482]]}, "properties": {"operator": "Oklahoma Texas Gas Co", "pipe_type": "Intrastate"}}, {"type": "Feature", "geometry": {"type": "LineString", "coordinates": [[-98.67539, 34.13745], [-98.67161, 34.12219]]}, "properties": {"operator": "Oklahoma Texas Gas Co", "pipe_type": "Intrastate"}}, {"type": "Feature", "geometry": {"type": "LineString", "coordinates": [[-96.59471, 34.00974], [-96.51677, 33.97932], [-96.51658, 33.97925]]}, "properties": {"operator": "ONEOK Gas Transportation LLC", "pipe_type": "Intrastate"}}, {"type": "Feature", "geometry": {"type": "LineString", "coordinates": [[-96.41984, 33.88792], [-96.46912, 33.88786]]}, "properties": {"operator": "ONEOK Gas Transportation LLC", "pipe_type": "Intrastate"}}, {"type": "Feature", "geometry": {"type": "LineString", "coordinates": [[-96.38819, 33.955], [-96.38018, 33.95295]]}, "properties": {"operator": "ONEOK Gas Transportation LLC", "pipe_type": "Intrastate"}}, {"type": "Feature", "geometry": {"type": "LineString", "coordinates": [[-96.44566, 33.72639], [-96.45105, 33.73084]]}, "properties": {"operator": "ONEOK Gas Transportation LLC", "pipe_type": "Intrastate"}}, {"type": "Feature", "geometry": {"type": "LineString", "coordinates": [[-96.42477, 33.74955], [-96.40671, 33.73159]]}, "properties": {"operator": "ONEOK Gas Transportation LLC", "pipe_type": "Intrastate"}}, {"type": "Feature", "geometry": {"type": "LineString", "coordinates": [[-97.28639, 34.10177], [-97.39002, 34.09804]]}, "properties": {"operator": "ONEOK Gas Transportation LLC", "pipe_type": "Intrastate"}}, {"type": "Feature", "geometry": {"type": "LineString", "coordinates": [[-97.39002, 34.09804], [-97.44616, 34.0712]]}, "properties": {"operator": "ONEOK Gas Transportation LLC", "pipe_type": "Intrastate"}}, {"type": "Feature", "geometry": {"type": "LineString", "coordinates": [[-98.24133, 34.14573], [-98.13763, 34.14306]]}, "properties": {"operator": "ONEOK Gas Transportation LLC", "pipe_type": "Intrastate"}}, {"type": "Feature", "geometry": {"type": "LineString", "coordinates": [[-98.0123, 34.00854], [-98.00975, 33.99753]]}, "properties": {"operator": "ONEOK Gas Transportation LLC", "pipe_type": "Intrastate"}}, {"type": "Feature", "geometry": {"type": "LineString", "coordinates": [[-97.5623, 34.13895], [-97.56236, 34.13893]]}, "properties": {"operator": "ONEOK Gas Transportation LLC", "pipe_type": "Intrastate"}}, {"type": "Feature", "geometry": {"type": "LineString", "coordinates": [[-97.57017, 34.15027], [-97.5623, 34.15012]]}, "properties": {"operator": "ONEOK Gas Transportation LLC", "pipe_type": "Intrastate"}}, {"type": "Feature", "geometry": {"type": "LineString", "coordinates": [[-97.44616, 34.0712], [-97.50352, 34.04378]]}, "properties": {"operator": "ONEOK Gas Transportation LLC", "pipe_type": "Intrastate"}}, {"type": "Feature", "geometry": {"type": "LineString", "coordinates": [[-96.82961, 34.10077], [-96.84111, 34.10069]]}, "properties": {"operator": "ONEOK Gas Transportation LLC", "pipe_type": "Intrastate"}}, {"type": "Feature", "geometry": {"type": "LineString", "coordinates": [[-98.27907, 34.11317], [-98.24133, 34.14573], [-98.16909, 34.1977], [-98.14037, 34.21987], [-98.13793, 34.21844]]}, "properties": {"operator": "ONEOK Gas Transportation LLC", "pipe_type": "Intrastate"}}, {"type": "Feature", "geometry": {"type": "LineString", "coordinates": [[-98.11062, 34.14236], [-98.08011, 34.14158]]}, "properties": {"operator": "ONEOK Gas Transportation LLC", "pipe_type": "Intrastate"}}, {"type": "Feature", "geometry": {"type": "LineString", "coordinates": [[-98.08011, 34.14158], [-98.07101, 34.12287], [-98.02711, 34.00993], [-98.0123, 34.00854]]}, "properties": {"operator": "ONEOK Gas Transportation LLC", "pipe_type": "Intrastate"}}, {"type": "Feature", "geometry": {"type": "LineString", "coordinates": [[-98.00975, 33.99753], [-98.00315, 33.96905], [-98.00796, 33.92609], [-98.01194, 33.87759]]}, "properties": {"operator": "ONEOK Gas Transportation LLC", "pipe_type": "Intrastate"}}, {"type": "Feature", "geometry": {"type": "LineString", "coordinates": [[-96.82961, 34.06825], [-96.82961, 34.13398], [-96.83618, 34.13947], [-96.84193, 34.14704], [-96.8485, 34.15599], [-96.84928, 34.16141], [-96.8472, 34.17247]]}, "properties": {"operator": "ONEOK Gas Transportation LLC", "pipe_type": "Intrastate"}}, {"type": "Feature", "geometry": {"type": "LineString", "coordinates": [[-96.96818, 34.16104], [-96.95436, 34.16073], [-96.90757, 34.14661], [-96.86242, 34.16132], [-96.84928, 34.16141]]}, "properties": {"operator": "ONEOK Gas Transportation LLC", "pipe_type": "Intrastate"}}, {"type": "Feature", "geometry": {"type": "LineString", "coordinates": [[-97.15251, 34.16272], [-97.15974, 34.15052], [-97.16303, 34.14221], [-97.16138, 34.12838]]}, "properties": {"operator": "ONEOK Gas Transportation LLC", "pipe_type": "Intrastate"}}, {"type": "Feature", "geometry": {"type": "LineString", "coordinates": [[-97.2132, 34.08743], [-97.21402, 34.09158], [-97.21566, 34.11441], [-97.21484, 34.11856], [-97.2132, 34.12963], [-97.21813, 34.13238], [-97.21813, 34.13654], [-97.22442, 34.16996]]}, "properties": {"operator": "ONEOK Gas Transportation LLC", "pipe_type": "Intrastate"}}, {"type": "Feature", "geometry": {"type": "LineString", "coordinates": [[-97.57064, 34.22706], [-97.56571, 34.2236], [-97.56817, 34.20146], [-97.57146, 34.19731], [-97.57017, 34.15027], [-97.64542, 34.15022]]}, "properties": {"operator": "ONEOK Gas Transportation LLC", "pipe_type": "Intrastate"}}, {"type": "Feature", "geometry": {"type": "LineString", "coordinates": [[-97.52045, 34.0712], [-97.50352, 34.04378], [-97.48543, 34.00855], [-97.4698, 33.98783], [-97.44348, 33.95608], [-97.42868, 33.93398], [-97.36206, 33.87051]]}, "properties": {"operator": "ONEOK Gas Transportation LLC", "pipe_type": "Intrastate"}}, {"type": "Feature", "geometry": {"type": "LineString", "coordinates": [[-97.36206, 33.87051], [-97.33163, 33.89134], [-97.30366, 33.90594], [-97.21155, 33.90687]]}, "properties": {"operator": "ONEOK Gas Transportation LLC", "pipe_type": "Intrastate"}}, {"type": "Feature", "geometry": {"type": "LineString", "coordinates": [[-97.39002, 34.09804], [-97.39084, 34.10149], [-97.39331, 34.12294]]}, "properties": {"operator": "ONEOK Gas Transportation LLC", "pipe_type": "Intrastate"}}, {"type": "Feature", "geometry": {"type": "LineString", "coordinates": [[-97.27488, 34.14123], [-97.27899, 34.13638], [-97.28146, 34.12461], [-97.28639, 34.11284], [-97.28639, 34.10177]]}, "properties": {"operator": "ONEOK Gas Transportation LLC", "pipe_type": "Intrastate"}}, {"type": "Feature", "geometry": {"type": "LineString", "coordinates": [[-97.42045, 34.17959], [-97.46075, 34.16703], [-97.4772, 34.16561], [-97.5623, 34.13895]]}, "properties": {"operator": "ONEOK Gas Transportation LLC", "pipe_type": "Intrastate"}}, {"type": "Feature", "geometry": {"type": "LineString", "coordinates": [[-97.28189, 34.19156], [-97.29709, 34.17161], [-97.316, 34.15634]]}, "properties": {"operator": "ONEOK Gas Transportation LLC", "pipe_type": "Intrastate"}}, {"type": "Feature", "geometry": {"type": "LineString", "coordinates": [[-97.5623, 34.15012], [-97.53647, 34.1496], [-97.53318, 34.14891], [-97.50607, 34.14616], [-97.5036, 34.14893], [-97.4921, 34.14756], [-97.48306, 34.16001]]}, "properties": {"operator": "ONEOK Gas Transportation LLC", "pipe_type": "Intrastate"}}, {"type": "Feature", "geometry": {"type": "LineString", "coordinates": [[-97.52045, 34.0712], [-97.5616, 34.13782], [-97.5623, 34.13884]]}, "properties": {"operator": "ONEOK Gas Transportation LLC", "pipe_type": "Intrastate"}}, {"type": "Feature", "geometry": {"type": "LineString", "coordinates": [[-98.12989, 34.14286], [-98.11062, 34.14236]]}, "properties": {"operator": "ONEOK Gas Transportation LLC", "pipe_type": "Intrastate"}}, {"type": "Feature", "geometry": {"type": "LineString", "coordinates": [[-98.13763, 34.14306], [-98.12989, 34.14286]]}, "properties": {"operator": "ONEOK Gas Transportation LLC", "pipe_type": "Intrastate"}}, {"type": "Feature", "geometry": {"type": "LineString", "coordinates": [[-97.5623, 34.13884], [-97.56236, 34.13893], [-97.57017, 34.15027], [-97.57064, 34.15096], [-97.60269, 34.19452], [-97.64049, 34.25123]]}, "properties": {"operator": "ONEOK Gas Transportation LLC", "pipe_type": "Intrastate"}}, {"type": "Feature", "geometry": {"type": "LineString", "coordinates": [[-96.31063, 34.08523], [-96.41327, 33.95019], [-96.41902, 33.94949], [-96.41915, 33.94433]]}, "properties": {"operator": "ONEOK Gas Transportation LLC", "pipe_type": "Intrastate"}}, {"type": "Feature", "geometry": {"type": "LineString", "coordinates": [[-96.41984, 33.82704], [-96.42559, 33.8215], [-96.42477, 33.79175], [-96.42477, 33.77717]]}, "properties": {"operator": "ONEOK Gas Transportation LLC", "pipe_type": "Intrastate"}}, {"type": "Feature", "geometry": {"type": "LineString", "coordinates": [[-96.42477, 33.77717], [-96.42477, 33.74955], [-96.44566, 33.72639], [-96.45351, 33.71769]]}, "properties": {"operator": "ONEOK Gas Transportation LLC", "pipe_type": "Intrastate"}}, {"type": "Feature", "geometry": {"type": "LineString", "coordinates": [[-96.41984, 33.91349], [-96.44859, 33.91348], [-96.45023, 33.90932]]}, "properties": {"operator": "ONEOK Gas Transportation LLC", "pipe_type": "Intrastate"}}, {"type": "Feature", "geometry": {"type": "LineString", "coordinates": [[-96.41542, 33.94459], [-96.38018, 33.94527], [-96.36849, 33.94264], [-96.35739, 33.94014]]}, "properties": {"operator": "ONEOK Gas Transportation LLC", "pipe_type": "Intrastate"}}, {"type": "Feature", "geometry": {"type": "LineString", "coordinates": [[-96.48872, 33.96751], [-96.47979, 33.97847], [-96.45433, 33.98611], [-96.45023, 33.99373]]}, "properties": {"operator": "ONEOK Gas Transportation LLC", "pipe_type": "Intrastate"}}, {"type": "Feature", "geometry": {"type": "LineString", "coordinates": [[-96.57833, 34.06897], [-96.56437, 34.05238], [-96.53809, 34.00952], [-96.52742, 33.98947], [-96.51677, 33.97932]]}, "properties": {"operator": "ONEOK Gas Transportation LLC", "pipe_type": "Intrastate"}}, {"type": "Feature", "geometry": {"type": "LineString", "coordinates": [[-96.51677, 33.97932], [-96.5151, 33.97773], [-96.52906, 33.89331], [-96.5307, 33.83243], [-96.53974, 33.81512], [-96.54795, 33.81442], [-96.54806, 33.81411]]}, "properties": {"operator": "ONEOK Gas Transportation LLC", "pipe_type": "Intrastate"}}, {"type": "Feature", "geometry": {"type": "LineString", "coordinates": [[-96.54806, 33.81411], [-96.5537, 33.7985], [-96.56766, 33.78257]]}, "properties": {"operator": "ONEOK Gas Transportation LLC", "pipe_type": "Intrastate"}}, {"type": "Feature", "geometry": {"type": "LineString", "coordinates": [[-96.41915, 33.94433], [-96.41984, 33.9149], [-96.41984, 33.91349], [-96.41984, 33.88792], [-96.41984, 33.82704]]}, "properties": {"operator": "ONEOK Gas Transportation LLC", "pipe_type": "Intrastate"}}, {"type": "Feature", "geometry": {"type": "LineString", "coordinates": [[-96.51658, 33.97925], [-96.48872, 33.96751], [-96.43104, 33.94322], [-96.41915, 33.94433], [-96.41542, 33.94459], [-96.33646, 33.90649], [-96.15141, 33.94165], [-96.09713, 33.94715], [-95.93276, 33.94754]]}, "properties": {"operator": "ONEOK Gas Transportation LLC", "pipe_type": "Intrastate"}}, {"type": "Feature", "geometry": {"type": "LineString", "coordinates": [[-96.48541, 31.44181], [-96.48486, 31.44676], [-96.48487, 31.45171], [-96.48433, 31.45666], [-96.48215, 31.46116]]}, "properties": {"operator": "Enbridge Pipelines (East Texas)", "pipe_type": "Intrastate"}}, {"type": "Feature", "geometry": {"type": "LineString", "coordinates": [[-96.41511, 31.46386], [-96.40911, 31.45936], [-96.40911, 31.45891], [-96.40366, 31.45846], [-96.39766, 31.45846], [-96.39221, 31.45846], [-96.38785, 31.46026]]}, "properties": {"operator": "Enbridge Pipelines (East Texas)", "pipe_type": "Intrastate"}}, {"type": "Feature", "geometry": {"type": "LineString", "coordinates": [[-96.41733, 31.5057], [-96.41188, 31.50435], [-96.40588, 31.5039], [-96.40043, 31.50525], [-96.39498, 31.50615], [-96.3928, 31.5066]]}, "properties": {"operator": "Enbridge Pipelines (East Texas)", "pipe_type": "Intrastate"}}, {"type": "Feature", "geometry": {"type": "LineString", "coordinates": [[-96.49089, 31.48297], [-96.48763, 31.48793], [-96.4849, 31.48838], [-96.48, 31.49289], [-96.47946, 31.49335], [-96.47674, 31.49786], [-96.47402, 31.50282], [-96.47129, 31.50779], [-96.46803, 31.5114], [-96.46694, 31.51275], [-96.46367, 31.51772], [-96.46258, 31.51862], [-96.45659, 31.52223], [-96.45605, 31.52268], [-96.45114, 31.52584], [-96.45005, 31.52764], [-96.4457, 31.53035], [-96.44297, 31.53261], [-96.4397, 31.53487], [-96.43753, 31.53757], [-96.43426, 31.54028], [-96.43262, 31.54254], [-96.42827, 31.5457], [-96.42663, 31.5475], [-96.42282, 31.54931], [-96.41955, 31.55247], [-96.41737, 31.55382], [-96.41302, 31.55743], [-96.41302, 31.56239], [-96.41139, 31.56375], [-96.40757, 31.56736], [-96.40594, 31.56871], [-96.40213, 31.57232], [-96.39995, 31.57277], [-96.3945, 31.57548], [-96.3896, 31.57729], [-96.38905, 31.57729], [-96.38306, 31.57954], [-96.38088, 31.58225], [-96.38088, 31.58721], [-96.38089, 31.59218], [-96.38253, 31.59714], [-96.38362, 31.60211], [-96.38472, 31.60707], [-96.38556, 31.61258]]}, "properties": {"operator": "Enbridge Pipelines (East Texas)", "pipe_type": "Intrastate"}}, {"type": "Feature", "geometry": {"type": "LineString", "coordinates": [[-96.51246, 31.5902], [-96.50701, 31.58795], [-96.50102, 31.58796], [-96.49557, 31.58797], [-96.49013, 31.58888], [-96.48413, 31.5898], [-96.47869, 31.59207], [-96.47488, 31.59523], [-96.4727, 31.59614], [-96.46726, 31.59931], [-96.46399, 31.60022], [-96.46181, 31.60203], [-96.45909, 31.6052], [-96.45583, 31.60837], [-96.45038, 31.60928], [-96.4482, 31.61019], [-96.44439, 31.61065], [-96.43894, 31.61156], [-96.4335, 31.61202], [-96.43186, 31.61203]]}, "properties": {"operator": "Enbridge Pipelines (East Texas)", "pipe_type": "Intrastate"}}, {"type": "Feature", "geometry": {"type": "LineString", "coordinates": [[-96.37373, 31.56803], [-96.39284, 31.56982], [-96.39995, 31.57277]]}, "properties": {"operator": "Enbridge Pipelines (East Texas)", "pipe_type": "Intrastate"}}, {"type": "Feature", "geometry": {"type": "LineString", "coordinates": [[-96.40159, 31.58871], [-96.40104, 31.58376], [-96.39613, 31.58062], [-96.3923, 31.57882], [-96.3896, 31.57729]]}, "properties": {"operator": "Enbridge Pipelines (East Texas)", "pipe_type": "Intrastate"}}, {"type": "Feature", "geometry": {"type": "LineString", "coordinates": [[-96.38904, 31.59007], [-96.38412, 31.58513], [-96.38358, 31.58467], [-96.37866, 31.58018], [-96.37757, 31.57973], [-96.37211, 31.57838], [-96.36666, 31.58469], [-96.36666, 31.58514], [-96.36611, 31.58514]]}, "properties": {"operator": "Enbridge Pipelines (East Texas)", "pipe_type": "Intrastate"}}, {"type": "Feature", "geometry": {"type": "LineString", "coordinates": [[-96.3765, 31.60043], [-96.38556, 31.61258]]}, "properties": {"operator": "Enbridge Pipelines (East Texas)", "pipe_type": "Intrastate"}}, {"type": "Feature", "geometry": {"type": "LineString", "coordinates": [[-96.39127, 31.62291], [-96.397, 31.61255]]}, "properties": {"operator": "Enbridge Pipelines (East Texas)", "pipe_type": "Intrastate"}}, {"type": "Feature", "geometry": {"type": "LineString", "coordinates": [[-97.11489, 33.19526], [-97.10949, 33.1957], [-97.10625, 33.20035], [-97.1057, 33.20548], [-97.1057, 33.21062], [-97.10517, 33.21575], [-97.10354, 33.21901], [-97.103, 33.22087], [-97.103, 33.22601], [-97.103, 33.23114], [-97.10246, 33.23628], [-97.10246, 33.24141], [-97.10408, 33.24655], [-97.10841, 33.25171], [-97.10733, 33.25684], [-97.10679, 33.26197], [-97.10949, 33.26432], [-97.11489, 33.26668], [-97.11651, 33.26716], [-97.12029, 33.26811], [-97.12624, 33.26908], [-97.13164, 33.26911], [-97.13758, 33.26914], [-97.14298, 33.26917], [-97.14839, 33.26966], [-97.15433, 33.26969], [-97.15973, 33.26926], [-97.16568, 33.26929], [-97.17108, 33.26932], [-97.17648, 33.26935], [-97.18242, 33.26891], [-97.18783, 33.26894], [-97.19377, 33.26897], [-97.19917, 33.269], [-97.20457, 33.26903], [-97.21052, 33.26953], [-97.21592, 33.26909], [-97.22186, 33.26912], [-97.22726, 33.26915], [-97.23267, 33.27058], [-97.23861, 33.27061], [-97.24401, 33.27111], [-97.24996, 33.27114], [-97.25536, 33.27117], [-97.26076, 33.2712], [-97.26671, 33.27029], [-97.27211, 33.27032], [-97.27751, 33.27035], [-97.28345, 33.27085], [-97.28886, 33.27088], [-97.2948, 33.27138], [-97.3002, 33.27187], [-97.3056, 33.2719], [-97.31155, 33.2724], [-97.31695, 33.27196], [-97.32289, 33.27059], [-97.32829, 33.26969], [-97.3337, 33.26972], [-97.33666, 33.26973], [-97.33964, 33.26975], [-97.34537, 33.26884]]}, "properties": {"operator": "Enbridge Pipelines (East Texas)", "pipe_type": "Intrastate"}}, {"type": "Feature", "geometry": {"type": "LineString", "coordinates": [[-97.31469, 33.17913], [-97.32067, 33.18379], [-97.32067, 33.18426], [-97.32448, 33.18939], [-97.32611, 33.19126], [-97.32721, 33.19453], [-97.32939, 33.19966], [-97.33157, 33.20293], [-97.33321, 33.2048], [-97.33539, 33.20993], [-97.33648, 33.2118], [-97.33757, 33.21367], [-97.33758, 33.21507], [-97.3376, 33.2202], [-97.33717, 33.22443], [-97.33707, 33.22534], [-97.33547, 33.23047], [-97.33386, 33.23561], [-97.33514, 33.2396], [-97.3355, 33.24074], [-97.33661, 33.24588], [-97.33934, 33.25101], [-97.34315, 33.25615], [-97.34588, 33.26128], [-97.34537, 33.26884]]}, "properties": {"operator": "Enbridge Pipelines (East Texas)", "pipe_type": "Intrastate"}}, {"type": "Feature", "geometry": {"type": "LineString", "coordinates": [[-97.33014, 33.25521], [-97.34537, 33.26884]]}, "properties": {"operator": "Enbridge Pipelines (East Texas)", "pipe_type": "Intrastate"}}, {"type": "Feature", "geometry": {"type": "LineString", "coordinates": [[-97.31911, 33.20387], [-97.32343, 33.19873], [-97.3245, 33.1964], [-97.32721, 33.19453]]}, "properties": {"operator": "Enbridge Pipelines (East Texas)", "pipe_type": "Intrastate"}}, {"type": "Feature", "geometry": {"type": "LineString", "coordinates": [[-97.31642, 33.20853], [-97.32239, 33.2104], [-97.32781, 33.21133], [-97.33378, 33.21227], [-97.33648, 33.2118]]}, "properties": {"operator": "Enbridge Pipelines (East Texas)", "pipe_type": "Intrastate"}}, {"type": "Feature", "geometry": {"type": "LineString", "coordinates": [[-97.29963, 33.21227], [-97.30507, 33.2174], [-97.3105, 33.2188], [-97.31646, 33.21927], [-97.32188, 33.2188], [-97.32781, 33.21133]]}, "properties": {"operator": "Enbridge Pipelines (East Texas)", "pipe_type": "Intrastate"}}, {"type": "Feature", "geometry": {"type": "LineString", "coordinates": [[-97.35223, 33.21974], [-97.3468, 33.21834], [-97.34138, 33.21787], [-97.3376, 33.2202]]}, "properties": {"operator": "Enbridge Pipelines (East Texas)", "pipe_type": "Intrastate"}}, {"type": "Feature", "geometry": {"type": "LineString", "coordinates": [[-97.34412, 33.22627], [-97.33717, 33.22443], [-97.33707, 33.2244]]}, "properties": {"operator": "Enbridge Pipelines (East Texas)", "pipe_type": "Intrastate"}}, {"type": "Feature", "geometry": {"type": "LineString", "coordinates": [[-97.31324, 33.22721], [-97.32083, 33.23001], [-97.3268, 33.23187], [-97.33222, 33.23187], [-97.33547, 33.23047]]}, "properties": {"operator": "Enbridge Pipelines (East Texas)", "pipe_type": "Intrastate"}}, {"type": "Feature", "geometry": {"type": "LineString", "coordinates": [[-97.33619, 33.28042], [-97.33666, 33.26973]]}, "properties": {"operator": "Enbridge Pipelines (East Texas)", "pipe_type": "Intrastate"}}, {"type": "Feature", "geometry": {"type": "LineString", "coordinates": [[-97.43642, 33.17687], [-97.43936, 33.16907]]}, "properties": {"operator": "Enbridge Pipelines (East Texas)", "pipe_type": "Intrastate"}}, {"type": "Feature", "geometry": {"type": "LineString", "coordinates": [[-97.42622, 33.16218], [-97.42612, 33.15589], [-97.42666, 33.15076], [-97.42666, 33.14563], [-97.42991, 33.14049], [-97.43154, 33.13955], [-97.43642, 33.13534], [-97.43696, 33.13534], [-97.43759, 33.13504], [-97.44292, 33.13253], [-97.44743, 33.13136], [-97.44834, 33.13112], [-97.45159, 33.13111]]}, "properties": {"operator": "Enbridge Pipelines (East Texas)", "pipe_type": "Intrastate"}}, {"type": "Feature", "geometry": {"type": "LineString", "coordinates": [[-97.46839, 33.10587], [-97.46514, 33.11102], [-97.46243, 33.11336], [-97.46026, 33.11616], [-97.45701, 33.11943], [-97.45538, 33.1213], [-97.45105, 33.12598], [-97.45105, 33.12645], [-97.44743, 33.13136]]}, "properties": {"operator": "Enbridge Pipelines (East Texas)", "pipe_type": "Intrastate"}}, {"type": "Feature", "geometry": {"type": "LineString", "coordinates": [[-97.42937, 33.12695], [-97.43479, 33.12928], [-97.43696, 33.13207], [-97.43759, 33.13504], [-97.43804, 33.13721], [-97.44075, 33.1386], [-97.44509, 33.13953]]}, "properties": {"operator": "Enbridge Pipelines (East Texas)", "pipe_type": "Intrastate"}}, {"type": "Feature", "geometry": {"type": "LineString", "coordinates": [[-97.42612, 33.1349], [-97.43154, 33.13955]]}, "properties": {"operator": "Enbridge Pipelines (East Texas)", "pipe_type": "Intrastate"}}, {"type": "Feature", "geometry": {"type": "LineString", "coordinates": [[-97.38818, 33.2276], [-97.39035, 33.22901]]}, "properties": {"operator": "Enbridge Pipelines (East Texas)", "pipe_type": "Intrastate"}}, {"type": "Feature", "geometry": {"type": "LineString", "coordinates": [[-97.39035, 33.22901], [-97.39631, 33.23322], [-97.39631, 33.23416], [-97.39826, 33.23517], [-97.40173, 33.23697], [-97.40715, 33.23745], [-97.41311, 33.23794], [-97.41853, 33.23795], [-97.42287, 33.23003]]}, "properties": {"operator": "Enbridge Pipelines (East Texas)", "pipe_type": "Intrastate"}}, {"type": "Feature", "geometry": {"type": "LineString", "coordinates": [[-97.35567, 33.24819], [-97.36434, 33.25344]]}, "properties": {"operator": "Enbridge Pipelines (East Texas)", "pipe_type": "Intrastate"}}, {"type": "Feature", "geometry": {"type": "LineString", "coordinates": [[-97.36118, 33.25891], [-97.36054, 33.26041], [-97.36109, 33.26552], [-97.36097, 33.26578], [-97.35892, 33.27062], [-97.35729, 33.27294], [-97.35567, 33.27572], [-97.35404, 33.28083], [-97.35377, 33.28338], [-97.3535, 33.28593], [-97.35458, 33.29103], [-97.35652, 33.29286], [-97.36, 33.29613], [-97.36271, 33.29892], [-97.36434, 33.30124], [-97.36651, 33.30495]]}, "properties": {"operator": "Enbridge Pipelines (East Texas)", "pipe_type": "Intrastate"}}, {"type": "Feature", "geometry": {"type": "LineString", "coordinates": [[-97.38005, 33.31562], [-97.37464, 33.31051], [-97.37409, 33.31005], [-97.37418, 33.30551], [-97.37409, 33.30448]]}, "properties": {"operator": "Enbridge Pipelines (East Texas)", "pipe_type": "Intrastate"}}, {"type": "Feature", "geometry": {"type": "LineString", "coordinates": [[-97.38222, 33.31051], [-97.38493, 33.30402]]}, "properties": {"operator": "Enbridge Pipelines (East Texas)", "pipe_type": "Intrastate"}}, {"type": "Feature", "geometry": {"type": "LineString", "coordinates": [[-97.34483, 33.29985], [-97.34244, 33.29576]]}, "properties": {"operator": "Enbridge Pipelines (East Texas)", "pipe_type": "Intrastate"}}, {"type": "Feature", "geometry": {"type": "LineString", "coordinates": [[-97.37572, 33.29985], [-97.37301, 33.29289]]}, "properties": {"operator": "Enbridge Pipelines (East Texas)", "pipe_type": "Intrastate"}}, {"type": "Feature", "geometry": {"type": "LineString", "coordinates": [[-97.34537, 33.28686], [-97.35133, 33.285], [-97.35377, 33.28338], [-97.35621, 33.28175], [-97.35675, 33.28175], [-97.35838, 33.28129]]}, "properties": {"operator": "Enbridge Pipelines (East Texas)", "pipe_type": "Intrastate"}}, {"type": "Feature", "geometry": {"type": "LineString", "coordinates": [[-97.36434, 33.26784], [-97.36097, 33.26578]]}, "properties": {"operator": "Enbridge Pipelines (East Texas)", "pipe_type": "Intrastate"}}, {"type": "Feature", "geometry": {"type": "LineString", "coordinates": [[-97.49109, 33.28732], [-97.4907, 33.28351], [-97.49057, 33.28222], [-97.49058, 33.27845], [-97.49059, 33.27711], [-97.49115, 33.27201], [-97.49117, 33.26691], [-97.49169, 33.26437]]}, "properties": {"operator": "Enbridge Pipelines (East Texas)", "pipe_type": "Intrastate"}}, {"type": "Feature", "geometry": {"type": "LineString", "coordinates": [[-97.44671, 33.2612], [-97.45213, 33.26072], [-97.45809, 33.26164], [-97.46351, 33.26303], [-97.46563, 33.26358], [-97.46893, 33.26442], [-97.47489, 33.26535], [-97.4776, 33.26627], [-97.48031, 33.26627], [-97.48359, 33.26575], [-97.48627, 33.26532], [-97.49169, 33.26437], [-97.49711, 33.26109], [-97.50091, 33.25594], [-97.50199, 33.2536]]}, "properties": {"operator": "Enbridge Pipelines (East Texas)", "pipe_type": "Intrastate"}}, {"type": "Feature", "geometry": {"type": "LineString", "coordinates": [[-97.46514, 33.27658], [-97.46297, 33.27145], [-97.46406, 33.2663], [-97.46563, 33.26358]]}, "properties": {"operator": "Enbridge Pipelines (East Texas)", "pipe_type": "Intrastate"}}, {"type": "Feature", "geometry": {"type": "LineString", "coordinates": [[-97.47652, 33.21673], [-97.47923, 33.21159], [-97.48248, 33.20877], [-97.48357, 33.20644], [-97.48736, 33.20129], [-97.4879, 33.20082], [-97.49115, 33.19614], [-97.49386, 33.19239], [-97.49386, 33.19099], [-97.49549, 33.18584], [-97.49657, 33.1807], [-97.49495, 33.17603]]}, "properties": {"operator": "Enbridge Pipelines (East Texas)", "pipe_type": "Intrastate"}}, {"type": "Feature", "geometry": {"type": "LineString", "coordinates": [[-97.48736, 33.1896], [-97.49386, 33.19239]]}, "properties": {"operator": "Enbridge Pipelines (East Texas)", "pipe_type": "Intrastate"}}, {"type": "Feature", "geometry": {"type": "LineString", "coordinates": [[-97.56106, 33.12587], [-97.5551, 33.12915], [-97.55293, 33.13103], [-97.54968, 33.13384], [-97.54751, 33.13618], [-97.54426, 33.13946], [-97.54335, 33.14051], [-97.54264, 33.14133], [-97.54047, 33.14648], [-97.54968, 33.14787], [-97.55293, 33.14646]]}, "properties": {"operator": "Enbridge Pipelines (East Texas)", "pipe_type": "Intrastate"}}, {"type": "Feature", "geometry": {"type": "LineString", "coordinates": [[-97.55077, 33.14085], [-97.54751, 33.14086], [-97.54335, 33.14051], [-97.54209, 33.1404], [-97.53668, 33.13714], [-97.53613, 33.13574], [-97.53613, 33.13527]]}, "properties": {"operator": "Enbridge Pipelines (East Texas)", "pipe_type": "Intrastate"}}, {"type": "Feature", "geometry": {"type": "LineString", "coordinates": [[-97.48357, 33.27047], [-97.48359, 33.26575]]}, "properties": {"operator": "Enbridge Pipelines (East Texas)", "pipe_type": "Intrastate"}}, {"type": "Feature", "geometry": {"type": "LineString", "coordinates": [[-97.43663, 33.30466], [-97.43465, 33.31064], [-97.43321, 33.31347]]}, "properties": {"operator": "Enbridge Pipelines (East Texas)", "pipe_type": "Intrastate"}}, {"type": "Feature", "geometry": {"type": "LineString", "coordinates": [[-97.45043, 33.29249], [-97.45584, 33.29575], [-97.46125, 33.29761], [-97.46179, 33.29761], [-97.46775, 33.29892]]}, "properties": {"operator": "Enbridge Pipelines (East Texas)", "pipe_type": "Intrastate"}}, {"type": "Feature", "geometry": {"type": "LineString", "coordinates": [[-97.46835, 33.28318], [-97.46941, 33.2883], [-97.46987, 33.28977], [-97.47102, 33.29342], [-97.47171, 33.29507], [-97.47317, 33.29854], [-97.4737, 33.30133], [-97.47532, 33.30366], [-97.47964, 33.30691], [-97.4818, 33.30878], [-97.48505, 33.31017], [-97.49047, 33.30924], [-97.49374, 33.30366], [-97.49539, 33.29854], [-97.49648, 33.29761], [-97.49648, 33.29714]]}, "properties": {"operator": "Enbridge Pipelines (East Texas)", "pipe_type": "Intrastate"}}, {"type": "Feature", "geometry": {"type": "LineString", "coordinates": [[-97.45803, 33.28877], [-97.46345, 33.28877], [-97.46987, 33.28977]]}, "properties": {"operator": "Enbridge Pipelines (East Texas)", "pipe_type": "Intrastate"}}, {"type": "Feature", "geometry": {"type": "LineString", "coordinates": [[-97.49058, 33.27845], [-97.49708, 33.27899], [-97.5025, 33.27946], [-97.50846, 33.28039], [-97.51388, 33.28132], [-97.51931, 33.27713], [-97.52203, 33.27341], [-97.52367, 33.27201]]}, "properties": {"operator": "Enbridge Pipelines (East Texas)", "pipe_type": "Intrastate"}}, {"type": "Feature", "geometry": {"type": "LineString", "coordinates": [[-97.50308, 33.26922], [-97.5025, 33.27946]]}, "properties": {"operator": "Enbridge Pipelines (East Texas)", "pipe_type": "Intrastate"}}, {"type": "Feature", "geometry": {"type": "LineString", "coordinates": [[-97.51279, 33.28132], [-97.51494, 33.28644], [-97.51553, 33.28784], [-97.51709, 33.29156], [-97.51817, 33.29342], [-97.51978, 33.29668], [-97.52193, 33.3018], [-97.5192, 33.30691], [-97.5158, 33.3091], [-97.51268, 33.3111], [-97.51105, 33.31203], [-97.50867, 33.31356], [-97.50671, 33.31483], [-97.50291, 33.31715], [-97.50128, 33.31762], [-97.49694, 33.31994]]}, "properties": {"operator": "Enbridge Pipelines (East Texas)", "pipe_type": "Intrastate"}}, {"type": "Feature", "geometry": {"type": "LineString", "coordinates": [[-97.51318, 33.32413], [-97.50671, 33.31483]]}, "properties": {"operator": "Enbridge Pipelines (East Texas)", "pipe_type": "Intrastate"}}, {"type": "Feature", "geometry": {"type": "LineString", "coordinates": [[-97.50511, 33.30785], [-97.50867, 33.31356]]}, "properties": {"operator": "Enbridge Pipelines (East Texas)", "pipe_type": "Intrastate"}}, {"type": "Feature", "geometry": {"type": "LineString", "coordinates": [[-97.51162, 33.30505], [-97.5158, 33.3091]]}, "properties": {"operator": "Enbridge Pipelines (East Texas)", "pipe_type": "Intrastate"}}, {"type": "Feature", "geometry": {"type": "LineString", "coordinates": [[-97.52576, 33.29156], [-97.51981, 33.28784], [-97.51553, 33.28784]]}, "properties": {"operator": "Enbridge Pipelines (East Texas)", "pipe_type": "Intrastate"}}, {"type": "Feature", "geometry": {"type": "LineString", "coordinates": [[-97.44909, 33.36322], [-97.45073, 33.3581], [-97.45119, 33.35396], [-97.45129, 33.35298], [-97.45185, 33.34786], [-97.45458, 33.34461], [-97.45621, 33.34275], [-97.46056, 33.33902], [-97.4611, 33.33763], [-97.46275, 33.33251], [-97.45843, 33.32739], [-97.45465, 33.32506], [-97.45032, 33.32227], [-97.44924, 33.32227], [-97.44383, 33.31948], [-97.44004, 33.31715], [-97.43788, 33.31669], [-97.43321, 33.31347], [-97.43247, 33.31296], [-97.43085, 33.31203], [-97.42652, 33.3111], [-97.4211, 33.30924], [-97.41786, 33.30691], [-97.41569, 33.30645], [-97.40973, 33.30645], [-97.40431, 33.30645], [-97.40755, 33.31203], [-97.40969, 33.31669], [-97.40969, 33.31715], [-97.4113, 33.32227], [-97.41345, 33.32739], [-97.41397, 33.33251], [-97.41396, 33.33763], [-97.41394, 33.34275], [-97.41121, 33.34786], [-97.40902, 33.35298], [-97.40629, 33.3581], [-97.40487, 33.36144], [-97.40411, 33.36322], [-97.40084, 33.36834], [-97.40028, 33.37346], [-97.40128, 33.37585], [-97.40243, 33.37858], [-97.40837, 33.3837], [-97.41052, 33.38882], [-97.41213, 33.39393], [-97.41537, 33.39719], [-97.41591, 33.39766]]}, "properties": {"operator": "Enbridge Pipelines (East Texas)", "pipe_type": "Intrastate"}}, {"type": "Feature", "geometry": {"type": "LineString", "coordinates": [[-97.39265, 33.38463], [-97.39646, 33.37997], [-97.40128, 33.37585]]}, "properties": {"operator": "Enbridge Pipelines (East Texas)", "pipe_type": "Intrastate"}}, {"type": "Feature", "geometry": {"type": "LineString", "coordinates": [[-97.42652, 33.3111], [-97.42639, 33.31682], [-97.42691, 33.32193], [-97.43287, 33.32426], [-97.43559, 33.32194]]}, "properties": {"operator": "Enbridge Pipelines (East Texas)", "pipe_type": "Intrastate"}}, {"type": "Feature", "geometry": {"type": "LineString", "coordinates": [[-97.4296, 33.33263], [-97.43287, 33.32426]]}, "properties": {"operator": "Enbridge Pipelines (East Texas)", "pipe_type": "Intrastate"}}, {"type": "Feature", "geometry": {"type": "LineString", "coordinates": [[-97.44777, 33.31417], [-97.44383, 33.31948]]}, "properties": {"operator": "Enbridge Pipelines (East Texas)", "pipe_type": "Intrastate"}}, {"type": "Feature", "geometry": {"type": "LineString", "coordinates": [[-97.44924, 33.32227], [-97.44208, 33.32706], [-97.44208, 33.32752], [-97.43882, 33.33263], [-97.43664, 33.33542], [-97.43555, 33.33774], [-97.43445, 33.34285], [-97.4339, 33.34797], [-97.4328, 33.35308], [-97.43224, 33.35819], [-97.43115, 33.36144], [-97.43006, 33.3633], [-97.42571, 33.36841], [-97.42517, 33.36841], [-97.423, 33.37073]]}, "properties": {"operator": "Enbridge Pipelines (East Texas)", "pipe_type": "Intrastate"}}, {"type": "Feature", "geometry": {"type": "LineString", "coordinates": [[-97.43656, 33.3661], [-97.43006, 33.3633]]}, "properties": {"operator": "Enbridge Pipelines (East Texas)", "pipe_type": "Intrastate"}}, {"type": "Feature", "geometry": {"type": "LineString", "coordinates": [[-97.45446, 33.3331], [-97.45843, 33.32739]]}, "properties": {"operator": "Enbridge Pipelines (East Texas)", "pipe_type": "Intrastate"}}, {"type": "Feature", "geometry": {"type": "LineString", "coordinates": [[-97.48224, 33.31968], [-97.47681, 33.3206], [-97.47084, 33.32198], [-97.46758, 33.32477], [-97.4654, 33.32755], [-97.46275, 33.33251]]}, "properties": {"operator": "Enbridge Pipelines (East Texas)", "pipe_type": "Intrastate"}}, {"type": "Feature", "geometry": {"type": "LineString", "coordinates": [[-97.44473, 33.35356], [-97.45119, 33.35396]]}, "properties": {"operator": "Enbridge Pipelines (East Texas)", "pipe_type": "Intrastate"}}, {"type": "Feature", "geometry": {"type": "LineString", "coordinates": [[-96.43403, 31.23405], [-96.42857, 31.23814], [-96.42584, 31.23905], [-96.42311, 31.24357], [-96.42311, 31.24402], [-96.41984, 31.24899], [-96.41711, 31.25261], [-96.41656, 31.25396], [-96.41165, 31.25849], [-96.40564, 31.25718], [-96.40019, 31.25271], [-96.39582, 31.24913], [-96.39473, 31.24869], [-96.38872, 31.24647], [-96.38326, 31.24515], [-96.38053, 31.24426], [-96.37726, 31.24383], [-96.3718, 31.24252], [-96.37125, 31.24207], [-96.3704, 31.24156]]}, "properties": {"operator": "Enbridge Pipelines (East Texas)", "pipe_type": "Intrastate"}}, {"type": "Feature", "geometry": {"type": "LineString", "coordinates": [[-97.36258, 33.25685], [-97.36705, 33.25943], [-97.37301, 33.26085], [-97.37843, 33.26367], [-97.38005, 33.26461], [-97.38439, 33.26416], [-97.38927, 33.26184], [-97.39252, 33.25999]]}, "properties": {"operator": "Enbridge Pipelines (East Texas)", "pipe_type": "Intrastate"}}, {"type": "Feature", "geometry": {"type": "LineString", "coordinates": [[-97.30039, 33.24184], [-97.30635, 33.23952], [-97.31177, 33.23953], [-97.31773, 33.23908], [-97.32315, 33.2391], [-97.32857, 33.23911], [-97.33453, 33.2396], [-97.33514, 33.2396], [-97.33995, 33.23961], [-97.34591, 33.23963], [-97.35133, 33.23964], [-97.35675, 33.24059], [-97.36271, 33.24107], [-97.36813, 33.24202], [-97.37166, 33.24258], [-97.37409, 33.24297], [-97.37951, 33.24345], [-97.38493, 33.24393], [-97.38927, 33.24301], [-97.39043, 33.24219]]}, "properties": {"operator": "Enbridge Pipelines (East Texas)", "pipe_type": "Intrastate"}}, {"type": "Feature", "geometry": {"type": "LineString", "coordinates": [[-97.39043, 33.24219], [-97.39523, 33.23882], [-97.39577, 33.23789], [-97.39826, 33.23517]]}, "properties": {"operator": "Enbridge Pipelines (East Texas)", "pipe_type": "Intrastate"}}, {"type": "Feature", "geometry": {"type": "LineString", "coordinates": [[-97.34537, 33.26884], [-97.35079, 33.26464], [-97.35187, 33.2637], [-97.35675, 33.2623], [-97.36118, 33.25891], [-97.36163, 33.25857], [-97.36217, 33.25763], [-97.36258, 33.25685], [-97.36434, 33.25344], [-97.36759, 33.24831], [-97.37138, 33.24318], [-97.37166, 33.24258], [-97.37355, 33.23851], [-97.37355, 33.23805], [-97.37464, 33.23292], [-97.37464, 33.22779], [-97.37572, 33.22266], [-97.37626, 33.21754], [-97.37789, 33.21241], [-97.37897, 33.21101], [-97.38114, 33.20727], [-97.38493, 33.20354], [-97.38547, 33.20214], [-97.39035, 33.19793], [-97.39089, 33.19793], [-97.39523, 33.1928], [-97.39577, 33.18767], [-97.39685, 33.1844], [-97.3974, 33.18253], [-97.40119, 33.1774], [-97.40227, 33.17739], [-97.40715, 33.17226], [-97.40769, 33.17225], [-97.41365, 33.16851], [-97.41528, 33.16711], [-97.41907, 33.16477], [-97.42449, 33.16243], [-97.42622, 33.16218], [-97.42775, 33.16196], [-97.43046, 33.16242], [-97.43587, 33.16427], [-97.4375, 33.16707], [-97.43936, 33.16907], [-97.44183, 33.17173], [-97.44336, 33.17177]]}, "properties": {"operator": "Enbridge Pipelines (East Texas)", "pipe_type": "Intrastate"}}, {"type": "Feature", "geometry": {"type": "LineString", "coordinates": [[-97.35729, 33.27294], [-97.36324, 33.27572], [-97.36865, 33.27619], [-97.37462, 33.27619], [-97.38003, 33.27711], [-97.38328, 33.27851], [-97.38545, 33.27897], [-97.38879, 33.28184]]}, "properties": {"operator": "Enbridge Pipelines (East Texas)", "pipe_type": "Intrastate"}}, {"type": "Feature", "geometry": {"type": "LineString", "coordinates": [[-97.38879, 33.28184], [-97.38923, 33.28222], [-97.39409, 33.28732], [-97.39463, 33.28778], [-97.39732, 33.29242], [-97.40002, 33.29613], [-97.40164, 33.29753], [-97.40597, 33.29845], [-97.41139, 33.29892], [-97.41734, 33.29985], [-97.42276, 33.30124], [-97.42709, 33.30263], [-97.42817, 33.30263], [-97.43413, 33.30402], [-97.43663, 33.30466], [-97.43954, 33.30541], [-97.4455, 33.30634], [-97.45092, 33.30634], [-97.45634, 33.30541], [-97.46231, 33.30263], [-97.46775, 33.29892], [-97.46884, 33.29753], [-97.47171, 33.29507], [-97.47373, 33.29335], [-97.47373, 33.29242], [-97.47916, 33.2901], [-97.48405, 33.28732], [-97.48459, 33.28686], [-97.49057, 33.28361], [-97.4907, 33.28351]]}, "properties": {"operator": "Enbridge Pipelines (East Texas)", "pipe_type": "Intrastate"}}, {"type": "Feature", "geometry": {"type": "LineString", "coordinates": [[-97.32803, 33.31144], [-97.33345, 33.30912], [-97.33453, 33.30634], [-97.33778, 33.30124], [-97.33941, 33.29799], [-97.34158, 33.29613], [-97.34244, 33.29576], [-97.34483, 33.29474], [-97.35025, 33.29335], [-97.35621, 33.29289], [-97.35652, 33.29286], [-97.36163, 33.29242], [-97.36759, 33.29242], [-97.37301, 33.29289], [-97.37843, 33.29335], [-97.38439, 33.29382], [-97.38818, 33.29613]]}, "properties": {"operator": "Enbridge Pipelines (East Texas)", "pipe_type": "Intrastate"}}, {"type": "Feature", "geometry": {"type": "LineString", "coordinates": [[-97.38818, 33.29613], [-97.39089, 33.29613]]}, "properties": {"operator": "Enbridge Pipelines (East Texas)", "pipe_type": "Intrastate"}}, {"type": "Feature", "geometry": {"type": "LineString", "coordinates": [[-97.35621, 33.30959], [-97.35675, 33.30773], [-97.36271, 33.30495], [-97.36651, 33.30495], [-97.36813, 33.30495], [-97.37409, 33.30448], [-97.37951, 33.30402], [-97.38493, 33.30402], [-97.38785, 33.30485]]}, "properties": {"operator": "Enbridge Pipelines (East Texas)", "pipe_type": "Intrastate"}}, {"type": "Feature", "geometry": {"type": "LineString", "coordinates": [[-97.38785, 33.30485], [-97.38818, 33.30495], [-97.39306, 33.31005]]}, "properties": {"operator": "Enbridge Pipelines (East Texas)", "pipe_type": "Intrastate"}}, {"type": "Feature", "geometry": {"type": "LineString", "coordinates": [[-97.38689, 33.3339], [-97.38687, 33.3339], [-97.3836, 33.33902], [-97.38251, 33.34042], [-97.38142, 33.34182], [-97.37762, 33.34414], [-97.37599, 33.34461], [-97.37328, 33.346]]}, "properties": {"operator": "Enbridge Pipelines (East Texas)", "pipe_type": "Intrastate"}}, {"type": "Feature", "geometry": {"type": "LineString", "coordinates": [[-97.40647, 33.31017], [-97.40482, 33.31529], [-97.4021, 33.32041], [-97.401, 33.32227], [-97.39774, 33.32553], [-97.39502, 33.32786], [-97.39284, 33.33065], [-97.38959, 33.33251], [-97.38689, 33.3339]]}, "properties": {"operator": "Enbridge Pipelines (East Texas)", "pipe_type": "Intrastate"}}, {"type": "Feature", "geometry": {"type": "LineString", "coordinates": [[-97.38251, 33.34042], [-97.38654, 33.34428]]}, "properties": {"operator": "Enbridge Pipelines (East Texas)", "pipe_type": "Intrastate"}}, {"type": "Feature", "geometry": {"type": "LineString", "coordinates": [[-97.38654, 33.34428], [-97.38737, 33.34507], [-97.39006, 33.35019], [-97.39276, 33.35438], [-97.39384, 33.35531], [-97.39816, 33.35857], [-97.40195, 33.36043], [-97.40487, 33.36144]]}, "properties": {"operator": "Enbridge Pipelines (East Texas)", "pipe_type": "Intrastate"}}, {"type": "Feature", "geometry": {"type": "LineString", "coordinates": [[-96.44742, 31.82798], [-96.44361, 31.83293], [-96.44197, 31.83428], [-96.4387, 31.83788], [-96.43652, 31.84058], [-96.43435, 31.84283], [-96.43053, 31.84643], [-96.42999, 31.84778], [-96.42508, 31.84958], [-96.42236, 31.85273], [-96.41909, 31.85543], [-96.41637, 31.85768], [-96.41364, 31.85903], [-96.4082, 31.86173], [-96.40656, 31.86263], [-96.4022, 31.86443], [-96.39675, 31.86713], [-96.39621, 31.86757], [-96.39076, 31.86937], [-96.3864, 31.87252], [-96.38531, 31.87252], [-96.37986, 31.87612], [-96.37714, 31.87747], [-96.37387, 31.87882], [-96.36951, 31.88242], [-96.36842, 31.88287], [-96.36243, 31.88287], [-96.35698, 31.88152], [-96.35154, 31.88241], [-96.34554, 31.88466], [-96.34009, 31.88691], [-96.339, 31.88736], [-96.3341, 31.88871], [-96.32865, 31.89096], [-96.32702, 31.89231], [-96.3232, 31.89456], [-96.31885, 31.89726], [-96.31721, 31.89816], [-96.31176, 31.90131], [-96.31067, 31.90221], [-96.30577, 31.90446], [-96.30087, 31.90716], [-96.30032, 31.90716], [-96.29487, 31.91031], [-96.2916, 31.91211], [-96.28888, 31.91301], [-96.28343, 31.91571], [-96.28016, 31.91706], [-96.27744, 31.91841], [-96.27199, 31.92155], [-96.27199, 31.92201], [-96.26654, 31.92516], [-96.26054, 31.9265], [-96.26054, 31.92696], [-96.25639, 31.92867], [-96.2551, 31.9292], [-96.25128, 31.93191], [-96.2491, 31.93235], [-96.24365, 31.93641], [-96.24311, 31.93686], [-96.24092, 31.94181], [-96.23983, 31.94676], [-96.2382, 31.95082], [-96.23765, 31.95172], [-96.23493, 31.95667], [-96.2322, 31.96027], [-96.23111, 31.96162], [-96.22675, 31.96567], [-96.2262, 31.96658], [-96.22348, 31.97153], [-96.22239, 31.97648], [-96.22293, 31.98144], [-96.22129, 31.98414], [-96.2153, 31.98594], [-96.21475, 31.98639], [-96.20985, 31.98729], [-96.20385, 31.98999], [-96.20004, 31.99134], [-96.1984, 31.99179], [-96.19295, 31.99404], [-96.18696, 31.99584], [-96.18696, 31.99629], [-96.18151, 31.99854], [-96.17715, 32.00124], [-96.17551, 32.00214], [-96.17352, 32.00362], [-96.17006, 32.0062], [-96.16461, 32.00935], [-96.16243, 32.01115], [-96.15861, 32.01385], [-96.15335, 32.01638], [-96.15274, 32.01668], [-96.14716, 32.01971], [-96.14553, 32.02106], [-96.14171, 32.02376], [-96.13735, 32.02601], [-96.13626, 32.02646], [-96.13026, 32.02961], [-96.12863, 32.03097], [-96.12481, 32.03187], [-96.11881, 32.03457], [-96.11663, 32.03592], [-96.11336, 32.03772], [-96.10954, 32.04087], [-96.10791, 32.04178], [-96.10191, 32.04448], [-96.10027, 32.04583], [-96.09646, 32.04898], [-96.09482, 32.05078], [-96.09046, 32.05394], [-96.08882, 32.05574], [-96.085, 32.05754], [-96.08228, 32.06069], [-96.08092, 32.06249]]}, "properties": {"operator": "Enbridge Pipelines (East Texas)", "pipe_type": "Intrastate"}}, {"type": "Feature", "geometry": {"type": "LineString", "coordinates": [[-96.39334, 31.84706], [-96.39585, 31.85032], [-96.39639, 31.85167], [-96.39966, 31.85527], [-96.40239, 31.85797], [-96.40348, 31.86022], [-96.40656, 31.86263]]}, "properties": {"operator": "Enbridge Pipelines (East Texas)", "pipe_type": "Intrastate"}}, {"type": "Feature", "geometry": {"type": "LineString", "coordinates": [[-96.39334, 31.84706], [-96.39203, 31.84536], [-96.39094, 31.84311], [-96.38494, 31.84041], [-96.38331, 31.83951], [-96.38222, 31.83906], [-96.37786, 31.83591], [-96.37513, 31.83411], [-96.37241, 31.83185], [-96.3675, 31.82915], [-96.36641, 31.82825], [-96.36096, 31.82555], [-96.35824, 31.8242], [-96.35496, 31.82195], [-96.35115, 31.81925], [-96.34951, 31.8179], [-96.34406, 31.8143], [-96.34406, 31.81385], [-96.33807, 31.80979], [-96.3348, 31.80934], [-96.33262, 31.80844], [-96.32662, 31.80529], [-96.32335, 31.80439], [-96.32117, 31.80169], [-96.31899, 31.79944], [-96.31572, 31.79448], [-96.31086, 31.79588], [-96.30541, 31.79588], [-96.29996, 31.79678], [-96.29396, 31.79678], [-96.28851, 31.79678], [-96.28252, 31.79678], [-96.27707, 31.79588], [-96.27162, 31.79588], [-96.26562, 31.79588], [-96.26017, 31.79633], [-96.25417, 31.79768], [-96.24872, 31.79813], [-96.24599, 31.80038], [-96.24327, 31.80128], [-96.23727, 31.80218], [-96.23182, 31.80218], [-96.22582, 31.80218], [-96.22037, 31.80218], [-96.21492, 31.80307], [-96.20892, 31.80352], [-96.20347, 31.80443], [-96.19748, 31.80443], [-96.19464, 31.80382]]}, "properties": {"operator": "Enbridge Pipelines (East Texas)", "pipe_type": "Intrastate"}}, {"type": "Feature", "geometry": {"type": "LineString", "coordinates": [[-96.40299, 31.61209], [-96.397, 31.61255], [-96.39155, 31.61256], [-96.38556, 31.61258], [-96.38012, 31.61259], [-96.37467, 31.6126], [-96.37107, 31.61206]]}, "properties": {"operator": "Enbridge Pipelines (East Texas)", "pipe_type": "Intrastate"}}, {"type": "Feature", "geometry": {"type": "LineString", "coordinates": [[-96.40883, 31.41182], [-96.44561, 31.41879], [-96.63151, 31.42465], [-96.64153, 31.42621], [-96.67141, 31.43663], [-96.72899, 31.43712], [-96.85019, 31.46584], [-96.98571, 31.46617]]}, "properties": {"operator": "Energy Transfer", "pipe_type": "Intrastate"}}, {"type": "Feature", "geometry": {"type": "LineString", "coordinates": [[-96.98571, 31.46617], [-96.98589, 31.48259], [-97.03664, 31.4811], [-97.03187, 31.50549], [-97.05014, 31.52717], [-97.04299, 31.55223], [-96.96526, 31.57467]]}, "properties": {"operator": "Energy Transfer", "pipe_type": "Intrastate"}}, {"type": "Feature", "geometry": {"type": "LineString", "coordinates": [[-96.98571, 31.46617], [-96.86478, 31.59519], [-96.80768, 31.60951]]}, "properties": {"operator": "Energy Transfer", "pipe_type": "Intrastate"}}, {"type": "Feature", "geometry": {"type": "LineString", "coordinates": [[-96.7718, 31.43938], [-96.78449, 31.4984], [-96.78805, 31.54547], [-96.80768, 31.60951]]}, "properties": {"operator": "Energy Transfer", "pipe_type": "Intrastate"}}, {"type": "Feature", "geometry": {"type": "LineString", "coordinates": [[-96.80768, 31.60951], [-96.74934, 31.61269], [-96.68514, 31.6136], [-96.63329, 31.60988], [-96.58815, 31.62505], [-96.56009, 31.64013], [-96.52554, 31.66108], [-96.49315, 31.67666], [-96.44325, 31.69201], [-96.43145, 31.69705], [-96.40914, 31.70865], [-96.38564, 31.71366], [-96.34499, 31.7218], [-96.20857, 31.7238], [-96.18368, 31.7296], [-96.12612, 31.75036], [-96.11858, 31.76125], [-96.08017, 31.78382], [-96.05784, 31.81908], [-96.01032, 31.84922]]}, "properties": {"operator": "Energy Transfer", "pipe_type": "Intrastate"}}, {"type": "Feature", "geometry": {"type": "LineString", "coordinates": [[-96.40883, 31.41182], [-96.49976, 31.58244], [-96.52938, 31.59584], [-96.56126, 31.64172]]}, "properties": {"operator": "Energy Transfer", "pipe_type": "Intrastate"}}, {"type": "Feature", "geometry": {"type": "LineString", "coordinates": [[-96.40883, 31.41182], [-96.41575, 31.3577], [-96.45481, 31.35023], [-96.49755, 31.34063], [-96.58221, 31.33359], [-96.59779, 31.34024], [-96.59529, 31.34743], [-96.58468, 31.35587]]}, "properties": {"operator": "Energy Transfer", "pipe_type": "Intrastate"}}, {"type": "Feature", "geometry": {"type": "LineString", "coordinates": [[-96.40883, 31.41182], [-96.40837, 31.41232], [-96.40808, 31.4125], [-96.40731, 31.41333], [-96.38533, 31.43335], [-96.37184, 31.44479], [-96.3564, 31.45839], [-96.35215, 31.46231], [-96.33253, 31.47961], [-96.33194, 31.47989], [-96.31737, 31.49291], [-96.31702, 31.4933], [-96.31689, 31.49339], [-96.31608, 31.49449], [-96.31542, 31.49545], [-96.31448, 31.49742], [-96.31325, 31.50001], [-96.31228, 31.50214], [-96.30503, 31.51095], [-96.30072, 31.51707], [-96.28488, 31.5375], [-96.26951, 31.55762], [-96.26376, 31.56713], [-96.25967, 31.57285], [-96.25817, 31.575], [-96.25605, 31.57795], [-96.25334, 31.58021], [-96.2488, 31.58397], [-96.24562, 31.58784], [-96.23619, 31.59937], [-96.23166, 31.61412], [-96.22434, 31.6296], [-96.22069, 31.64677], [-96.22054, 31.65624], [-96.21434, 31.70687], [-96.19568, 31.72695]]}, "properties": {"operator": "Energy Transfer", "pipe_type": "Intrastate"}}, {"type": "Feature", "geometry": {"type": "LineString", "coordinates": [[-96.7718, 31.43938], [-96.74692, 31.41542], [-96.70627, 31.3075], [-96.69484, 31.26984], [-96.65504, 31.17857], [-96.64323, 31.1464], [-96.62186, 31.07856], [-96.60916, 31.05923], [-96.58741, 30.99688], [-96.56481, 30.94678], [-96.5107, 30.80164], [-96.4754, 30.70332], [-96.42116, 30.58891], [-96.40002, 30.54686], [-96.42347, 30.52645], [-96.40843, 30.483]]}, "properties": {"operator": "Energy Transfer", "pipe_type": "Intrastate"}}, {"type": "Feature", "geometry": {"type": "LineString", "coordinates": [[-95.90292, 31.91293], [-95.95898, 31.89025], [-96.0381, 31.85517], [-96.14292, 31.96639], [-96.28818, 32.05776], [-96.37074, 32.11014], [-96.53116, 32.21289], [-96.64882, 32.25377], [-96.76473, 32.29019], [-96.80772, 32.31114], [-96.83479, 32.30439]]}, "properties": {"operator": "Energy Transfer", "pipe_type": "Intrastate"}}, {"type": "Feature", "geometry": {"type": "LineString", "coordinates": [[-96.32732, 32.04628], [-96.35474, 32.05513], [-96.38473, 32.07069], [-96.45133, 32.10975]]}, "properties": {"operator": "Energy Transfer", "pipe_type": "Intrastate"}}, {"type": "Feature", "geometry": {"type": "LineString", "coordinates": [[-96.83479, 32.30439], [-96.79932, 32.32853], [-96.78595, 32.33359], [-96.75093, 32.32667], [-96.74425, 32.3262], [-96.72419, 32.33679], [-96.72082, 32.34554], [-96.7191, 32.3604], [-96.69736, 32.37087], [-96.6589, 32.39216], [-96.62319, 32.42535], [-96.59937, 32.43929], [-96.52008, 32.47836], [-96.48662, 32.49999], [-96.42642, 32.53325], [-96.39928, 32.55374], [-96.38955, 32.57711], [-96.38448, 32.59323], [-96.35273, 32.606], [-96.33408, 32.59623], [-96.33187, 32.59364], [-96.3027, 32.59505], [-96.2843, 32.60725], [-96.26592, 32.61495], [-96.22417, 32.62254], [-96.17569, 32.64613], [-96.12218, 32.67386], [-96.10379, 32.68457], [-96.06419, 32.69912]]}, "properties": {"operator": "Energy Transfer", "pipe_type": "Intrastate"}}, {"type": "Feature", "geometry": {"type": "LineString", "coordinates": [[-96.06419, 32.69912], [-96.11035, 32.76483], [-96.11636, 32.77621], [-96.11775, 32.78004], [-96.12354, 32.79437], [-96.12317, 32.79631], [-96.12159, 32.80842], [-96.12907, 32.81488], [-96.12945, 32.81614], [-96.13479, 32.8253], [-96.13748, 32.83294], [-96.14274, 32.84027], [-96.14236, 32.84088], [-96.14564, 32.84546], [-96.15156, 32.8529], [-96.153, 32.86758], [-96.1534, 32.86952], [-96.16712, 32.92568], [-96.1681, 32.92613], [-96.16938, 32.93232], [-96.17231, 32.9452], [-96.17313, 32.94548], [-96.1756, 32.95605], [-96.18039, 32.97448], [-96.19126, 32.98924], [-96.22321, 33.02101], [-96.22316, 33.02181], [-96.22929, 33.03625], [-96.23384, 33.04261], [-96.23751, 33.04684], [-96.24121, 33.05087], [-96.24619, 33.05569], [-96.27056, 33.09662], [-96.27471, 33.10615], [-96.28436, 33.13819], [-96.28957, 33.15246], [-96.28948, 33.15415], [-96.29508, 33.16574], [-96.30752, 33.19013], [-96.37357, 33.22262], [-96.39051, 33.22672]]}, "properties": {"operator": "Energy Transfer", "pipe_type": "Intrastate"}}, {"type": "Feature", "geometry": {"type": "LineString", "coordinates": [[-96.27471, 33.10615], [-96.34255, 33.10839], [-96.35726, 33.09683], [-96.39804, 33.09635]]}, "properties": {"operator": "Energy Transfer", "pipe_type": "Intrastate"}}, {"type": "Feature", "geometry": {"type": "LineString", "coordinates": [[-96.80768, 31.60951], [-96.81985, 31.63225], [-96.85715, 31.71639], [-96.87894, 31.78443], [-96.92447, 31.93863], [-96.95419, 32.03239], [-96.95397, 32.09171], [-96.95578, 32.14398], [-96.9716, 32.20081], [-97.0114, 32.27909], [-97.03869, 32.29307]]}, "properties": {"operator": "Energy Transfer", "pipe_type": "Intrastate"}}, {"type": "Feature", "geometry": {"type": "LineString", "coordinates": [[-97.03869, 32.29307], [-96.83479, 32.30439]]}, "properties": {"operator": "Energy Transfer", "pipe_type": "Intrastate"}}, {"type": "Feature", "geometry": {"type": "LineString", "coordinates": [[-97.49192, 32.94713], [-97.534, 32.94825], [-97.54801, 32.95282], [-97.56802, 32.9614], [-97.58001, 32.96942], [-97.588, 32.97716], [-97.606, 32.9874], [-97.63, 32.99986], [-97.66025, 33.01997], [-97.95913, 33.02304]]}, "properties": {"operator": "Energy Transfer", "pipe_type": "Intrastate"}}, {"type": "Feature", "geometry": {"type": "LineString", "coordinates": [[-97.95913, 33.02304], [-97.96493, 33.21559], [-97.981, 33.27859], [-97.981, 33.31134], [-97.94349, 33.31108], [-97.89773, 33.31662], [-97.87806, 33.31775], [-97.86829, 33.33344]]}, "properties": {"operator": "Energy Transfer", "pipe_type": "Intrastate"}}, {"type": "Feature", "geometry": {"type": "LineString", "coordinates": [[-97.37219, 32.80757], [-97.40825, 32.81007], [-97.41548, 32.78744], [-97.40841, 32.76693]]}, "properties": {"operator": "Energy Transfer", "pipe_type": "Intrastate"}}, {"type": "Feature", "geometry": {"type": "LineString", "coordinates": [[-97.95913, 33.02304], [-98.12437, 33.03019], [-98.16865, 33.03493], [-98.18315, 33.03412], [-98.1887, 33.03499], [-98.19984, 33.04239], [-98.20874, 33.04517], [-98.24046, 33.04495], [-98.26092, 33.04816], [-98.27463, 33.05355], [-98.29444, 33.05409], [-98.31897, 33.05653], [-98.40624, 33.08847], [-98.53365, 33.10518], [-98.55198, 33.108], [-98.56817, 33.11123], [-98.60967, 33.13794]]}, "properties": {"operator": "Energy Transfer", "pipe_type": "Intrastate"}}, {"type": "Feature", "geometry": {"type": "LineString", "coordinates": [[-98.12437, 33.03019], [-98.12801, 33.12118], [-98.20698, 33.16514]]}, "properties": {"operator": "Energy Transfer", "pipe_type": "Intrastate"}}, {"type": "Feature", "geometry": {"type": "LineString", "coordinates": [[-96.39051, 33.22672], [-96.54415, 33.25367], [-96.64635, 33.26311], [-96.69355, 33.25697], [-96.7725, 33.23231], [-96.81221, 33.19887]]}, "properties": {"operator": "Energy Transfer", "pipe_type": "Intrastate"}}, {"type": "Feature", "geometry": {"type": "LineString", "coordinates": [[-96.30047, 33.18438], [-96.3364, 33.28995], [-96.40813, 33.51775], [-96.36767, 33.62854]]}, "properties": {"operator": "Energy Transfer", "pipe_type": "Intrastate"}}, {"type": "Feature", "geometry": {"type": "LineString", "coordinates": [[-97.03869, 32.29307], [-97.08089, 32.45652], [-97.09879, 32.49373], [-97.14877, 32.52776], [-97.17072, 32.55086], [-97.17052, 32.60658], [-97.20015, 32.72371], [-97.21317, 32.73298], [-97.24213, 32.75359], [-97.25002, 32.78651], [-97.25799, 32.79965]]}, "properties": {"operator": "Energy Transfer", "pipe_type": "Intrastate"}}, {"type": "Feature", "geometry": {"type": "LineString", "coordinates": [[-97.25799, 32.79965], [-97.27602, 32.8009], [-97.29808, 32.79703], [-97.32616, 32.79179], [-97.34018, 32.7921], [-97.36423, 32.79263], [-97.37219, 32.80757], [-97.372, 32.8579], [-97.38397, 32.87311], [-97.43401, 32.89097], [-97.45201, 32.90121], [-97.45327, 32.90705], [-97.45595, 32.91946], [-97.46391, 32.9344], [-97.49192, 32.94713]]}, "properties": {"operator": "Energy Transfer", "pipe_type": "Intrastate"}}, {"type": "Feature", "geometry": {"type": "LineString", "coordinates": [[-97.03187, 31.50549], [-96.89292, 31.59723], [-96.8545, 31.60747], [-96.81985, 31.63225]]}, "properties": {"operator": "Energy Transfer", "pipe_type": "Intrastate"}}, {"type": "Feature", "geometry": {"type": "LineString", "coordinates": [[-96.40106, 33.5222], [-96.4553, 33.53913], [-96.50111, 33.55525], [-96.56524, 33.57968], [-96.70781, 33.65895]]}, "properties": {"operator": "Energy Transfer", "pipe_type": "Intrastate"}}, {"type": "Feature", "geometry": {"type": "LineString", "coordinates": [[-96.96526, 31.57467], [-97.03346, 31.53259], [-97.12569, 31.09766], [-97.14825, 30.99874], [-97.15524, 30.97359], [-97.1588, 30.89697], [-97.15889, 30.8041], [-97.16592, 30.73732], [-97.16944, 30.68952], [-97.18691, 30.62343], [-97.20293, 30.60341], [-97.20437, 30.57015], [-97.2173, 30.5], [-97.21917, 30.49136], [-97.2197, 30.49107], [-97.22033, 30.48877], [-97.22282, 30.48094], [-97.22487, 30.47491], [-97.2264, 30.46803], [-97.22724, 30.46072], [-97.22697, 30.45671], [-97.22678, 30.44849], [-97.23405, 30.39363], [-97.25031, 30.32268], [-97.27366, 30.23139], [-97.29643, 30.17458], [-97.29303, 30.14421], [-97.34056, 30.10524], [-97.35797, 30.09999]]}, "properties": {"operator": "Energy Transfer", "pipe_type": "Intrastate"}}, {"type": "Feature", "geometry": {"type": "LineString", "coordinates": [[-94.26248, 32.18794], [-94.40133, 32.18816], [-94.50218, 32.11997], [-94.92273, 31.97908], [-95.07816, 31.91647], [-95.21529, 31.90082], [-95.45299, 31.90082], [-95.90097, 31.90082], [-96.09296, 31.76776], [-96.23924, 31.7208], [-96.37638, 31.79907], [-96.59622, 31.80511], [-96.7695, 31.84603], [-96.93406, 31.97126], [-97.21748, 32.06518], [-97.40033, 32.16693], [-97.51917, 32.26085], [-97.59135, 32.31431], [-97.59581, 32.29774]]}, "properties": {"operator": "Energy Transfer", "pipe_type": "Intrastate"}}, {"type": "Feature", "geometry": {"type": "LineString", "coordinates": [[-97.73131, 32.3393], [-97.72687, 32.38182], [-97.69564, 32.40286]]}, "properties": {"operator": "Energy Transfer", "pipe_type": "Intrastate"}}, {"type": "Feature", "geometry": {"type": "LineString", "coordinates": [[-97.73131, 32.3393], [-98.00436, 32.38047], [-98.1773, 32.35931], [-98.32154, 32.35085], [-98.41717, 32.35005], [-98.62252, 32.32433], [-98.85169, 32.32468], [-99.08971, 32.31217]]}, "properties": {"operator": "Energy Transfer", "pipe_type": "Intrastate"}}, {"type": "Feature", "geometry": {"type": "LineString", "coordinates": [[-99.08971, 32.31217], [-99.35108, 32.29178], [-99.75698, 32.28395], [-99.94257, 32.26452], [-100.06691, 32.25265], [-100.39699, 32.24256]]}, "properties": {"operator": "Energy Transfer", "pipe_type": "Intrastate"}}, {"type": "Feature", "geometry": {"type": "LineString", "coordinates": [[-97.45327, 32.90705], [-97.47799, 32.90712]]}, "properties": {"operator": "Energy Transfer", "pipe_type": "Intrastate"}}, {"type": "Feature", "geometry": {"type": "LineString", "coordinates": [[-96.11613, 31.43098], [-96.24587, 31.41622], [-96.38381, 31.41255], [-96.40688, 31.41154], [-96.40883, 31.41182]]}, "properties": {"operator": "Energy Transfer", "pipe_type": "Intrastate"}}, {"type": "Feature", "geometry": {"type": "LineString", "coordinates": [[-97.04125, 32.29237], [-97.07031, 32.29803], [-97.11369, 32.30325], [-97.18235, 32.31032], [-97.19672, 32.30559], [-97.23275, 32.30104], [-97.28326, 32.29986], [-97.35179, 32.29722], [-97.41656, 32.28322], [-97.46346, 32.282], [-97.51776, 32.29379], [-97.58663, 32.31541], [-97.69888, 32.34226], [-97.73131, 32.3393]]}, "properties": {"operator": "Energy Transfer", "pipe_type": "Intrastate"}}, {"type": "Feature", "geometry": {"type": "LineString", "coordinates": [[-93.8805, 30.39807], [-93.91975, 30.41396], [-93.99935, 30.54678], [-94.17305, 30.5546], [-94.41076, 30.60157], [-94.89185, 30.91775], [-95.00501, 30.94595], [-95.17872, 30.96943], [-95.37071, 31.11814], [-95.60841, 31.26685], [-95.79126, 31.36859], [-96.09478, 31.43408], [-96.24033, 31.41738], [-96.40912, 31.4153], [-96.34307, 31.46851], [-96.31372, 31.49564], [-96.2599, 31.57182], [-96.23911, 31.5906], [-96.22443, 31.63442], [-96.21342, 31.70642], [-96.19752, 31.72312]]}, "properties": {"operator": "Energy Transfer", "pipe_type": "Intrastate"}}, {"type": "Feature", "geometry": {"type": "LineString", "coordinates": [[-97.59224, 32.31582], [-97.60146, 32.42522], [-97.6106, 32.50348], [-97.64717, 32.69916], [-97.72945, 32.84004], [-97.68374, 33.02788]]}, "properties": {"operator": "Energy Transfer", "pipe_type": "Intrastate"}}, {"type": "Feature", "geometry": {"type": "LineString", "coordinates": [[-97.6726, 32.54556], [-97.53989, 32.56606], [-97.50396, 32.58114], [-97.48959, 32.61131], [-97.46636, 32.56891], [-97.41814, 32.58397]]}, "properties": {"operator": "Energy Transfer", "pipe_type": "Intrastate"}}, {"type": "Feature", "geometry": {"type": "LineString", "coordinates": [[-97.58317, 32.31564], [-97.46432, 32.35477], [-97.40033, 32.40174], [-97.41861, 32.55044], [-97.40033, 32.67567], [-97.34226, 32.79351]]}, "properties": {"operator": "Energy Transfer", "pipe_type": "Intrastate"}}, {"type": "Feature", "geometry": {"type": "LineString", "coordinates": [[-97.59939, 32.39714], [-97.4824, 32.42732], [-97.40337, 32.46351], [-97.34761, 32.40919], [-97.27763, 32.39112], [-97.22734, 32.39715], [-97.19141, 32.41224], [-97.13752, 32.43033], [-97.06567, 32.43636]]}, "properties": {"operator": "Energy Transfer", "pipe_type": "Intrastate"}}, {"type": "Feature", "geometry": {"type": "LineString", "coordinates": [[-97.16548, 32.56969], [-97.0815, 32.58921], [-97.06823, 32.60063], [-97.06139, 32.62512], [-97.05259, 32.60965], [-97.0262, 32.63543]]}, "properties": {"operator": "Energy Transfer", "pipe_type": "Intrastate"}}, {"type": "Feature", "geometry": {"type": "LineString", "coordinates": [[-97.0762, 32.97023], [-97.13923, 33.03032], [-97.39978, 33.11501], [-97.46803, 33.12708], [-97.53989, 33.13914], [-97.57222, 33.0758], [-97.66574, 33.02092]]}, "properties": {"operator": "Energy Transfer", "pipe_type": "Intrastate"}}, {"type": "Feature", "geometry": {"type": "LineString", "coordinates": [[-96.79764, 33.20026], [-96.95648, 33.25998], [-97.06214, 33.2809], [-97.11094, 33.26731], [-97.19256, 33.21265], [-97.25608, 33.06977], [-97.13752, 33.06675]]}, "properties": {"operator": "Energy Transfer", "pipe_type": "Intrastate"}}, {"type": "Feature", "geometry": {"type": "LineString", "coordinates": [[-96.83479, 32.30439], [-96.7911, 32.35145], [-96.75526, 32.34519], [-96.71224, 32.37962], [-96.65488, 32.41405], [-96.58319, 32.47039], [-96.56481, 32.54844], [-96.52198, 32.62516], [-96.4649, 32.68637], [-96.43652, 32.73415], [-96.41112, 32.80218], [-96.38245, 32.86478], [-96.3932, 32.96181], [-96.32299, 33.05054], [-96.29622, 33.12514], [-96.37886, 33.13396], [-96.50074, 33.14022], [-96.61545, 33.14961], [-96.74092, 33.16213], [-96.79764, 33.20026]]}, "properties": {"operator": "Energy Transfer", "pipe_type": "Intrastate"}}, {"type": "Feature", "geometry": {"type": "LineString", "coordinates": [[-97.94093, 32.48397], [-97.9321, 32.49357]]}, "properties": {"operator": "Coral Energy Pipeline Co", "pipe_type": "Intrastate"}}, {"type": "Feature", "geometry": {"type": "LineString", "coordinates": [[-97.94093, 32.48397], [-97.93338, 32.47315]]}, "properties": {"operator": "Coral Energy Pipeline Co", "pipe_type": "Intrastate"}}, {"type": "Feature", "geometry": {"type": "LineString", "coordinates": [[-97.95226, 32.47795], [-97.94093, 32.48397]]}, "properties": {"operator": "Coral Energy Pipeline Co", "pipe_type": "Intrastate"}}, {"type": "Feature", "geometry": {"type": "LineString", "coordinates": [[-97.9728, 32.48403], [-97.95226, 32.47795]]}, "properties": {"operator": "Coral Energy Pipeline Co", "pipe_type": "Intrastate"}}, {"type": "Feature", "geometry": {"type": "LineString", "coordinates": [[-97.94976, 32.50438], [-97.93971, 32.51642]]}, "properties": {"operator": "Coral Energy Pipeline Co", "pipe_type": "Intrastate"}}, {"type": "Feature", "geometry": {"type": "LineString", "coordinates": [[-97.96608, 32.49722], [-97.94976, 32.50438]]}, "properties": {"operator": "Coral Energy Pipeline Co", "pipe_type": "Intrastate"}}, {"type": "Feature", "geometry": {"type": "LineString", "coordinates": [[-97.9728, 32.48403], [-97.96608, 32.49722]]}, "properties": {"operator": "Coral Energy Pipeline Co", "pipe_type": "Intrastate"}}, {"type": "Feature", "geometry": {"type": "LineString", "coordinates": [[-98.26022, 32.88749], [-98.24262, 32.88512]]}, "properties": {"operator": "Coral Energy Pipeline Co", "pipe_type": "Intrastate"}}, {"type": "Feature", "geometry": {"type": "LineString", "coordinates": [[-98.25645, 32.90547], [-98.26022, 32.88749]]}, "properties": {"operator": "Coral Energy Pipeline Co", "pipe_type": "Intrastate"}}, {"type": "Feature", "geometry": {"type": "LineString", "coordinates": [[-98.2137, 32.9079], [-98.25645, 32.90547]]}, "properties": {"operator": "Coral Energy Pipeline Co", "pipe_type": "Intrastate"}}, {"type": "Feature", "geometry": {"type": "LineString", "coordinates": [[-98.17728, 32.89229], [-98.2137, 32.9079]]}, "properties": {"operator": "Coral Energy Pipeline Co", "pipe_type": "Intrastate"}}, {"type": "Feature", "geometry": {"type": "LineString", "coordinates": [[-98.17101, 32.9079], [-98.17728, 32.89229]]}, "properties": {"operator": "Coral Energy Pipeline Co", "pipe_type": "Intrastate"}}, {"type": "Feature", "geometry": {"type": "LineString", "coordinates": [[-98.17101, 32.9079], [-98.1785, 32.92109]]}, "properties": {"operator": "Coral Energy Pipeline Co", "pipe_type": "Intrastate"}}, {"type": "Feature", "geometry": {"type": "LineString", "coordinates": [[-98.15085, 32.8983], [-98.17101, 32.9079]]}, "properties": {"operator": "Coral Energy Pipeline Co", "pipe_type": "Intrastate"}}, {"type": "Feature", "geometry": {"type": "LineString", "coordinates": [[-98.13952, 32.79142], [-98.15085, 32.8983]]}, "properties": {"operator": "Coral Energy Pipeline Co", "pipe_type": "Intrastate"}}, {"type": "Feature", "geometry": {"type": "LineString", "coordinates": [[-98.1207, 32.75059], [-98.13952, 32.79142]]}, "properties": {"operator": "Coral Energy Pipeline Co", "pipe_type": "Intrastate"}}, {"type": "Feature", "geometry": {"type": "LineString", "coordinates": [[-98.1081, 32.66771], [-98.1207, 32.75059]]}, "properties": {"operator": "Coral Energy Pipeline Co", "pipe_type": "Intrastate"}}, {"type": "Feature", "geometry": {"type": "LineString", "coordinates": [[-98.09109, 32.64242], [-98.1081, 32.66771]]}, "properties": {"operator": "Coral Energy Pipeline Co", "pipe_type": "Intrastate"}}, {"type": "Feature", "geometry": {"type": "LineString", "coordinates": [[-98.09109, 32.64242], [-98.06423, 32.665]]}, "properties": {"operator": "Coral Energy Pipeline Co", "pipe_type": "Intrastate"}}, {"type": "Feature", "geometry": {"type": "LineString", "coordinates": [[-98.06559, 32.61888], [-98.09109, 32.64242]]}, "properties": {"operator": "Coral Energy Pipeline Co", "pipe_type": "Intrastate"}}, {"type": "Feature", "geometry": {"type": "LineString", "coordinates": [[-98.05421, 32.61971], [-98.06559, 32.61888]]}, "properties": {"operator": "Coral Energy Pipeline Co", "pipe_type": "Intrastate"}}, {"type": "Feature", "geometry": {"type": "LineString", "coordinates": [[-98.04338, 32.57656], [-98.05421, 32.61971]]}, "properties": {"operator": "Coral Energy Pipeline Co", "pipe_type": "Intrastate"}}, {"type": "Feature", "geometry": {"type": "LineString", "coordinates": [[-98.02258, 32.56145], [-98.04338, 32.57656]]}, "properties": {"operator": "Coral Energy Pipeline Co", "pipe_type": "Intrastate"}}, {"type": "Feature", "geometry": {"type": "LineString", "coordinates": [[-97.99283, 32.53446], [-98.02258, 32.56145]]}, "properties": {"operator": "Coral Energy Pipeline Co", "pipe_type": "Intrastate"}}, {"type": "Feature", "geometry": {"type": "LineString", "coordinates": [[-97.96444, 32.56053], [-97.9264, 32.5897]]}, "properties": {"operator": "Coral Energy Pipeline Co", "pipe_type": "Intrastate"}}, {"type": "Feature", "geometry": {"type": "LineString", "coordinates": [[-98.23475, 32.57286], [-98.24224, 32.59091]]}, "properties": {"operator": "Coral Energy Pipeline Co", "pipe_type": "Intrastate"}}, {"type": "Feature", "geometry": {"type": "LineString", "coordinates": [[-98.21338, 32.56691], [-98.23475, 32.57286]]}, "properties": {"operator": "Coral Energy Pipeline Co", "pipe_type": "Intrastate"}}, {"type": "Feature", "geometry": {"type": "LineString", "coordinates": [[-98.23098, 32.54406], [-98.25101, 32.54048]]}, "properties": {"operator": "Coral Energy Pipeline Co", "pipe_type": "Intrastate"}}, {"type": "Feature", "geometry": {"type": "LineString", "coordinates": [[-98.23098, 32.54406], [-98.21843, 32.53446]]}, "properties": {"operator": "Coral Energy Pipeline Co", "pipe_type": "Intrastate"}}, {"type": "Feature", "geometry": {"type": "LineString", "coordinates": [[-98.21338, 32.56691], [-98.23098, 32.54406]]}, "properties": {"operator": "Coral Energy Pipeline Co", "pipe_type": "Intrastate"}}, {"type": "Feature", "geometry": {"type": "LineString", "coordinates": [[-98.1984, 32.58733], [-98.18963, 32.57651]]}, "properties": {"operator": "Coral Energy Pipeline Co", "pipe_type": "Intrastate"}}, {"type": "Feature", "geometry": {"type": "LineString", "coordinates": [[-98.2071, 32.58368], [-98.1984, 32.58733]]}, "properties": {"operator": "Coral Energy Pipeline Co", "pipe_type": "Intrastate"}}, {"type": "Feature", "geometry": {"type": "LineString", "coordinates": [[-98.21338, 32.56691], [-98.2071, 32.58368]]}, "properties": {"operator": "Coral Energy Pipeline Co", "pipe_type": "Intrastate"}}, {"type": "Feature", "geometry": {"type": "LineString", "coordinates": [[-98.18586, 32.56205], [-98.21338, 32.56691]]}, "properties": {"operator": "Coral Energy Pipeline Co", "pipe_type": "Intrastate"}}, {"type": "Feature", "geometry": {"type": "LineString", "coordinates": [[-98.18586, 32.56205], [-98.16826, 32.57286]]}, "properties": {"operator": "Coral Energy Pipeline Co", "pipe_type": "Intrastate"}}, {"type": "Feature", "geometry": {"type": "LineString", "coordinates": [[-98.19712, 32.54643], [-98.20333, 32.52006]]}, "properties": {"operator": "Coral Energy Pipeline Co", "pipe_type": "Intrastate"}}, {"type": "Feature", "geometry": {"type": "LineString", "coordinates": [[-98.18586, 32.56205], [-98.19712, 32.54643]]}, "properties": {"operator": "Coral Energy Pipeline Co", "pipe_type": "Intrastate"}}, {"type": "Feature", "geometry": {"type": "LineString", "coordinates": [[-98.16826, 32.55968], [-98.18586, 32.56205]]}, "properties": {"operator": "Coral Energy Pipeline Co", "pipe_type": "Intrastate"}}, {"type": "Feature", "geometry": {"type": "LineString", "coordinates": [[-98.13318, 32.58611], [-98.16826, 32.55968]]}, "properties": {"operator": "Coral Energy Pipeline Co", "pipe_type": "Intrastate"}}, {"type": "Feature", "geometry": {"type": "LineString", "coordinates": [[-98.08806, 32.5993], [-98.13318, 32.58611]]}, "properties": {"operator": "Coral Energy Pipeline Co", "pipe_type": "Intrastate"}}, {"type": "Feature", "geometry": {"type": "LineString", "coordinates": [[-98.06622, 32.5875], [-98.08806, 32.5993]]}, "properties": {"operator": "Coral Energy Pipeline Co", "pipe_type": "Intrastate"}}, {"type": "Feature", "geometry": {"type": "LineString", "coordinates": [[-98.05785, 32.56988], [-98.06388, 32.56549]]}, "properties": {"operator": "Coral Energy Pipeline Co", "pipe_type": "Intrastate"}}, {"type": "Feature", "geometry": {"type": "LineString", "coordinates": [[-98.06127, 32.58192], [-98.05857, 32.58854]]}, "properties": {"operator": "Coral Energy Pipeline Co", "pipe_type": "Intrastate"}}, {"type": "Feature", "geometry": {"type": "LineString", "coordinates": [[-98.06127, 32.58192], [-98.06622, 32.5875]]}, "properties": {"operator": "Coral Energy Pipeline Co", "pipe_type": "Intrastate"}}, {"type": "Feature", "geometry": {"type": "LineString", "coordinates": [[-98.05785, 32.56988], [-98.06127, 32.58192]]}, "properties": {"operator": "Coral Energy Pipeline Co", "pipe_type": "Intrastate"}}, {"type": "Feature", "geometry": {"type": "LineString", "coordinates": [[-98.05461, 32.56205], [-98.05785, 32.56988]]}, "properties": {"operator": "Coral Energy Pipeline Co", "pipe_type": "Intrastate"}}, {"type": "Feature", "geometry": {"type": "LineString", "coordinates": [[-98.04672, 32.53926], [-98.05461, 32.56205]]}, "properties": {"operator": "Coral Energy Pipeline Co", "pipe_type": "Intrastate"}}, {"type": "Feature", "geometry": {"type": "LineString", "coordinates": [[-98.03296, 32.52966], [-98.04672, 32.53926]]}, "properties": {"operator": "Coral Energy Pipeline Co", "pipe_type": "Intrastate"}}, {"type": "Feature", "geometry": {"type": "LineString", "coordinates": [[-98.0041, 32.51763], [-98.03296, 32.52966]]}, "properties": {"operator": "Coral Energy Pipeline Co", "pipe_type": "Intrastate"}}, {"type": "Feature", "geometry": {"type": "LineString", "coordinates": [[-97.9728, 32.48403], [-98.0041, 32.51763]]}, "properties": {"operator": "Coral Energy Pipeline Co", "pipe_type": "Intrastate"}}, {"type": "Feature", "geometry": {"type": "LineString", "coordinates": [[-97.95526, 32.38074], [-97.94022, 32.39392]]}, "properties": {"operator": "Coral Energy Pipeline Co", "pipe_type": "Intrastate"}}, {"type": "Feature", "geometry": {"type": "LineString", "coordinates": [[-97.96275, 32.3783], [-97.95526, 32.38074]]}, "properties": {"operator": "Coral Energy Pipeline Co", "pipe_type": "Intrastate"}}, {"type": "Feature", "geometry": {"type": "LineString", "coordinates": [[-97.97152, 32.3879], [-97.96275, 32.3783]]}, "properties": {"operator": "Coral Energy Pipeline Co", "pipe_type": "Intrastate"}}, {"type": "Feature", "geometry": {"type": "LineString", "coordinates": [[-97.96397, 32.4672], [-97.97152, 32.3879]]}, "properties": {"operator": "Coral Energy Pipeline Co", "pipe_type": "Intrastate"}}, {"type": "Feature", "geometry": {"type": "LineString", "coordinates": [[-97.9728, 32.48403], [-97.96397, 32.4672]]}, "properties": {"operator": "Coral Energy Pipeline Co", "pipe_type": "Intrastate"}}, {"type": "Feature", "geometry": {"type": "LineString", "coordinates": [[-97.99283, 32.53446], [-97.96444, 32.56053]]}, "properties": {"operator": "Coral Energy Pipeline Co", "pipe_type": "Intrastate"}}, {"type": "Feature", "geometry": {"type": "LineString", "coordinates": [[-98.0041, 32.51763], [-97.99283, 32.53446]]}, "properties": {"operator": "Coral Energy Pipeline Co", "pipe_type": "Intrastate"}}, {"type": "Feature", "geometry": {"type": "LineString", "coordinates": [[-98.01414, 32.48762], [-98.0041, 32.51763]]}, "properties": {"operator": "Coral Energy Pipeline Co", "pipe_type": "Intrastate"}}, {"type": "Feature", "geometry": {"type": "LineString", "coordinates": [[-98.05709, 32.48645], [-98.01414, 32.48762]]}, "properties": {"operator": "Coral Energy Pipeline Co", "pipe_type": "Intrastate"}}, {"type": "Feature", "geometry": {"type": "LineString", "coordinates": [[-97.99411, 32.47078], [-97.9728, 32.48403]]}, "properties": {"operator": "Coral Energy Pipeline Co", "pipe_type": "Intrastate"}}, {"type": "Feature", "geometry": {"type": "LineString", "coordinates": [[-98.01286, 32.47802], [-97.99411, 32.47078]]}, "properties": {"operator": "Coral Energy Pipeline Co", "pipe_type": "Intrastate"}}, {"type": "Feature", "geometry": {"type": "LineString", "coordinates": [[-98.05134, 32.4731], [-98.01286, 32.47802]]}, "properties": {"operator": "Coral Energy Pipeline Co", "pipe_type": "Intrastate"}}, {"type": "Feature", "geometry": {"type": "LineString", "coordinates": [[-98.11565, 32.56326], [-98.13318, 32.58611]]}, "properties": {"operator": "Coral Energy Pipeline Co", "pipe_type": "Intrastate"}}, {"type": "Feature", "geometry": {"type": "LineString", "coordinates": [[-98.11494, 32.51161], [-98.11565, 32.56326]]}, "properties": {"operator": "Coral Energy Pipeline Co", "pipe_type": "Intrastate"}}, {"type": "Feature", "geometry": {"type": "LineString", "coordinates": [[-98.10682, 32.51161], [-98.11565, 32.56326]]}, "properties": {"operator": "Coral Energy Pipeline Co", "pipe_type": "Intrastate"}}, {"type": "Feature", "geometry": {"type": "LineString", "coordinates": [[-98.11066, 32.4864], [-98.11494, 32.51161]]}, "properties": {"operator": "Coral Energy Pipeline Co", "pipe_type": "Intrastate"}}, {"type": "Feature", "geometry": {"type": "LineString", "coordinates": [[-98.11066, 32.4864], [-98.10682, 32.51161]]}, "properties": {"operator": "Coral Energy Pipeline Co", "pipe_type": "Intrastate"}}, {"type": "Feature", "geometry": {"type": "LineString", "coordinates": [[-98.10061, 32.45523], [-98.11315, 32.45395]]}, "properties": {"operator": "Coral Energy Pipeline Co", "pipe_type": "Intrastate"}}, {"type": "Feature", "geometry": {"type": "LineString", "coordinates": [[-98.10316, 32.47135], [-98.10061, 32.45523]]}, "properties": {"operator": "Coral Energy Pipeline Co", "pipe_type": "Intrastate"}}, {"type": "Feature", "geometry": {"type": "LineString", "coordinates": [[-98.11066, 32.4864], [-98.10316, 32.47135]]}, "properties": {"operator": "Coral Energy Pipeline Co", "pipe_type": "Intrastate"}}, {"type": "Feature", "geometry": {"type": "LineString", "coordinates": [[-98.10316, 32.47135], [-98.05134, 32.4731]]}, "properties": {"operator": "Coral Energy Pipeline Co", "pipe_type": "Intrastate"}}, {"type": "Feature", "geometry": {"type": "LineString", "coordinates": [[-98.26106, 32.46605], [-98.10316, 32.47135]]}, "properties": {"operator": "Coral Energy Pipeline Co", "pipe_type": "Intrastate"}}, {"type": "Feature", "geometry": {"type": "LineString", "coordinates": [[-98.23098, 32.44442], [-98.24595, 32.4528]]}, "properties": {"operator": "Coral Energy Pipeline Co", "pipe_type": "Intrastate"}}, {"type": "Feature", "geometry": {"type": "LineString", "coordinates": [[-98.23846, 32.43002], [-98.23098, 32.44442]]}, "properties": {"operator": "Coral Energy Pipeline Co", "pipe_type": "Intrastate"}}, {"type": "Feature", "geometry": {"type": "LineString", "coordinates": [[-98.11066, 32.4864], [-98.05709, 32.48645]]}, "properties": {"operator": "Coral Energy Pipeline Co", "pipe_type": "Intrastate"}}, {"type": "Feature", "geometry": {"type": "LineString", "coordinates": [[-98.24224, 32.49005], [-98.11066, 32.4864]]}, "properties": {"operator": "Coral Energy Pipeline Co", "pipe_type": "Intrastate"}}, {"type": "Feature", "geometry": {"type": "LineString", "coordinates": [[-98.27232, 32.48525], [-98.24224, 32.49005]]}, "properties": {"operator": "Coral Energy Pipeline Co", "pipe_type": "Intrastate"}}, {"type": "Feature", "geometry": {"type": "LineString", "coordinates": [[-98.27859, 32.472], [-98.27232, 32.48525]]}, "properties": {"operator": "Coral Energy Pipeline Co", "pipe_type": "Intrastate"}}, {"type": "Feature", "geometry": {"type": "LineString", "coordinates": [[-98.28109, 32.44557], [-98.27859, 32.472]]}, "properties": {"operator": "Coral Energy Pipeline Co", "pipe_type": "Intrastate"}}, {"type": "Feature", "geometry": {"type": "LineString", "coordinates": [[-98.23846, 32.43002], [-98.24845, 32.41075]]}, "properties": {"operator": "Coral Energy Pipeline Co", "pipe_type": "Intrastate"}}, {"type": "Feature", "geometry": {"type": "LineString", "coordinates": [[-98.23846, 32.43002], [-98.21843, 32.43117]]}, "properties": {"operator": "Coral Energy Pipeline Co", "pipe_type": "Intrastate"}}, {"type": "Feature", "geometry": {"type": "LineString", "coordinates": [[-98.1959, 32.35187], [-98.19712, 32.3303]]}, "properties": {"operator": "Coral Energy Pipeline Co", "pipe_type": "Intrastate"}}, {"type": "Feature", "geometry": {"type": "LineString", "coordinates": [[-98.2096, 32.35789], [-98.1959, 32.35187]]}, "properties": {"operator": "Coral Energy Pipeline Co", "pipe_type": "Intrastate"}}, {"type": "Feature", "geometry": {"type": "LineString", "coordinates": [[-98.20589, 32.37114], [-98.2096, 32.35789]]}, "properties": {"operator": "Coral Energy Pipeline Co", "pipe_type": "Intrastate"}}, {"type": "Feature", "geometry": {"type": "LineString", "coordinates": [[-98.21088, 32.40954], [-98.20589, 32.37114]]}, "properties": {"operator": "Coral Energy Pipeline Co", "pipe_type": "Intrastate"}}, {"type": "Feature", "geometry": {"type": "LineString", "coordinates": [[-98.21088, 32.40954], [-98.19213, 32.40954]]}, "properties": {"operator": "Coral Energy Pipeline Co", "pipe_type": "Intrastate"}}, {"type": "Feature", "geometry": {"type": "LineString", "coordinates": [[-98.21843, 32.43117], [-98.21088, 32.40954]]}, "properties": {"operator": "Coral Energy Pipeline Co", "pipe_type": "Intrastate"}}, {"type": "Feature", "geometry": {"type": "LineString", "coordinates": [[-98.21466, 32.45395], [-98.21843, 32.43117]]}, "properties": {"operator": "Coral Energy Pipeline Co", "pipe_type": "Intrastate"}}, {"type": "Feature", "geometry": {"type": "LineString", "coordinates": [[-98.28109, 32.44557], [-98.23846, 32.43002]]}, "properties": {"operator": "Coral Energy Pipeline Co", "pipe_type": "Intrastate"}}, {"type": "Feature", "geometry": {"type": "LineString", "coordinates": [[-98.17581, 32.43597], [-98.1808, 32.45395]]}, "properties": {"operator": "Coral Energy Pipeline Co", "pipe_type": "Intrastate"}}, {"type": "Feature", "geometry": {"type": "LineString", "coordinates": [[-98.1808, 32.43002], [-98.17581, 32.43597]]}, "properties": {"operator": "Coral Energy Pipeline Co", "pipe_type": "Intrastate"}}, {"type": "Feature", "geometry": {"type": "LineString", "coordinates": [[-98.18963, 32.43238], [-98.1808, 32.43002]]}, "properties": {"operator": "Coral Energy Pipeline Co", "pipe_type": "Intrastate"}}, {"type": "Feature", "geometry": {"type": "LineString", "coordinates": [[-98.19962, 32.44557], [-98.18963, 32.43238]]}, "properties": {"operator": "Coral Energy Pipeline Co", "pipe_type": "Intrastate"}}, {"type": "Feature", "geometry": {"type": "LineString", "coordinates": [[-98.21466, 32.45395], [-98.19962, 32.44557]]}, "properties": {"operator": "Coral Energy Pipeline Co", "pipe_type": "Intrastate"}}, {"type": "Feature", "geometry": {"type": "LineString", "coordinates": [[-98.23475, 32.44678], [-98.21466, 32.45395]]}, "properties": {"operator": "Coral Energy Pipeline Co", "pipe_type": "Intrastate"}}, {"type": "Feature", "geometry": {"type": "LineString", "coordinates": [[-98.28109, 32.44557], [-98.23475, 32.44678]]}, "properties": {"operator": "Coral Energy Pipeline Co", "pipe_type": "Intrastate"}}, {"type": "Feature", "geometry": {"type": "LineString", "coordinates": [[-98.28109, 32.44557], [-98.28109, 32.41312]]}, "properties": {"operator": "Coral Energy Pipeline Co", "pipe_type": "Intrastate"}}, {"type": "Feature", "geometry": {"type": "LineString", "coordinates": [[-98.28109, 32.44557], [-98.26106, 32.46605]]}, "properties": {"operator": "Coral Energy Pipeline Co", "pipe_type": "Intrastate"}}, {"type": "Feature", "geometry": {"type": "LineString", "coordinates": [[-98.32243, 32.42515], [-98.28109, 32.44557]]}, "properties": {"operator": "Coral Energy Pipeline Co", "pipe_type": "Intrastate"}}, {"type": "Feature", "geometry": {"type": "LineString", "coordinates": [[-98.34374, 32.43597], [-98.32243, 32.42515]]}, "properties": {"operator": "Coral Energy Pipeline Co", "pipe_type": "Intrastate"}}, {"type": "Feature", "geometry": {"type": "LineString", "coordinates": [[-98.37504, 32.43834], [-98.34374, 32.43597]]}, "properties": {"operator": "Coral Energy Pipeline Co", "pipe_type": "Intrastate"}}, {"type": "Feature", "geometry": {"type": "LineString", "coordinates": [[-98.39136, 32.4336], [-98.37504, 32.43834]]}, "properties": {"operator": "Coral Energy Pipeline Co", "pipe_type": "Intrastate"}}, {"type": "Feature", "geometry": {"type": "LineString", "coordinates": [[-98.41517, 32.41197], [-98.39136, 32.4336]]}, "properties": {"operator": "Coral Energy Pipeline Co", "pipe_type": "Intrastate"}}, {"type": "Feature", "geometry": {"type": "LineString", "coordinates": [[-98.43898, 32.38554], [-98.41517, 32.41197]]}, "properties": {"operator": "Coral Energy Pipeline Co", "pipe_type": "Intrastate"}}, {"type": "Feature", "geometry": {"type": "LineString", "coordinates": [[-98.47462, 32.36536], [-98.43898, 32.38554]]}, "properties": {"operator": "Coral Energy Pipeline Co", "pipe_type": "Intrastate"}}, {"type": "Feature", "geometry": {"type": "LineString", "coordinates": [[-98.56301, 32.33267], [-98.47462, 32.36536]]}, "properties": {"operator": "Coral Energy Pipeline Co", "pipe_type": "Intrastate"}}, {"type": "Feature", "geometry": {"type": "LineString", "coordinates": [[-98.56301, 32.33267], [-98.58182, 32.3495]]}, "properties": {"operator": "Coral Energy Pipeline Co", "pipe_type": "Intrastate"}}, {"type": "Feature", "geometry": {"type": "LineString", "coordinates": [[-98.56301, 32.33267], [-98.56173, 32.31827]]}, "properties": {"operator": "Coral Energy Pipeline Co", "pipe_type": "Intrastate"}}, {"type": "Feature", "geometry": {"type": "LineString", "coordinates": [[-98.63949, 32.3111], [-98.56301, 32.33267]]}, "properties": {"operator": "Coral Energy Pipeline Co", "pipe_type": "Intrastate"}}, {"type": "Feature", "geometry": {"type": "LineString", "coordinates": [[-98.67584, 32.3735], [-98.69459, 32.37709]]}, "properties": {"operator": "Coral Energy Pipeline Co", "pipe_type": "Intrastate"}}, {"type": "Feature", "geometry": {"type": "LineString", "coordinates": [[-98.67584, 32.3735], [-98.66202, 32.38554]]}, "properties": {"operator": "Coral Energy Pipeline Co", "pipe_type": "Intrastate"}}, {"type": "Feature", "geometry": {"type": "LineString", "coordinates": [[-98.6633, 32.36154], [-98.67584, 32.3735]]}, "properties": {"operator": "Coral Energy Pipeline Co", "pipe_type": "Intrastate"}}, {"type": "Feature", "geometry": {"type": "LineString", "coordinates": [[-98.65824, 32.34349], [-98.6633, 32.36154]]}, "properties": {"operator": "Coral Energy Pipeline Co", "pipe_type": "Intrastate"}}, {"type": "Feature", "geometry": {"type": "LineString", "coordinates": [[-98.66451, 32.3255], [-98.65824, 32.34349]]}, "properties": {"operator": "Coral Energy Pipeline Co", "pipe_type": "Intrastate"}}, {"type": "Feature", "geometry": {"type": "LineString", "coordinates": [[-98.66451, 32.3255], [-98.67206, 32.31469]]}, "properties": {"operator": "Coral Energy Pipeline Co", "pipe_type": "Intrastate"}}, {"type": "Feature", "geometry": {"type": "LineString", "coordinates": [[-98.63699, 32.32192], [-98.66451, 32.3255]]}, "properties": {"operator": "Coral Energy Pipeline Co", "pipe_type": "Intrastate"}}, {"type": "Feature", "geometry": {"type": "LineString", "coordinates": [[-98.63949, 32.3111], [-98.63699, 32.32192]]}, "properties": {"operator": "Coral Energy Pipeline Co", "pipe_type": "Intrastate"}}, {"type": "Feature", "geometry": {"type": "LineString", "coordinates": [[-98.65952, 32.30509], [-98.63949, 32.3111]]}, "properties": {"operator": "Coral Energy Pipeline Co", "pipe_type": "Intrastate"}}, {"type": "Feature", "geometry": {"type": "LineString", "coordinates": [[-98.65952, 32.30509], [-98.65952, 32.29306]]}, "properties": {"operator": "Coral Energy Pipeline Co", "pipe_type": "Intrastate"}}, {"type": "Feature", "geometry": {"type": "LineString", "coordinates": [[-98.71213, 32.28826], [-98.65952, 32.30509]]}, "properties": {"operator": "Coral Energy Pipeline Co", "pipe_type": "Intrastate"}}, {"type": "Feature", "geometry": {"type": "LineString", "coordinates": [[-98.71213, 32.28826], [-98.75226, 32.29184]]}, "properties": {"operator": "Coral Energy Pipeline Co", "pipe_type": "Intrastate"}}, {"type": "Feature", "geometry": {"type": "LineString", "coordinates": [[-98.80608, 32.26426], [-98.71213, 32.28826]]}, "properties": {"operator": "Coral Energy Pipeline Co", "pipe_type": "Intrastate"}}, {"type": "Feature", "geometry": {"type": "LineString", "coordinates": [[-98.83123, 32.30509], [-98.83501, 32.34349]]}, "properties": {"operator": "Coral Energy Pipeline Co", "pipe_type": "Intrastate"}}, {"type": "Feature", "geometry": {"type": "LineString", "coordinates": [[-98.83123, 32.30509], [-98.84998, 32.30387]]}, "properties": {"operator": "Coral Energy Pipeline Co", "pipe_type": "Intrastate"}}, {"type": "Feature", "geometry": {"type": "LineString", "coordinates": [[-98.82368, 32.27622], [-98.83123, 32.30509]]}, "properties": {"operator": "Coral Energy Pipeline Co", "pipe_type": "Intrastate"}}, {"type": "Feature", "geometry": {"type": "LineString", "coordinates": [[-98.80608, 32.26426], [-98.82368, 32.27622]]}, "properties": {"operator": "Coral Energy Pipeline Co", "pipe_type": "Intrastate"}}, {"type": "Feature", "geometry": {"type": "LineString", "coordinates": [[-98.81363, 32.25824], [-98.80608, 32.26426]]}, "properties": {"operator": "Coral Energy Pipeline Co", "pipe_type": "Intrastate"}}, {"type": "Feature", "geometry": {"type": "LineString", "coordinates": [[-98.85875, 32.26182], [-98.81363, 32.25824]]}, "properties": {"operator": "Coral Energy Pipeline Co", "pipe_type": "Intrastate"}}, {"type": "Feature", "geometry": {"type": "LineString", "coordinates": [[-98.85875, 32.26182], [-98.86253, 32.25344]]}, "properties": {"operator": "Coral Energy Pipeline Co", "pipe_type": "Intrastate"}}, {"type": "Feature", "geometry": {"type": "LineString", "coordinates": [[-98.8951, 32.26906], [-98.85875, 32.26182]]}, "properties": {"operator": "Coral Energy Pipeline Co", "pipe_type": "Intrastate"}}, {"type": "Feature", "geometry": {"type": "LineString", "coordinates": [[-98.8951, 32.26906], [-98.90515, 32.26067]]}, "properties": {"operator": "Coral Energy Pipeline Co", "pipe_type": "Intrastate"}}, {"type": "Feature", "geometry": {"type": "LineString", "coordinates": [[-98.90266, 32.28224], [-98.8951, 32.26906]]}, "properties": {"operator": "Coral Energy Pipeline Co", "pipe_type": "Intrastate"}}, {"type": "Feature", "geometry": {"type": "LineString", "coordinates": [[-97.87118, 32.36101], [-97.9264, 32.5897], [-98.10076, 33.18539], [-98.17115, 33.23333]]}, "properties": {"operator": "Worsham-Steed Pipeline", "pipe_type": "Intrastate"}}, {"type": "Feature", "geometry": {"type": "LineString", "coordinates": [[-98.31663, 32.52127], [-98.30522, 32.59536], [-98.32717, 32.65138], [-98.31376, 32.72095], [-98.29459, 32.82287], [-98.26022, 32.88749]]}, "properties": {"operator": "Pecan Pipeline Company", "pipe_type": "Intrastate"}}]}