{"type": "FeatureCollection", "features": [{"type": "Feature", "geometry": {"type": "Point", "coordinates": [-97.30597, 32.95664]}, "properties": {"id": "302897", "name": "Alliance", "type": "Substation", "status": "In service", "city": "Fort Worth", "county": "Tarrant", "state": "Texas", "min_kv": 13.8, "max_kv": 345, "max_inferred": false, "min_inferred": false, "line_count": 4, "owners": [{"name": "ONCOR ELECTRIC DELIVERY CO.", "voltages_kv": [345], "miles": 0.0, "named": false}], "circuits": [{"owner": "ONCOR ELECTRIC DELIVERY CO.", "voltage_kv": 345, "miles": 0.0, "from_name": "Hicks", "to_name": ""}], "source_date": "2017-02-15"}}, {"type": "Feature", "geometry": {"type": "Point", "coordinates": [-96.61208, 32.95777]}, "properties": {"id": "310331", "name": "Ben Davis", "type": "Substation", "status": "In service", "city": "Garland", "county": "Dallas", "state": "Texas", "min_kv": 13.8, "max_kv": 345, "max_inferred": false, "min_inferred": false, "line_count": 10, "owners": [{"name": "FARMERS ELECTRIC COOP, INC - (TX)", "voltages_kv": [345], "miles": 0.0, "named": false}, {"name": "ONCOR ELECTRIC DELIVERY CO.", "voltages_kv": [345, 138], "miles": 0.0, "named": false}], "circuits": [{"owner": "FARMERS ELECTRIC COOP, INC - (TX)", "voltage_kv": 345, "miles": 0.0, "from_name": "Royse", "to_name": ""}, {"owner": "ONCOR ELECTRIC DELIVERY CO.", "voltage_kv": 345, "miles": 0.0, "from_name": "McCree", "to_name": ""}], "source_date": "2016-01-27"}}, {"type": "Feature", "geometry": {"type": "Point", "coordinates": [-97.47149, 32.68492]}, "properties": {"id": "301864", "name": "Benbrook", "type": "Substation", "status": "In service", "city": "Benbrook", "county": "Tarrant", "state": "Texas", "min_kv": 69, "max_kv": 345, "max_inferred": false, "min_inferred": false, "line_count": 7, "owners": [{"name": "ONCOR ELECTRIC DELIVERY CO.", "voltages_kv": [345], "miles": 0.0, "named": false}], "circuits": [], "source_date": "2016-01-26"}}, {"type": "Feature", "geometry": {"type": "Point", "coordinates": [-97.36522, 31.86059]}, "properties": {"id": "305788", "name": "Bosque", "type": "Substation", "status": "In service", "city": "Laguna Park", "county": "Bosque", "state": "Texas", "min_kv": 69, "max_kv": 345, "max_inferred": true, "min_inferred": true, "line_count": 6, "owners": [{"name": "ONCOR ELECTRIC DELIVERY CO.", "voltages_kv": [345, 138, 69], "miles": 0.0, "named": true}], "circuits": [{"owner": "ONCOR ELECTRIC DELIVERY CO.", "voltage_kv": 345, "miles": 0.0, "from_name": "Elm Mott 345", "to_name": "Bosque"}, {"owner": "ONCOR ELECTRIC DELIVERY CO.", "voltage_kv": 138, "miles": 0.0, "from_name": "Bosque", "to_name": ""}], "source_date": "2017-02-08"}}, {"type": "Feature", "geometry": {"type": "Point", "coordinates": [-96.93052, 32.99865]}, "properties": {"id": "308720", "name": "Carrollton Frankford", "type": "Substation", "status": "In service", "city": "Carrollton", "county": "Denton", "state": "Texas", "min_kv": 13.8, "max_kv": 345, "max_inferred": true, "min_inferred": true, "line_count": 2, "owners": [{"name": "ONCOR ELECTRIC DELIVERY CO.", "voltages_kv": [345, 138], "miles": 0.0, "named": true}], "circuits": [{"owner": "ONCOR ELECTRIC DELIVERY CO.", "voltage_kv": 138, "miles": 0.0, "from_name": "Northwest Carrollton", "to_name": "Carrollton Frankford"}, {"owner": "ONCOR ELECTRIC DELIVERY CO.", "voltage_kv": 138, "miles": 0.0, "from_name": "Carrollton Frankford", "to_name": "Hebron"}, {"owner": "ONCOR ELECTRIC DELIVERY CO.", "voltage_kv": 345, "miles": 0.02, "from_name": "Northwest Carrollton", "to_name": ""}], "source_date": "2016-12-21"}}, {"type": "Feature", "geometry": {"type": "Point", "coordinates": [-96.96106, 32.66553]}, "properties": {"id": "303485", "name": "Cedar Hill Sw", "type": "Substation", "status": "In service", "city": "Dallas", "county": "Dallas", "state": "Texas", "min_kv": 69, "max_kv": 345, "max_inferred": false, "min_inferred": false, "line_count": 12, "owners": [{"name": "ONCOR ELECTRIC DELIVERY CO.", "voltages_kv": [345], "miles": 0.0, "named": false}], "circuits": [], "source_date": "2017-01-13"}}, {"type": "Feature", "geometry": {"type": "Point", "coordinates": [-96.65325, 32.85751]}, "properties": {"id": "309481", "name": "Centerville Sw", "type": "Substation", "status": "In service", "city": "Dallas", "county": "Dallas", "state": "Texas", "min_kv": 69, "max_kv": 345, "max_inferred": false, "min_inferred": false, "line_count": 9, "owners": [{"name": "ONCOR ELECTRIC DELIVERY CO.", "voltages_kv": [138], "miles": 0.33, "named": false}], "circuits": [{"owner": "ONCOR ELECTRIC DELIVERY CO.", "voltage_kv": 138, "miles": 0.33, "from_name": "Centerville Rd", "to_name": ""}], "source_date": "2017-01-10"}}, {"type": "Feature", "geometry": {"type": "Point", "coordinates": [-98.55329, 31.86896]}, "properties": {"id": "308906", "name": "Comanche", "type": "Substation", "status": "In service", "city": "Comanche", "county": "Comanche", "state": "Texas", "min_kv": 69, "max_kv": 345, "max_inferred": false, "min_inferred": false, "line_count": 5, "owners": [{"name": "ONCOR ELECTRIC DELIVERY CO.", "voltages_kv": [345], "miles": 0.0, "named": true}], "circuits": [{"owner": "ONCOR ELECTRIC DELIVERY CO.", "voltage_kv": 345, "miles": 0.0, "from_name": "Brown", "to_name": "Comanche"}], "source_date": "2016-01-26"}}, {"type": "Feature", "geometry": {"type": "Point", "coordinates": [-97.78986, 32.29777]}, "properties": {"id": "300138", "name": "Comanche Peak", "type": "Substation", "status": "In service", "city": "Glen Rose", "county": "Somervell", "state": "Texas", "min_kv": 69, "max_kv": 345, "max_inferred": false, "min_inferred": false, "line_count": 9, "owners": [{"name": "ONCOR ELECTRIC DELIVERY CO.", "voltages_kv": [345], "miles": 0.0, "named": true}], "circuits": [{"owner": "ONCOR ELECTRIC DELIVERY CO.", "voltage_kv": 345, "miles": 0.0, "from_name": "Comanche Peak", "to_name": ""}, {"owner": "ONCOR ELECTRIC DELIVERY CO.", "voltage_kv": 345, "miles": 0.0, "from_name": "Comanche Peak", "to_name": "Johnson"}], "source_date": "2017-01-18"}}, {"type": "Feature", "geometry": {"type": "Point", "coordinates": [-97.09269, 33.22555]}, "properties": {"id": "307605", "name": "Cooper Creek", "type": "Substation", "status": "Status not published", "city": "Denton", "county": "Denton", "state": "Texas", "min_kv": 69, "max_kv": 345, "max_inferred": true, "min_inferred": true, "line_count": 2, "owners": [{"name": "ONCOR ELECTRIC DELIVERY CO.", "voltages_kv": [138], "miles": 0.0, "named": false}], "circuits": [], "source_date": "2016-09-21"}}, {"type": "Feature", "geometry": {"type": "Point", "coordinates": [-97.00785, 32.94908]}, "properties": {"id": "306507", "name": "Coppell Switching Station", "type": "Substation", "status": "In service", "city": "Coppell", "county": "Dallas", "state": "Texas", "min_kv": 13.8, "max_kv": 345, "max_inferred": false, "min_inferred": false, "line_count": 2, "owners": [{"name": "ONCOR ELECTRIC DELIVERY CO.", "voltages_kv": [138], "miles": 0.0, "named": false}], "circuits": [{"owner": "ONCOR ELECTRIC DELIVERY CO.", "voltage_kv": 138, "miles": 0.0, "from_name": "North Lake", "to_name": ""}], "source_date": "2016-12-21"}}, {"type": "Feature", "geometry": {"type": "Point", "coordinates": [-97.69727, 32.40252]}, "properties": {"id": "305747", "name": "Decordova", "type": "Substation", "status": "In service", "city": "Decordova", "county": "Hood", "state": "Texas", "min_kv": 69, "max_kv": 345, "max_inferred": false, "min_inferred": false, "line_count": 6, "owners": [{"name": "ONCOR ELECTRIC DELIVERY CO.", "voltages_kv": [345, 138], "miles": 0.0, "named": false}], "circuits": [], "source_date": "2017-04-05"}}, {"type": "Feature", "geometry": {"type": "Point", "coordinates": [-97.21918, 33.17577]}, "properties": {"id": "310282", "name": "Denton West Interchange", "type": "Substation", "status": "In service", "city": "Denton", "county": "Denton", "state": "Texas", "min_kv": 69, "max_kv": 345, "max_inferred": false, "min_inferred": false, "line_count": 7, "owners": [], "circuits": [], "source_date": "2016-01-27"}}, {"type": "Feature", "geometry": {"type": "Point", "coordinates": [-96.84349, 32.55779]}, "properties": {"id": "303345", "name": "Desoto Sw", "type": "Substation", "status": "In service", "city": "Glenn Heights", "county": "Dallas", "state": "Texas", "min_kv": 69, "max_kv": 345, "max_inferred": false, "min_inferred": false, "line_count": 5, "owners": [{"name": "ONCOR ELECTRIC DELIVERY CO.", "voltages_kv": [345], "miles": 0.02, "named": false}], "circuits": [], "source_date": "2017-01-13"}}, {"type": "Feature", "geometry": {"type": "Point", "coordinates": [-97.47706, 32.90827]}, "properties": {"id": "300883", "name": "Eagle Mountain", "type": "Substation", "status": "In service", "city": "Eagle Mountain", "county": "Tarrant", "state": "Texas", "min_kv": 69, "max_kv": 345, "max_inferred": false, "min_inferred": false, "line_count": 2, "owners": [{"name": "ONCOR ELECTRIC DELIVERY CO.", "voltages_kv": [345, 138], "miles": 0.0, "named": false}], "circuits": [{"owner": "ONCOR ELECTRIC DELIVERY CO.", "voltage_kv": 138, "miles": 0.04, "from_name": "Peden Rd", "to_name": ""}], "source_date": "2016-01-27"}}, {"type": "Feature", "geometry": {"type": "Point", "coordinates": [-97.25157, 32.64004]}, "properties": {"id": "309962", "name": "Everman", "type": "Substation", "status": "In service", "city": "Fort Worth", "county": "Tarrant", "state": "Texas", "min_kv": 69, "max_kv": 345, "max_inferred": false, "min_inferred": false, "line_count": 13, "owners": [{"name": "ONCOR ELECTRIC DELIVERY CO.", "voltages_kv": [345, 138], "miles": 0.0, "named": false}], "circuits": [{"owner": "ONCOR ELECTRIC DELIVERY CO.", "voltage_kv": 345, "miles": 0.0, "from_name": "Comanche Peak", "to_name": ""}], "source_date": "2016-01-26"}}, {"type": "Feature", "geometry": {"type": "Point", "coordinates": [-97.38393, 32.90466]}, "properties": {"id": "305844", "name": "Hicks", "type": "Substation", "status": "In service", "city": "Fort Worth", "county": "Tarrant", "state": "Texas", "min_kv": 69, "max_kv": 345, "max_inferred": false, "min_inferred": false, "line_count": 3, "owners": [{"name": "ONCOR ELECTRIC DELIVERY CO.", "voltages_kv": [345], "miles": 0.0, "named": true}], "circuits": [{"owner": "ONCOR ELECTRIC DELIVERY CO.", "voltage_kv": 345, "miles": 0.0, "from_name": "Hicks", "to_name": ""}, {"owner": "ONCOR ELECTRIC DELIVERY CO.", "voltage_kv": 345, "miles": 0.0, "from_name": "", "to_name": "Hicks"}], "source_date": "2016-01-27"}}, {"type": "Feature", "geometry": {"type": "Point", "coordinates": [-97.95294, 33.10268]}, "properties": {"id": "305892", "name": "Jack County", "type": "Substation", "status": "In service", "city": "Joplin", "county": "Jack", "state": "Texas", "min_kv": 69, "max_kv": 345, "max_inferred": false, "min_inferred": false, "line_count": 3, "owners": [{"name": "ONCOR ELECTRIC DELIVERY CO.", "voltages_kv": [345, 138, 69], "miles": 0.0, "named": false}], "circuits": [], "source_date": "2016-01-26"}}, {"type": "Feature", "geometry": {"type": "Point", "coordinates": [-98.1068, 33.27719]}, "properties": {"id": "301765", "name": "Jacksboro", "type": "Substation", "status": "In service", "city": "Jacksboro", "county": "Jack", "state": "Texas", "min_kv": 69, "max_kv": 345, "max_inferred": false, "min_inferred": false, "line_count": 5, "owners": [{"name": "ONCOR ELECTRIC DELIVERY CO.", "voltages_kv": [345], "miles": 0.0, "named": false}], "circuits": [], "source_date": "2016-01-26"}}, {"type": "Feature", "geometry": {"type": "Point", "coordinates": [-97.48547, 32.39495]}, "properties": {"id": "307816", "name": "Johnson", "type": "Substation", "status": "In service", "city": "Godley", "county": "Johnson", "state": "Texas", "min_kv": 69, "max_kv": 345, "max_inferred": true, "min_inferred": true, "line_count": 3, "owners": [{"name": "ONCOR ELECTRIC DELIVERY CO.", "voltages_kv": [345, 138], "miles": 0.0, "named": true}], "circuits": [{"owner": "ONCOR ELECTRIC DELIVERY CO.", "voltage_kv": 345, "miles": 0.0, "from_name": "Comanche Peak", "to_name": "Johnson"}, {"owner": "ONCOR ELECTRIC DELIVERY CO.", "voltage_kv": 345, "miles": 0.0, "from_name": "Johnson", "to_name": ""}, {"owner": "ONCOR ELECTRIC DELIVERY CO.", "voltage_kv": 345, "miles": 0.0, "from_name": "", "to_name": "Johnson"}], "source_date": "2016-12-21"}}, {"type": "Feature", "geometry": {"type": "Point", "coordinates": [-96.99332, 33.27815]}, "properties": {"id": "309736", "name": "Krugerville", "type": "Substation", "status": "In service", "city": "Krugerville", "county": "Denton", "state": "Texas", "min_kv": 69, "max_kv": 345, "max_inferred": false, "min_inferred": false, "line_count": 3, "owners": [{"name": "ONCOR ELECTRIC DELIVERY CO.", "voltages_kv": [138], "miles": 0.0, "named": false}], "circuits": [], "source_date": "2016-12-21"}}, {"type": "Feature", "geometry": {"type": "Point", "coordinates": [-97.00971, 33.06602]}, "properties": {"id": "306592", "name": "Lewisville Switch", "type": "Substation", "status": "In service", "city": "Lewisville", "county": "Denton", "state": "Texas", "min_kv": 69, "max_kv": 345, "max_inferred": false, "min_inferred": false, "line_count": 8, "owners": [{"name": "ONCOR ELECTRIC DELIVERY CO.", "voltages_kv": [345], "miles": 0.0, "named": false}], "circuits": [{"owner": "ONCOR ELECTRIC DELIVERY CO.", "voltage_kv": 345, "miles": 0.0, "from_name": "Northwest Carrollton", "to_name": ""}], "source_date": "2016-01-27"}}, {"type": "Feature", "geometry": {"type": "Point", "coordinates": [-97.0254, 32.81479]}, "properties": {"id": "309015", "name": "Liggett", "type": "Substation", "status": "In service", "city": "Irving", "county": "Dallas", "state": "Texas", "min_kv": 69, "max_kv": 345, "max_inferred": false, "min_inferred": false, "line_count": 12, "owners": [{"name": "ONCOR ELECTRIC DELIVERY CO.", "voltages_kv": [138], "miles": 0.0, "named": true}], "circuits": [{"owner": "ONCOR ELECTRIC DELIVERY CO.", "voltage_kv": 138, "miles": 0.0, "from_name": "Liggett", "to_name": ""}], "source_date": "2017-01-17"}}, {"type": "Feature", "geometry": {"type": "Point", "coordinates": [-96.66343, 32.8724]}, "properties": {"id": "306303", "name": "McCree", "type": "Substation", "status": "In service", "city": "Garland", "county": "Dallas", "state": "Texas", "min_kv": 69, "max_kv": 345, "max_inferred": false, "min_inferred": false, "line_count": 5, "owners": [{"name": "ONCOR ELECTRIC DELIVERY CO.", "voltages_kv": [345], "miles": 0.0, "named": true}], "circuits": [{"owner": "ONCOR ELECTRIC DELIVERY CO.", "voltage_kv": 345, "miles": 0.0, "from_name": "McCree", "to_name": ""}], "source_date": "2017-04-25"}}, {"type": "Feature", "geometry": {"type": "Point", "coordinates": [-97.05282, 32.42848]}, "properties": {"id": "301942", "name": "Midlothian Energy Facility", "type": "Substation", "status": "In service", "city": "Midlothian", "county": "Ellis", "state": "Texas", "min_kv": 69, "max_kv": 345, "max_inferred": true, "min_inferred": true, "line_count": 3, "owners": [{"name": "ONCOR ELECTRIC DELIVERY CO.", "voltages_kv": [345], "miles": 0.0, "named": false}], "circuits": [], "source_date": "2016-12-21"}}, {"type": "Feature", "geometry": {"type": "Point", "coordinates": [-96.9385, 32.98446]}, "properties": {"id": "306801", "name": "Northwest Carrollton", "type": "Substation", "status": "In service", "city": "Carrollton", "county": "Dallas", "state": "Texas", "min_kv": 13.8, "max_kv": 345, "max_inferred": false, "min_inferred": false, "line_count": 12, "owners": [{"name": "ONCOR ELECTRIC DELIVERY CO.", "voltages_kv": [345, 138], "miles": 0.0, "named": true}], "circuits": [{"owner": "ONCOR ELECTRIC DELIVERY CO.", "voltage_kv": 345, "miles": 0.0, "from_name": "Northwest Carrollton", "to_name": ""}, {"owner": "ONCOR ELECTRIC DELIVERY CO.", "voltage_kv": 138, "miles": 0.0, "from_name": "Northwest Carrollton", "to_name": "Carrollton Frankford"}], "source_date": "2017-02-07"}}, {"type": "Feature", "geometry": {"type": "Point", "coordinates": [-96.91865, 32.81517]}, "properties": {"id": "305628", "name": "Norwood", "type": "Substation", "status": "In service", "city": "Irving", "county": "Dallas", "state": "Texas", "min_kv": 69, "max_kv": 345, "max_inferred": false, "min_inferred": false, "line_count": 9, "owners": [{"name": "ONCOR ELECTRIC DELIVERY CO.", "voltages_kv": [345, 138], "miles": 0.0, "named": false}], "circuits": [{"owner": "ONCOR ELECTRIC DELIVERY CO.", "voltage_kv": 138, "miles": 0.19, "from_name": "Norwood Sw", "to_name": ""}], "source_date": "2017-05-01"}}, {"type": "Feature", "geometry": {"type": "Point", "coordinates": [-97.67639, 32.80613]}, "properties": {"id": "300261", "name": "Parker", "type": "Substation", "status": "In service", "city": "Willow Park", "county": "Parker", "state": "Texas", "min_kv": 69, "max_kv": 345, "max_inferred": false, "min_inferred": false, "line_count": 11, "owners": [{"name": "ONCOR ELECTRIC DELIVERY CO.", "voltages_kv": [345, 138], "miles": 0.0, "named": false}], "circuits": [{"owner": "ONCOR ELECTRIC DELIVERY CO.", "voltage_kv": 345, "miles": 0.0, "from_name": "Comanche Peak", "to_name": ""}, {"owner": "ONCOR ELECTRIC DELIVERY CO.", "voltage_kv": 345, "miles": 0.0, "from_name": "Hicks", "to_name": ""}], "source_date": "2017-01-18"}}, {"type": "Feature", "geometry": {"type": "Point", "coordinates": [-97.26156, 32.99193]}, "properties": {"id": "301956", "name": "Roanoke", "type": "Substation", "status": "In service", "city": "Roanoke", "county": "Denton", "state": "Texas", "min_kv": 13.8, "max_kv": 345, "max_inferred": false, "min_inferred": false, "line_count": 7, "owners": [{"name": "ONCOR ELECTRIC DELIVERY CO.", "voltages_kv": [345, 138], "miles": 0.0, "named": false}], "circuits": [], "source_date": "2016-01-27"}}, {"type": "Feature", "geometry": {"type": "Point", "coordinates": [-96.77417, 32.72786]}, "properties": {"id": "309584", "name": "Sargent Road", "type": "Substation", "status": "In service", "city": "Dallas", "county": "Dallas", "state": "Texas", "min_kv": 13.8, "max_kv": 345, "max_inferred": false, "min_inferred": false, "line_count": 8, "owners": [{"name": "FARMERS ELECTRIC COOP, INC - (TX)", "voltages_kv": [345], "miles": 0.0, "named": false}, {"name": "ONCOR ELECTRIC DELIVERY CO.", "voltages_kv": [345, 138], "miles": 0.0, "named": false}], "circuits": [{"owner": "ONCOR ELECTRIC DELIVERY CO.", "voltage_kv": 345, "miles": 0.0, "from_name": "West Levee", "to_name": ""}, {"owner": "ONCOR ELECTRIC DELIVERY CO.", "voltage_kv": 138, "miles": 0.0, "from_name": "Southerland", "to_name": ""}], "source_date": "2017-01-13"}}, {"type": "Feature", "geometry": {"type": "Point", "coordinates": [-96.54625, 32.67346]}, "properties": {"id": "302870", "name": "Seagoville Sw", "type": "Substation", "status": "In service", "city": "Seagoville", "county": "Dallas", "state": "Texas", "min_kv": 69, "max_kv": 345, "max_inferred": false, "min_inferred": false, "line_count": 5, "owners": [{"name": "ONCOR ELECTRIC DELIVERY CO.", "voltages_kv": [345, 138], "miles": 0.0, "named": true}], "circuits": [{"owner": "ONCOR ELECTRIC DELIVERY CO.", "voltage_kv": 345, "miles": 0.0, "from_name": "Seagoville Sw", "to_name": "Tri-Corner"}, {"owner": "ONCOR ELECTRIC DELIVERY CO.", "voltage_kv": 345, "miles": 0.0, "from_name": "Seagoville Sw", "to_name": ""}, {"owner": "ONCOR ELECTRIC DELIVERY CO.", "voltage_kv": 138, "miles": 0.16, "from_name": "Seagoville", "to_name": ""}], "source_date": "2017-01-13"}}, {"type": "Feature", "geometry": {"type": "Point", "coordinates": [-98.37377, 33.20284]}, "properties": {"id": "301590", "name": "Senate Wind", "type": "Substation", "status": "In service", "city": "Bryson", "county": "Jack", "state": "Texas", "min_kv": 345, "max_kv": 345, "max_inferred": false, "min_inferred": true, "line_count": 1, "owners": [{"name": "ONCOR ELECTRIC DELIVERY CO.", "voltages_kv": [345], "miles": 0.0, "named": false}], "circuits": [], "source_date": "2019-04-29"}}, {"type": "Feature", "geometry": {"type": "Point", "coordinates": [-97.07055, 32.7139]}, "properties": {"id": "302851", "name": "Sherry", "type": "Substation", "status": "In service", "city": "Arlington", "county": "Tarrant", "state": "Texas", "min_kv": 13.8, "max_kv": 345, "max_inferred": false, "min_inferred": false, "line_count": 5, "owners": [{"name": "ONCOR ELECTRIC DELIVERY CO.", "voltages_kv": [345, 138], "miles": 0.0, "named": false}], "circuits": [], "source_date": "2017-05-01"}}, {"type": "Feature", "geometry": {"type": "Point", "coordinates": [-96.5375, 32.55367]}, "properties": {"id": "307011", "name": "Tri-Corner", "type": "Substation", "status": "In service", "city": "Combine", "county": "Dallas", "state": "Texas", "min_kv": 69, "max_kv": 345, "max_inferred": false, "min_inferred": false, "line_count": 6, "owners": [{"name": "ONCOR ELECTRIC DELIVERY CO.", "voltages_kv": [345], "miles": 0.0, "named": true}], "circuits": [{"owner": "ONCOR ELECTRIC DELIVERY CO.", "voltage_kv": 345, "miles": 0.0, "from_name": "Seagoville Sw", "to_name": "Tri-Corner"}, {"owner": "ONCOR ELECTRIC DELIVERY CO.", "voltage_kv": 345, "miles": 0.0, "from_name": "Tri-Corner", "to_name": ""}, {"owner": "ONCOR ELECTRIC DELIVERY CO.", "voltage_kv": 345, "miles": 0.0, "from_name": "Trinidad", "to_name": "Tri-Corner"}], "source_date": "2016-01-26"}}, {"type": "Feature", "geometry": {"type": "Point", "coordinates": [-96.9922, 32.90807]}, "properties": {"id": "300342", "name": "Unnamed substation", "type": "Substation", "status": "In service", "city": "Irving", "county": "Dallas", "state": "Texas", "min_kv": 69, "max_kv": 345, "max_inferred": false, "min_inferred": false, "line_count": 4, "owners": [{"name": "ONCOR ELECTRIC DELIVERY CO.", "voltages_kv": [138], "miles": 0.0, "named": false}], "circuits": [], "source_date": "2016-01-27"}}, {"type": "Feature", "geometry": {"type": "Point", "coordinates": [-97.65587, 32.78712]}, "properties": {"id": "300380", "name": "Unnamed substation", "type": "Substation", "status": "In service", "city": "Weatherford", "county": "Parker", "state": "Texas", "min_kv": null, "max_kv": 345, "max_inferred": true, "min_inferred": false, "line_count": 2, "owners": [{"name": "ONCOR ELECTRIC DELIVERY CO.", "voltages_kv": [345, 138], "miles": 0.0, "named": false}], "circuits": [], "source_date": "2018-09-24"}}, {"type": "Feature", "geometry": {"type": "Point", "coordinates": [-97.43996, 32.59566]}, "properties": {"id": "301121", "name": "Unnamed substation", "type": "Substation", "status": "In service", "city": "Crowley", "county": "Tarrant", "state": "Texas", "min_kv": 69, "max_kv": 345, "max_inferred": false, "min_inferred": false, "line_count": 5, "owners": [{"name": "ONCOR ELECTRIC DELIVERY CO.", "voltages_kv": [345], "miles": 0.0, "named": false}], "circuits": [], "source_date": "2016-01-26"}}, {"type": "Feature", "geometry": {"type": "Point", "coordinates": [-97.73213, 32.33551]}, "properties": {"id": "301163", "name": "Unnamed substation", "type": "Substation", "status": "In service", "city": "Rainbow", "county": "Hood", "state": "Texas", "min_kv": 69, "max_kv": 345, "max_inferred": false, "min_inferred": false, "line_count": 4, "owners": [{"name": "ONCOR ELECTRIC DELIVERY CO.", "voltages_kv": [345, 138], "miles": 0.0, "named": false}], "circuits": [{"owner": "ONCOR ELECTRIC DELIVERY CO.", "voltage_kv": 345, "miles": 0.0, "from_name": "Comanche Peak", "to_name": ""}], "source_date": "2017-04-26"}}, {"type": "Feature", "geometry": {"type": "Point", "coordinates": [-97.73293, 32.33786]}, "properties": {"id": "300502", "name": "Unnamed substation", "type": "Substation", "status": "In service", "city": "Granbury", "county": "Hood", "state": "Texas", "min_kv": 69, "max_kv": 345, "max_inferred": false, "min_inferred": false, "line_count": 4, "owners": [{"name": "ONCOR ELECTRIC DELIVERY CO.", "voltages_kv": [345, 138], "miles": 0.0, "named": false}], "circuits": [{"owner": "ONCOR ELECTRIC DELIVERY CO.", "voltage_kv": 345, "miles": 0.12, "from_name": "Comanche Peak", "to_name": ""}], "source_date": "2017-04-26"}}, {"type": "Feature", "geometry": {"type": "Point", "coordinates": [-99.42282, 32.76843]}, "properties": {"id": "300620", "name": "Unnamed substation", "type": "Substation", "status": "In service", "city": "Albany", "county": "Shackelford", "state": "Texas", "min_kv": 69, "max_kv": 345, "max_inferred": false, "min_inferred": false, "line_count": 1, "owners": [{"name": "BIG COUNTRY ELECTRIC COOP, INC", "voltages_kv": [345], "miles": 0.0, "named": false}], "circuits": [], "source_date": "2017-05-31"}}, {"type": "Feature", "geometry": {"type": "Point", "coordinates": [-96.97121, 32.92864]}, "properties": {"id": "301639", "name": "Unnamed substation", "type": "Substation", "status": "In service", "city": "Dallas", "county": "Dallas", "state": "Texas", "min_kv": 69, "max_kv": 345, "max_inferred": false, "min_inferred": false, "line_count": 5, "owners": [{"name": "ONCOR ELECTRIC DELIVERY CO.", "voltages_kv": [138], "miles": 0.0, "named": false}], "circuits": [], "source_date": "2017-05-01"}}, {"type": "Feature", "geometry": {"type": "Point", "coordinates": [-97.38274, 32.81352]}, "properties": {"id": "300728", "name": "Unnamed substation", "type": "Substation", "status": "In service", "city": "Fort Worth", "county": "Tarrant", "state": "Texas", "min_kv": 69, "max_kv": 345, "max_inferred": false, "min_inferred": false, "line_count": 1, "owners": [{"name": "ONCOR ELECTRIC DELIVERY CO.", "voltages_kv": [345], "miles": 0.0, "named": false}], "circuits": [], "source_date": "2015-08-27"}}, {"type": "Feature", "geometry": {"type": "Point", "coordinates": [-97.91029, 33.05615]}, "properties": {"id": "300877", "name": "Unnamed substation", "type": "Substation", "status": "In service", "city": "Joplin", "county": "Wise", "state": "Texas", "min_kv": 69, "max_kv": 345, "max_inferred": false, "min_inferred": false, "line_count": 12, "owners": [{"name": "ONCOR ELECTRIC DELIVERY CO.", "voltages_kv": [345, 138], "miles": 0.0, "named": false}], "circuits": [{"owner": "ONCOR ELECTRIC DELIVERY CO.", "voltage_kv": 345, "miles": 0.0, "from_name": "", "to_name": "Hicks"}], "source_date": "2017-04-26"}}, {"type": "Feature", "geometry": {"type": "Point", "coordinates": [-97.78725, 32.75796]}, "properties": {"id": "301910", "name": "Unnamed substation", "type": "Substation", "status": "Status not published", "city": "Weatherford", "county": "Parker", "state": "Texas", "min_kv": 69, "max_kv": 345, "max_inferred": true, "min_inferred": true, "line_count": 0, "owners": [], "circuits": [], "source_date": "2015-06-11"}}, {"type": "Feature", "geometry": {"type": "Point", "coordinates": [-98.46575, 32.33108]}, "properties": {"id": "301917", "name": "Unnamed substation", "type": "Substation", "status": "Status not published", "city": "Desdemona", "county": "Erath", "state": "Texas", "min_kv": 69, "max_kv": 345, "max_inferred": true, "min_inferred": true, "line_count": 1, "owners": [{"name": "ONCOR ELECTRIC DELIVERY CO.", "voltages_kv": [138], "miles": 0.0, "named": false}], "circuits": [], "source_date": "2015-06-11"}}, {"type": "Feature", "geometry": {"type": "Point", "coordinates": [-99.32804, 32.74998]}, "properties": {"id": "302279", "name": "Unnamed substation", "type": "Substation", "status": "In service", "city": "Albany", "county": "Shackelford", "state": "Texas", "min_kv": 13.8, "max_kv": 345, "max_inferred": false, "min_inferred": false, "line_count": 3, "owners": [{"name": "BIG COUNTRY ELECTRIC COOP, INC", "voltages_kv": [345], "miles": 0.0, "named": false}, {"name": "FORT BELKNAP ELECTRIC COOP INC", "voltages_kv": [345], "miles": 0.0, "named": false}], "circuits": [], "source_date": "2017-05-31"}}, {"type": "Feature", "geometry": {"type": "Point", "coordinates": [-96.55079, 32.77144]}, "properties": {"id": "303511", "name": "Unnamed substation", "type": "Substation", "status": "Status not published", "city": "Sunnyvale", "county": "Dallas", "state": "Texas", "min_kv": 69, "max_kv": 345, "max_inferred": true, "min_inferred": true, "line_count": 0, "owners": [], "circuits": [], "source_date": "2017-04-11"}}, {"type": "Feature", "geometry": {"type": "Point", "coordinates": [-97.21376, 32.6368]}, "properties": {"id": "302319", "name": "Unnamed substation", "type": "Substation", "status": "In service", "city": "Kennedale", "county": "Tarrant", "state": "Texas", "min_kv": 69, "max_kv": 345, "max_inferred": false, "min_inferred": false, "line_count": 4, "owners": [{"name": "ONCOR ELECTRIC DELIVERY CO.", "voltages_kv": [345], "miles": 0.0, "named": false}], "circuits": [], "source_date": "2016-01-27"}}, {"type": "Feature", "geometry": {"type": "Point", "coordinates": [-98.37243, 33.20311]}, "properties": {"id": "305554", "name": "Unnamed substation", "type": "Substation", "status": "In service", "city": "Bryson", "county": "Jack", "state": "Texas", "min_kv": 69, "max_kv": 345, "max_inferred": false, "min_inferred": false, "line_count": 3, "owners": [{"name": "ONCOR ELECTRIC DELIVERY CO.", "voltages_kv": [345], "miles": 0.0, "named": false}], "circuits": [], "source_date": "2017-05-02"}}, {"type": "Feature", "geometry": {"type": "Point", "coordinates": [-97.37383, 32.15344]}, "properties": {"id": "305560", "name": "Unnamed substation", "type": "Substation", "status": "In service", "city": "Blum", "county": "Hill", "state": "Texas", "min_kv": 69, "max_kv": 345, "max_inferred": true, "min_inferred": true, "line_count": 2, "owners": [], "circuits": [], "source_date": "2017-04-19"}}, {"type": "Feature", "geometry": {"type": "Point", "coordinates": [-97.58898, 32.86884]}, "properties": {"id": "304939", "name": "Unnamed substation", "type": "Substation", "status": "Status not published", "city": "Azle", "county": "Parker", "state": "Texas", "min_kv": null, "max_kv": 345, "max_inferred": true, "min_inferred": false, "line_count": 3, "owners": [{"name": "ONCOR ELECTRIC DELIVERY CO.", "voltages_kv": [345, 138], "miles": 0.0, "named": false}], "circuits": [{"owner": "ONCOR ELECTRIC DELIVERY CO.", "voltage_kv": 345, "miles": 0.0, "from_name": "Hicks", "to_name": ""}], "source_date": "2018-09-24"}}, {"type": "Feature", "geometry": {"type": "Point", "coordinates": [-97.02695, 32.65723]}, "properties": {"id": "304540", "name": "Unnamed substation", "type": "Substation", "status": "Status not published", "city": "Grand Prairie", "county": "Dallas", "state": "Texas", "min_kv": 69, "max_kv": 345, "max_inferred": true, "min_inferred": true, "line_count": 0, "owners": [{"name": "ONCOR ELECTRIC DELIVERY CO.", "voltages_kv": [345], "miles": 0.01, "named": false}], "circuits": [], "source_date": "2017-05-01"}}, {"type": "Feature", "geometry": {"type": "Point", "coordinates": [-97.35304, 32.61263]}, "properties": {"id": "304568", "name": "Unnamed substation", "type": "Substation", "status": "In service", "city": "Crowley", "county": "Tarrant", "state": "Texas", "min_kv": 69, "max_kv": 345, "max_inferred": false, "min_inferred": false, "line_count": 2, "owners": [{"name": "ONCOR ELECTRIC DELIVERY CO.", "voltages_kv": [345], "miles": 0.0, "named": false}], "circuits": [], "source_date": "2017-05-02"}}, {"type": "Feature", "geometry": {"type": "Point", "coordinates": [-97.0179, 31.89747]}, "properties": {"id": "305004", "name": "Unnamed substation", "type": "Substation", "status": "In service", "city": "Abbott", "county": "Hill", "state": "Texas", "min_kv": 69, "max_kv": 345, "max_inferred": false, "min_inferred": false, "line_count": 7, "owners": [{"name": "ONCOR ELECTRIC DELIVERY CO.", "voltages_kv": [345, 138], "miles": 0.0, "named": false}], "circuits": [], "source_date": "2016-01-27"}}, {"type": "Feature", "geometry": {"type": "Point", "coordinates": [-97.31069, 33.32444]}, "properties": {"id": "304658", "name": "Unnamed substation", "type": "Substation", "status": "In service", "city": "Slidell", "county": "Denton", "state": "Texas", "min_kv": 69, "max_kv": 345, "max_inferred": false, "min_inferred": false, "line_count": 7, "owners": [{"name": "ONCOR ELECTRIC DELIVERY CO.", "voltages_kv": [345], "miles": 0.0, "named": false}], "circuits": [], "source_date": "2016-12-21"}}, {"type": "Feature", "geometry": {"type": "Point", "coordinates": [-97.54668, 33.17794]}, "properties": {"id": "304246", "name": "Unnamed substation", "type": "Substation", "status": "In service", "city": "Decatur", "county": "Wise", "state": "Texas", "min_kv": 69, "max_kv": 345, "max_inferred": false, "min_inferred": false, "line_count": 2, "owners": [{"name": "ONCOR ELECTRIC DELIVERY CO.", "voltages_kv": [138], "miles": 0.0, "named": false}], "circuits": [], "source_date": "2017-04-11"}}, {"type": "Feature", "geometry": {"type": "Point", "coordinates": [-97.13085, 32.65617]}, "properties": {"id": "304324", "name": "Unnamed substation", "type": "Substation", "status": "In service", "city": "Arlington", "county": "Tarrant", "state": "Texas", "min_kv": 69, "max_kv": 345, "max_inferred": false, "min_inferred": false, "line_count": 2, "owners": [{"name": "ONCOR ELECTRIC DELIVERY CO.", "voltages_kv": [345], "miles": 0.0, "named": false}], "circuits": [], "source_date": "2016-01-27"}}, {"type": "Feature", "geometry": {"type": "Point", "coordinates": [-98.60945, 33.13842]}, "properties": {"id": "304015", "name": "Unnamed substation", "type": "Substation", "status": "In service", "city": "Graham", "county": "Young", "state": "Texas", "min_kv": 69, "max_kv": 345, "max_inferred": false, "min_inferred": false, "line_count": 10, "owners": [{"name": "FORT BELKNAP ELECTRIC COOP INC", "voltages_kv": [345], "miles": 0.0, "named": false}, {"name": "ONCOR ELECTRIC DELIVERY CO.", "voltages_kv": [345, 138, 69], "miles": 0.0, "named": false}, {"name": "ONCOR ELECTRIC DELIVERY COMPANY LLC", "voltages_kv": [345], "miles": 0.0, "named": false}], "circuits": [{"owner": "ONCOR ELECTRIC DELIVERY COMPANY LLC", "voltage_kv": 345, "miles": 0.0, "from_name": "", "to_name": "Tonkawa"}], "source_date": "2016-01-26"}}, {"type": "Feature", "geometry": {"type": "Point", "coordinates": [-97.86724, 31.95265]}, "properties": {"id": "304840", "name": "Unnamed substation", "type": "Substation", "status": "In service", "city": "Iredell", "county": "Bosque", "state": "Texas", "min_kv": 69, "max_kv": 345, "max_inferred": false, "min_inferred": false, "line_count": 7, "owners": [{"name": "NOT AVAILABLE", "voltages_kv": [138], "miles": 0.0, "named": false}, {"name": "ONCOR ELECTRIC DELIVERY CO.", "voltages_kv": [138], "miles": 0.0, "named": false}], "circuits": [], "source_date": "2015-09-10"}}, {"type": "Feature", "geometry": {"type": "Point", "coordinates": [-97.10473, 33.1329]}, "properties": {"id": "304847", "name": "Unnamed substation", "type": "Substation", "status": "Status not published", "city": "Denton", "county": "Denton", "state": "Texas", "min_kv": 69, "max_kv": 345, "max_inferred": true, "min_inferred": true, "line_count": 2, "owners": [{"name": "ONCOR ELECTRIC DELIVERY CO.", "voltages_kv": [138], "miles": 0.0, "named": false}], "circuits": [], "source_date": "2015-06-11"}}, {"type": "Feature", "geometry": {"type": "Point", "coordinates": [-97.87106, 33.02748]}, "properties": {"id": "305945", "name": "Unnamed substation", "type": "Substation", "status": "In service", "city": "Poolville", "county": "Wise", "state": "Texas", "min_kv": null, "max_kv": 345, "max_inferred": true, "min_inferred": false, "line_count": 2, "owners": [{"name": "ONCOR ELECTRIC DELIVERY CO.", "voltages_kv": [345, 138], "miles": 0.42, "named": false}], "circuits": [], "source_date": "2018-09-25"}}, {"type": "Feature", "geometry": {"type": "Point", "coordinates": [-98.66279, 33.39826]}, "properties": {"id": "306912", "name": "Unnamed substation", "type": "Substation", "status": "In service", "city": "Olney", "county": "Archer", "state": "Texas", "min_kv": 69, "max_kv": 345, "max_inferred": false, "min_inferred": false, "line_count": 1, "owners": [{"name": "ONCOR ELECTRIC DELIVERY CO.", "voltages_kv": [345], "miles": 0.0, "named": false}], "circuits": [], "source_date": "2015-08-28"}}, {"type": "Feature", "geometry": {"type": "Point", "coordinates": [-99.54114, 32.62917]}, "properties": {"id": "307056", "name": "Unnamed substation", "type": "Substation", "status": "In service", "city": "Lueders", "county": "Shackelford", "state": "Texas", "min_kv": 69, "max_kv": 345, "max_inferred": false, "min_inferred": false, "line_count": 5, "owners": [{"name": "BIG COUNTRY ELECTRIC COOP, INC", "voltages_kv": [345, 138], "miles": 0.0, "named": false}, {"name": "FORT BELKNAP ELECTRIC COOP INC", "voltages_kv": [345], "miles": 0.0, "named": false}, {"name": "NOT AVAILABLE", "voltages_kv": [138], "miles": 0.0, "named": false}, {"name": "AEP TEXAS NORTH CO.", "voltages_kv": [69], "miles": 0.14, "named": false}, {"name": "TAYLOR ELECTRIC COOP INC - (TX)", "voltages_kv": [345, 138], "miles": 0.16, "named": false}], "circuits": [{"owner": "BIG COUNTRY ELECTRIC COOP, INC", "voltage_kv": 345, "miles": 0.0, "from_name": "Abilene Mulberry Creek", "to_name": ""}], "source_date": "2017-05-31"}}, {"type": "Feature", "geometry": {"type": "Point", "coordinates": [-97.08078, 32.60511]}, "properties": {"id": "307106", "name": "Unnamed substation", "type": "Substation", "status": "In service", "city": "Arlington", "county": "Tarrant", "state": "Texas", "min_kv": 69, "max_kv": 345, "max_inferred": false, "min_inferred": false, "line_count": 4, "owners": [{"name": "ONCOR ELECTRIC DELIVERY CO.", "voltages_kv": [345], "miles": 0.0, "named": false}], "circuits": [], "source_date": "2016-01-27"}}, {"type": "Feature", "geometry": {"type": "Point", "coordinates": [-98.31028, 32.65885]}, "properties": {"id": "307250", "name": "Unnamed substation", "type": "Substation", "status": "In service", "city": "Santo", "county": "Palo Pinto", "state": "Texas", "min_kv": 69, "max_kv": 345, "max_inferred": true, "min_inferred": true, "line_count": 5, "owners": [], "circuits": [], "source_date": "2015-06-11"}}, {"type": "Feature", "geometry": {"type": "Point", "coordinates": [-97.60097, 32.71973]}, "properties": {"id": "306159", "name": "Unnamed substation", "type": "Substation", "status": "In service", "city": "Aledo", "county": "Parker", "state": "Texas", "min_kv": 13.8, "max_kv": 345, "max_inferred": true, "min_inferred": true, "line_count": 4, "owners": [{"name": "ONCOR ELECTRIC DELIVERY CO.", "voltages_kv": [345, 138], "miles": 0.0, "named": false}], "circuits": [], "source_date": "2017-05-02"}}, {"type": "Feature", "geometry": {"type": "Point", "coordinates": [-97.73021, 33.31493]}, "properties": {"id": "306223", "name": "Unnamed substation", "type": "Substation", "status": "Status not published", "city": "Alvord", "county": "Wise", "state": "Texas", "min_kv": 69, "max_kv": 345, "max_inferred": true, "min_inferred": true, "line_count": 1, "owners": [{"name": "ONCOR ELECTRIC DELIVERY CO.", "voltages_kv": [138], "miles": 0.0, "named": false}], "circuits": [], "source_date": "2015-06-12"}}, {"type": "Feature", "geometry": {"type": "Point", "coordinates": [-97.4854, 32.39169]}, "properties": {"id": "306263", "name": "Unnamed substation", "type": "Substation", "status": "In service", "city": "Godley", "county": "Johnson", "state": "Texas", "min_kv": 69, "max_kv": 345, "max_inferred": false, "min_inferred": false, "line_count": 6, "owners": [{"name": "ONCOR ELECTRIC DELIVERY CO.", "voltages_kv": [345, 138], "miles": 0.0, "named": false}], "circuits": [{"owner": "ONCOR ELECTRIC DELIVERY CO.", "voltage_kv": 345, "miles": 0.0, "from_name": "", "to_name": "Johnson"}, {"owner": "ONCOR ELECTRIC DELIVERY CO.", "voltage_kv": 345, "miles": 0.1, "from_name": "Comanche Peak", "to_name": "Johnson"}, {"owner": "ONCOR ELECTRIC DELIVERY CO.", "voltage_kv": 345, "miles": 0.1, "from_name": "Comanche Peak", "to_name": ""}], "source_date": "2017-05-02"}}, {"type": "Feature", "geometry": {"type": "Point", "coordinates": [-98.40693, 33.767]}, "properties": {"id": "307516", "name": "Unnamed substation", "type": "Substation", "status": "In service", "city": "Jolly", "county": "Clay", "state": "Texas", "min_kv": 69, "max_kv": 345, "max_inferred": true, "min_inferred": true, "line_count": 2, "owners": [{"name": "ONCOR ELECTRIC DELIVERY CO.", "voltages_kv": [138], "miles": 0.0, "named": false}], "circuits": [], "source_date": "2015-08-05"}}, {"type": "Feature", "geometry": {"type": "Point", "coordinates": [-97.79, 32.29629]}, "properties": {"id": "306636", "name": "Unnamed substation", "type": "Substation", "status": "In service", "city": "Glen Rose", "county": "Somervell", "state": "Texas", "min_kv": 69, "max_kv": 345, "max_inferred": false, "min_inferred": false, "line_count": 2, "owners": [{"name": "ONCOR ELECTRIC DELIVERY CO.", "voltages_kv": [345], "miles": 0.07, "named": false}], "circuits": [{"owner": "ONCOR ELECTRIC DELIVERY CO.", "voltage_kv": 345, "miles": 0.07, "from_name": "Comanche Peak", "to_name": ""}, {"owner": "ONCOR ELECTRIC DELIVERY CO.", "voltage_kv": 345, "miles": 0.1, "from_name": "Comanche Peak", "to_name": "Johnson"}], "source_date": "2017-05-02"}}, {"type": "Feature", "geometry": {"type": "Point", "coordinates": [-96.83533, 32.78473]}, "properties": {"id": "306290", "name": "Unnamed substation", "type": "Substation", "status": "In service", "city": "Dallas", "county": "Dallas", "state": "Texas", "min_kv": 69, "max_kv": 345, "max_inferred": false, "min_inferred": false, "line_count": 2, "owners": [], "circuits": [], "source_date": "2017-05-02"}}, {"type": "Feature", "geometry": {"type": "Point", "coordinates": [-98.90576, 33.10326]}, "properties": {"id": "306860", "name": "Unnamed substation", "type": "Substation", "status": "In service", "city": "Woodson", "county": "Young", "state": "Texas", "min_kv": 69, "max_kv": 345, "max_inferred": true, "min_inferred": true, "line_count": 2, "owners": [{"name": "ONCOR ELECTRIC DELIVERY COMPANY LLC", "voltages_kv": [345, 138], "miles": 0.0, "named": false}], "circuits": [{"owner": "ONCOR ELECTRIC DELIVERY COMPANY LLC", "voltage_kv": 345, "miles": 0.03, "from_name": "", "to_name": "Tonkawa"}], "source_date": "2015-06-11"}}, {"type": "Feature", "geometry": {"type": "Point", "coordinates": [-97.67623, 32.80851]}, "properties": {"id": "308515", "name": "Unnamed substation", "type": "Substation", "status": "In service", "city": "Willow Park", "county": "Parker", "state": "Texas", "min_kv": 69, "max_kv": 345, "max_inferred": false, "min_inferred": false, "line_count": 1, "owners": [{"name": "ONCOR ELECTRIC DELIVERY CO.", "voltages_kv": [345, 138], "miles": 0.0, "named": false}], "circuits": [{"owner": "ONCOR ELECTRIC DELIVERY CO.", "voltage_kv": 345, "miles": 0.16, "from_name": "Comanche Peak", "to_name": ""}, {"owner": "ONCOR ELECTRIC DELIVERY CO.", "voltage_kv": 345, "miles": 0.16, "from_name": "Hicks", "to_name": ""}], "source_date": "2017-05-02"}}, {"type": "Feature", "geometry": {"type": "Point", "coordinates": [-97.08345, 32.68007]}, "properties": {"id": "308533", "name": "Unnamed substation", "type": "Substation", "status": "In service", "city": "Arlington", "county": "Tarrant", "state": "Texas", "min_kv": 69, "max_kv": 345, "max_inferred": true, "min_inferred": true, "line_count": 4, "owners": [{"name": "ONCOR ELECTRIC DELIVERY CO.", "voltages_kv": [345], "miles": 0.0, "named": false}], "circuits": [], "source_date": "2016-01-27"}}, {"type": "Feature", "geometry": {"type": "Point", "coordinates": [-97.0773, 32.55133]}, "properties": {"id": "308746", "name": "Unnamed substation", "type": "Substation", "status": "In service", "city": "Mansfield", "county": "Tarrant", "state": "Texas", "min_kv": 69, "max_kv": 345, "max_inferred": true, "min_inferred": true, "line_count": 4, "owners": [{"name": "ONCOR ELECTRIC DELIVERY CO.", "voltages_kv": [345], "miles": 0.0, "named": false}], "circuits": [], "source_date": "2016-01-27"}}, {"type": "Feature", "geometry": {"type": "Point", "coordinates": [-96.67519, 32.31859]}, "properties": {"id": "308869", "name": "Unnamed substation", "type": "Substation", "status": "Status not published", "city": "Ennis", "county": "Ellis", "state": "Texas", "min_kv": 69, "max_kv": 345, "max_inferred": true, "min_inferred": true, "line_count": 3, "owners": [], "circuits": [], "source_date": "2015-06-11"}}, {"type": "Feature", "geometry": {"type": "Point", "coordinates": [-96.54917, 32.76938]}, "properties": {"id": "309024", "name": "Unnamed substation", "type": "Substation", "status": "Status not published", "city": "Sunnyvale", "county": "Dallas", "state": "Texas", "min_kv": 69, "max_kv": 345, "max_inferred": true, "min_inferred": true, "line_count": 0, "owners": [], "circuits": [], "source_date": "2017-04-11"}}, {"type": "Feature", "geometry": {"type": "Point", "coordinates": [-97.05221, 32.63879]}, "properties": {"id": "309031", "name": "Unnamed substation", "type": "Substation", "status": "In service", "city": "Grand Prairie", "county": "Tarrant", "state": "Texas", "min_kv": null, "max_kv": 345, "max_inferred": true, "min_inferred": false, "line_count": 1, "owners": [{"name": "ONCOR ELECTRIC DELIVERY CO.", "voltages_kv": [345], "miles": 0.0, "named": false}], "circuits": [], "source_date": "2018-10-16"}}, {"type": "Feature", "geometry": {"type": "Point", "coordinates": [-97.9098, 33.05893]}, "properties": {"id": "307696", "name": "Unnamed substation", "type": "Substation", "status": "In service", "city": "Joplin", "county": "Wise", "state": "Texas", "min_kv": 69, "max_kv": 345, "max_inferred": true, "min_inferred": true, "line_count": 3, "owners": [{"name": "ONCOR ELECTRIC DELIVERY CO.", "voltages_kv": [345, 138], "miles": 0.0, "named": false}], "circuits": [{"owner": "ONCOR ELECTRIC DELIVERY CO.", "voltage_kv": 345, "miles": 0.19, "from_name": "", "to_name": "Hicks"}], "source_date": "2017-04-26"}}, {"type": "Feature", "geometry": {"type": "Point", "coordinates": [-98.61089, 33.38673]}, "properties": {"id": "309361", "name": "Unnamed substation", "type": "Substation", "status": "In service", "city": "Jean", "county": "Young", "state": "Texas", "min_kv": 69, "max_kv": 345, "max_inferred": true, "min_inferred": true, "line_count": 4, "owners": [{"name": "ONCOR ELECTRIC DELIVERY CO.", "voltages_kv": [345, 138], "miles": 0.0, "named": false}], "circuits": [], "source_date": "2016-01-27"}}, {"type": "Feature", "geometry": {"type": "Point", "coordinates": [-97.082, 32.62286]}, "properties": {"id": "309627", "name": "Unnamed substation", "type": "Substation", "status": "In service", "city": "Arlington", "county": "Tarrant", "state": "Texas", "min_kv": null, "max_kv": 345, "max_inferred": true, "min_inferred": false, "line_count": 1, "owners": [{"name": "ONCOR ELECTRIC DELIVERY CO.", "voltages_kv": [345], "miles": 0.0, "named": false}], "circuits": [], "source_date": "2018-10-16"}}, {"type": "Feature", "geometry": {"type": "Point", "coordinates": [-96.9637, 33.06837]}, "properties": {"id": "310303", "name": "Unnamed substation", "type": "Substation", "status": "Status not published", "city": "Lewisville", "county": "Denton", "state": "Texas", "min_kv": 69, "max_kv": 345, "max_inferred": true, "min_inferred": true, "line_count": 0, "owners": [], "circuits": [], "source_date": "2015-06-11"}}, {"type": "Feature", "geometry": {"type": "Point", "coordinates": [-98.60081, 33.81032]}, "properties": {"id": "309695", "name": "Unnamed substation", "type": "Substation", "status": "In service", "city": "Lakeside City", "county": "Archer", "state": "Texas", "min_kv": 69, "max_kv": 345, "max_inferred": false, "min_inferred": false, "line_count": 12, "owners": [{"name": "ONCOR ELECTRIC DELIVERY CO.", "voltages_kv": [345, 138, 69], "miles": 0.0, "named": false}], "circuits": [], "source_date": "2017-04-26"}}, {"type": "Feature", "geometry": {"type": "Point", "coordinates": [-97.36725, 31.85963]}, "properties": {"id": "309719", "name": "Unnamed substation", "type": "Substation", "status": "In service", "city": "Laguna Park", "county": "Bosque", "state": "Texas", "min_kv": 69, "max_kv": 345, "max_inferred": true, "min_inferred": true, "line_count": 4, "owners": [{"name": "ONCOR ELECTRIC DELIVERY CO.", "voltages_kv": [345, 138, 69], "miles": 0.0, "named": false}], "circuits": [{"owner": "ONCOR ELECTRIC DELIVERY CO.", "voltage_kv": 345, "miles": 0.13, "from_name": "Elm Mott 345", "to_name": "Bosque"}, {"owner": "ONCOR ELECTRIC DELIVERY CO.", "voltage_kv": 138, "miles": 0.13, "from_name": "Bosque", "to_name": ""}], "source_date": "2015-08-27"}}, {"type": "Feature", "geometry": {"type": "Point", "coordinates": [-96.94387, 32.13091]}, "properties": {"id": "308002", "name": "Unnamed tap", "type": "Tap", "status": "In service", "city": "Milford", "county": "Ellis", "state": "Texas", "min_kv": null, "max_kv": 345, "max_inferred": true, "min_inferred": false, "line_count": 1, "owners": [{"name": "ONCOR ELECTRIC DELIVERY CO.", "voltages_kv": [345, 69], "miles": 0.0, "named": false}], "circuits": [], "source_date": "2018-08-06"}}, {"type": "Feature", "geometry": {"type": "Point", "coordinates": [-97.95378, 33.09579]}, "properties": {"id": "310722", "name": "Unnamed tap", "type": "Tap", "status": "In service", "city": "Bridgeport", "county": "Jack", "state": "Texas", "min_kv": null, "max_kv": 345, "max_inferred": true, "min_inferred": false, "line_count": 0, "owners": [{"name": "ONCOR ELECTRIC DELIVERY CO.", "voltages_kv": [345, 138, 69], "miles": 0.0, "named": false}], "circuits": [], "source_date": "2018-09-25"}}, {"type": "Feature", "geometry": {"type": "Point", "coordinates": [-97.07278, 32.44395]}, "properties": {"id": "306302", "name": "Venus", "type": "Substation", "status": "In service", "city": "Venus", "county": "Ellis", "state": "Texas", "min_kv": 69, "max_kv": 345, "max_inferred": false, "min_inferred": false, "line_count": 16, "owners": [{"name": "ONCOR ELECTRIC DELIVERY CO.", "voltages_kv": [345], "miles": 0.0, "named": false}], "circuits": [{"owner": "ONCOR ELECTRIC DELIVERY CO.", "voltage_kv": 345, "miles": 0.0, "from_name": "Johnson", "to_name": ""}], "source_date": "2016-01-26"}}, {"type": "Feature", "geometry": {"type": "Point", "coordinates": [-96.72618, 32.55854]}, "properties": {"id": "308749", "name": "Watermill", "type": "Substation", "status": "In service", "city": "Lancaster", "county": "Dallas", "state": "Texas", "min_kv": 69, "max_kv": 345, "max_inferred": false, "min_inferred": false, "line_count": 13, "owners": [{"name": "FARMERS ELECTRIC COOP, INC - (TX)", "voltages_kv": [345], "miles": 0.0, "named": false}, {"name": "ONCOR ELECTRIC DELIVERY CO.", "voltages_kv": [345], "miles": 0.0, "named": false}, {"name": "ONCOR ELECTRIC DELIVERY COMPANY LLC", "voltages_kv": [345], "miles": 0.0, "named": false}], "circuits": [{"owner": "ONCOR ELECTRIC DELIVERY CO.", "voltage_kv": 345, "miles": 0.0, "from_name": "Trinidad", "to_name": ""}, {"owner": "ONCOR ELECTRIC DELIVERY CO.", "voltage_kv": 345, "miles": 0.0, "from_name": "Tri-Corner", "to_name": ""}], "source_date": "2017-05-01"}}, {"type": "Feature", "geometry": {"type": "Point", "coordinates": [-96.82599, 32.77763]}, "properties": {"id": "309856", "name": "West Levee", "type": "Substation", "status": "In service", "city": "Dallas", "county": "Dallas", "state": "Texas", "min_kv": 69, "max_kv": 345, "max_inferred": false, "min_inferred": false, "line_count": 9, "owners": [{"name": "ONCOR ELECTRIC DELIVERY CO.", "voltages_kv": [345], "miles": 0.0, "named": true}], "circuits": [{"owner": "ONCOR ELECTRIC DELIVERY CO.", "voltage_kv": 345, "miles": 0.0, "from_name": "West Levee", "to_name": ""}], "source_date": "2017-01-17"}}, {"type": "Feature", "geometry": {"type": "Point", "coordinates": [-99.53773, 32.63565]}, "properties": {"id": "303476", "name": "West Shackelford", "type": "Substation", "status": "In service", "city": "Lueders", "county": "Shackelford", "state": "Texas", "min_kv": 69, "max_kv": 345, "max_inferred": false, "min_inferred": false, "line_count": 6, "owners": [{"name": "BIG COUNTRY ELECTRIC COOP, INC", "voltages_kv": [345, 138], "miles": 0.0, "named": false}, {"name": "TAYLOR ELECTRIC COOP INC - (TX)", "voltages_kv": [345, 138], "miles": 0.0, "named": false}, {"name": "FORT BELKNAP ELECTRIC COOP INC", "voltages_kv": [345], "miles": 0.23, "named": false}, {"name": "NOT AVAILABLE", "voltages_kv": [138], "miles": 0.49, "named": false}, {"name": "AEP TEXAS NORTH CO.", "voltages_kv": [69], "miles": 0.5, "named": false}], "circuits": [{"owner": "BIG COUNTRY ELECTRIC COOP, INC", "voltage_kv": 345, "miles": 0.49, "from_name": "Abilene Mulberry Creek", "to_name": ""}], "source_date": "2017-04-18"}}, {"type": "Feature", "geometry": {"type": "Point", "coordinates": [-97.02025, 32.92654]}, "properties": {"id": "307771", "name": "A East Term", "type": "Substation", "status": "In service", "city": "Irving", "county": "Dallas", "state": "Texas", "min_kv": 69, "max_kv": 138, "max_inferred": false, "min_inferred": false, "line_count": 2, "owners": [{"name": "ONCOR ELECTRIC DELIVERY CO.", "voltages_kv": [138], "miles": 0.0, "named": false}], "circuits": [], "source_date": "2017-01-18"}}, {"type": "Feature", "geometry": {"type": "Point", "coordinates": [-97.06027, 32.92673]}, "properties": {"id": "310145", "name": "A West Term", "type": "Substation", "status": "In service", "city": "Grapevine", "county": "Tarrant", "state": "Texas", "min_kv": 69, "max_kv": 138, "max_inferred": false, "min_inferred": false, "line_count": 2, "owners": [], "circuits": [], "source_date": "2017-01-18"}}, {"type": "Feature", "geometry": {"type": "Point", "coordinates": [-97.07771, 31.885]}, "properties": {"id": "306506", "name": "Abbott", "type": "Substation", "status": "In service", "city": "Abbott", "county": "Hill", "state": "Texas", "min_kv": 69, "max_kv": 138, "max_inferred": true, "min_inferred": true, "line_count": 2, "owners": [], "circuits": [], "source_date": "2017-01-18"}}, {"type": "Feature", "geometry": {"type": "Point", "coordinates": [-96.75184, 32.84427]}, "properties": {"id": "309922", "name": "Abrams Rd", "type": "Substation", "status": "In service", "city": "Dallas", "county": "Dallas", "state": "Texas", "min_kv": 69, "max_kv": 138, "max_inferred": false, "min_inferred": false, "line_count": 4, "owners": [], "circuits": [], "source_date": "2017-01-10"}}, {"type": "Feature", "geometry": {"type": "Point", "coordinates": [-96.84827, 32.9561]}, "properties": {"id": "307674", "name": "Addison", "type": "Substation", "status": "In service", "city": "Addison", "county": "Dallas", "state": "Texas", "min_kv": 13.8, "max_kv": 138, "max_inferred": false, "min_inferred": false, "line_count": 5, "owners": [], "circuits": [], "source_date": "2017-02-07"}}, {"type": "Feature", "geometry": {"type": "Point", "coordinates": [-97.0054, 32.86756]}, "properties": {"id": "309543", "name": "Airport-D East #1", "type": "Substation", "status": "In service", "city": "Irving", "county": "Dallas", "state": "Texas", "min_kv": 69, "max_kv": 138, "max_inferred": false, "min_inferred": false, "line_count": 3, "owners": [{"name": "ONCOR ELECTRIC DELIVERY CO.", "voltages_kv": [138], "miles": 0.39, "named": false}], "circuits": [], "source_date": "2017-05-02"}}, {"type": "Feature", "geometry": {"type": "Point", "coordinates": [-97.01167, 32.86551]}, "properties": {"id": "301107", "name": "Airport-D East #2", "type": "Substation", "status": "In service", "city": "Irving", "county": "Dallas", "state": "Texas", "min_kv": 69, "max_kv": 138, "max_inferred": false, "min_inferred": false, "line_count": 3, "owners": [{"name": "ONCOR ELECTRIC DELIVERY CO.", "voltages_kv": [138], "miles": 0.0, "named": false}], "circuits": [], "source_date": "2016-08-19"}}, {"type": "Feature", "geometry": {"type": "Point", "coordinates": [-96.82201, 32.93144]}, "properties": {"id": "301102", "name": "Alpha Road", "type": "Substation", "status": "In service", "city": "Dallas", "county": "Dallas", "state": "Texas", "min_kv": 69, "max_kv": 138, "max_inferred": false, "min_inferred": false, "line_count": 3, "owners": [], "circuits": [], "source_date": "2017-02-06"}}, {"type": "Feature", "geometry": {"type": "Point", "coordinates": [-97.2235, 32.3963]}, "properties": {"id": "307068", "name": "Alvarado", "type": "Substation", "status": "In service", "city": "Alvarado", "county": "Johnson", "state": "Texas", "min_kv": 69, "max_kv": 138, "max_inferred": false, "min_inferred": false, "line_count": 3, "owners": [{"name": "ONCOR ELECTRIC DELIVERY CO.", "voltages_kv": [138], "miles": 0.0, "named": false}], "circuits": [], "source_date": "2017-05-02"}}, {"type": "Feature", "geometry": {"type": "Point", "coordinates": [-96.83831, 32.80806]}, "properties": {"id": "308462", "name": "Amelia St", "type": "Substation", "status": "In service", "city": "Dallas", "county": "Dallas", "state": "Texas", "min_kv": 69, "max_kv": 138, "max_inferred": false, "min_inferred": false, "line_count": 4, "owners": [{"name": "ONCOR ELECTRIC DELIVERY CO.", "voltages_kv": [138], "miles": 0.0, "named": false}], "circuits": [], "source_date": "2017-01-30"}}, {"type": "Feature", "geometry": {"type": "Point", "coordinates": [-96.67752, 32.95384]}, "properties": {"id": "301771", "name": "Apollo", "type": "Substation", "status": "In service", "city": "Garland", "county": "Dallas", "state": "Texas", "min_kv": 13.8, "max_kv": 138, "max_inferred": false, "min_inferred": false, "line_count": 4, "owners": [{"name": "ONCOR ELECTRIC DELIVERY CO.", "voltages_kv": [138], "miles": 0.0, "named": true}], "circuits": [{"owner": "ONCOR ELECTRIC DELIVERY CO.", "voltage_kv": 138, "miles": 0.0, "from_name": "Apollo", "to_name": "East Richardson Switching Station"}], "source_date": "2017-04-25"}}, {"type": "Feature", "geometry": {"type": "Point", "coordinates": [-97.07204, 33.22904]}, "properties": {"id": "305552", "name": "Arco Substation", "type": "Substation", "status": "In service", "city": "Denton", "county": "Denton", "state": "Texas", "min_kv": 69, "max_kv": 138, "max_inferred": false, "min_inferred": false, "line_count": 3, "owners": [{"name": "ONCOR ELECTRIC DELIVERY CO.", "voltages_kv": [138], "miles": 0.0, "named": false}], "circuits": [], "source_date": "2016-12-21"}}, {"type": "Feature", "geometry": {"type": "Point", "coordinates": [-97.126, 33.13538]}, "properties": {"id": "307531", "name": "Argyle Switch", "type": "Substation", "status": "In service", "city": "Copper Canyon", "county": "Denton", "state": "Texas", "min_kv": 69, "max_kv": 138, "max_inferred": false, "min_inferred": false, "line_count": 4, "owners": [{"name": "ONCOR ELECTRIC DELIVERY CO.", "voltages_kv": [138], "miles": 0.0, "named": false}], "circuits": [], "source_date": "2015-06-11"}}, {"type": "Feature", "geometry": {"type": "Point", "coordinates": [-96.79216, 32.82285]}, "properties": {"id": "300285", "name": "Armstrong", "type": "Substation", "status": "In service", "city": "Dallas", "county": "Dallas", "state": "Texas", "min_kv": 69, "max_kv": 138, "max_inferred": false, "min_inferred": false, "line_count": 4, "owners": [], "circuits": [], "source_date": "2017-01-11"}}, {"type": "Feature", "geometry": {"type": "Point", "coordinates": [-96.99982, 33.30508]}, "properties": {"id": "304901", "name": "Aubrey", "type": "Substation", "status": "In service", "city": "Aubrey", "county": "Denton", "state": "Texas", "min_kv": 69, "max_kv": 138, "max_inferred": false, "min_inferred": false, "line_count": 2, "owners": [{"name": "ONCOR ELECTRIC DELIVERY CO.", "voltages_kv": [138], "miles": 0.0, "named": true}], "circuits": [{"owner": "ONCOR ELECTRIC DELIVERY CO.", "voltage_kv": 138, "miles": 0.0, "from_name": "Aubrey", "to_name": ""}], "source_date": "2017-04-11"}}, {"type": "Feature", "geometry": {"type": "Point", "coordinates": [-96.60133, 32.73953]}, "properties": {"id": "303724", "name": "Balch Springs", "type": "Substation", "status": "In service", "city": "Mesquite", "county": "Dallas", "state": "Texas", "min_kv": 13.8, "max_kv": 138, "max_inferred": false, "min_inferred": false, "line_count": 1, "owners": [{"name": "ONCOR ELECTRIC DELIVERY CO.", "voltages_kv": [138], "miles": 0.0, "named": true}], "circuits": [{"owner": "ONCOR ELECTRIC DELIVERY CO.", "voltage_kv": 138, "miles": 0.0, "from_name": "", "to_name": "Balch Springs"}], "source_date": "2016-08-23"}}, {"type": "Feature", "geometry": {"type": "Point", "coordinates": [-97.14731, 32.85267]}, "properties": {"id": "309349", "name": "Bedford", "type": "Substation", "status": "In service", "city": "Bedford", "county": "Tarrant", "state": "Texas", "min_kv": 69, "max_kv": 138, "max_inferred": false, "min_inferred": false, "line_count": 4, "owners": [{"name": "ONCOR ELECTRIC DELIVERY CO.", "voltages_kv": [138], "miles": 0.0, "named": true}], "circuits": [{"owner": "ONCOR ELECTRIC DELIVERY CO.", "voltage_kv": 138, "miles": 0.0, "from_name": "Bedford", "to_name": ""}], "source_date": "2015-06-11"}}, {"type": "Feature", "geometry": {"type": "Point", "coordinates": [-97.39172, 32.76474]}, "properties": {"id": "302128", "name": "Blackstone", "type": "Substation", "status": "In service", "city": "River Oaks", "county": "Tarrant", "state": "Texas", "min_kv": 69, "max_kv": 138, "max_inferred": false, "min_inferred": false, "line_count": 2, "owners": [], "circuits": [], "source_date": "2017-05-01"}}, {"type": "Feature", "geometry": {"type": "Point", "coordinates": [-96.76583, 32.86744]}, "properties": {"id": "310347", "name": "Blackwell Street", "type": "Substation", "status": "In service", "city": "Dallas", "county": "Dallas", "state": "Texas", "min_kv": 69, "max_kv": 138, "max_inferred": false, "min_inferred": false, "line_count": 2, "owners": [], "circuits": [], "source_date": "2017-05-01"}}, {"type": "Feature", "geometry": {"type": "Point", "coordinates": [-96.58426, 32.84926]}, "properties": {"id": "309494", "name": "Bobtown Rd", "type": "Substation", "status": "In service", "city": "Garland", "county": "Dallas", "state": "Texas", "min_kv": 69, "max_kv": 138, "max_inferred": false, "min_inferred": false, "line_count": 2, "owners": [{"name": "ONCOR ELECTRIC DELIVERY CO.", "voltages_kv": [138], "miles": 0.0, "named": false}], "circuits": [], "source_date": "2017-05-01"}}, {"type": "Feature", "geometry": {"type": "Point", "coordinates": [-97.3593, 31.85789]}, "properties": {"id": "301937", "name": "Bosque Energy Center", "type": "Substation", "status": "In service", "city": "Laguna Park", "county": "Bosque", "state": "Texas", "min_kv": 69, "max_kv": 138, "max_inferred": true, "min_inferred": true, "line_count": 4, "owners": [{"name": "ONCOR ELECTRIC DELIVERY CO.", "voltages_kv": [345, 138, 69], "miles": 0.0, "named": false}], "circuits": [{"owner": "ONCOR ELECTRIC DELIVERY CO.", "voltage_kv": 345, "miles": 0.04, "from_name": "Elm Mott 345", "to_name": "Bosque"}, {"owner": "ONCOR ELECTRIC DELIVERY CO.", "voltage_kv": 138, "miles": 0.25, "from_name": "Bosque", "to_name": ""}], "source_date": "2017-01-18"}}, {"type": "Feature", "geometry": {"type": "Point", "coordinates": [-96.63771, 32.95226]}, "properties": {"id": "310386", "name": "Brand", "type": "Substation", "status": "In service", "city": "Garland", "county": "Dallas", "state": "Texas", "min_kv": 13.8, "max_kv": 138, "max_inferred": false, "min_inferred": false, "line_count": 2, "owners": [{"name": "ONCOR ELECTRIC DELIVERY CO.", "voltages_kv": [138], "miles": 0.0, "named": false}], "circuits": [], "source_date": "2017-05-01"}}, {"type": "Feature", "geometry": {"type": "Point", "coordinates": [-97.54967, 32.97927]}, "properties": {"id": "308423", "name": "Briar", "type": "Substation", "status": "In service", "city": "Azle", "county": "Parker", "state": "Texas", "min_kv": 13.8, "max_kv": 138, "max_inferred": true, "min_inferred": true, "line_count": 2, "owners": [], "circuits": [], "source_date": "2016-09-26"}}, {"type": "Feature", "geometry": {"type": "Point", "coordinates": [-96.85977, 33.12322]}, "properties": {"id": "310292", "name": "Bridges", "type": "Substation", "status": "In service", "city": "Frisco", "county": "Denton", "state": "Texas", "min_kv": 69, "max_kv": 138, "max_inferred": true, "min_inferred": true, "line_count": 2, "owners": [], "circuits": [], "source_date": "2017-05-02"}}, {"type": "Feature", "geometry": {"type": "Point", "coordinates": [-96.7822, 32.79609]}, "properties": {"id": "310351", "name": "Bryan St", "type": "Substation", "status": "In service", "city": "Dallas", "county": "Dallas", "state": "Texas", "min_kv": 69, "max_kv": 138, "max_inferred": false, "min_inferred": false, "line_count": 2, "owners": [], "circuits": [], "source_date": "2017-01-11"}}, {"type": "Feature", "geometry": {"type": "Point", "coordinates": [-96.76423, 32.70481]}, "properties": {"id": "301490", "name": "Buntin Dr", "type": "Substation", "status": "In service", "city": "Dallas", "county": "Dallas", "state": "Texas", "min_kv": 13.8, "max_kv": 138, "max_inferred": true, "min_inferred": true, "line_count": 3, "owners": [{"name": "ONCOR ELECTRIC DELIVERY CO.", "voltages_kv": [138, 69], "miles": 0.0, "named": false}, {"name": "FARMERS ELECTRIC COOP, INC - (TX)", "voltages_kv": [345], "miles": 0.41, "named": false}], "circuits": [{"owner": "ONCOR ELECTRIC DELIVERY CO.", "voltage_kv": 138, "miles": 0.0, "from_name": "Cedar Crest", "to_name": ""}, {"owner": "ONCOR ELECTRIC DELIVERY CO.", "voltage_kv": 69, "miles": 0.0, "from_name": "Cedar Crest", "to_name": ""}], "source_date": "2017-01-13"}}, {"type": "Feature", "geometry": {"type": "Point", "coordinates": [-97.44972, 32.73615]}, "properties": {"id": "307548", "name": "Calmont", "type": "Substation", "status": "In service", "city": "Fort Worth", "county": "Tarrant", "state": "Texas", "min_kv": 13.8, "max_kv": 138, "max_inferred": false, "min_inferred": false, "line_count": 8, "owners": [{"name": "ONCOR ELECTRIC DELIVERY CO.", "voltages_kv": [69], "miles": 0.0, "named": false}], "circuits": [], "source_date": "2017-05-01"}}, {"type": "Feature", "geometry": {"type": "Point", "coordinates": [-96.89454, 32.74214]}, "properties": {"id": "300204", "name": "Calumet", "type": "Substation", "status": "In service", "city": "Dallas", "county": "Dallas", "state": "Texas", "min_kv": 13.8, "max_kv": 138, "max_inferred": false, "min_inferred": false, "line_count": 3, "owners": [], "circuits": [], "source_date": "2015-07-07"}}, {"type": "Feature", "geometry": {"type": "Point", "coordinates": [-96.8156, 32.66178]}, "properties": {"id": "304219", "name": "Camp Wisdom Rd", "type": "Substation", "status": "In service", "city": "Dallas", "county": "Dallas", "state": "Texas", "min_kv": 69, "max_kv": 138, "max_inferred": false, "min_inferred": false, "line_count": 2, "owners": [{"name": "ONCOR ELECTRIC DELIVERY CO.", "voltages_kv": [138], "miles": 0.0, "named": true}], "circuits": [{"owner": "ONCOR ELECTRIC DELIVERY CO.", "voltage_kv": 138, "miles": 0.0, "from_name": "Camp Wisdom Rd", "to_name": ""}, {"owner": "ONCOR ELECTRIC DELIVERY CO.", "voltage_kv": 138, "miles": 0.0, "from_name": "South Hampton", "to_name": "Camp Wisdom Rd"}], "source_date": "2017-01-13"}}, {"type": "Feature", "geometry": {"type": "Point", "coordinates": [-96.86908, 32.95933]}, "properties": {"id": "303498", "name": "Carrollton Country Club", "type": "Substation", "status": "In service", "city": "Carrollton", "county": "Dallas", "state": "Texas", "min_kv": 13.8, "max_kv": 138, "max_inferred": false, "min_inferred": false, "line_count": 1, "owners": [], "circuits": [], "source_date": "2017-02-07"}}, {"type": "Feature", "geometry": {"type": "Point", "coordinates": [-96.88905, 32.97744]}, "properties": {"id": "306666", "name": "Carrollton-Josey Lane", "type": "Substation", "status": "In service", "city": "Carrollton", "county": "Dallas", "state": "Texas", "min_kv": 13.8, "max_kv": 138, "max_inferred": true, "min_inferred": true, "line_count": 4, "owners": [{"name": "ONCOR ELECTRIC DELIVERY CO.", "voltages_kv": [138], "miles": 0.0, "named": true}], "circuits": [{"owner": "ONCOR ELECTRIC DELIVERY CO.", "voltage_kv": 138, "miles": 0.0, "from_name": "Carrollton-Josey Lane", "to_name": "North Lake"}, {"owner": "ONCOR ELECTRIC DELIVERY CO.", "voltage_kv": 138, "miles": 0.0, "from_name": "Carrollton-Josey Lane", "to_name": ""}], "source_date": "2017-05-02"}}, {"type": "Feature", "geometry": {"type": "Point", "coordinates": [-96.85064, 32.98208]}, "properties": {"id": "300254", "name": "Carrollton-Tarpley Road", "type": "Substation", "status": "In service", "city": "Carrollton", "county": "Dallas", "state": "Texas", "min_kv": 13.8, "max_kv": 138, "max_inferred": false, "min_inferred": false, "line_count": 4, "owners": [{"name": "ONCOR ELECTRIC DELIVERY CO.", "voltages_kv": [138], "miles": 0.4, "named": false}], "circuits": [{"owner": "ONCOR ELECTRIC DELIVERY CO.", "voltage_kv": 138, "miles": 0.4, "from_name": "Carrollton-Josey Lane", "to_name": ""}], "source_date": "2017-05-01"}}, {"type": "Feature", "geometry": {"type": "Point", "coordinates": [-96.91275, 32.95042]}, "properties": {"id": "306953", "name": "Carrollton-Upfield", "type": "Substation", "status": "In service", "city": "Carrollton", "county": "Dallas", "state": "Texas", "min_kv": 13.8, "max_kv": 138, "max_inferred": false, "min_inferred": false, "line_count": 3, "owners": [], "circuits": [], "source_date": "2017-05-02"}}, {"type": "Feature", "geometry": {"type": "Point", "coordinates": [-96.61414, 32.92134]}, "properties": {"id": "308293", "name": "Castle", "type": "Substation", "status": "In service", "city": "Garland", "county": "Dallas", "state": "Texas", "min_kv": 69, "max_kv": 138, "max_inferred": false, "min_inferred": false, "line_count": 2, "owners": [{"name": "ONCOR ELECTRIC DELIVERY CO.", "voltages_kv": [69], "miles": 0.0, "named": true}], "circuits": [{"owner": "ONCOR ELECTRIC DELIVERY CO.", "voltage_kv": 69, "miles": 0.0, "from_name": "Castle", "to_name": ""}], "source_date": "2017-04-25"}}, {"type": "Feature", "geometry": {"type": "Point", "coordinates": [-96.80232, 32.72174]}, "properties": {"id": "307422", "name": "Cedar Crest", "type": "Substation", "status": "In service", "city": "Dallas", "county": "Dallas", "state": "Texas", "min_kv": 13.8, "max_kv": 138, "max_inferred": false, "min_inferred": false, "line_count": 4, "owners": [{"name": "ONCOR ELECTRIC DELIVERY CO.", "voltages_kv": [138, 69], "miles": 0.0, "named": true}], "circuits": [{"owner": "ONCOR ELECTRIC DELIVERY CO.", "voltage_kv": 138, "miles": 0.0, "from_name": "Cedar Crest", "to_name": "Cedar Crest Sw"}, {"owner": "ONCOR ELECTRIC DELIVERY CO.", "voltage_kv": 138, "miles": 0.0, "from_name": "Cedar Crest", "to_name": ""}, {"owner": "ONCOR ELECTRIC DELIVERY CO.", "voltage_kv": 69, "miles": 0.0, "from_name": "Cedar Crest", "to_name": ""}], "source_date": "2017-01-13"}}, {"type": "Feature", "geometry": {"type": "Point", "coordinates": [-96.80427, 32.72184]}, "properties": {"id": "309196", "name": "Cedar Crest Sw", "type": "Substation", "status": "In service", "city": "Dallas", "county": "Dallas", "state": "Texas", "min_kv": 13.8, "max_kv": 138, "max_inferred": false, "min_inferred": false, "line_count": 8, "owners": [{"name": "ONCOR ELECTRIC DELIVERY CO.", "voltages_kv": [138, 69], "miles": 0.0, "named": true}], "circuits": [{"owner": "ONCOR ELECTRIC DELIVERY CO.", "voltage_kv": 138, "miles": 0.0, "from_name": "Cedar Crest", "to_name": "Cedar Crest Sw"}, {"owner": "ONCOR ELECTRIC DELIVERY CO.", "voltage_kv": 138, "miles": 0.0, "from_name": "", "to_name": "Cedar Crest Sw"}, {"owner": "ONCOR ELECTRIC DELIVERY CO.", "voltage_kv": 138, "miles": 0.11, "from_name": "Cedar Crest", "to_name": ""}], "source_date": "2017-01-13"}}, {"type": "Feature", "geometry": {"type": "Point", "coordinates": [-96.92458, 32.61496]}, "properties": {"id": "300308", "name": "Cedar Hill", "type": "Substation", "status": "In service", "city": "Cedar Hill", "county": "Dallas", "state": "Texas", "min_kv": 69, "max_kv": 138, "max_inferred": true, "min_inferred": true, "line_count": 3, "owners": [{"name": "ONCOR ELECTRIC DELIVERY CO.", "voltages_kv": [345, 138], "miles": 0.0, "named": true}], "circuits": [{"owner": "ONCOR ELECTRIC DELIVERY CO.", "voltage_kv": 138, "miles": 0.0, "from_name": "Cedar Hill", "to_name": ""}], "source_date": "2017-01-13"}}, {"type": "Feature", "geometry": {"type": "Point", "coordinates": [-96.79357, 32.71919]}, "properties": {"id": "308155", "name": "Cedar Tap", "type": "Tap", "status": "In service", "city": "Dallas", "county": "Dallas", "state": "Texas", "min_kv": 138, "max_kv": 138, "max_inferred": false, "min_inferred": false, "line_count": 3, "owners": [{"name": "ONCOR ELECTRIC DELIVERY CO.", "voltages_kv": [138, 69], "miles": 0.0, "named": false}], "circuits": [{"owner": "ONCOR ELECTRIC DELIVERY CO.", "voltage_kv": 138, "miles": 0.0, "from_name": "", "to_name": "Cedar Crest Sw"}, {"owner": "ONCOR ELECTRIC DELIVERY CO.", "voltage_kv": 138, "miles": 0.03, "from_name": "Cedar Crest", "to_name": ""}, {"owner": "ONCOR ELECTRIC DELIVERY CO.", "voltage_kv": 69, "miles": 0.03, "from_name": "Cedar Crest", "to_name": ""}], "source_date": "2017-01-17"}}, {"type": "Feature", "geometry": {"type": "Point", "coordinates": [-97.5484, 32.93507]}, "properties": {"id": "303888", "name": "Centerpoint", "type": "Substation", "status": "In service", "city": "Reno", "county": "Parker", "state": "Texas", "min_kv": 69, "max_kv": 138, "max_inferred": true, "min_inferred": true, "line_count": 2, "owners": [], "circuits": [], "source_date": "2016-09-26"}}, {"type": "Feature", "geometry": {"type": "Point", "coordinates": [-96.63457, 32.8709]}, "properties": {"id": "306955", "name": "Centerville", "type": "Substation", "status": "In service", "city": "Garland", "county": "Dallas", "state": "Texas", "min_kv": 69, "max_kv": 138, "max_inferred": false, "min_inferred": false, "line_count": 2, "owners": [], "circuits": [], "source_date": "2017-05-01"}}, {"type": "Feature", "geometry": {"type": "Point", "coordinates": [-96.64849, 32.85501]}, "properties": {"id": "306928", "name": "Centerville Rd", "type": "Substation", "status": "In service", "city": "Garland", "county": "Dallas", "state": "Texas", "min_kv": 69, "max_kv": 138, "max_inferred": false, "min_inferred": false, "line_count": 8, "owners": [{"name": "ONCOR ELECTRIC DELIVERY CO.", "voltages_kv": [138], "miles": 0.0, "named": true}], "circuits": [{"owner": "ONCOR ELECTRIC DELIVERY CO.", "voltage_kv": 138, "miles": 0.0, "from_name": "Centerville Rd", "to_name": ""}], "source_date": "2017-02-01"}}, {"type": "Feature", "geometry": {"type": "Point", "coordinates": [-96.8815, 32.81405]}, "properties": {"id": "307489", "name": "Chancellor Row", "type": "Substation", "status": "In service", "city": "Dallas", "county": "Dallas", "state": "Texas", "min_kv": 69, "max_kv": 138, "max_inferred": false, "min_inferred": false, "line_count": 4, "owners": [], "circuits": [], "source_date": "2017-01-17"}}, {"type": "Feature", "geometry": {"type": "Point", "coordinates": [-97.37488, 32.3541]}, "properties": {"id": "300673", "name": "Cleburne", "type": "Substation", "status": "In service", "city": "Cleburne", "county": "Johnson", "state": "Texas", "min_kv": 69, "max_kv": 138, "max_inferred": false, "min_inferred": false, "line_count": 3, "owners": [{"name": "ONCOR ELECTRIC DELIVERY CO.", "voltages_kv": [138], "miles": 0.0, "named": false}], "circuits": [], "source_date": "2017-05-02"}}, {"type": "Feature", "geometry": {"type": "Point", "coordinates": [-96.89229, 32.70487]}, "properties": {"id": "301943", "name": "Cockrell Hill", "type": "Substation", "status": "In service", "city": "Dallas", "county": "Dallas", "state": "Texas", "min_kv": 13.8, "max_kv": 138, "max_inferred": false, "min_inferred": false, "line_count": 4, "owners": [{"name": "ONCOR ELECTRIC DELIVERY CO.", "voltages_kv": [138], "miles": 0.0, "named": true}], "circuits": [{"owner": "ONCOR ELECTRIC DELIVERY CO.", "voltage_kv": 138, "miles": 0.0, "from_name": "Cockrell Hill", "to_name": ""}, {"owner": "ONCOR ELECTRIC DELIVERY CO.", "voltage_kv": 138, "miles": 0.01, "from_name": "Westmoreland", "to_name": ""}], "source_date": "2017-01-13"}}, {"type": "Feature", "geometry": {"type": "Point", "coordinates": [-97.16532, 32.89452]}, "properties": {"id": "306103", "name": "Colleyville", "type": "Substation", "status": "In service", "city": "Colleyville", "county": "Tarrant", "state": "Texas", "min_kv": 69, "max_kv": 138, "max_inferred": false, "min_inferred": false, "line_count": 2, "owners": [{"name": "ONCOR ELECTRIC DELIVERY CO.", "voltages_kv": [138], "miles": 0.0, "named": true}], "circuits": [{"owner": "ONCOR ELECTRIC DELIVERY CO.", "voltage_kv": 138, "miles": 0.0, "from_name": "Colleyville", "to_name": ""}], "source_date": "2015-06-11"}}, {"type": "Feature", "geometry": {"type": "Point", "coordinates": [-96.83674, 32.83589]}, "properties": {"id": "306182", "name": "Collville", "type": "Substation", "status": "In service", "city": "Dallas", "county": "Dallas", "state": "Texas", "min_kv": 69, "max_kv": 138, "max_inferred": true, "min_inferred": true, "line_count": 2, "owners": [{"name": "ONCOR ELECTRIC DELIVERY CO.", "voltages_kv": [138], "miles": 0.0, "named": true}], "circuits": [{"owner": "ONCOR ELECTRIC DELIVERY CO.", "voltage_kv": 138, "miles": 0.0, "from_name": "Maple Ave", "to_name": "Collville"}], "source_date": "2017-01-17"}}, {"type": "Feature", "geometry": {"type": "Point", "coordinates": [-96.80262, 32.74395]}, "properties": {"id": "309151", "name": "Compton St", "type": "Substation", "status": "In service", "city": "Dallas", "county": "Dallas", "state": "Texas", "min_kv": 13.8, "max_kv": 138, "max_inferred": false, "min_inferred": false, "line_count": 4, "owners": [], "circuits": [], "source_date": "2017-01-17"}}, {"type": "Feature", "geometry": {"type": "Point", "coordinates": [-97.0886, 33.15857]}, "properties": {"id": "308795", "name": "Corinth", "type": "Substation", "status": "In service", "city": "Corinth", "county": "Denton", "state": "Texas", "min_kv": 69, "max_kv": 138, "max_inferred": false, "min_inferred": false, "line_count": 2, "owners": [], "circuits": [], "source_date": "2016-12-21"}}, {"type": "Feature", "geometry": {"type": "Point", "coordinates": [-96.62481, 32.9372]}, "properties": {"id": "300474", "name": "Crist Road", "type": "Substation", "status": "Status not published", "city": "Garland", "county": "Dallas", "state": "Texas", "min_kv": 69, "max_kv": 138, "max_inferred": true, "min_inferred": true, "line_count": 0, "owners": [{"name": "ONCOR ELECTRIC DELIVERY CO.", "voltages_kv": [345], "miles": 0.05, "named": false}], "circuits": [{"owner": "ONCOR ELECTRIC DELIVERY CO.", "voltage_kv": 345, "miles": 0.05, "from_name": "McCree", "to_name": ""}], "source_date": "2017-05-02"}}, {"type": "Feature", "geometry": {"type": "Point", "coordinates": [-96.89869, 32.90001]}, "properties": {"id": "310070", "name": "Crown Road", "type": "Substation", "status": "In service", "city": "Dallas", "county": "Dallas", "state": "Texas", "min_kv": 69, "max_kv": 138, "max_inferred": false, "min_inferred": false, "line_count": 3, "owners": [], "circuits": [], "source_date": "2017-02-07"}}, {"type": "Feature", "geometry": {"type": "Point", "coordinates": [-96.92662, 32.63193]}, "properties": {"id": "306234", "name": "Danieldale", "type": "Substation", "status": "In service", "city": "Duncanville", "county": "Dallas", "state": "Texas", "min_kv": 69, "max_kv": 138, "max_inferred": false, "min_inferred": false, "line_count": 1, "owners": [], "circuits": [], "source_date": "2017-01-13"}}, {"type": "Feature", "geometry": {"type": "Point", "coordinates": [-96.85773, 32.74906]}, "properties": {"id": "303153", "name": "Davis St.", "type": "Substation", "status": "In service", "city": "Dallas", "county": "Dallas", "state": "Texas", "min_kv": 13.8, "max_kv": 138, "max_inferred": false, "min_inferred": false, "line_count": 1, "owners": [], "circuits": [], "source_date": "2017-01-17"}}, {"type": "Feature", "geometry": {"type": "Point", "coordinates": [-97.40896, 33.03623]}, "properties": {"id": "306625", "name": "Deadend306625", "type": "Dead End", "status": "Status not published", "city": "Haslet", "county": "Wise", "state": "Texas", "min_kv": 138, "max_kv": 138, "max_inferred": true, "min_inferred": true, "line_count": 1, "owners": [{"name": "ONCOR ELECTRIC DELIVERY CO.", "voltages_kv": [138], "miles": 0.0, "named": false}], "circuits": [], "source_date": "2018-09-11"}}, {"type": "Feature", "geometry": {"type": "Point", "coordinates": [-96.81881, 32.76448]}, "properties": {"id": "301977", "name": "Dealey St", "type": "Substation", "status": "In service", "city": "Dallas", "county": "Dallas", "state": "Texas", "min_kv": 69, "max_kv": 138, "max_inferred": false, "min_inferred": false, "line_count": 2, "owners": [{"name": "ONCOR ELECTRIC DELIVERY CO.", "voltages_kv": [345], "miles": 0.12, "named": false}], "circuits": [{"owner": "ONCOR ELECTRIC DELIVERY CO.", "voltage_kv": 345, "miles": 0.12, "from_name": "West Levee", "to_name": ""}], "source_date": "2015-06-11"}}, {"type": "Feature", "geometry": {"type": "Point", "coordinates": [-97.58723, 33.21446]}, "properties": {"id": "310126", "name": "Decatur", "type": "Substation", "status": "In service", "city": "Decatur", "county": "Wise", "state": "Texas", "min_kv": 69, "max_kv": 138, "max_inferred": true, "min_inferred": true, "line_count": 2, "owners": [{"name": "ONCOR ELECTRIC DELIVERY CO.", "voltages_kv": [138, 69], "miles": 0.0, "named": false}], "circuits": [], "source_date": "2017-01-18"}}, {"type": "Feature", "geometry": {"type": "Point", "coordinates": [-96.87292, 32.84687]}, "properties": {"id": "308818", "name": "Denton Dr", "type": "Substation", "status": "In service", "city": "Dallas", "county": "Dallas", "state": "Texas", "min_kv": 69, "max_kv": 138, "max_inferred": false, "min_inferred": false, "line_count": 6, "owners": [], "circuits": [], "source_date": "2016-07-26"}}, {"type": "Feature", "geometry": {"type": "Point", "coordinates": [-96.87025, 32.84053]}, "properties": {"id": "305432", "name": "Denton Dr Tap", "type": "Tap", "status": "In service", "city": "Dallas", "county": "Dallas", "state": "Texas", "min_kv": 138, "max_kv": 138, "max_inferred": false, "min_inferred": false, "line_count": 3, "owners": [], "circuits": [], "source_date": "2016-09-14"}}, {"type": "Feature", "geometry": {"type": "Point", "coordinates": [-97.13291, 33.25482]}, "properties": {"id": "303023", "name": "Denton North Interchange", "type": "Substation", "status": "In service", "city": "Denton", "county": "Denton", "state": "Texas", "min_kv": 69, "max_kv": 138, "max_inferred": false, "min_inferred": false, "line_count": 6, "owners": [{"name": "ONCOR ELECTRIC DELIVERY CO.", "voltages_kv": [138], "miles": 0.0, "named": true}], "circuits": [{"owner": "ONCOR ELECTRIC DELIVERY CO.", "voltage_kv": 138, "miles": 0.0, "from_name": "Denton North Interchange", "to_name": ""}], "source_date": "2016-12-21"}}, {"type": "Feature", "geometry": {"type": "Point", "coordinates": [-96.85789, 32.60923]}, "properties": {"id": "307826", "name": "Desoto Hampton Rd", "type": "Substation", "status": "In service", "city": "Desoto", "county": "Dallas", "state": "Texas", "min_kv": 69, "max_kv": 138, "max_inferred": false, "min_inferred": false, "line_count": 2, "owners": [{"name": "ONCOR ELECTRIC DELIVERY CO.", "voltages_kv": [138], "miles": 0.0, "named": true}], "circuits": [{"owner": "ONCOR ELECTRIC DELIVERY CO.", "voltage_kv": 138, "miles": 0.0, "from_name": "Desoto Hampton Rd", "to_name": ""}], "source_date": "2017-01-11"}}, {"type": "Feature", "geometry": {"type": "Point", "coordinates": [-96.82763, 32.60155]}, "properties": {"id": "302854", "name": "Desoto Pleasant Run", "type": "Substation", "status": "In service", "city": "Desoto", "county": "Dallas", "state": "Texas", "min_kv": 69, "max_kv": 138, "max_inferred": false, "min_inferred": false, "line_count": 2, "owners": [{"name": "ONCOR ELECTRIC DELIVERY CO.", "voltages_kv": [138], "miles": 0.0, "named": false}], "circuits": [{"owner": "ONCOR ELECTRIC DELIVERY CO.", "voltage_kv": 138, "miles": 0.0, "from_name": "Desoto Hampton Rd", "to_name": ""}], "source_date": "2017-01-11"}}, {"type": "Feature", "geometry": {"type": "Point", "coordinates": [-96.81542, 32.78643]}, "properties": {"id": "307234", "name": "Dragon St", "type": "Substation", "status": "In service", "city": "Dallas", "county": "Dallas", "state": "Texas", "min_kv": 69, "max_kv": 138, "max_inferred": false, "min_inferred": false, "line_count": 6, "owners": [{"name": "ONCOR ELECTRIC DELIVERY CO.", "voltages_kv": [138], "miles": 0.01, "named": false}], "circuits": [{"owner": "ONCOR ELECTRIC DELIVERY CO.", "voltage_kv": 138, "miles": 0.01, "from_name": "800/900 Network", "to_name": ""}, {"owner": "ONCOR ELECTRIC DELIVERY CO.", "voltage_kv": 138, "miles": 0.01, "from_name": "Slocum Terminal", "to_name": ""}, {"owner": "ONCOR ELECTRIC DELIVERY CO.", "voltage_kv": 138, "miles": 0.05, "from_name": "North Network", "to_name": "Slocum Terminal"}], "source_date": "2017-01-17"}}, {"type": "Feature", "geometry": {"type": "Point", "coordinates": [-96.91237, 32.66132]}, "properties": {"id": "308196", "name": "Duncanville", "type": "Substation", "status": "In service", "city": "Duncanville", "county": "Dallas", "state": "Texas", "min_kv": 69, "max_kv": 138, "max_inferred": false, "min_inferred": false, "line_count": 2, "owners": [], "circuits": [], "source_date": "2017-01-13"}}, {"type": "Feature", "geometry": {"type": "Point", "coordinates": [-96.95957, 32.64904]}, "properties": {"id": "310030", "name": "Eagle Ford", "type": "Substation", "status": "In service", "city": "Dallas", "county": "Dallas", "state": "Texas", "min_kv": 69, "max_kv": 138, "max_inferred": false, "min_inferred": false, "line_count": 2, "owners": [{"name": "ONCOR ELECTRIC DELIVERY CO.", "voltages_kv": [345], "miles": 0.01, "named": false}], "circuits": [], "source_date": "2017-01-13"}}, {"type": "Feature", "geometry": {"type": "Point", "coordinates": [-97.47846, 32.90689]}, "properties": {"id": "303910", "name": "Eagle Mountain", "type": "Substation", "status": "In service", "city": "Eagle Mountain", "county": "Tarrant", "state": "Texas", "min_kv": 69, "max_kv": 138, "max_inferred": false, "min_inferred": false, "line_count": 7, "owners": [{"name": "ONCOR ELECTRIC DELIVERY CO.", "voltages_kv": [345, 138], "miles": 0.0, "named": false}], "circuits": [{"owner": "ONCOR ELECTRIC DELIVERY CO.", "voltage_kv": 138, "miles": 0.0, "from_name": "Peden Rd", "to_name": ""}], "source_date": "2017-05-02"}}, {"type": "Feature", "geometry": {"type": "Point", "coordinates": [-97.46795, 32.90825]}, "properties": {"id": "308226", "name": "Eagle Mountain", "type": "Substation", "status": "Status not published", "city": "Eagle Mountain", "county": "Tarrant", "state": "Texas", "min_kv": 69, "max_kv": 138, "max_inferred": false, "min_inferred": false, "line_count": 0, "owners": [{"name": "ONCOR ELECTRIC DELIVERY CO.", "voltages_kv": [345, 138], "miles": 0.0, "named": false}], "circuits": [{"owner": "ONCOR ELECTRIC DELIVERY CO.", "voltage_kv": 138, "miles": 0.01, "from_name": "Peden Rd", "to_name": ""}], "source_date": "2017-05-02"}}, {"type": "Feature", "geometry": {"type": "Point", "coordinates": [-96.81971, 32.78392]}, "properties": {"id": "306336", "name": "East Levee", "type": "Substation", "status": "In service", "city": "Dallas", "county": "Dallas", "state": "Texas", "min_kv": 69, "max_kv": 138, "max_inferred": false, "min_inferred": false, "line_count": 12, "owners": [{"name": "ONCOR ELECTRIC DELIVERY CO.", "voltages_kv": [345, 138], "miles": 0.0, "named": false}], "circuits": [{"owner": "ONCOR ELECTRIC DELIVERY CO.", "voltage_kv": 138, "miles": 0.0, "from_name": "Slocum Terminal", "to_name": ""}, {"owner": "ONCOR ELECTRIC DELIVERY CO.", "voltage_kv": 138, "miles": 0.14, "from_name": "800/900 Network", "to_name": ""}, {"owner": "ONCOR ELECTRIC DELIVERY CO.", "voltage_kv": 138, "miles": 0.35, "from_name": "North Network", "to_name": "Slocum Terminal"}], "source_date": "2017-01-17"}}, {"type": "Feature", "geometry": {"type": "Point", "coordinates": [-96.57249, 32.77529]}, "properties": {"id": "301621", "name": "East Mesquite", "type": "Substation", "status": "In service", "city": "Mesquite", "county": "Dallas", "state": "Texas", "min_kv": 69, "max_kv": 138, "max_inferred": false, "min_inferred": false, "line_count": 4, "owners": [{"name": "ONCOR ELECTRIC DELIVERY CO.", "voltages_kv": [138], "miles": 0.0, "named": false}], "circuits": [{"owner": "ONCOR ELECTRIC DELIVERY CO.", "voltage_kv": 138, "miles": 0.0, "from_name": "West Mesquite", "to_name": ""}], "source_date": "2017-01-11"}}, {"type": "Feature", "geometry": {"type": "Point", "coordinates": [-96.77691, 32.78567]}, "properties": {"id": "301824", "name": "East Network", "type": "Substation", "status": "In service", "city": "Dallas", "county": "Dallas", "state": "Texas", "min_kv": 69, "max_kv": 138, "max_inferred": false, "min_inferred": false, "line_count": 4, "owners": [{"name": "ONCOR ELECTRIC DELIVERY CO.", "voltages_kv": [138], "miles": 0.0, "named": false}], "circuits": [{"owner": "ONCOR ELECTRIC DELIVERY CO.", "voltage_kv": 138, "miles": 0.0, "from_name": "Medill Term", "to_name": ""}], "source_date": "2017-01-11"}}, {"type": "Feature", "geometry": {"type": "Point", "coordinates": [-96.70079, 32.9568]}, "properties": {"id": "304992", "name": "East Richardson Switching Station", "type": "Substation", "status": "In service", "city": "Richardson", "county": "Dallas", "state": "Texas", "min_kv": 13.8, "max_kv": 138, "max_inferred": false, "min_inferred": false, "line_count": 5, "owners": [{"name": "ONCOR ELECTRIC DELIVERY CO.", "voltages_kv": [138], "miles": 0.0, "named": true}], "circuits": [{"owner": "ONCOR ELECTRIC DELIVERY CO.", "voltage_kv": 138, "miles": 0.0, "from_name": "East Richardson Switching Station", "to_name": "Richardson Woodhaven"}, {"owner": "ONCOR ELECTRIC DELIVERY CO.", "voltage_kv": 138, "miles": 0.0, "from_name": "Apollo", "to_name": "East Richardson Switching Station"}], "source_date": "2017-05-01"}}, {"type": "Feature", "geometry": {"type": "Point", "coordinates": [-96.68861, 32.83541]}, "properties": {"id": "304627", "name": "East Zacha", "type": "Substation", "status": "In service", "city": "Dallas", "county": "Dallas", "state": "Texas", "min_kv": 69, "max_kv": 138, "max_inferred": false, "min_inferred": false, "line_count": 4, "owners": [], "circuits": [], "source_date": "2017-01-10"}}, {"type": "Feature", "geometry": {"type": "Point", "coordinates": [-97.29461, 33.01286]}, "properties": {"id": "310491", "name": "Elizabeth Creek", "type": "Substation", "status": "In service", "city": "Fort Worth", "county": "Denton", "state": "Texas", "min_kv": 13.8, "max_kv": 138, "max_inferred": true, "min_inferred": true, "line_count": 2, "owners": [], "circuits": [], "source_date": "2017-02-15"}}, {"type": "Feature", "geometry": {"type": "Point", "coordinates": [-96.86232, 32.82591]}, "properties": {"id": "305636", "name": "Empire Central", "type": "Substation", "status": "In service", "city": "Dallas", "county": "Dallas", "state": "Texas", "min_kv": 69, "max_kv": 138, "max_inferred": false, "min_inferred": false, "line_count": 2, "owners": [{"name": "ONCOR ELECTRIC DELIVERY CO.", "voltages_kv": [138], "miles": 0.0, "named": true}], "circuits": [{"owner": "ONCOR ELECTRIC DELIVERY CO.", "voltage_kv": 138, "miles": 0.0, "from_name": "Empire Central", "to_name": ""}], "source_date": "2016-08-22"}}, {"type": "Feature", "geometry": {"type": "Point", "coordinates": [-97.09931, 32.86532]}, "properties": {"id": "304416", "name": "Euless", "type": "Substation", "status": "In service", "city": "Euless", "county": "Tarrant", "state": "Texas", "min_kv": 69, "max_kv": 138, "max_inferred": false, "min_inferred": false, "line_count": 4, "owners": [{"name": "ONCOR ELECTRIC DELIVERY CO.", "voltages_kv": [138], "miles": 0.0, "named": false}], "circuits": [{"owner": "ONCOR ELECTRIC DELIVERY CO.", "voltage_kv": 138, "miles": 0.0, "from_name": "Riser300108", "to_name": ""}], "source_date": "2017-05-02"}}, {"type": "Feature", "geometry": {"type": "Point", "coordinates": [-97.12214, 32.81508]}, "properties": {"id": "308361", "name": "Euless South", "type": "Substation", "status": "In service", "city": "Euless", "county": "Tarrant", "state": "Texas", "min_kv": 69, "max_kv": 138, "max_inferred": false, "min_inferred": false, "line_count": 4, "owners": [{"name": "ONCOR ELECTRIC DELIVERY CO.", "voltages_kv": [138], "miles": 0.0, "named": false}], "circuits": [], "source_date": "2016-12-21"}}, {"type": "Feature", "geometry": {"type": "Point", "coordinates": [-96.6617, 32.91365]}, "properties": {"id": "309873", "name": "Fairdale", "type": "Substation", "status": "In service", "city": "Garland", "county": "Dallas", "state": "Texas", "min_kv": 69, "max_kv": 138, "max_inferred": false, "min_inferred": false, "line_count": 4, "owners": [{"name": "ONCOR ELECTRIC DELIVERY CO.", "voltages_kv": [138], "miles": 0.0, "named": true}], "circuits": [{"owner": "ONCOR ELECTRIC DELIVERY CO.", "voltage_kv": 138, "miles": 0.0, "from_name": "Fairdale", "to_name": ""}], "source_date": "2016-12-21"}}, {"type": "Feature", "geometry": {"type": "Point", "coordinates": [-96.83323, 32.94679]}, "properties": {"id": "309263", "name": "Farmers Branch Gillis", "type": "Substation", "status": "In service", "city": "Farmers Branch", "county": "Dallas", "state": "Texas", "min_kv": 69, "max_kv": 138, "max_inferred": false, "min_inferred": false, "line_count": 2, "owners": [], "circuits": [], "source_date": "2017-02-07"}}, {"type": "Feature", "geometry": {"type": "Point", "coordinates": [-97.40513, 32.70971]}, "properties": {"id": "304207", "name": "Faron Street", "type": "Substation", "status": "In service", "city": "Fort Worth", "county": "Tarrant", "state": "Texas", "min_kv": 13.8, "max_kv": 138, "max_inferred": false, "min_inferred": false, "line_count": 3, "owners": [{"name": "ONCOR ELECTRIC DELIVERY CO.", "voltages_kv": [138], "miles": 0.0, "named": false}], "circuits": [], "source_date": "2015-08-27"}}, {"type": "Feature", "geometry": {"type": "Point", "coordinates": [-96.64037, 32.98126]}, "properties": {"id": "304500", "name": "Firewheel", "type": "Substation", "status": "In service", "city": "Garland", "county": "Dallas", "state": "Texas", "min_kv": 13.8, "max_kv": 138, "max_inferred": false, "min_inferred": false, "line_count": 2, "owners": [{"name": "ONCOR ELECTRIC DELIVERY CO.", "voltages_kv": [138], "miles": 0.0, "named": false}], "circuits": [], "source_date": "2017-05-01"}}, {"type": "Feature", "geometry": {"type": "Point", "coordinates": [-96.9866, 32.73153]}, "properties": {"id": "300222", "name": "Fish Creek 138", "type": "Substation", "status": "In service", "city": "Dallas", "county": "Dallas", "state": "Texas", "min_kv": 13.8, "max_kv": 138, "max_inferred": false, "min_inferred": false, "line_count": 5, "owners": [], "circuits": [], "source_date": "2017-01-13"}}, {"type": "Feature", "geometry": {"type": "Point", "coordinates": [-97.28608, 32.64479]}, "properties": {"id": "308530", "name": "Forest Hill", "type": "Substation", "status": "In service", "city": "Fort Worth", "county": "Tarrant", "state": "Texas", "min_kv": 69, "max_kv": 138, "max_inferred": false, "min_inferred": false, "line_count": 3, "owners": [{"name": "ONCOR ELECTRIC DELIVERY CO.", "voltages_kv": [138], "miles": 0.0, "named": false}], "circuits": [{"owner": "ONCOR ELECTRIC DELIVERY CO.", "voltage_kv": 138, "miles": 0.0, "from_name": "Joshua", "to_name": ""}, {"owner": "ONCOR ELECTRIC DELIVERY CO.", "voltage_kv": 138, "miles": 0.0, "from_name": "Forest Hill Switching Station", "to_name": ""}], "source_date": "2016-12-21"}}, {"type": "Feature", "geometry": {"type": "Point", "coordinates": [-97.28708, 32.64479]}, "properties": {"id": "304820", "name": "Forest Hill Switching Station", "type": "Substation", "status": "In service", "city": "Fort Worth", "county": "Tarrant", "state": "Texas", "min_kv": 69, "max_kv": 138, "max_inferred": false, "min_inferred": false, "line_count": 6, "owners": [{"name": "ONCOR ELECTRIC DELIVERY CO.", "voltages_kv": [138], "miles": 0.0, "named": true}], "circuits": [{"owner": "ONCOR ELECTRIC DELIVERY CO.", "voltage_kv": 138, "miles": 0.0, "from_name": "Forest Hill Switching Station", "to_name": ""}, {"owner": "ONCOR ELECTRIC DELIVERY CO.", "voltage_kv": 138, "miles": 0.05, "from_name": "Joshua", "to_name": ""}], "source_date": "2017-05-01"}}, {"type": "Feature", "geometry": {"type": "Point", "coordinates": [-97.15854, 33.16173]}, "properties": {"id": "309928", "name": "Fort Worth", "type": "Substation", "status": "In service", "city": "Denton", "county": "Denton", "state": "Texas", "min_kv": 69, "max_kv": 138, "max_inferred": false, "min_inferred": false, "line_count": 2, "owners": [{"name": "ONCOR ELECTRIC DELIVERY CO.", "voltages_kv": [138], "miles": 0.03, "named": false}], "circuits": [], "source_date": "2015-06-11"}}, {"type": "Feature", "geometry": {"type": "Point", "coordinates": [-96.67763, 32.90094]}, "properties": {"id": "300179", "name": "Garland", "type": "Substation", "status": "In service", "city": "Garland", "county": "Dallas", "state": "Texas", "min_kv": 69, "max_kv": 138, "max_inferred": false, "min_inferred": false, "line_count": 2, "owners": [{"name": "ONCOR ELECTRIC DELIVERY CO.", "voltages_kv": [138, 69], "miles": 0.0, "named": false}], "circuits": [], "source_date": "2017-04-25"}}, {"type": "Feature", "geometry": {"type": "Point", "coordinates": [-96.99361, 32.72919]}, "properties": {"id": "304578", "name": "Grand Prairie", "type": "Substation", "status": "Status not published", "city": "Grand Prairie", "county": "Dallas", "state": "Texas", "min_kv": 13.8, "max_kv": 138, "max_inferred": false, "min_inferred": false, "line_count": 0, "owners": [], "circuits": [], "source_date": "2016-08-25"}}, {"type": "Feature", "geometry": {"type": "Point", "coordinates": [-96.99374, 32.72969]}, "properties": {"id": "307614", "name": "Grand Prairie", "type": "Substation", "status": "In service", "city": "Grand Prairie", "county": "Dallas", "state": "Texas", "min_kv": 13.8, "max_kv": 138, "max_inferred": false, "min_inferred": false, "line_count": 3, "owners": [], "circuits": [], "source_date": "2017-01-11"}}, {"type": "Feature", "geometry": {"type": "Point", "coordinates": [-97.24016, 32.33663]}, "properties": {"id": "300239", "name": "Grandview Tmpp", "type": "Substation", "status": "In service", "city": "Alvarado", "county": "Johnson", "state": "Texas", "min_kv": 69, "max_kv": 138, "max_inferred": false, "min_inferred": false, "line_count": 3, "owners": [], "circuits": [], "source_date": "2017-05-01"}}, {"type": "Feature", "geometry": {"type": "Point", "coordinates": [-97.08496, 32.92613]}, "properties": {"id": "300938", "name": "Grapevine Ball Street", "type": "Substation", "status": "In service", "city": "Grapevine", "county": "Tarrant", "state": "Texas", "min_kv": 69, "max_kv": 138, "max_inferred": false, "min_inferred": false, "line_count": 2, "owners": [], "circuits": [], "source_date": "2016-12-21"}}, {"type": "Feature", "geometry": {"type": "Point", "coordinates": [-96.85844, 32.69929]}, "properties": {"id": "309000", "name": "Hampton Rd", "type": "Substation", "status": "In service", "city": "Dallas", "county": "Dallas", "state": "Texas", "min_kv": 13.8, "max_kv": 138, "max_inferred": false, "min_inferred": false, "line_count": 4, "owners": [], "circuits": [], "source_date": "2017-01-13"}}, {"type": "Feature", "geometry": {"type": "Point", "coordinates": [-96.74596, 32.78214]}, "properties": {"id": "307687", "name": "Haskell Ave", "type": "Substation", "status": "In service", "city": "Dallas", "county": "Dallas", "state": "Texas", "min_kv": 69, "max_kv": 138, "max_inferred": false, "min_inferred": false, "line_count": 2, "owners": [], "circuits": [], "source_date": "2017-01-11"}}, {"type": "Feature", "geometry": {"type": "Point", "coordinates": [-96.90397, 33.04829]}, "properties": {"id": "308947", "name": "Hebron", "type": "Substation", "status": "In service", "city": "Lewisville", "county": "Denton", "state": "Texas", "min_kv": 69, "max_kv": 138, "max_inferred": false, "min_inferred": false, "line_count": 3, "owners": [{"name": "ONCOR ELECTRIC DELIVERY CO.", "voltages_kv": [345, 138], "miles": 0.0, "named": true}], "circuits": [{"owner": "ONCOR ELECTRIC DELIVERY CO.", "voltage_kv": 138, "miles": 0.0, "from_name": "Carrollton Frankford", "to_name": "Hebron"}, {"owner": "ONCOR ELECTRIC DELIVERY CO.", "voltage_kv": 138, "miles": 0.0, "from_name": "", "to_name": "Hebron"}, {"owner": "ONCOR ELECTRIC DELIVERY CO.", "voltage_kv": 345, "miles": 0.02, "from_name": "Northwest Carrollton", "to_name": ""}], "source_date": "2017-05-02"}}, {"type": "Feature", "geometry": {"type": "Point", "coordinates": [-96.85678, 33.01218]}, "properties": {"id": "303105", "name": "Hebron Rosemeade", "type": "Substation", "status": "In service", "city": "Carrollton", "county": "Denton", "state": "Texas", "min_kv": 13.8, "max_kv": 138, "max_inferred": false, "min_inferred": false, "line_count": 2, "owners": [], "circuits": [], "source_date": "2017-02-07"}}, {"type": "Feature", "geometry": {"type": "Point", "coordinates": [-97.33238, 32.73939]}, "properties": {"id": "303771", "name": "Hemphill", "type": "Substation", "status": "In service", "city": "Fort Worth", "county": "Tarrant", "state": "Texas", "min_kv": 13.8, "max_kv": 138, "max_inferred": false, "min_inferred": false, "line_count": 4, "owners": [{"name": "ONCOR ELECTRIC DELIVERY CO.", "voltages_kv": [138], "miles": 0.3, "named": false}], "circuits": [], "source_date": "2017-04-24"}}, {"type": "Feature", "geometry": {"type": "Point", "coordinates": [-97.05195, 33.08599]}, "properties": {"id": "309017", "name": "Highland", "type": "Substation", "status": "In service", "city": "Highland Village", "county": "Denton", "state": "Texas", "min_kv": 69, "max_kv": 138, "max_inferred": false, "min_inferred": false, "line_count": 2, "owners": [{"name": "ONCOR ELECTRIC DELIVERY CO.", "voltages_kv": [138], "miles": 0.0, "named": false}], "circuits": [], "source_date": "2017-05-02"}}, {"type": "Feature", "geometry": {"type": "Point", "coordinates": [-97.03525, 33.07217]}, "properties": {"id": "303093", "name": "Highlands", "type": "Substation", "status": "In service", "city": "Lewisville", "county": "Denton", "state": "Texas", "min_kv": 69, "max_kv": 138, "max_inferred": false, "min_inferred": false, "line_count": 3, "owners": [], "circuits": [], "source_date": "2017-05-02"}}, {"type": "Feature", "geometry": {"type": "Point", "coordinates": [-97.13695, 32.0148]}, "properties": {"id": "310524", "name": "Hillsboro", "type": "Substation", "status": "In service", "city": "Hillsboro", "county": "Hill", "state": "Texas", "min_kv": 69, "max_kv": 138, "max_inferred": true, "min_inferred": true, "line_count": 7, "owners": [{"name": "ONCOR ELECTRIC DELIVERY CO.", "voltages_kv": [345, 138], "miles": 0.0, "named": false}], "circuits": [{"owner": "ONCOR ELECTRIC DELIVERY CO.", "voltage_kv": 138, "miles": 0.0, "from_name": "Bosque", "to_name": ""}], "source_date": "2015-08-27"}}, {"type": "Feature", "geometry": {"type": "Point", "coordinates": [-96.70533, 32.63036]}, "properties": {"id": "308602", "name": "Hutchins", "type": "Substation", "status": "In service", "city": "Hutchins", "county": "Dallas", "state": "Texas", "min_kv": 69, "max_kv": 138, "max_inferred": true, "min_inferred": true, "line_count": 2, "owners": [{"name": "ONCOR ELECTRIC DELIVERY CO.", "voltages_kv": [138], "miles": 0.0, "named": false}], "circuits": [], "source_date": "2017-01-13"}}, {"type": "Feature", "geometry": {"type": "Point", "coordinates": [-97.10115, 33.19955]}, "properties": {"id": "304225", "name": "Industrial", "type": "Substation", "status": "In service", "city": "Denton", "county": "Denton", "state": "Texas", "min_kv": 69, "max_kv": 138, "max_inferred": false, "min_inferred": false, "line_count": 2, "owners": [{"name": "ONCOR ELECTRIC DELIVERY CO.", "voltages_kv": [138], "miles": 0.0, "named": false}], "circuits": [{"owner": "ONCOR ELECTRIC DELIVERY CO.", "voltage_kv": 138, "miles": 0.15, "from_name": "McKinney", "to_name": ""}, {"owner": "ONCOR ELECTRIC DELIVERY CO.", "voltage_kv": 138, "miles": 0.27, "from_name": "Pockrus", "to_name": ""}], "source_date": "2016-12-21"}}, {"type": "Feature", "geometry": {"type": "Point", "coordinates": [-96.78914, 32.75911]}, "properties": {"id": "308424", "name": "Industrial Boulevard Sw", "type": "Substation", "status": "In service", "city": "Dallas", "county": "Dallas", "state": "Texas", "min_kv": 69, "max_kv": 138, "max_inferred": false, "min_inferred": false, "line_count": 6, "owners": [{"name": "ONCOR ELECTRIC DELIVERY CO.", "voltages_kv": [138], "miles": 0.0, "named": false}], "circuits": [], "source_date": "2017-01-17"}}, {"type": "Feature", "geometry": {"type": "Point", "coordinates": [-96.97452, 32.81592]}, "properties": {"id": "300874", "name": "Irving", "type": "Substation", "status": "In service", "city": "Irving", "county": "Dallas", "state": "Texas", "min_kv": 69, "max_kv": 138, "max_inferred": false, "min_inferred": false, "line_count": 4, "owners": [{"name": "ONCOR ELECTRIC DELIVERY CO.", "voltages_kv": [138], "miles": 0.0, "named": false}], "circuits": [{"owner": "ONCOR ELECTRIC DELIVERY CO.", "voltage_kv": 138, "miles": 0.0, "from_name": "Liggett", "to_name": ""}], "source_date": "2017-01-17"}}, {"type": "Feature", "geometry": {"type": "Point", "coordinates": [-96.99111, 32.84447]}, "properties": {"id": "300894", "name": "Irving Belt Line", "type": "Substation", "status": "In service", "city": "Irving", "county": "Dallas", "state": "Texas", "min_kv": 69, "max_kv": 138, "max_inferred": false, "min_inferred": false, "line_count": 2, "owners": [], "circuits": [], "source_date": "2017-02-01"}}, {"type": "Feature", "geometry": {"type": "Point", "coordinates": [-96.94534, 32.81719]}, "properties": {"id": "303818", "name": "Irving Grant St", "type": "Substation", "status": "In service", "city": "Irving", "county": "Dallas", "state": "Texas", "min_kv": 69, "max_kv": 138, "max_inferred": false, "min_inferred": false, "line_count": 4, "owners": [{"name": "ONCOR ELECTRIC DELIVERY CO.", "voltages_kv": [138], "miles": 0.0, "named": false}], "circuits": [], "source_date": "2017-01-17"}}, {"type": "Feature", "geometry": {"type": "Point", "coordinates": [-96.99381, 32.7848]}, "properties": {"id": "307757", "name": "Irving Hunter Ferrell", "type": "Substation", "status": "In service", "city": "Irving", "county": "Dallas", "state": "Texas", "min_kv": 69, "max_kv": 138, "max_inferred": true, "min_inferred": true, "line_count": 1, "owners": [{"name": "ONCOR ELECTRIC DELIVERY CO.", "voltages_kv": [138], "miles": 0.0, "named": false}], "circuits": [], "source_date": "2017-05-01"}}, {"type": "Feature", "geometry": {"type": "Point", "coordinates": [-97.15509, 32.15658]}, "properties": {"id": "306382", "name": "Itasca", "type": "Substation", "status": "In service", "city": "Itasca", "county": "Hill", "state": "Texas", "min_kv": 69, "max_kv": 138, "max_inferred": false, "min_inferred": false, "line_count": 2, "owners": [{"name": "ONCOR ELECTRIC DELIVERY CO.", "voltages_kv": [138], "miles": 0.0, "named": false}], "circuits": [], "source_date": "2017-05-02"}}, {"type": "Feature", "geometry": {"type": "Point", "coordinates": [-97.21132, 33.22023]}, "properties": {"id": "303507", "name": "Jim Christal", "type": "Substation", "status": "In service", "city": "Denton", "county": "Denton", "state": "Texas", "min_kv": 69, "max_kv": 138, "max_inferred": false, "min_inferred": false, "line_count": 2, "owners": [{"name": "NOT AVAILABLE", "voltages_kv": [138], "miles": 0.11, "named": false}, {"name": "ONCOR ELECTRIC DELIVERY CO.", "voltages_kv": [138], "miles": 0.12, "named": false}], "circuits": [], "source_date": "2016-09-22"}}, {"type": "Feature", "geometry": {"type": "Point", "coordinates": [-96.69846, 32.78725]}, "properties": {"id": "304971", "name": "Jim Miller Pump", "type": "Substation", "status": "In service", "city": "Dallas", "county": "Dallas", "state": "Texas", "min_kv": 69, "max_kv": 138, "max_inferred": false, "min_inferred": false, "line_count": 2, "owners": [{"name": "ONCOR ELECTRIC DELIVERY CO.", "voltages_kv": [138], "miles": 0.0, "named": false}], "circuits": [], "source_date": "2017-01-11"}}, {"type": "Feature", "geometry": {"type": "Point", "coordinates": [-97.004, 33.06418]}, "properties": {"id": "303645", "name": "Jones Street", "type": "Substation", "status": "In service", "city": "Lewisville", "county": "Denton", "state": "Texas", "min_kv": 69, "max_kv": 138, "max_inferred": false, "min_inferred": false, "line_count": 2, "owners": [{"name": "ONCOR ELECTRIC DELIVERY CO.", "voltages_kv": [345], "miles": 0.15, "named": false}], "circuits": [{"owner": "ONCOR ELECTRIC DELIVERY CO.", "voltage_kv": 345, "miles": 0.15, "from_name": "Northwest Carrollton", "to_name": ""}], "source_date": "2017-05-02"}}, {"type": "Feature", "geometry": {"type": "Point", "coordinates": [-97.38388, 32.46187]}, "properties": {"id": "303567", "name": "Joshua", "type": "Substation", "status": "In service", "city": "Joshua", "county": "Johnson", "state": "Texas", "min_kv": 69, "max_kv": 138, "max_inferred": true, "min_inferred": true, "line_count": 2, "owners": [{"name": "ONCOR ELECTRIC DELIVERY CO.", "voltages_kv": [138], "miles": 0.0, "named": true}], "circuits": [{"owner": "ONCOR ELECTRIC DELIVERY CO.", "voltage_kv": 138, "miles": 0.0, "from_name": "Joshua", "to_name": ""}], "source_date": "2017-05-02"}}, {"type": "Feature", "geometry": {"type": "Point", "coordinates": [-97.33611, 32.3674]}, "properties": {"id": "310016", "name": "Keene", "type": "Substation", "status": "In service", "city": "Keene", "county": "Johnson", "state": "Texas", "min_kv": 69, "max_kv": 138, "max_inferred": false, "min_inferred": false, "line_count": 2, "owners": [], "circuits": [], "source_date": "2017-05-02"}}, {"type": "Feature", "geometry": {"type": "Point", "coordinates": [-97.25657, 32.92059]}, "properties": {"id": "309396", "name": "Keller Wall Price", "type": "Substation", "status": "In service", "city": "Keller", "county": "Tarrant", "state": "Texas", "min_kv": 69, "max_kv": 138, "max_inferred": false, "min_inferred": false, "line_count": 4, "owners": [{"name": "ONCOR ELECTRIC DELIVERY CO.", "voltages_kv": [138], "miles": 0.0, "named": false}], "circuits": [], "source_date": "2017-05-01"}}, {"type": "Feature", "geometry": {"type": "Point", "coordinates": [-96.76397, 32.89291]}, "properties": {"id": "302096", "name": "Kirkland Park", "type": "Substation", "status": "In service", "city": "Dallas", "county": "Dallas", "state": "Texas", "min_kv": 69, "max_kv": 138, "max_inferred": false, "min_inferred": false, "line_count": 5, "owners": [{"name": "ONCOR ELECTRIC DELIVERY CO.", "voltages_kv": [138], "miles": 0.0, "named": false}], "circuits": [], "source_date": "2017-05-01"}}, {"type": "Feature", "geometry": {"type": "Point", "coordinates": [-96.61388, 32.66762]}, "properties": {"id": "304030", "name": "Kleburg", "type": "Substation", "status": "In service", "city": "Dallas", "county": "Dallas", "state": "Texas", "min_kv": 69, "max_kv": 138, "max_inferred": false, "min_inferred": false, "line_count": 1, "owners": [], "circuits": [], "source_date": "2017-01-13"}}, {"type": "Feature", "geometry": {"type": "Point", "coordinates": [-96.81956, 32.96239]}, "properties": {"id": "300407", "name": "Knoll Trail", "type": "Substation", "status": "In service", "city": "Dallas", "county": "Dallas", "state": "Texas", "min_kv": 13.8, "max_kv": 138, "max_inferred": false, "min_inferred": false, "line_count": 3, "owners": [], "circuits": [], "source_date": "2017-02-01"}}, {"type": "Feature", "geometry": {"type": "Point", "coordinates": [-97.21028, 33.2187]}, "properties": {"id": "307984", "name": "Krum Tap Switch", "type": "Tap", "status": "In service", "city": "Denton", "county": "Denton", "state": "Texas", "min_kv": 138, "max_kv": 138, "max_inferred": true, "min_inferred": true, "line_count": 3, "owners": [{"name": "NOT AVAILABLE", "voltages_kv": [138], "miles": 0.0, "named": false}, {"name": "ONCOR ELECTRIC DELIVERY CO.", "voltages_kv": [138], "miles": 0.0, "named": false}], "circuits": [], "source_date": "2016-09-22"}}, {"type": "Feature", "geometry": {"type": "Point", "coordinates": [-96.5477, 32.83698]}, "properties": {"id": "309945", "name": "Lake Hubbard", "type": "Substation", "status": "In service", "city": "Dallas", "county": "Dallas", "state": "Texas", "min_kv": 69, "max_kv": 138, "max_inferred": false, "min_inferred": false, "line_count": 9, "owners": [{"name": "FARMERS ELECTRIC COOP, INC - (TX)", "voltages_kv": [138], "miles": 0.0, "named": true}, {"name": "ONCOR ELECTRIC DELIVERY CO.", "voltages_kv": [138], "miles": 0.0, "named": true}], "circuits": [{"owner": "FARMERS ELECTRIC COOP, INC - (TX)", "voltage_kv": 138, "miles": 0.0, "from_name": "Lake Hubbard", "to_name": ""}, {"owner": "ONCOR ELECTRIC DELIVERY CO.", "voltage_kv": 138, "miles": 0.0, "from_name": "Lake Hubbard", "to_name": ""}, {"owner": "ONCOR ELECTRIC DELIVERY CO.", "voltage_kv": 138, "miles": 0.06, "from_name": "Centerville Rd", "to_name": ""}], "source_date": "2015-06-11"}}, {"type": "Feature", "geometry": {"type": "Point", "coordinates": [-96.52771, 32.80589]}, "properties": {"id": "307409", "name": "Lake Hubbard Pump Station", "type": "Substation", "status": "Status not published", "city": "Dallas", "county": "Dallas", "state": "Texas", "min_kv": 69, "max_kv": 138, "max_inferred": true, "min_inferred": true, "line_count": 0, "owners": [{"name": "FARMERS ELECTRIC COOP, INC - (TX)", "voltages_kv": [138], "miles": 0.0, "named": true}], "circuits": [{"owner": "FARMERS ELECTRIC COOP, INC - (TX)", "voltage_kv": 138, "miles": 0.0, "from_name": "Lake Hubbard Pump Station", "to_name": ""}, {"owner": "FARMERS ELECTRIC COOP, INC - (TX)", "voltage_kv": 138, "miles": 0.4, "from_name": "Lake Hubbard", "to_name": ""}], "source_date": "2016-08-23"}}, {"type": "Feature", "geometry": {"type": "Point", "coordinates": [-96.5486, 32.83735]}, "properties": {"id": "306845", "name": "Lake Hubbard Ses", "type": "Substation", "status": "In service", "city": "Dallas", "county": "Dallas", "state": "Texas", "min_kv": 69, "max_kv": 138, "max_inferred": false, "min_inferred": false, "line_count": 15, "owners": [{"name": "ONCOR ELECTRIC DELIVERY CO.", "voltages_kv": [138], "miles": 0.0, "named": false}, {"name": "FARMERS ELECTRIC COOP, INC - (TX)", "voltages_kv": [138], "miles": 0.05, "named": false}], "circuits": [{"owner": "ONCOR ELECTRIC DELIVERY CO.", "voltage_kv": 138, "miles": 0.0, "from_name": "Centerville Rd", "to_name": ""}, {"owner": "ONCOR ELECTRIC DELIVERY CO.", "voltage_kv": 138, "miles": 0.0, "from_name": "Lake Hubbard", "to_name": ""}, {"owner": "FARMERS ELECTRIC COOP, INC - (TX)", "voltage_kv": 138, "miles": 0.05, "from_name": "Lake Hubbard", "to_name": ""}], "source_date": "2017-01-10"}}, {"type": "Feature", "geometry": {"type": "Point", "coordinates": [-96.65336, 32.73047]}, "properties": {"id": "301987", "name": "Lake June Pump", "type": "Substation", "status": "In service", "city": "Dallas", "county": "Dallas", "state": "Texas", "min_kv": 13.8, "max_kv": 138, "max_inferred": false, "min_inferred": false, "line_count": 2, "owners": [{"name": "ONCOR ELECTRIC DELIVERY CO.", "voltages_kv": [138], "miles": 0.0, "named": false}], "circuits": [{"owner": "ONCOR ELECTRIC DELIVERY CO.", "voltage_kv": 138, "miles": 0.13, "from_name": "Prairie Creek Sw", "to_name": ""}], "source_date": "2017-01-11"}}, {"type": "Feature", "geometry": {"type": "Point", "coordinates": [-96.84463, 32.86541]}, "properties": {"id": "306550", "name": "Lakemont", "type": "Substation", "status": "In service", "city": "Dallas", "county": "Dallas", "state": "Texas", "min_kv": 69, "max_kv": 138, "max_inferred": false, "min_inferred": false, "line_count": 2, "owners": [{"name": "ONCOR ELECTRIC DELIVERY CO.", "voltages_kv": [138], "miles": 0.0, "named": true}], "circuits": [{"owner": "ONCOR ELECTRIC DELIVERY CO.", "voltage_kv": 138, "miles": 0.0, "from_name": "Lakemont", "to_name": ""}], "source_date": "2016-08-19"}}, {"type": "Feature", "geometry": {"type": "Point", "coordinates": [-96.7815, 32.58593]}, "properties": {"id": "309889", "name": "Lancaster", "type": "Substation", "status": "In service", "city": "Lancaster", "county": "Dallas", "state": "Texas", "min_kv": 69, "max_kv": 138, "max_inferred": false, "min_inferred": false, "line_count": 2, "owners": [], "circuits": [], "source_date": "2017-01-11"}}, {"type": "Feature", "geometry": {"type": "Point", "coordinates": [-96.92488, 32.85762]}, "properties": {"id": "309519", "name": "Las Colinas", "type": "Substation", "status": "In service", "city": "Irving", "county": "Dallas", "state": "Texas", "min_kv": 69, "max_kv": 138, "max_inferred": false, "min_inferred": false, "line_count": 3, "owners": [], "circuits": [], "source_date": "2017-01-10"}}, {"type": "Feature", "geometry": {"type": "Point", "coordinates": [-96.56306, 32.70774]}, "properties": {"id": "308884", "name": "Lawson Rd", "type": "Substation", "status": "In service", "city": "Mesquite", "county": "Dallas", "state": "Texas", "min_kv": 13.8, "max_kv": 138, "max_inferred": false, "min_inferred": false, "line_count": 2, "owners": [{"name": "ONCOR ELECTRIC DELIVERY CO.", "voltages_kv": [138], "miles": 0.0, "named": true}], "circuits": [{"owner": "ONCOR ELECTRIC DELIVERY CO.", "voltage_kv": 138, "miles": 0.0, "from_name": "", "to_name": "Lawson Rd"}], "source_date": "2017-01-13"}}, {"type": "Feature", "geometry": {"type": "Point", "coordinates": [-96.73019, 32.82083]}, "properties": {"id": "307523", "name": "Lawther Dr", "type": "Substation", "status": "In service", "city": "Dallas", "county": "Dallas", "state": "Texas", "min_kv": 69, "max_kv": 138, "max_inferred": false, "min_inferred": false, "line_count": 4, "owners": [], "circuits": [], "source_date": "2017-01-10"}}, {"type": "Feature", "geometry": {"type": "Point", "coordinates": [-97.19503, 32.49086]}, "properties": {"id": "301024", "name": "Lillian", "type": "Substation", "status": "In service", "city": "Lillian", "county": "Johnson", "state": "Texas", "min_kv": 69, "max_kv": 138, "max_inferred": true, "min_inferred": true, "line_count": 4, "owners": [{"name": "ONCOR ELECTRIC DELIVERY CO.", "voltages_kv": [138, 69], "miles": 0.0, "named": true}], "circuits": [{"owner": "ONCOR ELECTRIC DELIVERY CO.", "voltage_kv": 138, "miles": 0.0, "from_name": "Lillian", "to_name": ""}, {"owner": "ONCOR ELECTRIC DELIVERY CO.", "voltage_kv": 69, "miles": 0.0, "from_name": "Lillian", "to_name": ""}], "source_date": "2017-05-02"}}, {"type": "Feature", "geometry": {"type": "Point", "coordinates": [-96.8918, 32.86517]}, "properties": {"id": "309993", "name": "Lombardy Ln", "type": "Substation", "status": "In service", "city": "Dallas", "county": "Dallas", "state": "Texas", "min_kv": 69, "max_kv": 138, "max_inferred": false, "min_inferred": false, "line_count": 4, "owners": [{"name": "ONCOR ELECTRIC DELIVERY CO.", "voltages_kv": [138], "miles": 0.0, "named": true}], "circuits": [{"owner": "ONCOR ELECTRIC DELIVERY CO.", "voltage_kv": 138, "miles": 0.0, "from_name": "Lombardy Ln", "to_name": ""}], "source_date": "2016-08-22"}}, {"type": "Feature", "geometry": {"type": "Point", "coordinates": [-96.88313, 32.6781]}, "properties": {"id": "301117", "name": "Love Bird", "type": "Substation", "status": "In service", "city": "Dallas", "county": "Dallas", "state": "Texas", "min_kv": 69, "max_kv": 138, "max_inferred": false, "min_inferred": false, "line_count": 2, "owners": [], "circuits": [], "source_date": "2017-01-13"}}, {"type": "Feature", "geometry": {"type": "Point", "coordinates": [-96.56916, 32.84516]}, "properties": {"id": "302956", "name": "Lyons", "type": "Substation", "status": "In service", "city": "Garland", "county": "Dallas", "state": "Texas", "min_kv": 69, "max_kv": 138, "max_inferred": false, "min_inferred": false, "line_count": 2, "owners": [], "circuits": [], "source_date": "2017-01-11"}}, {"type": "Feature", "geometry": {"type": "Point", "coordinates": [-96.83362, 32.81933]}, "properties": {"id": "303940", "name": "Maple Ave", "type": "Substation", "status": "In service", "city": "Dallas", "county": "Dallas", "state": "Texas", "min_kv": 69, "max_kv": 138, "max_inferred": false, "min_inferred": false, "line_count": 4, "owners": [{"name": "ONCOR ELECTRIC DELIVERY CO.", "voltages_kv": [138], "miles": 0.0, "named": true}], "circuits": [{"owner": "ONCOR ELECTRIC DELIVERY CO.", "voltage_kv": 138, "miles": 0.0, "from_name": "Maple Ave", "to_name": "Collville"}], "source_date": "2017-01-17"}}, {"type": "Feature", "geometry": {"type": "Point", "coordinates": [-96.67766, 32.90219]}, "properties": {"id": "305507", "name": "Marquis", "type": "Substation", "status": "In service", "city": "Garland", "county": "Dallas", "state": "Texas", "min_kv": 69, "max_kv": 138, "max_inferred": false, "min_inferred": false, "line_count": 3, "owners": [{"name": "ONCOR ELECTRIC DELIVERY CO.", "voltages_kv": [138, 69], "miles": 0.0, "named": false}], "circuits": [], "source_date": "2016-12-21"}}, {"type": "Feature", "geometry": {"type": "Point", "coordinates": [-96.76896, 32.81414]}, "properties": {"id": "304891", "name": "Matilda", "type": "Substation", "status": "In service", "city": "Dallas", "county": "Dallas", "state": "Texas", "min_kv": 69, "max_kv": 138, "max_inferred": false, "min_inferred": false, "line_count": 2, "owners": [], "circuits": [], "source_date": "2017-01-17"}}, {"type": "Feature", "geometry": {"type": "Point", "coordinates": [-97.07533, 33.0142]}, "properties": {"id": "309323", "name": "McKamy", "type": "Substation", "status": "In service", "city": "Flower Mound", "county": "Denton", "state": "Texas", "min_kv": 13.8, "max_kv": 138, "max_inferred": false, "min_inferred": false, "line_count": 1, "owners": [], "circuits": [], "source_date": "2017-01-23"}}, {"type": "Feature", "geometry": {"type": "Point", "coordinates": [-96.76552, 32.77416]}, "properties": {"id": "302799", "name": "Medill Term", "type": "Substation", "status": "In service", "city": "Dallas", "county": "Dallas", "state": "Texas", "min_kv": 69, "max_kv": 138, "max_inferred": false, "min_inferred": false, "line_count": 6, "owners": [{"name": "ONCOR ELECTRIC DELIVERY CO.", "voltages_kv": [138], "miles": 0.0, "named": true}], "circuits": [{"owner": "ONCOR ELECTRIC DELIVERY CO.", "voltage_kv": 138, "miles": 0.0, "from_name": "Medill Term", "to_name": ""}], "source_date": "2017-01-11"}}, {"type": "Feature", "geometry": {"type": "Point", "coordinates": [-96.57546, 32.76006]}, "properties": {"id": "309395", "name": "Mesquite", "type": "Substation", "status": "In service", "city": "Mesquite", "county": "Dallas", "state": "Texas", "min_kv": 69, "max_kv": 138, "max_inferred": false, "min_inferred": false, "line_count": 2, "owners": [{"name": "ONCOR ELECTRIC DELIVERY CO.", "voltages_kv": [138], "miles": 0.0, "named": true}], "circuits": [{"owner": "ONCOR ELECTRIC DELIVERY CO.", "voltage_kv": 138, "miles": 0.0, "from_name": "", "to_name": "Mesquite"}], "source_date": "2017-01-11"}}, {"type": "Feature", "geometry": {"type": "Point", "coordinates": [-96.65987, 32.78327]}, "properties": {"id": "300198", "name": "Mesquite Forney Rd", "type": "Substation", "status": "In service", "city": "Mesquite", "county": "Dallas", "state": "Texas", "min_kv": 69, "max_kv": 138, "max_inferred": false, "min_inferred": false, "line_count": 2, "owners": [{"name": "ONCOR ELECTRIC DELIVERY CO.", "voltages_kv": [138], "miles": 0.0, "named": false}], "circuits": [{"owner": "ONCOR ELECTRIC DELIVERY CO.", "voltage_kv": 138, "miles": 0.4, "from_name": "Mesquite Western Electric", "to_name": "Prairie Creek Sw"}, {"owner": "ONCOR ELECTRIC DELIVERY CO.", "voltage_kv": 138, "miles": 0.43, "from_name": "Prairie Creek Sw", "to_name": ""}], "source_date": "2017-01-11"}}, {"type": "Feature", "geometry": {"type": "Point", "coordinates": [-96.60932, 32.81954]}, "properties": {"id": "305580", "name": "Mesquite Town East", "type": "Substation", "status": "In service", "city": "Mesquite", "county": "Dallas", "state": "Texas", "min_kv": 69, "max_kv": 138, "max_inferred": false, "min_inferred": false, "line_count": 2, "owners": [], "circuits": [], "source_date": "2017-01-11"}}, {"type": "Feature", "geometry": {"type": "Point", "coordinates": [-96.64253, 32.77679]}, "properties": {"id": "300031", "name": "Mesquite Western Electric", "type": "Substation", "status": "In service", "city": "Mesquite", "county": "Dallas", "state": "Texas", "min_kv": 69, "max_kv": 138, "max_inferred": false, "min_inferred": false, "line_count": 2, "owners": [{"name": "ONCOR ELECTRIC DELIVERY CO.", "voltages_kv": [138], "miles": 0.0, "named": true}], "circuits": [{"owner": "ONCOR ELECTRIC DELIVERY CO.", "voltage_kv": 138, "miles": 0.0, "from_name": "Mesquite Western Electric", "to_name": "West Mesquite"}, {"owner": "ONCOR ELECTRIC DELIVERY CO.", "voltage_kv": 138, "miles": 0.0, "from_name": "Mesquite Western Electric", "to_name": "Prairie Creek Sw"}], "source_date": "2017-01-11"}}, {"type": "Feature", "geometry": {"type": "Point", "coordinates": [-96.99081, 32.46736]}, "properties": {"id": "301934", "name": "Midlothian South", "type": "Substation", "status": "Status not published", "city": "Midlothian", "county": "Ellis", "state": "Texas", "min_kv": 69, "max_kv": 138, "max_inferred": true, "min_inferred": true, "line_count": 0, "owners": [{"name": "ONCOR ELECTRIC DELIVERY CO.", "voltages_kv": [138], "miles": 0.0, "named": false}], "circuits": [], "source_date": "2017-05-02"}}, {"type": "Feature", "geometry": {"type": "Point", "coordinates": [-96.6024, 32.89458]}, "properties": {"id": "309618", "name": "Miller", "type": "Substation", "status": "In service", "city": "Garland", "county": "Dallas", "state": "Texas", "min_kv": 69, "max_kv": 138, "max_inferred": false, "min_inferred": false, "line_count": 3, "owners": [{"name": "ONCOR ELECTRIC DELIVERY CO.", "voltages_kv": [138], "miles": 0.0, "named": false}], "circuits": [], "source_date": "2017-05-01"}}, {"type": "Feature", "geometry": {"type": "Point", "coordinates": [-97.35371, 32.73454]}, "properties": {"id": "309404", "name": "Mistletoe Heights", "type": "Substation", "status": "In service", "city": "Fort Worth", "county": "Tarrant", "state": "Texas", "min_kv": 13.8, "max_kv": 138, "max_inferred": false, "min_inferred": false, "line_count": 2, "owners": [], "circuits": [], "source_date": "2016-12-21"}}, {"type": "Feature", "geometry": {"type": "Point", "coordinates": [-96.89344, 32.88317]}, "properties": {"id": "303713", "name": "Morrison Lane", "type": "Substation", "status": "In service", "city": "Dallas", "county": "Dallas", "state": "Texas", "min_kv": 69, "max_kv": 138, "max_inferred": false, "min_inferred": false, "line_count": 4, "owners": [{"name": "ONCOR ELECTRIC DELIVERY CO.", "voltages_kv": [138], "miles": 0.0, "named": false}], "circuits": [{"owner": "ONCOR ELECTRIC DELIVERY CO.", "voltage_kv": 138, "miles": 0.0, "from_name": "Lombardy Ln", "to_name": ""}], "source_date": "2017-05-01"}}, {"type": "Feature", "geometry": {"type": "Point", "coordinates": [-96.93539, 32.72437]}, "properties": {"id": "303914", "name": "Mountain Creek Ses", "type": "Substation", "status": "In service", "city": "Dallas", "county": "Dallas", "state": "Texas", "min_kv": 13.8, "max_kv": 138, "max_inferred": false, "min_inferred": false, "line_count": 10, "owners": [{"name": "ONCOR ELECTRIC DELIVERY CO.", "voltages_kv": [345, 138, 69], "miles": 0.0, "named": false}], "circuits": [{"owner": "ONCOR ELECTRIC DELIVERY CO.", "voltage_kv": 138, "miles": 0.0, "from_name": "Westmoreland", "to_name": ""}, {"owner": "ONCOR ELECTRIC DELIVERY CO.", "voltage_kv": 138, "miles": 0.0, "from_name": "Cockrell Hill", "to_name": ""}, {"owner": "ONCOR ELECTRIC DELIVERY CO.", "voltage_kv": 69, "miles": 0.0, "from_name": "Westmoreland", "to_name": ""}], "source_date": "2017-01-13"}}, {"type": "Feature", "geometry": {"type": "Point", "coordinates": [-96.68255, 32.70575]}, "properties": {"id": "307831", "name": "Murdock Rd", "type": "Substation", "status": "In service", "city": "Dallas", "county": "Dallas", "state": "Texas", "min_kv": 13.8, "max_kv": 138, "max_inferred": false, "min_inferred": false, "line_count": 2, "owners": [{"name": "ONCOR ELECTRIC DELIVERY CO.", "voltages_kv": [138], "miles": 0.0, "named": true}], "circuits": [{"owner": "ONCOR ELECTRIC DELIVERY CO.", "voltage_kv": 138, "miles": 0.0, "from_name": "Murdock Rd", "to_name": ""}, {"owner": "ONCOR ELECTRIC DELIVERY CO.", "voltage_kv": 138, "miles": 0.0, "from_name": "", "to_name": "Murdock Rd"}], "source_date": "2017-01-11"}}, {"type": "Feature", "geometry": {"type": "Point", "coordinates": [-96.91786, 33.22111]}, "properties": {"id": "308863", "name": "Navo", "type": "Substation", "status": "In service", "city": "Little Elm", "county": "Denton", "state": "Texas", "min_kv": 69, "max_kv": 138, "max_inferred": false, "min_inferred": false, "line_count": 2, "owners": [{"name": "ONCOR ELECTRIC DELIVERY CO.", "voltages_kv": [138], "miles": 0.0, "named": false}], "circuits": [{"owner": "ONCOR ELECTRIC DELIVERY CO.", "voltage_kv": 138, "miles": 0.0, "from_name": "Panther Creek", "to_name": ""}], "source_date": "2017-05-02"}}, {"type": "Feature", "geometry": {"type": "Point", "coordinates": [-96.93489, 32.84434]}, "properties": {"id": "309854", "name": "Ne Irving", "type": "Substation", "status": "In service", "city": "Irving", "county": "Dallas", "state": "Texas", "min_kv": 69, "max_kv": 138, "max_inferred": false, "min_inferred": false, "line_count": 1, "owners": [], "circuits": [], "source_date": "2016-08-19"}}, {"type": "Feature", "geometry": {"type": "Point", "coordinates": [-97.09885, 33.24999]}, "properties": {"id": "304537", "name": "New Kings Row", "type": "Substation", "status": "In service", "city": "Denton", "county": "Denton", "state": "Texas", "min_kv": 138, "max_kv": 138, "max_inferred": false, "min_inferred": true, "line_count": 2, "owners": [], "circuits": [], "source_date": "2016-12-21"}}, {"type": "Feature", "geometry": {"type": "Point", "coordinates": [-97.38943, 32.38868]}, "properties": {"id": "300778", "name": "North Cleburne", "type": "Substation", "status": "In service", "city": "Cleburne", "county": "Johnson", "state": "Texas", "min_kv": 69, "max_kv": 138, "max_inferred": false, "min_inferred": false, "line_count": 2, "owners": [], "circuits": [], "source_date": "2016-12-21"}}, {"type": "Feature", "geometry": {"type": "Point", "coordinates": [-96.81005, 32.90138]}, "properties": {"id": "306521", "name": "North Haven Switching", "type": "Substation", "status": "In service", "city": "Dallas", "county": "Dallas", "state": "Texas", "min_kv": 69, "max_kv": 138, "max_inferred": false, "min_inferred": false, "line_count": 3, "owners": [], "circuits": [], "source_date": "2017-02-01"}}, {"type": "Feature", "geometry": {"type": "Point", "coordinates": [-96.9757, 32.95133]}, "properties": {"id": "309171", "name": "North Lake", "type": "Substation", "status": "In service", "city": "Dallas", "county": "Dallas", "state": "Texas", "min_kv": 13.8, "max_kv": 138, "max_inferred": false, "min_inferred": false, "line_count": 6, "owners": [{"name": "ONCOR ELECTRIC DELIVERY CO.", "voltages_kv": [138], "miles": 0.0, "named": true}], "circuits": [{"owner": "ONCOR ELECTRIC DELIVERY CO.", "voltage_kv": 138, "miles": 0.0, "from_name": "North Lake", "to_name": ""}, {"owner": "ONCOR ELECTRIC DELIVERY CO.", "voltage_kv": 138, "miles": 0.0, "from_name": "Carrollton-Josey Lane", "to_name": "North Lake"}], "source_date": "2017-02-08"}}, {"type": "Feature", "geometry": {"type": "Point", "coordinates": [-97.33587, 32.76225]}, "properties": {"id": "310389", "name": "North Main", "type": "Substation", "status": "In service", "city": "Fort Worth", "county": "Tarrant", "state": "Texas", "min_kv": 69, "max_kv": 138, "max_inferred": false, "min_inferred": false, "line_count": 5, "owners": [{"name": "ONCOR ELECTRIC DELIVERY CO.", "voltages_kv": [138, 69], "miles": 0.0, "named": true}], "circuits": [{"owner": "ONCOR ELECTRIC DELIVERY CO.", "voltage_kv": 138, "miles": 0.0, "from_name": "North Main", "to_name": ""}, {"owner": "ONCOR ELECTRIC DELIVERY CO.", "voltage_kv": 138, "miles": 0.0, "from_name": "", "to_name": "North Main"}], "source_date": "2017-05-01"}}, {"type": "Feature", "geometry": {"type": "Point", "coordinates": [-96.63988, 32.81944]}, "properties": {"id": "302808", "name": "North Mesquite", "type": "Substation", "status": "In service", "city": "Mesquite", "county": "Dallas", "state": "Texas", "min_kv": 69, "max_kv": 138, "max_inferred": false, "min_inferred": false, "line_count": 2, "owners": [{"name": "ONCOR ELECTRIC DELIVERY CO.", "voltages_kv": [138], "miles": 0.0, "named": false}], "circuits": [], "source_date": "2017-01-11"}}, {"type": "Feature", "geometry": {"type": "Point", "coordinates": [-96.64341, 32.82326]}, "properties": {"id": "307946", "name": "North Mesquite Tap", "type": "Tap", "status": "In service", "city": "Mesquite", "county": "Dallas", "state": "Texas", "min_kv": 138, "max_kv": 138, "max_inferred": false, "min_inferred": false, "line_count": 3, "owners": [{"name": "ONCOR ELECTRIC DELIVERY CO.", "voltages_kv": [138], "miles": 0.0, "named": false}], "circuits": [], "source_date": "2017-01-11"}}, {"type": "Feature", "geometry": {"type": "Point", "coordinates": [-96.79649, 32.79534]}, "properties": {"id": "308389", "name": "North Network", "type": "Substation", "status": "In service", "city": "Dallas", "county": "Dallas", "state": "Texas", "min_kv": 69, "max_kv": 138, "max_inferred": false, "min_inferred": false, "line_count": 2, "owners": [{"name": "ONCOR ELECTRIC DELIVERY CO.", "voltages_kv": [138], "miles": 0.0, "named": true}], "circuits": [{"owner": "ONCOR ELECTRIC DELIVERY CO.", "voltage_kv": 138, "miles": 0.0, "from_name": "North Network", "to_name": "Slocum Terminal"}], "source_date": "2017-01-17"}}, {"type": "Feature", "geometry": {"type": "Point", "coordinates": [-96.91545, 32.81532]}, "properties": {"id": "300738", "name": "Norwood Sw", "type": "Substation", "status": "In service", "city": "Irving", "county": "Dallas", "state": "Texas", "min_kv": 69, "max_kv": 138, "max_inferred": false, "min_inferred": false, "line_count": 6, "owners": [{"name": "ONCOR ELECTRIC DELIVERY CO.", "voltages_kv": [345, 138], "miles": 0.0, "named": true}], "circuits": [{"owner": "ONCOR ELECTRIC DELIVERY CO.", "voltage_kv": 138, "miles": 0.0, "from_name": "Norwood Sw", "to_name": ""}], "source_date": "2017-01-17"}}, {"type": "Feature", "geometry": {"type": "Point", "coordinates": [-97.04394, 32.92695]}, "properties": {"id": "304821", "name": "Nw Term", "type": "Substation", "status": "Status not published", "city": "Grapevine", "county": "Tarrant", "state": "Texas", "min_kv": 69, "max_kv": 138, "max_inferred": true, "min_inferred": true, "line_count": 0, "owners": [], "circuits": [], "source_date": "2017-01-18"}}, {"type": "Feature", "geometry": {"type": "Point", "coordinates": [-96.74747, 32.75184]}, "properties": {"id": "301397", "name": "Oakland Ave", "type": "Substation", "status": "In service", "city": "Dallas", "county": "Dallas", "state": "Texas", "min_kv": 13.8, "max_kv": 138, "max_inferred": false, "min_inferred": false, "line_count": 3, "owners": [], "circuits": [], "source_date": "2017-01-17"}}, {"type": "Feature", "geometry": {"type": "Point", "coordinates": [-96.61404, 32.84529]}, "properties": {"id": "310444", "name": "Oates", "type": "Substation", "status": "In service", "city": "Garland", "county": "Dallas", "state": "Texas", "min_kv": 69, "max_kv": 138, "max_inferred": false, "min_inferred": false, "line_count": 2, "owners": [{"name": "ONCOR ELECTRIC DELIVERY CO.", "voltages_kv": [138], "miles": 0.0, "named": false}], "circuits": [], "source_date": "2015-06-11"}}, {"type": "Feature", "geometry": {"type": "Point", "coordinates": [-96.83962, 32.70105]}, "properties": {"id": "306188", "name": "P.T.S.", "type": "Substation", "status": "In service", "city": "Dallas", "county": "Dallas", "state": "Texas", "min_kv": 13.8, "max_kv": 138, "max_inferred": false, "min_inferred": false, "line_count": 4, "owners": [], "circuits": [], "source_date": "2017-01-13"}}, {"type": "Feature", "geometry": {"type": "Point", "coordinates": [-96.877, 33.20319]}, "properties": {"id": "300982", "name": "Panther Creek", "type": "Substation", "status": "In service", "city": "Frisco", "county": "Denton", "state": "Texas", "min_kv": 69, "max_kv": 138, "max_inferred": false, "min_inferred": false, "line_count": 2, "owners": [{"name": "ONCOR ELECTRIC DELIVERY CO.", "voltages_kv": [138], "miles": 0.0, "named": true}], "circuits": [{"owner": "ONCOR ELECTRIC DELIVERY CO.", "voltage_kv": 138, "miles": 0.0, "from_name": "Panther Creek", "to_name": ""}], "source_date": "2017-05-02"}}, {"type": "Feature", "geometry": {"type": "Point", "coordinates": [-96.72409, 32.77571]}, "properties": {"id": "308839", "name": "Parkdale Ses", "type": "Substation", "status": "In service", "city": "Dallas", "county": "Dallas", "state": "Texas", "min_kv": 69, "max_kv": 138, "max_inferred": false, "min_inferred": false, "line_count": 15, "owners": [{"name": "ONCOR ELECTRIC DELIVERY CO.", "voltages_kv": [138], "miles": 0.0, "named": true}], "circuits": [{"owner": "ONCOR ELECTRIC DELIVERY CO.", "voltage_kv": 138, "miles": 0.0, "from_name": "Parkdale Ses", "to_name": ""}, {"owner": "ONCOR ELECTRIC DELIVERY CO.", "voltage_kv": 138, "miles": 0.0, "from_name": "", "to_name": "Parkdale Ses"}], "source_date": "2017-01-11"}}, {"type": "Feature", "geometry": {"type": "Point", "coordinates": [-96.86936, 32.57476]}, "properties": {"id": "305799", "name": "Parkerville Rd", "type": "Substation", "status": "In service", "city": "Desoto", "county": "Dallas", "state": "Texas", "min_kv": 69, "max_kv": 138, "max_inferred": false, "min_inferred": false, "line_count": 2, "owners": [{"name": "ONCOR ELECTRIC DELIVERY CO.", "voltages_kv": [345], "miles": 0.02, "named": false}], "circuits": [], "source_date": "2017-01-13"}}, {"type": "Feature", "geometry": {"type": "Point", "coordinates": [-97.45456, 32.94099]}, "properties": {"id": "307622", "name": "Peden Rd", "type": "Substation", "status": "In service", "city": "Pecan Acres", "county": "Tarrant", "state": "Texas", "min_kv": 69, "max_kv": 138, "max_inferred": true, "min_inferred": true, "line_count": 2, "owners": [{"name": "ONCOR ELECTRIC DELIVERY CO.", "voltages_kv": [138], "miles": 0.0, "named": true}], "circuits": [{"owner": "ONCOR ELECTRIC DELIVERY CO.", "voltage_kv": 138, "miles": 0.0, "from_name": "Peden Rd", "to_name": ""}], "source_date": "2017-05-02"}}, {"type": "Feature", "geometry": {"type": "Point", "coordinates": [-96.70055, 32.7274]}, "properties": {"id": "305957", "name": "Pleasant Grove", "type": "Substation", "status": "In service", "city": "Dallas", "county": "Dallas", "state": "Texas", "min_kv": 13.8, "max_kv": 138, "max_inferred": false, "min_inferred": false, "line_count": 2, "owners": [{"name": "ONCOR ELECTRIC DELIVERY CO.", "voltages_kv": [138], "miles": 0.0, "named": false}], "circuits": [], "source_date": "2017-01-17"}}, {"type": "Feature", "geometry": {"type": "Point", "coordinates": [-97.08506, 33.17216]}, "properties": {"id": "300412", "name": "Pockrus", "type": "Substation", "status": "In service", "city": "Denton", "county": "Denton", "state": "Texas", "min_kv": 69, "max_kv": 138, "max_inferred": false, "min_inferred": false, "line_count": 2, "owners": [{"name": "ONCOR ELECTRIC DELIVERY CO.", "voltages_kv": [138], "miles": 0.0, "named": true}], "circuits": [{"owner": "ONCOR ELECTRIC DELIVERY CO.", "voltage_kv": 138, "miles": 0.0, "from_name": "Pockrus", "to_name": ""}], "source_date": "2016-12-21"}}, {"type": "Feature", "geometry": {"type": "Point", "coordinates": [-96.83949, 32.73328]}, "properties": {"id": "300394", "name": "Polk St", "type": "Substation", "status": "Status not published", "city": "Dallas", "county": "Dallas", "state": "Texas", "min_kv": 13.8, "max_kv": 138, "max_inferred": true, "min_inferred": true, "line_count": 0, "owners": [], "circuits": [], "source_date": "2016-08-25"}}, {"type": "Feature", "geometry": {"type": "Point", "coordinates": [-96.66281, 32.77724]}, "properties": {"id": "309345", "name": "Prairie Creek Sw", "type": "Substation", "status": "In service", "city": "Dallas", "county": "Dallas", "state": "Texas", "min_kv": 69, "max_kv": 138, "max_inferred": false, "min_inferred": false, "line_count": 7, "owners": [{"name": "ONCOR ELECTRIC DELIVERY CO.", "voltages_kv": [138], "miles": 0.0, "named": true}], "circuits": [{"owner": "ONCOR ELECTRIC DELIVERY CO.", "voltage_kv": 138, "miles": 0.0, "from_name": "Prairie Creek Sw", "to_name": ""}, {"owner": "ONCOR ELECTRIC DELIVERY CO.", "voltage_kv": 138, "miles": 0.0, "from_name": "Mesquite Western Electric", "to_name": "Prairie Creek Sw"}, {"owner": "ONCOR ELECTRIC DELIVERY CO.", "voltage_kv": 138, "miles": 0.08, "from_name": "Parkdale Ses", "to_name": ""}], "source_date": "2017-01-11"}}, {"type": "Feature", "geometry": {"type": "Point", "coordinates": [-96.66413, 32.77686]}, "properties": {"id": "301475", "name": "Prairiecreek", "type": "Substation", "status": "In service", "city": "Dallas", "county": "Dallas", "state": "Texas", "min_kv": 69, "max_kv": 138, "max_inferred": false, "min_inferred": false, "line_count": 4, "owners": [{"name": "ONCOR ELECTRIC DELIVERY CO.", "voltages_kv": [138], "miles": 0.0, "named": false}], "circuits": [{"owner": "ONCOR ELECTRIC DELIVERY CO.", "voltage_kv": 138, "miles": 0.0, "from_name": "Parkdale Ses", "to_name": ""}, {"owner": "ONCOR ELECTRIC DELIVERY CO.", "voltage_kv": 138, "miles": 0.08, "from_name": "Prairie Creek Sw", "to_name": ""}, {"owner": "ONCOR ELECTRIC DELIVERY CO.", "voltage_kv": 138, "miles": 0.08, "from_name": "Mesquite Western Electric", "to_name": "Prairie Creek Sw"}], "source_date": "2017-01-17"}}, {"type": "Feature", "geometry": {"type": "Point", "coordinates": [-96.80097, 32.97646]}, "properties": {"id": "300061", "name": "Preston North", "type": "Substation", "status": "In service", "city": "Dallas", "county": "Dallas", "state": "Texas", "min_kv": 13.8, "max_kv": 138, "max_inferred": false, "min_inferred": false, "line_count": 2, "owners": [], "circuits": [], "source_date": "2017-02-06"}}, {"type": "Feature", "geometry": {"type": "Point", "coordinates": [-97.18138, 33.20881]}, "properties": {"id": "306833", "name": "R.D. Wells Interchange", "type": "Substation", "status": "In service", "city": "Denton", "county": "Denton", "state": "Texas", "min_kv": 69, "max_kv": 138, "max_inferred": false, "min_inferred": false, "line_count": 2, "owners": [], "circuits": [], "source_date": "2016-09-26"}}, {"type": "Feature", "geometry": {"type": "Point", "coordinates": [-96.81921, 32.80368]}, "properties": {"id": "309054", "name": "Reagan St", "type": "Substation", "status": "In service", "city": "Dallas", "county": "Dallas", "state": "Texas", "min_kv": 69, "max_kv": 138, "max_inferred": false, "min_inferred": false, "line_count": 4, "owners": [{"name": "ONCOR ELECTRIC DELIVERY CO.", "voltages_kv": [138], "miles": 0.0, "named": false}], "circuits": [], "source_date": "2017-01-30"}}, {"type": "Feature", "geometry": {"type": "Point", "coordinates": [-96.85588, 32.81807]}, "properties": {"id": "307179", "name": "Record Crossing", "type": "Substation", "status": "In service", "city": "Dallas", "county": "Dallas", "state": "Texas", "min_kv": 69, "max_kv": 138, "max_inferred": false, "min_inferred": false, "line_count": 2, "owners": [], "circuits": [], "source_date": "2015-06-11"}}, {"type": "Feature", "geometry": {"type": "Point", "coordinates": [-96.88335, 32.82974]}, "properties": {"id": "303634", "name": "Regal Row", "type": "Substation", "status": "In service", "city": "Dallas", "county": "Dallas", "state": "Texas", "min_kv": 69, "max_kv": 138, "max_inferred": false, "min_inferred": false, "line_count": 4, "owners": [{"name": "ONCOR ELECTRIC DELIVERY CO.", "voltages_kv": [138], "miles": 0.0, "named": false}], "circuits": [{"owner": "ONCOR ELECTRIC DELIVERY CO.", "voltage_kv": 138, "miles": 0.0, "from_name": "Empire Central", "to_name": ""}], "source_date": "2016-08-22"}}, {"type": "Feature", "geometry": {"type": "Point", "coordinates": [-97.49353, 33.06131]}, "properties": {"id": "304603", "name": "Rhome", "type": "Substation", "status": "In service", "city": "Aurora", "county": "Wise", "state": "Texas", "min_kv": 69, "max_kv": 138, "max_inferred": false, "min_inferred": false, "line_count": 2, "owners": [{"name": "ONCOR ELECTRIC DELIVERY CO.", "voltages_kv": [138], "miles": 0.0, "named": true}], "circuits": [{"owner": "ONCOR ELECTRIC DELIVERY CO.", "voltage_kv": 138, "miles": 0.0, "from_name": "Rhome", "to_name": ""}], "source_date": "2017-05-02"}}, {"type": "Feature", "geometry": {"type": "Point", "coordinates": [-96.71539, 32.96746]}, "properties": {"id": "301668", "name": "Richardson Collins Boulevard", "type": "Substation", "status": "In service", "city": "Richardson", "county": "Dallas", "state": "Texas", "min_kv": 13.8, "max_kv": 138, "max_inferred": false, "min_inferred": false, "line_count": 2, "owners": [{"name": "ONCOR ELECTRIC DELIVERY CO.", "voltages_kv": [138], "miles": 0.0, "named": true}], "circuits": [{"owner": "ONCOR ELECTRIC DELIVERY CO.", "voltage_kv": 138, "miles": 0.0, "from_name": "Richardson Collins Boulevard", "to_name": ""}], "source_date": "2017-05-01"}}, {"type": "Feature", "geometry": {"type": "Point", "coordinates": [-96.69627, 32.98317]}, "properties": {"id": "309800", "name": "Richardson Spring Creek", "type": "Substation", "status": "In service", "city": "Richardson", "county": "Dallas", "state": "Texas", "min_kv": 13.8, "max_kv": 138, "max_inferred": true, "min_inferred": true, "line_count": 2, "owners": [], "circuits": [], "source_date": "2017-05-01"}}, {"type": "Feature", "geometry": {"type": "Point", "coordinates": [-96.71511, 32.93821]}, "properties": {"id": "308938", "name": "Richardson Woodhaven", "type": "Substation", "status": "In service", "city": "Richardson", "county": "Dallas", "state": "Texas", "min_kv": 69, "max_kv": 138, "max_inferred": true, "min_inferred": true, "line_count": 2, "owners": [{"name": "ONCOR ELECTRIC DELIVERY CO.", "voltages_kv": [138], "miles": 0.0, "named": true}], "circuits": [{"owner": "ONCOR ELECTRIC DELIVERY CO.", "voltage_kv": 138, "miles": 0.0, "from_name": "East Richardson Switching Station", "to_name": "Richardson Woodhaven"}], "source_date": "2017-05-01"}}, {"type": "Feature", "geometry": {"type": "Point", "coordinates": [-97.05941, 32.87]}, "properties": {"id": "300108", "name": "Riser300108", "type": "Riser", "status": "In service", "city": "Euless", "county": "Tarrant", "state": "Texas", "min_kv": 138, "max_kv": 138, "max_inferred": false, "min_inferred": false, "line_count": 2, "owners": [{"name": "ONCOR ELECTRIC DELIVERY CO.", "voltages_kv": [138], "miles": 0.0, "named": true}], "circuits": [{"owner": "ONCOR ELECTRIC DELIVERY CO.", "voltage_kv": 138, "miles": 0.0, "from_name": "Riser300108", "to_name": ""}], "source_date": "2017-05-02"}}, {"type": "Feature", "geometry": {"type": "Point", "coordinates": [-96.99895, 32.88784]}, "properties": {"id": "300686", "name": "Riser300686", "type": "Riser", "status": "In service", "city": "Irving", "county": "Dallas", "state": "Texas", "min_kv": 138, "max_kv": 138, "max_inferred": true, "min_inferred": true, "line_count": 2, "owners": [], "circuits": [], "source_date": "2018-09-25"}}, {"type": "Feature", "geometry": {"type": "Point", "coordinates": [-97.32626, 32.74383]}, "properties": {"id": "303656", "name": "Riser303656", "type": "Riser", "status": "In service", "city": "Fort Worth", "county": "Tarrant", "state": "Texas", "min_kv": 138, "max_kv": 138, "max_inferred": false, "min_inferred": false, "line_count": 2, "owners": [{"name": "ONCOR ELECTRIC DELIVERY CO.", "voltages_kv": [138], "miles": 0.0, "named": false}], "circuits": [], "source_date": "2019-05-02"}}, {"type": "Feature", "geometry": {"type": "Point", "coordinates": [-96.99194, 32.89493]}, "properties": {"id": "306233", "name": "Riser306233", "type": "Riser", "status": "In service", "city": "Irving", "county": "Dallas", "state": "Texas", "min_kv": 138, "max_kv": 138, "max_inferred": false, "min_inferred": false, "line_count": 2, "owners": [], "circuits": [], "source_date": "2017-05-02"}}, {"type": "Feature", "geometry": {"type": "Point", "coordinates": [-97.3364, 32.75838]}, "properties": {"id": "307642", "name": "Riser307642", "type": "Riser", "status": "In service", "city": "Fort Worth", "county": "Tarrant", "state": "Texas", "min_kv": 138, "max_kv": 138, "max_inferred": false, "min_inferred": false, "line_count": 2, "owners": [{"name": "ONCOR ELECTRIC DELIVERY CO.", "voltages_kv": [138, 69], "miles": 0.0, "named": false}], "circuits": [{"owner": "ONCOR ELECTRIC DELIVERY CO.", "voltage_kv": 138, "miles": 0.27, "from_name": "North Main", "to_name": ""}, {"owner": "ONCOR ELECTRIC DELIVERY CO.", "voltage_kv": 138, "miles": 0.27, "from_name": "", "to_name": "North Main"}], "source_date": "2019-05-02"}}, {"type": "Feature", "geometry": {"type": "Point", "coordinates": [-96.81774, 32.78518]}, "properties": {"id": "305482", "name": "Riverfront", "type": "Substation", "status": "In service", "city": "Dallas", "county": "Dallas", "state": "Texas", "min_kv": 69, "max_kv": 138, "max_inferred": false, "min_inferred": false, "line_count": 4, "owners": [{"name": "ONCOR ELECTRIC DELIVERY CO.", "voltages_kv": [138], "miles": 0.0, "named": false}], "circuits": [{"owner": "ONCOR ELECTRIC DELIVERY CO.", "voltage_kv": 138, "miles": 0.0, "from_name": "800/900 Network", "to_name": ""}, {"owner": "ONCOR ELECTRIC DELIVERY CO.", "voltage_kv": 138, "miles": 0.01, "from_name": "Slocum Terminal", "to_name": ""}, {"owner": "ONCOR ELECTRIC DELIVERY CO.", "voltage_kv": 138, "miles": 0.21, "from_name": "North Network", "to_name": "Slocum Terminal"}], "source_date": "2017-02-01"}}, {"type": "Feature", "geometry": {"type": "Point", "coordinates": [-96.84129, 33.15828]}, "properties": {"id": "300041", "name": "Roman Juarez", "type": "Substation", "status": "In service", "city": "Frisco", "county": "Denton", "state": "Texas", "min_kv": 69, "max_kv": 138, "max_inferred": true, "min_inferred": true, "line_count": 2, "owners": [], "circuits": [], "source_date": "2017-05-02"}}, {"type": "Feature", "geometry": {"type": "Point", "coordinates": [-97.32724, 32.82132]}, "properties": {"id": "310376", "name": "Saginaw Sw", "type": "Substation", "status": "In service", "city": "Fort Worth", "county": "Tarrant", "state": "Texas", "min_kv": 69, "max_kv": 138, "max_inferred": false, "min_inferred": false, "line_count": 9, "owners": [{"name": "ONCOR ELECTRIC DELIVERY CO.", "voltages_kv": [138], "miles": 0.0, "named": false}], "circuits": [], "source_date": "2017-05-01"}}, {"type": "Feature", "geometry": {"type": "Point", "coordinates": [-96.7002, 32.76266]}, "properties": {"id": "306559", "name": "Scyene Rd", "type": "Substation", "status": "In service", "city": "Dallas", "county": "Dallas", "state": "Texas", "min_kv": 69, "max_kv": 138, "max_inferred": false, "min_inferred": false, "line_count": 2, "owners": [{"name": "ONCOR ELECTRIC DELIVERY CO.", "voltages_kv": [138], "miles": 0.0, "named": true}], "circuits": [{"owner": "ONCOR ELECTRIC DELIVERY CO.", "voltage_kv": 138, "miles": 0.0, "from_name": "", "to_name": "Scyene Rd"}, {"owner": "ONCOR ELECTRIC DELIVERY CO.", "voltage_kv": 138, "miles": 0.11, "from_name": "", "to_name": "Parkdale Ses"}, {"owner": "ONCOR ELECTRIC DELIVERY CO.", "voltage_kv": 138, "miles": 0.12, "from_name": "Parkdale Ses", "to_name": ""}], "source_date": "2017-01-17"}}, {"type": "Feature", "geometry": {"type": "Point", "coordinates": [-96.69995, 32.76107]}, "properties": {"id": "302644", "name": "Scyene Rd Tap", "type": "Tap", "status": "In service", "city": "Dallas", "county": "Dallas", "state": "Texas", "min_kv": 138, "max_kv": 138, "max_inferred": false, "min_inferred": false, "line_count": 3, "owners": [{"name": "ONCOR ELECTRIC DELIVERY CO.", "voltages_kv": [138], "miles": 0.0, "named": false}], "circuits": [{"owner": "ONCOR ELECTRIC DELIVERY CO.", "voltage_kv": 138, "miles": 0.0, "from_name": "", "to_name": "Parkdale Ses"}, {"owner": "ONCOR ELECTRIC DELIVERY CO.", "voltage_kv": 138, "miles": 0.0, "from_name": "", "to_name": "Scyene Rd"}, {"owner": "ONCOR ELECTRIC DELIVERY CO.", "voltage_kv": 138, "miles": 0.01, "from_name": "Parkdale Ses", "to_name": ""}], "source_date": "2017-02-01"}}, {"type": "Feature", "geometry": {"type": "Point", "coordinates": [-96.54891, 32.67387]}, "properties": {"id": "309895", "name": "Seagoville", "type": "Substation", "status": "In service", "city": "Seagoville", "county": "Dallas", "state": "Texas", "min_kv": 69, "max_kv": 138, "max_inferred": false, "min_inferred": false, "line_count": 2, "owners": [{"name": "ONCOR ELECTRIC DELIVERY CO.", "voltages_kv": [345, 138], "miles": 0.0, "named": true}], "circuits": [{"owner": "ONCOR ELECTRIC DELIVERY CO.", "voltage_kv": 138, "miles": 0.0, "from_name": "Seagoville", "to_name": ""}, {"owner": "ONCOR ELECTRIC DELIVERY CO.", "voltage_kv": 345, "miles": 0.16, "from_name": "Seagoville Sw", "to_name": "Tri-Corner"}, {"owner": "ONCOR ELECTRIC DELIVERY CO.", "voltage_kv": 345, "miles": 0.16, "from_name": "Seagoville Sw", "to_name": ""}], "source_date": "2017-01-13"}}, {"type": "Feature", "geometry": {"type": "Point", "coordinates": [-96.66687, 32.90059]}, "properties": {"id": "302845", "name": "Shiloh", "type": "Substation", "status": "In service", "city": "Garland", "county": "Dallas", "state": "Texas", "min_kv": 69, "max_kv": 138, "max_inferred": false, "min_inferred": false, "line_count": 6, "owners": [{"name": "ONCOR ELECTRIC DELIVERY CO.", "voltages_kv": [138, 69], "miles": 0.0, "named": false}], "circuits": [], "source_date": "2017-04-25"}}, {"type": "Feature", "geometry": {"type": "Point", "coordinates": [-96.77167, 32.66768]}, "properties": {"id": "305884", "name": "Simpson Stuart", "type": "Substation", "status": "In service", "city": "Dallas", "county": "Dallas", "state": "Texas", "min_kv": 69, "max_kv": 138, "max_inferred": false, "min_inferred": false, "line_count": 2, "owners": [{"name": "ONCOR ELECTRIC DELIVERY CO.", "voltages_kv": [138], "miles": 0.04, "named": false}], "circuits": [], "source_date": "2017-01-13"}}, {"type": "Feature", "geometry": {"type": "Point", "coordinates": [-96.77199, 32.66816]}, "properties": {"id": "302583", "name": "Simpson Stuart Tap", "type": "Tap", "status": "In service", "city": "Dallas", "county": "Dallas", "state": "Texas", "min_kv": 138, "max_kv": 138, "max_inferred": false, "min_inferred": false, "line_count": 3, "owners": [{"name": "ONCOR ELECTRIC DELIVERY CO.", "voltages_kv": [138], "miles": 0.0, "named": false}], "circuits": [], "source_date": "2017-01-17"}}, {"type": "Feature", "geometry": {"type": "Point", "coordinates": [-96.81459, 32.78662]}, "properties": {"id": "310906", "name": "Slocum Terminal", "type": "Riser", "status": "In service", "city": "Dallas", "county": "Dallas", "state": "Texas", "min_kv": 138, "max_kv": 138, "max_inferred": true, "min_inferred": true, "line_count": 2, "owners": [{"name": "ONCOR ELECTRIC DELIVERY CO.", "voltages_kv": [138], "miles": 0.0, "named": true}], "circuits": [{"owner": "ONCOR ELECTRIC DELIVERY CO.", "voltage_kv": 138, "miles": 0.0, "from_name": "North Network", "to_name": "Slocum Terminal"}, {"owner": "ONCOR ELECTRIC DELIVERY CO.", "voltage_kv": 138, "miles": 0.0, "from_name": "Slocum Terminal", "to_name": ""}, {"owner": "ONCOR ELECTRIC DELIVERY CO.", "voltage_kv": 138, "miles": 0.01, "from_name": "800/900 Network", "to_name": ""}], "source_date": "2017-05-02"}}, {"type": "Feature", "geometry": {"type": "Point", "coordinates": [-96.9461, 32.63204]}, "properties": {"id": "304490", "name": "Sorcey Rd", "type": "Substation", "status": "In service", "city": "Dallas", "county": "Dallas", "state": "Texas", "min_kv": 69, "max_kv": 138, "max_inferred": false, "min_inferred": false, "line_count": 2, "owners": [{"name": "ONCOR ELECTRIC DELIVERY CO.", "voltages_kv": [345], "miles": 0.02, "named": false}], "circuits": [], "source_date": "2017-01-13"}}, {"type": "Feature", "geometry": {"type": "Point", "coordinates": [-97.01087, 33.00629]}, "properties": {"id": "305927", "name": "South", "type": "Substation", "status": "In service", "city": "Lewisville", "county": "Denton", "state": "Texas", "min_kv": 13.8, "max_kv": 138, "max_inferred": false, "min_inferred": false, "line_count": 2, "owners": [], "circuits": [], "source_date": "2017-05-02"}}, {"type": "Feature", "geometry": {"type": "Point", "coordinates": [-96.80383, 32.65389]}, "properties": {"id": "304666", "name": "South Cliff Pump", "type": "Substation", "status": "In service", "city": "Dallas", "county": "Dallas", "state": "Texas", "min_kv": 69, "max_kv": 138, "max_inferred": false, "min_inferred": false, "line_count": 2, "owners": [{"name": "ONCOR ELECTRIC DELIVERY CO.", "voltages_kv": [138], "miles": 0.0, "named": false}], "circuits": [{"owner": "ONCOR ELECTRIC DELIVERY CO.", "voltage_kv": 138, "miles": 0.0, "from_name": "Camp Wisdom Rd", "to_name": ""}], "source_date": "2017-01-13"}}, {"type": "Feature", "geometry": {"type": "Point", "coordinates": [-96.86159, 32.66145]}, "properties": {"id": "303543", "name": "South Hampton", "type": "Substation", "status": "In service", "city": "Dallas", "county": "Dallas", "state": "Texas", "min_kv": 69, "max_kv": 138, "max_inferred": false, "min_inferred": false, "line_count": 2, "owners": [{"name": "ONCOR ELECTRIC DELIVERY CO.", "voltages_kv": [138], "miles": 0.0, "named": true}], "circuits": [{"owner": "ONCOR ELECTRIC DELIVERY CO.", "voltage_kv": 138, "miles": 0.0, "from_name": "South Hampton", "to_name": "Camp Wisdom Rd"}], "source_date": "2017-01-13"}}, {"type": "Feature", "geometry": {"type": "Point", "coordinates": [-96.82374, 32.70209]}, "properties": {"id": "303849", "name": "South Oak Cliff", "type": "Substation", "status": "In service", "city": "Dallas", "county": "Dallas", "state": "Texas", "min_kv": 13.8, "max_kv": 138, "max_inferred": false, "min_inferred": false, "line_count": 4, "owners": [], "circuits": [], "source_date": "2017-01-13"}}, {"type": "Feature", "geometry": {"type": "Point", "coordinates": [-96.77824, 32.73475]}, "properties": {"id": "304252", "name": "Southerland", "type": "Substation", "status": "In service", "city": "Dallas", "county": "Dallas", "state": "Texas", "min_kv": 13.8, "max_kv": 138, "max_inferred": false, "min_inferred": false, "line_count": 4, "owners": [{"name": "ONCOR ELECTRIC DELIVERY CO.", "voltages_kv": [345, 138], "miles": 0.0, "named": true}], "circuits": [{"owner": "ONCOR ELECTRIC DELIVERY CO.", "voltage_kv": 138, "miles": 0.0, "from_name": "Southerland", "to_name": ""}, {"owner": "ONCOR ELECTRIC DELIVERY CO.", "voltage_kv": 345, "miles": 0.04, "from_name": "West Levee", "to_name": ""}], "source_date": "2017-01-17"}}, {"type": "Feature", "geometry": {"type": "Point", "coordinates": [-96.6952, 32.60663]}, "properties": {"id": "305259", "name": "Southside Tap", "type": "Tap", "status": "In service", "city": "Wilmer", "county": "Dallas", "state": "Texas", "min_kv": 138, "max_kv": 138, "max_inferred": false, "min_inferred": false, "line_count": 3, "owners": [{"name": "ONCOR ELECTRIC DELIVERY CO.", "voltages_kv": [138], "miles": 0.0, "named": false}], "circuits": [{"owner": "ONCOR ELECTRIC DELIVERY CO.", "voltage_kv": 138, "miles": 0.0, "from_name": "Southside Wastewater Treatment Plant", "to_name": ""}], "source_date": "2017-01-13"}}, {"type": "Feature", "geometry": {"type": "Point", "coordinates": [-96.64609, 32.64119]}, "properties": {"id": "302058", "name": "Southside Wastewater Treatment Plant", "type": "Substation", "status": "In service", "city": "Dallas", "county": "Dallas", "state": "Texas", "min_kv": 69, "max_kv": 138, "max_inferred": false, "min_inferred": false, "line_count": 2, "owners": [{"name": "ONCOR ELECTRIC DELIVERY CO.", "voltages_kv": [138], "miles": 0.0, "named": true}], "circuits": [{"owner": "ONCOR ELECTRIC DELIVERY CO.", "voltage_kv": 138, "miles": 0.0, "from_name": "Southside Wastewater Treatment Plant", "to_name": ""}], "source_date": "2017-01-13"}}, {"type": "Feature", "geometry": {"type": "Point", "coordinates": [-97.10463, 33.19685]}, "properties": {"id": "301505", "name": "Spencer Interchange", "type": "Substation", "status": "In service", "city": "Denton", "county": "Denton", "state": "Texas", "min_kv": 69, "max_kv": 138, "max_inferred": false, "min_inferred": false, "line_count": 4, "owners": [{"name": "ONCOR ELECTRIC DELIVERY CO.", "voltages_kv": [138], "miles": 0.0, "named": false}], "circuits": [{"owner": "ONCOR ELECTRIC DELIVERY CO.", "voltage_kv": 138, "miles": 0.0, "from_name": "Pockrus", "to_name": ""}, {"owner": "ONCOR ELECTRIC DELIVERY CO.", "voltage_kv": 138, "miles": 0.27, "from_name": "McKinney", "to_name": ""}], "source_date": "2016-12-21"}}, {"type": "Feature", "geometry": {"type": "Point", "coordinates": [-96.65535, 32.73124]}, "properties": {"id": "304549", "name": "St. Augustine", "type": "Substation", "status": "In service", "city": "Dallas", "county": "Dallas", "state": "Texas", "min_kv": 13.8, "max_kv": 138, "max_inferred": false, "min_inferred": false, "line_count": 4, "owners": [{"name": "ONCOR ELECTRIC DELIVERY CO.", "voltages_kv": [138], "miles": 0.0, "named": false}], "circuits": [{"owner": "ONCOR ELECTRIC DELIVERY CO.", "voltage_kv": 138, "miles": 0.0, "from_name": "Prairie Creek Sw", "to_name": ""}], "source_date": "2017-01-11"}}, {"type": "Feature", "geometry": {"type": "Point", "coordinates": [-96.92883, 32.77456]}, "properties": {"id": "306469", "name": "T.R.A.", "type": "Substation", "status": "In service", "city": "Grand Prairie", "county": "Dallas", "state": "Texas", "min_kv": 69, "max_kv": 138, "max_inferred": false, "min_inferred": false, "line_count": 2, "owners": [], "circuits": [], "source_date": "2017-02-01"}}, {"type": "Feature", "geometry": {"type": "Point", "coordinates": [-96.95811, 33.00876]}, "properties": {"id": "302213", "name": "T1", "type": "Substation", "status": "In service", "city": "Lewisville", "county": "Denton", "state": "Texas", "min_kv": 13.8, "max_kv": 138, "max_inferred": true, "min_inferred": true, "line_count": 1, "owners": [{"name": "ONCOR ELECTRIC DELIVERY CO.", "voltages_kv": [345], "miles": 0.28, "named": false}], "circuits": [{"owner": "ONCOR ELECTRIC DELIVERY CO.", "voltage_kv": 345, "miles": 0.28, "from_name": "Northwest Carrollton", "to_name": ""}], "source_date": "2017-01-23"}}, {"type": "Feature", "geometry": {"type": "Point", "coordinates": [-97.10838, 33.14492]}, "properties": {"id": "306748", "name": "Teasley", "type": "Substation", "status": "In service", "city": "Denton", "county": "Denton", "state": "Texas", "min_kv": 69, "max_kv": 138, "max_inferred": false, "min_inferred": false, "line_count": 2, "owners": [], "circuits": [], "source_date": "2015-06-11"}}, {"type": "Feature", "geometry": {"type": "Point", "coordinates": [-96.68756, 32.79928]}, "properties": {"id": "304306", "name": "Thornton East", "type": "Substation", "status": "In service", "city": "Dallas", "county": "Dallas", "state": "Texas", "min_kv": 69, "max_kv": 138, "max_inferred": false, "min_inferred": false, "line_count": 2, "owners": [{"name": "ONCOR ELECTRIC DELIVERY CO.", "voltages_kv": [138], "miles": 0.0, "named": false}], "circuits": [], "source_date": "2017-02-01"}}, {"type": "Feature", "geometry": {"type": "Point", "coordinates": [-96.68207, 32.79928]}, "properties": {"id": "305246", "name": "Thorton East Tap", "type": "Tap", "status": "In service", "city": "Dallas", "county": "Dallas", "state": "Texas", "min_kv": 138, "max_kv": 138, "max_inferred": false, "min_inferred": false, "line_count": 3, "owners": [{"name": "ONCOR ELECTRIC DELIVERY CO.", "voltages_kv": [138], "miles": 0.0, "named": false}], "circuits": [], "source_date": "2017-01-11"}}, {"type": "Feature", "geometry": {"type": "Point", "coordinates": [-97.14023, 32.52144]}, "properties": {"id": "300086", "name": "Unnamed substation", "type": "Substation", "status": "Status not published", "city": "Mansfield", "county": "Johnson", "state": "Texas", "min_kv": 69, "max_kv": 138, "max_inferred": true, "min_inferred": true, "line_count": 2, "owners": [{"name": "ONCOR ELECTRIC DELIVERY CO.", "voltages_kv": [345], "miles": 0.13, "named": false}], "circuits": [], "source_date": "2017-05-02"}}, {"type": "Feature", "geometry": {"type": "Point", "coordinates": [-98.52109, 33.53861]}, "properties": {"id": "300159", "name": "Unnamed substation", "type": "Substation", "status": "In service", "city": "Windthorst", "county": "Archer", "state": "Texas", "min_kv": 69, "max_kv": 138, "max_inferred": false, "min_inferred": false, "line_count": 4, "owners": [{"name": "ONCOR ELECTRIC DELIVERY CO.", "voltages_kv": [138], "miles": 0.0, "named": false}], "circuits": [], "source_date": "2015-08-28"}}, {"type": "Feature", "geometry": {"type": "Point", "coordinates": [-96.75773, 32.3002]}, "properties": {"id": "300192", "name": "Unnamed substation", "type": "Substation", "status": "In service", "city": "Waxahachie", "county": "Ellis", "state": "Texas", "min_kv": null, "max_kv": 138, "max_inferred": true, "min_inferred": false, "line_count": 2, "owners": [{"name": "ONCOR ELECTRIC DELIVERY CO.", "voltages_kv": [138], "miles": 0.0, "named": false}], "circuits": [], "source_date": "2018-08-06"}}, {"type": "Feature", "geometry": {"type": "Point", "coordinates": [-97.33514, 32.76274]}, "properties": {"id": "300264", "name": "Unnamed substation", "type": "Substation", "status": "In service", "city": "Fort Worth", "county": "Tarrant", "state": "Texas", "min_kv": 69, "max_kv": 138, "max_inferred": false, "min_inferred": false, "line_count": 4, "owners": [{"name": "ONCOR ELECTRIC DELIVERY CO.", "voltages_kv": [138, 69], "miles": 0.0, "named": false}], "circuits": [{"owner": "ONCOR ELECTRIC DELIVERY CO.", "voltage_kv": 138, "miles": 0.0, "from_name": "", "to_name": "North Main"}, {"owner": "ONCOR ELECTRIC DELIVERY CO.", "voltage_kv": 138, "miles": 0.02, "from_name": "North Main", "to_name": ""}], "source_date": "2017-05-01"}}, {"type": "Feature", "geometry": {"type": "Point", "coordinates": [-97.46526, 33.35015]}, "properties": {"id": "300279", "name": "Unnamed substation", "type": "Substation", "status": "In service", "city": "Decatur", "county": "Wise", "state": "Texas", "min_kv": 138, "max_kv": 138, "max_inferred": false, "min_inferred": true, "line_count": 2, "owners": [{"name": "ONCOR ELECTRIC DELIVERY CO.", "voltages_kv": [138], "miles": 0.0, "named": false}], "circuits": [], "source_date": "2019-04-30"}}, {"type": "Feature", "geometry": {"type": "Point", "coordinates": [-97.70474, 32.88761]}, "properties": {"id": "300306", "name": "Unnamed substation", "type": "Substation", "status": "Status not published", "city": "Weatherford", "county": "Parker", "state": "Texas", "min_kv": null, "max_kv": 138, "max_inferred": true, "min_inferred": false, "line_count": 3, "owners": [{"name": "ONCOR ELECTRIC DELIVERY CO.", "voltages_kv": [138], "miles": 0.0, "named": false}], "circuits": [], "source_date": "2018-09-24"}}, {"type": "Feature", "geometry": {"type": "Point", "coordinates": [-98.55174, 32.02096]}, "properties": {"id": "300322", "name": "Unnamed substation", "type": "Substation", "status": "In service", "city": "Comanche", "county": "Comanche", "state": "Texas", "min_kv": null, "max_kv": 138, "max_inferred": true, "min_inferred": false, "line_count": 3, "owners": [], "circuits": [], "source_date": "2018-01-08"}}, {"type": "Feature", "geometry": {"type": "Point", "coordinates": [-96.66135, 32.91431]}, "properties": {"id": "300339", "name": "Unnamed substation", "type": "Substation", "status": "In service", "city": "Garland", "county": "Dallas", "state": "Texas", "min_kv": 68, "max_kv": 138, "max_inferred": true, "min_inferred": true, "line_count": 3, "owners": [{"name": "ONCOR ELECTRIC DELIVERY CO.", "voltages_kv": [138], "miles": 0.0, "named": false}], "circuits": [{"owner": "ONCOR ELECTRIC DELIVERY CO.", "voltage_kv": 138, "miles": 0.0, "from_name": "Fairdale", "to_name": ""}], "source_date": "2019-05-01"}}, {"type": "Feature", "geometry": {"type": "Point", "coordinates": [-98.56579, 33.11127]}, "properties": {"id": "300344", "name": "Unnamed substation", "type": "Substation", "status": "In service", "city": "Graham", "county": "Young", "state": "Texas", "min_kv": null, "max_kv": 138, "max_inferred": true, "min_inferred": false, "line_count": 1, "owners": [{"name": "ONCOR ELECTRIC DELIVERY CO.", "voltages_kv": [138], "miles": 0.0, "named": false}], "circuits": [], "source_date": "2018-09-25"}}, {"type": "Feature", "geometry": {"type": "Point", "coordinates": [-98.48462, 33.79054]}, "properties": {"id": "300358", "name": "Unnamed substation", "type": "Substation", "status": "In service", "city": "Lakeside City", "county": "Archer", "state": "Texas", "min_kv": 69, "max_kv": 138, "max_inferred": false, "min_inferred": false, "line_count": 5, "owners": [{"name": "ONCOR ELECTRIC DELIVERY CO.", "voltages_kv": [138], "miles": 0.0, "named": false}], "circuits": [], "source_date": "2017-04-26"}}, {"type": "Feature", "geometry": {"type": "Point", "coordinates": [-97.23899, 32.84116]}, "properties": {"id": "300370", "name": "Unnamed substation", "type": "Substation", "status": "Status not published", "city": "North Richland Hills", "county": "Tarrant", "state": "Texas", "min_kv": null, "max_kv": 138, "max_inferred": true, "min_inferred": false, "line_count": 3, "owners": [{"name": "ONCOR ELECTRIC DELIVERY CO.", "voltages_kv": [138, 69], "miles": 0.0, "named": false}], "circuits": [], "source_date": "2018-09-25"}}, {"type": "Feature", "geometry": {"type": "Point", "coordinates": [-97.25605, 32.94179]}, "properties": {"id": "300385", "name": "Unnamed substation", "type": "Substation", "status": "In service", "city": "Fort Worth", "county": "Tarrant", "state": "Texas", "min_kv": 69, "max_kv": 138, "max_inferred": false, "min_inferred": false, "line_count": 2, "owners": [{"name": "ONCOR ELECTRIC DELIVERY CO.", "voltages_kv": [138], "miles": 0.0, "named": false}], "circuits": [], "source_date": "2017-05-01"}}, {"type": "Feature", "geometry": {"type": "Point", "coordinates": [-97.36386, 33.64783]}, "properties": {"id": "300406", "name": "Unnamed substation", "type": "Substation", "status": "In service", "city": "Muenster", "county": "Cooke", "state": "Texas", "min_kv": null, "max_kv": 138, "max_inferred": true, "min_inferred": false, "line_count": 2, "owners": [{"name": "ONCOR ELECTRIC DELIVERY CO.", "voltages_kv": [138, 69], "miles": 0.0, "named": false}], "circuits": [], "source_date": "2018-09-07"}}, {"type": "Feature", "geometry": {"type": "Point", "coordinates": [-97.12244, 32.15339]}, "properties": {"id": "300423", "name": "Unnamed substation", "type": "Substation", "status": "Status not published", "city": "Itasca", "county": "Hill", "state": "Texas", "min_kv": 138, "max_kv": 138, "max_inferred": true, "min_inferred": true, "line_count": 2, "owners": [], "circuits": [], "source_date": "2018-01-30"}}, {"type": "Feature", "geometry": {"type": "Point", "coordinates": [-96.7418, 32.91118]}, "properties": {"id": "300439", "name": "Unnamed substation", "type": "Substation", "status": "In service", "city": "Dallas", "county": "Dallas", "state": "Texas", "min_kv": 138, "max_kv": 138, "max_inferred": true, "min_inferred": true, "line_count": 2, "owners": [{"name": "ONCOR ELECTRIC DELIVERY CO.", "voltages_kv": [138], "miles": 0.0, "named": false}], "circuits": [], "source_date": "2018-01-24"}}, {"type": "Feature", "geometry": {"type": "Point", "coordinates": [-97.15852, 32.81079]}, "properties": {"id": "300451", "name": "Unnamed substation", "type": "Substation", "status": "In service", "city": "Hurst", "county": "Tarrant", "state": "Texas", "min_kv": 69, "max_kv": 138, "max_inferred": false, "min_inferred": false, "line_count": 2, "owners": [{"name": "ONCOR ELECTRIC DELIVERY CO.", "voltages_kv": [138], "miles": 0.0, "named": false}], "circuits": [], "source_date": "2017-05-02"}}, {"type": "Feature", "geometry": {"type": "Point", "coordinates": [-96.68002, 32.93421]}, "properties": {"id": "300465", "name": "Unnamed substation", "type": "Substation", "status": "In service", "city": "Garland", "county": "Dallas", "state": "Texas", "min_kv": 69, "max_kv": 138, "max_inferred": false, "min_inferred": false, "line_count": 2, "owners": [], "circuits": [], "source_date": "2017-04-25"}}, {"type": "Feature", "geometry": {"type": "Point", "coordinates": [-96.76168, 32.9404]}, "properties": {"id": "301305", "name": "Unnamed substation", "type": "Substation", "status": "In service", "city": "Richardson", "county": "Dallas", "state": "Texas", "min_kv": null, "max_kv": 138, "max_inferred": true, "min_inferred": false, "line_count": 2, "owners": [{"name": "ONCOR ELECTRIC DELIVERY CO.", "voltages_kv": [138], "miles": 0.0, "named": false}], "circuits": [], "source_date": "2018-09-25"}}, {"type": "Feature", "geometry": {"type": "Point", "coordinates": [-97.7036, 32.82307]}, "properties": {"id": "301321", "name": "Unnamed substation", "type": "Substation", "status": "Status not published", "city": "Weatherford", "county": "Parker", "state": "Texas", "min_kv": null, "max_kv": 138, "max_inferred": true, "min_inferred": false, "line_count": 3, "owners": [{"name": "ONCOR ELECTRIC DELIVERY CO.", "voltages_kv": [138], "miles": 0.0, "named": false}], "circuits": [], "source_date": "2018-09-24"}}, {"type": "Feature", "geometry": {"type": "Point", "coordinates": [-97.14796, 33.65354]}, "properties": {"id": "301336", "name": "Unnamed substation", "type": "Substation", "status": "In service", "city": "Gainesville", "county": "Cooke", "state": "Texas", "min_kv": 138, "max_kv": 138, "max_inferred": true, "min_inferred": true, "line_count": 2, "owners": [{"name": "ONCOR ELECTRIC DELIVERY CO.", "voltages_kv": [138], "miles": 0.47, "named": false}], "circuits": [], "source_date": "2018-01-02"}}, {"type": "Feature", "geometry": {"type": "Point", "coordinates": [-97.23597, 33.01186]}, "properties": {"id": "301339", "name": "Unnamed substation", "type": "Substation", "status": "In service", "city": "Roanoke", "county": "Denton", "state": "Texas", "min_kv": 138, "max_kv": 138, "max_inferred": true, "min_inferred": true, "line_count": 2, "owners": [], "circuits": [], "source_date": "2018-01-02"}}, {"type": "Feature", "geometry": {"type": "Point", "coordinates": [-96.85968, 33.06025]}, "properties": {"id": "301352", "name": "Unnamed substation", "type": "Substation", "status": "In service", "city": "The Colony", "county": "Denton", "state": "Texas", "min_kv": 69, "max_kv": 138, "max_inferred": false, "min_inferred": false, "line_count": 1, "owners": [{"name": "ONCOR ELECTRIC DELIVERY CO.", "voltages_kv": [345, 138], "miles": 0.0, "named": false}], "circuits": [{"owner": "ONCOR ELECTRIC DELIVERY CO.", "voltage_kv": 138, "miles": 0.0, "from_name": "", "to_name": "Hebron"}, {"owner": "ONCOR ELECTRIC DELIVERY CO.", "voltage_kv": 345, "miles": 0.04, "from_name": "Northwest Carrollton", "to_name": ""}], "source_date": "2017-05-02"}}, {"type": "Feature", "geometry": {"type": "Point", "coordinates": [-97.95384, 33.50936]}, "properties": {"id": "301379", "name": "Unnamed substation", "type": "Substation", "status": "In service", "city": "Newport", "county": "Montague", "state": "Texas", "min_kv": 69, "max_kv": 138, "max_inferred": true, "min_inferred": true, "line_count": 4, "owners": [{"name": "ONCOR ELECTRIC DELIVERY CO.", "voltages_kv": [138], "miles": 0.0, "named": false}], "circuits": [], "source_date": "2015-08-14"}}, {"type": "Feature", "geometry": {"type": "Point", "coordinates": [-96.85029, 32.43884]}, "properties": {"id": "301407", "name": "Unnamed substation", "type": "Substation", "status": "In service", "city": "Waxahachie", "county": "Ellis", "state": "Texas", "min_kv": 69, "max_kv": 138, "max_inferred": true, "min_inferred": true, "line_count": 1, "owners": [{"name": "ONCOR ELECTRIC DELIVERY CO.", "voltages_kv": [138], "miles": 0.32, "named": false}], "circuits": [], "source_date": "2017-04-05"}}, {"type": "Feature", "geometry": {"type": "Point", "coordinates": [-97.72878, 32.41603]}, "properties": {"id": "300483", "name": "Unnamed substation", "type": "Substation", "status": "Status not published", "city": "Granbury", "county": "Hood", "state": "Texas", "min_kv": null, "max_kv": 138, "max_inferred": true, "min_inferred": false, "line_count": 3, "owners": [{"name": "ONCOR ELECTRIC DELIVERY CO.", "voltages_kv": [69], "miles": 0.0, "named": false}], "circuits": [], "source_date": "2018-09-24"}}, {"type": "Feature", "geometry": {"type": "Point", "coordinates": [-97.09356, 33.65479]}, "properties": {"id": "301455", "name": "Unnamed substation", "type": "Substation", "status": "In service", "city": "Gainesville", "county": "Cooke", "state": "Texas", "min_kv": 138, "max_kv": 138, "max_inferred": true, "min_inferred": true, "line_count": 1, "owners": [{"name": "ONCOR ELECTRIC DELIVERY CO.", "voltages_kv": [138], "miles": 0.0, "named": false}], "circuits": [], "source_date": "2018-09-25"}}, {"type": "Feature", "geometry": {"type": "Point", "coordinates": [-96.88381, 33.08483]}, "properties": {"id": "300921", "name": "Unnamed substation", "type": "Substation", "status": "In service", "city": "The Colony", "county": "Denton", "state": "Texas", "min_kv": 69, "max_kv": 138, "max_inferred": true, "min_inferred": true, "line_count": 2, "owners": [], "circuits": [], "source_date": "2017-05-02"}}, {"type": "Feature", "geometry": {"type": "Point", "coordinates": [-97.4081, 32.39735]}, "properties": {"id": "300972", "name": "Unnamed substation", "type": "Substation", "status": "Status not published", "city": "Cleburne", "county": "Johnson", "state": "Texas", "min_kv": 69, "max_kv": 138, "max_inferred": true, "min_inferred": true, "line_count": 3, "owners": [{"name": "ONCOR ELECTRIC DELIVERY CO.", "voltages_kv": [138], "miles": 0.0, "named": false}], "circuits": [], "source_date": "2015-06-11"}}, {"type": "Feature", "geometry": {"type": "Point", "coordinates": [-97.215, 32.3425]}, "properties": {"id": "301032", "name": "Unnamed substation", "type": "Substation", "status": "In service", "city": "Alvarado", "county": "Johnson", "state": "Texas", "min_kv": 69, "max_kv": 138, "max_inferred": false, "min_inferred": false, "line_count": 2, "owners": [{"name": "ONCOR ELECTRIC DELIVERY CO.", "voltages_kv": [138], "miles": 0.16, "named": false}], "circuits": [], "source_date": "2017-05-01"}}, {"type": "Feature", "geometry": {"type": "Point", "coordinates": [-97.04759, 33.49461]}, "properties": {"id": "301057", "name": "Unnamed substation", "type": "Substation", "status": "In service", "city": "Valley View", "county": "Cooke", "state": "Texas", "min_kv": 138, "max_kv": 138, "max_inferred": true, "min_inferred": true, "line_count": 1, "owners": [{"name": "ONCOR ELECTRIC DELIVERY CO.", "voltages_kv": [138], "miles": 0.0, "named": false}], "circuits": [], "source_date": "2018-09-24"}}, {"type": "Feature", "geometry": {"type": "Point", "coordinates": [-97.22651, 32.84601]}, "properties": {"id": "301118", "name": "Unnamed substation", "type": "Substation", "status": "In service", "city": "North Richland Hills", "county": "Tarrant", "state": "Texas", "min_kv": 69, "max_kv": 138, "max_inferred": false, "min_inferred": false, "line_count": 4, "owners": [{"name": "ONCOR ELECTRIC DELIVERY CO.", "voltages_kv": [138], "miles": 0.0, "named": false}], "circuits": [], "source_date": "2017-05-02"}}, {"type": "Feature", "geometry": {"type": "Point", "coordinates": [-97.56681, 32.41922]}, "properties": {"id": "301159", "name": "Unnamed substation", "type": "Substation", "status": "Status not published", "city": "Godley", "county": "Johnson", "state": "Texas", "min_kv": null, "max_kv": 138, "max_inferred": true, "min_inferred": false, "line_count": 2, "owners": [{"name": "ONCOR ELECTRIC DELIVERY CO.", "voltages_kv": [138], "miles": 0.0, "named": false}], "circuits": [], "source_date": "2017-12-22"}}, {"type": "Feature", "geometry": {"type": "Point", "coordinates": [-97.32235, 32.41467]}, "properties": {"id": "301209", "name": "Unnamed substation", "type": "Substation", "status": "Status not published", "city": "Keene", "county": "Johnson", "state": "Texas", "min_kv": 69, "max_kv": 138, "max_inferred": true, "min_inferred": true, "line_count": 2, "owners": [], "circuits": [], "source_date": "2018-01-02"}}, {"type": "Feature", "geometry": {"type": "Point", "coordinates": [-96.89974, 32.93096]}, "properties": {"id": "301240", "name": "Unnamed substation", "type": "Substation", "status": "In service", "city": "Farmers Branch", "county": "Dallas", "state": "Texas", "min_kv": 69, "max_kv": 138, "max_inferred": false, "min_inferred": false, "line_count": 3, "owners": [], "circuits": [], "source_date": "2017-02-07"}}, {"type": "Feature", "geometry": {"type": "Point", "coordinates": [-96.97563, 32.51387]}, "properties": {"id": "300495", "name": "Unnamed substation", "type": "Substation", "status": "Status not published", "city": "Midlothian", "county": "Ellis", "state": "Texas", "min_kv": null, "max_kv": 138, "max_inferred": true, "min_inferred": false, "line_count": 2, "owners": [{"name": "ONCOR ELECTRIC DELIVERY CO.", "voltages_kv": [138], "miles": 0.0, "named": false}], "circuits": [], "source_date": "2017-12-22"}}, {"type": "Feature", "geometry": {"type": "Point", "coordinates": [-97.33662, 32.76365]}, "properties": {"id": "300496", "name": "Unnamed substation", "type": "Substation", "status": "In service", "city": "Fort Worth", "county": "Tarrant", "state": "Texas", "min_kv": 138, "max_kv": 138, "max_inferred": false, "min_inferred": true, "line_count": 1, "owners": [{"name": "ONCOR ELECTRIC DELIVERY CO.", "voltages_kv": [138, 69], "miles": 0.0, "named": false}], "circuits": [{"owner": "ONCOR ELECTRIC DELIVERY CO.", "voltage_kv": 138, "miles": 0.0, "from_name": "North Main", "to_name": ""}, {"owner": "ONCOR ELECTRIC DELIVERY CO.", "voltage_kv": 138, "miles": 0.1, "from_name": "", "to_name": "North Main"}], "source_date": "2019-05-02"}}, {"type": "Feature", "geometry": {"type": "Point", "coordinates": [-97.43405, 33.66222]}, "properties": {"id": "301521", "name": "Unnamed substation", "type": "Substation", "status": "In service", "city": "Muenster", "county": "Cooke", "state": "Texas", "min_kv": null, "max_kv": 138, "max_inferred": true, "min_inferred": false, "line_count": 3, "owners": [{"name": "ONCOR ELECTRIC DELIVERY CO.", "voltages_kv": [138, 69], "miles": 0.0, "named": false}], "circuits": [], "source_date": "2018-01-04"}}, {"type": "Feature", "geometry": {"type": "Point", "coordinates": [-97.71614, 32.42264]}, "properties": {"id": "301561", "name": "Unnamed substation", "type": "Substation", "status": "Status not published", "city": "Granbury", "county": "Hood", "state": "Texas", "min_kv": null, "max_kv": 138, "max_inferred": true, "min_inferred": false, "line_count": 1, "owners": [{"name": "ONCOR ELECTRIC DELIVERY CO.", "voltages_kv": [69], "miles": 0.0, "named": false}], "circuits": [], "source_date": "2018-01-08"}}, {"type": "Feature", "geometry": {"type": "Point", "coordinates": [-96.5996, 32.30172]}, "properties": {"id": "300563", "name": "Unnamed substation", "type": "Substation", "status": "In service", "city": "Ennis", "county": "Ellis", "state": "Texas", "min_kv": 138, "max_kv": 138, "max_inferred": true, "min_inferred": true, "line_count": 1, "owners": [], "circuits": [], "source_date": "2017-12-22"}}, {"type": "Feature", "geometry": {"type": "Point", "coordinates": [-97.01202, 32.97377]}, "properties": {"id": "301571", "name": "Unnamed substation", "type": "Substation", "status": "In service", "city": "Coppell", "county": "Dallas", "state": "Texas", "min_kv": 138, "max_kv": 138, "max_inferred": true, "min_inferred": true, "line_count": 2, "owners": [], "circuits": [], "source_date": "2018-01-08"}}, {"type": "Feature", "geometry": {"type": "Point", "coordinates": [-97.6862, 33.02469]}, "properties": {"id": "301599", "name": "Unnamed substation", "type": "Substation", "status": "Status not published", "city": "Springtown", "county": "Wise", "state": "Texas", "min_kv": 13.8, "max_kv": 138, "max_inferred": true, "min_inferred": true, "line_count": 0, "owners": [{"name": "ONCOR ELECTRIC DELIVERY CO.", "voltages_kv": [345], "miles": 0.03, "named": false}], "circuits": [{"owner": "ONCOR ELECTRIC DELIVERY CO.", "voltage_kv": 345, "miles": 0.03, "from_name": "", "to_name": "Hicks"}], "source_date": "2015-09-11"}}, {"type": "Feature", "geometry": {"type": "Point", "coordinates": [-98.77694, 33.36293]}, "properties": {"id": "301605", "name": "Unnamed substation", "type": "Substation", "status": "In service", "city": "Olney", "county": "Young", "state": "Texas", "min_kv": null, "max_kv": 138, "max_inferred": true, "min_inferred": false, "line_count": 4, "owners": [{"name": "ONCOR ELECTRIC DELIVERY CO.", "voltages_kv": [138, 115], "miles": 0.0, "named": false}], "circuits": [], "source_date": "2018-09-07"}}, {"type": "Feature", "geometry": {"type": "Point", "coordinates": [-97.06663, 32.77827]}, "properties": {"id": "301610", "name": "Unnamed substation", "type": "Substation", "status": "In service", "city": "Arlington", "county": "Tarrant", "state": "Texas", "min_kv": 69, "max_kv": 138, "max_inferred": false, "min_inferred": false, "line_count": 4, "owners": [], "circuits": [], "source_date": "2017-05-02"}}, {"type": "Feature", "geometry": {"type": "Point", "coordinates": [-97.09654, 32.81894]}, "properties": {"id": "301622", "name": "Unnamed substation", "type": "Substation", "status": "In service", "city": "Fort Worth", "county": "Tarrant", "state": "Texas", "min_kv": 69, "max_kv": 138, "max_inferred": false, "min_inferred": false, "line_count": 4, "owners": [{"name": "ONCOR ELECTRIC DELIVERY CO.", "voltages_kv": [138], "miles": 0.0, "named": false}], "circuits": [], "source_date": "2017-05-02"}}, {"type": "Feature", "geometry": {"type": "Point", "coordinates": [-98.23267, 32.20491]}, "properties": {"id": "301626", "name": "Unnamed substation", "type": "Substation", "status": "In service", "city": "Stephenville", "county": "Erath", "state": "Texas", "min_kv": 138, "max_kv": 138, "max_inferred": true, "min_inferred": true, "line_count": 3, "owners": [], "circuits": [], "source_date": "2018-01-08"}}, {"type": "Feature", "geometry": {"type": "Point", "coordinates": [-97.74169, 31.46197]}, "properties": {"id": "300616", "name": "Unnamed substation", "type": "Substation", "status": "Status not published", "city": "Gatesville", "county": "Coryell", "state": "Texas", "min_kv": null, "max_kv": 138, "max_inferred": true, "min_inferred": false, "line_count": 3, "owners": [{"name": "ONCOR ELECTRIC DELIVERY CO.", "voltages_kv": [69], "miles": 0.0, "named": false}], "circuits": [], "source_date": "2018-09-10"}}, {"type": "Feature", "geometry": {"type": "Point", "coordinates": [-97.327, 32.78206]}, "properties": {"id": "301655", "name": "Unnamed substation", "type": "Substation", "status": "Status not published", "city": "Fort Worth", "county": "Tarrant", "state": "Texas", "min_kv": 69, "max_kv": 138, "max_inferred": true, "min_inferred": true, "line_count": 3, "owners": [{"name": "ONCOR ELECTRIC DELIVERY CO.", "voltages_kv": [138, 69], "miles": 0.0, "named": false}], "circuits": [{"owner": "ONCOR ELECTRIC DELIVERY CO.", "voltage_kv": 138, "miles": 0.02, "from_name": "North Main", "to_name": ""}], "source_date": "2018-09-24"}}, {"type": "Feature", "geometry": {"type": "Point", "coordinates": [-97.56656, 32.57172]}, "properties": {"id": "300652", "name": "Unnamed substation", "type": "Substation", "status": "In service", "city": "Fort Worth", "county": "Parker", "state": "Texas", "min_kv": null, "max_kv": 138, "max_inferred": true, "min_inferred": false, "line_count": 1, "owners": [{"name": "ONCOR ELECTRIC DELIVERY CO.", "voltages_kv": [138], "miles": 0.0, "named": false}], "circuits": [], "source_date": "2018-09-24"}}, {"type": "Feature", "geometry": {"type": "Point", "coordinates": [-97.90919, 32.78898]}, "properties": {"id": "300656", "name": "Unnamed substation", "type": "Substation", "status": "Status not published", "city": "Weatherford", "county": "Parker", "state": "Texas", "min_kv": null, "max_kv": 138, "max_inferred": true, "min_inferred": false, "line_count": 3, "owners": [{"name": "ONCOR ELECTRIC DELIVERY CO.", "voltages_kv": [138], "miles": 0.0, "named": false}], "circuits": [], "source_date": "2018-09-25"}}, {"type": "Feature", "geometry": {"type": "Point", "coordinates": [-97.62882, 33.21682]}, "properties": {"id": "300665", "name": "Unnamed substation", "type": "Substation", "status": "Status not published", "city": "Decatur", "county": "Wise", "state": "Texas", "min_kv": 138, "max_kv": 138, "max_inferred": true, "min_inferred": true, "line_count": 2, "owners": [{"name": "ONCOR ELECTRIC DELIVERY CO.", "voltages_kv": [138], "miles": 0.0, "named": false}], "circuits": [], "source_date": "2019-04-30"}}, {"type": "Feature", "geometry": {"type": "Point", "coordinates": [-97.74783, 32.06886]}, "properties": {"id": "300781", "name": "Unnamed substation", "type": "Substation", "status": "Status not published", "city": "Walnut Springs", "county": "Bosque", "state": "Texas", "min_kv": null, "max_kv": 138, "max_inferred": true, "min_inferred": false, "line_count": 6, "owners": [{"name": "ONCOR ELECTRIC DELIVERY CO.", "voltages_kv": [138], "miles": 0.0, "named": false}], "circuits": [], "source_date": "2018-01-02"}}, {"type": "Feature", "geometry": {"type": "Point", "coordinates": [-98.68915, 33.80716]}, "properties": {"id": "300782", "name": "Unnamed substation", "type": "Substation", "status": "In service", "city": "Holliday", "county": "Archer", "state": "Texas", "min_kv": 69, "max_kv": 138, "max_inferred": true, "min_inferred": true, "line_count": 4, "owners": [{"name": "ONCOR ELECTRIC DELIVERY CO.", "voltages_kv": [138, 69], "miles": 0.0, "named": false}], "circuits": [], "source_date": "2015-06-12"}}, {"type": "Feature", "geometry": {"type": "Point", "coordinates": [-97.79092, 33.56999]}, "properties": {"id": "300807", "name": "Unnamed substation", "type": "Substation", "status": "In service", "city": "Bowie", "county": "Montague", "state": "Texas", "min_kv": null, "max_kv": 138, "max_inferred": true, "min_inferred": false, "line_count": 4, "owners": [{"name": "ONCOR ELECTRIC DELIVERY CO.", "voltages_kv": [138], "miles": 0.0, "named": false}], "circuits": [], "source_date": "2018-01-02"}}, {"type": "Feature", "geometry": {"type": "Point", "coordinates": [-97.29702, 32.93954]}, "properties": {"id": "300029", "name": "Unnamed substation", "type": "Substation", "status": "In service", "city": "Fort Worth", "county": "Tarrant", "state": "Texas", "min_kv": 69, "max_kv": 138, "max_inferred": false, "min_inferred": false, "line_count": 1, "owners": [], "circuits": [], "source_date": "2017-05-01"}}, {"type": "Feature", "geometry": {"type": "Point", "coordinates": [-97.04201, 33.61255]}, "properties": {"id": "300056", "name": "Unnamed substation", "type": "Substation", "status": "In service", "city": "Gainesville", "county": "Cooke", "state": "Texas", "min_kv": 138, "max_kv": 138, "max_inferred": true, "min_inferred": true, "line_count": 2, "owners": [{"name": "ONCOR ELECTRIC DELIVERY CO.", "voltages_kv": [138], "miles": 0.0, "named": false}], "circuits": [], "source_date": "2018-09-11"}}, {"type": "Feature", "geometry": {"type": "Point", "coordinates": [-97.22325, 32.80554]}, "properties": {"id": "300845", "name": "Unnamed substation", "type": "Substation", "status": "In service", "city": "Richland Hills", "county": "Tarrant", "state": "Texas", "min_kv": 69, "max_kv": 138, "max_inferred": false, "min_inferred": false, "line_count": 4, "owners": [{"name": "ONCOR ELECTRIC DELIVERY CO.", "voltages_kv": [138, 69], "miles": 0.0, "named": false}], "circuits": [], "source_date": "2017-05-02"}}, {"type": "Feature", "geometry": {"type": "Point", "coordinates": [-97.19114, 32.7015]}, "properties": {"id": "302884", "name": "Unnamed substation", "type": "Substation", "status": "Status not published", "city": "Arlington", "county": "Tarrant", "state": "Texas", "min_kv": 138, "max_kv": 138, "max_inferred": true, "min_inferred": true, "line_count": 3, "owners": [{"name": "ONCOR ELECTRIC DELIVERY CO.", "voltages_kv": [138], "miles": 0.0, "named": false}], "circuits": [], "source_date": "2018-09-24"}}, {"type": "Feature", "geometry": {"type": "Point", "coordinates": [-97.29482, 32.65807]}, "properties": {"id": "302895", "name": "Unnamed substation", "type": "Substation", "status": "In service", "city": "Fort Worth", "county": "Tarrant", "state": "Texas", "min_kv": 69, "max_kv": 138, "max_inferred": true, "min_inferred": true, "line_count": 2, "owners": [{"name": "ONCOR ELECTRIC DELIVERY CO.", "voltages_kv": [138], "miles": 0.0, "named": false}], "circuits": [], "source_date": "2017-05-02"}}, {"type": "Feature", "geometry": {"type": "Point", "coordinates": [-97.86909, 32.41271]}, "properties": {"id": "302952", "name": "Unnamed substation", "type": "Substation", "status": "Status not published", "city": "Tolar", "county": "Hood", "state": "Texas", "min_kv": null, "max_kv": 138, "max_inferred": true, "min_inferred": false, "line_count": 2, "owners": [{"name": "ONCOR ELECTRIC DELIVERY CO.", "voltages_kv": [138], "miles": 0.0, "named": false}], "circuits": [], "source_date": "2018-01-08"}}, {"type": "Feature", "geometry": {"type": "Point", "coordinates": [-97.31551, 32.22707]}, "properties": {"id": "302957", "name": "Unnamed substation", "type": "Substation", "status": "In service", "city": "Grandview", "county": "Johnson", "state": "Texas", "min_kv": 69, "max_kv": 138, "max_inferred": true, "min_inferred": true, "line_count": 1, "owners": [], "circuits": [], "source_date": "2017-05-02"}}, {"type": "Feature", "geometry": {"type": "Point", "coordinates": [-97.0349, 32.69059]}, "properties": {"id": "302961", "name": "Unnamed substation", "type": "Substation", "status": "Status not published", "city": "Grand Prairie", "county": "Dallas", "state": "Texas", "min_kv": 13.8, "max_kv": 138, "max_inferred": true, "min_inferred": true, "line_count": 0, "owners": [], "circuits": [], "source_date": "2017-05-02"}}, {"type": "Feature", "geometry": {"type": "Point", "coordinates": [-97.54911, 33.02759]}, "properties": {"id": "302982", "name": "Unnamed substation", "type": "Substation", "status": "In service", "city": "Boyd", "county": "Wise", "state": "Texas", "min_kv": 138, "max_kv": 138, "max_inferred": true, "min_inferred": true, "line_count": 3, "owners": [{"name": "ONCOR ELECTRIC DELIVERY CO.", "voltages_kv": [345], "miles": 0.5, "named": false}], "circuits": [{"owner": "ONCOR ELECTRIC DELIVERY CO.", "voltage_kv": 345, "miles": 0.5, "from_name": "", "to_name": "Hicks"}], "source_date": "2018-01-08"}}, {"type": "Feature", "geometry": {"type": "Point", "coordinates": [-97.51212, 32.85761]}, "properties": {"id": "303013", "name": "Unnamed substation", "type": "Substation", "status": "In service", "city": "Lakeside", "county": "Tarrant", "state": "Texas", "min_kv": 69, "max_kv": 138, "max_inferred": false, "min_inferred": false, "line_count": 1, "owners": [{"name": "ONCOR ELECTRIC DELIVERY CO.", "voltages_kv": [345], "miles": 0.04, "named": false}], "circuits": [{"owner": "ONCOR ELECTRIC DELIVERY CO.", "voltage_kv": 345, "miles": 0.04, "from_name": "Hicks", "to_name": ""}], "source_date": "2017-05-02"}}, {"type": "Feature", "geometry": {"type": "Point", "coordinates": [-96.74397, 32.96243]}, "properties": {"id": "303016", "name": "Unnamed substation", "type": "Substation", "status": "In service", "city": "Richardson", "county": "Dallas", "state": "Texas", "min_kv": 138, "max_kv": 138, "max_inferred": true, "min_inferred": true, "line_count": 2, "owners": [{"name": "ONCOR ELECTRIC DELIVERY CO.", "voltages_kv": [138], "miles": 0.0, "named": false}], "circuits": [], "source_date": "2018-09-25"}}, {"type": "Feature", "geometry": {"type": "Point", "coordinates": [-98.00267, 33.09686]}, "properties": {"id": "303036", "name": "Unnamed substation", "type": "Substation", "status": "In service", "city": "Jacksboro", "county": "Jack", "state": "Texas", "min_kv": 138, "max_kv": 138, "max_inferred": true, "min_inferred": true, "line_count": 1, "owners": [{"name": "ONCOR ELECTRIC DELIVERY CO.", "voltages_kv": [138], "miles": 0.0, "named": false}], "circuits": [], "source_date": "2018-09-25"}}, {"type": "Feature", "geometry": {"type": "Point", "coordinates": [-97.1754, 32.23614]}, "properties": {"id": "303044", "name": "Unnamed substation", "type": "Substation", "status": "Status not published", "city": "Grandview", "county": "Hill", "state": "Texas", "min_kv": 69, "max_kv": 138, "max_inferred": true, "min_inferred": true, "line_count": 3, "owners": [{"name": "ONCOR ELECTRIC DELIVERY CO.", "voltages_kv": [138], "miles": 0.0, "named": false}], "circuits": [], "source_date": "2018-09-25"}}, {"type": "Feature", "geometry": {"type": "Point", "coordinates": [-97.70559, 32.88798]}, "properties": {"id": "303077", "name": "Unnamed substation", "type": "Substation", "status": "In service", "city": "Weatherford", "county": "Parker", "state": "Texas", "min_kv": null, "max_kv": 138, "max_inferred": true, "min_inferred": false, "line_count": 5, "owners": [{"name": "ONCOR ELECTRIC DELIVERY CO.", "voltages_kv": [138], "miles": 0.05, "named": false}], "circuits": [], "source_date": "2018-09-24"}}, {"type": "Feature", "geometry": {"type": "Point", "coordinates": [-97.67336, 33.38388]}, "properties": {"id": "303080", "name": "Unnamed substation", "type": "Substation", "status": "Status not published", "city": "Alvord", "county": "Wise", "state": "Texas", "min_kv": 138, "max_kv": 138, "max_inferred": true, "min_inferred": true, "line_count": 1, "owners": [{"name": "ONCOR ELECTRIC DELIVERY CO.", "voltages_kv": [138], "miles": 0.0, "named": false}], "circuits": [], "source_date": "2018-01-02"}}, {"type": "Feature", "geometry": {"type": "Point", "coordinates": [-97.73315, 33.2173]}, "properties": {"id": "303147", "name": "Unnamed substation", "type": "Substation", "status": "In service", "city": "Bridgeport", "county": "Wise", "state": "Texas", "min_kv": null, "max_kv": 138, "max_inferred": true, "min_inferred": false, "line_count": 3, "owners": [{"name": "ONCOR ELECTRIC DELIVERY CO.", "voltages_kv": [138], "miles": 0.0, "named": false}], "circuits": [], "source_date": "2018-09-24"}}, {"type": "Feature", "geometry": {"type": "Point", "coordinates": [-97.16187, 32.75708]}, "properties": {"id": "303177", "name": "Unnamed substation", "type": "Substation", "status": "Status not published", "city": "Fort Worth", "county": "Tarrant", "state": "Texas", "min_kv": 69, "max_kv": 138, "max_inferred": true, "min_inferred": true, "line_count": 1, "owners": [{"name": "ONCOR ELECTRIC DELIVERY CO.", "voltages_kv": [138], "miles": 0.0, "named": false}], "circuits": [], "source_date": "2017-12-22"}}, {"type": "Feature", "geometry": {"type": "Point", "coordinates": [-97.56934, 32.20141]}, "properties": {"id": "303200", "name": "Unnamed substation", "type": "Substation", "status": "Status not published", "city": "Cleburne", "county": "Johnson", "state": "Texas", "min_kv": null, "max_kv": 138, "max_inferred": true, "min_inferred": false, "line_count": 2, "owners": [{"name": "ONCOR ELECTRIC DELIVERY CO.", "voltages_kv": [138], "miles": 0.0, "named": false}], "circuits": [], "source_date": "2017-07-24"}}, {"type": "Feature", "geometry": {"type": "Point", "coordinates": [-98.19767, 33.44316]}, "properties": {"id": "303221", "name": "Unnamed substation", "type": "Substation", "status": "Status not published", "city": "Jacksboro", "county": "Jack", "state": "Texas", "min_kv": null, "max_kv": 138, "max_inferred": true, "min_inferred": false, "line_count": 1, "owners": [{"name": "ONCOR ELECTRIC DELIVERY CO.", "voltages_kv": [115], "miles": 0.0, "named": false}], "circuits": [], "source_date": "2018-01-24"}}, {"type": "Feature", "geometry": {"type": "Point", "coordinates": [-97.41682, 32.62981]}, "properties": {"id": "303237", "name": "Unnamed substation", "type": "Substation", "status": "In service", "city": "Fort Worth", "county": "Tarrant", "state": "Texas", "min_kv": 69, "max_kv": 138, "max_inferred": true, "min_inferred": true, "line_count": 2, "owners": [], "circuits": [], "source_date": "2017-05-02"}}, {"type": "Feature", "geometry": {"type": "Point", "coordinates": [-97.03624, 32.45652]}, "properties": {"id": "303282", "name": "Unnamed substation", "type": "Substation", "status": "In service", "city": "Midlothian", "county": "Ellis", "state": "Texas", "min_kv": 69, "max_kv": 138, "max_inferred": false, "min_inferred": false, "line_count": 1, "owners": [], "circuits": [], "source_date": "2017-05-01"}}, {"type": "Feature", "geometry": {"type": "Point", "coordinates": [-97.37497, 32.35371]}, "properties": {"id": "301734", "name": "Unnamed substation", "type": "Substation", "status": "In service", "city": "Cleburne", "county": "Johnson", "state": "Texas", "min_kv": null, "max_kv": 138, "max_inferred": true, "min_inferred": false, "line_count": 2, "owners": [{"name": "ONCOR ELECTRIC DELIVERY CO.", "voltages_kv": [138], "miles": 0.0, "named": false}], "circuits": [], "source_date": "2018-09-24"}}, {"type": "Feature", "geometry": {"type": "Point", "coordinates": [-96.94332, 32.90784]}, "properties": {"id": "301772", "name": "Unnamed substation", "type": "Substation", "status": "In service", "city": "Irving", "county": "Dallas", "state": "Texas", "min_kv": 69, "max_kv": 138, "max_inferred": false, "min_inferred": false, "line_count": 3, "owners": [], "circuits": [], "source_date": "2017-05-01"}}, {"type": "Feature", "geometry": {"type": "Point", "coordinates": [-97.82523, 33.5612]}, "properties": {"id": "301835", "name": "Unnamed substation", "type": "Substation", "status": "Status not published", "city": "Bowie", "county": "Montague", "state": "Texas", "min_kv": 138, "max_kv": 138, "max_inferred": true, "min_inferred": true, "line_count": 1, "owners": [{"name": "ONCOR ELECTRIC DELIVERY CO.", "voltages_kv": [138], "miles": 0.0, "named": false}], "circuits": [], "source_date": "2017-12-22"}}, {"type": "Feature", "geometry": {"type": "Point", "coordinates": [-96.87729, 32.45777]}, "properties": {"id": "301892", "name": "Unnamed substation", "type": "Substation", "status": "In service", "city": "Waxahachie", "county": "Ellis", "state": "Texas", "min_kv": 69, "max_kv": 138, "max_inferred": false, "min_inferred": false, "line_count": 5, "owners": [{"name": "ONCOR ELECTRIC DELIVERY CO.", "voltages_kv": [138], "miles": 0.0, "named": false}], "circuits": [], "source_date": "2015-06-11"}}, {"type": "Feature", "geometry": {"type": "Point", "coordinates": [-98.61191, 33.12287]}, "properties": {"id": "301946", "name": "Unnamed substation", "type": "Substation", "status": "Status not published", "city": "Graham", "county": "Young", "state": "Texas", "min_kv": 138, "max_kv": 138, "max_inferred": true, "min_inferred": true, "line_count": 3, "owners": [{"name": "ONCOR ELECTRIC DELIVERY COMPANY LLC", "voltages_kv": [345], "miles": 0.02, "named": false}, {"name": "FORT BELKNAP ELECTRIC COOP INC", "voltages_kv": [345], "miles": 0.03, "named": false}, {"name": "ONCOR ELECTRIC DELIVERY CO.", "voltages_kv": [345], "miles": 0.44, "named": false}], "circuits": [{"owner": "ONCOR ELECTRIC DELIVERY COMPANY LLC", "voltage_kv": 345, "miles": 0.02, "from_name": "", "to_name": "Tonkawa"}], "source_date": "2018-09-25"}}, {"type": "Feature", "geometry": {"type": "Point", "coordinates": [-97.40281, 32.65797]}, "properties": {"id": "301989", "name": "Unnamed substation", "type": "Substation", "status": "In service", "city": "Fort Worth", "county": "Tarrant", "state": "Texas", "min_kv": 69, "max_kv": 138, "max_inferred": false, "min_inferred": false, "line_count": 6, "owners": [{"name": "ONCOR ELECTRIC DELIVERY CO.", "voltages_kv": [138], "miles": 0.0, "named": false}], "circuits": [], "source_date": "2017-05-02"}}, {"type": "Feature", "geometry": {"type": "Point", "coordinates": [-97.44932, 32.73457]}, "properties": {"id": "301990", "name": "Unnamed substation", "type": "Substation", "status": "In service", "city": "Fort Worth", "county": "Tarrant", "state": "Texas", "min_kv": 13.8, "max_kv": 138, "max_inferred": false, "min_inferred": false, "line_count": 2, "owners": [{"name": "ONCOR ELECTRIC DELIVERY CO.", "voltages_kv": [69], "miles": 0.0, "named": false}], "circuits": [], "source_date": "2017-05-01"}}, {"type": "Feature", "geometry": {"type": "Point", "coordinates": [-97.02074, 32.86225]}, "properties": {"id": "302062", "name": "Unnamed substation", "type": "Substation", "status": "In service", "city": "Irving", "county": "Dallas", "state": "Texas", "min_kv": 69, "max_kv": 138, "max_inferred": false, "min_inferred": false, "line_count": 3, "owners": [{"name": "ONCOR ELECTRIC DELIVERY CO.", "voltages_kv": [138], "miles": 0.0, "named": false}], "circuits": [{"owner": "ONCOR ELECTRIC DELIVERY CO.", "voltage_kv": 138, "miles": 0.0, "from_name": "Riser300108", "to_name": ""}], "source_date": "2017-01-10"}}, {"type": "Feature", "geometry": {"type": "Point", "coordinates": [-96.54997, 32.90411]}, "properties": {"id": "302077", "name": "Unnamed substation", "type": "Substation", "status": "In service", "city": "Rowlett", "county": "Dallas", "state": "Texas", "min_kv": 69, "max_kv": 138, "max_inferred": false, "min_inferred": false, "line_count": 3, "owners": [{"name": "ONCOR ELECTRIC DELIVERY CO.", "voltages_kv": [138], "miles": 0.0, "named": false}], "circuits": [], "source_date": "2017-05-01"}}, {"type": "Feature", "geometry": {"type": "Point", "coordinates": [-98.67858, 33.52115]}, "properties": {"id": "303319", "name": "Unnamed substation", "type": "Substation", "status": "In service", "city": "Archer City", "county": "Archer", "state": "Texas", "min_kv": 69, "max_kv": 138, "max_inferred": true, "min_inferred": true, "line_count": 2, "owners": [{"name": "ONCOR ELECTRIC DELIVERY CO.", "voltages_kv": [138], "miles": 0.0, "named": false}], "circuits": [], "source_date": "2015-08-05"}}, {"type": "Feature", "geometry": {"type": "Point", "coordinates": [-96.85124, 32.43773]}, "properties": {"id": "303329", "name": "Unnamed substation", "type": "Substation", "status": "In service", "city": "Waxahachie", "county": "Ellis", "state": "Texas", "min_kv": 69, "max_kv": 138, "max_inferred": true, "min_inferred": true, "line_count": 1, "owners": [{"name": "ONCOR ELECTRIC DELIVERY CO.", "voltages_kv": [138], "miles": 0.25, "named": false}], "circuits": [], "source_date": "2017-04-05"}}, {"type": "Feature", "geometry": {"type": "Point", "coordinates": [-97.95513, 33.10112]}, "properties": {"id": "302829", "name": "Unnamed substation", "type": "Substation", "status": "In service", "city": "Joplin", "county": "Jack", "state": "Texas", "min_kv": 69, "max_kv": 138, "max_inferred": true, "min_inferred": true, "line_count": 7, "owners": [{"name": "ONCOR ELECTRIC DELIVERY CO.", "voltages_kv": [345, 138, 69], "miles": 0.0, "named": false}], "circuits": [], "source_date": "2015-06-11"}}, {"type": "Feature", "geometry": {"type": "Point", "coordinates": [-98.55937, 33.13322]}, "properties": {"id": "302837", "name": "Unnamed substation", "type": "Substation", "status": "In service", "city": "Graham", "county": "Young", "state": "Texas", "min_kv": 69, "max_kv": 138, "max_inferred": false, "min_inferred": false, "line_count": 6, "owners": [{"name": "ONCOR ELECTRIC DELIVERY CO.", "voltages_kv": [345, 138, 69], "miles": 0.0, "named": false}], "circuits": [], "source_date": "2017-04-26"}}, {"type": "Feature", "geometry": {"type": "Point", "coordinates": [-98.19107, 32.26284]}, "properties": {"id": "302847", "name": "Unnamed substation", "type": "Substation", "status": "In service", "city": "Stephenville", "county": "Erath", "state": "Texas", "min_kv": null, "max_kv": 138, "max_inferred": true, "min_inferred": false, "line_count": 2, "owners": [{"name": "ONCOR ELECTRIC DELIVERY CO.", "voltages_kv": [138], "miles": 0.0, "named": false}], "circuits": [], "source_date": "2018-08-06"}}, {"type": "Feature", "geometry": {"type": "Point", "coordinates": [-97.18511, 32.71708]}, "properties": {"id": "303393", "name": "Unnamed substation", "type": "Substation", "status": "Status not published", "city": "Arlington", "county": "Tarrant", "state": "Texas", "min_kv": 13.8, "max_kv": 138, "max_inferred": true, "min_inferred": true, "line_count": 0, "owners": [{"name": "ONCOR ELECTRIC DELIVERY CO.", "voltages_kv": [138], "miles": 0.01, "named": false}], "circuits": [], "source_date": "2017-05-02"}}, {"type": "Feature", "geometry": {"type": "Point", "coordinates": [-97.47833, 32.74907]}, "properties": {"id": "303395", "name": "Unnamed substation", "type": "Substation", "status": "In service", "city": "White Settlement", "county": "Tarrant", "state": "Texas", "min_kv": 13.8, "max_kv": 138, "max_inferred": false, "min_inferred": false, "line_count": 3, "owners": [], "circuits": [], "source_date": "2017-05-01"}}, {"type": "Feature", "geometry": {"type": "Point", "coordinates": [-98.25841, 32.20486]}, "properties": {"id": "302194", "name": "Unnamed substation", "type": "Substation", "status": "Status not published", "city": "Stephenville", "county": "Erath", "state": "Texas", "min_kv": null, "max_kv": 138, "max_inferred": true, "min_inferred": false, "line_count": 2, "owners": [{"name": "ONCOR ELECTRIC DELIVERY CO.", "voltages_kv": [138], "miles": 0.0, "named": false}], "circuits": [], "source_date": "2017-12-22"}}, {"type": "Feature", "geometry": {"type": "Point", "coordinates": [-97.22621, 32.67455]}, "properties": {"id": "303452", "name": "Unnamed substation", "type": "Substation", "status": "In service", "city": "Arlington", "county": "Tarrant", "state": "Texas", "min_kv": 69, "max_kv": 138, "max_inferred": false, "min_inferred": false, "line_count": 2, "owners": [], "circuits": [], "source_date": "2017-05-01"}}, {"type": "Feature", "geometry": {"type": "Point", "coordinates": [-96.90769, 32.46797]}, "properties": {"id": "303455", "name": "Unnamed substation", "type": "Substation", "status": "In service", "city": "Ovilla", "county": "Ellis", "state": "Texas", "min_kv": 69, "max_kv": 138, "max_inferred": false, "min_inferred": false, "line_count": 1, "owners": [{"name": "ONCOR ELECTRIC DELIVERY CO.", "voltages_kv": [138], "miles": 0.04, "named": false}], "circuits": [], "source_date": "2017-05-02"}}, {"type": "Feature", "geometry": {"type": "Point", "coordinates": [-97.36383, 32.69059]}, "properties": {"id": "302256", "name": "Unnamed substation", "type": "Substation", "status": "In service", "city": "Fort Worth", "county": "Tarrant", "state": "Texas", "min_kv": 13.8, "max_kv": 138, "max_inferred": false, "min_inferred": false, "line_count": 1, "owners": [], "circuits": [], "source_date": "2017-05-02"}}, {"type": "Feature", "geometry": {"type": "Point", "coordinates": [-97.73458, 32.45952]}, "properties": {"id": "302261", "name": "Unnamed substation", "type": "Substation", "status": "Status not published", "city": "Granbury", "county": "Hood", "state": "Texas", "min_kv": null, "max_kv": 138, "max_inferred": true, "min_inferred": false, "line_count": 3, "owners": [{"name": "ONCOR ELECTRIC DELIVERY CO.", "voltages_kv": [138], "miles": 0.0, "named": false}], "circuits": [], "source_date": "2017-12-22"}}, {"type": "Feature", "geometry": {"type": "Point", "coordinates": [-96.84886, 32.81302]}, "properties": {"id": "303563", "name": "Unnamed substation", "type": "Substation", "status": "In service", "city": "Dallas", "county": "Dallas", "state": "Texas", "min_kv": 69, "max_kv": 138, "max_inferred": false, "min_inferred": false, "line_count": 1, "owners": [], "circuits": [], "source_date": "2017-01-17"}}, {"type": "Feature", "geometry": {"type": "Point", "coordinates": [-97.2685, 32.83023]}, "properties": {"id": "302334", "name": "Unnamed substation", "type": "Substation", "status": "In service", "city": "Haltom City", "county": "Tarrant", "state": "Texas", "min_kv": 69, "max_kv": 138, "max_inferred": false, "min_inferred": false, "line_count": 2, "owners": [{"name": "ONCOR ELECTRIC DELIVERY CO.", "voltages_kv": [138], "miles": 0.0, "named": false}], "circuits": [], "source_date": "2017-05-02"}}, {"type": "Feature", "geometry": {"type": "Point", "coordinates": [-97.19996, 33.7006]}, "properties": {"id": "302338", "name": "Unnamed substation", "type": "Substation", "status": "Status not published", "city": "Gainesville", "county": "Cooke", "state": "Texas", "min_kv": null, "max_kv": 138, "max_inferred": true, "min_inferred": false, "line_count": 3, "owners": [{"name": "ONCOR ELECTRIC DELIVERY CO.", "voltages_kv": [138], "miles": 0.0, "named": false}], "circuits": [], "source_date": "2018-09-07"}}, {"type": "Feature", "geometry": {"type": "Point", "coordinates": [-97.41654, 32.46036]}, "properties": {"id": "303597", "name": "Unnamed substation", "type": "Substation", "status": "In service", "city": "Joshua", "county": "Johnson", "state": "Texas", "min_kv": 69, "max_kv": 138, "max_inferred": false, "min_inferred": false, "line_count": 2, "owners": [{"name": "ONCOR ELECTRIC DELIVERY CO.", "voltages_kv": [138], "miles": 0.0, "named": false}], "circuits": [], "source_date": "2017-05-02"}}, {"type": "Feature", "geometry": {"type": "Point", "coordinates": [-97.03396, 32.7575]}, "properties": {"id": "302374", "name": "Unnamed substation", "type": "Substation", "status": "In service", "city": "Grand Prairie", "county": "Dallas", "state": "Texas", "min_kv": 69, "max_kv": 138, "max_inferred": false, "min_inferred": false, "line_count": 2, "owners": [], "circuits": [], "source_date": "2017-05-02"}}, {"type": "Feature", "geometry": {"type": "Point", "coordinates": [-97.87089, 32.41024]}, "properties": {"id": "303614", "name": "Unnamed substation", "type": "Substation", "status": "In service", "city": "Tolar", "county": "Hood", "state": "Texas", "min_kv": null, "max_kv": 138, "max_inferred": true, "min_inferred": false, "line_count": 4, "owners": [{"name": "ONCOR ELECTRIC DELIVERY CO.", "voltages_kv": [138], "miles": 0.0, "named": false}], "circuits": [], "source_date": "2018-01-24"}}, {"type": "Feature", "geometry": {"type": "Point", "coordinates": [-96.62455, 32.91362]}, "properties": {"id": "303637", "name": "Unnamed substation", "type": "Substation", "status": "In service", "city": "Garland", "county": "Dallas", "state": "Texas", "min_kv": 69, "max_kv": 138, "max_inferred": false, "min_inferred": false, "line_count": 4, "owners": [{"name": "ONCOR ELECTRIC DELIVERY CO.", "voltages_kv": [138, 69], "miles": 0.0, "named": false}], "circuits": [{"owner": "ONCOR ELECTRIC DELIVERY CO.", "voltage_kv": 69, "miles": 0.01, "from_name": "Castle", "to_name": ""}], "source_date": "2017-04-25"}}, {"type": "Feature", "geometry": {"type": "Point", "coordinates": [-97.28503, 32.79291]}, "properties": {"id": "303644", "name": "Unnamed substation", "type": "Substation", "status": "In service", "city": "Haltom City", "county": "Tarrant", "state": "Texas", "min_kv": 69, "max_kv": 138, "max_inferred": false, "min_inferred": false, "line_count": 2, "owners": [{"name": "ONCOR ELECTRIC DELIVERY CO.", "voltages_kv": [138, 69], "miles": 0.0, "named": false}], "circuits": [], "source_date": "2017-05-02"}}, {"type": "Feature", "geometry": {"type": "Point", "coordinates": [-96.84905, 32.97593]}, "properties": {"id": "303666", "name": "Unnamed substation", "type": "Substation", "status": "In service", "city": "Carrollton", "county": "Dallas", "state": "Texas", "min_kv": 13.8, "max_kv": 138, "max_inferred": false, "min_inferred": false, "line_count": 6, "owners": [{"name": "ONCOR ELECTRIC DELIVERY CO.", "voltages_kv": [138], "miles": 0.0, "named": false}], "circuits": [{"owner": "ONCOR ELECTRIC DELIVERY CO.", "voltage_kv": 138, "miles": 0.0, "from_name": "Carrollton-Josey Lane", "to_name": ""}], "source_date": "2017-05-01"}}, {"type": "Feature", "geometry": {"type": "Point", "coordinates": [-97.3893, 32.66886]}, "properties": {"id": "303675", "name": "Unnamed substation", "type": "Substation", "status": "In service", "city": "Fort Worth", "county": "Tarrant", "state": "Texas", "min_kv": 69, "max_kv": 138, "max_inferred": false, "min_inferred": false, "line_count": 2, "owners": [], "circuits": [], "source_date": "2017-05-02"}}, {"type": "Feature", "geometry": {"type": "Point", "coordinates": [-96.63646, 32.91015]}, "properties": {"id": "305555", "name": "Unnamed substation", "type": "Substation", "status": "In service", "city": "Garland", "county": "Dallas", "state": "Texas", "min_kv": 69, "max_kv": 138, "max_inferred": true, "min_inferred": true, "line_count": 2, "owners": [{"name": "ONCOR ELECTRIC DELIVERY CO.", "voltages_kv": [345, 138], "miles": 0.05, "named": false}], "circuits": [{"owner": "ONCOR ELECTRIC DELIVERY CO.", "voltage_kv": 345, "miles": 0.05, "from_name": "McCree", "to_name": ""}], "source_date": "2017-05-02"}}, {"type": "Feature", "geometry": {"type": "Point", "coordinates": [-97.20657, 33.04866]}, "properties": {"id": "305558", "name": "Unnamed substation", "type": "Substation", "status": "Status not published", "city": "Flower Mound", "county": "Denton", "state": "Texas", "min_kv": 69, "max_kv": 138, "max_inferred": true, "min_inferred": true, "line_count": 0, "owners": [], "circuits": [], "source_date": "2017-05-02"}}, {"type": "Feature", "geometry": {"type": "Point", "coordinates": [-97.56437, 31.77671]}, "properties": {"id": "305569", "name": "Unnamed substation", "type": "Substation", "status": "In service", "city": "Clifton", "county": "Bosque", "state": "Texas", "min_kv": null, "max_kv": 138, "max_inferred": true, "min_inferred": false, "line_count": 6, "owners": [{"name": "ONCOR ELECTRIC DELIVERY CO.", "voltages_kv": [138], "miles": 0.0, "named": false}], "circuits": [], "source_date": "2017-12-22"}}, {"type": "Feature", "geometry": {"type": "Point", "coordinates": [-97.31341, 32.80121]}, "properties": {"id": "305638", "name": "Unnamed substation", "type": "Substation", "status": "Status not published", "city": "Fort Worth", "county": "Tarrant", "state": "Texas", "min_kv": null, "max_kv": 138, "max_inferred": true, "min_inferred": false, "line_count": 1, "owners": [{"name": "ONCOR ELECTRIC DELIVERY CO.", "voltages_kv": [138], "miles": 0.0, "named": false}], "circuits": [], "source_date": "2018-01-24"}}, {"type": "Feature", "geometry": {"type": "Point", "coordinates": [-98.33968, 33.04436]}, "properties": {"id": "305641", "name": "Unnamed substation", "type": "Substation", "status": "Status not published", "city": "Bryson", "county": "Jack", "state": "Texas", "min_kv": 69, "max_kv": 138, "max_inferred": true, "min_inferred": true, "line_count": 1, "owners": [{"name": "ONCOR ELECTRIC DELIVERY CO.", "voltages_kv": [345], "miles": 0.07, "named": false}], "circuits": [], "source_date": "2015-06-11"}}, {"type": "Feature", "geometry": {"type": "Point", "coordinates": [-96.71084, 32.90837]}, "properties": {"id": "305648", "name": "Unnamed substation", "type": "Substation", "status": "In service", "city": "Dallas", "county": "Dallas", "state": "Texas", "min_kv": 138, "max_kv": 138, "max_inferred": true, "min_inferred": true, "line_count": 3, "owners": [], "circuits": [], "source_date": "2018-01-30"}}, {"type": "Feature", "geometry": {"type": "Point", "coordinates": [-97.20449, 32.72643]}, "properties": {"id": "305666", "name": "Unnamed substation", "type": "Substation", "status": "Status not published", "city": "Arlington", "county": "Tarrant", "state": "Texas", "min_kv": 138, "max_kv": 138, "max_inferred": true, "min_inferred": true, "line_count": 3, "owners": [{"name": "ONCOR ELECTRIC DELIVERY CO.", "voltages_kv": [138], "miles": 0.0, "named": false}], "circuits": [], "source_date": "2018-09-24"}}, {"type": "Feature", "geometry": {"type": "Point", "coordinates": [-97.41751, 32.6735]}, "properties": {"id": "303703", "name": "Unnamed substation", "type": "Substation", "status": "In service", "city": "Fort Worth", "county": "Tarrant", "state": "Texas", "min_kv": 69, "max_kv": 138, "max_inferred": false, "min_inferred": false, "line_count": 4, "owners": [{"name": "ONCOR ELECTRIC DELIVERY CO.", "voltages_kv": [138], "miles": 0.0, "named": false}], "circuits": [], "source_date": "2017-05-02"}}, {"type": "Feature", "geometry": {"type": "Point", "coordinates": [-97.19168, 32.76341]}, "properties": {"id": "304087", "name": "Unnamed substation", "type": "Substation", "status": "Status not published", "city": "Fort Worth", "county": "Tarrant", "state": "Texas", "min_kv": 138, "max_kv": 138, "max_inferred": true, "min_inferred": true, "line_count": 1, "owners": [{"name": "ONCOR ELECTRIC DELIVERY CO.", "voltages_kv": [138], "miles": 0.0, "named": false}], "circuits": [], "source_date": "2018-01-30"}}, {"type": "Feature", "geometry": {"type": "Point", "coordinates": [-97.79775, 31.5356]}, "properties": {"id": "304090", "name": "Unnamed substation", "type": "Substation", "status": "In service", "city": "Gatesville", "county": "Coryell", "state": "Texas", "min_kv": null, "max_kv": 138, "max_inferred": true, "min_inferred": false, "line_count": 4, "owners": [], "circuits": [], "source_date": "2018-09-10"}}, {"type": "Feature", "geometry": {"type": "Point", "coordinates": [-97.00946, 33.06371]}, "properties": {"id": "304099", "name": "Unnamed substation", "type": "Substation", "status": "In service", "city": "Lewisville", "county": "Denton", "state": "Texas", "min_kv": 69, "max_kv": 138, "max_inferred": false, "min_inferred": false, "line_count": 2, "owners": [{"name": "ONCOR ELECTRIC DELIVERY CO.", "voltages_kv": [345], "miles": 0.16, "named": false}], "circuits": [{"owner": "ONCOR ELECTRIC DELIVERY CO.", "voltage_kv": 345, "miles": 0.16, "from_name": "Northwest Carrollton", "to_name": ""}], "source_date": "2017-05-02"}}, {"type": "Feature", "geometry": {"type": "Point", "coordinates": [-97.00703, 32.51936]}, "properties": {"id": "304110", "name": "Unnamed substation", "type": "Substation", "status": "In service", "city": "Midlothian", "county": "Ellis", "state": "Texas", "min_kv": 69, "max_kv": 138, "max_inferred": false, "min_inferred": false, "line_count": 2, "owners": [{"name": "ONCOR ELECTRIC DELIVERY CO.", "voltages_kv": [138], "miles": 0.0, "named": false}], "circuits": [], "source_date": "2017-05-02"}}, {"type": "Feature", "geometry": {"type": "Point", "coordinates": [-98.67387, 32.24467]}, "properties": {"id": "304522", "name": "Unnamed substation", "type": "Substation", "status": "In service", "city": "Gorman", "county": "Eastland", "state": "Texas", "min_kv": 69, "max_kv": 138, "max_inferred": false, "min_inferred": false, "line_count": 4, "owners": [{"name": "ONCOR ELECTRIC DELIVERY CO.", "voltages_kv": [138], "miles": 0.0, "named": false}, {"name": "TAYLOR ELECTRIC COOP INC - (TX)", "voltages_kv": [345, 138], "miles": 0.0, "named": false}], "circuits": [], "source_date": "2015-08-03"}}, {"type": "Feature", "geometry": {"type": "Point", "coordinates": [-97.21161, 33.21481]}, "properties": {"id": "304118", "name": "Unnamed substation", "type": "Substation", "status": "In service", "city": "Denton", "county": "Denton", "state": "Texas", "min_kv": null, "max_kv": 138, "max_inferred": false, "min_inferred": false, "line_count": 0, "owners": [{"name": "ONCOR ELECTRIC DELIVERY CO.", "voltages_kv": [138], "miles": 0.06, "named": false}, {"name": "NOT AVAILABLE", "voltages_kv": [138], "miles": 0.07, "named": false}], "circuits": [], "source_date": "2019-04-29"}}, {"type": "Feature", "geometry": {"type": "Point", "coordinates": [-97.45517, 33.07625]}, "properties": {"id": "304944", "name": "Unnamed substation", "type": "Substation", "status": "In service", "city": "Rhome", "county": "Wise", "state": "Texas", "min_kv": 138, "max_kv": 138, "max_inferred": true, "min_inferred": true, "line_count": 2, "owners": [{"name": "ONCOR ELECTRIC DELIVERY CO.", "voltages_kv": [138], "miles": 0.0, "named": false}], "circuits": [], "source_date": "2018-09-11"}}, {"type": "Feature", "geometry": {"type": "Point", "coordinates": [-97.33327, 32.74857]}, "properties": {"id": "304123", "name": "Unnamed substation", "type": "Substation", "status": "In service", "city": "Fort Worth", "county": "Tarrant", "state": "Texas", "min_kv": 138, "max_kv": 138, "max_inferred": true, "min_inferred": true, "line_count": 3, "owners": [{"name": "ONCOR ELECTRIC DELIVERY CO.", "voltages_kv": [138], "miles": 0.0, "named": false}], "circuits": [], "source_date": "2019-05-02"}}, {"type": "Feature", "geometry": {"type": "Point", "coordinates": [-98.48343, 33.79563]}, "properties": {"id": "303758", "name": "Unnamed substation", "type": "Substation", "status": "In service", "city": "Lakeside City", "county": "Archer", "state": "Texas", "min_kv": 69, "max_kv": 138, "max_inferred": false, "min_inferred": false, "line_count": 2, "owners": [{"name": "ONCOR ELECTRIC DELIVERY CO.", "voltages_kv": [138], "miles": 0.0, "named": false}], "circuits": [], "source_date": "2017-04-26"}}, {"type": "Feature", "geometry": {"type": "Point", "coordinates": [-96.94452, 32.57259]}, "properties": {"id": "304547", "name": "Unnamed substation", "type": "Substation", "status": "Status not published", "city": "Cedar Hill", "county": "Dallas", "state": "Texas", "min_kv": null, "max_kv": 138, "max_inferred": true, "min_inferred": false, "line_count": 2, "owners": [{"name": "ONCOR ELECTRIC DELIVERY CO.", "voltages_kv": [138], "miles": 0.0, "named": false}], "circuits": [{"owner": "ONCOR ELECTRIC DELIVERY CO.", "voltage_kv": 138, "miles": 0.0, "from_name": "Cedar Hill", "to_name": ""}], "source_date": "2017-12-22"}}, {"type": "Feature", "geometry": {"type": "Point", "coordinates": [-97.07903, 33.68109]}, "properties": {"id": "304170", "name": "Unnamed substation", "type": "Substation", "status": "In service", "city": "Gainesville", "county": "Cooke", "state": "Texas", "min_kv": 69, "max_kv": 138, "max_inferred": true, "min_inferred": true, "line_count": 3, "owners": [{"name": "ONCOR ELECTRIC DELIVERY CO.", "voltages_kv": [138, 69], "miles": 0.0, "named": false}], "circuits": [], "source_date": "2017-04-12"}}, {"type": "Feature", "geometry": {"type": "Point", "coordinates": [-97.89418, 31.61515]}, "properties": {"id": "303784", "name": "Unnamed substation", "type": "Substation", "status": "In service", "city": "Jonesboro", "county": "Hamilton", "state": "Texas", "min_kv": null, "max_kv": 138, "max_inferred": true, "min_inferred": false, "line_count": 3, "owners": [{"name": "NOT AVAILABLE", "voltages_kv": [138], "miles": 0.0, "named": false}], "circuits": [], "source_date": "2017-12-22"}}, {"type": "Feature", "geometry": {"type": "Point", "coordinates": [-98.42542, 32.87357]}, "properties": {"id": "304174", "name": "Unnamed substation", "type": "Substation", "status": "Status not published", "city": "Brad", "county": "Palo Pinto", "state": "Texas", "min_kv": 69, "max_kv": 138, "max_inferred": true, "min_inferred": true, "line_count": 3, "owners": [{"name": "ONCOR ELECTRIC DELIVERY CO.", "voltages_kv": [138], "miles": 0.0, "named": false}], "circuits": [], "source_date": "2015-08-27"}}, {"type": "Feature", "geometry": {"type": "Point", "coordinates": [-97.10431, 33.11256]}, "properties": {"id": "303789", "name": "Unnamed substation", "type": "Substation", "status": "In service", "city": "Copper Canyon", "county": "Denton", "state": "Texas", "min_kv": 138, "max_kv": 138, "max_inferred": false, "min_inferred": true, "line_count": 2, "owners": [{"name": "ONCOR ELECTRIC DELIVERY CO.", "voltages_kv": [138], "miles": 0.0, "named": false}], "circuits": [], "source_date": "2019-05-01"}}, {"type": "Feature", "geometry": {"type": "Point", "coordinates": [-96.75986, 32.92687]}, "properties": {"id": "303790", "name": "Unnamed substation", "type": "Substation", "status": "In service", "city": "Dallas", "county": "Dallas", "state": "Texas", "min_kv": 69, "max_kv": 138, "max_inferred": false, "min_inferred": false, "line_count": 3, "owners": [{"name": "ONCOR ELECTRIC DELIVERY CO.", "voltages_kv": [138], "miles": 0.0, "named": false}], "circuits": [], "source_date": "2017-05-01"}}, {"type": "Feature", "geometry": {"type": "Point", "coordinates": [-97.18697, 32.8509]}, "properties": {"id": "303796", "name": "Unnamed substation", "type": "Substation", "status": "In service", "city": "Hurst", "county": "Tarrant", "state": "Texas", "min_kv": 69, "max_kv": 138, "max_inferred": false, "min_inferred": false, "line_count": 2, "owners": [{"name": "ONCOR ELECTRIC DELIVERY CO.", "voltages_kv": [138], "miles": 0.0, "named": false}], "circuits": [], "source_date": "2017-05-02"}}, {"type": "Feature", "geometry": {"type": "Point", "coordinates": [-97.58918, 31.79125]}, "properties": {"id": "304581", "name": "Unnamed substation", "type": "Substation", "status": "Status not published", "city": "Clifton", "county": "Bosque", "state": "Texas", "min_kv": null, "max_kv": 138, "max_inferred": true, "min_inferred": false, "line_count": 3, "owners": [{"name": "ONCOR ELECTRIC DELIVERY CO.", "voltages_kv": [138, 69], "miles": 0.0, "named": false}], "circuits": [], "source_date": "2018-09-10"}}, {"type": "Feature", "geometry": {"type": "Point", "coordinates": [-97.03508, 32.74434]}, "properties": {"id": "304605", "name": "Unnamed substation", "type": "Substation", "status": "In service", "city": "Grand Prairie", "county": "Dallas", "state": "Texas", "min_kv": 13.8, "max_kv": 138, "max_inferred": false, "min_inferred": false, "line_count": 2, "owners": [], "circuits": [], "source_date": "2017-05-02"}}, {"type": "Feature", "geometry": {"type": "Point", "coordinates": [-97.87078, 33.56391]}, "properties": {"id": "304610", "name": "Unnamed substation", "type": "Substation", "status": "Status not published", "city": "Bowie", "county": "Montague", "state": "Texas", "min_kv": null, "max_kv": 138, "max_inferred": true, "min_inferred": false, "line_count": 1, "owners": [{"name": "ONCOR ELECTRIC DELIVERY CO.", "voltages_kv": [69], "miles": 0.0, "named": false}], "circuits": [], "source_date": "2018-01-02"}}, {"type": "Feature", "geometry": {"type": "Point", "coordinates": [-97.20157, 33.70143]}, "properties": {"id": "303826", "name": "Unnamed substation", "type": "Substation", "status": "In service", "city": "Gainesville", "county": "Cooke", "state": "Texas", "min_kv": 138, "max_kv": 138, "max_inferred": true, "min_inferred": true, "line_count": 1, "owners": [{"name": "ONCOR ELECTRIC DELIVERY CO.", "voltages_kv": [138], "miles": 0.11, "named": false}], "circuits": [], "source_date": "2018-09-07"}}, {"type": "Feature", "geometry": {"type": "Point", "coordinates": [-97.20079, 33.7002]}, "properties": {"id": "304218", "name": "Unnamed substation", "type": "Substation", "status": "Status not published", "city": "Gainesville", "county": "Cooke", "state": "Texas", "min_kv": null, "max_kv": 138, "max_inferred": true, "min_inferred": false, "line_count": 3, "owners": [{"name": "ONCOR ELECTRIC DELIVERY CO.", "voltages_kv": [138], "miles": 0.06, "named": false}], "circuits": [], "source_date": "2018-09-07"}}, {"type": "Feature", "geometry": {"type": "Point", "coordinates": [-97.30495, 32.65381]}, "properties": {"id": "303833", "name": "Unnamed substation", "type": "Substation", "status": "In service", "city": "Fort Worth", "county": "Tarrant", "state": "Texas", "min_kv": 138, "max_kv": 138, "max_inferred": true, "min_inferred": true, "line_count": 2, "owners": [{"name": "ONCOR ELECTRIC DELIVERY CO.", "voltages_kv": [138], "miles": 0.0, "named": false}], "circuits": [], "source_date": "2018-09-24"}}, {"type": "Feature", "geometry": {"type": "Point", "coordinates": [-96.73739, 32.88901]}, "properties": {"id": "304616", "name": "Unnamed substation", "type": "Substation", "status": "In service", "city": "Dallas", "county": "Dallas", "state": "Texas", "min_kv": 69, "max_kv": 138, "max_inferred": false, "min_inferred": false, "line_count": 3, "owners": [], "circuits": [], "source_date": "2017-05-01"}}, {"type": "Feature", "geometry": {"type": "Point", "coordinates": [-97.76974, 33.22911]}, "properties": {"id": "305028", "name": "Unnamed substation", "type": "Substation", "status": "In service", "city": "Bridgeport", "county": "Wise", "state": "Texas", "min_kv": 138, "max_kv": 138, "max_inferred": false, "min_inferred": true, "line_count": 3, "owners": [{"name": "ONCOR ELECTRIC DELIVERY CO.", "voltages_kv": [138], "miles": 0.0, "named": false}], "circuits": [], "source_date": "2019-04-30"}}, {"type": "Feature", "geometry": {"type": "Point", "coordinates": [-97.45835, 32.7674]}, "properties": {"id": "304238", "name": "Unnamed substation", "type": "Substation", "status": "In service", "city": "Fort Worth", "county": "Tarrant", "state": "Texas", "min_kv": 69, "max_kv": 138, "max_inferred": false, "min_inferred": false, "line_count": 4, "owners": [{"name": "ONCOR ELECTRIC DELIVERY CO.", "voltages_kv": [69], "miles": 0.0, "named": false}], "circuits": [], "source_date": "2017-05-01"}}, {"type": "Feature", "geometry": {"type": "Point", "coordinates": [-97.42501, 32.49505]}, "properties": {"id": "305057", "name": "Unnamed substation", "type": "Substation", "status": "In service", "city": "Burleson", "county": "Johnson", "state": "Texas", "min_kv": 69, "max_kv": 138, "max_inferred": true, "min_inferred": true, "line_count": 1, "owners": [{"name": "ONCOR ELECTRIC DELIVERY CO.", "voltages_kv": [345, 138], "miles": 0.0, "named": false}], "circuits": [{"owner": "ONCOR ELECTRIC DELIVERY CO.", "voltage_kv": 345, "miles": 0.29, "from_name": "Comanche Peak", "to_name": ""}], "source_date": "2017-05-02"}}, {"type": "Feature", "geometry": {"type": "Point", "coordinates": [-97.26005, 33.21941]}, "properties": {"id": "304244", "name": "Unnamed substation", "type": "Substation", "status": "In service", "city": "Ponder", "county": "Denton", "state": "Texas", "min_kv": 69, "max_kv": 138, "max_inferred": true, "min_inferred": true, "line_count": 2, "owners": [{"name": "NOT AVAILABLE", "voltages_kv": [138], "miles": 0.0, "named": false}, {"name": "ONCOR ELECTRIC DELIVERY CO.", "voltages_kv": [138], "miles": 0.0, "named": false}], "circuits": [], "source_date": "2015-06-11"}}, {"type": "Feature", "geometry": {"type": "Point", "coordinates": [-97.41937, 32.76585]}, "properties": {"id": "303872", "name": "Unnamed substation", "type": "Substation", "status": "In service", "city": "Westworth Village", "county": "Tarrant", "state": "Texas", "min_kv": 69, "max_kv": 138, "max_inferred": false, "min_inferred": false, "line_count": 2, "owners": [], "circuits": [], "source_date": "2017-05-01"}}, {"type": "Feature", "geometry": {"type": "Point", "coordinates": [-97.84328, 31.1102]}, "properties": {"id": "305073", "name": "Unnamed substation", "type": "Substation", "status": "Status not published", "city": "Fort Hood", "county": "Coryell", "state": "Texas", "min_kv": null, "max_kv": 138, "max_inferred": true, "min_inferred": false, "line_count": 3, "owners": [{"name": "ONCOR ELECTRIC DELIVERY CO.", "voltages_kv": [138, 69], "miles": 0.0, "named": false}], "circuits": [], "source_date": "2018-09-10"}}, {"type": "Feature", "geometry": {"type": "Point", "coordinates": [-98.7691, 32.37285]}, "properties": {"id": "304665", "name": "Unnamed substation", "type": "Substation", "status": "In service", "city": "Olden", "county": "Eastland", "state": "Texas", "min_kv": 69, "max_kv": 138, "max_inferred": true, "min_inferred": true, "line_count": 1, "owners": [{"name": "ONCOR ELECTRIC DELIVERY CO.", "voltages_kv": [138, 69], "miles": 0.0, "named": false}, {"name": "TAYLOR ELECTRIC COOP INC - (TX)", "voltages_kv": [138], "miles": 0.04, "named": false}], "circuits": [], "source_date": "2015-08-07"}}, {"type": "Feature", "geometry": {"type": "Point", "coordinates": [-98.11855, 31.68235]}, "properties": {"id": "304263", "name": "Unnamed substation", "type": "Substation", "status": "In service", "city": "Hamilton", "county": "Hamilton", "state": "Texas", "min_kv": 138, "max_kv": 138, "max_inferred": true, "min_inferred": true, "line_count": 2, "owners": [], "circuits": [], "source_date": "2018-01-04"}}, {"type": "Feature", "geometry": {"type": "Point", "coordinates": [-96.76145, 32.93964]}, "properties": {"id": "304267", "name": "Unnamed substation", "type": "Substation", "status": "Status not published", "city": "Dallas", "county": "Dallas", "state": "Texas", "min_kv": null, "max_kv": 138, "max_inferred": true, "min_inferred": false, "line_count": 3, "owners": [{"name": "ONCOR ELECTRIC DELIVERY CO.", "voltages_kv": [138], "miles": 0.04, "named": false}], "circuits": [], "source_date": "2018-09-25"}}, {"type": "Feature", "geometry": {"type": "Point", "coordinates": [-96.59728, 32.40964]}, "properties": {"id": "305085", "name": "Unnamed substation", "type": "Substation", "status": "In service", "city": "Ennis", "county": "Ellis", "state": "Texas", "min_kv": null, "max_kv": 138, "max_inferred": true, "min_inferred": false, "line_count": 4, "owners": [], "circuits": [], "source_date": "2018-01-24"}}, {"type": "Feature", "geometry": {"type": "Point", "coordinates": [-97.72676, 32.37872]}, "properties": {"id": "304298", "name": "Unnamed substation", "type": "Substation", "status": "In service", "city": "Decordova", "county": "Hood", "state": "Texas", "min_kv": 69, "max_kv": 138, "max_inferred": false, "min_inferred": false, "line_count": 2, "owners": [], "circuits": [], "source_date": "2017-05-02"}}, {"type": "Feature", "geometry": {"type": "Point", "coordinates": [-97.02102, 32.83415]}, "properties": {"id": "304717", "name": "Unnamed substation", "type": "Substation", "status": "In service", "city": "Irving", "county": "Dallas", "state": "Texas", "min_kv": 69, "max_kv": 138, "max_inferred": false, "min_inferred": false, "line_count": 8, "owners": [{"name": "ONCOR ELECTRIC DELIVERY CO.", "voltages_kv": [138], "miles": 0.0, "named": false}], "circuits": [{"owner": "ONCOR ELECTRIC DELIVERY CO.", "voltage_kv": 138, "miles": 0.0, "from_name": "Liggett", "to_name": ""}], "source_date": "2017-05-01"}}, {"type": "Feature", "geometry": {"type": "Point", "coordinates": [-97.07864, 32.76399]}, "properties": {"id": "304318", "name": "Unnamed substation", "type": "Substation", "status": "In service", "city": "Arlington", "county": "Tarrant", "state": "Texas", "min_kv": 69, "max_kv": 138, "max_inferred": false, "min_inferred": false, "line_count": 2, "owners": [], "circuits": [], "source_date": "2017-05-02"}}, {"type": "Feature", "geometry": {"type": "Point", "coordinates": [-97.68264, 32.43832]}, "properties": {"id": "303942", "name": "Unnamed substation", "type": "Substation", "status": "Status not published", "city": "Granbury", "county": "Hood", "state": "Texas", "min_kv": null, "max_kv": 138, "max_inferred": true, "min_inferred": false, "line_count": 2, "owners": [{"name": "ONCOR ELECTRIC DELIVERY CO.", "voltages_kv": [138], "miles": 0.0, "named": false}], "circuits": [], "source_date": "2017-12-22"}}, {"type": "Feature", "geometry": {"type": "Point", "coordinates": [-97.93011, 32.67319]}, "properties": {"id": "304740", "name": "Unnamed substation", "type": "Substation", "status": "Status not published", "city": "Weatherford", "county": "Parker", "state": "Texas", "min_kv": null, "max_kv": 138, "max_inferred": true, "min_inferred": false, "line_count": 1, "owners": [{"name": "ONCOR ELECTRIC DELIVERY CO.", "voltages_kv": [138], "miles": 0.0, "named": false}], "circuits": [], "source_date": "2018-01-08"}}, {"type": "Feature", "geometry": {"type": "Point", "coordinates": [-97.25821, 32.53554]}, "properties": {"id": "304353", "name": "Unnamed substation", "type": "Substation", "status": "In service", "city": "Burleson", "county": "Johnson", "state": "Texas", "min_kv": null, "max_kv": 138, "max_inferred": true, "min_inferred": false, "line_count": 2, "owners": [{"name": "ONCOR ELECTRIC DELIVERY CO.", "voltages_kv": [138], "miles": 0.0, "named": false}], "circuits": [{"owner": "ONCOR ELECTRIC DELIVERY CO.", "voltage_kv": 138, "miles": 0.0, "from_name": "Lillian", "to_name": ""}], "source_date": "2018-01-02"}}, {"type": "Feature", "geometry": {"type": "Point", "coordinates": [-98.60548, 31.89421]}, "properties": {"id": "303961", "name": "Unnamed substation", "type": "Substation", "status": "Status not published", "city": "Comanche", "county": "Comanche", "state": "Texas", "min_kv": null, "max_kv": 138, "max_inferred": true, "min_inferred": false, "line_count": 2, "owners": [{"name": "ONCOR ELECTRIC DELIVERY CO.", "voltages_kv": [138, 69], "miles": 0.0, "named": false}], "circuits": [], "source_date": "2017-12-22"}}, {"type": "Feature", "geometry": {"type": "Point", "coordinates": [-96.80572, 32.53437]}, "properties": {"id": "304386", "name": "Unnamed substation", "type": "Substation", "status": "In service", "city": "Red Oak", "county": "Ellis", "state": "Texas", "min_kv": 69, "max_kv": 138, "max_inferred": false, "min_inferred": false, "line_count": 2, "owners": [], "circuits": [], "source_date": "2017-05-01"}}, {"type": "Feature", "geometry": {"type": "Point", "coordinates": [-96.99719, 33.00306]}, "properties": {"id": "304810", "name": "Unnamed substation", "type": "Substation", "status": "In service", "city": "Lewisville", "county": "Denton", "state": "Texas", "min_kv": 13.8, "max_kv": 138, "max_inferred": false, "min_inferred": false, "line_count": 2, "owners": [], "circuits": [], "source_date": "2017-05-02"}}, {"type": "Feature", "geometry": {"type": "Point", "coordinates": [-96.84725, 32.93314]}, "properties": {"id": "304003", "name": "Unnamed substation", "type": "Substation", "status": "In service", "city": "Farmers Branch", "county": "Dallas", "state": "Texas", "min_kv": 69, "max_kv": 138, "max_inferred": false, "min_inferred": false, "line_count": 2, "owners": [], "circuits": [], "source_date": "2017-05-01"}}, {"type": "Feature", "geometry": {"type": "Point", "coordinates": [-97.57644, 33.64039]}, "properties": {"id": "304428", "name": "Unnamed substation", "type": "Substation", "status": "Status not published", "city": "Saint Jo", "county": "Montague", "state": "Texas", "min_kv": 138, "max_kv": 138, "max_inferred": true, "min_inferred": true, "line_count": 3, "owners": [{"name": "ONCOR ELECTRIC DELIVERY CO.", "voltages_kv": [138], "miles": 0.0, "named": false}], "circuits": [], "source_date": "2018-09-07"}}, {"type": "Feature", "geometry": {"type": "Point", "coordinates": [-97.31371, 32.64566]}, "properties": {"id": "304442", "name": "Unnamed substation", "type": "Substation", "status": "In service", "city": "Fort Worth", "county": "Tarrant", "state": "Texas", "min_kv": 138, "max_kv": 138, "max_inferred": true, "min_inferred": true, "line_count": 3, "owners": [{"name": "ONCOR ELECTRIC DELIVERY CO.", "voltages_kv": [138], "miles": 0.0, "named": false}], "circuits": [], "source_date": "2018-09-24"}}, {"type": "Feature", "geometry": {"type": "Point", "coordinates": [-97.23906, 32.84117]}, "properties": {"id": "304012", "name": "Unnamed substation", "type": "Substation", "status": "Status not published", "city": "North Richland Hills", "county": "Tarrant", "state": "Texas", "min_kv": null, "max_kv": 138, "max_inferred": true, "min_inferred": false, "line_count": 3, "owners": [{"name": "ONCOR ELECTRIC DELIVERY CO.", "voltages_kv": [138, 69], "miles": 0.0, "named": false}], "circuits": [], "source_date": "2018-09-25"}}, {"type": "Feature", "geometry": {"type": "Point", "coordinates": [-98.47456, 32.26523]}, "properties": {"id": "304023", "name": "Unnamed substation", "type": "Substation", "status": "In service", "city": "Desdemona", "county": "Erath", "state": "Texas", "min_kv": 138, "max_kv": 138, "max_inferred": true, "min_inferred": true, "line_count": 3, "owners": [{"name": "ONCOR ELECTRIC DELIVERY CO.", "voltages_kv": [138], "miles": 0.0, "named": false}], "circuits": [], "source_date": "2018-09-18"}}, {"type": "Feature", "geometry": {"type": "Point", "coordinates": [-97.12185, 32.84431]}, "properties": {"id": "304467", "name": "Unnamed substation", "type": "Substation", "status": "In service", "city": "Bedford", "county": "Tarrant", "state": "Texas", "min_kv": 69, "max_kv": 138, "max_inferred": false, "min_inferred": false, "line_count": 2, "owners": [{"name": "ONCOR ELECTRIC DELIVERY CO.", "voltages_kv": [138], "miles": 0.0, "named": false}], "circuits": [], "source_date": "2017-05-02"}}, {"type": "Feature", "geometry": {"type": "Point", "coordinates": [-97.23868, 32.8668]}, "properties": {"id": "304028", "name": "Unnamed substation", "type": "Substation", "status": "Status not published", "city": "Watauga", "county": "Tarrant", "state": "Texas", "min_kv": null, "max_kv": 138, "max_inferred": true, "min_inferred": false, "line_count": 2, "owners": [{"name": "ONCOR ELECTRIC DELIVERY CO.", "voltages_kv": [138, 69], "miles": 0.0, "named": false}], "circuits": [], "source_date": "2018-01-08"}}, {"type": "Feature", "geometry": {"type": "Point", "coordinates": [-96.58516, 32.85017]}, "properties": {"id": "304050", "name": "Unnamed substation", "type": "Substation", "status": "In service", "city": "Garland", "county": "Dallas", "state": "Texas", "min_kv": 69, "max_kv": 138, "max_inferred": false, "min_inferred": false, "line_count": 3, "owners": [{"name": "ONCOR ELECTRIC DELIVERY CO.", "voltages_kv": [138], "miles": 0.0, "named": false}], "circuits": [], "source_date": "2017-05-01"}}, {"type": "Feature", "geometry": {"type": "Point", "coordinates": [-98.53614, 33.22587]}, "properties": {"id": "304076", "name": "Unnamed substation", "type": "Substation", "status": "In service", "city": "Loving", "county": "Young", "state": "Texas", "min_kv": 69, "max_kv": 138, "max_inferred": false, "min_inferred": false, "line_count": 3, "owners": [{"name": "ONCOR ELECTRIC DELIVERY CO.", "voltages_kv": [138], "miles": 0.0, "named": false}], "circuits": [], "source_date": "2017-04-26"}}, {"type": "Feature", "geometry": {"type": "Point", "coordinates": [-97.69518, 32.77844]}, "properties": {"id": "304078", "name": "Unnamed substation", "type": "Substation", "status": "In service", "city": "Weatherford", "county": "Parker", "state": "Texas", "min_kv": 69, "max_kv": 138, "max_inferred": false, "min_inferred": false, "line_count": 3, "owners": [{"name": "ONCOR ELECTRIC DELIVERY CO.", "voltages_kv": [138, 69], "miles": 0.0, "named": false}], "circuits": [], "source_date": "2015-06-11"}}, {"type": "Feature", "geometry": {"type": "Point", "coordinates": [-97.18617, 32.26595]}, "properties": {"id": "304862", "name": "Unnamed substation", "type": "Substation", "status": "In service", "city": "Grandview", "county": "Johnson", "state": "Texas", "min_kv": 69, "max_kv": 138, "max_inferred": true, "min_inferred": true, "line_count": 2, "owners": [{"name": "ONCOR ELECTRIC DELIVERY CO.", "voltages_kv": [138], "miles": 0.0, "named": false}], "circuits": [], "source_date": "2017-05-02"}}, {"type": "Feature", "geometry": {"type": "Point", "coordinates": [-97.76968, 33.22869]}, "properties": {"id": "304866", "name": "Unnamed substation", "type": "Substation", "status": "In service", "city": "Bridgeport", "county": "Wise", "state": "Texas", "min_kv": 138, "max_kv": 138, "max_inferred": false, "min_inferred": true, "line_count": 2, "owners": [{"name": "ONCOR ELECTRIC DELIVERY CO.", "voltages_kv": [138], "miles": 0.0, "named": false}], "circuits": [], "source_date": "2019-04-30"}}, {"type": "Feature", "geometry": {"type": "Point", "coordinates": [-97.33064, 32.10015]}, "properties": {"id": "305730", "name": "Unnamed substation", "type": "Substation", "status": "In service", "city": "Blum", "county": "Hill", "state": "Texas", "min_kv": 69, "max_kv": 138, "max_inferred": true, "min_inferred": true, "line_count": 2, "owners": [], "circuits": [], "source_date": "2016-10-05"}}, {"type": "Feature", "geometry": {"type": "Point", "coordinates": [-97.27002, 32.73341]}, "properties": {"id": "305738", "name": "Unnamed substation", "type": "Substation", "status": "In service", "city": "Fort Worth", "county": "Tarrant", "state": "Texas", "min_kv": 13.8, "max_kv": 138, "max_inferred": false, "min_inferred": false, "line_count": 2, "owners": [{"name": "ONCOR ELECTRIC DELIVERY CO.", "voltages_kv": [138], "miles": 0.02, "named": false}], "circuits": [], "source_date": "2017-05-01"}}, {"type": "Feature", "geometry": {"type": "Point", "coordinates": [-97.0168, 32.79148]}, "properties": {"id": "305740", "name": "Unnamed substation", "type": "Substation", "status": "In service", "city": "Grand Prairie", "county": "Dallas", "state": "Texas", "min_kv": null, "max_kv": 138, "max_inferred": true, "min_inferred": false, "line_count": 1, "owners": [{"name": "ONCOR ELECTRIC DELIVERY CO.", "voltages_kv": [138], "miles": 0.0, "named": false}], "circuits": [{"owner": "ONCOR ELECTRIC DELIVERY CO.", "voltage_kv": 138, "miles": 0.0, "from_name": "", "to_name": "Deadend311451"}], "source_date": "2018-09-25"}}, {"type": "Feature", "geometry": {"type": "Point", "coordinates": [-98.90131, 32.77405]}, "properties": {"id": "305761", "name": "Unnamed substation", "type": "Substation", "status": "Status not published", "city": "Breckenridge", "county": "Stephens", "state": "Texas", "min_kv": null, "max_kv": 138, "max_inferred": true, "min_inferred": false, "line_count": 3, "owners": [{"name": "ONCOR ELECTRIC DELIVERY CO.", "voltages_kv": [138, 69], "miles": 0.0, "named": false}], "circuits": [], "source_date": "2018-09-25"}}, {"type": "Feature", "geometry": {"type": "Point", "coordinates": [-97.30192, 32.28648]}, "properties": {"id": "305784", "name": "Unnamed substation", "type": "Substation", "status": "Status not published", "city": "Grandview", "county": "Johnson", "state": "Texas", "min_kv": null, "max_kv": 138, "max_inferred": true, "min_inferred": false, "line_count": 1, "owners": [{"name": "ONCOR ELECTRIC DELIVERY CO.", "voltages_kv": [69], "miles": 0.0, "named": false}], "circuits": [], "source_date": "2018-01-04"}}, {"type": "Feature", "geometry": {"type": "Point", "coordinates": [-97.35047, 33.03091]}, "properties": {"id": "305786", "name": "Unnamed substation", "type": "Substation", "status": "In service", "city": "Justin", "county": "Denton", "state": "Texas", "min_kv": 138, "max_kv": 138, "max_inferred": true, "min_inferred": true, "line_count": 2, "owners": [{"name": "ONCOR ELECTRIC DELIVERY CO.", "voltages_kv": [138], "miles": 0.0, "named": false}], "circuits": [], "source_date": "2017-12-22"}}, {"type": "Feature", "geometry": {"type": "Point", "coordinates": [-97.05958, 32.50299]}, "properties": {"id": "305809", "name": "Unnamed substation", "type": "Substation", "status": "Status not published", "city": "Grand Prairie", "county": "Ellis", "state": "Texas", "min_kv": 69, "max_kv": 138, "max_inferred": true, "min_inferred": true, "line_count": 2, "owners": [], "circuits": [], "source_date": "2017-05-02"}}, {"type": "Feature", "geometry": {"type": "Point", "coordinates": [-96.66254, 32.91231]}, "properties": {"id": "305842", "name": "Unnamed substation", "type": "Substation", "status": "In service", "city": "Garland", "county": "Dallas", "state": "Texas", "min_kv": 69, "max_kv": 138, "max_inferred": false, "min_inferred": false, "line_count": 2, "owners": [{"name": "ONCOR ELECTRIC DELIVERY CO.", "voltages_kv": [138], "miles": 0.1, "named": false}], "circuits": [{"owner": "ONCOR ELECTRIC DELIVERY CO.", "voltage_kv": 138, "miles": 0.1, "from_name": "Fairdale", "to_name": ""}], "source_date": "2017-05-02"}}, {"type": "Feature", "geometry": {"type": "Point", "coordinates": [-97.79736, 32.50325]}, "properties": {"id": "305856", "name": "Unnamed substation", "type": "Substation", "status": "In service", "city": "Granbury", "county": "Hood", "state": "Texas", "min_kv": 69, "max_kv": 138, "max_inferred": false, "min_inferred": false, "line_count": 2, "owners": [{"name": "ONCOR ELECTRIC DELIVERY CO.", "voltages_kv": [345], "miles": 0.0, "named": false}], "circuits": [], "source_date": "2017-05-01"}}, {"type": "Feature", "geometry": {"type": "Point", "coordinates": [-96.56014, 32.34717]}, "properties": {"id": "305918", "name": "Unnamed substation", "type": "Substation", "status": "Status not published", "city": "Ennis", "county": "Ellis", "state": "Texas", "min_kv": null, "max_kv": 138, "max_inferred": true, "min_inferred": false, "line_count": 1, "owners": [], "circuits": [], "source_date": "2017-12-22"}}, {"type": "Feature", "geometry": {"type": "Point", "coordinates": [-97.26312, 32.96428]}, "properties": {"id": "305944", "name": "Unnamed substation", "type": "Substation", "status": "In service", "city": "Fort Worth", "county": "Tarrant", "state": "Texas", "min_kv": 13.8, "max_kv": 138, "max_inferred": false, "min_inferred": false, "line_count": 4, "owners": [{"name": "ONCOR ELECTRIC DELIVERY CO.", "voltages_kv": [138], "miles": 0.0, "named": false}], "circuits": [], "source_date": "2017-05-01"}}, {"type": "Feature", "geometry": {"type": "Point", "coordinates": [-97.52289, 33.03996]}, "properties": {"id": "305994", "name": "Unnamed substation", "type": "Substation", "status": "In service", "city": "Rhome", "county": "Wise", "state": "Texas", "min_kv": 138, "max_kv": 138, "max_inferred": true, "min_inferred": true, "line_count": 2, "owners": [{"name": "ONCOR ELECTRIC DELIVERY CO.", "voltages_kv": [345, 138], "miles": 0.0, "named": false}], "circuits": [{"owner": "ONCOR ELECTRIC DELIVERY CO.", "voltage_kv": 345, "miles": 0.4, "from_name": "", "to_name": "Hicks"}], "source_date": "2018-01-30"}}, {"type": "Feature", "geometry": {"type": "Point", "coordinates": [-97.02855, 32.78886]}, "properties": {"id": "306046", "name": "Unnamed substation", "type": "Substation", "status": "In service", "city": "Grand Prairie", "county": "Dallas", "state": "Texas", "min_kv": 69, "max_kv": 138, "max_inferred": false, "min_inferred": false, "line_count": 3, "owners": [{"name": "ONCOR ELECTRIC DELIVERY CO.", "voltages_kv": [138], "miles": 0.0, "named": false}], "circuits": [{"owner": "ONCOR ELECTRIC DELIVERY CO.", "voltage_kv": 138, "miles": 0.0, "from_name": "Liggett", "to_name": ""}], "source_date": "2017-05-02"}}, {"type": "Feature", "geometry": {"type": "Point", "coordinates": [-98.75473, 32.46976]}, "properties": {"id": "306887", "name": "Unnamed substation", "type": "Substation", "status": "In service", "city": "Olden", "county": "Eastland", "state": "Texas", "min_kv": 69, "max_kv": 138, "max_inferred": false, "min_inferred": false, "line_count": 1, "owners": [{"name": "ONCOR ELECTRIC DELIVERY CO.", "voltages_kv": [138], "miles": 0.01, "named": false}], "circuits": [], "source_date": "2015-08-28"}}, {"type": "Feature", "geometry": {"type": "Point", "coordinates": [-97.7309, 32.45407]}, "properties": {"id": "306943", "name": "Unnamed substation", "type": "Substation", "status": "In service", "city": "Granbury", "county": "Hood", "state": "Texas", "min_kv": 138, "max_kv": 138, "max_inferred": true, "min_inferred": true, "line_count": 2, "owners": [{"name": "ONCOR ELECTRIC DELIVERY CO.", "voltages_kv": [138], "miles": 0.16, "named": false}], "circuits": [], "source_date": "2018-09-24"}}, {"type": "Feature", "geometry": {"type": "Point", "coordinates": [-98.58989, 33.1203]}, "properties": {"id": "306959", "name": "Unnamed substation", "type": "Substation", "status": "In service", "city": "Graham", "county": "Young", "state": "Texas", "min_kv": 69, "max_kv": 138, "max_inferred": false, "min_inferred": false, "line_count": 3, "owners": [{"name": "ONCOR ELECTRIC DELIVERY CO.", "voltages_kv": [69], "miles": 0.0, "named": false}], "circuits": [], "source_date": "2017-04-26"}}, {"type": "Feature", "geometry": {"type": "Point", "coordinates": [-97.81774, 33.27444]}, "properties": {"id": "307017", "name": "Unnamed substation", "type": "Substation", "status": "In service", "city": "Chico", "county": "Wise", "state": "Texas", "min_kv": 138, "max_kv": 138, "max_inferred": false, "min_inferred": true, "line_count": 1, "owners": [{"name": "ONCOR ELECTRIC DELIVERY CO.", "voltages_kv": [138, 69], "miles": 0.0, "named": false}], "circuits": [], "source_date": "2019-04-30"}}, {"type": "Feature", "geometry": {"type": "Point", "coordinates": [-97.35807, 31.97373]}, "properties": {"id": "307052", "name": "Unnamed substation", "type": "Substation", "status": "Status not published", "city": "Whitney", "county": "Hill", "state": "Texas", "min_kv": null, "max_kv": 138, "max_inferred": true, "min_inferred": false, "line_count": 1, "owners": [{"name": "ONCOR ELECTRIC DELIVERY CO.", "voltages_kv": [138], "miles": 0.0, "named": false}], "circuits": [], "source_date": "2018-01-02"}}, {"type": "Feature", "geometry": {"type": "Point", "coordinates": [-97.09109, 32.90068]}, "properties": {"id": "307093", "name": "Unnamed substation", "type": "Substation", "status": "In service", "city": "Grapevine", "county": "Tarrant", "state": "Texas", "min_kv": 69, "max_kv": 138, "max_inferred": false, "min_inferred": false, "line_count": 2, "owners": [], "circuits": [], "source_date": "2017-05-02"}}, {"type": "Feature", "geometry": {"type": "Point", "coordinates": [-97.11453, 33.62692]}, "properties": {"id": "307102", "name": "Unnamed substation", "type": "Substation", "status": "In service", "city": "Gainesville", "county": "Cooke", "state": "Texas", "min_kv": 69, "max_kv": 138, "max_inferred": true, "min_inferred": true, "line_count": 2, "owners": [], "circuits": [], "source_date": "2015-06-12"}}, {"type": "Feature", "geometry": {"type": "Point", "coordinates": [-97.00586, 33.63301]}, "properties": {"id": "307105", "name": "Unnamed substation", "type": "Substation", "status": "Status not published", "city": "Whitesboro", "county": "Cooke", "state": "Texas", "min_kv": 138, "max_kv": 138, "max_inferred": true, "min_inferred": true, "line_count": 3, "owners": [{"name": "ONCOR ELECTRIC DELIVERY CO.", "voltages_kv": [138], "miles": 0.0, "named": false}], "circuits": [], "source_date": "2018-01-30"}}, {"type": "Feature", "geometry": {"type": "Point", "coordinates": [-96.74156, 32.4944]}, "properties": {"id": "307180", "name": "Unnamed substation", "type": "Substation", "status": "In service", "city": "Red Oak", "county": "Ellis", "state": "Texas", "min_kv": 69, "max_kv": 138, "max_inferred": false, "min_inferred": false, "line_count": 3, "owners": [], "circuits": [], "source_date": "2015-06-11"}}, {"type": "Feature", "geometry": {"type": "Point", "coordinates": [-97.47429, 33.07664]}, "properties": {"id": "307197", "name": "Unnamed substation", "type": "Substation", "status": "Status not published", "city": "Rhome", "county": "Wise", "state": "Texas", "min_kv": 138, "max_kv": 138, "max_inferred": true, "min_inferred": true, "line_count": 3, "owners": [{"name": "ONCOR ELECTRIC DELIVERY CO.", "voltages_kv": [138], "miles": 0.0, "named": false}], "circuits": [], "source_date": "2018-09-11"}}, {"type": "Feature", "geometry": {"type": "Point", "coordinates": [-97.52331, 32.31381]}, "properties": {"id": "307259", "name": "Unnamed substation", "type": "Substation", "status": "Status not published", "city": "Cleburne", "county": "Johnson", "state": "Texas", "min_kv": null, "max_kv": 138, "max_inferred": true, "min_inferred": false, "line_count": 2, "owners": [{"name": "ONCOR ELECTRIC DELIVERY CO.", "voltages_kv": [138], "miles": 0.0, "named": false}], "circuits": [], "source_date": "2018-01-08"}}, {"type": "Feature", "geometry": {"type": "Point", "coordinates": [-99.53869, 32.54183]}, "properties": {"id": "306501", "name": "Unnamed substation", "type": "Substation", "status": "Status not published", "city": "Albany", "county": "Shackelford", "state": "Texas", "min_kv": 69, "max_kv": 138, "max_inferred": true, "min_inferred": true, "line_count": 1, "owners": [{"name": "NOT AVAILABLE", "voltages_kv": [138], "miles": 0.0, "named": false}], "circuits": [], "source_date": "2017-03-20"}}, {"type": "Feature", "geometry": {"type": "Point", "coordinates": [-97.31586, 32.50295]}, "properties": {"id": "306135", "name": "Unnamed substation", "type": "Substation", "status": "In service", "city": "Burleson", "county": "Johnson", "state": "Texas", "min_kv": 138, "max_kv": 138, "max_inferred": true, "min_inferred": true, "line_count": 2, "owners": [], "circuits": [], "source_date": "2018-01-02"}}, {"type": "Feature", "geometry": {"type": "Point", "coordinates": [-97.42541, 32.84201]}, "properties": {"id": "307325", "name": "Unnamed substation", "type": "Substation", "status": "In service", "city": "Fort Worth", "county": "Tarrant", "state": "Texas", "min_kv": 69, "max_kv": 138, "max_inferred": false, "min_inferred": false, "line_count": 4, "owners": [{"name": "ONCOR ELECTRIC DELIVERY CO.", "voltages_kv": [138], "miles": 0.0, "named": false}], "circuits": [], "source_date": "2017-05-02"}}, {"type": "Feature", "geometry": {"type": "Point", "coordinates": [-96.76275, 32.92019]}, "properties": {"id": "306147", "name": "Unnamed substation", "type": "Substation", "status": "In service", "city": "Dallas", "county": "Dallas", "state": "Texas", "min_kv": 138, "max_kv": 138, "max_inferred": false, "min_inferred": true, "line_count": 2, "owners": [{"name": "ONCOR ELECTRIC DELIVERY CO.", "voltages_kv": [138], "miles": 0.0, "named": false}], "circuits": [], "source_date": "2019-05-02"}}, {"type": "Feature", "geometry": {"type": "Point", "coordinates": [-97.4557, 32.41132]}, "properties": {"id": "307331", "name": "Unnamed substation", "type": "Substation", "status": "In service", "city": "Godley", "county": "Johnson", "state": "Texas", "min_kv": 69, "max_kv": 138, "max_inferred": false, "min_inferred": false, "line_count": 2, "owners": [{"name": "ONCOR ELECTRIC DELIVERY CO.", "voltages_kv": [345, 138], "miles": 0.0, "named": false}], "circuits": [{"owner": "ONCOR ELECTRIC DELIVERY CO.", "voltage_kv": 345, "miles": 0.16, "from_name": "Johnson", "to_name": ""}], "source_date": "2017-05-02"}}, {"type": "Feature", "geometry": {"type": "Point", "coordinates": [-97.25653, 32.77043]}, "properties": {"id": "307367", "name": "Unnamed substation", "type": "Substation", "status": "In service", "city": "Fort Worth", "county": "Tarrant", "state": "Texas", "min_kv": 69, "max_kv": 138, "max_inferred": false, "min_inferred": false, "line_count": 3, "owners": [{"name": "ONCOR ELECTRIC DELIVERY CO.", "voltages_kv": [138], "miles": 0.0, "named": false}], "circuits": [], "source_date": "2017-05-02"}}, {"type": "Feature", "geometry": {"type": "Point", "coordinates": [-97.52415, 33.57676]}, "properties": {"id": "306185", "name": "Unnamed substation", "type": "Substation", "status": "Status not published", "city": "Saint Jo", "county": "Montague", "state": "Texas", "min_kv": 69, "max_kv": 138, "max_inferred": true, "min_inferred": true, "line_count": 1, "owners": [{"name": "ONCOR ELECTRIC DELIVERY CO.", "voltages_kv": [138], "miles": 0.0, "named": false}], "circuits": [], "source_date": "2017-12-22"}}, {"type": "Feature", "geometry": {"type": "Point", "coordinates": [-97.88653, 33.37135]}, "properties": {"id": "306541", "name": "Unnamed substation", "type": "Substation", "status": "In service", "city": "Sunset", "county": "Wise", "state": "Texas", "min_kv": 138, "max_kv": 138, "max_inferred": false, "min_inferred": true, "line_count": 2, "owners": [{"name": "ONCOR ELECTRIC DELIVERY CO.", "voltages_kv": [138], "miles": 0.0, "named": false}], "circuits": [], "source_date": "2019-04-30"}}, {"type": "Feature", "geometry": {"type": "Point", "coordinates": [-97.12401, 32.76879]}, "properties": {"id": "306196", "name": "Unnamed substation", "type": "Substation", "status": "Status not published", "city": "Arlington", "county": "Tarrant", "state": "Texas", "min_kv": 138, "max_kv": 138, "max_inferred": true, "min_inferred": true, "line_count": 2, "owners": [{"name": "ONCOR ELECTRIC DELIVERY CO.", "voltages_kv": [138], "miles": 0.0, "named": false}], "circuits": [], "source_date": "2018-01-08"}}, {"type": "Feature", "geometry": {"type": "Point", "coordinates": [-97.48209, 33.6795]}, "properties": {"id": "306565", "name": "Unnamed substation", "type": "Substation", "status": "In service", "city": "Muenster", "county": "Cooke", "state": "Texas", "min_kv": null, "max_kv": 138, "max_inferred": true, "min_inferred": false, "line_count": 4, "owners": [{"name": "ONCOR ELECTRIC DELIVERY CO.", "voltages_kv": [138, 69], "miles": 0.0, "named": false}], "circuits": [], "source_date": "2018-09-07"}}, {"type": "Feature", "geometry": {"type": "Point", "coordinates": [-98.77906, 32.89577]}, "properties": {"id": "306578", "name": "Unnamed substation", "type": "Substation", "status": "In service", "city": "Ivan", "county": "Stephens", "state": "Texas", "min_kv": 69, "max_kv": 138, "max_inferred": false, "min_inferred": false, "line_count": 3, "owners": [{"name": "ONCOR ELECTRIC DELIVERY CO.", "voltages_kv": [138, 69], "miles": 0.0, "named": false}], "circuits": [], "source_date": "2017-04-26"}}, {"type": "Feature", "geometry": {"type": "Point", "coordinates": [-97.79533, 33.26483]}, "properties": {"id": "306247", "name": "Unnamed substation", "type": "Substation", "status": "In service", "city": "Bridgeport", "county": "Wise", "state": "Texas", "min_kv": 138, "max_kv": 138, "max_inferred": true, "min_inferred": true, "line_count": 3, "owners": [{"name": "ONCOR ELECTRIC DELIVERY CO.", "voltages_kv": [138], "miles": 0.0, "named": false}], "circuits": [], "source_date": "2018-09-24"}}, {"type": "Feature", "geometry": {"type": "Point", "coordinates": [-97.31758, 32.5589]}, "properties": {"id": "307467", "name": "Unnamed substation", "type": "Substation", "status": "In service", "city": "Burleson", "county": "Tarrant", "state": "Texas", "min_kv": null, "max_kv": 138, "max_inferred": true, "min_inferred": false, "line_count": 2, "owners": [{"name": "ONCOR ELECTRIC DELIVERY CO.", "voltages_kv": [138], "miles": 0.0, "named": false}], "circuits": [{"owner": "ONCOR ELECTRIC DELIVERY CO.", "voltage_kv": 138, "miles": 0.21, "from_name": "Joshua", "to_name": ""}], "source_date": "2018-09-24"}}, {"type": "Feature", "geometry": {"type": "Point", "coordinates": [-97.87123, 33.03357]}, "properties": {"id": "306271", "name": "Unnamed substation", "type": "Substation", "status": "Status not published", "city": "Poolville", "county": "Wise", "state": "Texas", "min_kv": null, "max_kv": 138, "max_inferred": true, "min_inferred": false, "line_count": 3, "owners": [{"name": "ONCOR ELECTRIC DELIVERY CO.", "voltages_kv": [138], "miles": 0.0, "named": false}], "circuits": [], "source_date": "2018-09-25"}}, {"type": "Feature", "geometry": {"type": "Point", "coordinates": [-98.70202, 32.73107]}, "properties": {"id": "306621", "name": "Unnamed substation", "type": "Substation", "status": "In service", "city": "Caddo", "county": "Stephens", "state": "Texas", "min_kv": 13.8, "max_kv": 138, "max_inferred": false, "min_inferred": false, "line_count": 2, "owners": [{"name": "ONCOR ELECTRIC DELIVERY CO.", "voltages_kv": [138], "miles": 0.0, "named": false}], "circuits": [], "source_date": "2017-04-26"}}, {"type": "Feature", "geometry": {"type": "Point", "coordinates": [-98.17379, 33.95834]}, "properties": {"id": "307511", "name": "Unnamed substation", "type": "Substation", "status": "Status not published", "city": "Henrietta", "county": "Clay", "state": "Texas", "min_kv": null, "max_kv": 138, "max_inferred": true, "min_inferred": false, "line_count": 1, "owners": [{"name": "ONCOR ELECTRIC DELIVERY CO.", "voltages_kv": [69], "miles": 0.0, "named": false}], "circuits": [], "source_date": "2017-12-22"}}, {"type": "Feature", "geometry": {"type": "Point", "coordinates": [-97.1156, 32.71368]}, "properties": {"id": "307514", "name": "Unnamed substation", "type": "Substation", "status": "In service", "city": "Arlington", "county": "Tarrant", "state": "Texas", "min_kv": 13.8, "max_kv": 138, "max_inferred": true, "min_inferred": true, "line_count": 2, "owners": [{"name": "ONCOR ELECTRIC DELIVERY CO.", "voltages_kv": [138], "miles": 0.0, "named": false}], "circuits": [], "source_date": "2017-05-02"}}, {"type": "Feature", "geometry": {"type": "Point", "coordinates": [-97.40545, 32.73468]}, "properties": {"id": "307524", "name": "Unnamed substation", "type": "Substation", "status": "Status not published", "city": "Fort Worth", "county": "Tarrant", "state": "Texas", "min_kv": null, "max_kv": 138, "max_inferred": true, "min_inferred": false, "line_count": 1, "owners": [{"name": "ONCOR ELECTRIC DELIVERY CO.", "voltages_kv": [138], "miles": 0.0, "named": false}], "circuits": [], "source_date": "2018-01-02"}}, {"type": "Feature", "geometry": {"type": "Point", "coordinates": [-97.86535, 33.09938]}, "properties": {"id": "306645", "name": "Unnamed substation", "type": "Substation", "status": "In service", "city": "Bridgeport", "county": "Wise", "state": "Texas", "min_kv": null, "max_kv": 138, "max_inferred": true, "min_inferred": false, "line_count": 1, "owners": [{"name": "ONCOR ELECTRIC DELIVERY CO.", "voltages_kv": [138], "miles": 0.03, "named": false}], "circuits": [], "source_date": "2018-10-16"}}, {"type": "Feature", "geometry": {"type": "Point", "coordinates": [-96.80025, 31.85647]}, "properties": {"id": "307544", "name": "Unnamed substation", "type": "Substation", "status": "In service", "city": "Hubbard", "county": "Hill", "state": "Texas", "min_kv": 69, "max_kv": 138, "max_inferred": true, "min_inferred": true, "line_count": 2, "owners": [], "circuits": [], "source_date": "2015-06-11"}}, {"type": "Feature", "geometry": {"type": "Point", "coordinates": [-97.03622, 33.54697]}, "properties": {"id": "306676", "name": "Unnamed substation", "type": "Substation", "status": "Status not published", "city": "Woodbine", "county": "Cooke", "state": "Texas", "min_kv": 69, "max_kv": 138, "max_inferred": true, "min_inferred": true, "line_count": 2, "owners": [{"name": "ONCOR ELECTRIC DELIVERY CO.", "voltages_kv": [345, 138], "miles": 0.0, "named": false}], "circuits": [], "source_date": "2015-08-14"}}, {"type": "Feature", "geometry": {"type": "Point", "coordinates": [-97.67554, 32.96299]}, "properties": {"id": "306345", "name": "Unnamed substation", "type": "Substation", "status": "In service", "city": "Springtown", "county": "Parker", "state": "Texas", "min_kv": 138, "max_kv": 138, "max_inferred": true, "min_inferred": true, "line_count": 1, "owners": [], "circuits": [], "source_date": "2018-01-04"}}, {"type": "Feature", "geometry": {"type": "Point", "coordinates": [-97.87044, 32.80651]}, "properties": {"id": "307577", "name": "Unnamed substation", "type": "Substation", "status": "In service", "city": "Weatherford", "county": "Parker", "state": "Texas", "min_kv": null, "max_kv": 138, "max_inferred": true, "min_inferred": false, "line_count": 2, "owners": [{"name": "ONCOR ELECTRIC DELIVERY CO.", "voltages_kv": [138], "miles": 0.0, "named": false}], "circuits": [], "source_date": "2018-09-25"}}, {"type": "Feature", "geometry": {"type": "Point", "coordinates": [-97.5979, 32.8705]}, "properties": {"id": "306728", "name": "Unnamed substation", "type": "Substation", "status": "In service", "city": "Azle", "county": "Parker", "state": "Texas", "min_kv": null, "max_kv": 138, "max_inferred": true, "min_inferred": false, "line_count": 2, "owners": [{"name": "ONCOR ELECTRIC DELIVERY CO.", "voltages_kv": [138], "miles": 0.0, "named": false}], "circuits": [], "source_date": "2018-09-24"}}, {"type": "Feature", "geometry": {"type": "Point", "coordinates": [-97.30567, 32.46399]}, "properties": {"id": "306390", "name": "Unnamed substation", "type": "Substation", "status": "In service", "city": "Briaroaks", "county": "Johnson", "state": "Texas", "min_kv": 69, "max_kv": 138, "max_inferred": false, "min_inferred": false, "line_count": 3, "owners": [], "circuits": [], "source_date": "2017-05-02"}}, {"type": "Feature", "geometry": {"type": "Point", "coordinates": [-97.79658, 32.78116]}, "properties": {"id": "306400", "name": "Unnamed substation", "type": "Substation", "status": "In service", "city": "Weatherford", "county": "Parker", "state": "Texas", "min_kv": 138, "max_kv": 138, "max_inferred": true, "min_inferred": true, "line_count": 2, "owners": [], "circuits": [], "source_date": "2018-01-30"}}, {"type": "Feature", "geometry": {"type": "Point", "coordinates": [-98.71331, 32.89538]}, "properties": {"id": "306756", "name": "Unnamed substation", "type": "Substation", "status": "Status not published", "city": "Breckenridge", "county": "Stephens", "state": "Texas", "min_kv": null, "max_kv": 138, "max_inferred": true, "min_inferred": false, "line_count": 3, "owners": [{"name": "ONCOR ELECTRIC DELIVERY CO.", "voltages_kv": [138, 69], "miles": 0.0, "named": false}], "circuits": [], "source_date": "2018-09-25"}}, {"type": "Feature", "geometry": {"type": "Point", "coordinates": [-97.11794, 32.94871]}, "properties": {"id": "306759", "name": "Unnamed substation", "type": "Substation", "status": "In service", "city": "Southlake", "county": "Tarrant", "state": "Texas", "min_kv": 138, "max_kv": 138, "max_inferred": true, "min_inferred": true, "line_count": 2, "owners": [], "circuits": [], "source_date": "2018-01-08"}}, {"type": "Feature", "geometry": {"type": "Point", "coordinates": [-97.30785, 32.87569]}, "properties": {"id": "306772", "name": "Unnamed substation", "type": "Substation", "status": "In service", "city": "Fort Worth", "county": "Tarrant", "state": "Texas", "min_kv": 69, "max_kv": 138, "max_inferred": false, "min_inferred": false, "line_count": 2, "owners": [{"name": "ONCOR ELECTRIC DELIVERY CO.", "voltages_kv": [138], "miles": 0.0, "named": false}], "circuits": [{"owner": "ONCOR ELECTRIC DELIVERY CO.", "voltage_kv": 138, "miles": 0.0, "from_name": "Wagley Robertson", "to_name": ""}], "source_date": "2017-05-02"}}, {"type": "Feature", "geometry": {"type": "Point", "coordinates": [-97.03143, 32.71997]}, "properties": {"id": "306445", "name": "Unnamed substation", "type": "Substation", "status": "Status not published", "city": "Grand Prairie", "county": "Dallas", "state": "Texas", "min_kv": null, "max_kv": 138, "max_inferred": true, "min_inferred": false, "line_count": 0, "owners": [], "circuits": [], "source_date": "2017-12-22"}}, {"type": "Feature", "geometry": {"type": "Point", "coordinates": [-97.32928, 32.69208]}, "properties": {"id": "306454", "name": "Unnamed substation", "type": "Substation", "status": "Status not published", "city": "Fort Worth", "county": "Tarrant", "state": "Texas", "min_kv": null, "max_kv": 138, "max_inferred": true, "min_inferred": false, "line_count": 1, "owners": [], "circuits": [], "source_date": "2018-01-08"}}, {"type": "Feature", "geometry": {"type": "Point", "coordinates": [-97.84215, 33.43172]}, "properties": {"id": "306468", "name": "Unnamed substation", "type": "Substation", "status": "Status not published", "city": "Sunset", "county": "Wise", "state": "Texas", "min_kv": 138, "max_kv": 138, "max_inferred": true, "min_inferred": true, "line_count": 3, "owners": [{"name": "ONCOR ELECTRIC DELIVERY CO.", "voltages_kv": [138], "miles": 0.0, "named": false}], "circuits": [], "source_date": "2019-04-30"}}, {"type": "Feature", "geometry": {"type": "Point", "coordinates": [-97.79407, 33.26473]}, "properties": {"id": "306478", "name": "Unnamed substation", "type": "Substation", "status": "Status not published", "city": "Bridgeport", "county": "Wise", "state": "Texas", "min_kv": 138, "max_kv": 138, "max_inferred": true, "min_inferred": true, "line_count": 3, "owners": [{"name": "ONCOR ELECTRIC DELIVERY CO.", "voltages_kv": [138], "miles": 0.0, "named": false}], "circuits": [], "source_date": "2018-09-24"}}, {"type": "Feature", "geometry": {"type": "Point", "coordinates": [-96.97185, 32.5115]}, "properties": {"id": "306824", "name": "Unnamed substation", "type": "Substation", "status": "Status not published", "city": "Midlothian", "county": "Ellis", "state": "Texas", "min_kv": null, "max_kv": 138, "max_inferred": true, "min_inferred": false, "line_count": 0, "owners": [{"name": "ONCOR ELECTRIC DELIVERY CO.", "voltages_kv": [138], "miles": 0.27, "named": false}], "circuits": [], "source_date": "2018-01-08"}}, {"type": "Feature", "geometry": {"type": "Point", "coordinates": [-98.52238, 33.3722]}, "properties": {"id": "306831", "name": "Unnamed substation", "type": "Substation", "status": "In service", "city": "Loving", "county": "Young", "state": "Texas", "min_kv": 69, "max_kv": 138, "max_inferred": true, "min_inferred": true, "line_count": 2, "owners": [{"name": "ONCOR ELECTRIC DELIVERY CO.", "voltages_kv": [138], "miles": 0.0, "named": false}], "circuits": [], "source_date": "2017-05-02"}}, {"type": "Feature", "geometry": {"type": "Point", "coordinates": [-97.5287, 33.31262]}, "properties": {"id": "306835", "name": "Unnamed substation", "type": "Substation", "status": "In service", "city": "Decatur", "county": "Wise", "state": "Texas", "min_kv": 138, "max_kv": 138, "max_inferred": false, "min_inferred": true, "line_count": 2, "owners": [{"name": "ONCOR ELECTRIC DELIVERY CO.", "voltages_kv": [138], "miles": 0.0, "named": false}], "circuits": [], "source_date": "2019-04-30"}}, {"type": "Feature", "geometry": {"type": "Point", "coordinates": [-98.37461, 31.74264]}, "properties": {"id": "308496", "name": "Unnamed substation", "type": "Substation", "status": "Status not published", "city": "Gustine", "county": "Comanche", "state": "Texas", "min_kv": null, "max_kv": 138, "max_inferred": true, "min_inferred": false, "line_count": 1, "owners": [], "circuits": [], "source_date": "2017-12-22"}}, {"type": "Feature", "geometry": {"type": "Point", "coordinates": [-97.0636, 32.81862]}, "properties": {"id": "308534", "name": "Unnamed substation", "type": "Substation", "status": "In service", "city": "Fort Worth", "county": "Tarrant", "state": "Texas", "min_kv": 69, "max_kv": 138, "max_inferred": false, "min_inferred": false, "line_count": 4, "owners": [{"name": "ONCOR ELECTRIC DELIVERY CO.", "voltages_kv": [138], "miles": 0.0, "named": false}], "circuits": [], "source_date": "2017-05-02"}}, {"type": "Feature", "geometry": {"type": "Point", "coordinates": [-97.06971, 32.73935]}, "properties": {"id": "308623", "name": "Unnamed substation", "type": "Substation", "status": "In service", "city": "Arlington", "county": "Tarrant", "state": "Texas", "min_kv": 13.8, "max_kv": 138, "max_inferred": false, "min_inferred": false, "line_count": 1, "owners": [], "circuits": [], "source_date": "2017-05-02"}}, {"type": "Feature", "geometry": {"type": "Point", "coordinates": [-98.5646, 33.50962]}, "properties": {"id": "308698", "name": "Unnamed substation", "type": "Substation", "status": "Status not published", "city": "Windthorst", "county": "Archer", "state": "Texas", "min_kv": null, "max_kv": 138, "max_inferred": true, "min_inferred": false, "line_count": 1, "owners": [{"name": "ONCOR ELECTRIC DELIVERY CO.", "voltages_kv": [138], "miles": 0.0, "named": false}], "circuits": [], "source_date": "2017-12-22"}}, {"type": "Feature", "geometry": {"type": "Point", "coordinates": [-98.59782, 31.88956]}, "properties": {"id": "308715", "name": "Unnamed substation", "type": "Substation", "status": "In service", "city": "Comanche", "county": "Comanche", "state": "Texas", "min_kv": null, "max_kv": 138, "max_inferred": true, "min_inferred": false, "line_count": 2, "owners": [{"name": "ONCOR ELECTRIC DELIVERY CO.", "voltages_kv": [138, 69], "miles": 0.0, "named": false}], "circuits": [], "source_date": "2018-09-24"}}, {"type": "Feature", "geometry": {"type": "Point", "coordinates": [-98.29944, 32.15432]}, "properties": {"id": "308737", "name": "Unnamed substation", "type": "Substation", "status": "Status not published", "city": "Dublin", "county": "Erath", "state": "Texas", "min_kv": null, "max_kv": 138, "max_inferred": true, "min_inferred": false, "line_count": 3, "owners": [{"name": "ONCOR ELECTRIC DELIVERY CO.", "voltages_kv": [138, 69], "miles": 0.0, "named": false}], "circuits": [], "source_date": "2018-09-24"}}, {"type": "Feature", "geometry": {"type": "Point", "coordinates": [-97.72264, 32.95943]}, "properties": {"id": "308853", "name": "Unnamed substation", "type": "Substation", "status": "Status not published", "city": "Springtown", "county": "Parker", "state": "Texas", "min_kv": null, "max_kv": 138, "max_inferred": true, "min_inferred": false, "line_count": 1, "owners": [{"name": "ONCOR ELECTRIC DELIVERY CO.", "voltages_kv": [138], "miles": 0.0, "named": false}], "circuits": [], "source_date": "2018-01-08"}}, {"type": "Feature", "geometry": {"type": "Point", "coordinates": [-97.69165, 32.36908]}, "properties": {"id": "308868", "name": "Unnamed substation", "type": "Substation", "status": "In service", "city": "Pecan Plantation", "county": "Hood", "state": "Texas", "min_kv": 69, "max_kv": 138, "max_inferred": false, "min_inferred": false, "line_count": 2, "owners": [{"name": "ONCOR ELECTRIC DELIVERY CO.", "voltages_kv": [345], "miles": 0.09, "named": false}], "circuits": [], "source_date": "2017-05-01"}}, {"type": "Feature", "geometry": {"type": "Point", "coordinates": [-96.83589, 32.42004]}, "properties": {"id": "308890", "name": "Unnamed substation", "type": "Substation", "status": "Status not published", "city": "Waxahachie", "county": "Ellis", "state": "Texas", "min_kv": null, "max_kv": 138, "max_inferred": true, "min_inferred": false, "line_count": 1, "owners": [{"name": "ONCOR ELECTRIC DELIVERY CO.", "voltages_kv": [138], "miles": 0.0, "named": false}], "circuits": [], "source_date": "2017-12-22"}}, {"type": "Feature", "geometry": {"type": "Point", "coordinates": [-97.34765, 32.64782]}, "properties": {"id": "308902", "name": "Unnamed substation", "type": "Substation", "status": "In service", "city": "Fort Worth", "county": "Tarrant", "state": "Texas", "min_kv": 69, "max_kv": 138, "max_inferred": true, "min_inferred": true, "line_count": 2, "owners": [], "circuits": [], "source_date": "2017-05-02"}}, {"type": "Feature", "geometry": {"type": "Point", "coordinates": [-97.61347, 32.31575]}, "properties": {"id": "308909", "name": "Unnamed substation", "type": "Substation", "status": "Status not published", "city": "Cleburne", "county": "Johnson", "state": "Texas", "min_kv": null, "max_kv": 138, "max_inferred": true, "min_inferred": false, "line_count": 3, "owners": [{"name": "ONCOR ELECTRIC DELIVERY CO.", "voltages_kv": [345, 138], "miles": 0.0, "named": false}], "circuits": [{"owner": "ONCOR ELECTRIC DELIVERY CO.", "voltage_kv": 345, "miles": 0.49, "from_name": "Comanche Peak", "to_name": "Johnson"}, {"owner": "ONCOR ELECTRIC DELIVERY CO.", "voltage_kv": 345, "miles": 0.49, "from_name": "Comanche Peak", "to_name": ""}], "source_date": "2018-01-30"}}, {"type": "Feature", "geometry": {"type": "Point", "coordinates": [-98.90325, 32.74741]}, "properties": {"id": "308915", "name": "Unnamed substation", "type": "Substation", "status": "In service", "city": "Breckenridge", "county": "Stephens", "state": "Texas", "min_kv": 13.8, "max_kv": 138, "max_inferred": false, "min_inferred": false, "line_count": 5, "owners": [{"name": "ONCOR ELECTRIC DELIVERY CO.", "voltages_kv": [138, 69], "miles": 0.0, "named": false}], "circuits": [], "source_date": "2017-04-26"}}, {"type": "Feature", "geometry": {"type": "Point", "coordinates": [-97.17395, 32.58428]}, "properties": {"id": "308920", "name": "Unnamed substation", "type": "Substation", "status": "In service", "city": "Mansfield", "county": "Tarrant", "state": "Texas", "min_kv": 69, "max_kv": 138, "max_inferred": false, "min_inferred": false, "line_count": 2, "owners": [], "circuits": [], "source_date": "2017-05-02"}}, {"type": "Feature", "geometry": {"type": "Point", "coordinates": [-96.71118, 32.91925]}, "properties": {"id": "308961", "name": "Unnamed substation", "type": "Substation", "status": "Status not published", "city": "Dallas", "county": "Dallas", "state": "Texas", "min_kv": 138, "max_kv": 138, "max_inferred": true, "min_inferred": true, "line_count": 3, "owners": [{"name": "ONCOR ELECTRIC DELIVERY CO.", "voltages_kv": [138], "miles": 0.0, "named": false}], "circuits": [], "source_date": "2018-09-25"}}, {"type": "Feature", "geometry": {"type": "Point", "coordinates": [-96.76865, 32.91456]}, "properties": {"id": "309003", "name": "Unnamed substation", "type": "Substation", "status": "In service", "city": "Dallas", "county": "Dallas", "state": "Texas", "min_kv": 69, "max_kv": 138, "max_inferred": false, "min_inferred": false, "line_count": 3, "owners": [{"name": "ONCOR ELECTRIC DELIVERY CO.", "voltages_kv": [138], "miles": 0.0, "named": false}], "circuits": [], "source_date": "2017-05-01"}}, {"type": "Feature", "geometry": {"type": "Point", "coordinates": [-98.25733, 32.20508]}, "properties": {"id": "309006", "name": "Unnamed substation", "type": "Substation", "status": "Status not published", "city": "Stephenville", "county": "Erath", "state": "Texas", "min_kv": 69, "max_kv": 138, "max_inferred": true, "min_inferred": true, "line_count": 1, "owners": [{"name": "ONCOR ELECTRIC DELIVERY CO.", "voltages_kv": [138], "miles": 0.04, "named": false}], "circuits": [], "source_date": "2017-12-22"}}, {"type": "Feature", "geometry": {"type": "Point", "coordinates": [-97.90686, 31.11328]}, "properties": {"id": "307698", "name": "Unnamed substation", "type": "Substation", "status": "Status not published", "city": "Copperas Cove", "county": "Coryell", "state": "Texas", "min_kv": null, "max_kv": 138, "max_inferred": true, "min_inferred": false, "line_count": 2, "owners": [{"name": "ONCOR ELECTRIC DELIVERY CO.", "voltages_kv": [138, 69], "miles": 0.0, "named": false}], "circuits": [], "source_date": "2018-01-04"}}, {"type": "Feature", "geometry": {"type": "Point", "coordinates": [-97.02595, 32.4661]}, "properties": {"id": "309033", "name": "Unnamed substation", "type": "Substation", "status": "In service", "city": "Midlothian", "county": "Ellis", "state": "Texas", "min_kv": 69, "max_kv": 138, "max_inferred": false, "min_inferred": false, "line_count": 3, "owners": [{"name": "ONCOR ELECTRIC DELIVERY CO.", "voltages_kv": [138], "miles": 0.0, "named": false}], "circuits": [], "source_date": "2017-05-02"}}, {"type": "Feature", "geometry": {"type": "Point", "coordinates": [-98.3479, 32.07607]}, "properties": {"id": "309071", "name": "Unnamed substation", "type": "Substation", "status": "In service", "city": "Dublin", "county": "Erath", "state": "Texas", "min_kv": 69, "max_kv": 138, "max_inferred": true, "min_inferred": true, "line_count": 3, "owners": [{"name": "ONCOR ELECTRIC DELIVERY CO.", "voltages_kv": [69], "miles": 0.01, "named": false}], "circuits": [], "source_date": "2017-12-22"}}, {"type": "Feature", "geometry": {"type": "Point", "coordinates": [-97.55618, 32.49911]}, "properties": {"id": "309072", "name": "Unnamed substation", "type": "Substation", "status": "Status not published", "city": "Godley", "county": "Johnson", "state": "Texas", "min_kv": null, "max_kv": 138, "max_inferred": true, "min_inferred": false, "line_count": 1, "owners": [{"name": "ONCOR ELECTRIC DELIVERY CO.", "voltages_kv": [138], "miles": 0.0, "named": false}], "circuits": [], "source_date": "2017-12-22"}}, {"type": "Feature", "geometry": {"type": "Point", "coordinates": [-97.8294, 33.19856]}, "properties": {"id": "309295", "name": "Unnamed substation", "type": "Substation", "status": "In service", "city": "Bridgeport", "county": "Wise", "state": "Texas", "min_kv": 138, "max_kv": 138, "max_inferred": false, "min_inferred": true, "line_count": 2, "owners": [{"name": "ONCOR ELECTRIC DELIVERY CO.", "voltages_kv": [138], "miles": 0.0, "named": false}], "circuits": [], "source_date": "2019-04-30"}}, {"type": "Feature", "geometry": {"type": "Point", "coordinates": [-97.77655, 32.45999]}, "properties": {"id": "309314", "name": "Unnamed substation", "type": "Substation", "status": "In service", "city": "Granbury", "county": "Hood", "state": "Texas", "min_kv": null, "max_kv": 138, "max_inferred": true, "min_inferred": false, "line_count": 2, "owners": [{"name": "ONCOR ELECTRIC DELIVERY CO.", "voltages_kv": [138], "miles": 0.0, "named": false}], "circuits": [], "source_date": "2018-09-24"}}, {"type": "Feature", "geometry": {"type": "Point", "coordinates": [-97.67538, 31.94948]}, "properties": {"id": "309448", "name": "Unnamed substation", "type": "Substation", "status": "Status not published", "city": "Meridian", "county": "Bosque", "state": "Texas", "min_kv": null, "max_kv": 138, "max_inferred": true, "min_inferred": false, "line_count": 2, "owners": [], "circuits": [], "source_date": "2017-12-22"}}, {"type": "Feature", "geometry": {"type": "Point", "coordinates": [-97.20129, 32.89366]}, "properties": {"id": "309502", "name": "Unnamed substation", "type": "Substation", "status": "In service", "city": "North Richland Hills", "county": "Tarrant", "state": "Texas", "min_kv": 69, "max_kv": 138, "max_inferred": false, "min_inferred": false, "line_count": 2, "owners": [{"name": "ONCOR ELECTRIC DELIVERY CO.", "voltages_kv": [138], "miles": 0.0, "named": false}], "circuits": [], "source_date": "2017-05-01"}}, {"type": "Feature", "geometry": {"type": "Point", "coordinates": [-97.6731, 32.33451]}, "properties": {"id": "309509", "name": "Unnamed substation", "type": "Substation", "status": "Status not published", "city": "Cleburne", "county": "Hood", "state": "Texas", "min_kv": null, "max_kv": 138, "max_inferred": true, "min_inferred": false, "line_count": 1, "owners": [{"name": "ONCOR ELECTRIC DELIVERY CO.", "voltages_kv": [138], "miles": 0.0, "named": false}], "circuits": [], "source_date": "2017-12-22"}}, {"type": "Feature", "geometry": {"type": "Point", "coordinates": [-97.03794, 32.78803]}, "properties": {"id": "309530", "name": "Unnamed substation", "type": "Substation", "status": "In service", "city": "Grand Prairie", "county": "Tarrant", "state": "Texas", "min_kv": 69, "max_kv": 138, "max_inferred": false, "min_inferred": false, "line_count": 2, "owners": [], "circuits": [], "source_date": "2017-05-02"}}, {"type": "Feature", "geometry": {"type": "Point", "coordinates": [-97.41617, 33.21013]}, "properties": {"id": "309554", "name": "Unnamed substation", "type": "Substation", "status": "In service", "city": "Decatur", "county": "Wise", "state": "Texas", "min_kv": 138, "max_kv": 138, "max_inferred": false, "min_inferred": false, "line_count": 2, "owners": [{"name": "ONCOR ELECTRIC DELIVERY CO.", "voltages_kv": [138], "miles": 0.0, "named": false}], "circuits": [], "source_date": "2019-04-29"}}, {"type": "Feature", "geometry": {"type": "Point", "coordinates": [-97.30268, 32.82066]}, "properties": {"id": "309575", "name": "Unnamed substation", "type": "Substation", "status": "In service", "city": "Fort Worth", "county": "Tarrant", "state": "Texas", "min_kv": 69, "max_kv": 138, "max_inferred": false, "min_inferred": false, "line_count": 2, "owners": [{"name": "ONCOR ELECTRIC DELIVERY CO.", "voltages_kv": [138], "miles": 0.0, "named": false}], "circuits": [], "source_date": "2017-05-01"}}, {"type": "Feature", "geometry": {"type": "Point", "coordinates": [-97.06179, 32.99746]}, "properties": {"id": "309585", "name": "Unnamed substation", "type": "Substation", "status": "In service", "city": "Flower Mound", "county": "Denton", "state": "Texas", "min_kv": 13.8, "max_kv": 138, "max_inferred": false, "min_inferred": false, "line_count": 2, "owners": [], "circuits": [], "source_date": "2017-05-02"}}, {"type": "Feature", "geometry": {"type": "Point", "coordinates": [-97.35786, 32.75862]}, "properties": {"id": "309587", "name": "Unnamed substation", "type": "Substation", "status": "In service", "city": "Fort Worth", "county": "Tarrant", "state": "Texas", "min_kv": 69, "max_kv": 138, "max_inferred": false, "min_inferred": false, "line_count": 2, "owners": [], "circuits": [], "source_date": "2017-05-01"}}, {"type": "Feature", "geometry": {"type": "Point", "coordinates": [-96.62221, 32.31852]}, "properties": {"id": "309608", "name": "Unnamed substation", "type": "Substation", "status": "In service", "city": "Ennis", "county": "Ellis", "state": "Texas", "min_kv": null, "max_kv": 138, "max_inferred": true, "min_inferred": false, "line_count": 2, "owners": [], "circuits": [], "source_date": "2018-10-19"}}, {"type": "Feature", "geometry": {"type": "Point", "coordinates": [-97.18622, 32.68329]}, "properties": {"id": "309624", "name": "Unnamed substation", "type": "Substation", "status": "In service", "city": "Arlington", "county": "Tarrant", "state": "Texas", "min_kv": 138, "max_kv": 138, "max_inferred": true, "min_inferred": true, "line_count": 1, "owners": [{"name": "ONCOR ELECTRIC DELIVERY CO.", "voltages_kv": [138], "miles": 0.0, "named": false}], "circuits": [], "source_date": "2018-09-24"}}, {"type": "Feature", "geometry": {"type": "Point", "coordinates": [-97.28864, 32.6615]}, "properties": {"id": "309679", "name": "Unnamed substation", "type": "Substation", "status": "Status not published", "city": "Fort Worth", "county": "Tarrant", "state": "Texas", "min_kv": 69, "max_kv": 138, "max_inferred": true, "min_inferred": true, "line_count": 2, "owners": [{"name": "ONCOR ELECTRIC DELIVERY CO.", "voltages_kv": [138], "miles": 0.0, "named": false}], "circuits": [], "source_date": "2017-05-02"}}, {"type": "Feature", "geometry": {"type": "Point", "coordinates": [-96.93389, 32.88748]}, "properties": {"id": "309078", "name": "Unnamed substation", "type": "Substation", "status": "In service", "city": "Irving", "county": "Dallas", "state": "Texas", "min_kv": 69, "max_kv": 138, "max_inferred": false, "min_inferred": false, "line_count": 2, "owners": [], "circuits": [], "source_date": "2017-05-01"}}, {"type": "Feature", "geometry": {"type": "Point", "coordinates": [-97.07383, 32.74635]}, "properties": {"id": "309085", "name": "Unnamed substation", "type": "Substation", "status": "In service", "city": "Arlington", "county": "Tarrant", "state": "Texas", "min_kv": 13.8, "max_kv": 138, "max_inferred": false, "min_inferred": false, "line_count": 2, "owners": [], "circuits": [], "source_date": "2017-05-02"}}, {"type": "Feature", "geometry": {"type": "Point", "coordinates": [-96.89277, 32.25999]}, "properties": {"id": "307768", "name": "Unnamed substation", "type": "Substation", "status": "Status not published", "city": "Waxahachie", "county": "Ellis", "state": "Texas", "min_kv": null, "max_kv": 138, "max_inferred": true, "min_inferred": false, "line_count": 2, "owners": [{"name": "ONCOR ELECTRIC DELIVERY CO.", "voltages_kv": [138], "miles": 0.0, "named": false}], "circuits": [], "source_date": "2018-01-02"}}, {"type": "Feature", "geometry": {"type": "Point", "coordinates": [-96.84596, 32.44452]}, "properties": {"id": "308188", "name": "Unnamed substation", "type": "Substation", "status": "In service", "city": "Waxahachie", "county": "Ellis", "state": "Texas", "min_kv": 69, "max_kv": 138, "max_inferred": true, "min_inferred": true, "line_count": 4, "owners": [], "circuits": [], "source_date": "2015-06-11"}}, {"type": "Feature", "geometry": {"type": "Point", "coordinates": [-98.51959, 33.82898]}, "properties": {"id": "308189", "name": "Unnamed substation", "type": "Substation", "status": "In service", "city": "Lakeside City", "county": "Archer", "state": "Texas", "min_kv": 69, "max_kv": 138, "max_inferred": false, "min_inferred": false, "line_count": 5, "owners": [{"name": "ONCOR ELECTRIC DELIVERY CO.", "voltages_kv": [138, 69], "miles": 0.0, "named": false}], "circuits": [], "source_date": "2017-04-26"}}, {"type": "Feature", "geometry": {"type": "Point", "coordinates": [-96.53253, 32.96239]}, "properties": {"id": "309224", "name": "Unnamed substation", "type": "Substation", "status": "In service", "city": "Garland", "county": "Dallas", "state": "Texas", "min_kv": 13.8, "max_kv": 138, "max_inferred": false, "min_inferred": false, "line_count": 4, "owners": [{"name": "ONCOR ELECTRIC DELIVERY CO.", "voltages_kv": [138], "miles": 0.0, "named": false}], "circuits": [], "source_date": "2017-05-01"}}, {"type": "Feature", "geometry": {"type": "Point", "coordinates": [-97.87397, 32.66409]}, "properties": {"id": "309234", "name": "Unnamed substation", "type": "Substation", "status": "Status not published", "city": "Weatherford", "county": "Parker", "state": "Texas", "min_kv": null, "max_kv": 138, "max_inferred": true, "min_inferred": false, "line_count": 3, "owners": [{"name": "ONCOR ELECTRIC DELIVERY CO.", "voltages_kv": [138], "miles": 0.0, "named": false}], "circuits": [], "source_date": "2018-09-18"}}, {"type": "Feature", "geometry": {"type": "Point", "coordinates": [-97.89963, 31.11285]}, "properties": {"id": "309276", "name": "Unnamed substation", "type": "Substation", "status": "In service", "city": "Copperas Cove", "county": "Coryell", "state": "Texas", "min_kv": null, "max_kv": 138, "max_inferred": true, "min_inferred": false, "line_count": 2, "owners": [{"name": "ONCOR ELECTRIC DELIVERY CO.", "voltages_kv": [138, 69], "miles": 0.0, "named": false}], "circuits": [], "source_date": "2018-09-10"}}, {"type": "Feature", "geometry": {"type": "Point", "coordinates": [-96.85112, 32.37742]}, "properties": {"id": "308252", "name": "Unnamed substation", "type": "Substation", "status": "In service", "city": "Waxahachie", "county": "Ellis", "state": "Texas", "min_kv": 69, "max_kv": 138, "max_inferred": true, "min_inferred": true, "line_count": 3, "owners": [{"name": "ONCOR ELECTRIC DELIVERY CO.", "voltages_kv": [345], "miles": 0.0, "named": false}], "circuits": [], "source_date": "2015-06-11"}}, {"type": "Feature", "geometry": {"type": "Point", "coordinates": [-97.22445, 32.90504]}, "properties": {"id": "308260", "name": "Unnamed substation", "type": "Substation", "status": "In service", "city": "Keller", "county": "Tarrant", "state": "Texas", "min_kv": 69, "max_kv": 138, "max_inferred": false, "min_inferred": false, "line_count": 2, "owners": [{"name": "ONCOR ELECTRIC DELIVERY CO.", "voltages_kv": [138], "miles": 0.0, "named": false}], "circuits": [], "source_date": "2017-05-01"}}, {"type": "Feature", "geometry": {"type": "Point", "coordinates": [-97.63272, 32.94972]}, "properties": {"id": "308296", "name": "Unnamed substation", "type": "Substation", "status": "In service", "city": "Springtown", "county": "Parker", "state": "Texas", "min_kv": 69, "max_kv": 138, "max_inferred": true, "min_inferred": true, "line_count": 4, "owners": [], "circuits": [], "source_date": "2017-12-22"}}, {"type": "Feature", "geometry": {"type": "Point", "coordinates": [-97.19183, 33.32234]}, "properties": {"id": "308299", "name": "Unnamed substation", "type": "Substation", "status": "In service", "city": "Sanger", "county": "Denton", "state": "Texas", "min_kv": 69, "max_kv": 138, "max_inferred": true, "min_inferred": true, "line_count": 3, "owners": [{"name": "ONCOR ELECTRIC DELIVERY CO.", "voltages_kv": [138], "miles": 0.0, "named": false}], "circuits": [{"owner": "ONCOR ELECTRIC DELIVERY CO.", "voltage_kv": 138, "miles": 0.0, "from_name": "Denton North Interchange", "to_name": ""}, {"owner": "ONCOR ELECTRIC DELIVERY CO.", "voltage_kv": 138, "miles": 0.0, "from_name": "Aubrey", "to_name": ""}], "source_date": "2015-06-12"}}, {"type": "Feature", "geometry": {"type": "Point", "coordinates": [-96.66095, 32.90463]}, "properties": {"id": "308306", "name": "Unnamed substation", "type": "Substation", "status": "In service", "city": "Garland", "county": "Dallas", "state": "Texas", "min_kv": 138, "max_kv": 138, "max_inferred": true, "min_inferred": true, "line_count": 1, "owners": [{"name": "ONCOR ELECTRIC DELIVERY CO.", "voltages_kv": [138], "miles": 0.44, "named": false}], "circuits": [], "source_date": "2017-12-22"}}, {"type": "Feature", "geometry": {"type": "Point", "coordinates": [-97.33644, 32.74212]}, "properties": {"id": "308309", "name": "Unnamed substation", "type": "Substation", "status": "In service", "city": "Fort Worth", "county": "Tarrant", "state": "Texas", "min_kv": 13.8, "max_kv": 138, "max_inferred": false, "min_inferred": false, "line_count": 2, "owners": [{"name": "ONCOR ELECTRIC DELIVERY CO.", "voltages_kv": [138], "miles": 0.0, "named": false}], "circuits": [], "source_date": "2017-05-01"}}, {"type": "Feature", "geometry": {"type": "Point", "coordinates": [-98.8087, 32.4695]}, "properties": {"id": "308355", "name": "Unnamed substation", "type": "Substation", "status": "Status not published", "city": "Eastland", "county": "Eastland", "state": "Texas", "min_kv": null, "max_kv": 138, "max_inferred": true, "min_inferred": false, "line_count": 3, "owners": [{"name": "ONCOR ELECTRIC DELIVERY CO.", "voltages_kv": [69], "miles": 0.0, "named": false}], "circuits": [], "source_date": "2018-09-18"}}, {"type": "Feature", "geometry": {"type": "Point", "coordinates": [-97.83066, 31.13084]}, "properties": {"id": "308397", "name": "Unnamed substation", "type": "Substation", "status": "Status not published", "city": "Fort Hood", "county": "Coryell", "state": "Texas", "min_kv": null, "max_kv": 138, "max_inferred": true, "min_inferred": false, "line_count": 1, "owners": [{"name": "ONCOR ELECTRIC DELIVERY CO.", "voltages_kv": [138], "miles": 0.0, "named": false}], "circuits": [], "source_date": "2017-12-22"}}, {"type": "Feature", "geometry": {"type": "Point", "coordinates": [-96.63709, 32.33753]}, "properties": {"id": "308437", "name": "Unnamed substation", "type": "Substation", "status": "In service", "city": "Ennis", "county": "Ellis", "state": "Texas", "min_kv": 138, "max_kv": 138, "max_inferred": true, "min_inferred": true, "line_count": 2, "owners": [], "circuits": [], "source_date": "2017-12-22"}}, {"type": "Feature", "geometry": {"type": "Point", "coordinates": [-96.67422, 32.90722]}, "properties": {"id": "310127", "name": "Unnamed substation", "type": "Substation", "status": "In service", "city": "Garland", "county": "Dallas", "state": "Texas", "min_kv": 69, "max_kv": 138, "max_inferred": false, "min_inferred": false, "line_count": 2, "owners": [{"name": "ONCOR ELECTRIC DELIVERY CO.", "voltages_kv": [138, 69], "miles": 0.4, "named": false}], "circuits": [], "source_date": "2015-06-11"}}, {"type": "Feature", "geometry": {"type": "Point", "coordinates": [-97.14278, 32.97054]}, "properties": {"id": "310139", "name": "Unnamed substation", "type": "Substation", "status": "In service", "city": "Southlake", "county": "Tarrant", "state": "Texas", "min_kv": 138, "max_kv": 138, "max_inferred": true, "min_inferred": true, "line_count": 2, "owners": [], "circuits": [], "source_date": "2018-01-04"}}, {"type": "Feature", "geometry": {"type": "Point", "coordinates": [-97.95109, 33.60454]}, "properties": {"id": "310152", "name": "Unnamed substation", "type": "Substation", "status": "Status not published", "city": "Bowie", "county": "Montague", "state": "Texas", "min_kv": null, "max_kv": 138, "max_inferred": true, "min_inferred": false, "line_count": 4, "owners": [{"name": "ONCOR ELECTRIC DELIVERY CO.", "voltages_kv": [115, 69], "miles": 0.0, "named": false}], "circuits": [], "source_date": "2018-01-02"}}, {"type": "Feature", "geometry": {"type": "Point", "coordinates": [-97.14398, 33.6357]}, "properties": {"id": "310159", "name": "Unnamed substation", "type": "Substation", "status": "In service", "city": "Gainesville", "county": "Cooke", "state": "Texas", "min_kv": 69, "max_kv": 138, "max_inferred": true, "min_inferred": true, "line_count": 3, "owners": [{"name": "ONCOR ELECTRIC DELIVERY CO.", "voltages_kv": [138], "miles": 0.0, "named": false}], "circuits": [], "source_date": "2015-06-12"}}, {"type": "Feature", "geometry": {"type": "Point", "coordinates": [-97.21665, 32.72819]}, "properties": {"id": "310169", "name": "Unnamed substation", "type": "Substation", "status": "In service", "city": "Fort Worth", "county": "Tarrant", "state": "Texas", "min_kv": 13.8, "max_kv": 138, "max_inferred": false, "min_inferred": false, "line_count": 12, "owners": [{"name": "ONCOR ELECTRIC DELIVERY CO.", "voltages_kv": [138, 69], "miles": 0.0, "named": false}], "circuits": [], "source_date": "2015-08-27"}}, {"type": "Feature", "geometry": {"type": "Point", "coordinates": [-98.7916, 32.91223]}, "properties": {"id": "310196", "name": "Unnamed substation", "type": "Substation", "status": "In service", "city": "Eliasville", "county": "Stephens", "state": "Texas", "min_kv": 69, "max_kv": 138, "max_inferred": false, "min_inferred": false, "line_count": 1, "owners": [{"name": "ONCOR ELECTRIC DELIVERY CO.", "voltages_kv": [138], "miles": 0.0, "named": false}], "circuits": [], "source_date": "2017-04-26"}}, {"type": "Feature", "geometry": {"type": "Point", "coordinates": [-97.48384, 33.68133]}, "properties": {"id": "310290", "name": "Unnamed substation", "type": "Substation", "status": "Status not published", "city": "Muenster", "county": "Cooke", "state": "Texas", "min_kv": null, "max_kv": 138, "max_inferred": true, "min_inferred": false, "line_count": 3, "owners": [{"name": "ONCOR ELECTRIC DELIVERY CO.", "voltages_kv": [138, 69], "miles": 0.0, "named": false}], "circuits": [], "source_date": "2018-09-07"}}, {"type": "Feature", "geometry": {"type": "Point", "coordinates": [-97.32544, 32.799]}, "properties": {"id": "310318", "name": "Unnamed substation", "type": "Substation", "status": "In service", "city": "Fort Worth", "county": "Tarrant", "state": "Texas", "min_kv": 69, "max_kv": 138, "max_inferred": false, "min_inferred": false, "line_count": 4, "owners": [{"name": "ONCOR ELECTRIC DELIVERY CO.", "voltages_kv": [138], "miles": 0.0, "named": false}], "circuits": [{"owner": "ONCOR ELECTRIC DELIVERY CO.", "voltage_kv": 138, "miles": 0.0, "from_name": "North Main", "to_name": ""}], "source_date": "2017-05-01"}}, {"type": "Feature", "geometry": {"type": "Point", "coordinates": [-97.87241, 32.73039]}, "properties": {"id": "310324", "name": "Unnamed substation", "type": "Substation", "status": "Status not published", "city": "Weatherford", "county": "Parker", "state": "Texas", "min_kv": null, "max_kv": 138, "max_inferred": true, "min_inferred": false, "line_count": 3, "owners": [{"name": "ONCOR ELECTRIC DELIVERY CO.", "voltages_kv": [138], "miles": 0.0, "named": false}], "circuits": [], "source_date": "2018-09-18"}}, {"type": "Feature", "geometry": {"type": "Point", "coordinates": [-96.72583, 32.77717]}, "properties": {"id": "310387", "name": "Unnamed substation", "type": "Substation", "status": "In service", "city": "Dallas", "county": "Dallas", "state": "Texas", "min_kv": 69, "max_kv": 138, "max_inferred": false, "min_inferred": false, "line_count": 2, "owners": [{"name": "ONCOR ELECTRIC DELIVERY CO.", "voltages_kv": [138], "miles": 0.14, "named": false}], "circuits": [{"owner": "ONCOR ELECTRIC DELIVERY CO.", "voltage_kv": 138, "miles": 0.14, "from_name": "Parkdale Ses", "to_name": ""}, {"owner": "ONCOR ELECTRIC DELIVERY CO.", "voltage_kv": 138, "miles": 0.14, "from_name": "", "to_name": "Parkdale Ses"}], "source_date": "2017-05-02"}}, {"type": "Feature", "geometry": {"type": "Point", "coordinates": [-97.28237, 32.93015]}, "properties": {"id": "310417", "name": "Unnamed substation", "type": "Substation", "status": "In service", "city": "Fort Worth", "county": "Tarrant", "state": "Texas", "min_kv": 69, "max_kv": 138, "max_inferred": true, "min_inferred": true, "line_count": 2, "owners": [{"name": "ONCOR ELECTRIC DELIVERY CO.", "voltages_kv": [138], "miles": 0.0, "named": false}], "circuits": [], "source_date": "2017-05-01"}}, {"type": "Feature", "geometry": {"type": "Point", "coordinates": [-97.58849, 33.21449]}, "properties": {"id": "309683", "name": "Unnamed substation", "type": "Substation", "status": "Status not published", "city": "Decatur", "county": "Wise", "state": "Texas", "min_kv": 69, "max_kv": 138, "max_inferred": true, "min_inferred": true, "line_count": 5, "owners": [{"name": "ONCOR ELECTRIC DELIVERY CO.", "voltages_kv": [138, 69], "miles": 0.0, "named": false}], "circuits": [], "source_date": "2017-01-18"}}, {"type": "Feature", "geometry": {"type": "Point", "coordinates": [-97.58339, 33.27405]}, "properties": {"id": "310908", "name": "Unnamed substation", "type": "Substation", "status": "In service", "city": "Decatur", "county": "Wise", "state": "Texas", "min_kv": 138, "max_kv": 138, "max_inferred": true, "min_inferred": true, "line_count": 3, "owners": [{"name": "ONCOR ELECTRIC DELIVERY CO.", "voltages_kv": [138], "miles": 0.0, "named": false}], "circuits": [], "source_date": "2018-09-25"}}, {"type": "Feature", "geometry": {"type": "Point", "coordinates": [-98.76907, 32.37336]}, "properties": {"id": "309697", "name": "Unnamed substation", "type": "Substation", "status": "In service", "city": "Olden", "county": "Eastland", "state": "Texas", "min_kv": 69, "max_kv": 138, "max_inferred": false, "min_inferred": false, "line_count": 8, "owners": [{"name": "ONCOR ELECTRIC DELIVERY CO.", "voltages_kv": [138, 69], "miles": 0.0, "named": false}, {"name": "TAYLOR ELECTRIC COOP INC - (TX)", "voltages_kv": [138], "miles": 0.0, "named": false}], "circuits": [], "source_date": "2017-04-26"}}, {"type": "Feature", "geometry": {"type": "Point", "coordinates": [-97.18294, 33.48685]}, "properties": {"id": "309718", "name": "Unnamed substation", "type": "Substation", "status": "In service", "city": "Valley View", "county": "Cooke", "state": "Texas", "min_kv": 69, "max_kv": 138, "max_inferred": true, "min_inferred": true, "line_count": 6, "owners": [{"name": "ONCOR ELECTRIC DELIVERY CO.", "voltages_kv": [345, 138, 69], "miles": 0.0, "named": false}], "circuits": [], "source_date": "2015-08-14"}}, {"type": "Feature", "geometry": {"type": "Point", "coordinates": [-96.69114, 32.92362]}, "properties": {"id": "309748", "name": "Unnamed substation", "type": "Substation", "status": "In service", "city": "Garland", "county": "Dallas", "state": "Texas", "min_kv": 69, "max_kv": 138, "max_inferred": false, "min_inferred": false, "line_count": 1, "owners": [], "circuits": [], "source_date": "2017-05-02"}}, {"type": "Feature", "geometry": {"type": "Point", "coordinates": [-97.158, 33.6817]}, "properties": {"id": "309831", "name": "Unnamed substation", "type": "Substation", "status": "In service", "city": "Gainesville", "county": "Cooke", "state": "Texas", "min_kv": null, "max_kv": 138, "max_inferred": true, "min_inferred": false, "line_count": 2, "owners": [{"name": "ONCOR ELECTRIC DELIVERY CO.", "voltages_kv": [138], "miles": 0.0, "named": false}], "circuits": [], "source_date": "2018-09-07"}}, {"type": "Feature", "geometry": {"type": "Point", "coordinates": [-97.18641, 33.36954]}, "properties": {"id": "309858", "name": "Unnamed substation", "type": "Substation", "status": "In service", "city": "Sanger", "county": "Denton", "state": "Texas", "min_kv": 69, "max_kv": 138, "max_inferred": true, "min_inferred": true, "line_count": 2, "owners": [{"name": "ONCOR ELECTRIC DELIVERY CO.", "voltages_kv": [138], "miles": 0.0, "named": false}], "circuits": [], "source_date": "2015-06-12"}}, {"type": "Feature", "geometry": {"type": "Point", "coordinates": [-97.90925, 32.80308]}, "properties": {"id": "309887", "name": "Unnamed substation", "type": "Substation", "status": "Status not published", "city": "Weatherford", "county": "Parker", "state": "Texas", "min_kv": null, "max_kv": 138, "max_inferred": true, "min_inferred": false, "line_count": 4, "owners": [{"name": "ONCOR ELECTRIC DELIVERY CO.", "voltages_kv": [138], "miles": 0.0, "named": false}], "circuits": [], "source_date": "2017-12-22"}}, {"type": "Feature", "geometry": {"type": "Point", "coordinates": [-97.2544, 32.67496]}, "properties": {"id": "309888", "name": "Unnamed substation", "type": "Substation", "status": "In service", "city": "Fort Worth", "county": "Tarrant", "state": "Texas", "min_kv": 69, "max_kv": 138, "max_inferred": false, "min_inferred": false, "line_count": 2, "owners": [], "circuits": [], "source_date": "2017-05-01"}}, {"type": "Feature", "geometry": {"type": "Point", "coordinates": [-98.71557, 33.42216]}, "properties": {"id": "309899", "name": "Unnamed substation", "type": "Substation", "status": "In service", "city": "Holliday", "county": "Archer", "state": "Texas", "min_kv": null, "max_kv": 138, "max_inferred": true, "min_inferred": false, "line_count": 2, "owners": [{"name": "ONCOR ELECTRIC DELIVERY CO.", "voltages_kv": [115, 69], "miles": 0.0, "named": false}], "circuits": [], "source_date": "2018-09-07"}}, {"type": "Feature", "geometry": {"type": "Point", "coordinates": [-97.08288, 33.62041]}, "properties": {"id": "309908", "name": "Unnamed substation", "type": "Substation", "status": "Status not published", "city": "Gainesville", "county": "Cooke", "state": "Texas", "min_kv": 138, "max_kv": 138, "max_inferred": true, "min_inferred": true, "line_count": 3, "owners": [{"name": "ONCOR ELECTRIC DELIVERY CO.", "voltages_kv": [138], "miles": 0.0, "named": false}], "circuits": [], "source_date": "2018-09-25"}}, {"type": "Feature", "geometry": {"type": "Point", "coordinates": [-97.15641, 32.71102]}, "properties": {"id": "309926", "name": "Unnamed substation", "type": "Substation", "status": "In service", "city": "Pantego", "county": "Tarrant", "state": "Texas", "min_kv": 13.8, "max_kv": 138, "max_inferred": true, "min_inferred": true, "line_count": 3, "owners": [{"name": "ONCOR ELECTRIC DELIVERY CO.", "voltages_kv": [138], "miles": 0.0, "named": false}], "circuits": [], "source_date": "2017-05-02"}}, {"type": "Feature", "geometry": {"type": "Point", "coordinates": [-97.27573, 32.51328]}, "properties": {"id": "309965", "name": "Unnamed substation", "type": "Substation", "status": "In service", "city": "Burleson", "county": "Johnson", "state": "Texas", "min_kv": 138, "max_kv": 138, "max_inferred": true, "min_inferred": true, "line_count": 2, "owners": [], "circuits": [], "source_date": "2018-01-30"}}, {"type": "Feature", "geometry": {"type": "Point", "coordinates": [-97.26646, 33.02564]}, "properties": {"id": "309992", "name": "Unnamed substation", "type": "Substation", "status": "In service", "city": "Northlake", "county": "Denton", "state": "Texas", "min_kv": 138, "max_kv": 138, "max_inferred": true, "min_inferred": true, "line_count": 3, "owners": [], "circuits": [], "source_date": "2017-12-22"}}, {"type": "Feature", "geometry": {"type": "Point", "coordinates": [-97.73238, 33.31425]}, "properties": {"id": "310050", "name": "Unnamed substation", "type": "Substation", "status": "Status not published", "city": "Alvord", "county": "Wise", "state": "Texas", "min_kv": 69, "max_kv": 138, "max_inferred": true, "min_inferred": true, "line_count": 2, "owners": [{"name": "ONCOR ELECTRIC DELIVERY CO.", "voltages_kv": [138], "miles": 0.0, "named": false}], "circuits": [], "source_date": "2015-06-12"}}, {"type": "Feature", "geometry": {"type": "Point", "coordinates": [-96.74669, 32.92694]}, "properties": {"id": "310057", "name": "Unnamed substation", "type": "Substation", "status": "Status not published", "city": "Dallas", "county": "Dallas", "state": "Texas", "min_kv": 138, "max_kv": 138, "max_inferred": true, "min_inferred": true, "line_count": 1, "owners": [{"name": "ONCOR ELECTRIC DELIVERY CO.", "voltages_kv": [138], "miles": 0.0, "named": false}], "circuits": [], "source_date": "2018-01-08"}}, {"type": "Feature", "geometry": {"type": "Point", "coordinates": [-98.67421, 33.76847]}, "properties": {"id": "302488", "name": "Unnamed tap", "type": "Tap", "status": "In service", "city": "Holliday", "county": "Archer", "state": "Texas", "min_kv": null, "max_kv": 138, "max_inferred": true, "min_inferred": false, "line_count": 3, "owners": [{"name": "ONCOR ELECTRIC DELIVERY CO.", "voltages_kv": [138], "miles": 0.0, "named": false}], "circuits": [], "source_date": "2018-08-06"}}, {"type": "Feature", "geometry": {"type": "Point", "coordinates": [-96.68283, 32.92388]}, "properties": {"id": "302510", "name": "Unnamed tap", "type": "Tap", "status": "In service", "city": "Garland", "county": "Dallas", "state": "Texas", "min_kv": 138, "max_kv": 138, "max_inferred": true, "min_inferred": true, "line_count": 3, "owners": [], "circuits": [], "source_date": "2018-01-08"}}, {"type": "Feature", "geometry": {"type": "Point", "coordinates": [-97.22446, 32.90591]}, "properties": {"id": "302595", "name": "Unnamed tap", "type": "Tap", "status": "In service", "city": "Keller", "county": "Tarrant", "state": "Texas", "min_kv": 138, "max_kv": 138, "max_inferred": false, "min_inferred": false, "line_count": 3, "owners": [{"name": "ONCOR ELECTRIC DELIVERY CO.", "voltages_kv": [138], "miles": 0.0, "named": false}], "circuits": [], "source_date": "2017-05-01"}}, {"type": "Feature", "geometry": {"type": "Point", "coordinates": [-97.22261, 32.80574]}, "properties": {"id": "302600", "name": "Unnamed tap", "type": "Tap", "status": "In service", "city": "Richland Hills", "county": "Tarrant", "state": "Texas", "min_kv": 138, "max_kv": 138, "max_inferred": false, "min_inferred": false, "line_count": 3, "owners": [{"name": "ONCOR ELECTRIC DELIVERY CO.", "voltages_kv": [138, 69], "miles": 0.0, "named": false}], "circuits": [], "source_date": "2017-05-02"}}, {"type": "Feature", "geometry": {"type": "Point", "coordinates": [-97.20035, 32.89496]}, "properties": {"id": "302635", "name": "Unnamed tap", "type": "Tap", "status": "In service", "city": "North Richland Hills", "county": "Tarrant", "state": "Texas", "min_kv": 138, "max_kv": 138, "max_inferred": false, "min_inferred": false, "line_count": 3, "owners": [{"name": "ONCOR ELECTRIC DELIVERY CO.", "voltages_kv": [138], "miles": 0.0, "named": false}], "circuits": [], "source_date": "2017-05-01"}}, {"type": "Feature", "geometry": {"type": "Point", "coordinates": [-97.72946, 33.21758]}, "properties": {"id": "302653", "name": "Unnamed tap", "type": "Tap", "status": "In service", "city": "Bridgeport", "county": "Wise", "state": "Texas", "min_kv": 138, "max_kv": 138, "max_inferred": true, "min_inferred": true, "line_count": 3, "owners": [{"name": "ONCOR ELECTRIC DELIVERY CO.", "voltages_kv": [138], "miles": 0.0, "named": false}], "circuits": [], "source_date": "2018-09-24"}}, {"type": "Feature", "geometry": {"type": "Point", "coordinates": [-96.5773, 32.74374]}, "properties": {"id": "302669", "name": "Unnamed tap", "type": "Tap", "status": "In service", "city": "Mesquite", "county": "Dallas", "state": "Texas", "min_kv": 138, "max_kv": 138, "max_inferred": false, "min_inferred": false, "line_count": 3, "owners": [{"name": "ONCOR ELECTRIC DELIVERY CO.", "voltages_kv": [138], "miles": 0.0, "named": false}], "circuits": [{"owner": "ONCOR ELECTRIC DELIVERY CO.", "voltage_kv": 138, "miles": 0.0, "from_name": "", "to_name": "Lawson Rd"}, {"owner": "ONCOR ELECTRIC DELIVERY CO.", "voltage_kv": 138, "miles": 0.0, "from_name": "", "to_name": "Mesquite"}, {"owner": "ONCOR ELECTRIC DELIVERY CO.", "voltage_kv": 138, "miles": 0.0, "from_name": "", "to_name": "Balch Springs"}], "source_date": "2017-01-11"}}, {"type": "Feature", "geometry": {"type": "Point", "coordinates": [-96.70024, 32.77278]}, "properties": {"id": "302682", "name": "Unnamed tap", "type": "Tap", "status": "In service", "city": "Dallas", "county": "Dallas", "state": "Texas", "min_kv": 138, "max_kv": 138, "max_inferred": false, "min_inferred": false, "line_count": 3, "owners": [], "circuits": [], "source_date": "2017-01-17"}}, {"type": "Feature", "geometry": {"type": "Point", "coordinates": [-98.61207, 33.12277]}, "properties": {"id": "302727", "name": "Unnamed tap", "type": "Tap", "status": "In service", "city": "Graham", "county": "Young", "state": "Texas", "min_kv": 138, "max_kv": 138, "max_inferred": true, "min_inferred": true, "line_count": 3, "owners": [{"name": "FORT BELKNAP ELECTRIC COOP INC", "voltages_kv": [345], "miles": 0.03, "named": false}, {"name": "ONCOR ELECTRIC DELIVERY COMPANY LLC", "voltages_kv": [345], "miles": 0.03, "named": false}, {"name": "ONCOR ELECTRIC DELIVERY CO.", "voltages_kv": [345], "miles": 0.45, "named": false}], "circuits": [{"owner": "ONCOR ELECTRIC DELIVERY COMPANY LLC", "voltage_kv": 345, "miles": 0.03, "from_name": "", "to_name": "Tonkawa"}], "source_date": "2018-09-25"}}, {"type": "Feature", "geometry": {"type": "Point", "coordinates": [-96.77072, 32.66659]}, "properties": {"id": "302730", "name": "Unnamed tap", "type": "Tap", "status": "In service", "city": "Dallas", "county": "Dallas", "state": "Texas", "min_kv": 138, "max_kv": 138, "max_inferred": false, "min_inferred": false, "line_count": 3, "owners": [{"name": "ONCOR ELECTRIC DELIVERY CO.", "voltages_kv": [138], "miles": 0.13, "named": false}], "circuits": [], "source_date": "2017-01-17"}}, {"type": "Feature", "geometry": {"type": "Point", "coordinates": [-97.18685, 32.85125]}, "properties": {"id": "302746", "name": "Unnamed tap", "type": "Tap", "status": "In service", "city": "Hurst", "county": "Tarrant", "state": "Texas", "min_kv": 138, "max_kv": 138, "max_inferred": false, "min_inferred": false, "line_count": 3, "owners": [{"name": "ONCOR ELECTRIC DELIVERY CO.", "voltages_kv": [138], "miles": 0.0, "named": false}], "circuits": [], "source_date": "2017-05-02"}}, {"type": "Feature", "geometry": {"type": "Point", "coordinates": [-96.90773, 32.46686]}, "properties": {"id": "302754", "name": "Unnamed tap", "type": "Tap", "status": "In service", "city": "Waxahachie", "county": "Ellis", "state": "Texas", "min_kv": 138, "max_kv": 138, "max_inferred": false, "min_inferred": false, "line_count": 3, "owners": [{"name": "ONCOR ELECTRIC DELIVERY CO.", "voltages_kv": [138], "miles": 0.0, "named": false}], "circuits": [], "source_date": "2017-05-02"}}, {"type": "Feature", "geometry": {"type": "Point", "coordinates": [-97.56237, 32.41747]}, "properties": {"id": "302777", "name": "Unnamed tap", "type": "Tap", "status": "Status not published", "city": "Godley", "county": "Johnson", "state": "Texas", "min_kv": null, "max_kv": 138, "max_inferred": true, "min_inferred": false, "line_count": 3, "owners": [{"name": "ONCOR ELECTRIC DELIVERY CO.", "voltages_kv": [138], "miles": 0.0, "named": false}], "circuits": [], "source_date": "2018-10-17"}}, {"type": "Feature", "geometry": {"type": "Point", "coordinates": [-97.22451, 32.90599]}, "properties": {"id": "302432", "name": "Unnamed tap", "type": "Tap", "status": "In service", "city": "Keller", "county": "Tarrant", "state": "Texas", "min_kv": 138, "max_kv": 138, "max_inferred": false, "min_inferred": false, "line_count": 3, "owners": [{"name": "ONCOR ELECTRIC DELIVERY CO.", "voltages_kv": [138], "miles": 0.0, "named": false}], "circuits": [], "source_date": "2017-05-01"}}, {"type": "Feature", "geometry": {"type": "Point", "coordinates": [-97.12171, 32.85933]}, "properties": {"id": "302442", "name": "Unnamed tap", "type": "Tap", "status": "In service", "city": "Bedford", "county": "Tarrant", "state": "Texas", "min_kv": 138, "max_kv": 138, "max_inferred": false, "min_inferred": false, "line_count": 3, "owners": [{"name": "ONCOR ELECTRIC DELIVERY CO.", "voltages_kv": [138], "miles": 0.0, "named": false}], "circuits": [{"owner": "ONCOR ELECTRIC DELIVERY CO.", "voltage_kv": 138, "miles": 0.0, "from_name": "Bedford", "to_name": ""}], "source_date": "2016-11-03"}}, {"type": "Feature", "geometry": {"type": "Point", "coordinates": [-97.17081, 32.73119]}, "properties": {"id": "305311", "name": "Unnamed tap", "type": "Tap", "status": "In service", "city": "Arlington", "county": "Tarrant", "state": "Texas", "min_kv": 138, "max_kv": 138, "max_inferred": true, "min_inferred": true, "line_count": 3, "owners": [{"name": "ONCOR ELECTRIC DELIVERY CO.", "voltages_kv": [138], "miles": 0.0, "named": false}], "circuits": [], "source_date": "2018-07-03"}}, {"type": "Feature", "geometry": {"type": "Point", "coordinates": [-96.63393, 32.8686]}, "properties": {"id": "305318", "name": "Unnamed tap", "type": "Tap", "status": "In service", "city": "Garland", "county": "Dallas", "state": "Texas", "min_kv": 138, "max_kv": 138, "max_inferred": true, "min_inferred": true, "line_count": 3, "owners": [], "circuits": [], "source_date": "2018-10-09"}}, {"type": "Feature", "geometry": {"type": "Point", "coordinates": [-97.26115, 32.94176]}, "properties": {"id": "305327", "name": "Unnamed tap", "type": "Tap", "status": "In service", "city": "Fort Worth", "county": "Tarrant", "state": "Texas", "min_kv": 138, "max_kv": 138, "max_inferred": false, "min_inferred": false, "line_count": 3, "owners": [{"name": "ONCOR ELECTRIC DELIVERY CO.", "voltages_kv": [138], "miles": 0.0, "named": false}], "circuits": [], "source_date": "2017-05-01"}}, {"type": "Feature", "geometry": {"type": "Point", "coordinates": [-96.59526, 32.86045]}, "properties": {"id": "305344", "name": "Unnamed tap", "type": "Tap", "status": "In service", "city": "Garland", "county": "Dallas", "state": "Texas", "min_kv": 138, "max_kv": 138, "max_inferred": true, "min_inferred": true, "line_count": 2, "owners": [{"name": "ONCOR ELECTRIC DELIVERY CO.", "voltages_kv": [138], "miles": 0.0, "named": false}], "circuits": [], "source_date": "2017-12-22"}}, {"type": "Feature", "geometry": {"type": "Point", "coordinates": [-98.70072, 32.74183]}, "properties": {"id": "305365", "name": "Unnamed tap", "type": "Tap", "status": "In service", "city": "Caddo", "county": "Stephens", "state": "Texas", "min_kv": 138, "max_kv": 138, "max_inferred": false, "min_inferred": false, "line_count": 3, "owners": [{"name": "ONCOR ELECTRIC DELIVERY CO.", "voltages_kv": [138], "miles": 0.0, "named": false}], "circuits": [], "source_date": "2017-04-26"}}, {"type": "Feature", "geometry": {"type": "Point", "coordinates": [-97.26138, 32.92297]}, "properties": {"id": "305407", "name": "Unnamed tap", "type": "Tap", "status": "In service", "city": "Keller", "county": "Tarrant", "state": "Texas", "min_kv": 138, "max_kv": 138, "max_inferred": false, "min_inferred": false, "line_count": 3, "owners": [{"name": "ONCOR ELECTRIC DELIVERY CO.", "voltages_kv": [138], "miles": 0.0, "named": false}], "circuits": [], "source_date": "2017-05-01"}}, {"type": "Feature", "geometry": {"type": "Point", "coordinates": [-97.22609, 32.67465]}, "properties": {"id": "305412", "name": "Unnamed tap", "type": "Tap", "status": "In service", "city": "Arlington", "county": "Tarrant", "state": "Texas", "min_kv": 138, "max_kv": 138, "max_inferred": false, "min_inferred": false, "line_count": 3, "owners": [], "circuits": [], "source_date": "2017-05-01"}}, {"type": "Feature", "geometry": {"type": "Point", "coordinates": [-97.28406, 32.65278]}, "properties": {"id": "305431", "name": "Unnamed tap", "type": "Tap", "status": "In service", "city": "Fort Worth", "county": "Tarrant", "state": "Texas", "min_kv": 138, "max_kv": 138, "max_inferred": false, "min_inferred": false, "line_count": 3, "owners": [{"name": "ONCOR ELECTRIC DELIVERY CO.", "voltages_kv": [138], "miles": 0.0, "named": false}], "circuits": [{"owner": "ONCOR ELECTRIC DELIVERY CO.", "voltage_kv": 138, "miles": 0.0, "from_name": "Forest Hill Switching Station", "to_name": ""}], "source_date": "2019-05-02"}}, {"type": "Feature", "geometry": {"type": "Point", "coordinates": [-97.80235, 33.53888]}, "properties": {"id": "305447", "name": "Unnamed tap", "type": "Tap", "status": "In service", "city": "Bowie", "county": "Montague", "state": "Texas", "min_kv": 138, "max_kv": 138, "max_inferred": false, "min_inferred": false, "line_count": 3, "owners": [{"name": "ONCOR ELECTRIC DELIVERY CO.", "voltages_kv": [138], "miles": 0.0, "named": false}], "circuits": [], "source_date": "2019-04-30"}}, {"type": "Feature", "geometry": {"type": "Point", "coordinates": [-96.77589, 32.72575]}, "properties": {"id": "305113", "name": "Unnamed tap", "type": "Tap", "status": "In service", "city": "Dallas", "county": "Dallas", "state": "Texas", "min_kv": 138, "max_kv": 138, "max_inferred": false, "min_inferred": false, "line_count": 1, "owners": [{"name": "FARMERS ELECTRIC COOP, INC - (TX)", "voltages_kv": [345], "miles": 0.07, "named": false}, {"name": "ONCOR ELECTRIC DELIVERY CO.", "voltages_kv": [345, 138], "miles": 0.16, "named": false}], "circuits": [{"owner": "ONCOR ELECTRIC DELIVERY CO.", "voltage_kv": 345, "miles": 0.17, "from_name": "West Levee", "to_name": ""}, {"owner": "ONCOR ELECTRIC DELIVERY CO.", "voltage_kv": 138, "miles": 0.18, "from_name": "Southerland", "to_name": ""}], "source_date": "2017-01-17"}}, {"type": "Feature", "geometry": {"type": "Point", "coordinates": [-97.01389, 32.8577]}, "properties": {"id": "305135", "name": "Unnamed tap", "type": "Tap", "status": "In service", "city": "Irving", "county": "Dallas", "state": "Texas", "min_kv": 138, "max_kv": 138, "max_inferred": false, "min_inferred": false, "line_count": 3, "owners": [{"name": "ONCOR ELECTRIC DELIVERY CO.", "voltages_kv": [138], "miles": 0.0, "named": false}], "circuits": [], "source_date": "2017-01-10"}}, {"type": "Feature", "geometry": {"type": "Point", "coordinates": [-97.31936, 32.80301]}, "properties": {"id": "305148", "name": "Unnamed tap", "type": "Tap", "status": "In service", "city": "Fort Worth", "county": "Tarrant", "state": "Texas", "min_kv": null, "max_kv": 138, "max_inferred": true, "min_inferred": false, "line_count": 3, "owners": [{"name": "ONCOR ELECTRIC DELIVERY CO.", "voltages_kv": [138], "miles": 0.0, "named": false}], "circuits": [{"owner": "ONCOR ELECTRIC DELIVERY CO.", "voltage_kv": 138, "miles": 0.36, "from_name": "North Main", "to_name": ""}], "source_date": "2018-09-24"}}, {"type": "Feature", "geometry": {"type": "Point", "coordinates": [-98.92389, 33.36535]}, "properties": {"id": "305150", "name": "Unnamed tap", "type": "Tap", "status": "In service", "city": "Olney", "county": "Young", "state": "Texas", "min_kv": 138, "max_kv": 138, "max_inferred": true, "min_inferred": true, "line_count": 3, "owners": [{"name": "NOT AVAILABLE", "voltages_kv": [138], "miles": 0.0, "named": false}, {"name": "ONCOR ELECTRIC DELIVERY CO.", "voltages_kv": [138], "miles": 0.0, "named": false}], "circuits": [], "source_date": "2018-08-06"}}, {"type": "Feature", "geometry": {"type": "Point", "coordinates": [-96.68281, 32.71978]}, "properties": {"id": "305156", "name": "Unnamed tap", "type": "Tap", "status": "In service", "city": "Dallas", "county": "Dallas", "state": "Texas", "min_kv": 138, "max_kv": 138, "max_inferred": false, "min_inferred": false, "line_count": 3, "owners": [{"name": "ONCOR ELECTRIC DELIVERY CO.", "voltages_kv": [138], "miles": 0.0, "named": false}], "circuits": [{"owner": "ONCOR ELECTRIC DELIVERY CO.", "voltage_kv": 138, "miles": 0.0, "from_name": "", "to_name": "Murdock Rd"}], "source_date": "2017-01-11"}}, {"type": "Feature", "geometry": {"type": "Point", "coordinates": [-96.88787, 32.85096]}, "properties": {"id": "305160", "name": "Unnamed tap", "type": "Tap", "status": "In service", "city": "Dallas", "county": "Dallas", "state": "Texas", "min_kv": 138, "max_kv": 138, "max_inferred": false, "min_inferred": false, "line_count": 3, "owners": [{"name": "ONCOR ELECTRIC DELIVERY CO.", "voltages_kv": [138], "miles": 0.01, "named": false}], "circuits": [{"owner": "ONCOR ELECTRIC DELIVERY CO.", "voltage_kv": 138, "miles": 0.01, "from_name": "Lakemont", "to_name": ""}], "source_date": "2016-08-22"}}, {"type": "Feature", "geometry": {"type": "Point", "coordinates": [-96.72949, 32.78141]}, "properties": {"id": "305183", "name": "Unnamed tap", "type": "Tap", "status": "In service", "city": "Dallas", "county": "Dallas", "state": "Texas", "min_kv": 138, "max_kv": 138, "max_inferred": false, "min_inferred": false, "line_count": 3, "owners": [], "circuits": [], "source_date": "2017-01-11"}}, {"type": "Feature", "geometry": {"type": "Point", "coordinates": [-97.38261, 32.84079]}, "properties": {"id": "305187", "name": "Unnamed tap", "type": "Tap", "status": "In service", "city": "Fort Worth", "county": "Tarrant", "state": "Texas", "min_kv": 138, "max_kv": 138, "max_inferred": false, "min_inferred": false, "line_count": 3, "owners": [{"name": "ONCOR ELECTRIC DELIVERY CO.", "voltages_kv": [345, 138], "miles": 0.0, "named": false}], "circuits": [], "source_date": "2016-09-26"}}, {"type": "Feature", "geometry": {"type": "Point", "coordinates": [-96.91808, 32.77253]}, "properties": {"id": "305194", "name": "Unnamed tap", "type": "Tap", "status": "In service", "city": "Dallas", "county": "Dallas", "state": "Texas", "min_kv": 138, "max_kv": 138, "max_inferred": false, "min_inferred": false, "line_count": 5, "owners": [{"name": "ONCOR ELECTRIC DELIVERY CO.", "voltages_kv": [345, 138], "miles": 0.0, "named": false}], "circuits": [], "source_date": "2017-02-01"}}, {"type": "Feature", "geometry": {"type": "Point", "coordinates": [-97.26124, 32.94181]}, "properties": {"id": "305196", "name": "Unnamed tap", "type": "Tap", "status": "In service", "city": "Fort Worth", "county": "Tarrant", "state": "Texas", "min_kv": 138, "max_kv": 138, "max_inferred": false, "min_inferred": false, "line_count": 3, "owners": [{"name": "ONCOR ELECTRIC DELIVERY CO.", "voltages_kv": [138], "miles": 0.0, "named": false}], "circuits": [], "source_date": "2017-05-01"}}, {"type": "Feature", "geometry": {"type": "Point", "coordinates": [-97.15845, 32.81129]}, "properties": {"id": "305198", "name": "Unnamed tap", "type": "Tap", "status": "In service", "city": "Hurst", "county": "Tarrant", "state": "Texas", "min_kv": 138, "max_kv": 138, "max_inferred": false, "min_inferred": false, "line_count": 3, "owners": [{"name": "ONCOR ELECTRIC DELIVERY CO.", "voltages_kv": [138], "miles": 0.0, "named": false}], "circuits": [], "source_date": "2017-05-02"}}, {"type": "Feature", "geometry": {"type": "Point", "coordinates": [-96.8879, 32.8511]}, "properties": {"id": "305205", "name": "Unnamed tap", "type": "Tap", "status": "In service", "city": "Dallas", "county": "Dallas", "state": "Texas", "min_kv": 138, "max_kv": 138, "max_inferred": false, "min_inferred": false, "line_count": 3, "owners": [{"name": "ONCOR ELECTRIC DELIVERY CO.", "voltages_kv": [138], "miles": 0.0, "named": false}], "circuits": [{"owner": "ONCOR ELECTRIC DELIVERY CO.", "voltage_kv": 138, "miles": 0.0, "from_name": "Lakemont", "to_name": ""}], "source_date": "2016-08-22"}}, {"type": "Feature", "geometry": {"type": "Point", "coordinates": [-97.37912, 32.38809]}, "properties": {"id": "305210", "name": "Unnamed tap", "type": "Tap", "status": "In service", "city": "Cleburne", "county": "Johnson", "state": "Texas", "min_kv": 138, "max_kv": 138, "max_inferred": false, "min_inferred": false, "line_count": 3, "owners": [{"name": "ONCOR ELECTRIC DELIVERY CO.", "voltages_kv": [138], "miles": 0.0, "named": false}], "circuits": [{"owner": "ONCOR ELECTRIC DELIVERY CO.", "voltage_kv": 138, "miles": 0.0, "from_name": "Joshua", "to_name": ""}], "source_date": "2017-05-02"}}, {"type": "Feature", "geometry": {"type": "Point", "coordinates": [-97.07362, 32.76439]}, "properties": {"id": "305232", "name": "Unnamed tap", "type": "Tap", "status": "In service", "city": "Arlington", "county": "Tarrant", "state": "Texas", "min_kv": 138, "max_kv": 138, "max_inferred": false, "min_inferred": false, "line_count": 3, "owners": [], "circuits": [], "source_date": "2017-05-02"}}, {"type": "Feature", "geometry": {"type": "Point", "coordinates": [-96.92949, 32.74216]}, "properties": {"id": "305248", "name": "Unnamed tap", "type": "Tap", "status": "In service", "city": "Dallas", "county": "Dallas", "state": "Texas", "min_kv": 138, "max_kv": 138, "max_inferred": false, "min_inferred": false, "line_count": 3, "owners": [{"name": "ONCOR ELECTRIC DELIVERY CO.", "voltages_kv": [345, 138], "miles": 0.02, "named": false}], "circuits": [], "source_date": "2017-01-17"}}, {"type": "Feature", "geometry": {"type": "Point", "coordinates": [-96.82893, 32.80567]}, "properties": {"id": "305257", "name": "Unnamed tap", "type": "Tap", "status": "In service", "city": "Dallas", "county": "Dallas", "state": "Texas", "min_kv": 138, "max_kv": 138, "max_inferred": false, "min_inferred": false, "line_count": 3, "owners": [{"name": "ONCOR ELECTRIC DELIVERY CO.", "voltages_kv": [138], "miles": 0.0, "named": false}], "circuits": [], "source_date": "2017-01-30"}}, {"type": "Feature", "geometry": {"type": "Point", "coordinates": [-97.30407, 32.64545]}, "properties": {"id": "305269", "name": "Unnamed tap", "type": "Tap", "status": "In service", "city": "Fort Worth", "county": "Tarrant", "state": "Texas", "min_kv": 138, "max_kv": 138, "max_inferred": false, "min_inferred": false, "line_count": 3, "owners": [{"name": "ONCOR ELECTRIC DELIVERY CO.", "voltages_kv": [138], "miles": 0.0, "named": false}], "circuits": [], "source_date": "2019-05-02"}}, {"type": "Feature", "geometry": {"type": "Point", "coordinates": [-96.8812, 32.66229]}, "properties": {"id": "305270", "name": "Unnamed tap", "type": "Tap", "status": "In service", "city": "Dallas", "county": "Dallas", "state": "Texas", "min_kv": 138, "max_kv": 138, "max_inferred": false, "min_inferred": false, "line_count": 3, "owners": [], "circuits": [], "source_date": "2017-01-13"}}, {"type": "Feature", "geometry": {"type": "Point", "coordinates": [-96.59526, 32.86048]}, "properties": {"id": "308101", "name": "Unnamed tap", "type": "Tap", "status": "In service", "city": "Garland", "county": "Dallas", "state": "Texas", "min_kv": 138, "max_kv": 138, "max_inferred": false, "min_inferred": false, "line_count": 3, "owners": [{"name": "ONCOR ELECTRIC DELIVERY CO.", "voltages_kv": [138], "miles": 0.0, "named": false}], "circuits": [], "source_date": "2017-05-01"}}, {"type": "Feature", "geometry": {"type": "Point", "coordinates": [-96.72207, 32.66529]}, "properties": {"id": "308104", "name": "Unnamed tap", "type": "Tap", "status": "In service", "city": "Hutchins", "county": "Dallas", "state": "Texas", "min_kv": 138, "max_kv": 138, "max_inferred": false, "min_inferred": false, "line_count": 3, "owners": [{"name": "ONCOR ELECTRIC DELIVERY CO.", "voltages_kv": [138], "miles": 0.0, "named": false}], "circuits": [{"owner": "ONCOR ELECTRIC DELIVERY CO.", "voltage_kv": 138, "miles": 0.0, "from_name": "Murdock Rd", "to_name": ""}], "source_date": "2017-01-11"}}, {"type": "Feature", "geometry": {"type": "Point", "coordinates": [-97.15479, 32.75748]}, "properties": {"id": "308117", "name": "Unnamed tap", "type": "Tap", "status": "In service", "city": "Fort Worth", "county": "Tarrant", "state": "Texas", "min_kv": 138, "max_kv": 138, "max_inferred": true, "min_inferred": true, "line_count": 3, "owners": [{"name": "ONCOR ELECTRIC DELIVERY CO.", "voltages_kv": [138], "miles": 0.0, "named": false}], "circuits": [], "source_date": "2018-07-03"}}, {"type": "Feature", "geometry": {"type": "Point", "coordinates": [-97.22156, 32.76625]}, "properties": {"id": "308128", "name": "Unnamed tap", "type": "Tap", "status": "In service", "city": "Fort Worth", "county": "Tarrant", "state": "Texas", "min_kv": 138, "max_kv": 138, "max_inferred": true, "min_inferred": true, "line_count": 3, "owners": [{"name": "ONCOR ELECTRIC DELIVERY CO.", "voltages_kv": [138, 69], "miles": 0.0, "named": false}], "circuits": [], "source_date": "2018-09-24"}}, {"type": "Feature", "geometry": {"type": "Point", "coordinates": [-96.70004, 32.71984]}, "properties": {"id": "308152", "name": "Unnamed tap", "type": "Tap", "status": "In service", "city": "Dallas", "county": "Dallas", "state": "Texas", "min_kv": 138, "max_kv": 138, "max_inferred": false, "min_inferred": false, "line_count": 3, "owners": [{"name": "ONCOR ELECTRIC DELIVERY CO.", "voltages_kv": [138], "miles": 0.0, "named": false}], "circuits": [], "source_date": "2017-01-17"}}, {"type": "Feature", "geometry": {"type": "Point", "coordinates": [-96.82416, 32.81003]}, "properties": {"id": "307852", "name": "Unnamed tap", "type": "Tap", "status": "In service", "city": "Dallas", "county": "Dallas", "state": "Texas", "min_kv": 138, "max_kv": 138, "max_inferred": false, "min_inferred": false, "line_count": 3, "owners": [{"name": "ONCOR ELECTRIC DELIVERY CO.", "voltages_kv": [138], "miles": 0.0, "named": false}], "circuits": [], "source_date": "2017-01-30"}}, {"type": "Feature", "geometry": {"type": "Point", "coordinates": [-96.89129, 32.70458]}, "properties": {"id": "307857", "name": "Unnamed tap", "type": "Tap", "status": "In service", "city": "Dallas", "county": "Dallas", "state": "Texas", "min_kv": 138, "max_kv": 138, "max_inferred": false, "min_inferred": false, "line_count": 3, "owners": [{"name": "ONCOR ELECTRIC DELIVERY CO.", "voltages_kv": [138], "miles": 0.01, "named": false}], "circuits": [{"owner": "ONCOR ELECTRIC DELIVERY CO.", "voltage_kv": 138, "miles": 0.01, "from_name": "Westmoreland", "to_name": ""}, {"owner": "ONCOR ELECTRIC DELIVERY CO.", "voltage_kv": 138, "miles": 0.06, "from_name": "Cockrell Hill", "to_name": ""}], "source_date": "2017-01-13"}}, {"type": "Feature", "geometry": {"type": "Point", "coordinates": [-98.77715, 32.91223]}, "properties": {"id": "307864", "name": "Unnamed tap", "type": "Tap", "status": "In service", "city": "Eliasville", "county": "Stephens", "state": "Texas", "min_kv": 138, "max_kv": 138, "max_inferred": false, "min_inferred": false, "line_count": 3, "owners": [{"name": "ONCOR ELECTRIC DELIVERY CO.", "voltages_kv": [138], "miles": 0.0, "named": false}], "circuits": [], "source_date": "2017-04-26"}}, {"type": "Feature", "geometry": {"type": "Point", "coordinates": [-97.26834, 32.82963]}, "properties": {"id": "307865", "name": "Unnamed tap", "type": "Tap", "status": "In service", "city": "Haltom City", "county": "Tarrant", "state": "Texas", "min_kv": 138, "max_kv": 138, "max_inferred": false, "min_inferred": false, "line_count": 3, "owners": [{"name": "ONCOR ELECTRIC DELIVERY CO.", "voltages_kv": [138], "miles": 0.0, "named": false}], "circuits": [], "source_date": "2017-05-02"}}, {"type": "Feature", "geometry": {"type": "Point", "coordinates": [-97.79806, 33.27469]}, "properties": {"id": "307914", "name": "Unnamed tap", "type": "Tap", "status": "In service", "city": "Bridgeport", "county": "Wise", "state": "Texas", "min_kv": 138, "max_kv": 138, "max_inferred": false, "min_inferred": false, "line_count": 3, "owners": [{"name": "ONCOR ELECTRIC DELIVERY CO.", "voltages_kv": [138, 69], "miles": 0.0, "named": false}], "circuits": [], "source_date": "2019-04-30"}}, {"type": "Feature", "geometry": {"type": "Point", "coordinates": [-96.72644, 32.72914]}, "properties": {"id": "307916", "name": "Unnamed tap", "type": "Tap", "status": "In service", "city": "Dallas", "county": "Dallas", "state": "Texas", "min_kv": 138, "max_kv": 138, "max_inferred": false, "min_inferred": false, "line_count": 3, "owners": [{"name": "ONCOR ELECTRIC DELIVERY CO.", "voltages_kv": [138], "miles": 0.0, "named": false}], "circuits": [{"owner": "ONCOR ELECTRIC DELIVERY CO.", "voltage_kv": 138, "miles": 0.01, "from_name": "Parkdale Ses", "to_name": ""}], "source_date": "2017-01-17"}}, {"type": "Feature", "geometry": {"type": "Point", "coordinates": [-97.13957, 32.81268]}, "properties": {"id": "307957", "name": "Unnamed tap", "type": "Tap", "status": "In service", "city": "Fort Worth", "county": "Tarrant", "state": "Texas", "min_kv": 138, "max_kv": 138, "max_inferred": false, "min_inferred": false, "line_count": 3, "owners": [{"name": "ONCOR ELECTRIC DELIVERY CO.", "voltages_kv": [138], "miles": 0.0, "named": false}], "circuits": [], "source_date": "2019-05-02"}}, {"type": "Feature", "geometry": {"type": "Point", "coordinates": [-97.18671, 32.85133]}, "properties": {"id": "307969", "name": "Unnamed tap", "type": "Tap", "status": "In service", "city": "Hurst", "county": "Tarrant", "state": "Texas", "min_kv": 138, "max_kv": 138, "max_inferred": false, "min_inferred": false, "line_count": 3, "owners": [{"name": "ONCOR ELECTRIC DELIVERY CO.", "voltages_kv": [138], "miles": 0.0, "named": false}], "circuits": [], "source_date": "2017-05-02"}}, {"type": "Feature", "geometry": {"type": "Point", "coordinates": [-96.70839, 32.90896]}, "properties": {"id": "307986", "name": "Unnamed tap", "type": "Tap", "status": "In service", "city": "Dallas", "county": "Dallas", "state": "Texas", "min_kv": 138, "max_kv": 138, "max_inferred": true, "min_inferred": true, "line_count": 3, "owners": [], "circuits": [], "source_date": "2018-01-30"}}, {"type": "Feature", "geometry": {"type": "Point", "coordinates": [-96.84907, 32.81276]}, "properties": {"id": "307991", "name": "Unnamed tap", "type": "Tap", "status": "In service", "city": "Dallas", "county": "Dallas", "state": "Texas", "min_kv": 138, "max_kv": 138, "max_inferred": false, "min_inferred": false, "line_count": 3, "owners": [], "circuits": [], "source_date": "2017-01-17"}}, {"type": "Feature", "geometry": {"type": "Point", "coordinates": [-97.15856, 32.81124]}, "properties": {"id": "308021", "name": "Unnamed tap", "type": "Tap", "status": "In service", "city": "Hurst", "county": "Tarrant", "state": "Texas", "min_kv": 138, "max_kv": 138, "max_inferred": false, "min_inferred": false, "line_count": 3, "owners": [{"name": "ONCOR ELECTRIC DELIVERY CO.", "voltages_kv": [138], "miles": 0.0, "named": false}], "circuits": [], "source_date": "2017-05-02"}}, {"type": "Feature", "geometry": {"type": "Point", "coordinates": [-97.2003, 32.89484]}, "properties": {"id": "308024", "name": "Unnamed tap", "type": "Tap", "status": "In service", "city": "North Richland Hills", "county": "Tarrant", "state": "Texas", "min_kv": 138, "max_kv": 138, "max_inferred": false, "min_inferred": false, "line_count": 3, "owners": [{"name": "ONCOR ELECTRIC DELIVERY CO.", "voltages_kv": [138], "miles": 0.0, "named": false}], "circuits": [], "source_date": "2017-05-01"}}, {"type": "Feature", "geometry": {"type": "Point", "coordinates": [-97.12187, 32.85936]}, "properties": {"id": "308061", "name": "Unnamed tap", "type": "Tap", "status": "In service", "city": "Bedford", "county": "Tarrant", "state": "Texas", "min_kv": 138, "max_kv": 138, "max_inferred": false, "min_inferred": false, "line_count": 3, "owners": [{"name": "ONCOR ELECTRIC DELIVERY CO.", "voltages_kv": [138], "miles": 0.0, "named": false}], "circuits": [{"owner": "ONCOR ELECTRIC DELIVERY CO.", "voltage_kv": 138, "miles": 0.0, "from_name": "Bedford", "to_name": ""}], "source_date": "2016-11-03"}}, {"type": "Feature", "geometry": {"type": "Point", "coordinates": [-97.18662, 32.87907]}, "properties": {"id": "308063", "name": "Unnamed tap", "type": "Tap", "status": "In service", "city": "North Richland Hills", "county": "Tarrant", "state": "Texas", "min_kv": 138, "max_kv": 138, "max_inferred": false, "min_inferred": false, "line_count": 3, "owners": [{"name": "ONCOR ELECTRIC DELIVERY CO.", "voltages_kv": [138], "miles": 0.0, "named": false}], "circuits": [{"owner": "ONCOR ELECTRIC DELIVERY CO.", "voltage_kv": 138, "miles": 0.0, "from_name": "Colleyville", "to_name": ""}], "source_date": "2017-05-01"}}, {"type": "Feature", "geometry": {"type": "Point", "coordinates": [-96.73626, 32.97561]}, "properties": {"id": "308075", "name": "Unnamed tap", "type": "Tap", "status": "In service", "city": "Richardson", "county": "Dallas", "state": "Texas", "min_kv": 138, "max_kv": 138, "max_inferred": false, "min_inferred": false, "line_count": 3, "owners": [{"name": "ONCOR ELECTRIC DELIVERY CO.", "voltages_kv": [138], "miles": 0.0, "named": false}], "circuits": [{"owner": "ONCOR ELECTRIC DELIVERY CO.", "voltage_kv": 138, "miles": 0.0, "from_name": "Richardson Collins Boulevard", "to_name": ""}], "source_date": "2019-05-01"}}, {"type": "Feature", "geometry": {"type": "Point", "coordinates": [-96.58415, 32.65397]}, "properties": {"id": "310548", "name": "Unnamed tap", "type": "Tap", "status": "In service", "city": "Dallas", "county": "Dallas", "state": "Texas", "min_kv": 138, "max_kv": 138, "max_inferred": false, "min_inferred": false, "line_count": 3, "owners": [{"name": "ONCOR ELECTRIC DELIVERY CO.", "voltages_kv": [138], "miles": 0.0, "named": false}], "circuits": [{"owner": "ONCOR ELECTRIC DELIVERY CO.", "voltage_kv": 138, "miles": 0.0, "from_name": "Seagoville", "to_name": ""}], "source_date": "2017-01-13"}}, {"type": "Feature", "geometry": {"type": "Point", "coordinates": [-97.63065, 33.23065]}, "properties": {"id": "310605", "name": "Unnamed tap", "type": "Tap", "status": "In service", "city": "Decatur", "county": "Wise", "state": "Texas", "min_kv": 138, "max_kv": 138, "max_inferred": true, "min_inferred": true, "line_count": 4, "owners": [{"name": "ONCOR ELECTRIC DELIVERY CO.", "voltages_kv": [138, 69], "miles": 0.0, "named": false}], "circuits": [], "source_date": "2018-09-25"}}, {"type": "Feature", "geometry": {"type": "Point", "coordinates": [-96.54985, 32.90766]}, "properties": {"id": "310637", "name": "Unnamed tap", "type": "Tap", "status": "In service", "city": "Rowlett", "county": "Dallas", "state": "Texas", "min_kv": 138, "max_kv": 138, "max_inferred": false, "min_inferred": false, "line_count": 3, "owners": [{"name": "ONCOR ELECTRIC DELIVERY CO.", "voltages_kv": [138], "miles": 0.0, "named": false}], "circuits": [], "source_date": "2017-05-01"}}, {"type": "Feature", "geometry": {"type": "Point", "coordinates": [-97.0621, 33.00349]}, "properties": {"id": "310644", "name": "Unnamed tap", "type": "Tap", "status": "In service", "city": "Flower Mound", "county": "Denton", "state": "Texas", "min_kv": 138, "max_kv": 138, "max_inferred": true, "min_inferred": true, "line_count": 3, "owners": [], "circuits": [], "source_date": "2017-12-22"}}, {"type": "Feature", "geometry": {"type": "Point", "coordinates": [-97.60139, 33.2079]}, "properties": {"id": "310664", "name": "Unnamed tap", "type": "Tap", "status": "In service", "city": "Decatur", "county": "Wise", "state": "Texas", "min_kv": 138, "max_kv": 138, "max_inferred": false, "min_inferred": false, "line_count": 3, "owners": [{"name": "ONCOR ELECTRIC DELIVERY CO.", "voltages_kv": [138], "miles": 0.0, "named": false}], "circuits": [{"owner": "ONCOR ELECTRIC DELIVERY CO.", "voltage_kv": 138, "miles": 0.0, "from_name": "Rhome", "to_name": ""}], "source_date": "2019-04-30"}}, {"type": "Feature", "geometry": {"type": "Point", "coordinates": [-96.64231, 32.60861]}, "properties": {"id": "310669", "name": "Unnamed tap", "type": "Tap", "status": "In service", "city": "Hutchins", "county": "Dallas", "state": "Texas", "min_kv": 138, "max_kv": 138, "max_inferred": false, "min_inferred": false, "line_count": 3, "owners": [{"name": "ONCOR ELECTRIC DELIVERY CO.", "voltages_kv": [138], "miles": 0.0, "named": false}], "circuits": [{"owner": "ONCOR ELECTRIC DELIVERY CO.", "voltage_kv": 138, "miles": 0.0, "from_name": "Southside Wastewater Treatment Plant", "to_name": ""}], "source_date": "2017-01-13"}}, {"type": "Feature", "geometry": {"type": "Point", "coordinates": [-96.7264, 32.72921]}, "properties": {"id": "310676", "name": "Unnamed tap", "type": "Tap", "status": "In service", "city": "Dallas", "county": "Dallas", "state": "Texas", "min_kv": 138, "max_kv": 138, "max_inferred": false, "min_inferred": false, "line_count": 3, "owners": [{"name": "ONCOR ELECTRIC DELIVERY CO.", "voltages_kv": [138], "miles": 0.0, "named": false}], "circuits": [{"owner": "ONCOR ELECTRIC DELIVERY CO.", "voltage_kv": 138, "miles": 0.0, "from_name": "Parkdale Ses", "to_name": ""}], "source_date": "2017-01-17"}}, {"type": "Feature", "geometry": {"type": "Point", "coordinates": [-96.74725, 32.92566]}, "properties": {"id": "310689", "name": "Unnamed tap", "type": "Tap", "status": "In service", "city": "Dallas", "county": "Dallas", "state": "Texas", "min_kv": 138, "max_kv": 138, "max_inferred": false, "min_inferred": false, "line_count": 3, "owners": [{"name": "ONCOR ELECTRIC DELIVERY CO.", "voltages_kv": [138], "miles": 0.0, "named": false}], "circuits": [], "source_date": "2019-05-02"}}, {"type": "Feature", "geometry": {"type": "Point", "coordinates": [-97.07364, 32.76442]}, "properties": {"id": "310691", "name": "Unnamed tap", "type": "Tap", "status": "In service", "city": "Arlington", "county": "Tarrant", "state": "Texas", "min_kv": 138, "max_kv": 138, "max_inferred": true, "min_inferred": true, "line_count": 2, "owners": [], "circuits": [], "source_date": "2017-12-22"}}, {"type": "Feature", "geometry": {"type": "Point", "coordinates": [-97.28333, 32.93208]}, "properties": {"id": "310693", "name": "Unnamed tap", "type": "Tap", "status": "In service", "city": "Fort Worth", "county": "Tarrant", "state": "Texas", "min_kv": 138, "max_kv": 138, "max_inferred": false, "min_inferred": false, "line_count": 3, "owners": [{"name": "ONCOR ELECTRIC DELIVERY CO.", "voltages_kv": [138], "miles": 0.0, "named": false}], "circuits": [], "source_date": "2016-10-25"}}, {"type": "Feature", "geometry": {"type": "Point", "coordinates": [-97.26844, 32.83086]}, "properties": {"id": "310708", "name": "Unnamed tap", "type": "Tap", "status": "In service", "city": "Haltom City", "county": "Tarrant", "state": "Texas", "min_kv": 138, "max_kv": 138, "max_inferred": false, "min_inferred": false, "line_count": 3, "owners": [{"name": "ONCOR ELECTRIC DELIVERY CO.", "voltages_kv": [138], "miles": 0.0, "named": false}], "circuits": [], "source_date": "2017-05-02"}}, {"type": "Feature", "geometry": {"type": "Point", "coordinates": [-96.85397, 32.44823]}, "properties": {"id": "310714", "name": "Unnamed tap", "type": "Tap", "status": "In service", "city": "Waxahachie", "county": "Ellis", "state": "Texas", "min_kv": 138, "max_kv": 138, "max_inferred": false, "min_inferred": false, "line_count": 3, "owners": [{"name": "ONCOR ELECTRIC DELIVERY CO.", "voltages_kv": [138], "miles": 0.47, "named": false}], "circuits": [], "source_date": "2017-04-05"}}, {"type": "Feature", "geometry": {"type": "Point", "coordinates": [-96.98944, 32.81674]}, "properties": {"id": "310729", "name": "Unnamed tap", "type": "Tap", "status": "In service", "city": "Irving", "county": "Dallas", "state": "Texas", "min_kv": 138, "max_kv": 138, "max_inferred": false, "min_inferred": false, "line_count": 3, "owners": [{"name": "ONCOR ELECTRIC DELIVERY CO.", "voltages_kv": [138], "miles": 0.02, "named": false}], "circuits": [{"owner": "ONCOR ELECTRIC DELIVERY CO.", "voltage_kv": 138, "miles": 0.02, "from_name": "Liggett", "to_name": ""}], "source_date": "2017-02-01"}}, {"type": "Feature", "geometry": {"type": "Point", "coordinates": [-97.1866, 32.87919]}, "properties": {"id": "310741", "name": "Unnamed tap", "type": "Tap", "status": "In service", "city": "North Richland Hills", "county": "Tarrant", "state": "Texas", "min_kv": 138, "max_kv": 138, "max_inferred": false, "min_inferred": false, "line_count": 3, "owners": [{"name": "ONCOR ELECTRIC DELIVERY CO.", "voltages_kv": [138], "miles": 0.0, "named": false}], "circuits": [{"owner": "ONCOR ELECTRIC DELIVERY CO.", "voltage_kv": 138, "miles": 0.0, "from_name": "Colleyville", "to_name": ""}], "source_date": "2017-05-01"}}, {"type": "Feature", "geometry": {"type": "Point", "coordinates": [-96.66564, 32.90513]}, "properties": {"id": "310757", "name": "Unnamed tap", "type": "Tap", "status": "In service", "city": "Garland", "county": "Dallas", "state": "Texas", "min_kv": 138, "max_kv": 138, "max_inferred": true, "min_inferred": true, "line_count": 3, "owners": [{"name": "ONCOR ELECTRIC DELIVERY CO.", "voltages_kv": [138], "miles": 0.32, "named": false}], "circuits": [], "source_date": "2017-12-22"}}, {"type": "Feature", "geometry": {"type": "Point", "coordinates": [-97.22256, 32.8056]}, "properties": {"id": "310766", "name": "Unnamed tap", "type": "Tap", "status": "In service", "city": "Richland Hills", "county": "Tarrant", "state": "Texas", "min_kv": 138, "max_kv": 138, "max_inferred": false, "min_inferred": false, "line_count": 3, "owners": [{"name": "ONCOR ELECTRIC DELIVERY CO.", "voltages_kv": [138, 69], "miles": 0.0, "named": false}], "circuits": [], "source_date": "2017-05-02"}}, {"type": "Feature", "geometry": {"type": "Point", "coordinates": [-96.73887, 32.74415]}, "properties": {"id": "310813", "name": "Unnamed tap", "type": "Tap", "status": "In service", "city": "Dallas", "county": "Dallas", "state": "Texas", "min_kv": 138, "max_kv": 138, "max_inferred": false, "min_inferred": false, "line_count": 3, "owners": [{"name": "ONCOR ELECTRIC DELIVERY CO.", "voltages_kv": [138], "miles": 0.0, "named": false}], "circuits": [{"owner": "ONCOR ELECTRIC DELIVERY CO.", "voltage_kv": 138, "miles": 0.06, "from_name": "Parkdale Ses", "to_name": ""}], "source_date": "2017-01-17"}}, {"type": "Feature", "geometry": {"type": "Point", "coordinates": [-97.26144, 32.92287]}, "properties": {"id": "310830", "name": "Unnamed tap", "type": "Tap", "status": "In service", "city": "Keller", "county": "Tarrant", "state": "Texas", "min_kv": 138, "max_kv": 138, "max_inferred": false, "min_inferred": false, "line_count": 3, "owners": [{"name": "ONCOR ELECTRIC DELIVERY CO.", "voltages_kv": [138], "miles": 0.0, "named": false}], "circuits": [], "source_date": "2017-05-01"}}, {"type": "Feature", "geometry": {"type": "Point", "coordinates": [-98.75484, 32.46981]}, "properties": {"id": "310834", "name": "Unnamed tap", "type": "Tap", "status": "In service", "city": "Olden", "county": "Eastland", "state": "Texas", "min_kv": 138, "max_kv": 138, "max_inferred": false, "min_inferred": false, "line_count": 3, "owners": [{"name": "ONCOR ELECTRIC DELIVERY CO.", "voltages_kv": [138], "miles": 0.0, "named": false}], "circuits": [], "source_date": "2015-08-14"}}, {"type": "Feature", "geometry": {"type": "Point", "coordinates": [-97.07347, 32.7426]}, "properties": {"id": "310845", "name": "Unnamed tap", "type": "Tap", "status": "In service", "city": "Arlington", "county": "Tarrant", "state": "Texas", "min_kv": 138, "max_kv": 138, "max_inferred": false, "min_inferred": false, "line_count": 3, "owners": [], "circuits": [], "source_date": "2017-05-02"}}, {"type": "Feature", "geometry": {"type": "Point", "coordinates": [-97.27431, 32.45554]}, "properties": {"id": "310846", "name": "Unnamed tap", "type": "Tap", "status": "In service", "city": "Cleburne", "county": "Johnson", "state": "Texas", "min_kv": 138, "max_kv": 138, "max_inferred": false, "min_inferred": false, "line_count": 3, "owners": [], "circuits": [], "source_date": "2017-05-02"}}, {"type": "Feature", "geometry": {"type": "Point", "coordinates": [-96.76537, 32.90847]}, "properties": {"id": "310851", "name": "Unnamed tap", "type": "Tap", "status": "In service", "city": "Dallas", "county": "Dallas", "state": "Texas", "min_kv": 138, "max_kv": 138, "max_inferred": true, "min_inferred": true, "line_count": 3, "owners": [{"name": "ONCOR ELECTRIC DELIVERY CO.", "voltages_kv": [138], "miles": 0.0, "named": false}], "circuits": [], "source_date": "2018-09-25"}}, {"type": "Feature", "geometry": {"type": "Point", "coordinates": [-97.41525, 32.46958]}, "properties": {"id": "310872", "name": "Unnamed tap", "type": "Tap", "status": "In service", "city": "Burleson", "county": "Johnson", "state": "Texas", "min_kv": 138, "max_kv": 138, "max_inferred": false, "min_inferred": false, "line_count": 3, "owners": [{"name": "ONCOR ELECTRIC DELIVERY CO.", "voltages_kv": [138], "miles": 0.0, "named": false}], "circuits": [], "source_date": "2017-05-02"}}, {"type": "Feature", "geometry": {"type": "Point", "coordinates": [-97.37449, 32.89701]}, "properties": {"id": "306907", "name": "Wagley Robertson", "type": "Substation", "status": "In service", "city": "Fort Worth", "county": "Tarrant", "state": "Texas", "min_kv": 69, "max_kv": 138, "max_inferred": false, "min_inferred": false, "line_count": 3, "owners": [{"name": "ONCOR ELECTRIC DELIVERY CO.", "voltages_kv": [138], "miles": 0.0, "named": true}], "circuits": [{"owner": "ONCOR ELECTRIC DELIVERY CO.", "voltage_kv": 138, "miles": 0.0, "from_name": "Wagley Robertson", "to_name": ""}], "source_date": "2017-05-02"}}, {"type": "Feature", "geometry": {"type": "Point", "coordinates": [-96.78511, 32.76232]}, "properties": {"id": "305661", "name": "Wall St", "type": "Substation", "status": "In service", "city": "Dallas", "county": "Dallas", "state": "Texas", "min_kv": 69, "max_kv": 138, "max_inferred": false, "min_inferred": false, "line_count": 2, "owners": [{"name": "ONCOR ELECTRIC DELIVERY CO.", "voltages_kv": [138], "miles": 0.32, "named": false}], "circuits": [], "source_date": "2017-01-17"}}, {"type": "Feature", "geometry": {"type": "Point", "coordinates": [-96.6317, 32.91643]}, "properties": {"id": "304794", "name": "Walnut", "type": "Substation", "status": "In service", "city": "Garland", "county": "Dallas", "state": "Texas", "min_kv": 69, "max_kv": 138, "max_inferred": false, "min_inferred": false, "line_count": 3, "owners": [{"name": "ONCOR ELECTRIC DELIVERY CO.", "voltages_kv": [345, 138, 69], "miles": 0.0, "named": false}], "circuits": [{"owner": "ONCOR ELECTRIC DELIVERY CO.", "voltage_kv": 345, "miles": 0.05, "from_name": "McCree", "to_name": ""}, {"owner": "ONCOR ELECTRIC DELIVERY CO.", "voltage_kv": 69, "miles": 0.43, "from_name": "Castle", "to_name": ""}], "source_date": "2017-04-25"}}, {"type": "Feature", "geometry": {"type": "Point", "coordinates": [-96.97732, 32.86872]}, "properties": {"id": "310467", "name": "Walnut Hil", "type": "Substation", "status": "In service", "city": "Irving", "county": "Dallas", "state": "Texas", "min_kv": 69, "max_kv": 138, "max_inferred": false, "min_inferred": false, "line_count": 1, "owners": [], "circuits": [], "source_date": "2016-08-19"}}, {"type": "Feature", "geometry": {"type": "Point", "coordinates": [-97.03502, 33.04791]}, "properties": {"id": "304049", "name": "West", "type": "Substation", "status": "In service", "city": "Lewisville", "county": "Denton", "state": "Texas", "min_kv": 69, "max_kv": 138, "max_inferred": true, "min_inferred": true, "line_count": 2, "owners": [], "circuits": [], "source_date": "2017-05-02"}}, {"type": "Feature", "geometry": {"type": "Point", "coordinates": [-96.87163, 32.77769]}, "properties": {"id": "300074", "name": "West Dallas", "type": "Substation", "status": "In service", "city": "Dallas", "county": "Dallas", "state": "Texas", "min_kv": 69, "max_kv": 138, "max_inferred": false, "min_inferred": false, "line_count": 3, "owners": [], "circuits": [], "source_date": "2017-01-11"}}, {"type": "Feature", "geometry": {"type": "Point", "coordinates": [-96.90416, 32.79758]}, "properties": {"id": "305294", "name": "West Dallas Tap", "type": "Tap", "status": "In service", "city": "Dallas", "county": "Dallas", "state": "Texas", "min_kv": 138, "max_kv": 138, "max_inferred": false, "min_inferred": false, "line_count": 3, "owners": [{"name": "ONCOR ELECTRIC DELIVERY CO.", "voltages_kv": [345, 138], "miles": 0.0, "named": false}], "circuits": [{"owner": "ONCOR ELECTRIC DELIVERY CO.", "voltage_kv": 138, "miles": 0.0, "from_name": "Norwood Sw", "to_name": ""}], "source_date": "2017-01-11"}}, {"type": "Feature", "geometry": {"type": "Point", "coordinates": [-96.61844, 32.77554]}, "properties": {"id": "309772", "name": "West Mesquite", "type": "Substation", "status": "In service", "city": "Mesquite", "county": "Dallas", "state": "Texas", "min_kv": 69, "max_kv": 138, "max_inferred": false, "min_inferred": false, "line_count": 2, "owners": [{"name": "ONCOR ELECTRIC DELIVERY CO.", "voltages_kv": [138], "miles": 0.0, "named": true}], "circuits": [{"owner": "ONCOR ELECTRIC DELIVERY CO.", "voltage_kv": 138, "miles": 0.0, "from_name": "Mesquite Western Electric", "to_name": "West Mesquite"}, {"owner": "ONCOR ELECTRIC DELIVERY CO.", "voltage_kv": 138, "miles": 0.0, "from_name": "West Mesquite", "to_name": ""}], "source_date": "2017-01-11"}}, {"type": "Feature", "geometry": {"type": "Point", "coordinates": [-96.80524, 32.76603]}, "properties": {"id": "303103", "name": "West Network", "type": "Substation", "status": "In service", "city": "Dallas", "county": "Dallas", "state": "Texas", "min_kv": 69, "max_kv": 138, "max_inferred": false, "min_inferred": false, "line_count": 4, "owners": [{"name": "ONCOR ELECTRIC DELIVERY CO.", "voltages_kv": [345, 138], "miles": 0.0, "named": false}], "circuits": [{"owner": "ONCOR ELECTRIC DELIVERY CO.", "voltage_kv": 345, "miles": 0.41, "from_name": "West Levee", "to_name": ""}], "source_date": "2017-01-17"}}, {"type": "Feature", "geometry": {"type": "Point", "coordinates": [-96.87352, 32.72085]}, "properties": {"id": "306417", "name": "Westmoreland", "type": "Substation", "status": "In service", "city": "Dallas", "county": "Dallas", "state": "Texas", "min_kv": 13.8, "max_kv": 138, "max_inferred": false, "min_inferred": false, "line_count": 2, "owners": [{"name": "ONCOR ELECTRIC DELIVERY CO.", "voltages_kv": [138, 69], "miles": 0.0, "named": true}], "circuits": [{"owner": "ONCOR ELECTRIC DELIVERY CO.", "voltage_kv": 138, "miles": 0.0, "from_name": "Westmoreland", "to_name": ""}, {"owner": "ONCOR ELECTRIC DELIVERY CO.", "voltage_kv": 69, "miles": 0.0, "from_name": "Westmoreland", "to_name": ""}], "source_date": "2017-01-13"}}, {"type": "Feature", "geometry": {"type": "Point", "coordinates": [-96.87463, 32.75521]}, "properties": {"id": "301984", "name": "Westmoreland North", "type": "Substation", "status": "In service", "city": "Dallas", "county": "Dallas", "state": "Texas", "min_kv": 69, "max_kv": 138, "max_inferred": false, "min_inferred": false, "line_count": 3, "owners": [], "circuits": [], "source_date": "2017-01-17"}}, {"type": "Feature", "geometry": {"type": "Point", "coordinates": [-96.70867, 32.812]}, "properties": {"id": "308580", "name": "White Rock", "type": "Substation", "status": "In service", "city": "Dallas", "county": "Dallas", "state": "Texas", "min_kv": 69, "max_kv": 138, "max_inferred": false, "min_inferred": false, "line_count": 4, "owners": [], "circuits": [], "source_date": "2017-01-10"}}, {"type": "Feature", "geometry": {"type": "Point", "coordinates": [-96.68599, 32.58199]}, "properties": {"id": "307061", "name": "Wilmer", "type": "Substation", "status": "In service", "city": "Wilmer", "county": "Dallas", "state": "Texas", "min_kv": 69, "max_kv": 138, "max_inferred": false, "min_inferred": false, "line_count": 2, "owners": [], "circuits": [], "source_date": "2017-01-13"}}, {"type": "Feature", "geometry": {"type": "Point", "coordinates": [-96.60163, 32.86547]}, "properties": {"id": "304236", "name": "Wynn Joyce", "type": "Substation", "status": "In service", "city": "Garland", "county": "Dallas", "state": "Texas", "min_kv": 69, "max_kv": 138, "max_inferred": false, "min_inferred": false, "line_count": 3, "owners": [{"name": "ONCOR ELECTRIC DELIVERY CO.", "voltages_kv": [138], "miles": 0.0, "named": false}], "circuits": [], "source_date": "2017-05-01"}}, {"type": "Feature", "geometry": {"type": "Point", "coordinates": [-96.81371, 32.78717]}, "properties": {"id": "309021", "name": "800/900 Network", "type": "Substation", "status": "In service", "city": "Dallas", "county": "Dallas", "state": "Texas", "min_kv": 69, "max_kv": 136, "max_inferred": false, "min_inferred": false, "line_count": 8, "owners": [{"name": "ONCOR ELECTRIC DELIVERY CO.", "voltages_kv": [138], "miles": 0.0, "named": true}], "circuits": [{"owner": "ONCOR ELECTRIC DELIVERY CO.", "voltage_kv": 138, "miles": 0.0, "from_name": "800/900 Network", "to_name": ""}, {"owner": "ONCOR ELECTRIC DELIVERY CO.", "voltage_kv": 138, "miles": 0.01, "from_name": "North Network", "to_name": "Slocum Terminal"}, {"owner": "ONCOR ELECTRIC DELIVERY CO.", "voltage_kv": 138, "miles": 0.06, "from_name": "Slocum Terminal", "to_name": ""}], "source_date": "2017-01-11"}}, {"type": "Feature", "geometry": {"type": "Point", "coordinates": [-96.80134, 32.80775]}, "properties": {"id": "302151", "name": "Fairmount", "type": "Substation", "status": "In service", "city": "Dallas", "county": "Dallas", "state": "Texas", "min_kv": 69, "max_kv": 136, "max_inferred": false, "min_inferred": false, "line_count": 4, "owners": [], "circuits": [], "source_date": "2017-01-11"}}, {"type": "Feature", "geometry": {"type": "Point", "coordinates": [-96.76902, 32.84087]}, "properties": {"id": "309792", "name": "Greenville Ave", "type": "Substation", "status": "In service", "city": "Dallas", "county": "Dallas", "state": "Texas", "min_kv": 69, "max_kv": 136, "max_inferred": false, "min_inferred": false, "line_count": 8, "owners": [], "circuits": [], "source_date": "2017-01-11"}}, {"type": "Feature", "geometry": {"type": "Point", "coordinates": [-96.81273, 32.84995]}, "properties": {"id": "303925", "name": "Lomo Alto", "type": "Substation", "status": "In service", "city": "Dallas", "county": "Dallas", "state": "Texas", "min_kv": 69, "max_kv": 136, "max_inferred": false, "min_inferred": false, "line_count": 2, "owners": [{"name": "ONCOR ELECTRIC DELIVERY CO.", "voltages_kv": [138], "miles": 0.0, "named": false}], "circuits": [], "source_date": "2017-01-11"}}, {"type": "Feature", "geometry": {"type": "Point", "coordinates": [-99.22465, 32.71226]}, "properties": {"id": "304061", "name": "Unnamed substation", "type": "Substation", "status": "Status not published", "city": "Albany", "county": "Shackelford", "state": "Texas", "min_kv": 13.8, "max_kv": 115, "max_inferred": true, "min_inferred": true, "line_count": 0, "owners": [{"name": "AEP TEXAS NORTH CO.", "voltages_kv": [69], "miles": 0.0, "named": false}], "circuits": [], "source_date": "2017-04-19"}}, {"type": "Feature", "geometry": {"type": "Point", "coordinates": [-98.28087, 33.54859]}, "properties": {"id": "310306", "name": "Unnamed substation", "type": "Substation", "status": "Status not published", "city": "Henrietta", "county": "Clay", "state": "Texas", "min_kv": null, "max_kv": 115, "max_inferred": true, "min_inferred": false, "line_count": 3, "owners": [{"name": "ONCOR ELECTRIC DELIVERY CO.", "voltages_kv": [115], "miles": 0.0, "named": false}], "circuits": [], "source_date": "2018-09-18"}}, {"type": "Feature", "geometry": {"type": "Point", "coordinates": [-97.54282, 32.91683]}, "properties": {"id": "308285", "name": "Azle", "type": "Substation", "status": "In service", "city": "Azle", "county": "Tarrant", "state": "Texas", "min_kv": 69, "max_kv": 69, "max_inferred": true, "min_inferred": true, "line_count": 1, "owners": [], "circuits": [], "source_date": "2016-09-26"}}, {"type": "Feature", "geometry": {"type": "Point", "coordinates": [-97.16195, 33.22744]}, "properties": {"id": "308214", "name": "Bonnie Brae", "type": "Substation", "status": "In service", "city": "Denton", "county": "Denton", "state": "Texas", "min_kv": 69, "max_kv": 69, "max_inferred": false, "min_inferred": true, "line_count": 2, "owners": [], "circuits": [], "source_date": "2016-12-21"}}, {"type": "Feature", "geometry": {"type": "Point", "coordinates": [-97.32501, 32.70436]}, "properties": {"id": "308860", "name": "Bryan Avenue", "type": "Substation", "status": "In service", "city": "Fort Worth", "county": "Tarrant", "state": "Texas", "min_kv": 13.8, "max_kv": 69, "max_inferred": false, "min_inferred": false, "line_count": 2, "owners": [], "circuits": [], "source_date": "2017-05-02"}}, {"type": "Feature", "geometry": {"type": "Point", "coordinates": [-96.87162, 32.84788]}, "properties": {"id": "305063", "name": "Denton Dr", "type": "Substation", "status": "In service", "city": "Dallas", "county": "Dallas", "state": "Texas", "min_kv": 69, "max_kv": 69, "max_inferred": false, "min_inferred": true, "line_count": 3, "owners": [], "circuits": [], "source_date": "2017-01-17"}}, {"type": "Feature", "geometry": {"type": "Point", "coordinates": [-97.29522, 32.72537]}, "properties": {"id": "301437", "name": "Duval", "type": "Substation", "status": "In service", "city": "Fort Worth", "county": "Tarrant", "state": "Texas", "min_kv": 13.8, "max_kv": 69, "max_inferred": false, "min_inferred": false, "line_count": 3, "owners": [{"name": "ONCOR ELECTRIC DELIVERY CO.", "voltages_kv": [69], "miles": 0.0, "named": false}], "circuits": [], "source_date": "2017-05-01"}}, {"type": "Feature", "geometry": {"type": "Point", "coordinates": [-96.9852, 32.73157]}, "properties": {"id": "300771", "name": "Fish Creek 69", "type": "Substation", "status": "In service", "city": "Dallas", "county": "Dallas", "state": "Texas", "min_kv": 13.8, "max_kv": 69, "max_inferred": false, "min_inferred": false, "line_count": 4, "owners": [], "circuits": [], "source_date": "2017-01-13"}}, {"type": "Feature", "geometry": {"type": "Point", "coordinates": [-97.4527, 32.77297]}, "properties": {"id": "307166", "name": "General Dynamics", "type": "Substation", "status": "In service", "city": "Fort Worth", "county": "Tarrant", "state": "Texas", "min_kv": null, "max_kv": 69, "max_inferred": false, "min_inferred": false, "line_count": 2, "owners": [{"name": "ONCOR ELECTRIC DELIVERY CO.", "voltages_kv": [69], "miles": 0.0, "named": false}], "circuits": [], "source_date": "2017-01-18"}}, {"type": "Feature", "geometry": {"type": "Point", "coordinates": [-97.16178, 33.21519]}, "properties": {"id": "302139", "name": "Hickory", "type": "Substation", "status": "In service", "city": "Denton", "county": "Denton", "state": "Texas", "min_kv": 69, "max_kv": 69, "max_inferred": false, "min_inferred": true, "line_count": 3, "owners": [], "circuits": [], "source_date": "2015-06-15"}}, {"type": "Feature", "geometry": {"type": "Point", "coordinates": [-97.10522, 33.24856]}, "properties": {"id": "307016", "name": "Kings Row", "type": "Substation", "status": "In service", "city": "Denton", "county": "Denton", "state": "Texas", "min_kv": 69, "max_kv": 69, "max_inferred": false, "min_inferred": true, "line_count": 2, "owners": [], "circuits": [], "source_date": "2016-12-21"}}, {"type": "Feature", "geometry": {"type": "Point", "coordinates": [-97.1346, 33.20171]}, "properties": {"id": "306306", "name": "Locust", "type": "Substation", "status": "In service", "city": "Denton", "county": "Denton", "state": "Texas", "min_kv": 69, "max_kv": 69, "max_inferred": false, "min_inferred": true, "line_count": 2, "owners": [], "circuits": [], "source_date": "2016-12-21"}}, {"type": "Feature", "geometry": {"type": "Point", "coordinates": [-97.10281, 33.21367]}, "properties": {"id": "301074", "name": "McKinney", "type": "Substation", "status": "In service", "city": "Denton", "county": "Denton", "state": "Texas", "min_kv": 69, "max_kv": 69, "max_inferred": false, "min_inferred": true, "line_count": 4, "owners": [{"name": "ONCOR ELECTRIC DELIVERY CO.", "voltages_kv": [138], "miles": 0.0, "named": true}], "circuits": [{"owner": "ONCOR ELECTRIC DELIVERY CO.", "voltage_kv": 138, "miles": 0.0, "from_name": "McKinney", "to_name": ""}], "source_date": "2016-12-21"}}, {"type": "Feature", "geometry": {"type": "Point", "coordinates": [-96.8925, 32.05815]}, "properties": {"id": "304574", "name": "Mertens", "type": "Substation", "status": "In service", "city": "Mertens", "county": "Hill", "state": "Texas", "min_kv": null, "max_kv": 69, "max_inferred": true, "min_inferred": false, "line_count": 2, "owners": [{"name": "NOT AVAILABLE", "voltages_kv": [69], "miles": 0.0, "named": true}], "circuits": [{"owner": "NOT AVAILABLE", "voltage_kv": 69, "miles": 0.0, "from_name": "Mertens", "to_name": ""}], "source_date": "2017-01-18"}}, {"type": "Feature", "geometry": {"type": "Point", "coordinates": [-97.16001, 33.24959]}, "properties": {"id": "301559", "name": "North Lakes", "type": "Substation", "status": "In service", "city": "Denton", "county": "Denton", "state": "Texas", "min_kv": 69, "max_kv": 69, "max_inferred": false, "min_inferred": true, "line_count": 2, "owners": [], "circuits": [], "source_date": "2016-12-21"}}, {"type": "Feature", "geometry": {"type": "Point", "coordinates": [-97.10743, 33.19762]}, "properties": {"id": "308928", "name": "Spencer Switch", "type": "Substation", "status": "In service", "city": "Denton", "county": "Denton", "state": "Texas", "min_kv": 69, "max_kv": 69, "max_inferred": false, "min_inferred": true, "line_count": 3, "owners": [{"name": "ONCOR ELECTRIC DELIVERY CO.", "voltages_kv": [138], "miles": 0.16, "named": false}], "circuits": [{"owner": "ONCOR ELECTRIC DELIVERY CO.", "voltage_kv": 138, "miles": 0.16, "from_name": "McKinney", "to_name": ""}, {"owner": "ONCOR ELECTRIC DELIVERY CO.", "voltage_kv": 138, "miles": 0.17, "from_name": "Pockrus", "to_name": ""}], "source_date": "2016-12-21"}}, {"type": "Feature", "geometry": {"type": "Point", "coordinates": [-97.83437, 33.68464]}, "properties": {"id": "300104", "name": "Unnamed substation", "type": "Substation", "status": "Status not published", "city": "Bowie", "county": "Montague", "state": "Texas", "min_kv": null, "max_kv": 69, "max_inferred": true, "min_inferred": false, "line_count": 1, "owners": [], "circuits": [], "source_date": "2018-01-31"}}, {"type": "Feature", "geometry": {"type": "Point", "coordinates": [-97.29188, 32.28341]}, "properties": {"id": "300200", "name": "Unnamed substation", "type": "Substation", "status": "Status not published", "city": "Grandview", "county": "Johnson", "state": "Texas", "min_kv": null, "max_kv": 69, "max_inferred": true, "min_inferred": false, "line_count": 3, "owners": [{"name": "ONCOR ELECTRIC DELIVERY CO.", "voltages_kv": [69], "miles": 0.0, "named": false}], "circuits": [], "source_date": "2018-09-24"}}, {"type": "Feature", "geometry": {"type": "Point", "coordinates": [-98.02829, 31.9802]}, "properties": {"id": "300267", "name": "Unnamed substation", "type": "Substation", "status": "Status not published", "city": "Hico", "county": "Hamilton", "state": "Texas", "min_kv": null, "max_kv": 69, "max_inferred": true, "min_inferred": false, "line_count": 1, "owners": [], "circuits": [], "source_date": "2017-12-22"}}, {"type": "Feature", "geometry": {"type": "Point", "coordinates": [-96.67346, 32.89462]}, "properties": {"id": "300419", "name": "Unnamed substation", "type": "Substation", "status": "Status not published", "city": "Garland", "county": "Dallas", "state": "Texas", "min_kv": 69, "max_kv": 69, "max_inferred": true, "min_inferred": true, "line_count": 3, "owners": [{"name": "ONCOR ELECTRIC DELIVERY CO.", "voltages_kv": [138, 69], "miles": 0.0, "named": false}], "circuits": [], "source_date": "2018-09-25"}}, {"type": "Feature", "geometry": {"type": "Point", "coordinates": [-98.97924, 32.39113]}, "properties": {"id": "300466", "name": "Unnamed substation", "type": "Substation", "status": "In service", "city": "Cisco", "county": "Eastland", "state": "Texas", "min_kv": 69, "max_kv": 69, "max_inferred": false, "min_inferred": true, "line_count": 2, "owners": [{"name": "AEP TEXAS NORTH CO.", "voltages_kv": [69], "miles": 0.0, "named": false}, {"name": "ONCOR ELECTRIC DELIVERY CO.", "voltages_kv": [138], "miles": 0.0, "named": false}], "circuits": [], "source_date": "2017-04-18"}}, {"type": "Feature", "geometry": {"type": "Point", "coordinates": [-97.52602, 33.68947]}, "properties": {"id": "300926", "name": "Unnamed substation", "type": "Substation", "status": "In service", "city": "St. Jo", "county": "Montague", "state": "Texas", "min_kv": null, "max_kv": 69, "max_inferred": true, "min_inferred": false, "line_count": 2, "owners": [{"name": "ONCOR ELECTRIC DELIVERY CO.", "voltages_kv": [69], "miles": 0.0, "named": false}], "circuits": [], "source_date": "2018-09-07"}}, {"type": "Feature", "geometry": {"type": "Point", "coordinates": [-98.11438, 33.74681]}, "properties": {"id": "301098", "name": "Unnamed substation", "type": "Substation", "status": "Status not published", "city": "Henrietta", "county": "Clay", "state": "Texas", "min_kv": null, "max_kv": 69, "max_inferred": true, "min_inferred": false, "line_count": 3, "owners": [{"name": "ONCOR ELECTRIC DELIVERY CO.", "voltages_kv": [69], "miles": 0.0, "named": false}], "circuits": [], "source_date": "2018-09-18"}}, {"type": "Feature", "geometry": {"type": "Point", "coordinates": [-97.79671, 32.78215]}, "properties": {"id": "301493", "name": "Unnamed substation", "type": "Substation", "status": "In service", "city": "Weatherford", "county": "Parker", "state": "Texas", "min_kv": 69, "max_kv": 69, "max_inferred": false, "min_inferred": true, "line_count": 2, "owners": [], "circuits": [], "source_date": "2018-01-30"}}, {"type": "Feature", "geometry": {"type": "Point", "coordinates": [-98.16143, 33.1428]}, "properties": {"id": "301502", "name": "Unnamed substation", "type": "Substation", "status": "Status not published", "city": "Jacksboro", "county": "Jack", "state": "Texas", "min_kv": null, "max_kv": 69, "max_inferred": true, "min_inferred": false, "line_count": 0, "owners": [{"name": "ONCOR ELECTRIC DELIVERY CO.", "voltages_kv": [69], "miles": 0.33, "named": false}], "circuits": [], "source_date": "2018-05-09"}}, {"type": "Feature", "geometry": {"type": "Point", "coordinates": [-97.73427, 31.43825]}, "properties": {"id": "301600", "name": "Unnamed substation", "type": "Substation", "status": "Status not published", "city": "Gatesville", "county": "Coryell", "state": "Texas", "min_kv": null, "max_kv": 69, "max_inferred": true, "min_inferred": false, "line_count": 1, "owners": [], "circuits": [], "source_date": "2018-01-04"}}, {"type": "Feature", "geometry": {"type": "Point", "coordinates": [-98.88324, 32.09795]}, "properties": {"id": "301674", "name": "Unnamed substation", "type": "Substation", "status": "In service", "city": "Comanche", "county": "Eastland", "state": "Texas", "min_kv": 69, "max_kv": 69, "max_inferred": true, "min_inferred": true, "line_count": 3, "owners": [], "circuits": [], "source_date": "2017-12-22"}}, {"type": "Feature", "geometry": {"type": "Point", "coordinates": [-97.42009, 32.42808]}, "properties": {"id": "300014", "name": "Unnamed substation", "type": "Substation", "status": "Status not published", "city": "Joshua", "county": "Johnson", "state": "Texas", "min_kv": null, "max_kv": 69, "max_inferred": true, "min_inferred": false, "line_count": 3, "owners": [{"name": "ONCOR ELECTRIC DELIVERY CO.", "voltages_kv": [345, 138], "miles": 0.0, "named": false}], "circuits": [{"owner": "ONCOR ELECTRIC DELIVERY CO.", "voltage_kv": 345, "miles": 0.02, "from_name": "Johnson", "to_name": ""}], "source_date": "2018-09-24"}}, {"type": "Feature", "geometry": {"type": "Point", "coordinates": [-97.45112, 32.78339]}, "properties": {"id": "300019", "name": "Unnamed substation", "type": "Substation", "status": "In service", "city": "Fort Worth", "county": "Tarrant", "state": "Texas", "min_kv": null, "max_kv": 69, "max_inferred": true, "min_inferred": false, "line_count": 1, "owners": [{"name": "ONCOR ELECTRIC DELIVERY CO.", "voltages_kv": [69], "miles": 0.0, "named": false}], "circuits": [], "source_date": "2018-09-24"}}, {"type": "Feature", "geometry": {"type": "Point", "coordinates": [-97.38314, 32.35281]}, "properties": {"id": "302951", "name": "Unnamed substation", "type": "Substation", "status": "Status not published", "city": "Cleburne", "county": "Johnson", "state": "Texas", "min_kv": null, "max_kv": 69, "max_inferred": true, "min_inferred": false, "line_count": 2, "owners": [{"name": "ONCOR ELECTRIC DELIVERY CO.", "voltages_kv": [138], "miles": 0.0, "named": false}], "circuits": [], "source_date": "2016-10-05"}}, {"type": "Feature", "geometry": {"type": "Point", "coordinates": [-97.87052, 33.567]}, "properties": {"id": "303010", "name": "Unnamed substation", "type": "Substation", "status": "Status not published", "city": "Bowie", "county": "Montague", "state": "Texas", "min_kv": null, "max_kv": 69, "max_inferred": true, "min_inferred": false, "line_count": 3, "owners": [{"name": "ONCOR ELECTRIC DELIVERY CO.", "voltages_kv": [69], "miles": 0.0, "named": false}], "circuits": [], "source_date": "2018-09-07"}}, {"type": "Feature", "geometry": {"type": "Point", "coordinates": [-98.6602, 32.22166]}, "properties": {"id": "303211", "name": "Unnamed substation", "type": "Substation", "status": "In service", "city": "Gorman", "county": "Eastland", "state": "Texas", "min_kv": 69, "max_kv": 69, "max_inferred": false, "min_inferred": true, "line_count": 2, "owners": [], "circuits": [], "source_date": "2017-04-26"}}, {"type": "Feature", "geometry": {"type": "Point", "coordinates": [-98.665, 33.76844]}, "properties": {"id": "303233", "name": "Unnamed substation", "type": "Substation", "status": "Status not published", "city": "Holliday", "county": "Archer", "state": "Texas", "min_kv": null, "max_kv": 69, "max_inferred": true, "min_inferred": false, "line_count": 1, "owners": [{"name": "ONCOR ELECTRIC DELIVERY CO.", "voltages_kv": [138], "miles": 0.0, "named": false}], "circuits": [], "source_date": "2018-01-04"}}, {"type": "Feature", "geometry": {"type": "Point", "coordinates": [-98.71985, 33.37076]}, "properties": {"id": "301788", "name": "Unnamed substation", "type": "Substation", "status": "In service", "city": "Olney", "county": "Young", "state": "Texas", "min_kv": null, "max_kv": 69, "max_inferred": true, "min_inferred": false, "line_count": 3, "owners": [{"name": "ONCOR ELECTRIC DELIVERY CO.", "voltages_kv": [69], "miles": 0.0, "named": false}], "circuits": [], "source_date": "2017-04-25"}}, {"type": "Feature", "geometry": {"type": "Point", "coordinates": [-98.76533, 33.54722]}, "properties": {"id": "301883", "name": "Unnamed substation", "type": "Substation", "status": "Status not published", "city": "Holliday", "county": "Archer", "state": "Texas", "min_kv": 69, "max_kv": 69, "max_inferred": true, "min_inferred": true, "line_count": 1, "owners": [], "circuits": [], "source_date": "2018-01-08"}}, {"type": "Feature", "geometry": {"type": "Point", "coordinates": [-97.89465, 33.46484]}, "properties": {"id": "302088", "name": "Unnamed substation", "type": "Substation", "status": "In service", "city": "Bowie", "county": "Montague", "state": "Texas", "min_kv": 69, "max_kv": 69, "max_inferred": true, "min_inferred": true, "line_count": 4, "owners": [{"name": "ONCOR ELECTRIC DELIVERY CO.", "voltages_kv": [138], "miles": 0.0, "named": false}], "circuits": [], "source_date": "2015-08-28"}}, {"type": "Feature", "geometry": {"type": "Point", "coordinates": [-97.37154, 31.8646]}, "properties": {"id": "303311", "name": "Unnamed substation", "type": "Substation", "status": "In service", "city": "Laguna Park", "county": "Bosque", "state": "Texas", "min_kv": 69, "max_kv": 69, "max_inferred": true, "min_inferred": true, "line_count": 2, "owners": [{"name": "ONCOR ELECTRIC DELIVERY CO.", "voltages_kv": [345, 138, 69], "miles": 0.0, "named": false}], "circuits": [{"owner": "ONCOR ELECTRIC DELIVERY CO.", "voltage_kv": 345, "miles": 0.46, "from_name": "Elm Mott 345", "to_name": "Bosque"}, {"owner": "ONCOR ELECTRIC DELIVERY CO.", "voltage_kv": 138, "miles": 0.46, "from_name": "Bosque", "to_name": ""}], "source_date": "2015-08-27"}}, {"type": "Feature", "geometry": {"type": "Point", "coordinates": [-97.06013, 32.24896]}, "properties": {"id": "303353", "name": "Unnamed substation", "type": "Substation", "status": "In service", "city": "Grandview", "county": "Ellis", "state": "Texas", "min_kv": 69, "max_kv": 69, "max_inferred": true, "min_inferred": true, "line_count": 2, "owners": [], "circuits": [], "source_date": "2018-01-02"}}, {"type": "Feature", "geometry": {"type": "Point", "coordinates": [-98.46989, 32.07241]}, "properties": {"id": "303360", "name": "Unnamed substation", "type": "Substation", "status": "In service", "city": "De Leon", "county": "Comanche", "state": "Texas", "min_kv": 69, "max_kv": 69, "max_inferred": true, "min_inferred": true, "line_count": 1, "owners": [], "circuits": [], "source_date": "2018-01-30"}}, {"type": "Feature", "geometry": {"type": "Point", "coordinates": [-97.81673, 31.78503]}, "properties": {"id": "303369", "name": "Unnamed substation", "type": "Substation", "status": "Status not published", "city": "Meridian", "county": "Bosque", "state": "Texas", "min_kv": null, "max_kv": 69, "max_inferred": true, "min_inferred": false, "line_count": 1, "owners": [], "circuits": [], "source_date": "2017-07-24"}}, {"type": "Feature", "geometry": {"type": "Point", "coordinates": [-98.10001, 32.80419]}, "properties": {"id": "302232", "name": "Unnamed substation", "type": "Substation", "status": "Status not published", "city": "Mineral Wells", "county": "Palo Pinto", "state": "Texas", "min_kv": null, "max_kv": 69, "max_inferred": true, "min_inferred": false, "line_count": 3, "owners": [], "circuits": [], "source_date": "2017-12-22"}}, {"type": "Feature", "geometry": {"type": "Point", "coordinates": [-97.72477, 33.78862]}, "properties": {"id": "302300", "name": "Unnamed substation", "type": "Substation", "status": "Status not published", "city": "Nocona", "county": "Montague", "state": "Texas", "min_kv": null, "max_kv": 69, "max_inferred": true, "min_inferred": false, "line_count": 1, "owners": [{"name": "ONCOR ELECTRIC DELIVERY CO.", "voltages_kv": [69], "miles": 0.0, "named": false}], "circuits": [], "source_date": "2017-12-22"}}, {"type": "Feature", "geometry": {"type": "Point", "coordinates": [-98.37802, 33.16882]}, "properties": {"id": "302375", "name": "Unnamed substation", "type": "Substation", "status": "In service", "city": "Bryson", "county": "Jack", "state": "Texas", "min_kv": null, "max_kv": 69, "max_inferred": true, "min_inferred": false, "line_count": 1, "owners": [{"name": "ONCOR ELECTRIC DELIVERY CO.", "voltages_kv": [69], "miles": 0.0, "named": false}], "circuits": [], "source_date": "2018-09-18"}}, {"type": "Feature", "geometry": {"type": "Point", "coordinates": [-98.19023, 31.98351]}, "properties": {"id": "305672", "name": "Unnamed substation", "type": "Substation", "status": "Status not published", "city": "Dublin", "county": "Erath", "state": "Texas", "min_kv": null, "max_kv": 69, "max_inferred": true, "min_inferred": false, "line_count": 1, "owners": [{"name": "ONCOR ELECTRIC DELIVERY CO.", "voltages_kv": [69], "miles": 0.0, "named": false}], "circuits": [], "source_date": "2017-12-22"}}, {"type": "Feature", "geometry": {"type": "Point", "coordinates": [-96.75593, 32.29787]}, "properties": {"id": "303702", "name": "Unnamed substation", "type": "Substation", "status": "Status not published", "city": "Bardwell", "county": "Ellis", "state": "Texas", "min_kv": null, "max_kv": 69, "max_inferred": true, "min_inferred": false, "line_count": 1, "owners": [{"name": "ONCOR ELECTRIC DELIVERY CO.", "voltages_kv": [138], "miles": 0.0, "named": false}], "circuits": [], "source_date": "2015-10-12"}}, {"type": "Feature", "geometry": {"type": "Point", "coordinates": [-97.92667, 32.9201]}, "properties": {"id": "304480", "name": "Unnamed substation", "type": "Substation", "status": "Status not published", "city": "Poolville", "county": "Parker", "state": "Texas", "min_kv": 69, "max_kv": 69, "max_inferred": true, "min_inferred": true, "line_count": 1, "owners": [], "circuits": [], "source_date": "2017-12-22"}}, {"type": "Feature", "geometry": {"type": "Point", "coordinates": [-98.63651, 32.49853]}, "properties": {"id": "304513", "name": "Unnamed substation", "type": "Substation", "status": "In service", "city": "Tiffin", "county": "Eastland", "state": "Texas", "min_kv": 69, "max_kv": 69, "max_inferred": false, "min_inferred": true, "line_count": 2, "owners": [{"name": "ONCOR ELECTRIC DELIVERY CO.", "voltages_kv": [69], "miles": 0.0, "named": false}], "circuits": [], "source_date": "2017-04-26"}}, {"type": "Feature", "geometry": {"type": "Point", "coordinates": [-99.01036, 32.27197]}, "properties": {"id": "304124", "name": "Unnamed substation", "type": "Substation", "status": "In service", "city": "Cisco", "county": "Eastland", "state": "Texas", "min_kv": 69, "max_kv": 69, "max_inferred": true, "min_inferred": true, "line_count": 1, "owners": [], "circuits": [], "source_date": "2017-04-19"}}, {"type": "Feature", "geometry": {"type": "Point", "coordinates": [-97.31946, 31.95044]}, "properties": {"id": "304999", "name": "Unnamed substation", "type": "Substation", "status": "Status not published", "city": "Whitney", "county": "Hill", "state": "Texas", "min_kv": null, "max_kv": 69, "max_inferred": true, "min_inferred": false, "line_count": 0, "owners": [], "circuits": [], "source_date": "2018-01-08"}}, {"type": "Feature", "geometry": {"type": "Point", "coordinates": [-97.95496, 33.10268]}, "properties": {"id": "304622", "name": "Unnamed substation", "type": "Substation", "status": "In service", "city": "Joplin", "county": "Jack", "state": "Texas", "min_kv": 69, "max_kv": 69, "max_inferred": true, "min_inferred": true, "line_count": 3, "owners": [{"name": "ONCOR ELECTRIC DELIVERY CO.", "voltages_kv": [345, 138, 69], "miles": 0.0, "named": false}], "circuits": [], "source_date": "2015-06-11"}}, {"type": "Feature", "geometry": {"type": "Point", "coordinates": [-96.83589, 32.44255]}, "properties": {"id": "305038", "name": "Unnamed substation", "type": "Substation", "status": "In service", "city": "Waxahachie", "county": "Ellis", "state": "Texas", "min_kv": 69, "max_kv": 69, "max_inferred": true, "min_inferred": true, "line_count": 1, "owners": [], "circuits": [], "source_date": "2018-08-06"}}, {"type": "Feature", "geometry": {"type": "Point", "coordinates": [-97.97979, 32.69866]}, "properties": {"id": "304234", "name": "Unnamed substation", "type": "Substation", "status": "Status not published", "city": "Millsap", "county": "Parker", "state": "Texas", "min_kv": null, "max_kv": 69, "max_inferred": true, "min_inferred": false, "line_count": 1, "owners": [{"name": "ONCOR ELECTRIC DELIVERY CO.", "voltages_kv": [138], "miles": 0.0, "named": false}], "circuits": [], "source_date": "2018-01-08"}}, {"type": "Feature", "geometry": {"type": "Point", "coordinates": [-99.29264, 32.72364]}, "properties": {"id": "304655", "name": "Unnamed substation", "type": "Substation", "status": "In service", "city": "Albany", "county": "Shackelford", "state": "Texas", "min_kv": null, "max_kv": 69, "max_inferred": true, "min_inferred": false, "line_count": 2, "owners": [{"name": "AEP TEXAS NORTH CO.", "voltages_kv": [69], "miles": 0.0, "named": false}, {"name": "NOT AVAILABLE", "voltages_kv": [69], "miles": 0.0, "named": false}], "circuits": [], "source_date": "2018-09-07"}}, {"type": "Feature", "geometry": {"type": "Point", "coordinates": [-97.85265, 33.55817]}, "properties": {"id": "305058", "name": "Unnamed substation", "type": "Substation", "status": "In service", "city": "Bowie", "county": "Montague", "state": "Texas", "min_kv": null, "max_kv": 69, "max_inferred": true, "min_inferred": false, "line_count": 2, "owners": [{"name": "ONCOR ELECTRIC DELIVERY CO.", "voltages_kv": [69], "miles": 0.0, "named": false}], "circuits": [], "source_date": "2018-09-07"}}, {"type": "Feature", "geometry": {"type": "Point", "coordinates": [-97.32238, 32.67384]}, "properties": {"id": "304247", "name": "Unnamed substation", "type": "Substation", "status": "In service", "city": "Fort Worth", "county": "Tarrant", "state": "Texas", "min_kv": 69, "max_kv": 69, "max_inferred": false, "min_inferred": true, "line_count": 2, "owners": [], "circuits": [], "source_date": "2017-05-01"}}, {"type": "Feature", "geometry": {"type": "Point", "coordinates": [-97.59086, 31.78677]}, "properties": {"id": "304714", "name": "Unnamed substation", "type": "Substation", "status": "Status not published", "city": "Clifton", "county": "Bosque", "state": "Texas", "min_kv": null, "max_kv": 69, "max_inferred": true, "min_inferred": false, "line_count": 1, "owners": [{"name": "ONCOR ELECTRIC DELIVERY CO.", "voltages_kv": [138, 69], "miles": 0.0, "named": false}], "circuits": [], "source_date": "2017-12-22"}}, {"type": "Feature", "geometry": {"type": "Point", "coordinates": [-96.54938, 32.76768]}, "properties": {"id": "305831", "name": "Unnamed substation", "type": "Substation", "status": "Status not published", "city": "Sunnyvale", "county": "Dallas", "state": "Texas", "min_kv": null, "max_kv": 69, "max_inferred": true, "min_inferred": false, "line_count": 0, "owners": [], "circuits": [], "source_date": "2017-04-11"}}, {"type": "Feature", "geometry": {"type": "Point", "coordinates": [-97.62155, 31.3786]}, "properties": {"id": "305834", "name": "Unnamed substation", "type": "Substation", "status": "In service", "city": "Gatesville", "county": "Coryell", "state": "Texas", "min_kv": null, "max_kv": 69, "max_inferred": true, "min_inferred": false, "line_count": 4, "owners": [{"name": "ONCOR ELECTRIC DELIVERY CO.", "voltages_kv": [138, 69], "miles": 0.0, "named": false}], "circuits": [], "source_date": "2018-09-10"}}, {"type": "Feature", "geometry": {"type": "Point", "coordinates": [-96.98221, 32.18353]}, "properties": {"id": "306936", "name": "Unnamed substation", "type": "Substation", "status": "Status not published", "city": "Milford", "county": "Ellis", "state": "Texas", "min_kv": null, "max_kv": 69, "max_inferred": true, "min_inferred": false, "line_count": 1, "owners": [{"name": "ONCOR ELECTRIC DELIVERY CO.", "voltages_kv": [69], "miles": 0.0, "named": false}], "circuits": [], "source_date": "2018-01-30"}}, {"type": "Feature", "geometry": {"type": "Point", "coordinates": [-98.65392, 33.0058]}, "properties": {"id": "307014", "name": "Unnamed substation", "type": "Substation", "status": "In service", "city": "South Bend", "county": "Young", "state": "Texas", "min_kv": 13.8, "max_kv": 69, "max_inferred": false, "min_inferred": false, "line_count": 2, "owners": [{"name": "ONCOR ELECTRIC DELIVERY CO.", "voltages_kv": [138], "miles": 0.0, "named": false}], "circuits": [], "source_date": "2017-04-26"}}, {"type": "Feature", "geometry": {"type": "Point", "coordinates": [-98.25981, 33.83405]}, "properties": {"id": "307178", "name": "Unnamed substation", "type": "Substation", "status": "Status not published", "city": "Henrietta", "county": "Clay", "state": "Texas", "min_kv": null, "max_kv": 69, "max_inferred": true, "min_inferred": false, "line_count": 3, "owners": [{"name": "ONCOR ELECTRIC DELIVERY CO.", "voltages_kv": [69], "miles": 0.0, "named": false}], "circuits": [], "source_date": "2018-09-18"}}, {"type": "Feature", "geometry": {"type": "Point", "coordinates": [-97.42673, 33.7197]}, "properties": {"id": "307209", "name": "Unnamed substation", "type": "Substation", "status": "In service", "city": "Muenster", "county": "Cooke", "state": "Texas", "min_kv": null, "max_kv": 69, "max_inferred": true, "min_inferred": false, "line_count": 1, "owners": [], "circuits": [], "source_date": "2017-12-22"}}, {"type": "Feature", "geometry": {"type": "Point", "coordinates": [-96.73681, 32.45602]}, "properties": {"id": "306502", "name": "Unnamed substation", "type": "Substation", "status": "Status not published", "city": "Palmer", "county": "Ellis", "state": "Texas", "min_kv": 69, "max_kv": 69, "max_inferred": true, "min_inferred": true, "line_count": 2, "owners": [], "circuits": [], "source_date": "2018-01-08"}}, {"type": "Feature", "geometry": {"type": "Point", "coordinates": [-97.65863, 31.93041]}, "properties": {"id": "307296", "name": "Unnamed substation", "type": "Substation", "status": "Status not published", "city": "Meridian", "county": "Bosque", "state": "Texas", "min_kv": null, "max_kv": 69, "max_inferred": true, "min_inferred": false, "line_count": 0, "owners": [], "circuits": [], "source_date": "2017-12-22"}}, {"type": "Feature", "geometry": {"type": "Point", "coordinates": [-96.73328, 32.30631]}, "properties": {"id": "307305", "name": "Unnamed substation", "type": "Substation", "status": "In service", "city": "Ennis", "county": "Ellis", "state": "Texas", "min_kv": 69, "max_kv": 69, "max_inferred": true, "min_inferred": true, "line_count": 2, "owners": [{"name": "ONCOR ELECTRIC DELIVERY CO.", "voltages_kv": [138], "miles": 0.07, "named": false}, {"name": "ONCOR ELECTRIC DELIVERY COMPANY LLC", "voltages_kv": [345], "miles": 0.34, "named": false}], "circuits": [], "source_date": "2018-10-11"}}, {"type": "Feature", "geometry": {"type": "Point", "coordinates": [-98.6111, 33.13451]}, "properties": {"id": "306212", "name": "Unnamed substation", "type": "Substation", "status": "In service", "city": "Graham", "county": "Young", "state": "Texas", "min_kv": null, "max_kv": 69, "max_inferred": false, "min_inferred": false, "line_count": 8, "owners": [{"name": "ONCOR ELECTRIC DELIVERY CO.", "voltages_kv": [345, 138, 69], "miles": 0.0, "named": false}, {"name": "FORT BELKNAP ELECTRIC COOP INC", "voltages_kv": [345], "miles": 0.04, "named": false}, {"name": "ONCOR ELECTRIC DELIVERY COMPANY LLC", "voltages_kv": [345], "miles": 0.04, "named": false}], "circuits": [{"owner": "ONCOR ELECTRIC DELIVERY COMPANY LLC", "voltage_kv": 345, "miles": 0.04, "from_name": "", "to_name": "Tonkawa"}], "source_date": "2015-06-11"}}, {"type": "Feature", "geometry": {"type": "Point", "coordinates": [-96.62516, 32.91279]}, "properties": {"id": "307404", "name": "Unnamed substation", "type": "Substation", "status": "In service", "city": "Garland", "county": "Dallas", "state": "Texas", "min_kv": 69, "max_kv": 69, "max_inferred": false, "min_inferred": true, "line_count": 3, "owners": [{"name": "ONCOR ELECTRIC DELIVERY CO.", "voltages_kv": [138, 69], "miles": 0.0, "named": false}], "circuits": [{"owner": "ONCOR ELECTRIC DELIVERY CO.", "voltage_kv": 69, "miles": 0.0, "from_name": "Castle", "to_name": ""}], "source_date": "2015-08-27"}}, {"type": "Feature", "geometry": {"type": "Point", "coordinates": [-97.26973, 32.46872]}, "properties": {"id": "306246", "name": "Unnamed substation", "type": "Substation", "status": "In service", "city": "Burleson", "county": "Johnson", "state": "Texas", "min_kv": null, "max_kv": 69, "max_inferred": true, "min_inferred": false, "line_count": 1, "owners": [{"name": "ONCOR ELECTRIC DELIVERY CO.", "voltages_kv": [69], "miles": 0.0, "named": false}], "circuits": [{"owner": "ONCOR ELECTRIC DELIVERY CO.", "voltage_kv": 69, "miles": 0.0, "from_name": "Lillian", "to_name": ""}], "source_date": "2018-10-16"}}, {"type": "Feature", "geometry": {"type": "Point", "coordinates": [-96.98262, 32.31937]}, "properties": {"id": "307459", "name": "Unnamed substation", "type": "Substation", "status": "In service", "city": "Maypearl", "county": "Ellis", "state": "Texas", "min_kv": 69, "max_kv": 69, "max_inferred": true, "min_inferred": true, "line_count": 1, "owners": [], "circuits": [], "source_date": "2018-01-08"}}, {"type": "Feature", "geometry": {"type": "Point", "coordinates": [-97.37527, 32.31097]}, "properties": {"id": "306325", "name": "Unnamed substation", "type": "Substation", "status": "In service", "city": "Cleburne", "county": "Johnson", "state": "Texas", "min_kv": null, "max_kv": 69, "max_inferred": true, "min_inferred": false, "line_count": 4, "owners": [{"name": "ONCOR ELECTRIC DELIVERY CO.", "voltages_kv": [138], "miles": 0.0, "named": false}], "circuits": [], "source_date": "2018-09-24"}}, {"type": "Feature", "geometry": {"type": "Point", "coordinates": [-97.70869, 31.41458]}, "properties": {"id": "306739", "name": "Unnamed substation", "type": "Substation", "status": "Status not published", "city": "Gatesville", "county": "Coryell", "state": "Texas", "min_kv": null, "max_kv": 69, "max_inferred": true, "min_inferred": false, "line_count": 1, "owners": [], "circuits": [], "source_date": "2017-12-22"}}, {"type": "Feature", "geometry": {"type": "Point", "coordinates": [-98.25784, 32.9398]}, "properties": {"id": "307629", "name": "Unnamed substation", "type": "Substation", "status": "Status not published", "city": "Graford", "county": "Palo Pinto", "state": "Texas", "min_kv": null, "max_kv": 69, "max_inferred": true, "min_inferred": false, "line_count": 1, "owners": [{"name": "ONCOR ELECTRIC DELIVERY CO.", "voltages_kv": [69], "miles": 0.0, "named": false}], "circuits": [], "source_date": "2018-01-30"}}, {"type": "Feature", "geometry": {"type": "Point", "coordinates": [-98.12202, 33.14048]}, "properties": {"id": "306781", "name": "Unnamed substation", "type": "Substation", "status": "Status not published", "city": "Perrin", "county": "Jack", "state": "Texas", "min_kv": null, "max_kv": 69, "max_inferred": true, "min_inferred": false, "line_count": 1, "owners": [{"name": "ONCOR ELECTRIC DELIVERY CO.", "voltages_kv": [69], "miles": 0.0, "named": false}], "circuits": [], "source_date": "2017-12-22"}}, {"type": "Feature", "geometry": {"type": "Point", "coordinates": [-99.23478, 32.66538]}, "properties": {"id": "306460", "name": "Unnamed substation", "type": "Substation", "status": "In service", "city": "Albany", "county": "Shackelford", "state": "Texas", "min_kv": null, "max_kv": 69, "max_inferred": true, "min_inferred": false, "line_count": 2, "owners": [{"name": "AEP TEXAS NORTH CO.", "voltages_kv": [69], "miles": 0.0, "named": false}], "circuits": [], "source_date": "2018-09-07"}}, {"type": "Feature", "geometry": {"type": "Point", "coordinates": [-98.42025, 32.51725]}, "properties": {"id": "308506", "name": "Unnamed substation", "type": "Substation", "status": "In service", "city": "Mingus", "county": "Palo Pinto", "state": "Texas", "min_kv": 69, "max_kv": 69, "max_inferred": false, "min_inferred": true, "line_count": 1, "owners": [{"name": "ONCOR ELECTRIC DELIVERY CO.", "voltages_kv": [69], "miles": 0.0, "named": false}], "circuits": [], "source_date": "2017-04-26"}}, {"type": "Feature", "geometry": {"type": "Point", "coordinates": [-98.26037, 33.83426]}, "properties": {"id": "308657", "name": "Unnamed substation", "type": "Substation", "status": "Status not published", "city": "Henrietta", "county": "Clay", "state": "Texas", "min_kv": null, "max_kv": 69, "max_inferred": true, "min_inferred": false, "line_count": 3, "owners": [{"name": "ONCOR ELECTRIC DELIVERY CO.", "voltages_kv": [69], "miles": 0.0, "named": false}], "circuits": [], "source_date": "2018-09-18"}}, {"type": "Feature", "geometry": {"type": "Point", "coordinates": [-97.23059, 33.79386]}, "properties": {"id": "308678", "name": "Unnamed substation", "type": "Substation", "status": "Status not published", "city": "Gainesville", "county": "Cooke", "state": "Texas", "min_kv": null, "max_kv": 69, "max_inferred": true, "min_inferred": false, "line_count": 1, "owners": [{"name": "ONCOR ELECTRIC DELIVERY CO.", "voltages_kv": [138], "miles": 0.0, "named": false}], "circuits": [], "source_date": "2017-12-22"}}, {"type": "Feature", "geometry": {"type": "Point", "coordinates": [-97.73798, 31.47194]}, "properties": {"id": "309035", "name": "Unnamed substation", "type": "Substation", "status": "Status not published", "city": "Gatesville", "county": "Coryell", "state": "Texas", "min_kv": null, "max_kv": 69, "max_inferred": true, "min_inferred": false, "line_count": 1, "owners": [{"name": "ONCOR ELECTRIC DELIVERY CO.", "voltages_kv": [69], "miles": 0.0, "named": false}], "circuits": [], "source_date": "2017-12-22"}}, {"type": "Feature", "geometry": {"type": "Point", "coordinates": [-97.58377, 31.43749]}, "properties": {"id": "309037", "name": "Unnamed substation", "type": "Substation", "status": "Status not published", "city": "Oglesby", "county": "Coryell", "state": "Texas", "min_kv": null, "max_kv": 69, "max_inferred": true, "min_inferred": false, "line_count": 0, "owners": [], "circuits": [], "source_date": "2018-01-24"}}, {"type": "Feature", "geometry": {"type": "Point", "coordinates": [-97.58527, 31.71055]}, "properties": {"id": "309047", "name": "Unnamed substation", "type": "Substation", "status": "In service", "city": "Valley Mills", "county": "Bosque", "state": "Texas", "min_kv": null, "max_kv": 69, "max_inferred": true, "min_inferred": false, "line_count": 1, "owners": [{"name": "ONCOR ELECTRIC DELIVERY CO.", "voltages_kv": [69], "miles": 0.0, "named": false}], "circuits": [], "source_date": "2018-08-06"}}, {"type": "Feature", "geometry": {"type": "Point", "coordinates": [-97.22, 32.72962]}, "properties": {"id": "309049", "name": "Unnamed substation", "type": "Substation", "status": "In service", "city": "Fort Worth", "county": "Tarrant", "state": "Texas", "min_kv": 69, "max_kv": 69, "max_inferred": false, "min_inferred": false, "line_count": 3, "owners": [{"name": "ONCOR ELECTRIC DELIVERY CO.", "voltages_kv": [138, 69], "miles": 0.0, "named": false}], "circuits": [], "source_date": "2019-05-02"}}, {"type": "Feature", "geometry": {"type": "Point", "coordinates": [-97.29382, 32.6944]}, "properties": {"id": "309484", "name": "Unnamed substation", "type": "Substation", "status": "In service", "city": "Fort Worth", "county": "Tarrant", "state": "Texas", "min_kv": 13.8, "max_kv": 69, "max_inferred": false, "min_inferred": false, "line_count": 3, "owners": [], "circuits": [], "source_date": "2017-05-01"}}, {"type": "Feature", "geometry": {"type": "Point", "coordinates": [-98.14694, 32.93305]}, "properties": {"id": "309499", "name": "Unnamed substation", "type": "Substation", "status": "In service", "city": "Graford", "county": "Palo Pinto", "state": "Texas", "min_kv": null, "max_kv": 69, "max_inferred": true, "min_inferred": false, "line_count": 5, "owners": [{"name": "ONCOR ELECTRIC DELIVERY CO.", "voltages_kv": [69], "miles": 0.0, "named": false}], "circuits": [], "source_date": "2018-09-17"}}, {"type": "Feature", "geometry": {"type": "Point", "coordinates": [-97.40223, 32.32033]}, "properties": {"id": "309625", "name": "Unnamed substation", "type": "Substation", "status": "In service", "city": "Cleburne", "county": "Johnson", "state": "Texas", "min_kv": 69, "max_kv": 69, "max_inferred": true, "min_inferred": true, "line_count": 1, "owners": [], "circuits": [], "source_date": "2015-06-11"}}, {"type": "Feature", "geometry": {"type": "Point", "coordinates": [-97.55237, 31.73067]}, "properties": {"id": "309680", "name": "Unnamed substation", "type": "Substation", "status": "Status not published", "city": "Valley Mills", "county": "Bosque", "state": "Texas", "min_kv": null, "max_kv": 69, "max_inferred": true, "min_inferred": false, "line_count": 3, "owners": [{"name": "ONCOR ELECTRIC DELIVERY CO.", "voltages_kv": [69], "miles": 0.0, "named": false}], "circuits": [], "source_date": "2018-01-08"}}, {"type": "Feature", "geometry": {"type": "Point", "coordinates": [-98.12124, 31.70686]}, "properties": {"id": "309153", "name": "Unnamed substation", "type": "Substation", "status": "Status not published", "city": "Hamilton", "county": "Hamilton", "state": "Texas", "min_kv": null, "max_kv": 69, "max_inferred": true, "min_inferred": false, "line_count": 2, "owners": [{"name": "NOT AVAILABLE", "voltages_kv": [138], "miles": 0.0, "named": false}], "circuits": [], "source_date": "2018-01-24"}}, {"type": "Feature", "geometry": {"type": "Point", "coordinates": [-99.16338, 32.54637]}, "properties": {"id": "307839", "name": "Unnamed substation", "type": "Substation", "status": "Status not published", "city": "Moran", "county": "Shackelford", "state": "Texas", "min_kv": null, "max_kv": 69, "max_inferred": true, "min_inferred": false, "line_count": 2, "owners": [{"name": "AEP TEXAS NORTH CO.", "voltages_kv": [69], "miles": 0.0, "named": false}], "circuits": [], "source_date": "2017-04-19"}}, {"type": "Feature", "geometry": {"type": "Point", "coordinates": [-98.41898, 31.66252]}, "properties": {"id": "309209", "name": "Unnamed substation", "type": "Substation", "status": "Status not published", "city": "Hamilton", "county": "Hamilton", "state": "Texas", "min_kv": null, "max_kv": 69, "max_inferred": true, "min_inferred": false, "line_count": 1, "owners": [], "circuits": [], "source_date": "2018-01-08"}}, {"type": "Feature", "geometry": {"type": "Point", "coordinates": [-98.64093, 32.47199]}, "properties": {"id": "309220", "name": "Unnamed substation", "type": "Substation", "status": "In service", "city": "Tiffin", "county": "Eastland", "state": "Texas", "min_kv": 69, "max_kv": 69, "max_inferred": false, "min_inferred": true, "line_count": 2, "owners": [{"name": "ONCOR ELECTRIC DELIVERY CO.", "voltages_kv": [69], "miles": 0.0, "named": false}], "circuits": [], "source_date": "2017-04-26"}}, {"type": "Feature", "geometry": {"type": "Point", "coordinates": [-96.61139, 32.93691]}, "properties": {"id": "308373", "name": "Unnamed substation", "type": "Substation", "status": "In service", "city": "Garland", "county": "Dallas", "state": "Texas", "min_kv": 69, "max_kv": 69, "max_inferred": false, "min_inferred": false, "line_count": 2, "owners": [{"name": "ONCOR ELECTRIC DELIVERY CO.", "voltages_kv": [69], "miles": 0.0, "named": false}], "circuits": [{"owner": "ONCOR ELECTRIC DELIVERY CO.", "voltage_kv": 69, "miles": 0.0, "from_name": "Castle", "to_name": ""}], "source_date": "2015-07-07"}}, {"type": "Feature", "geometry": {"type": "Point", "coordinates": [-98.64152, 32.49852]}, "properties": {"id": "308468", "name": "Unnamed substation", "type": "Substation", "status": "Status not published", "city": "Ranger", "county": "Eastland", "state": "Texas", "min_kv": null, "max_kv": 69, "max_inferred": true, "min_inferred": false, "line_count": 3, "owners": [{"name": "ONCOR ELECTRIC DELIVERY CO.", "voltages_kv": [69], "miles": 0.0, "named": false}], "circuits": [], "source_date": "2018-09-18"}}, {"type": "Feature", "geometry": {"type": "Point", "coordinates": [-98.16515, 33.14815]}, "properties": {"id": "310302", "name": "Unnamed substation", "type": "Substation", "status": "Status not published", "city": "Jacksboro", "county": "Jack", "state": "Texas", "min_kv": null, "max_kv": 69, "max_inferred": true, "min_inferred": false, "line_count": 3, "owners": [{"name": "ONCOR ELECTRIC DELIVERY CO.", "voltages_kv": [69], "miles": 0.0, "named": false}], "circuits": [], "source_date": "2018-09-11"}}, {"type": "Feature", "geometry": {"type": "Point", "coordinates": [-97.74649, 31.43924]}, "properties": {"id": "310369", "name": "Unnamed substation", "type": "Substation", "status": "Status not published", "city": "Gatesville", "county": "Coryell", "state": "Texas", "min_kv": null, "max_kv": 69, "max_inferred": true, "min_inferred": false, "line_count": 1, "owners": [{"name": "ONCOR ELECTRIC DELIVERY CO.", "voltages_kv": [69], "miles": 0.0, "named": false}], "circuits": [], "source_date": "2017-12-22"}}, {"type": "Feature", "geometry": {"type": "Point", "coordinates": [-96.70382, 32.31278]}, "properties": {"id": "310381", "name": "Unnamed substation", "type": "Substation", "status": "Status not published", "city": "Ennis", "county": "Ellis", "state": "Texas", "min_kv": null, "max_kv": 69, "max_inferred": true, "min_inferred": false, "line_count": 3, "owners": [{"name": "ONCOR ELECTRIC DELIVERY CO.", "voltages_kv": [138], "miles": 0.0, "named": false}], "circuits": [], "source_date": "2017-12-22"}}, {"type": "Feature", "geometry": {"type": "Point", "coordinates": [-98.34753, 32.07657]}, "properties": {"id": "310421", "name": "Unnamed substation", "type": "Substation", "status": "In service", "city": "Dublin", "county": "Erath", "state": "Texas", "min_kv": null, "max_kv": 69, "max_inferred": true, "min_inferred": false, "line_count": 3, "owners": [{"name": "ONCOR ELECTRIC DELIVERY CO.", "voltages_kv": [69], "miles": 0.0, "named": false}], "circuits": [], "source_date": "2018-01-30"}}, {"type": "Feature", "geometry": {"type": "Point", "coordinates": [-98.26038, 33.83403]}, "properties": {"id": "309704", "name": "Unnamed substation", "type": "Substation", "status": "In service", "city": "Henrietta", "county": "Clay", "state": "Texas", "min_kv": null, "max_kv": 69, "max_inferred": true, "min_inferred": false, "line_count": 1, "owners": [{"name": "ONCOR ELECTRIC DELIVERY CO.", "voltages_kv": [69], "miles": 0.0, "named": false}], "circuits": [], "source_date": "2018-09-18"}}, {"type": "Feature", "geometry": {"type": "Point", "coordinates": [-97.47252, 31.65452]}, "properties": {"id": "310530", "name": "Unnamed substation", "type": "Substation", "status": "Status not published", "city": "Valley Mills", "county": "Bosque", "state": "Texas", "min_kv": null, "max_kv": 69, "max_inferred": true, "min_inferred": false, "line_count": 2, "owners": [{"name": "ONCOR ELECTRIC DELIVERY CO.", "voltages_kv": [69], "miles": 0.0, "named": false}], "circuits": [], "source_date": "2018-01-08"}}, {"type": "Feature", "geometry": {"type": "Point", "coordinates": [-97.06468, 33.77334]}, "properties": {"id": "310534", "name": "Unnamed substation", "type": "Substation", "status": "Status not published", "city": "Gainesville", "county": "Cooke", "state": "Texas", "min_kv": null, "max_kv": 69, "max_inferred": true, "min_inferred": false, "line_count": 1, "owners": [{"name": "ONCOR ELECTRIC DELIVERY CO.", "voltages_kv": [69], "miles": 0.0, "named": false}], "circuits": [], "source_date": "2018-01-04"}}, {"type": "Feature", "geometry": {"type": "Point", "coordinates": [-97.68186, 33.92044]}, "properties": {"id": "309834", "name": "Unnamed substation", "type": "Substation", "status": "Status not published", "city": "Nocona", "county": "Montague", "state": "Texas", "min_kv": 69, "max_kv": 69, "max_inferred": true, "min_inferred": true, "line_count": 1, "owners": [], "circuits": [], "source_date": "2017-12-22"}}, {"type": "Feature", "geometry": {"type": "Point", "coordinates": [-97.75477, 32.23183]}, "properties": {"id": "309923", "name": "Unnamed substation", "type": "Substation", "status": "Status not published", "city": "Glen Rose", "county": "Somervell", "state": "Texas", "min_kv": null, "max_kv": 69, "max_inferred": true, "min_inferred": false, "line_count": 1, "owners": [], "circuits": [], "source_date": "2018-01-02"}}, {"type": "Feature", "geometry": {"type": "Point", "coordinates": [-97.70361, 32.78074]}, "properties": {"id": "309953", "name": "Unnamed substation", "type": "Substation", "status": "In service", "city": "Weatherford", "county": "Parker", "state": "Texas", "min_kv": 69, "max_kv": 69, "max_inferred": false, "min_inferred": true, "line_count": 3, "owners": [{"name": "ONCOR ELECTRIC DELIVERY CO.", "voltages_kv": [138, 69], "miles": 0.0, "named": false}], "circuits": [], "source_date": "2017-05-01"}}, {"type": "Feature", "geometry": {"type": "Point", "coordinates": [-96.67373, 32.88941]}, "properties": {"id": "309968", "name": "Unnamed substation", "type": "Substation", "status": "In service", "city": "Garland", "county": "Dallas", "state": "Texas", "min_kv": 69, "max_kv": 69, "max_inferred": true, "min_inferred": true, "line_count": 1, "owners": [{"name": "ONCOR ELECTRIC DELIVERY CO.", "voltages_kv": [69], "miles": 0.0, "named": false}], "circuits": [], "source_date": "2018-09-25"}}, {"type": "Feature", "geometry": {"type": "Point", "coordinates": [-98.23873, 34.01269]}, "properties": {"id": "310010", "name": "Unnamed substation", "type": "Substation", "status": "Status not published", "city": "Petrolia", "county": "Clay", "state": "Texas", "min_kv": null, "max_kv": 69, "max_inferred": true, "min_inferred": false, "line_count": 1, "owners": [{"name": "ONCOR ELECTRIC DELIVERY CO.", "voltages_kv": [69], "miles": 0.0, "named": false}], "circuits": [], "source_date": "2018-01-24"}}, {"type": "Feature", "geometry": {"type": "Point", "coordinates": [-97.5464, 32.91688]}, "properties": {"id": "305435", "name": "Unnamed tap", "type": "Tap", "status": "In service", "city": "Azle", "county": "Parker", "state": "Texas", "min_kv": 69, "max_kv": 69, "max_inferred": true, "min_inferred": true, "line_count": 3, "owners": [], "circuits": [], "source_date": "2018-01-30"}}, {"type": "Feature", "geometry": {"type": "Point", "coordinates": [-96.66742, 32.89459]}, "properties": {"id": "305141", "name": "Unnamed tap", "type": "Tap", "status": "In service", "city": "Garland", "county": "Dallas", "state": "Texas", "min_kv": 69, "max_kv": 69, "max_inferred": true, "min_inferred": true, "line_count": 3, "owners": [{"name": "ONCOR ELECTRIC DELIVERY CO.", "voltages_kv": [138, 69], "miles": 0.0, "named": false}], "circuits": [], "source_date": "2018-09-25"}}, {"type": "Feature", "geometry": {"type": "Point", "coordinates": [-98.15555, 32.79071]}, "properties": {"id": "308178", "name": "Unnamed tap", "type": "Tap", "status": "Status not published", "city": "Mineral Wells", "county": "Palo Pinto", "state": "Texas", "min_kv": null, "max_kv": 69, "max_inferred": true, "min_inferred": false, "line_count": 3, "owners": [], "circuits": [], "source_date": "2018-10-16"}}, {"type": "Feature", "geometry": {"type": "Point", "coordinates": [-97.67768, 31.4258]}, "properties": {"id": "310888", "name": "Unnamed tap", "type": "Tap", "status": "In service", "city": "Gatesville", "county": "Coryell", "state": "Texas", "min_kv": null, "max_kv": 69, "max_inferred": true, "min_inferred": false, "line_count": 3, "owners": [{"name": "ONCOR ELECTRIC DELIVERY CO.", "voltages_kv": [138], "miles": 0.0, "named": false}], "circuits": [], "source_date": "2018-09-10"}}, {"type": "Feature", "geometry": {"type": "Point", "coordinates": [-98.46086, 32.09631]}, "properties": {"id": "310645", "name": "Unnamed tap", "type": "Tap", "status": "In service", "city": "De Leon", "county": "Comanche", "state": "Texas", "min_kv": 69, "max_kv": 69, "max_inferred": true, "min_inferred": true, "line_count": 3, "owners": [], "circuits": [], "source_date": "2018-01-02"}}, {"type": "Feature", "geometry": {"type": "Point", "coordinates": [-96.98024, 32.73671]}, "properties": {"id": "310720", "name": "Unnamed tap", "type": "Tap", "status": "In service", "city": "Dallas", "county": "Dallas", "state": "Texas", "min_kv": 69, "max_kv": 69, "max_inferred": true, "min_inferred": true, "line_count": 3, "owners": [], "circuits": [], "source_date": "2018-09-25"}}, {"type": "Feature", "geometry": {"type": "Point", "coordinates": [-96.98082, 32.74116]}, "properties": {"id": "301147", "name": "Vought", "type": "Substation", "status": "In service", "city": "Dallas", "county": "Dallas", "state": "Texas", "min_kv": 13.8, "max_kv": 69, "max_inferred": false, "min_inferred": false, "line_count": 2, "owners": [], "circuits": [], "source_date": "2017-01-11"}}, {"type": "Feature", "geometry": {"type": "Point", "coordinates": [-97.10921, 33.1994]}, "properties": {"id": "302867", "name": "Woodrow", "type": "Substation", "status": "In service", "city": "Denton", "county": "Denton", "state": "Texas", "min_kv": 69, "max_kv": 69, "max_inferred": false, "min_inferred": true, "line_count": 3, "owners": [{"name": "ONCOR ELECTRIC DELIVERY CO.", "voltages_kv": [138], "miles": 0.0, "named": false}], "circuits": [{"owner": "ONCOR ELECTRIC DELIVERY CO.", "voltage_kv": 138, "miles": 0.0, "from_name": "McKinney", "to_name": ""}, {"owner": "ONCOR ELECTRIC DELIVERY CO.", "voltage_kv": 138, "miles": 0.32, "from_name": "Pockrus", "to_name": ""}], "source_date": "2016-12-21"}}]}