{"type": "FeatureCollection", "features": [{"type": "Feature", "geometry": {"type": "LineString", "coordinates": [[-95.92345, 31.88411], [-95.49708, 31.99141]]}, "properties": {"operator": "El Paso Texas Pipeline Co", "pipe_type": "Intrastate"}}, {"type": "Feature", "geometry": {"type": "LineString", "coordinates": [[-96.11693, 31.98925], [-96.06502, 31.88774]]}, "properties": {"operator": "El Paso Texas Pipeline Co", "pipe_type": "Intrastate"}}, {"type": "Feature", "geometry": {"type": "LineString", "coordinates": [[-96.18664, 32.07635], [-96.11693, 31.98925]]}, "properties": {"operator": "El Paso Texas Pipeline Co", "pipe_type": "Intrastate"}}, {"type": "Feature", "geometry": {"type": "LineString", "coordinates": [[-96.53052, 32.29563], [-96.45521, 32.23382]]}, "properties": {"operator": "El Paso Texas Pipeline Co", "pipe_type": "Intrastate"}}, {"type": "Feature", "geometry": {"type": "LineString", "coordinates": [[-96.32122, 32.13922], [-96.18664, 32.07635]]}, "properties": {"operator": "El Paso Texas Pipeline Co", "pipe_type": "Intrastate"}}, {"type": "Feature", "geometry": {"type": "LineString", "coordinates": [[-96.3814, 32.21492], [-96.32122, 32.13922]]}, "properties": {"operator": "El Paso Texas Pipeline Co", "pipe_type": "Intrastate"}}, {"type": "Feature", "geometry": {"type": "LineString", "coordinates": [[-96.45521, 32.23382], [-96.3814, 32.21492]]}, "properties": {"operator": "El Paso Texas Pipeline Co", "pipe_type": "Intrastate"}}, {"type": "Feature", "geometry": {"type": "LineString", "coordinates": [[-96.06502, 31.88774], [-95.92345, 31.88411]]}, "properties": {"operator": "El Paso Texas Pipeline Co", "pipe_type": "Intrastate"}}, {"type": "Feature", "geometry": {"type": "LineString", "coordinates": [[-95.49708, 31.99141], [-94.98258, 32.08602]]}, "properties": {"operator": "El Paso Texas Pipeline Co", "pipe_type": "Intrastate"}}, {"type": "Feature", "geometry": {"type": "LineString", "coordinates": [[-97.04991, 32.3119], [-96.66038, 31.25103], [-96.59722, 30.9122], [-96.3972, 30.57336], [-96.16323, 29.97606], [-96.15747, 29.9026], [-96.02109, 29.62382], [-95.85975, 29.28509], [-95.84629, 29.26157], [-95.83669, 29.20981]]}, "properties": {"operator": "El Paso Texas Pipeline Co", "pipe_type": "Intrastate"}}, {"type": "Feature", "geometry": {"type": "LineString", "coordinates": [[-94.84066, 32.59452], [-94.83652, 32.62307], [-94.83277, 32.64154]]}, "properties": {"operator": "Gulf South Pipeline Co", "pipe_type": "Interstate"}}, {"type": "Feature", "geometry": {"type": "LineString", "coordinates": [[-94.94225, 32.55561], [-94.93055, 32.55442], [-94.91456, 32.55053], [-94.90629, 32.54895], [-94.90005, 32.54776], [-94.89592, 32.54697], [-94.85623, 32.5394], [-94.84865, 32.53794], [-94.84211, 32.53667]]}, "properties": {"operator": "Gulf South Pipeline Co", "pipe_type": "Interstate"}}, {"type": "Feature", "geometry": {"type": "LineString", "coordinates": [[-95.14982, 32.59354], [-94.94225, 32.55561]]}, "properties": {"operator": "Gulf South Pipeline Co", "pipe_type": "Interstate"}}, {"type": "Feature", "geometry": {"type": "LineString", "coordinates": [[-95.42822, 32.64538], [-95.14982, 32.59354]]}, "properties": {"operator": "Gulf South Pipeline Co", "pipe_type": "Interstate"}}, {"type": "Feature", "geometry": {"type": "LineString", "coordinates": [[-96.06963, 32.68966], [-96.51802, 32.68966]]}, "properties": {"operator": "Gulf South Pipeline Co", "pipe_type": "Interstate"}}, {"type": "Feature", "geometry": {"type": "LineString", "coordinates": [[-95.59424, 32.68595], [-96.06963, 32.68966]]}, "properties": {"operator": "Gulf South Pipeline Co", "pipe_type": "Interstate"}}, {"type": "Feature", "geometry": {"type": "LineString", "coordinates": [[-95.42822, 32.64538], [-95.59424, 32.68595]]}, "properties": {"operator": "Gulf South Pipeline Co", "pipe_type": "Interstate"}}, {"type": "Feature", "geometry": {"type": "LineString", "coordinates": [[-95.59424, 32.52339], [-95.66003, 32.49382]]}, "properties": {"operator": "Gulf South Pipeline Co", "pipe_type": "Interstate"}}, {"type": "Feature", "geometry": {"type": "LineString", "coordinates": [[-95.46688, 32.6121], [-95.59424, 32.52339]]}, "properties": {"operator": "Gulf South Pipeline Co", "pipe_type": "Interstate"}}, {"type": "Feature", "geometry": {"type": "LineString", "coordinates": [[-95.42822, 32.64538], [-95.46688, 32.6121]]}, "properties": {"operator": "Gulf South Pipeline Co", "pipe_type": "Interstate"}}, {"type": "Feature", "geometry": {"type": "LineString", "coordinates": [[-95.40122, 32.60467], [-95.41532, 32.62167], [-95.42822, 32.64538]]}, "properties": {"operator": "Gulf South Pipeline Co", "pipe_type": "Interstate"}}, {"type": "Feature", "geometry": {"type": "LineString", "coordinates": [[-95.28861, 32.37566], [-95.29464, 32.38188], [-95.30099, 32.39001], [-95.33849, 32.43954], [-95.3461, 32.45109], [-95.36784, 32.49445], [-95.37471, 32.51762], [-95.38844, 32.51762], [-95.40218, 32.55651], [-95.41101, 32.58381], [-95.40122, 32.60467]]}, "properties": {"operator": "Gulf South Pipeline Co", "pipe_type": "Interstate"}}, {"type": "Feature", "geometry": {"type": "LineString", "coordinates": [[-94.98778, 32.40499], [-95.04522, 32.39426], [-95.11202, 32.38559], [-95.15514, 32.3788], [-95.17687, 32.37538], [-95.2275, 32.36742]]}, "properties": {"operator": "Gulf South Pipeline Co", "pipe_type": "Interstate"}}, {"type": "Feature", "geometry": {"type": "LineString", "coordinates": [[-94.71731, 32.4384], [-94.89223, 32.41679], [-94.98778, 32.40499]]}, "properties": {"operator": "Gulf South Pipeline Co", "pipe_type": "Interstate"}}, {"type": "Feature", "geometry": {"type": "LineString", "coordinates": [[-95.41811, 31.07072], [-95.40275, 30.97472]]}, "properties": {"operator": "Gulf South Pipeline Co", "pipe_type": "Interstate"}}, {"type": "Feature", "geometry": {"type": "LineString", "coordinates": [[-95.44567, 31.27978], [-95.41811, 31.07072]]}, "properties": {"operator": "Gulf South Pipeline Co", "pipe_type": "Interstate"}}, {"type": "Feature", "geometry": {"type": "LineString", "coordinates": [[-95.44567, 31.27978], [-95.29307, 31.27033]]}, "properties": {"operator": "Gulf South Pipeline Co", "pipe_type": "Interstate"}}, {"type": "Feature", "geometry": {"type": "LineString", "coordinates": [[-95.47085, 31.56966], [-95.46762, 31.53548], [-95.46336, 31.48891], [-95.45712, 31.3187], [-95.44567, 31.27978]]}, "properties": {"operator": "Gulf South Pipeline Co", "pipe_type": "Interstate"}}, {"type": "Feature", "geometry": {"type": "LineString", "coordinates": [[-95.48621, 31.84678], [-95.47358, 31.61897], [-95.47085, 31.56966]]}, "properties": {"operator": "Gulf South Pipeline Co", "pipe_type": "Interstate"}}, {"type": "Feature", "geometry": {"type": "LineString", "coordinates": [[-95.42042, 31.8912], [-95.48621, 31.84678]]}, "properties": {"operator": "Gulf South Pipeline Co", "pipe_type": "Interstate"}}, {"type": "Feature", "geometry": {"type": "LineString", "coordinates": [[-95.07981, 32.13517], [-95.10378, 32.11888], [-95.20825, 32.04789], [-95.26306, 32.00391], [-95.42042, 31.8912]]}, "properties": {"operator": "Gulf South Pipeline Co", "pipe_type": "Interstate"}}, {"type": "Feature", "geometry": {"type": "LineString", "coordinates": [[-94.98317, 32.23859], [-95.00686, 32.21323], [-95.02077, 32.19825], [-95.07981, 32.13517]]}, "properties": {"operator": "Gulf South Pipeline Co", "pipe_type": "Interstate"}}, {"type": "Feature", "geometry": {"type": "LineString", "coordinates": [[-94.18035, 31.09274], [-94.15027, 31.11501]]}, "properties": {"operator": "Gulf South Pipeline Co", "pipe_type": "Interstate"}}, {"type": "Feature", "geometry": {"type": "LineString", "coordinates": [[-94.2857, 31.02246], [-94.18035, 31.09274]]}, "properties": {"operator": "Gulf South Pipeline Co", "pipe_type": "Interstate"}}, {"type": "Feature", "geometry": {"type": "LineString", "coordinates": [[-95.2275, 32.36742], [-95.24265, 32.38615], [-95.25413, 32.38312], [-95.28861, 32.37566]]}, "properties": {"operator": "Gulf South Pipeline Co", "pipe_type": "Interstate"}}, {"type": "Feature", "geometry": {"type": "LineString", "coordinates": [[-95.26306, 32.00391], [-95.21307, 31.90512], [-95.17655, 31.87586], [-95.17047, 31.8621], [-95.16344, 31.84726], [-95.15221, 31.8294]]}, "properties": {"operator": "Gulf South Pipeline Co", "pipe_type": "Interstate"}}, {"type": "Feature", "geometry": {"type": "LineString", "coordinates": [[-95.00686, 32.21323], [-94.98512, 32.20772], [-94.92511, 32.19545], [-94.89752, 32.19104], [-94.87635, 32.20368], [-94.85146, 32.21658]]}, "properties": {"operator": "Gulf South Pipeline Co", "pipe_type": "Interstate"}}, {"type": "Feature", "geometry": {"type": "LineString", "coordinates": [[-95.58033, 31.62563], [-95.47358, 31.61897]]}, "properties": {"operator": "Gulf South Pipeline Co", "pipe_type": "Interstate"}}, {"type": "Feature", "geometry": {"type": "LineString", "coordinates": [[-95.2275, 32.36742], [-95.25478, 32.35075], [-95.23503, 32.34519]]}, "properties": {"operator": "Gulf South Pipeline Co", "pipe_type": "Interstate"}}, {"type": "Feature", "geometry": {"type": "LineString", "coordinates": [[-95.25413, 32.38312], [-95.25643, 32.37276]]}, "properties": {"operator": "Gulf South Pipeline Co", "pipe_type": "Interstate"}}, {"type": "Feature", "geometry": {"type": "LineString", "coordinates": [[-95.25478, 32.35075], [-95.26385, 32.3533]]}, "properties": {"operator": "Gulf South Pipeline Co", "pipe_type": "Interstate"}}, {"type": "Feature", "geometry": {"type": "LineString", "coordinates": [[-95.28861, 32.37566], [-95.28065, 32.36707]]}, "properties": {"operator": "Gulf South Pipeline Co", "pipe_type": "Interstate"}}, {"type": "Feature", "geometry": {"type": "LineString", "coordinates": [[-95.30099, 32.39001], [-95.38763, 32.37304], [-95.38984, 32.36147]]}, "properties": {"operator": "Gulf South Pipeline Co", "pipe_type": "Interstate"}}, {"type": "Feature", "geometry": {"type": "LineString", "coordinates": [[-95.37471, 32.51762], [-95.36391, 32.51927]]}, "properties": {"operator": "Gulf South Pipeline Co", "pipe_type": "Interstate"}}, {"type": "Feature", "geometry": {"type": "LineString", "coordinates": [[-95.31813, 32.45449], [-95.3461, 32.45109]]}, "properties": {"operator": "Gulf South Pipeline Co", "pipe_type": "Interstate"}}, {"type": "Feature", "geometry": {"type": "LineString", "coordinates": [[-95.41885, 32.35798], [-95.40904, 32.37453], [-95.38763, 32.37304]]}, "properties": {"operator": "Gulf South Pipeline Co", "pipe_type": "Interstate"}}, {"type": "Feature", "geometry": {"type": "LineString", "coordinates": [[-95.11202, 32.38559], [-95.11031, 32.37402]]}, "properties": {"operator": "Gulf South Pipeline Co", "pipe_type": "Interstate"}}, {"type": "Feature", "geometry": {"type": "LineString", "coordinates": [[-95.04522, 32.39426], [-95.04865, 32.41018]]}, "properties": {"operator": "Gulf South Pipeline Co", "pipe_type": "Interstate"}}, {"type": "Feature", "geometry": {"type": "LineString", "coordinates": [[-94.81254, 32.59034], [-94.85567, 32.59421]]}, "properties": {"operator": "Gulf South Pipeline Co", "pipe_type": "Interstate"}}, {"type": "Feature", "geometry": {"type": "LineString", "coordinates": [[-94.79105, 32.62098], [-94.82329, 32.62247], [-94.83652, 32.62307]]}, "properties": {"operator": "Gulf South Pipeline Co", "pipe_type": "Interstate"}}, {"type": "Feature", "geometry": {"type": "LineString", "coordinates": [[-94.82412, 32.61611], [-94.82329, 32.62247]]}, "properties": {"operator": "Gulf South Pipeline Co", "pipe_type": "Interstate"}}, {"type": "Feature", "geometry": {"type": "LineString", "coordinates": [[-95.20825, 32.04789], [-95.22976, 32.06613], [-95.25126, 32.07981]]}, "properties": {"operator": "Gulf South Pipeline Co", "pipe_type": "Interstate"}}, {"type": "Feature", "geometry": {"type": "LineString", "coordinates": [[-95.22617, 32.07677], [-95.22976, 32.06613]]}, "properties": {"operator": "Gulf South Pipeline Co", "pipe_type": "Interstate"}}, {"type": "Feature", "geometry": {"type": "LineString", "coordinates": [[-95.10378, 32.11888], [-95.12272, 32.13513]]}, "properties": {"operator": "Gulf South Pipeline Co", "pipe_type": "Interstate"}}, {"type": "Feature", "geometry": {"type": "LineString", "coordinates": [[-95.06937, 32.12737], [-95.07981, 32.13517]]}, "properties": {"operator": "Gulf South Pipeline Co", "pipe_type": "Interstate"}}, {"type": "Feature", "geometry": {"type": "LineString", "coordinates": [[-95.48621, 31.84678], [-95.4903, 31.86876], [-95.49681, 31.90349]]}, "properties": {"operator": "Gulf South Pipeline Co", "pipe_type": "Interstate"}}, {"type": "Feature", "geometry": {"type": "LineString", "coordinates": [[-95.02077, 32.19825], [-95.04413, 32.21227], [-95.05407, 32.21704]]}, "properties": {"operator": "Gulf South Pipeline Co", "pipe_type": "Interstate"}}, {"type": "Feature", "geometry": {"type": "LineString", "coordinates": [[-94.94225, 32.55561], [-94.94225, 32.54022]]}, "properties": {"operator": "Gulf South Pipeline Co", "pipe_type": "Interstate"}}, {"type": "Feature", "geometry": {"type": "LineString", "coordinates": [[-95.17283, 32.95065], [-95.25208, 33.05072]]}, "properties": {"operator": "Houston Pipeline Co", "pipe_type": "Intrastate"}}, {"type": "Feature", "geometry": {"type": "LineString", "coordinates": [[-94.85978, 32.37669], [-94.91494, 32.56048], [-95.03894, 32.69542]]}, "properties": {"operator": "Houston Pipeline Co", "pipe_type": "Intrastate"}}, {"type": "Feature", "geometry": {"type": "LineString", "coordinates": [[-95.25208, 33.05072], [-95.25387, 33.05238], [-95.45737, 33.26223]]}, "properties": {"operator": "Houston Pipeline Co", "pipe_type": "Intrastate"}}, {"type": "Feature", "geometry": {"type": "LineString", "coordinates": [[-95.45192, 33.25768], [-95.68753, 33.54611], [-95.71348, 33.57836]]}, "properties": {"operator": "Houston Pipeline Co", "pipe_type": "Intrastate"}}, {"type": "Feature", "geometry": {"type": "LineString", "coordinates": [[-95.03894, 32.69542], [-95.10725, 32.81639], [-95.17557, 32.95292]]}, "properties": {"operator": "Houston Pipeline Co", "pipe_type": "Intrastate"}}, {"type": "Feature", "geometry": {"type": "LineString", "coordinates": [[-94.46446, 31.12801], [-94.51486, 31.24618], [-94.62632, 31.41005], [-94.63725, 31.46097]]}, "properties": {"operator": "Houston Pipeline Co", "pipe_type": "Intrastate"}}, {"type": "Feature", "geometry": {"type": "LineString", "coordinates": [[-94.21448, 30.60528], [-94.40513, 30.95301], [-94.43181, 30.96521], [-94.42069, 30.97619], [-94.46446, 31.12801]]}, "properties": {"operator": "Houston Pipeline Co", "pipe_type": "Intrastate"}}, {"type": "Feature", "geometry": {"type": "LineString", "coordinates": [[-94.70216, 31.32046], [-94.67502, 31.31097], [-94.80044, 31.06373]]}, "properties": {"operator": "Houston Pipeline Co", "pipe_type": "Intrastate"}}, {"type": "Feature", "geometry": {"type": "LineString", "coordinates": [[-95.92466, 31.29666], [-95.91767, 31.29442]]}, "properties": {"operator": "Atmos Pipeline - Texas", "pipe_type": "Intrastate"}}, {"type": "Feature", "geometry": {"type": "LineString", "coordinates": [[-95.91347, 31.19406], [-95.94424, 31.19964]]}, "properties": {"operator": "Atmos Pipeline - Texas", "pipe_type": "Intrastate"}}, {"type": "Feature", "geometry": {"type": "LineString", "coordinates": [[-96.31166, 32.05459], [-96.33675, 32.04106]]}, "properties": {"operator": "Atmos Pipeline - Texas", "pipe_type": "Intrastate"}}, {"type": "Feature", "geometry": {"type": "LineString", "coordinates": [[-95.70824, 31.67368], [-95.72546, 31.6906]]}, "properties": {"operator": "Atmos Pipeline - Texas", "pipe_type": "Intrastate"}}, {"type": "Feature", "geometry": {"type": "LineString", "coordinates": [[-95.87493, 32.54612], [-95.92724, 32.48028]]}, "properties": {"operator": "Atmos Pipeline - Texas", "pipe_type": "Intrastate"}}, {"type": "Feature", "geometry": {"type": "LineString", "coordinates": [[-95.69072, 32.40336], [-95.7433, 32.35709]]}, "properties": {"operator": "Atmos Pipeline - Texas", "pipe_type": "Intrastate"}}, {"type": "Feature", "geometry": {"type": "LineString", "coordinates": [[-95.23402, 32.26762], [-95.21812, 32.21014]]}, "properties": {"operator": "Atmos Pipeline - Texas", "pipe_type": "Intrastate"}}, {"type": "Feature", "geometry": {"type": "LineString", "coordinates": [[-95.86418, 32.17933], [-95.89441, 32.18954]]}, "properties": {"operator": "Atmos Pipeline - Texas", "pipe_type": "Intrastate"}}, {"type": "Feature", "geometry": {"type": "LineString", "coordinates": [[-95.60717, 32.93727], [-95.63221, 32.94752]]}, "properties": {"operator": "Atmos Pipeline - Texas", "pipe_type": "Intrastate"}}, {"type": "Feature", "geometry": {"type": "LineString", "coordinates": [[-95.98218, 31.99199], [-95.99519, 31.99144]]}, "properties": {"operator": "Atmos Pipeline - Texas", "pipe_type": "Intrastate"}}, {"type": "Feature", "geometry": {"type": "LineString", "coordinates": [[-96.03795, 32.30757], [-96.01897, 32.29916]]}, "properties": {"operator": "Atmos Pipeline - Texas", "pipe_type": "Intrastate"}}, {"type": "Feature", "geometry": {"type": "LineString", "coordinates": [[-95.68242, 31.71833], [-95.6664, 31.7183]]}, "properties": {"operator": "Atmos Pipeline - Texas", "pipe_type": "Intrastate"}}, {"type": "Feature", "geometry": {"type": "LineString", "coordinates": [[-95.90204, 30.24193], [-95.90576, 30.30632], [-95.94202, 30.39092], [-95.94879, 30.43717], [-95.9609, 30.47891], [-95.97569, 30.52629], [-95.98378, 30.56576], [-96.01059, 30.60637], [-96.0362, 30.71466], [-96.06707, 30.78234], [-96.06842, 30.79137], [-96.10726, 30.82295], [-96.11648, 30.84908]]}, "properties": {"operator": "Atmos Pipeline - Texas", "pipe_type": "Intrastate"}}, {"type": "Feature", "geometry": {"type": "LineString", "coordinates": [[-96.21459, 31.00531], [-96.33282, 31.16514], [-96.3899, 31.32119]]}, "properties": {"operator": "Atmos Pipeline - Texas", "pipe_type": "Intrastate"}}, {"type": "Feature", "geometry": {"type": "LineString", "coordinates": [[-96.11402, 30.84643], [-96.1153, 30.8508], [-96.16824, 30.92601], [-96.17837, 30.93512], [-96.18401, 30.94652], [-96.21595, 31.00648]]}, "properties": {"operator": "Atmos Pipeline - Texas", "pipe_type": "Intrastate"}}, {"type": "Feature", "geometry": {"type": "LineString", "coordinates": [[-96.39412, 30.75264], [-96.19907, 30.96206]]}, "properties": {"operator": "Atmos Pipeline - Texas", "pipe_type": "Intrastate"}}, {"type": "Feature", "geometry": {"type": "LineString", "coordinates": [[-96.19907, 30.96206], [-96.12969, 30.98092]]}, "properties": {"operator": "Atmos Pipeline - Texas", "pipe_type": "Intrastate"}}, {"type": "Feature", "geometry": {"type": "LineString", "coordinates": [[-95.71365, 31.47815], [-95.76296, 31.48095], [-95.78901, 31.48411], [-95.82816, 31.48743], [-95.87292, 31.47832], [-95.8869, 31.46025], [-95.89249, 31.41513], [-95.90229, 31.37001], [-95.93305, 31.30792], [-95.92466, 31.29666], [-95.94424, 31.19964], [-96.03971, 31.06631]]}, "properties": {"operator": "Atmos Pipeline - Texas", "pipe_type": "Intrastate"}}, {"type": "Feature", "geometry": {"type": "LineString", "coordinates": [[-96.03971, 31.06631], [-96.04367, 31.05659], [-96.19907, 30.96206]]}, "properties": {"operator": "Atmos Pipeline - Texas", "pipe_type": "Intrastate"}}, {"type": "Feature", "geometry": {"type": "LineString", "coordinates": [[-96.12969, 30.98092], [-96.06645, 30.98581], [-95.99116, 31.02975], [-95.98299, 31.04102], [-95.90942, 31.02205], [-95.75801, 31.0545]]}, "properties": {"operator": "Atmos Pipeline - Texas", "pipe_type": "Intrastate"}}, {"type": "Feature", "geometry": {"type": "LineString", "coordinates": [[-95.84132, 30.929], [-95.83541, 30.93096], [-95.82212, 30.88608]]}, "properties": {"operator": "Atmos Pipeline - Texas", "pipe_type": "Intrastate"}}, {"type": "Feature", "geometry": {"type": "LineString", "coordinates": [[-95.76102, 31.0636], [-95.75697, 31.07047], [-95.72725, 31.09945], [-95.72617, 31.1106], [-95.71956, 31.11506], [-95.71626, 31.11952], [-95.71633, 31.15185], [-95.69762, 31.17303], [-95.66905, 31.22543], [-95.67237, 31.22989], [-95.67357, 31.27225], [-95.68355, 31.29009], [-95.67505, 31.37708], [-95.69135, 31.43764], [-95.71488, 31.4785]]}, "properties": {"operator": "Atmos Pipeline - Texas", "pipe_type": "Intrastate"}}, {"type": "Feature", "geometry": {"type": "LineString", "coordinates": [[-95.82998, 30.8647], [-95.82838, 30.87158], [-95.82279, 30.88656], [-95.81436, 30.88806], [-95.80875, 30.89405], [-95.79631, 30.98993], [-95.75558, 30.99891], [-95.7585, 31.05135], [-95.76212, 31.0636]]}, "properties": {"operator": "Atmos Pipeline - Texas", "pipe_type": "Intrastate"}}, {"type": "Feature", "geometry": {"type": "LineString", "coordinates": [[-95.56521, 31.5308], [-95.56395, 31.56591], [-95.55817, 31.59699]]}, "properties": {"operator": "Atmos Pipeline - Texas", "pipe_type": "Intrastate"}}, {"type": "Feature", "geometry": {"type": "LineString", "coordinates": [[-95.83575, 31.58529], [-95.86789, 31.6059], [-95.90293, 31.67614]]}, "properties": {"operator": "Atmos Pipeline - Texas", "pipe_type": "Intrastate"}}, {"type": "Feature", "geometry": {"type": "LineString", "coordinates": [[-95.96711, 31.68612], [-95.97579, 31.67954], [-95.943, 31.64523]]}, "properties": {"operator": "Atmos Pipeline - Texas", "pipe_type": "Intrastate"}}, {"type": "Feature", "geometry": {"type": "LineString", "coordinates": [[-96.32371, 32.01926], [-96.33675, 32.04106], [-96.3513, 32.04782], [-96.38166, 32.02978], [-96.39487, 32.02526]]}, "properties": {"operator": "Atmos Pipeline - Texas", "pipe_type": "Intrastate"}}, {"type": "Feature", "geometry": {"type": "LineString", "coordinates": [[-96.0001, 31.97984], [-96.26759, 32.1343], [-96.56961, 32.23458]]}, "properties": {"operator": "Atmos Pipeline - Texas", "pipe_type": "Intrastate"}}, {"type": "Feature", "geometry": {"type": "LineString", "coordinates": [[-96.10366, 32.11175], [-96.07366, 32.10644], [-96.01833, 32.10771], [-95.9207, 32.1161]]}, "properties": {"operator": "Atmos Pipeline - Texas", "pipe_type": "Intrastate"}}, {"type": "Feature", "geometry": {"type": "LineString", "coordinates": [[-96.44913, 32.31712], [-96.19535, 32.1431], [-96.10366, 32.11175]]}, "properties": {"operator": "Atmos Pipeline - Texas", "pipe_type": "Intrastate"}}, {"type": "Feature", "geometry": {"type": "LineString", "coordinates": [[-95.68278, 32.29213], [-95.74857, 32.28985], [-95.79214, 32.27303], [-95.8514, 32.23482], [-95.88625, 32.20425], [-95.89047, 32.17032], [-95.91544, 32.14096], [-95.9207, 32.1161]]}, "properties": {"operator": "Atmos Pipeline - Texas", "pipe_type": "Intrastate"}}, {"type": "Feature", "geometry": {"type": "LineString", "coordinates": [[-95.45654, 32.30228], [-95.48739, 32.30313], [-95.57762, 32.29312], [-95.60128, 32.28863], [-95.67884, 32.2876], [-95.75031, 32.27762], [-95.81131, 32.24552], [-95.88653, 32.19179], [-95.89441, 32.18954], [-95.90107, 32.1815], [-95.94718, 32.1712], [-96.02623, 32.13369], [-96.07366, 32.10644]]}, "properties": {"operator": "Atmos Pipeline - Texas", "pipe_type": "Intrastate"}}, {"type": "Feature", "geometry": {"type": "LineString", "coordinates": [[-95.16686, 32.25868], [-95.21944, 32.25761], [-95.21944, 32.24405], [-95.30094, 32.2532], [-95.30225, 32.26903], [-95.39454, 32.29853], [-95.45664, 32.30214]]}, "properties": {"operator": "Atmos Pipeline - Texas", "pipe_type": "Intrastate"}}, {"type": "Feature", "geometry": {"type": "LineString", "coordinates": [[-95.55459, 31.77807], [-95.51267, 31.86579], [-95.48865, 31.87943], [-95.48782, 31.89122], [-95.47867, 31.903], [-95.48449, 31.94546], [-95.477, 31.98319], [-95.46536, 32.02406], [-95.44872, 32.02246], [-95.43957, 32.04918]]}, "properties": {"operator": "Atmos Pipeline - Texas", "pipe_type": "Intrastate"}}, {"type": "Feature", "geometry": {"type": "LineString", "coordinates": [[-95.30396, 32.0042], [-95.31046, 32.00316], [-95.31788, 32.00997], [-95.32159, 32.01285], [-95.34061, 32.01574], [-95.36088, 32.02073]]}, "properties": {"operator": "Atmos Pipeline - Texas", "pipe_type": "Intrastate"}}, {"type": "Feature", "geometry": {"type": "LineString", "coordinates": [[-95.36088, 32.02073], [-95.36337, 32.0216], [-95.37751, 32.03561], [-95.427, 32.04493]]}, "properties": {"operator": "Atmos Pipeline - Texas", "pipe_type": "Intrastate"}}, {"type": "Feature", "geometry": {"type": "LineString", "coordinates": [[-95.42876, 32.04504], [-95.54368, 32.08478]]}, "properties": {"operator": "Atmos Pipeline - Texas", "pipe_type": "Intrastate"}}, {"type": "Feature", "geometry": {"type": "LineString", "coordinates": [[-95.54359, 32.08498], [-95.54649, 32.09413], [-95.55434, 32.09568], [-95.55747, 32.10938], [-95.56998, 32.10939], [-95.67113, 32.26404], [-95.68727, 32.28871]]}, "properties": {"operator": "Atmos Pipeline - Texas", "pipe_type": "Intrastate"}}, {"type": "Feature", "geometry": {"type": "LineString", "coordinates": [[-95.68311, 32.28475], [-95.68515, 32.29067], [-95.68924, 32.29955], [-95.74234, 32.35618], [-95.74336, 32.35717]]}, "properties": {"operator": "Atmos Pipeline - Texas", "pipe_type": "Intrastate"}}, {"type": "Feature", "geometry": {"type": "LineString", "coordinates": [[-96.01339, 32.53606], [-96.2953, 32.66883], [-96.36586, 32.70228], [-96.376, 32.70786], [-96.41694, 32.73039], [-96.49428, 32.76637], [-96.51695, 32.78299]]}, "properties": {"operator": "Atmos Pipeline - Texas", "pipe_type": "Intrastate"}}, {"type": "Feature", "geometry": {"type": "LineString", "coordinates": [[-95.74333, 32.35711], [-95.86241, 32.43885], [-95.89385, 32.45767], [-95.92801, 32.48081], [-96.01339, 32.53606]]}, "properties": {"operator": "Atmos Pipeline - Texas", "pipe_type": "Intrastate"}}, {"type": "Feature", "geometry": {"type": "LineString", "coordinates": [[-95.67835, 32.45765], [-95.66763, 32.44047], [-95.63821, 32.42433], [-95.58311, 32.3554]]}, "properties": {"operator": "Atmos Pipeline - Texas", "pipe_type": "Intrastate"}}, {"type": "Feature", "geometry": {"type": "LineString", "coordinates": [[-95.57531, 32.29547], [-95.57531, 32.31156], [-95.57689, 32.32764], [-95.58324, 32.35579]]}, "properties": {"operator": "Atmos Pipeline - Texas", "pipe_type": "Intrastate"}}, {"type": "Feature", "geometry": {"type": "LineString", "coordinates": [[-94.54134, 32.29209], [-94.57927, 32.28841], [-94.65288, 32.27946], [-94.66602, 32.28061], [-94.68311, 32.28403], [-94.8093, 32.28532], [-94.97361, 32.29006], [-94.99617, 32.29144]]}, "properties": {"operator": "Atmos Pipeline - Texas", "pipe_type": "Intrastate"}}, {"type": "Feature", "geometry": {"type": "LineString", "coordinates": [[-94.9959, 32.29164], [-95.0617, 32.29584], [-95.09193, 32.29814]]}, "properties": {"operator": "Atmos Pipeline - Texas", "pipe_type": "Intrastate"}}, {"type": "Feature", "geometry": {"type": "LineString", "coordinates": [[-95.41642, 32.96741], [-95.4518, 33.04128], [-95.51117, 33.094]]}, "properties": {"operator": "Atmos Pipeline - Texas", "pipe_type": "Intrastate"}}, {"type": "Feature", "geometry": {"type": "LineString", "coordinates": [[-95.28481, 32.57497], [-95.30535, 32.66746], [-95.37092, 32.88026], [-95.37565, 32.89169], [-95.40383, 32.95976], [-95.41205, 32.95876], [-95.41642, 32.96741]]}, "properties": {"operator": "Atmos Pipeline - Texas", "pipe_type": "Intrastate"}}, {"type": "Feature", "geometry": {"type": "LineString", "coordinates": [[-95.09193, 32.29814], [-95.10245, 32.30042], [-95.11691, 32.40782], [-95.21549, 32.48595], [-95.2339, 32.5018], [-95.25361, 32.52443], [-95.2707, 32.52559], [-95.28481, 32.57497]]}, "properties": {"operator": "Atmos Pipeline - Texas", "pipe_type": "Intrastate"}}, {"type": "Feature", "geometry": {"type": "LineString", "coordinates": [[-95.11836, 33.43537], [-95.12775, 33.4211], [-95.20505, 33.37349], [-95.26225, 33.33129]]}, "properties": {"operator": "Atmos Pipeline - Texas", "pipe_type": "Intrastate"}}, {"type": "Feature", "geometry": {"type": "LineString", "coordinates": [[-95.26208, 33.33156], [-95.34551, 33.24081], [-95.4198, 33.17622], [-95.4198, 33.16004], [-95.51101, 33.09359]]}, "properties": {"operator": "Atmos Pipeline - Texas", "pipe_type": "Intrastate"}}, {"type": "Feature", "geometry": {"type": "LineString", "coordinates": [[-96.01121, 32.7849], [-96.1097, 32.79741], [-96.17608, 32.80277], [-96.26387, 32.80277], [-96.31739, 32.7992], [-96.51695, 32.78261]]}, "properties": {"operator": "Atmos Pipeline - Texas", "pipe_type": "Intrastate"}}, {"type": "Feature", "geometry": {"type": "LineString", "coordinates": [[-95.62793, 32.94752], [-95.71833, 32.89945], [-95.78408, 32.84173]]}, "properties": {"operator": "Atmos Pipeline - Texas", "pipe_type": "Intrastate"}}, {"type": "Feature", "geometry": {"type": "LineString", "coordinates": [[-95.78408, 32.84173], [-95.79851, 32.83399], [-95.84057, 32.80805], [-95.88789, 32.80246], [-96.01121, 32.78669]]}, "properties": {"operator": "Atmos Pipeline - Texas", "pipe_type": "Intrastate"}}, {"type": "Feature", "geometry": {"type": "LineString", "coordinates": [[-96.69986, 31.18734], [-96.68978, 31.17961], [-96.65772, 31.05335], [-96.63402, 31.01391], [-96.58522, 30.94631], [-96.53782, 30.89788], [-96.50297, 30.86297], [-96.43354, 30.78773]]}, "properties": {"operator": "Atmos Pipeline - Texas", "pipe_type": "Intrastate"}}, {"type": "Feature", "geometry": {"type": "LineString", "coordinates": [[-96.43354, 30.78773], [-96.39412, 30.75264]]}, "properties": {"operator": "Atmos Pipeline - Texas", "pipe_type": "Intrastate"}}, {"type": "Feature", "geometry": {"type": "LineString", "coordinates": [[-96.87396, 31.50994], [-96.77785, 31.52592]]}, "properties": {"operator": "Atmos Pipeline - Texas", "pipe_type": "Intrastate"}}, {"type": "Feature", "geometry": {"type": "LineString", "coordinates": [[-96.30384, 31.60231], [-96.20992, 31.62039], [-95.97888, 31.64535]]}, "properties": {"operator": "Atmos Pipeline - Texas", "pipe_type": "Intrastate"}}, {"type": "Feature", "geometry": {"type": "LineString", "coordinates": [[-96.77785, 31.52592], [-96.55544, 31.5629], [-96.34961, 31.59506], [-96.30384, 31.60283]]}, "properties": {"operator": "Atmos Pipeline - Texas", "pipe_type": "Intrastate"}}, {"type": "Feature", "geometry": {"type": "LineString", "coordinates": [[-96.85685, 31.5186], [-96.78251, 31.53248]]}, "properties": {"operator": "Atmos Pipeline - Texas", "pipe_type": "Intrastate"}}, {"type": "Feature", "geometry": {"type": "LineString", "coordinates": [[-96.30094, 31.32936], [-96.29107, 31.32981], [-96.2617, 31.35355], [-96.2617, 31.37272], [-96.2603, 31.40204], [-96.23233, 31.42465], [-96.22901, 31.42942]]}, "properties": {"operator": "Atmos Pipeline - Texas", "pipe_type": "Intrastate"}}, {"type": "Feature", "geometry": {"type": "LineString", "coordinates": [[-96.26562, 31.45849], [-96.26588, 31.45949], [-96.26128, 31.4606]]}, "properties": {"operator": "Atmos Pipeline - Texas", "pipe_type": "Intrastate"}}, {"type": "Feature", "geometry": {"type": "LineString", "coordinates": [[-96.39033, 31.32161], [-96.30094, 31.32936]]}, "properties": {"operator": "Atmos Pipeline - Texas", "pipe_type": "Intrastate"}}, {"type": "Feature", "geometry": {"type": "LineString", "coordinates": [[-96.2617, 31.37272], [-96.19317, 31.36833], [-96.15541, 31.38307], [-96.13443, 31.37972], [-96.12325, 31.38087], [-96.11765, 31.3899], [-96.11066, 31.39104], [-96.10647, 31.38767], [-96.09947, 31.39332], [-96.06172, 31.39903], [-96.05891, 31.4058], [-95.96242, 31.42289]]}, "properties": {"operator": "Atmos Pipeline - Texas", "pipe_type": "Intrastate"}}, {"type": "Feature", "geometry": {"type": "LineString", "coordinates": [[-95.96242, 31.42289], [-95.89249, 31.41513]]}, "properties": {"operator": "Atmos Pipeline - Texas", "pipe_type": "Intrastate"}}, {"type": "Feature", "geometry": {"type": "LineString", "coordinates": [[-95.90942, 31.02205], [-95.9343, 31.02911], [-95.97974, 31.04014], [-95.98299, 31.04102]]}, "properties": {"operator": "Atmos Pipeline - Texas", "pipe_type": "Intrastate"}}, {"type": "Feature", "geometry": {"type": "LineString", "coordinates": [[-96.65025, 32.1943], [-96.65025, 32.19709], [-96.67297, 32.26191], [-96.68811, 32.30105], [-96.69066, 32.32184], [-96.69066, 32.34304]]}, "properties": {"operator": "Atmos Pipeline - Texas", "pipe_type": "Intrastate"}}, {"type": "Feature", "geometry": {"type": "LineString", "coordinates": [[-96.38998, 31.32101], [-96.46718, 31.50478], [-96.49948, 31.56247], [-96.50231, 31.57357], [-96.4982, 31.62128], [-96.51927, 31.659], [-96.54456, 31.70892], [-96.58532, 31.80212], [-96.5975, 31.83712]]}, "properties": {"operator": "Atmos Pipeline - Texas", "pipe_type": "Intrastate"}}, {"type": "Feature", "geometry": {"type": "LineString", "coordinates": [[-96.59496, 31.8312], [-96.61137, 31.93573], [-96.61528, 31.97529], [-96.63533, 32.0827], [-96.63663, 32.09174], [-96.65022, 32.16636], [-96.65025, 32.1943]]}, "properties": {"operator": "Atmos Pipeline - Texas", "pipe_type": "Intrastate"}}, {"type": "Feature", "geometry": {"type": "LineString", "coordinates": [[-96.76256, 31.82671], [-96.70546, 31.74858], [-96.68303, 31.73422], [-96.57539, 31.67391], [-96.50936, 31.62358], [-96.51012, 31.57017]]}, "properties": {"operator": "Atmos Pipeline - Texas", "pipe_type": "Intrastate"}}, {"type": "Feature", "geometry": {"type": "LineString", "coordinates": [[-96.52708, 31.67368], [-96.48394, 31.68406], [-96.29225, 31.60543]]}, "properties": {"operator": "Atmos Pipeline - Texas", "pipe_type": "Intrastate"}}, {"type": "Feature", "geometry": {"type": "LineString", "coordinates": [[-96.56961, 32.23458], [-96.57005, 32.2349], [-96.58735, 32.25073], [-96.59932, 32.25977]]}, "properties": {"operator": "Atmos Pipeline - Texas", "pipe_type": "Intrastate"}}, {"type": "Feature", "geometry": {"type": "LineString", "coordinates": [[-96.4826, 31.68734], [-96.48266, 31.71812], [-96.47411, 31.7335], [-96.46705, 31.78085], [-96.46579, 31.78506], [-96.44341, 31.83575]]}, "properties": {"operator": "Atmos Pipeline - Texas", "pipe_type": "Intrastate"}}, {"type": "Feature", "geometry": {"type": "LineString", "coordinates": [[-96.44341, 31.83575], [-96.40393, 31.87346], [-96.38928, 31.89938], [-96.3841, 31.91587], [-96.37625, 31.96211], [-96.39487, 32.02526], [-96.39625, 32.0591], [-96.4108, 32.06587], [-96.41178, 32.08117], [-96.41843, 32.0823], [-96.42774, 32.08117], [-96.43705, 32.07891], [-96.44636, 32.07665], [-96.457, 32.07891], [-96.46365, 32.09134], [-96.45966, 32.10265], [-96.4437, 32.1083], [-96.44503, 32.12638], [-96.48626, 32.17386], [-96.56961, 32.23458]]}, "properties": {"operator": "Atmos Pipeline - Texas", "pipe_type": "Intrastate"}}, {"type": "Feature", "geometry": {"type": "LineString", "coordinates": [[-95.67091, 31.74353], [-95.68083, 31.73713], [-95.68224, 31.73073], [-95.68505, 31.71153], [-95.70915, 31.6973], [-95.71624, 31.69446], [-95.71908, 31.69446], [-95.72333, 31.6909], [-95.73538, 31.68521], [-95.76213, 31.67841]]}, "properties": {"operator": "Atmos Pipeline - Texas", "pipe_type": "Intrastate"}}, {"type": "Feature", "geometry": {"type": "LineString", "coordinates": [[-95.75939, 31.67125], [-95.82691, 31.66238], [-95.96655, 31.64158], [-95.97906, 31.64537]]}, "properties": {"operator": "Atmos Pipeline - Texas", "pipe_type": "Intrastate"}}, {"type": "Feature", "geometry": {"type": "LineString", "coordinates": [[-95.69295, 31.68282], [-95.69297, 31.69861], [-95.70224, 31.70537]]}, "properties": {"operator": "Atmos Pipeline - Texas", "pipe_type": "Intrastate"}}, {"type": "Feature", "geometry": {"type": "LineString", "coordinates": [[-95.99071, 31.97859], [-95.93762, 31.91563], [-95.86228, 31.82412], [-95.85305, 31.81296], [-95.76213, 31.67841]]}, "properties": {"operator": "Atmos Pipeline - Texas", "pipe_type": "Intrastate"}}, {"type": "Feature", "geometry": {"type": "LineString", "coordinates": [[-95.95073, 31.91414], [-95.94018, 31.90628], [-95.93227, 31.90971], [-95.9204, 31.91089], [-95.91117, 31.90641]]}, "properties": {"operator": "Atmos Pipeline - Texas", "pipe_type": "Intrastate"}}, {"type": "Feature", "geometry": {"type": "LineString", "coordinates": [[-95.51117, 33.094], [-95.55651, 33.09732], [-95.56687, 33.10632], [-95.57723, 33.10306], [-95.60444, 33.10391], [-95.67568, 33.10398], [-95.67957, 33.10889], [-95.80646, 33.12046]]}, "properties": {"operator": "Atmos Pipeline - Texas", "pipe_type": "Intrastate"}}, {"type": "Feature", "geometry": {"type": "LineString", "coordinates": [[-95.80646, 33.12046], [-95.83372, 33.12294], [-95.90401, 33.13433]]}, "properties": {"operator": "Atmos Pipeline - Texas", "pipe_type": "Intrastate"}}, {"type": "Feature", "geometry": {"type": "LineString", "coordinates": [[-95.09193, 32.29814], [-95.09588, 32.27667], [-95.14057, 32.27333], [-95.16817, 32.26885], [-95.2247, 32.26666], [-95.23402, 32.26762], [-95.24704, 32.26895], [-95.28385, 32.27126]]}, "properties": {"operator": "Atmos Pipeline - Texas", "pipe_type": "Intrastate"}}, {"type": "Feature", "geometry": {"type": "LineString", "coordinates": [[-95.24178, 32.28025], [-95.24704, 32.27687], [-95.24836, 32.25991], [-95.22995, 32.25763]]}, "properties": {"operator": "Atmos Pipeline - Texas", "pipe_type": "Intrastate"}}, {"type": "Feature", "geometry": {"type": "LineString", "coordinates": [[-95.16817, 32.29372], [-95.17343, 32.29373], [-95.16817, 32.26885], [-95.16686, 32.25868]]}, "properties": {"operator": "Atmos Pipeline - Texas", "pipe_type": "Intrastate"}}, {"type": "Feature", "geometry": {"type": "LineString", "coordinates": [[-95.98345, 31.98412], [-95.98363, 31.9802], [-95.99809, 31.98022], [-95.99677, 31.961], [-96.00724, 31.95383]]}, "properties": {"operator": "Atmos Pipeline - Texas", "pipe_type": "Intrastate"}}, {"type": "Feature", "geometry": {"type": "LineString", "coordinates": [[-96.06824, 32.10663], [-96.01883, 32.05387]]}, "properties": {"operator": "Atmos Pipeline - Texas", "pipe_type": "Intrastate"}}, {"type": "Feature", "geometry": {"type": "LineString", "coordinates": [[-96.01909, 32.0536], [-96.00637, 32.03014], [-95.99716, 32.01645], [-95.99556, 31.99135], [-95.98637, 31.98565]]}, "properties": {"operator": "Atmos Pipeline - Texas", "pipe_type": "Intrastate"}}, {"type": "Feature", "geometry": {"type": "LineString", "coordinates": [[-96.07425, 32.10622], [-96.02326, 32.05066]]}, "properties": {"operator": "Atmos Pipeline - Texas", "pipe_type": "Intrastate"}}, {"type": "Feature", "geometry": {"type": "LineString", "coordinates": [[-96.02368, 32.05085], [-96.02004, 32.04375], [-96.00374, 32.01734], [-96.00016, 32.011], [-96.0001, 31.97984], [-95.99029, 31.97873], [-95.98637, 31.98543]]}, "properties": {"operator": "Atmos Pipeline - Texas", "pipe_type": "Intrastate"}}, {"type": "Feature", "geometry": {"type": "LineString", "coordinates": [[-95.98929, 31.97136], [-95.98433, 31.97136]]}, "properties": {"operator": "Atmos Pipeline - Texas", "pipe_type": "Intrastate"}}, {"type": "Feature", "geometry": {"type": "LineString", "coordinates": [[-96.02004, 31.97164], [-96.01711, 31.97164], [-96.00922, 31.97841], [-95.98951, 31.97725], [-95.95401, 31.96364]]}, "properties": {"operator": "Atmos Pipeline - Texas", "pipe_type": "Intrastate"}}, {"type": "Feature", "geometry": {"type": "LineString", "coordinates": [[-95.99329, 32.14056], [-96.02755, 32.12578], [-96.01833, 32.10771]]}, "properties": {"operator": "Atmos Pipeline - Texas", "pipe_type": "Intrastate"}}, {"type": "Feature", "geometry": {"type": "LineString", "coordinates": [[-96.06444, 32.17089], [-96.03941, 32.15174], [-96.02623, 32.13369]]}, "properties": {"operator": "Atmos Pipeline - Texas", "pipe_type": "Intrastate"}}, {"type": "Feature", "geometry": {"type": "LineString", "coordinates": [[-96.00597, 32.38005], [-95.99463, 32.39386], [-95.98352, 32.41118], [-95.97907, 32.42272], [-95.97463, 32.42993], [-95.96796, 32.43426], [-95.94797, 32.44147], [-95.94352, 32.46311], [-95.92711, 32.48034]]}, "properties": {"operator": "Atmos Pipeline - Texas", "pipe_type": "Intrastate"}}, {"type": "Feature", "geometry": {"type": "LineString", "coordinates": [[-96.03906, 32.29722], [-96.03462, 32.33905], [-96.0124, 32.37223], [-96.00597, 32.38005]]}, "properties": {"operator": "Atmos Pipeline - Texas", "pipe_type": "Intrastate"}}, {"type": "Feature", "geometry": {"type": "LineString", "coordinates": [[-96.57005, 32.2349], [-96.55703, 32.25299], [-96.55835, 32.30951], [-96.52266, 32.32534], [-96.52531, 32.36603], [-96.4691, 32.40047]]}, "properties": {"operator": "Atmos Pipeline - Texas", "pipe_type": "Intrastate"}}, {"type": "Feature", "geometry": {"type": "LineString", "coordinates": [[-96.4437, 32.1083], [-96.43748, 32.10851], [-96.43663, 32.10111], [-96.43158, 32.09963]]}, "properties": {"operator": "Atmos Pipeline - Texas", "pipe_type": "Intrastate"}}, {"type": "Feature", "geometry": {"type": "LineString", "coordinates": [[-96.62313, 31.55214], [-96.61461, 31.50982], [-96.63172, 31.46231], [-96.62317, 31.45993], [-96.60891, 31.42668], [-96.61461, 31.37203], [-96.64143, 31.31528]]}, "properties": {"operator": "Atmos Pipeline - Texas", "pipe_type": "Intrastate"}}, {"type": "Feature", "geometry": {"type": "LineString", "coordinates": [[-96.61461, 31.37203], [-96.57753, 31.36728], [-96.56042, 31.36253], [-96.54901, 31.35778]]}, "properties": {"operator": "Atmos Pipeline - Texas", "pipe_type": "Intrastate"}}, {"type": "Feature", "geometry": {"type": "LineString", "coordinates": [[-96.41178, 32.08117], [-96.40513, 32.07665], [-96.4038, 32.07213], [-96.39715, 32.06873], [-96.39183, 32.0676]]}, "properties": {"operator": "Atmos Pipeline - Texas", "pipe_type": "Intrastate"}}, {"type": "Feature", "geometry": {"type": "LineString", "coordinates": [[-95.71488, 31.4785], [-95.70727, 31.47965], [-95.63927, 31.58284]]}, "properties": {"operator": "Atmos Pipeline - Texas", "pipe_type": "Intrastate"}}, {"type": "Feature", "geometry": {"type": "LineString", "coordinates": [[-95.58877, 33.26024], [-95.58415, 33.2374], [-95.50119, 33.1065], [-95.51117, 33.094]]}, "properties": {"operator": "Atmos Pipeline - Texas", "pipe_type": "Intrastate"}}, {"type": "Feature", "geometry": {"type": "LineString", "coordinates": [[-95.98672, 31.65743], [-95.98366, 31.65195], [-95.97906, 31.64537], [-95.9456, 31.60402], [-95.92792, 31.56737]]}, "properties": {"operator": "Atmos Pipeline - Texas", "pipe_type": "Intrastate"}}, {"type": "Feature", "geometry": {"type": "LineString", "coordinates": [[-95.92792, 31.56737], [-95.92302, 31.55726], [-95.8869, 31.46025]]}, "properties": {"operator": "Atmos Pipeline - Texas", "pipe_type": "Intrastate"}}, {"type": "Feature", "geometry": {"type": "LineString", "coordinates": [[-95.76434, 31.67757], [-95.6986, 31.6117], [-95.63971, 31.58316]]}, "properties": {"operator": "Atmos Pipeline - Texas", "pipe_type": "Intrastate"}}, {"type": "Feature", "geometry": {"type": "LineString", "coordinates": [[-95.63971, 31.58316], [-95.63886, 31.58224], [-95.56521, 31.5308]]}, "properties": {"operator": "Atmos Pipeline - Texas", "pipe_type": "Intrastate"}}, {"type": "Feature", "geometry": {"type": "MultiLineString", "coordinates": [[[-95.63003, 33.46753], [-95.58835, 33.28409], [-95.58935, 33.25488]], [[-95.6236, 33.61228], [-95.63003, 33.46753]], [[-95.57315, 33.69038], [-95.59665, 33.68596], [-95.59748, 33.67358], [-95.6236, 33.61049]]]}, "properties": {"operator": "Atmos Pipeline - Texas", "pipe_type": "Intrastate"}}, {"type": "Feature", "geometry": {"type": "LineString", "coordinates": [[-94.77133, 31.12013], [-94.76036, 31.1388], [-94.69875, 31.24365]]}, "properties": {"operator": "Natural Gas PL Co of Am", "pipe_type": "Interstate"}}, {"type": "Feature", "geometry": {"type": "LineString", "coordinates": [[-94.69875, 31.24365], [-94.65572, 31.34867], [-94.61683, 31.44358]]}, "properties": {"operator": "Natural Gas PL Co of Am", "pipe_type": "Interstate"}}, {"type": "Feature", "geometry": {"type": "LineString", "coordinates": [[-95.12704, 33.32864], [-95.30406, 33.37856]]}, "properties": {"operator": "Natural Gas PL Co of Am", "pipe_type": "Interstate"}}, {"type": "Feature", "geometry": {"type": "LineString", "coordinates": [[-94.81318, 33.23162], [-95.03978, 33.30167], [-95.12704, 33.32864]]}, "properties": {"operator": "Natural Gas PL Co of Am", "pipe_type": "Interstate"}}, {"type": "Feature", "geometry": {"type": "LineString", "coordinates": [[-94.71308, 33.03873], [-94.71309, 33.03883], [-94.71458, 33.03811], [-94.71462, 33.03826]]}, "properties": {"operator": "Enable Gas Transmission", "pipe_type": "Interstate"}}, {"type": "Feature", "geometry": {"type": "LineString", "coordinates": [[-94.71247, 33.03897], [-94.71134, 33.0392]]}, "properties": {"operator": "Enable Gas Transmission", "pipe_type": "Interstate"}}, {"type": "Feature", "geometry": {"type": "LineString", "coordinates": [[-94.71019, 32.91735], [-94.71041, 32.91746], [-94.71078, 32.91748]]}, "properties": {"operator": "Enable Gas Transmission", "pipe_type": "Interstate"}}, {"type": "Feature", "geometry": {"type": "LineString", "coordinates": [[-94.04291, 32.81475], [-94.04292, 32.81475], [-94.043, 32.81475], [-94.04406, 32.81477], [-94.04639, 32.81491], [-94.0549, 32.81523], [-94.05734, 32.81501], [-94.06031, 32.81477], [-94.06048, 32.81476], [-94.06137, 32.81469], [-94.0837, 32.81483], [-94.08377, 32.81483], [-94.08868, 32.81486], [-94.0899, 32.81498], [-94.09059, 32.81504], [-94.09423, 32.81509], [-94.09467, 32.8151], [-94.09591, 32.81553], [-94.09698, 32.81561], [-94.10213, 32.81584], [-94.1022, 32.81585], [-94.10277, 32.81587], [-94.10567, 32.81575], [-94.10731, 32.81558], [-94.10956, 32.8155], [-94.10999, 32.81517], [-94.12089, 32.81489], [-94.1219, 32.81488], [-94.12225, 32.81487], [-94.14214, 32.81466], [-94.1431, 32.81467], [-94.14322, 32.81467], [-94.15402, 32.81475], [-94.15908, 32.81524], [-94.16115, 32.81543], [-94.16122, 32.81544], [-94.1625, 32.81556], [-94.16354, 32.81575], [-94.16604, 32.81619], [-94.1699, 32.81686], [-94.17268, 32.81685], [-94.17308, 32.81685], [-94.17474, 32.81684], [-94.17844, 32.81677], [-94.18988, 32.81658], [-94.19002, 32.81658], [-94.19112, 32.81656], [-94.19217, 32.81658], [-94.19231, 32.81658], [-94.19291, 32.81659], [-94.19973, 32.81664], [-94.2089, 32.81652], [-94.21214, 32.81651], [-94.21517, 32.81644], [-94.21638, 32.81637], [-94.23552, 32.81594], [-94.23555, 32.81594], [-94.23558, 32.81594], [-94.23561, 32.81594], [-94.23823, 32.81588], [-94.24821, 32.81568], [-94.24851, 32.81568], [-94.25034, 32.81564], [-94.25123, 32.81571], [-94.25232, 32.8157], [-94.25234, 32.8157], [-94.25568, 32.81566], [-94.26746, 32.81535], [-94.26747, 32.81535], [-94.27893, 32.81504], [-94.27959, 32.81502], [-94.29212, 32.81483], [-94.2934, 32.8148], [-94.31179, 32.81539], [-94.31229, 32.81546], [-94.31251, 32.81555], [-94.31281, 32.81568], [-94.31317, 32.81584], [-94.31355, 32.8159], [-94.32463, 32.81474], [-94.32813, 32.81484], [-94.32833, 32.81484], [-94.33638, 32.81506], [-94.33928, 32.8151], [-94.34096, 32.81523], [-94.34098, 32.81523], [-94.34167, 32.81519], [-94.34213, 32.8152], [-94.34762, 32.81527], [-94.34826, 32.81528], [-94.34863, 32.81529], [-94.34972, 32.81531], [-94.35121, 32.81535], [-94.35133, 32.81536], [-94.35535, 32.81547], [-94.35567, 32.81546], [-94.35761, 32.81528], [-94.36023, 32.81558], [-94.36218, 32.81608], [-94.36317, 32.81642], [-94.36344, 32.81651], [-94.36386, 32.81666], [-94.36974, 32.81819], [-94.38077, 32.82113], [-94.38192, 32.82111], [-94.38681, 32.82093], [-94.38826, 32.82126], [-94.39209, 32.82218], [-94.40299, 32.82454], [-94.40386, 32.82481], [-94.40643, 32.82526], [-94.41845, 32.82758], [-94.41866, 32.82762], [-94.41884, 32.82765], [-94.42099, 32.82817], [-94.4309, 32.8305], [-94.45093, 32.8378], [-94.45287, 32.83815], [-94.45618, 32.83922], [-94.47282, 32.8447], [-94.47575, 32.84566], [-94.49174, 32.85125], [-94.49197, 32.85134], [-94.49658, 32.85295], [-94.49667, 32.85298], [-94.50162, 32.85471], [-94.50397, 32.85655], [-94.5062, 32.85696], [-94.51406, 32.8594], [-94.51769, 32.86106], [-94.51838, 32.86135], [-94.51952, 32.86184], [-94.52076, 32.86187], [-94.52306, 32.86193], [-94.52362, 32.86195], [-94.53477, 32.8655], [-94.53491, 32.86554], [-94.53936, 32.86696], [-94.54119, 32.86759], [-94.5444, 32.86862], [-94.55032, 32.87098], [-94.55505, 32.8725], [-94.55463, 32.87284], [-94.56036, 32.87498], [-94.56247, 32.87605], [-94.56261, 32.87612], [-94.5645, 32.87708], [-94.57172, 32.87968], [-94.57732, 32.8817], [-94.57897, 32.88252], [-94.57921, 32.88264], [-94.5794, 32.88271], [-94.57951, 32.88275], [-94.57987, 32.88288], [-94.57989, 32.88289], [-94.59178, 32.88721], [-94.59255, 32.88749], [-94.60576, 32.89229], [-94.61364, 32.89421], [-94.63339, 32.90135], [-94.63562, 32.90198], [-94.6368, 32.90232], [-94.63771, 32.90258], [-94.63888, 32.90303], [-94.64031, 32.90366], [-94.64283, 32.90421], [-94.64409, 32.90515], [-94.65279, 32.90822], [-94.65427, 32.90875], [-94.65848, 32.91024], [-94.67234, 32.91101], [-94.67968, 32.91389], [-94.68013, 32.91407], [-94.69373, 32.92006], [-94.70722, 32.92375], [-94.7067, 32.92743], [-94.70652, 32.92756], [-94.70655, 32.92875], [-94.70838, 32.92897], [-94.70867, 32.92875], [-94.70887, 32.92857], [-94.70917, 32.92842], [-94.70954, 32.92835], [-94.70988, 32.92831], [-94.71017, 32.92825], [-94.71054, 32.92815], [-94.71095, 32.92805], [-94.71128, 32.92791], [-94.71155, 32.92776], [-94.71184, 32.92762], [-94.71222, 32.92735], [-94.71256, 32.9272], [-94.7129, 32.92718], [-94.71321, 32.92711], [-94.71338, 32.92695], [-94.71347, 32.92677], [-94.71348, 32.92642], [-94.71334, 32.92611], [-94.71312, 32.92577], [-94.72039, 32.92857], [-94.72112, 32.92851], [-94.72196, 32.92876], [-94.72253, 32.92893], [-94.7279, 32.93045], [-94.73121, 32.93139], [-94.73136, 32.93143], [-94.73281, 32.93185], [-94.73287, 32.93186], [-94.73315, 32.93194], [-94.73324, 32.93197], [-94.73326, 32.93198], [-94.73334, 32.932], [-94.73544, 32.93259], [-94.7359, 32.93273], [-94.73595, 32.93307], [-94.73675, 32.93367], [-94.73696, 32.93375], [-94.73863, 32.93344], [-94.73905, 32.93355], [-94.73916, 32.93358], [-94.73989, 32.93378], [-94.7417, 32.93425], [-94.74214, 32.93437], [-94.74209, 32.93451], [-94.74223, 32.93455], [-94.74225, 32.93456], [-94.75128, 32.93744], [-94.7553, 32.93876], [-94.77495, 32.94123], [-94.77496, 32.94123], [-94.77682, 32.94152], [-94.77781, 32.942], [-94.78697, 32.94672], [-94.79109, 32.94876], [-94.79122, 32.94882], [-94.79426, 32.95033], [-94.7995, 32.95241], [-94.81519, 32.95671], [-94.81628, 32.95701], [-94.81805, 32.95718], [-94.82045, 32.95757], [-94.82221, 32.95764], [-94.82538, 32.95776], [-94.82758, 32.95785], [-94.82776, 32.95785], [-94.82901, 32.9579], [-94.82973, 32.95809], [-94.83017, 32.95821], [-94.85039, 32.96354], [-94.85046, 32.96356], [-94.85403, 32.9645], [-94.85519, 32.96473], [-94.85854, 32.96549], [-94.86059, 32.96597], [-94.87647, 32.96822], [-94.87678, 32.96827], [-94.87711, 32.96832], [-94.87973, 32.9687], [-94.90784, 32.97689], [-94.91217, 32.97785], [-94.92302, 32.98075], [-94.92715, 32.98179], [-94.93801, 32.98333], [-94.93977, 32.98358], [-94.93987, 32.98357], [-94.94488, 32.98349], [-94.9456, 32.98348], [-94.94753, 32.98336], [-94.94885, 32.98311], [-94.94975, 32.98307], [-94.9503, 32.98306], [-94.95075, 32.98305], [-94.95181, 32.98303], [-94.95693, 32.98283], [-94.95774, 32.98291], [-94.95848, 32.98295], [-94.95875, 32.98297], [-94.96237, 32.98374], [-94.96403, 32.98281], [-94.96468, 32.98252], [-94.96537, 32.98248], [-94.96587, 32.98244], [-94.96598, 32.98243], [-94.96642, 32.98258], [-94.96824, 32.98317], [-94.96854, 32.98326], [-94.96992, 32.98371], [-94.97637, 32.98297], [-94.97774, 32.98277], [-94.97784, 32.98276], [-94.97849, 32.98266], [-94.97899, 32.98259], [-94.97989, 32.98246], [-94.99095, 32.98084], [-94.99228, 32.98083], [-94.99441, 32.98078], [-94.9964, 32.98073], [-94.99784, 32.98068], [-95.00001, 32.98057], [-95.00948, 32.97972], [-95.01186, 32.97949], [-95.01439, 32.97936], [-95.01592, 32.97926], [-95.02112, 32.97894], [-95.02122, 32.97894], [-95.02182, 32.9789], [-95.02473, 32.9787], [-95.02648, 32.97862], [-95.02682, 32.97862], [-95.029, 32.97849], [-95.03465, 32.97809], [-95.0382, 32.97785], [-95.03955, 32.97768], [-95.04058, 32.97762], [-95.04485, 32.9772], [-95.04494, 32.9772], [-95.05132, 32.97658], [-95.0577, 32.97597], [-95.05927, 32.97578], [-95.06088, 32.97562], [-95.06149, 32.97559], [-95.07313, 32.97437], [-95.07523, 32.97405], [-95.07552, 32.97401], [-95.07561, 32.97399], [-95.07687, 32.97381], [-95.07905, 32.97359], [-95.08508, 32.97306], [-95.09146, 32.97235], [-95.09277, 32.97225], [-95.09678, 32.97239], [-95.0968, 32.97238], [-95.0969, 32.97238], [-95.09844, 32.97226], [-95.10298, 32.97179], [-95.10314, 32.97178], [-95.10326, 32.97177], [-95.1048, 32.97167], [-95.10945, 32.97145], [-95.11975, 32.97083], [-95.12148, 32.97065], [-95.124, 32.97043], [-95.12592, 32.97023], [-95.12732, 32.9701], [-95.12861, 32.97001], [-95.12915, 32.96998], [-95.13031, 32.97003], [-95.13191, 32.97002], [-95.13201, 32.97002], [-95.1345, 32.97001], [-95.13525, 32.97001], [-95.13915, 32.96977], [-95.13946, 32.96975], [-95.14222, 32.96957], [-95.14719, 32.96904], [-95.15162, 32.96869], [-95.15202, 32.96866], [-95.1553, 32.96832], [-95.1675, 32.96691], [-95.17499, 32.96587], [-95.17719, 32.96557], [-95.17869, 32.96556], [-95.18147, 32.96499], [-95.18316, 32.96475], [-95.18353, 32.9647], [-95.20415, 32.9618], [-95.20655, 32.96092], [-95.21088, 32.96051], [-95.21171, 32.95988], [-95.21676, 32.95999], [-95.21758, 32.95988], [-95.22175, 32.95991], [-95.22308, 32.95971], [-95.22826, 32.95797], [-95.2415, 32.95766], [-95.24579, 32.95761], [-95.25005, 32.95716], [-95.25057, 32.95709], [-95.25097, 32.95702], [-95.25167, 32.95699], [-95.25217, 32.95694], [-95.25275, 32.95677], [-95.25285, 32.95681], [-95.25316, 32.9569], [-95.25328, 32.95694], [-95.25353, 32.95696], [-95.2539, 32.95693], [-95.25426, 32.95679], [-95.25482, 32.95661], [-95.25553, 32.95651], [-95.25813, 32.95616], [-95.25969, 32.95602], [-95.26094, 32.95582], [-95.26431, 32.95529], [-95.26439, 32.95527], [-95.2648, 32.95521], [-95.26601, 32.95502], [-95.26766, 32.95476], [-95.26824, 32.95435], [-95.26866, 32.95406], [-95.26868, 32.95405], [-95.2727, 32.95362], [-95.27566, 32.95344], [-95.27569, 32.95344], [-95.27585, 32.95343]]}, "properties": {"operator": "Enable Gas Transmission", "pipe_type": "Interstate"}}, {"type": "Feature", "geometry": {"type": "LineString", "coordinates": [[-94.73365, 32.93209], [-94.7336, 32.9322], [-94.73494, 32.93253], [-94.73527, 32.93277], [-94.73532, 32.9328], [-94.73559, 32.933], [-94.73674, 32.93383], [-94.73696, 32.93387], [-94.73783, 32.93371], [-94.73864, 32.93356], [-94.73897, 32.93365], [-94.73913, 32.9337], [-94.73956, 32.93381], [-94.73979, 32.93388], [-94.74002, 32.93394], [-94.74025, 32.934], [-94.74055, 32.93409], [-94.74154, 32.93436], [-94.74209, 32.93451]]}, "properties": {"operator": "Enable Gas Transmission", "pipe_type": "Interstate"}}, {"type": "Feature", "geometry": {"type": "LineString", "coordinates": [[-94.73984, 32.9339], [-94.73984, 32.93391], [-94.73898, 32.93849], [-94.73848, 32.94111], [-94.73792, 32.94407], [-94.73791, 32.94415], [-94.73789, 32.94424], [-94.73699, 32.94904], [-94.73679, 32.95006], [-94.73656, 32.95131], [-94.7354, 32.95746], [-94.73539, 32.95751], [-94.73531, 32.95792], [-94.73529, 32.95805], [-94.73496, 32.95978], [-94.73482, 32.96054], [-94.73439, 32.96283], [-94.734, 32.96489], [-94.73329, 32.96868], [-94.73324, 32.96893], [-94.73308, 32.96975], [-94.73285, 32.97098], [-94.73283, 32.9711], [-94.73278, 32.97136], [-94.73264, 32.97209], [-94.73259, 32.97241], [-94.73247, 32.97323], [-94.73244, 32.9734], [-94.73243, 32.97346], [-94.73234, 32.97407], [-94.73231, 32.97424], [-94.73228, 32.97443], [-94.73202, 32.97616], [-94.7314, 32.9802], [-94.73131, 32.98078], [-94.7313, 32.98085], [-94.73128, 32.98093], [-94.73072, 32.98463], [-94.7306, 32.98537], [-94.73017, 32.98816], [-94.73015, 32.98831], [-94.73008, 32.98878], [-94.72981, 32.9905], [-94.7298, 32.99061], [-94.72978, 32.99072], [-94.72961, 32.99182], [-94.72911, 32.99506], [-94.72904, 32.99552], [-94.729, 32.99581], [-94.72899, 32.99587], [-94.72885, 32.99677], [-94.7284, 32.99973], [-94.7282, 33.00104], [-94.72783, 33.00339], [-94.72608, 33.00643], [-94.72598, 33.0066], [-94.72546, 33.0075], [-94.72485, 33.00749], [-94.72457, 33.00749], [-94.72354, 33.00747], [-94.72225, 33.00746], [-94.7212, 33.00745], [-94.72111, 33.00745], [-94.72104, 33.00744], [-94.72062, 33.00744], [-94.72041, 33.00744], [-94.7203, 33.00744], [-94.71996, 33.00743], [-94.71949, 33.00743], [-94.71948, 33.00743], [-94.71766, 33.00741], [-94.71757, 33.00741], [-94.71726, 33.0074], [-94.71626, 33.00739], [-94.71606, 33.00739], [-94.7155, 33.00779], [-94.71457, 33.00952], [-94.71459, 33.01017], [-94.71467, 33.01256], [-94.71457, 33.01626], [-94.71515, 33.01804], [-94.7164, 33.02085], [-94.7166, 33.0218], [-94.71674, 33.02379], [-94.71726, 33.02399], [-94.7173, 33.02406], [-94.7173, 33.02408], [-94.71682, 33.02857], [-94.71669, 33.02913], [-94.71573, 33.02977], [-94.71644, 33.0304], [-94.71606, 33.0322], [-94.71603, 33.03235], [-94.71601, 33.03242], [-94.71581, 33.03336], [-94.71575, 33.03383], [-94.71531, 33.03738], [-94.71529, 33.03761], [-94.71533, 33.03762], [-94.71562, 33.03767], [-94.71524, 33.0388], [-94.71589, 33.0388], [-94.71583, 33.04085], [-94.71583, 33.04099], [-94.71582, 33.04107], [-94.71582, 33.04128], [-94.7157, 33.0452], [-94.71562, 33.04806], [-94.71562, 33.04817], [-94.71556, 33.05037], [-94.71541, 33.05542], [-94.71524, 33.06133], [-94.71517, 33.06395], [-94.71511, 33.06427], [-94.71421, 33.06974], [-94.7139, 33.07165], [-94.71334, 33.07505], [-94.71286, 33.07798], [-94.7125, 33.08015], [-94.71184, 33.08418], [-94.71179, 33.08445], [-94.71178, 33.08456], [-94.71217, 33.08479], [-94.7118, 33.0861], [-94.71184, 33.08675], [-94.71186, 33.08719], [-94.71185, 33.0874], [-94.71185, 33.08746], [-94.71185, 33.0877], [-94.71181, 33.08932], [-94.71175, 33.09187], [-94.71171, 33.09347], [-94.71171, 33.09359], [-94.7117, 33.09369], [-94.71155, 33.10029], [-94.71148, 33.10296], [-94.71148, 33.10308], [-94.71147, 33.10332], [-94.71146, 33.10373], [-94.71129, 33.11105], [-94.71129, 33.11107], [-94.71129, 33.11111], [-94.71128, 33.11118], [-94.7112, 33.11486], [-94.71119, 33.11498], [-94.71119, 33.11505], [-94.71116, 33.11636], [-94.7107, 33.13559], [-94.71063, 33.13843], [-94.71054, 33.14216], [-94.71053, 33.14261], [-94.71053, 33.14274], [-94.71052, 33.14291], [-94.71051, 33.14347], [-94.7105, 33.14374], [-94.71048, 33.14457], [-94.71047, 33.14484], [-94.71041, 33.14765], [-94.71028, 33.15317], [-94.71024, 33.15443], [-94.71024, 33.15445], [-94.71013, 33.15912], [-94.71005, 33.1626], [-94.70999, 33.16503], [-94.70999, 33.16506], [-94.70999, 33.1651], [-94.70996, 33.16636], [-94.70991, 33.16852], [-94.70989, 33.16916], [-94.70989, 33.16919], [-94.70983, 33.17174], [-94.70974, 33.17555], [-94.70964, 33.17953], [-94.70964, 33.17962], [-94.70964, 33.17973]]}, "properties": {"operator": "Enable Gas Transmission", "pipe_type": "Interstate"}}, {"type": "Feature", "geometry": {"type": "LineString", "coordinates": [[-94.96761, 32.98296], [-94.96805, 32.98367], [-94.96792, 32.98368], [-94.96722, 32.98451], [-94.96721, 32.98451], [-94.9671, 32.98455], [-94.96763, 32.98589], [-94.96765, 32.98595]]}, "properties": {"operator": "Enable Gas Transmission", "pipe_type": "Interstate"}}, {"type": "Feature", "geometry": {"type": "LineString", "coordinates": [[-94.93966, 32.98258], [-94.93978, 32.97848], [-94.93981, 32.97726], [-94.93982, 32.9771], [-94.93983, 32.97681], [-94.93983, 32.97672], [-94.93983, 32.97667], [-94.93985, 32.97614], [-94.93996, 32.97207], [-94.94002, 32.97], [-94.94049, 32.96715], [-94.9407, 32.96581], [-94.94082, 32.96502], [-94.94107, 32.96335], [-94.94133, 32.96164], [-94.94149, 32.96054], [-94.9415, 32.9605], [-94.94152, 32.96038], [-94.94154, 32.96026], [-94.94154, 32.96025], [-94.94172, 32.95904], [-94.94177, 32.95875], [-94.94177, 32.9587], [-94.94178, 32.95865], [-94.94185, 32.95822], [-94.94237, 32.95477], [-94.94256, 32.95352], [-94.94286, 32.95151], [-94.94341, 32.94787], [-94.94373, 32.94575], [-94.94399, 32.94404], [-94.94448, 32.94081], [-94.9443, 32.94051], [-94.94431, 32.94047], [-94.94436, 32.94014], [-94.94454, 32.93907], [-94.94458, 32.93884], [-94.94459, 32.93878], [-94.94463, 32.93853], [-94.94468, 32.93828], [-94.9447, 32.93816], [-94.9449, 32.93697], [-94.94495, 32.93668], [-94.94531, 32.93452], [-94.94601, 32.9304], [-94.94724, 32.92309], [-94.94743, 32.92196], [-94.94805, 32.91829], [-94.94864, 32.91484], [-94.94873, 32.91449], [-94.9488, 32.91422], [-94.94887, 32.9135], [-94.94904, 32.91156], [-94.94916, 32.9103], [-94.94956, 32.90595], [-94.94945, 32.90288], [-94.94929, 32.89821], [-94.94898, 32.88901], [-94.94897, 32.88883], [-94.94888, 32.88628], [-94.94873, 32.88198], [-94.94862, 32.87854], [-94.94851, 32.87539], [-94.9486, 32.87262], [-94.94862, 32.8721], [-94.94817, 32.86811], [-94.94807, 32.86726], [-94.94768, 32.86382], [-94.94727, 32.86026], [-94.94724, 32.85998], [-94.94743, 32.85878], [-94.94746, 32.85854], [-94.94778, 32.85653], [-94.94795, 32.85543], [-94.94796, 32.85536], [-94.94805, 32.8548], [-94.94828, 32.85329], [-94.94836, 32.85279], [-94.94841, 32.85245], [-94.94843, 32.8523], [-94.94844, 32.85227], [-94.94845, 32.85221], [-94.94874, 32.85033], [-94.94887, 32.84948], [-94.94888, 32.84941], [-94.94903, 32.84848], [-94.949, 32.84802], [-94.9489, 32.84652], [-94.94891, 32.84624], [-94.94892, 32.84553], [-94.9487, 32.8435], [-94.94872, 32.84241], [-94.94875, 32.84063], [-94.94879, 32.83856], [-94.94882, 32.83692], [-94.94886, 32.83494], [-94.94902, 32.82614], [-94.94904, 32.82501], [-94.94902, 32.82355], [-94.94896, 32.82047], [-94.94891, 32.81758], [-94.94892, 32.8162], [-94.94893, 32.81557], [-94.94894, 32.81507], [-94.94896, 32.81315], [-94.949, 32.81018], [-94.949, 32.80999], [-94.94903, 32.80801], [-94.94905, 32.80674], [-94.9491, 32.8028], [-94.94913, 32.79991], [-94.94918, 32.79628], [-94.94921, 32.79402], [-94.94925, 32.79128], [-94.94927, 32.78986], [-94.94928, 32.78913], [-94.94932, 32.78541], [-94.94933, 32.78536], [-94.94933, 32.78514], [-94.94934, 32.78433], [-94.94935, 32.78433], [-94.94954, 32.78429], [-94.94984, 32.78422], [-94.94972, 32.78382], [-94.94971, 32.78378], [-94.94917, 32.78212], [-94.9486, 32.77553], [-94.9486, 32.77551], [-94.94857, 32.77518], [-94.94826, 32.77163], [-94.94798, 32.76832], [-94.94764, 32.76442], [-94.94743, 32.76348], [-94.94621, 32.75807], [-94.94343, 32.74573], [-94.9444, 32.74151], [-94.94445, 32.74128], [-94.94442, 32.74004], [-94.94384, 32.74002], [-94.94383, 32.7401]]}, "properties": {"operator": "Enable Gas Transmission", "pipe_type": "Interstate"}}, {"type": "Feature", "geometry": {"type": "LineString", "coordinates": [[-94.93969, 32.98265], [-94.93968, 32.98292], [-94.93967, 32.983], [-94.93942, 32.9899], [-94.93937, 32.99113], [-94.93937, 32.99119], [-94.93937, 32.99128], [-94.93936, 32.99135], [-94.93936, 32.99141], [-94.93935, 32.99165], [-94.93926, 32.99421], [-94.93923, 32.99427], [-94.93918, 32.99436], [-94.93909, 32.99455], [-94.93914, 32.99485], [-94.93922, 32.99534], [-94.93922, 32.99543], [-94.93894, 33.00147], [-94.93894, 33.00155], [-94.93893, 33.00169], [-94.93893, 33.00171], [-94.93893, 33.00174], [-94.93879, 33.00477], [-94.9391, 33.00732], [-94.93907, 33.0084], [-94.93907, 33.00842], [-94.93906, 33.00856], [-94.93906, 33.00859], [-94.93906, 33.00873], [-94.93896, 33.01205], [-94.93895, 33.01222], [-94.93895, 33.01233], [-94.94092, 33.02473], [-94.94097, 33.02506], [-94.942, 33.03151], [-94.9428, 33.03651], [-94.94366, 33.04192], [-94.94503, 33.05055], [-94.9455, 33.05347], [-94.94553, 33.05367], [-94.94573, 33.0553], [-94.94575, 33.05548], [-94.94597, 33.05645], [-94.94707, 33.06131], [-94.94786, 33.06328], [-94.94787, 33.06331], [-94.94788, 33.06337], [-94.94849, 33.06613], [-94.94945, 33.07041], [-94.94949, 33.0706], [-94.9495, 33.07064], [-94.94935, 33.0732], [-94.94934, 33.07335], [-94.94913, 33.07715], [-94.94896, 33.08007], [-94.94892, 33.08082], [-94.94857, 33.087], [-94.94855, 33.08733], [-94.94852, 33.08801], [-94.95295, 33.09265], [-94.95418, 33.09393], [-94.95615, 33.096], [-94.95729, 33.09718], [-94.95736, 33.09768], [-94.95738, 33.09781], [-94.95745, 33.09828], [-94.9576, 33.09927], [-94.95777, 33.1002], [-94.958, 33.10148], [-94.95807, 33.10183], [-94.95833, 33.10269], [-94.95834, 33.10272], [-94.95892, 33.10468], [-94.9595, 33.10804], [-94.9595, 33.1081], [-94.95951, 33.10815], [-94.95994, 33.11065], [-94.96037, 33.11319], [-94.96059, 33.11451], [-94.96069, 33.1151], [-94.96078, 33.11563], [-94.96079, 33.11568], [-94.9608, 33.11574], [-94.96713, 33.12035], [-94.96927, 33.12191], [-94.97089, 33.12309], [-94.97097, 33.12315], [-94.9711, 33.12324], [-94.97126, 33.12335], [-94.97149, 33.12352], [-94.97157, 33.12358], [-94.97376, 33.12518], [-94.97434, 33.1256], [-94.9745, 33.12571], [-94.97467, 33.12584], [-94.97494, 33.12604], [-94.97807, 33.12957], [-94.97851, 33.13007], [-94.97874, 33.13034], [-94.98086, 33.13273], [-94.98126, 33.13319], [-94.98254, 33.13463], [-94.9862, 33.13877], [-94.98629, 33.13909], [-94.98781, 33.14466], [-94.98802, 33.14492], [-94.9881, 33.14504], [-94.98815, 33.1451], [-94.98869, 33.14582], [-94.99002, 33.14757]]}, "properties": {"operator": "Enable Gas Transmission", "pipe_type": "Interstate"}}, {"type": "Feature", "geometry": {"type": "LineString", "coordinates": [[-94.97307, 33.14601], [-94.97349, 33.14602], [-94.97366, 33.14602], [-94.97384, 33.14602], [-94.9758, 33.14603], [-94.97708, 33.14603], [-94.9781, 33.14604], [-94.97984, 33.14605], [-94.98013, 33.14605], [-94.98017, 33.14605], [-94.98051, 33.14605], [-94.98187, 33.14606], [-94.98198, 33.14606], [-94.98261, 33.1462], [-94.98337, 33.14636], [-94.98354, 33.1464], [-94.9836, 33.14645], [-94.98432, 33.14703], [-94.98483, 33.14668], [-94.98529, 33.14678], [-94.98601, 33.14695], [-94.98759, 33.1471], [-94.98905, 33.14725], [-94.99031, 33.14737], [-94.99034, 33.14729], [-94.99064, 33.14732], [-94.99064, 33.1474], [-94.9909, 33.14742], [-94.99149, 33.14748], [-94.9954, 33.14789], [-94.99644, 33.1479], [-94.99718, 33.14791], [-94.99883, 33.14792], [-94.99928, 33.14787], [-94.99963, 33.14782], [-94.99971, 33.14781], [-94.99993, 33.14778], [-95.00016, 33.14775], [-95.00198, 33.14776], [-95.0022, 33.14777], [-95.00228, 33.14777], [-95.00249, 33.14777], [-95.00331, 33.14778], [-95.00889, 33.14782], [-95.01086, 33.1483], [-95.01213, 33.1486], [-95.01552, 33.14942], [-95.01567, 33.14946], [-95.01653, 33.1496], [-95.01978, 33.15016], [-95.02267, 33.15066], [-95.02766, 33.15152], [-95.02788, 33.15156], [-95.02996, 33.15192], [-95.03075, 33.15206], [-95.03207, 33.15228], [-95.03327, 33.15249], [-95.03402, 33.15262], [-95.03458, 33.15272], [-95.03503, 33.15279], [-95.03516, 33.15282], [-95.03566, 33.15287], [-95.04011, 33.15334], [-95.04124, 33.15346], [-95.04151, 33.15349], [-95.04492, 33.15385], [-95.0451, 33.15387], [-95.04788, 33.15416], [-95.05108, 33.1584], [-95.05485, 33.15889], [-95.05566, 33.15893], [-95.06628, 33.15935], [-95.06667, 33.15937], [-95.06683, 33.15938], [-95.06977, 33.1595], [-95.07261, 33.15871], [-95.07411, 33.15871], [-95.07727, 33.15958], [-95.0797, 33.15957], [-95.08833, 33.15952], [-95.09407, 33.15966], [-95.09792, 33.15975], [-95.09902, 33.15978], [-95.10011, 33.15981], [-95.10164, 33.15879], [-95.10179, 33.15882], [-95.10191, 33.15874], [-95.1025, 33.15882], [-95.10259, 33.15893], [-95.10329, 33.15901], [-95.10443, 33.15913], [-95.1045, 33.15913], [-95.10684, 33.15938], [-95.10896, 33.15961], [-95.10956, 33.15818], [-95.111, 33.15813], [-95.11114, 33.15812], [-95.11668, 33.15928], [-95.11625, 33.16143], [-95.11691, 33.16159], [-95.11955, 33.1618], [-95.11973, 33.16182], [-95.12307, 33.16209], [-95.1274, 33.16244], [-95.13133, 33.16258], [-95.13732, 33.1633], [-95.14183, 33.16384], [-95.14337, 33.16402], [-95.14568, 33.1643], [-95.1479, 33.16457], [-95.14803, 33.16458], [-95.14836, 33.16462], [-95.15105, 33.16494], [-95.15543, 33.16547], [-95.15644, 33.16559], [-95.16258, 33.16689], [-95.16334, 33.16706], [-95.1642, 33.16725], [-95.16765, 33.16802], [-95.17112, 33.1688], [-95.17117, 33.16881], [-95.17298, 33.16921], [-95.17754, 33.17024], [-95.18328, 33.17152], [-95.18636, 33.17221], [-95.18716, 33.17239], [-95.18996, 33.17301], [-95.1933, 33.17302], [-95.19522, 33.17287], [-95.19608, 33.1728], [-95.19717, 33.1729], [-95.19769, 33.17294], [-95.19837, 33.173], [-95.20173, 33.17351], [-95.20785, 33.17443], [-95.20913, 33.17463], [-95.21132, 33.1752], [-95.21351, 33.17578], [-95.21475, 33.1761], [-95.21634, 33.17652], [-95.21645, 33.17655], [-95.21653, 33.17657], [-95.21984, 33.17744], [-95.21999, 33.17748], [-95.2201, 33.17751], [-95.22036, 33.17758]]}, "properties": {"operator": "Enable Gas Transmission", "pipe_type": "Interstate"}}, {"type": "Feature", "geometry": {"type": "LineString", "coordinates": [[-94.71595, 33.02411], [-94.71569, 33.02403], [-94.71396, 33.02346], [-94.71289, 33.0231], [-94.71264, 33.02302], [-94.71214, 33.02285], [-94.71069, 33.02237], [-94.71059, 33.02233], [-94.7105, 33.02231], [-94.70967, 33.02203], [-94.70965, 33.02202], [-94.70642, 33.02095], [-94.70531, 33.02058], [-94.70408, 33.02029], [-94.70093, 33.01941], [-94.70074, 33.01936], [-94.70017, 33.0192], [-94.70009, 33.01918], [-94.70004, 33.01916], [-94.69945, 33.019], [-94.69883, 33.01883], [-94.69877, 33.01877], [-94.6982, 33.01826], [-94.69816, 33.01822], [-94.69801, 33.01833], [-94.69789, 33.01841], [-94.69752, 33.01867], [-94.69711, 33.01829], [-94.69681, 33.01821], [-94.69634, 33.01809], [-94.69567, 33.01791], [-94.6929, 33.01719], [-94.6926, 33.01711], [-94.69117, 33.01673], [-94.68936, 33.01626], [-94.6879, 33.01587], [-94.68674, 33.01557], [-94.68574, 33.01557], [-94.68538, 33.01557], [-94.68497, 33.01557], [-94.68456, 33.01558], [-94.68384, 33.01529], [-94.68187, 33.01451], [-94.68118, 33.01424], [-94.6805, 33.01397], [-94.68027, 33.01388], [-94.68003, 33.01378], [-94.67985, 33.01371], [-94.6797, 33.01365], [-94.6791, 33.01352], [-94.67874, 33.01366], [-94.67872, 33.01366], [-94.67819, 33.01334], [-94.67808, 33.01328], [-94.67796, 33.01321], [-94.6779, 33.01317], [-94.67771, 33.01313], [-94.6775, 33.01309], [-94.67684, 33.01296], [-94.67684, 33.01295], [-94.67671, 33.01293], [-94.67589, 33.01267], [-94.66951, 33.01065], [-94.66927, 33.01057], [-94.66909, 33.01052], [-94.6677, 33.01008], [-94.6641, 33.00894], [-94.66381, 33.00884], [-94.66373, 33.00882], [-94.66335, 33.00898], [-94.66329, 33.009], [-94.66328, 33.00901], [-94.66307, 33.0091], [-94.66303, 33.00911], [-94.66299, 33.00913], [-94.6627, 33.00926], [-94.6624, 33.00938], [-94.6623, 33.00932], [-94.66123, 33.0087], [-94.66088, 33.0087], [-94.65987, 33.00806], [-94.65964, 33.00792], [-94.65963, 33.00776], [-94.65962, 33.0077], [-94.65962, 33.00768], [-94.65902, 33.00737], [-94.65885, 33.00729], [-94.6588, 33.00727], [-94.65777, 33.00682], [-94.65758, 33.00674], [-94.65614, 33.00612], [-94.65401, 33.0052], [-94.65372, 33.00507], [-94.65249, 33.00454], [-94.65194, 33.00431], [-94.6517, 33.0042], [-94.65049, 33.00368], [-94.65025, 33.00408], [-94.65024, 33.0041], [-94.65022, 33.00409], [-94.64944, 33.00373], [-94.64928, 33.004], [-94.6492, 33.00397], [-94.6479, 33.00338], [-94.64779, 33.00351]]}, "properties": {"operator": "Enable Gas Transmission", "pipe_type": "Interstate"}}, {"type": "Feature", "geometry": {"type": "LineString", "coordinates": [[-94.70964, 33.17976], [-94.70628, 33.1812], [-94.70617, 33.18126], [-94.70197, 33.18306], [-94.69856, 33.18467], [-94.69293, 33.18693], [-94.68949, 33.18871], [-94.68924, 33.18884], [-94.68909, 33.18892], [-94.68472, 33.19175], [-94.67983, 33.19493], [-94.67974, 33.19498], [-94.67738, 33.19651]]}, "properties": {"operator": "Enable Gas Transmission", "pipe_type": "Interstate"}}, {"type": "Feature", "geometry": {"type": "LineString", "coordinates": [[-94.70965, 33.17975], [-94.71181, 33.17962], [-94.71515, 33.17919], [-94.71523, 33.17918], [-94.71562, 33.17913], [-94.71583, 33.17911], [-94.71971, 33.17861], [-94.72854, 33.1775], [-94.72942, 33.17738], [-94.73126, 33.17727], [-94.73198, 33.17723], [-94.74279, 33.17658]]}, "properties": {"operator": "Enable Gas Transmission", "pipe_type": "Interstate"}}, {"type": "Feature", "geometry": {"type": "LineString", "coordinates": [[-95.10195, 33.35577], [-95.10298, 33.35571], [-95.10309, 33.35571], [-95.10765, 33.35545], [-95.10865, 33.3553], [-95.10921, 33.35522], [-95.12241, 33.35326], [-95.1227, 33.35322], [-95.12494, 33.35289], [-95.13219, 33.35181], [-95.13229, 33.3518], [-95.13378, 33.35158], [-95.13763, 33.35101], [-95.13837, 33.3509], [-95.13876, 33.35073], [-95.14164, 33.34944], [-95.14207, 33.34925], [-95.14224, 33.34925], [-95.14254, 33.34924], [-95.14271, 33.34899], [-95.14661, 33.34797], [-95.14905, 33.34714], [-95.14952, 33.34698], [-95.15126, 33.34639], [-95.15207, 33.34619], [-95.1533, 33.34589], [-95.16843, 33.34054], [-95.17171, 33.34008], [-95.17505, 33.33946], [-95.17689, 33.33931], [-95.18094, 33.33952], [-95.18265, 33.33968], [-95.18449, 33.33986], [-95.18679, 33.34008], [-95.18877, 33.34027], [-95.19424, 33.34079], [-95.2013, 33.34082], [-95.20406, 33.34067], [-95.20819, 33.33984], [-95.20825, 33.33983], [-95.20901, 33.33967], [-95.20902, 33.33959], [-95.20989, 33.33946]]}, "properties": {"operator": "Enable Gas Transmission", "pipe_type": "Interstate"}}, {"type": "Feature", "geometry": {"type": "LineString", "coordinates": [[-95.27588, 32.95334], [-95.2754, 32.9532], [-95.27542, 32.95308], [-95.27543, 32.95307], [-95.27544, 32.95298], [-95.27546, 32.95288], [-95.27547, 32.95283], [-95.27562, 32.95198], [-95.27614, 32.94902], [-95.27617, 32.94886], [-95.2762, 32.94869], [-95.2762, 32.94865], [-95.27764, 32.94781], [-95.27811, 32.94756], [-95.27833, 32.94745], [-95.27844, 32.94739], [-95.28005, 32.94655], [-95.28129, 32.9459], [-95.28145, 32.94578], [-95.28349, 32.94419], [-95.29366, 32.93627], [-95.29388, 32.93609], [-95.30621, 32.92649], [-95.30623, 32.92648], [-95.30933, 32.92406], [-95.3103, 32.9233], [-95.31351, 32.92081], [-95.31521, 32.91948], [-95.31539, 32.9191], [-95.31552, 32.91912], [-95.31576, 32.91917], [-95.31622, 32.91927], [-95.31888, 32.91854], [-95.31919, 32.91836], [-95.32064, 32.91748], [-95.32206, 32.91663], [-95.3247, 32.91524], [-95.32552, 32.91458], [-95.32554, 32.91457], [-95.32708, 32.91372], [-95.32782, 32.9133], [-95.32891, 32.91292], [-95.32894, 32.91289], [-95.33001, 32.91202], [-95.33596, 32.90807], [-95.33607, 32.908], [-95.3385, 32.90709], [-95.33932, 32.90678], [-95.33974, 32.90662], [-95.34232, 32.90566], [-95.34307, 32.90538], [-95.34322, 32.90529], [-95.34525, 32.90421], [-95.34527, 32.90422], [-95.34532, 32.90427], [-95.34859, 32.90282], [-95.34867, 32.90278], [-95.35104, 32.90173], [-95.35254, 32.90107], [-95.35855, 32.8984], [-95.35894, 32.89823], [-95.35895, 32.89823], [-95.359, 32.89819], [-95.36431, 32.8948], [-95.3676, 32.89231], [-95.36804, 32.89197], [-95.36851, 32.89174], [-95.37173, 32.89011], [-95.37185, 32.89005], [-95.37198, 32.88999], [-95.37209, 32.88993], [-95.38244, 32.88161], [-95.38298, 32.88118], [-95.38488, 32.87965], [-95.38561, 32.87965], [-95.38918, 32.87964], [-95.38973, 32.87935], [-95.39123, 32.87856], [-95.39156, 32.87839], [-95.3934, 32.87743], [-95.3935, 32.87737], [-95.39357, 32.87734], [-95.39709, 32.87549], [-95.3975, 32.87527], [-95.39784, 32.8751], [-95.39792, 32.87505], [-95.39808, 32.87497], [-95.39861, 32.87486], [-95.40191, 32.87422], [-95.40192, 32.87421], [-95.4025, 32.87362], [-95.40256, 32.87357], [-95.40265, 32.87346], [-95.4029, 32.87322], [-95.40355, 32.87255], [-95.40364, 32.87246], [-95.40453, 32.87102], [-95.40477, 32.87063], [-95.40502, 32.87047], [-95.40826, 32.87059], [-95.40915, 32.87044], [-95.41068, 32.87037], [-95.41289, 32.87049], [-95.41349, 32.87038], [-95.41562, 32.86975], [-95.41574, 32.8697], [-95.41587, 32.86964], [-95.41596, 32.8696], [-95.41706, 32.86829], [-95.41864, 32.86683], [-95.42007, 32.86539], [-95.42013, 32.86533], [-95.42023, 32.86523], [-95.42027, 32.86519], [-95.421, 32.86443], [-95.42149, 32.86377], [-95.42165, 32.86356], [-95.42166, 32.86355], [-95.42168, 32.86353], [-95.42183, 32.86346], [-95.42254, 32.8631], [-95.42283, 32.86296], [-95.42293, 32.86291], [-95.42453, 32.86207], [-95.42489, 32.86174], [-95.42666, 32.86011], [-95.42812, 32.85869], [-95.42816, 32.85865], [-95.42905, 32.8578], [-95.42999, 32.85587], [-95.43004, 32.85577], [-95.43008, 32.85567], [-95.43104, 32.8548], [-95.43202, 32.85391], [-95.43319, 32.85297], [-95.43608, 32.85064], [-95.4371, 32.8498], [-95.43869, 32.84853], [-95.43932, 32.84803], [-95.44091, 32.84674], [-95.44093, 32.84671], [-95.44095, 32.84671], [-95.44307, 32.84499], [-95.44622, 32.84429], [-95.44671, 32.84434], [-95.44692, 32.84432], [-95.44735, 32.84426], [-95.44742, 32.84425], [-95.44821, 32.84415], [-95.45243, 32.84356], [-95.45454, 32.84325], [-95.46008, 32.84304], [-95.46023, 32.84304], [-95.46034, 32.84303], [-95.46059, 32.84302], [-95.46061, 32.84302], [-95.46092, 32.84301], [-95.46201, 32.84307], [-95.46297, 32.84285], [-95.46501, 32.8424], [-95.46846, 32.84089], [-95.46967, 32.84034], [-95.47093, 32.83974], [-95.47218, 32.83919], [-95.47224, 32.83916], [-95.47247, 32.83906], [-95.47292, 32.83858], [-95.47341, 32.83847], [-95.47343, 32.83847], [-95.47346, 32.83846], [-95.47434, 32.83823], [-95.47508, 32.83823], [-95.47538, 32.83823], [-95.4763, 32.83819], [-95.47652, 32.83818], [-95.47703, 32.83804], [-95.47789, 32.8378], [-95.47846, 32.83764], [-95.47932, 32.83749], [-95.48034, 32.83731], [-95.48109, 32.83733], [-95.48252, 32.83745], [-95.48273, 32.83746], [-95.48357, 32.83743], [-95.48556, 32.83713], [-95.48561, 32.83713], [-95.48565, 32.83713], [-95.48702, 32.83708], [-95.48706, 32.83708], [-95.48706, 32.83694]]}, "properties": {"operator": "Enable Gas Transmission", "pipe_type": "Interstate"}}, {"type": "Feature", "geometry": {"type": "MultiLineString", "coordinates": [[[-95.34525, 32.90421], [-95.34677, 32.90353], [-95.34851, 32.90276], [-95.34858, 32.90272], [-95.35096, 32.90167], [-95.35843, 32.89836], [-95.35849, 32.89833], [-95.35856, 32.8983], [-95.35865, 32.89826], [-95.35884, 32.89818], [-95.35889, 32.89815], [-95.36426, 32.89473], [-95.36733, 32.89242], [-95.36799, 32.89194], [-95.36839, 32.89173], [-95.36884, 32.8915], [-95.36969, 32.89102], [-95.37156, 32.8901], [-95.37159, 32.89009], [-95.37171, 32.89004], [-95.37182, 32.88999], [-95.37205, 32.88989], [-95.38483, 32.87961], [-95.38557, 32.87962], [-95.38918, 32.87963], [-95.39122, 32.87856], [-95.39348, 32.87737], [-95.39704, 32.8755], [-95.39745, 32.87528], [-95.39778, 32.87511], [-95.39779, 32.87513]], [[-95.39787, 32.87508], [-95.39803, 32.875], [-95.39802, 32.87499], [-95.39804, 32.87498], [-95.39808, 32.87496], [-95.3986, 32.87483], [-95.4019, 32.87421], [-95.40273, 32.87336], [-95.40283, 32.87327], [-95.403, 32.87309], [-95.40356, 32.87253], [-95.40358, 32.87251], [-95.40362, 32.87249], [-95.40365, 32.87247], [-95.40478, 32.87064], [-95.40503, 32.87048], [-95.40826, 32.87072], [-95.40915, 32.87057], [-95.41068, 32.87051], [-95.41289, 32.87062], [-95.41354, 32.8705], [-95.41566, 32.86988], [-95.41567, 32.86987], [-95.41581, 32.86981], [-95.41602, 32.86971], [-95.41603, 32.8697], [-95.41606, 32.86969], [-95.41716, 32.86837], [-95.41874, 32.86691], [-95.42017, 32.86547], [-95.42023, 32.86541], [-95.42033, 32.86531], [-95.42037, 32.86527], [-95.4211, 32.86451], [-95.42158, 32.86378], [-95.42164, 32.8637], [-95.4217, 32.86344], [-95.42196, 32.86332], [-95.42236, 32.86313], [-95.4227, 32.86297], [-95.42289, 32.86288], [-95.42293, 32.86291], [-95.42297, 32.86294], [-95.42329, 32.86275], [-95.42455, 32.86209], [-95.42667, 32.86013], [-95.42814, 32.85871], [-95.42818, 32.85867], [-95.42907, 32.85781], [-95.43007, 32.85583], [-95.43017, 32.85562], [-95.43053, 32.85539], [-95.43049, 32.8553]]]}, "properties": {"operator": "Enable Gas Transmission", "pipe_type": "Interstate"}}, {"type": "Feature", "geometry": {"type": "LineString", "coordinates": [[-95.39738, 32.87534], [-95.39739, 32.87534], [-95.39744, 32.87536], [-95.39769, 32.87544], [-95.3984, 32.87584], [-95.39897, 32.87616], [-95.4012, 32.87741], [-95.40159, 32.87765], [-95.40626, 32.88045], [-95.40637, 32.88051], [-95.40646, 32.88057], [-95.40661, 32.88066], [-95.40853, 32.88187], [-95.40948, 32.88247], [-95.4103, 32.88305], [-95.41101, 32.88349], [-95.41108, 32.88353], [-95.41113, 32.88356], [-95.41115, 32.88357], [-95.4117, 32.88384], [-95.41257, 32.88426], [-95.41278, 32.88439], [-95.41342, 32.8848], [-95.4138, 32.88504], [-95.41451, 32.88548], [-95.41468, 32.88558], [-95.41641, 32.88642], [-95.41723, 32.88681], [-95.41869, 32.88793], [-95.42028, 32.88905], [-95.42064, 32.88909], [-95.42067, 32.8891]]}, "properties": {"operator": "Enable Gas Transmission", "pipe_type": "Interstate"}}, {"type": "Feature", "geometry": {"type": "LineString", "coordinates": [[-94.72107, 32.84558], [-94.72332, 32.84533], [-94.72708, 32.84492], [-94.72821, 32.84519], [-94.72835, 32.84515], [-94.72858, 32.84509], [-94.72879, 32.84503], [-94.729, 32.84497], [-94.72986, 32.84473], [-94.73029, 32.84458], [-94.7304, 32.84455], [-94.73074, 32.84443], [-94.73081, 32.84441], [-94.73471, 32.84347], [-94.74148, 32.84184], [-94.74154, 32.84182], [-94.74161, 32.8418], [-94.74204, 32.8417], [-94.74256, 32.8416], [-94.74926, 32.84034], [-94.74932, 32.84033], [-94.75108, 32.84], [-94.7532, 32.84053], [-94.75691, 32.84146], [-94.75701, 32.84148], [-94.75711, 32.84151], [-94.75744, 32.84159], [-94.76163, 32.84134], [-94.7679, 32.84096], [-94.77138, 32.84075], [-94.7715, 32.84075], [-94.77316, 32.84065], [-94.77428, 32.84067], [-94.77551, 32.8407], [-94.77564, 32.84071], [-94.77701, 32.84074], [-94.77728, 32.84065], [-94.77773, 32.8405], [-94.7778, 32.84047], [-94.77898, 32.84008]]}, "properties": {"operator": "Enable Gas Transmission", "pipe_type": "Interstate"}}, {"type": "Feature", "geometry": {"type": "LineString", "coordinates": [[-94.73334, 32.93199], [-94.73343, 32.93188], [-94.73302, 32.93176], [-94.73284, 32.93172], [-94.73266, 32.93166], [-94.73214, 32.93152], [-94.73176, 32.93142], [-94.73082, 32.93116], [-94.73077, 32.93114], [-94.73045, 32.93106], [-94.72837, 32.93048], [-94.72831, 32.93047], [-94.72226, 32.9288], [-94.72112, 32.92849], [-94.72039, 32.92855], [-94.72025, 32.92849], [-94.72008, 32.92843], [-94.71962, 32.92825], [-94.71854, 32.92783], [-94.7141, 32.92612], [-94.71324, 32.92579], [-94.71315, 32.92587], [-94.71332, 32.92612], [-94.71346, 32.92642], [-94.71345, 32.92677], [-94.71337, 32.92693], [-94.7132, 32.92709], [-94.71289, 32.92716], [-94.71255, 32.92718], [-94.71221, 32.92733], [-94.71197, 32.9275], [-94.71183, 32.92759], [-94.71154, 32.92773], [-94.71143, 32.9278], [-94.71127, 32.92789], [-94.71094, 32.92802], [-94.71053, 32.92813], [-94.71016, 32.92822], [-94.70987, 32.92828], [-94.70953, 32.92832], [-94.70916, 32.92839], [-94.70886, 32.92854], [-94.70866, 32.92872], [-94.70837, 32.92895], [-94.70657, 32.92872], [-94.70655, 32.92756], [-94.70672, 32.92743], [-94.70725, 32.92372], [-94.70813, 32.92381], [-94.70817, 32.92368], [-94.70998, 32.9165], [-94.71006, 32.91635], [-94.71035, 32.91512], [-94.71033, 32.91494], [-94.71119, 32.91228], [-94.71126, 32.91201], [-94.71139, 32.91163], [-94.71144, 32.91153], [-94.71156, 32.91128], [-94.71189, 32.91078], [-94.71186, 32.91074], [-94.71184, 32.91072], [-94.71177, 32.91063], [-94.71159, 32.91038], [-94.71149, 32.91025], [-94.71151, 32.91016], [-94.71151, 32.91013], [-94.7116, 32.90979], [-94.7116, 32.90977], [-94.7119, 32.9086], [-94.71192, 32.90852], [-94.71219, 32.90743], [-94.71225, 32.90722], [-94.71241, 32.90689], [-94.71309, 32.9055], [-94.71575, 32.90007], [-94.71577, 32.90004], [-94.71586, 32.89986], [-94.71606, 32.89945], [-94.71608, 32.89941], [-94.71615, 32.8992], [-94.71635, 32.8986], [-94.71642, 32.8984], [-94.71661, 32.89783], [-94.71665, 32.8977], [-94.71924, 32.88985], [-94.71926, 32.88979], [-94.71951, 32.88903], [-94.71953, 32.88896], [-94.72068, 32.88346], [-94.72069, 32.88337], [-94.72071, 32.88332], [-94.72073, 32.88321], [-94.72101, 32.88243], [-94.72188, 32.8736], [-94.7221, 32.87146], [-94.72216, 32.86915], [-94.72216, 32.86908], [-94.72221, 32.86713], [-94.72235, 32.86223], [-94.72238, 32.86094], [-94.72241, 32.85986], [-94.72242, 32.85964], [-94.72242, 32.85958], [-94.72243, 32.85905], [-94.72247, 32.85699], [-94.72252, 32.85505], [-94.72252, 32.85489], [-94.72229, 32.85136], [-94.72221, 32.85012], [-94.72218, 32.84957], [-94.72211, 32.84843], [-94.72206, 32.84774], [-94.72206, 32.84771], [-94.72205, 32.84743], [-94.72205, 32.84737], [-94.72203, 32.84707], [-94.722, 32.84652], [-94.72198, 32.84613], [-94.72198, 32.84609], [-94.72095, 32.84482], [-94.72038, 32.84412], [-94.7198, 32.84343], [-94.71876, 32.84215], [-94.71874, 32.84213], [-94.71873, 32.84211], [-94.71656, 32.83947], [-94.71444, 32.83687], [-94.71329, 32.83546], [-94.71295, 32.83505], [-94.71143, 32.83334], [-94.7114, 32.83331], [-94.71087, 32.83272], [-94.71034, 32.83212], [-94.70934, 32.831], [-94.70925, 32.83089], [-94.7092, 32.83084], [-94.70672, 32.82668], [-94.70599, 32.82546], [-94.70515, 32.82406], [-94.70495, 32.82372], [-94.70454, 32.82304], [-94.70406, 32.82222], [-94.70372, 32.82166], [-94.70213, 32.819], [-94.70121, 32.81747], [-94.70006, 32.81554], [-94.70004, 32.8155], [-94.69985, 32.81519], [-94.69846, 32.81287], [-94.69843, 32.81281], [-94.69658, 32.80971], [-94.69648, 32.80955], [-94.69531, 32.80759], [-94.69513, 32.80729], [-94.69479, 32.80672], [-94.69409, 32.80555], [-94.69397, 32.80534], [-94.69276, 32.80332], [-94.69272, 32.80325], [-94.68849, 32.79617], [-94.68828, 32.79581], [-94.68567, 32.79302], [-94.68561, 32.79297], [-94.68243, 32.78956], [-94.68138, 32.78843], [-94.68134, 32.78838], [-94.68112, 32.78809], [-94.68105, 32.788], [-94.68082, 32.78768], [-94.67992, 32.78673], [-94.67925, 32.78603], [-94.67808, 32.7848], [-94.67805, 32.78477], [-94.67795, 32.78468], [-94.67773, 32.7845], [-94.677, 32.78391], [-94.67537, 32.7823], [-94.6746, 32.78154], [-94.67382, 32.78077], [-94.67374, 32.7807], [-94.6727, 32.77967], [-94.67237, 32.77935], [-94.67221, 32.77919], [-94.67139, 32.77827], [-94.671, 32.77783], [-94.67022, 32.77697], [-94.67016, 32.7769], [-94.67013, 32.77687], [-94.6685, 32.77505], [-94.667, 32.77337], [-94.66642, 32.77274], [-94.66572, 32.77196], [-94.66534, 32.77153], [-94.66405, 32.77009], [-94.66348, 32.76945], [-94.66098, 32.76666], [-94.66008, 32.7654], [-94.6599, 32.76515], [-94.65611, 32.76132], [-94.65403, 32.75922], [-94.65064, 32.7558], [-94.64701, 32.75213], [-94.64672, 32.7514], [-94.64602, 32.7496], [-94.64599, 32.74952], [-94.64594, 32.7494], [-94.64589, 32.74933], [-94.64501, 32.74819], [-94.64447, 32.74697], [-94.64433, 32.74668], [-94.64431, 32.74663], [-94.64423, 32.74646], [-94.64334, 32.74447], [-94.64324, 32.74436], [-94.64293, 32.74401], [-94.64289, 32.74397], [-94.64278, 32.74384], [-94.64255, 32.74358], [-94.64076, 32.7416], [-94.64039, 32.74119], [-94.64023, 32.74102], [-94.63969, 32.74041], [-94.63931, 32.74], [-94.6374, 32.73789], [-94.63684, 32.73726], [-94.6355, 32.73578], [-94.63474, 32.73376], [-94.63429, 32.73256], [-94.63425, 32.73245], [-94.63412, 32.73211], [-94.63347, 32.73036], [-94.63176, 32.72582], [-94.63165, 32.72552], [-94.6316, 32.72539], [-94.63144, 32.72497], [-94.63072, 32.72304], [-94.63044, 32.72229], [-94.63032, 32.72199], [-94.62926, 32.71914], [-94.62924, 32.71909], [-94.62844, 32.71696], [-94.62823, 32.71641], [-94.62783, 32.71533], [-94.62745, 32.71432], [-94.62696, 32.71302], [-94.62647, 32.7117], [-94.62627, 32.71118], [-94.62622, 32.71103], [-94.62564, 32.7095], [-94.6248, 32.70726], [-94.62466, 32.70669], [-94.62443, 32.70578], [-94.6241, 32.70489], [-94.62379, 32.70407], [-94.62349, 32.70335], [-94.62277, 32.70166], [-94.62144, 32.69848], [-94.62117, 32.69784], [-94.61985, 32.6947], [-94.61956, 32.69369], [-94.61935, 32.69294], [-94.61855, 32.69008], [-94.61853, 32.69001]]}, "properties": {"operator": "Enable Gas Transmission", "pipe_type": "Interstate"}}, {"type": "Feature", "geometry": {"type": "LineString", "coordinates": [[-94.67776, 31.2233], [-94.4937, 31.40736]]}, "properties": {"operator": "Texas Eastern Trans Co", "pipe_type": "Interstate"}}, {"type": "Feature", "geometry": {"type": "LineString", "coordinates": [[-94.8311, 31.13421], [-94.67776, 31.2233]]}, "properties": {"operator": "Texas Eastern Trans Co", "pipe_type": "Interstate"}}, {"type": "Feature", "geometry": {"type": "LineString", "coordinates": [[-96.28717, 31.28487], [-96.28117, 31.28941], [-96.28117, 31.28986], [-96.27789, 31.29483], [-96.27626, 31.2998], [-96.28172, 31.30472], [-96.28717, 31.30739], [-96.29154, 31.30961], [-96.29263, 31.31006], [-96.29809, 31.31183], [-96.30137, 31.31361]]}, "properties": {"operator": "Enbridge Pipelines (East Texas)", "pipe_type": "Intrastate"}}, {"type": "Feature", "geometry": {"type": "LineString", "coordinates": [[-96.24623, 31.33103], [-96.25223, 31.3346], [-96.25551, 31.33593], [-96.25769, 31.33727], [-96.26042, 31.34086], [-96.26315, 31.34354], [-96.26479, 31.34579], [-96.26861, 31.35072], [-96.26916, 31.35071], [-96.27462, 31.35293], [-96.27844, 31.35246]]}, "properties": {"operator": "Enbridge Pipelines (East Texas)", "pipe_type": "Intrastate"}}, {"type": "Feature", "geometry": {"type": "LineString", "coordinates": [[-96.29263, 31.34698], [-96.28008, 31.3484]]}, "properties": {"operator": "Enbridge Pipelines (East Texas)", "pipe_type": "Intrastate"}}, {"type": "Feature", "geometry": {"type": "LineString", "coordinates": [[-96.27844, 31.37092], [-96.28117, 31.35965]]}, "properties": {"operator": "Enbridge Pipelines (East Texas)", "pipe_type": "Intrastate"}}, {"type": "Feature", "geometry": {"type": "LineString", "coordinates": [[-96.48541, 31.44181], [-96.48486, 31.44676], [-96.48487, 31.45171], [-96.48433, 31.45666], [-96.48215, 31.46116]]}, "properties": {"operator": "Enbridge Pipelines (East Texas)", "pipe_type": "Intrastate"}}, {"type": "Feature", "geometry": {"type": "LineString", "coordinates": [[-96.41511, 31.46386], [-96.40911, 31.45936], [-96.40911, 31.45891], [-96.40366, 31.45846], [-96.39766, 31.45846], [-96.39221, 31.45846], [-96.38785, 31.46026]]}, "properties": {"operator": "Enbridge Pipelines (East Texas)", "pipe_type": "Intrastate"}}, {"type": "Feature", "geometry": {"type": "LineString", "coordinates": [[-96.41733, 31.5057], [-96.41188, 31.50435], [-96.40588, 31.5039], [-96.40043, 31.50525], [-96.39498, 31.50615], [-96.3928, 31.5066]]}, "properties": {"operator": "Enbridge Pipelines (East Texas)", "pipe_type": "Intrastate"}}, {"type": "Feature", "geometry": {"type": "LineString", "coordinates": [[-96.2684, 31.38153], [-96.2624, 31.38018], [-96.25695, 31.37973], [-96.2515, 31.37748], [-96.24768, 31.37658], [-96.2455, 31.37568], [-96.24059, 31.37163], [-96.24005, 31.37163], [-96.23405, 31.36893], [-96.23241, 31.36668], [-96.22859, 31.36443], [-96.22586, 31.36173], [-96.22314, 31.35768], [-96.22259, 31.35678], [-96.21877, 31.35183], [-96.21767, 31.34689], [-96.21713, 31.34689], [-96.22312, 31.34554]]}, "properties": {"operator": "Enbridge Pipelines (East Texas)", "pipe_type": "Intrastate"}}, {"type": "Feature", "geometry": {"type": "LineString", "coordinates": [[-96.23676, 31.35228], [-96.23131, 31.35273], [-96.22531, 31.35273], [-96.21986, 31.35228], [-96.21441, 31.35543], [-96.21114, 31.35723], [-96.2106, 31.36218], [-96.21442, 31.36713], [-96.21988, 31.37028], [-96.22206, 31.37208], [-96.22479, 31.37703], [-96.21771, 31.38198], [-96.21444, 31.38378], [-96.21171, 31.38378]]}, "properties": {"operator": "Enbridge Pipelines (East Texas)", "pipe_type": "Intrastate"}}, {"type": "Feature", "geometry": {"type": "LineString", "coordinates": [[-96.2455, 31.37568], [-96.23842, 31.37928], [-96.23351, 31.38063], [-96.23297, 31.38063], [-96.22698, 31.38378], [-96.22152, 31.38468], [-96.22098, 31.38558], [-96.21989, 31.38603]]}, "properties": {"operator": "Enbridge Pipelines (East Texas)", "pipe_type": "Intrastate"}}, {"type": "Feature", "geometry": {"type": "LineString", "coordinates": [[-96.27424, 31.49841], [-96.27205, 31.50336], [-96.26877, 31.50607], [-96.26549, 31.50832], [-96.26276, 31.51013], [-96.25948, 31.51328], [-96.2573, 31.51554], [-96.25457, 31.51824], [-96.25183, 31.5214], [-96.24856, 31.5232], [-96.24583, 31.52726], [-96.24583, 31.52816], [-96.242, 31.53312], [-96.24036, 31.53537], [-96.23872, 31.53807], [-96.23818, 31.54303], [-96.23818, 31.54798], [-96.23708, 31.55293], [-96.23435, 31.55699], [-96.23381, 31.55789], [-96.23053, 31.56285], [-96.22889, 31.56555], [-96.22889, 31.5678], [-96.22889, 31.57275], [-96.2278, 31.57771], [-96.22506, 31.58266], [-96.22342, 31.58762], [-96.22342, 31.58807], [-96.22233, 31.59257], [-96.21917, 31.59533]]}, "properties": {"operator": "Enbridge Pipelines (East Texas)", "pipe_type": "Intrastate"}}, {"type": "Feature", "geometry": {"type": "LineString", "coordinates": [[-96.49089, 31.48297], [-96.48763, 31.48793], [-96.4849, 31.48838], [-96.48, 31.49289], [-96.47946, 31.49335], [-96.47674, 31.49786], [-96.47402, 31.50282], [-96.47129, 31.50779], [-96.46803, 31.5114], [-96.46694, 31.51275], [-96.46367, 31.51772], [-96.46258, 31.51862], [-96.45659, 31.52223], [-96.45605, 31.52268], [-96.45114, 31.52584], [-96.45005, 31.52764], [-96.4457, 31.53035], [-96.44297, 31.53261], [-96.4397, 31.53487], [-96.43753, 31.53757], [-96.43426, 31.54028], [-96.43262, 31.54254], [-96.42827, 31.5457], [-96.42663, 31.5475], [-96.42282, 31.54931], [-96.41955, 31.55247], [-96.41737, 31.55382], [-96.41302, 31.55743], [-96.41302, 31.56239], [-96.41139, 31.56375], [-96.40757, 31.56736], [-96.40594, 31.56871], [-96.40213, 31.57232], [-96.39995, 31.57277], [-96.3945, 31.57548], [-96.3896, 31.57729], [-96.38905, 31.57729], [-96.38306, 31.57954], [-96.38088, 31.58225], [-96.38088, 31.58721], [-96.38089, 31.59218], [-96.38253, 31.59714], [-96.38362, 31.60211], [-96.38472, 31.60707], [-96.38556, 31.61258]]}, "properties": {"operator": "Enbridge Pipelines (East Texas)", "pipe_type": "Intrastate"}}, {"type": "Feature", "geometry": {"type": "LineString", "coordinates": [[-96.51246, 31.5902], [-96.50701, 31.58795], [-96.50102, 31.58796], [-96.49557, 31.58797], [-96.49013, 31.58888], [-96.48413, 31.5898], [-96.47869, 31.59207], [-96.47488, 31.59523], [-96.4727, 31.59614], [-96.46726, 31.59931], [-96.46399, 31.60022], [-96.46181, 31.60203], [-96.45909, 31.6052], [-96.45583, 31.60837], [-96.45038, 31.60928], [-96.4482, 31.61019], [-96.44439, 31.61065], [-96.43894, 31.61156], [-96.4335, 31.61202], [-96.43186, 31.61203]]}, "properties": {"operator": "Enbridge Pipelines (East Texas)", "pipe_type": "Intrastate"}}, {"type": "Feature", "geometry": {"type": "LineString", "coordinates": [[-95.66967, 31.442], [-95.66424, 31.44021], [-95.65827, 31.44021], [-95.65284, 31.44202], [-95.64687, 31.44563], [-95.64578, 31.44608]]}, "properties": {"operator": "Enbridge Pipelines (East Texas)", "pipe_type": "Intrastate"}}, {"type": "Feature", "geometry": {"type": "LineString", "coordinates": [[-95.6599, 31.46633], [-95.65827, 31.46363], [-95.66153, 31.45912]]}, "properties": {"operator": "Enbridge Pipelines (East Texas)", "pipe_type": "Intrastate"}}, {"type": "Feature", "geometry": {"type": "LineString", "coordinates": [[-96.29355, 31.39498], [-96.29082, 31.39994], [-96.28809, 31.4022], [-96.28318, 31.40491], [-96.28209, 31.40492], [-96.27664, 31.40673], [-96.27064, 31.4081], [-96.26518, 31.40856], [-96.25973, 31.40903], [-96.25407, 31.40864], [-96.25238, 31.40794]]}, "properties": {"operator": "Enbridge Pipelines (East Texas)", "pipe_type": "Intrastate"}}, {"type": "Feature", "geometry": {"type": "LineString", "coordinates": [[-96.27446, 31.42025], [-96.27064, 31.4081]]}, "properties": {"operator": "Enbridge Pipelines (East Texas)", "pipe_type": "Intrastate"}}, {"type": "Feature", "geometry": {"type": "LineString", "coordinates": [[-96.21936, 31.40868], [-96.21663, 31.41544]]}, "properties": {"operator": "Enbridge Pipelines (East Texas)", "pipe_type": "Intrastate"}}, {"type": "Feature", "geometry": {"type": "LineString", "coordinates": [[-96.22314, 31.35768], [-96.21717, 31.36276], [-96.2139, 31.36502], [-96.21117, 31.36863], [-96.21008, 31.36998], [-96.20572, 31.3727], [-96.20299, 31.37495], [-96.19972, 31.37721], [-96.19863, 31.37992], [-96.19426, 31.38353], [-96.19317, 31.38488], [-96.1899, 31.38984], [-96.18881, 31.39255], [-96.18826, 31.3948], [-96.18772, 31.39976], [-96.18881, 31.40471], [-96.18554, 31.40967], [-96.18444, 31.41462], [-96.18554, 31.41957], [-96.18663, 31.42452], [-96.18281, 31.42858], [-96.18281, 31.42948], [-96.17735, 31.4331], [-96.17669, 31.43365], [-96.17572, 31.43445], [-96.1719, 31.43717], [-96.16917, 31.43942], [-96.1659, 31.44123], [-96.16372, 31.44304]]}, "properties": {"operator": "Enbridge Pipelines (East Texas)", "pipe_type": "Intrastate"}}, {"type": "Feature", "geometry": {"type": "LineString", "coordinates": [[-96.20517, 31.39431], [-96.20081, 31.38937], [-96.19917, 31.38892], [-96.19317, 31.38488]]}, "properties": {"operator": "Enbridge Pipelines (East Texas)", "pipe_type": "Intrastate"}}, {"type": "Feature", "geometry": {"type": "LineString", "coordinates": [[-96.1772, 31.42742], [-96.18663, 31.42452]]}, "properties": {"operator": "Enbridge Pipelines (East Texas)", "pipe_type": "Intrastate"}}, {"type": "Feature", "geometry": {"type": "LineString", "coordinates": [[-96.17572, 31.40834], [-96.16862, 31.41826]]}, "properties": {"operator": "Enbridge Pipelines (East Texas)", "pipe_type": "Intrastate"}}, {"type": "Feature", "geometry": {"type": "LineString", "coordinates": [[-96.19457, 31.43245], [-96.19426, 31.43666]]}, "properties": {"operator": "Enbridge Pipelines (East Texas)", "pipe_type": "Intrastate"}}, {"type": "Feature", "geometry": {"type": "LineString", "coordinates": [[-96.22536, 31.45099], [-96.22645, 31.44603], [-96.22645, 31.44108], [-96.22263, 31.43659]]}, "properties": {"operator": "Enbridge Pipelines (East Texas)", "pipe_type": "Intrastate"}}, {"type": "Feature", "geometry": {"type": "LineString", "coordinates": [[-96.18826, 31.43667], [-96.17672, 31.45666], [-96.18108, 31.45936], [-96.18653, 31.46251], [-96.1898, 31.46431], [-96.19198, 31.46656], [-96.19253, 31.46926], [-96.1898, 31.47421], [-96.18817, 31.47915], [-96.18653, 31.48095], [-96.18163, 31.4841], [-96.18108, 31.4841], [-96.17508, 31.48635], [-96.16963, 31.4877], [-96.16473, 31.48905], [-96.16418, 31.48905], [-96.15819, 31.49085], [-96.15274, 31.4859], [-96.14674, 31.48545], [-96.14238, 31.4841], [-96.14183, 31.47915], [-96.14183, 31.47645]]}, "properties": {"operator": "Enbridge Pipelines (East Texas)", "pipe_type": "Intrastate"}}, {"type": "Feature", "geometry": {"type": "LineString", "coordinates": [[-96.12276, 31.50525], [-96.12935, 31.51116], [-96.12935, 31.51161], [-96.1348, 31.51295], [-96.14026, 31.51294], [-96.14626, 31.51338], [-96.15171, 31.51517], [-96.15553, 31.51651], [-96.15771, 31.51741], [-96.16317, 31.5201], [-96.16426, 31.52145], [-96.16753, 31.52639], [-96.16862, 31.52729], [-96.1719, 31.52998], [-96.17572, 31.53493], [-96.17735, 31.53538], [-96.18008, 31.53987], [-96.18117, 31.54483], [-96.18281, 31.54617], [-96.18717, 31.54977], [-96.18881, 31.55157], [-96.19154, 31.55471], [-96.19426, 31.55831], [-96.19536, 31.55966], [-96.19917, 31.5646], [-96.20026, 31.5655], [-96.20299, 31.56955], [-96.20572, 31.57134], [-96.2079, 31.57449], [-96.21008, 31.57944], [-96.21117, 31.58214], [-96.21281, 31.58439], [-96.21917, 31.59533]]}, "properties": {"operator": "Enbridge Pipelines (East Texas)", "pipe_type": "Intrastate"}}, {"type": "Feature", "geometry": {"type": "LineString", "coordinates": [[-96.21281, 31.57133], [-96.22889, 31.5678]]}, "properties": {"operator": "Enbridge Pipelines (East Texas)", "pipe_type": "Intrastate"}}, {"type": "Feature", "geometry": {"type": "LineString", "coordinates": [[-96.2199, 31.5425], [-96.22536, 31.54249], [-96.23872, 31.53807]]}, "properties": {"operator": "Enbridge Pipelines (East Texas)", "pipe_type": "Intrastate"}}, {"type": "Feature", "geometry": {"type": "LineString", "coordinates": [[-96.22645, 31.53438], [-96.22536, 31.54249]]}, "properties": {"operator": "Enbridge Pipelines (East Texas)", "pipe_type": "Intrastate"}}, {"type": "Feature", "geometry": {"type": "LineString", "coordinates": [[-96.24827, 31.53569], [-96.24281, 31.5339], [-96.23736, 31.53256], [-96.23681, 31.53076], [-96.23409, 31.52581], [-96.23354, 31.52086], [-96.23136, 31.51816], [-96.22918, 31.51592], [-96.2259, 31.51502], [-96.2199, 31.51368], [-96.21717, 31.51099], [-96.21827, 31.50603], [-96.21881, 31.50108], [-96.21717, 31.49613]]}, "properties": {"operator": "Enbridge Pipelines (East Texas)", "pipe_type": "Intrastate"}}, {"type": "Feature", "geometry": {"type": "LineString", "coordinates": [[-96.29518, 31.51444], [-96.30064, 31.51938], [-96.28918, 31.52211], [-96.28373, 31.52212], [-96.27773, 31.52213], [-96.27227, 31.52079], [-96.26682, 31.5199], [-96.26082, 31.51991], [-96.25567, 31.51915], [-96.25457, 31.51824]]}, "properties": {"operator": "Enbridge Pipelines (East Texas)", "pipe_type": "Intrastate"}}, {"type": "Feature", "geometry": {"type": "LineString", "coordinates": [[-96.281, 31.53698], [-96.28209, 31.53203], [-96.281, 31.52708], [-96.28373, 31.52212]]}, "properties": {"operator": "Enbridge Pipelines (East Texas)", "pipe_type": "Intrastate"}}, {"type": "Feature", "geometry": {"type": "LineString", "coordinates": [[-96.26954, 31.47577], [-96.26354, 31.47353], [-96.25809, 31.47354], [-96.25263, 31.47535], [-96.2502, 31.47818]]}, "properties": {"operator": "Enbridge Pipelines (East Texas)", "pipe_type": "Intrastate"}}, {"type": "Feature", "geometry": {"type": "LineString", "coordinates": [[-96.26682, 31.48253], [-96.26354, 31.47353]]}, "properties": {"operator": "Enbridge Pipelines (East Texas)", "pipe_type": "Intrastate"}}, {"type": "Feature", "geometry": {"type": "LineString", "coordinates": [[-96.25918, 31.48254], [-96.25263, 31.47535]]}, "properties": {"operator": "Enbridge Pipelines (East Texas)", "pipe_type": "Intrastate"}}, {"type": "Feature", "geometry": {"type": "LineString", "coordinates": [[-96.24617, 31.50633], [-96.25948, 31.51328]]}, "properties": {"operator": "Enbridge Pipelines (East Texas)", "pipe_type": "Intrastate"}}, {"type": "Feature", "geometry": {"type": "LineString", "coordinates": [[-96.27184, 31.30161], [-96.27626, 31.2998]]}, "properties": {"operator": "Enbridge Pipelines (East Texas)", "pipe_type": "Intrastate"}}, {"type": "Feature", "geometry": {"type": "LineString", "coordinates": [[-96.37373, 31.56803], [-96.39284, 31.56982], [-96.39995, 31.57277]]}, "properties": {"operator": "Enbridge Pipelines (East Texas)", "pipe_type": "Intrastate"}}, {"type": "Feature", "geometry": {"type": "LineString", "coordinates": [[-96.40159, 31.58871], [-96.40104, 31.58376], [-96.39613, 31.58062], [-96.3923, 31.57882], [-96.3896, 31.57729]]}, "properties": {"operator": "Enbridge Pipelines (East Texas)", "pipe_type": "Intrastate"}}, {"type": "Feature", "geometry": {"type": "LineString", "coordinates": [[-96.38904, 31.59007], [-96.38412, 31.58513], [-96.38358, 31.58467], [-96.37866, 31.58018], [-96.37757, 31.57973], [-96.37211, 31.57838], [-96.36666, 31.58469], [-96.36666, 31.58514], [-96.36611, 31.58514]]}, "properties": {"operator": "Enbridge Pipelines (East Texas)", "pipe_type": "Intrastate"}}, {"type": "Feature", "geometry": {"type": "LineString", "coordinates": [[-96.36503, 31.59369], [-96.37049, 31.59053], [-96.37649, 31.59278], [-96.38196, 31.59592], [-96.38305, 31.59592]]}, "properties": {"operator": "Enbridge Pipelines (East Texas)", "pipe_type": "Intrastate"}}, {"type": "Feature", "geometry": {"type": "LineString", "coordinates": [[-96.3765, 31.60043], [-96.38556, 31.61258]]}, "properties": {"operator": "Enbridge Pipelines (East Texas)", "pipe_type": "Intrastate"}}, {"type": "Feature", "geometry": {"type": "LineString", "coordinates": [[-96.39127, 31.62291], [-96.397, 31.61255]]}, "properties": {"operator": "Enbridge Pipelines (East Texas)", "pipe_type": "Intrastate"}}, {"type": "Feature", "geometry": {"type": "LineString", "coordinates": [[-96.36868, 31.61171], [-96.36233, 31.61709], [-96.36233, 31.61754], [-96.35852, 31.62249], [-96.35634, 31.62519], [-96.35579, 31.62744], [-96.35471, 31.63239], [-96.35198, 31.63734], [-96.35089, 31.63824], [-96.34817, 31.64229], [-96.34872, 31.64724], [-96.35145, 31.65219], [-96.35146, 31.65624]]}, "properties": {"operator": "Enbridge Pipelines (East Texas)", "pipe_type": "Intrastate"}}, {"type": "Feature", "geometry": {"type": "LineString", "coordinates": [[-96.34325, 31.63555], [-96.35089, 31.63824]]}, "properties": {"operator": "Enbridge Pipelines (East Texas)", "pipe_type": "Intrastate"}}, {"type": "Feature", "geometry": {"type": "LineString", "coordinates": [[-96.34706, 31.62475], [-96.35471, 31.63239]]}, "properties": {"operator": "Enbridge Pipelines (East Texas)", "pipe_type": "Intrastate"}}, {"type": "Feature", "geometry": {"type": "LineString", "coordinates": [[-96.34268, 31.61935], [-96.34814, 31.61665], [-96.35414, 31.61664], [-96.35961, 31.62159], [-96.36561, 31.62383], [-96.36562, 31.62428], [-96.36616, 31.62428]]}, "properties": {"operator": "Enbridge Pipelines (East Texas)", "pipe_type": "Intrastate"}}, {"type": "Feature", "geometry": {"type": "LineString", "coordinates": [[-96.3508, 31.5613], [-96.35463, 31.56625], [-96.35518, 31.5712], [-96.35355, 31.57615], [-96.35574, 31.5811], [-96.35629, 31.58244], [-96.35684, 31.58604], [-96.35684, 31.58964]]}, "properties": {"operator": "Enbridge Pipelines (East Texas)", "pipe_type": "Intrastate"}}, {"type": "Feature", "geometry": {"type": "LineString", "coordinates": [[-96.35684, 31.58964], [-96.35575, 31.59459], [-96.35522, 31.59954], [-96.35522, 31.60449], [-96.35418, 31.60946], [-96.35179, 31.61039]]}, "properties": {"operator": "Enbridge Pipelines (East Texas)", "pipe_type": "Intrastate"}}, {"type": "Feature", "geometry": {"type": "LineString", "coordinates": [[-96.36286, 31.59819], [-96.35685, 31.59774], [-96.35139, 31.59865], [-96.34648, 31.60045]]}, "properties": {"operator": "Enbridge Pipelines (East Texas)", "pipe_type": "Intrastate"}}, {"type": "Feature", "geometry": {"type": "LineString", "coordinates": [[-96.3348, 31.60268], [-96.33491, 31.60998]]}, "properties": {"operator": "Enbridge Pipelines (East Texas)", "pipe_type": "Intrastate"}}, {"type": "Feature", "geometry": {"type": "LineString", "coordinates": [[-96.31245, 31.60583], [-96.31393, 31.61093]]}, "properties": {"operator": "Enbridge Pipelines (East Texas)", "pipe_type": "Intrastate"}}, {"type": "Feature", "geometry": {"type": "LineString", "coordinates": [[-96.29337, 31.59998], [-96.29024, 31.60783]]}, "properties": {"operator": "Enbridge Pipelines (East Texas)", "pipe_type": "Intrastate"}}, {"type": "Feature", "geometry": {"type": "LineString", "coordinates": [[-96.30388, 31.61095], [-96.30046, 31.62339], [-96.30591, 31.62429], [-96.30863, 31.62835], [-96.30972, 31.6333], [-96.31027, 31.63825], [-96.31027, 31.64095]]}, "properties": {"operator": "Enbridge Pipelines (East Texas)", "pipe_type": "Intrastate"}}, {"type": "Feature", "geometry": {"type": "LineString", "coordinates": [[-96.30264, 31.6414], [-96.30863, 31.64095], [-96.31408, 31.64095], [-96.31953, 31.6423], [-96.32335, 31.64636], [-96.32553, 31.65041], [-96.32553, 31.65131], [-96.33044, 31.65626], [-96.33098, 31.66031], [-96.33098, 31.66121], [-96.33207, 31.66617], [-96.33262, 31.66977]]}, "properties": {"operator": "Enbridge Pipelines (East Texas)", "pipe_type": "Intrastate"}}, {"type": "Feature", "geometry": {"type": "LineString", "coordinates": [[-96.30972, 31.65041], [-96.31517, 31.64771], [-96.31735, 31.64545], [-96.31953, 31.6423]]}, "properties": {"operator": "Enbridge Pipelines (East Texas)", "pipe_type": "Intrastate"}}, {"type": "Feature", "geometry": {"type": "LineString", "coordinates": [[-96.32662, 31.75937], [-96.32062, 31.76297], [-96.31517, 31.76387], [-96.30972, 31.76387], [-96.30373, 31.76342], [-96.29872, 31.76386]]}, "properties": {"operator": "Enbridge Pipelines (East Texas)", "pipe_type": "Intrastate"}}, {"type": "Feature", "geometry": {"type": "LineString", "coordinates": [[-96.28301, 31.74811], [-96.29828, 31.74046]]}, "properties": {"operator": "Enbridge Pipelines (East Texas)", "pipe_type": "Intrastate"}}, {"type": "Feature", "geometry": {"type": "LineString", "coordinates": [[-96.29337, 31.7346], [-96.29923, 31.73555]]}, "properties": {"operator": "Enbridge Pipelines (East Texas)", "pipe_type": "Intrastate"}}, {"type": "Feature", "geometry": {"type": "LineString", "coordinates": [[-96.2901, 31.72335], [-96.29969, 31.73207]]}, "properties": {"operator": "Enbridge Pipelines (East Texas)", "pipe_type": "Intrastate"}}, {"type": "Feature", "geometry": {"type": "LineString", "coordinates": [[-96.27647, 31.67922], [-96.23777, 31.67922], [-96.23668, 31.67427], [-96.23613, 31.66932], [-96.23232, 31.66482], [-96.23014, 31.66437], [-96.22632, 31.66391], [-96.22087, 31.66437], [-96.21542, 31.66572], [-96.2147, 31.66603]]}, "properties": {"operator": "Enbridge Pipelines (East Texas)", "pipe_type": "Intrastate"}}, {"type": "Feature", "geometry": {"type": "LineString", "coordinates": [[-96.27157, 31.64861], [-96.26612, 31.64906], [-96.26012, 31.65266], [-96.26012, 31.65356], [-96.25576, 31.65851], [-96.25467, 31.65941], [-96.25194, 31.66347], [-96.24867, 31.66527], [-96.24431, 31.66842], [-96.24322, 31.66842], [-96.23777, 31.67202], [-96.23668, 31.67427]]}, "properties": {"operator": "Enbridge Pipelines (East Texas)", "pipe_type": "Intrastate"}}, {"type": "Feature", "geometry": {"type": "LineString", "coordinates": [[-96.25576, 31.66707], [-96.25194, 31.66347]]}, "properties": {"operator": "Enbridge Pipelines (East Texas)", "pipe_type": "Intrastate"}}, {"type": "Feature", "geometry": {"type": "LineString", "coordinates": [[-96.26612, 31.64906], [-96.26121, 31.645], [-96.25794, 31.6405], [-96.25794, 31.64005], [-96.24377, 31.6396]]}, "properties": {"operator": "Enbridge Pipelines (East Texas)", "pipe_type": "Intrastate"}}, {"type": "Feature", "geometry": {"type": "LineString", "coordinates": [[-96.26612, 31.6432], [-96.26121, 31.645]]}, "properties": {"operator": "Enbridge Pipelines (East Texas)", "pipe_type": "Intrastate"}}, {"type": "Feature", "geometry": {"type": "LineString", "coordinates": [[-96.24704, 31.64411], [-96.24104, 31.64861], [-96.24104, 31.64906], [-96.23777, 31.65401], [-96.23559, 31.65761], [-96.23395, 31.65896], [-96.23014, 31.65941], [-96.22741, 31.66391], [-96.22414, 31.66842]]}, "properties": {"operator": "Enbridge Pipelines (East Texas)", "pipe_type": "Intrastate"}}, {"type": "Feature", "geometry": {"type": "LineString", "coordinates": [[-96.23014, 31.65941], [-96.22142, 31.65761], [-96.21597, 31.65806], [-96.21488, 31.65806]]}, "properties": {"operator": "Enbridge Pipelines (East Texas)", "pipe_type": "Intrastate"}}, {"type": "Feature", "geometry": {"type": "LineString", "coordinates": [[-96.2236, 31.67202], [-96.21815, 31.67202], [-96.21215, 31.67157], [-96.2067, 31.66842], [-96.20397, 31.66752]]}, "properties": {"operator": "Enbridge Pipelines (East Texas)", "pipe_type": "Intrastate"}}, {"type": "Feature", "geometry": {"type": "LineString", "coordinates": [[-96.21144, 31.67742], [-96.20288, 31.67517], [-96.20016, 31.67292], [-96.19689, 31.67202], [-96.19144, 31.67067], [-96.18599, 31.66842], [-96.18599, 31.66797], [-96.17999, 31.66391], [-96.17781, 31.66301], [-96.17454, 31.66301], [-96.16854, 31.66121], [-96.16582, 31.66076], [-96.16309, 31.66031], [-96.15764, 31.66076], [-96.15492, 31.66076], [-96.15164, 31.66076], [-96.14674, 31.65806], [-96.14619, 31.65761], [-96.14074, 31.65311], [-96.1402, 31.65311], [-96.13584, 31.64816], [-96.13475, 31.64771], [-96.1293, 31.64365], [-96.1293, 31.6432], [-96.1233, 31.6432], [-96.11785, 31.6432], [-96.11185, 31.6432], [-96.1064, 31.64411], [-96.10095, 31.645], [-96.09823, 31.64455]]}, "properties": {"operator": "Enbridge Pipelines (East Texas)", "pipe_type": "Intrastate"}}, {"type": "Feature", "geometry": {"type": "LineString", "coordinates": [[-96.14347, 31.64411], [-96.13747, 31.64816], [-96.13311, 31.64906], [-96.13202, 31.64906], [-96.12603, 31.65041], [-96.12439, 31.65131]]}, "properties": {"operator": "Enbridge Pipelines (East Texas)", "pipe_type": "Intrastate"}}, {"type": "Feature", "geometry": {"type": "LineString", "coordinates": [[-96.16582, 31.66076], [-96.16582, 31.65626], [-96.16418, 31.65131], [-96.16418, 31.64636], [-96.16418, 31.6414], [-96.16582, 31.6369]]}, "properties": {"operator": "Enbridge Pipelines (East Texas)", "pipe_type": "Intrastate"}}, {"type": "Feature", "geometry": {"type": "LineString", "coordinates": [[-96.15873, 31.64411], [-96.16418, 31.6414]]}, "properties": {"operator": "Enbridge Pipelines (East Texas)", "pipe_type": "Intrastate"}}, {"type": "Feature", "geometry": {"type": "LineString", "coordinates": [[-96.15492, 31.66572], [-96.15492, 31.66076]]}, "properties": {"operator": "Enbridge Pipelines (East Texas)", "pipe_type": "Intrastate"}}, {"type": "Feature", "geometry": {"type": "LineString", "coordinates": [[-96.13529, 31.65581], [-96.14619, 31.65761]]}, "properties": {"operator": "Enbridge Pipelines (East Texas)", "pipe_type": "Intrastate"}}, {"type": "Feature", "geometry": {"type": "LineString", "coordinates": [[-96.14619, 31.65761], [-96.13747, 31.66391], [-96.12766, 31.66797]]}, "properties": {"operator": "Enbridge Pipelines (East Texas)", "pipe_type": "Intrastate"}}, {"type": "Feature", "geometry": {"type": "LineString", "coordinates": [[-96.14347, 31.66482], [-96.13802, 31.66391], [-96.13202, 31.66256], [-96.12657, 31.66121], [-96.12112, 31.66166], [-96.11785, 31.66391]]}, "properties": {"operator": "Enbridge Pipelines (East Texas)", "pipe_type": "Intrastate"}}, {"type": "Feature", "geometry": {"type": "LineString", "coordinates": [[-96.11567, 31.65401], [-96.11676, 31.65896], [-96.11785, 31.66391], [-96.1173, 31.66887], [-96.11131, 31.67382], [-96.10967, 31.67652], [-96.10967, 31.67877], [-96.10967, 31.68373], [-96.11131, 31.68868], [-96.11567, 31.69228], [-96.11621, 31.69363], [-96.1173, 31.69858]]}, "properties": {"operator": "Enbridge Pipelines (East Texas)", "pipe_type": "Intrastate"}}, {"type": "Feature", "geometry": {"type": "LineString", "coordinates": [[-96.12984, 31.65626], [-96.13202, 31.66256]]}, "properties": {"operator": "Enbridge Pipelines (East Texas)", "pipe_type": "Intrastate"}}, {"type": "Feature", "geometry": {"type": "LineString", "coordinates": [[-96.30209, 31.72515], [-96.29579, 31.71975], [-96.29034, 31.71839], [-96.28762, 31.71794], [-96.28435, 31.71749], [-96.2789, 31.71704], [-96.27345, 31.71704], [-96.26745, 31.71749], [-96.262, 31.71659], [-96.25601, 31.71614], [-96.25056, 31.71479], [-96.2462, 31.71443], [-96.24511, 31.71434], [-96.2413, 31.71299], [-96.23912, 31.71209], [-96.23639, 31.71119], [-96.23367, 31.71029], [-96.22822, 31.70804], [-96.22768, 31.70804], [-96.22333, 31.70309], [-96.22224, 31.70264], [-96.21788, 31.69813], [-96.2168, 31.69633], [-96.21299, 31.69318], [-96.21081, 31.69228], [-96.20536, 31.69003], [-96.2021, 31.68823], [-96.19937, 31.68733], [-96.19393, 31.68463], [-96.18848, 31.68418], [-96.18684, 31.68328], [-96.18248, 31.68237], [-96.17703, 31.68193], [-96.17158, 31.68283], [-96.16908, 31.6832], [-96.16558, 31.68373], [-96.16013, 31.68373], [-96.15414, 31.68373], [-96.14868, 31.68643], [-96.14704, 31.68823], [-96.14485, 31.69318], [-96.1443, 31.69813], [-96.14647, 31.70309], [-96.14973, 31.70804], [-96.14918, 31.71299], [-96.14645, 31.71434]]}, "properties": {"operator": "Enbridge Pipelines (East Texas)", "pipe_type": "Intrastate"}}, {"type": "Feature", "geometry": {"type": "LineString", "coordinates": [[-96.1438, 31.67427], [-96.14924, 31.67742], [-96.15196, 31.67922], [-96.15469, 31.68102], [-96.15741, 31.68418], [-96.15849, 31.68913], [-96.15849, 31.69003]]}, "properties": {"operator": "Enbridge Pipelines (East Texas)", "pipe_type": "Intrastate"}}, {"type": "Feature", "geometry": {"type": "LineString", "coordinates": [[-96.19719, 31.70084], [-96.19117, 31.70084], [-96.18573, 31.69813], [-96.18355, 31.69588], [-96.18028, 31.69498], [-96.17647, 31.69093], [-96.17429, 31.68958], [-96.17103, 31.68598], [-96.16933, 31.68402], [-96.16908, 31.6832]]}, "properties": {"operator": "Enbridge Pipelines (East Texas)", "pipe_type": "Intrastate"}}, {"type": "Feature", "geometry": {"type": "LineString", "coordinates": [[-96.16724, 31.67427], [-96.17159, 31.67922], [-96.17158, 31.68283]]}, "properties": {"operator": "Enbridge Pipelines (East Texas)", "pipe_type": "Intrastate"}}, {"type": "Feature", "geometry": {"type": "LineString", "coordinates": [[-96.17868, 31.67562], [-96.18413, 31.67697], [-96.19012, 31.67832], [-96.19557, 31.67922], [-96.19829, 31.68057], [-96.20156, 31.68193], [-96.20655, 31.68402]]}, "properties": {"operator": "Enbridge Pipelines (East Texas)", "pipe_type": "Intrastate"}}, {"type": "Feature", "geometry": {"type": "LineString", "coordinates": [[-96.20313, 31.71524], [-96.19676, 31.71486]]}, "properties": {"operator": "Enbridge Pipelines (East Texas)", "pipe_type": "Intrastate"}}, {"type": "Feature", "geometry": {"type": "LineString", "coordinates": [[-96.19713, 31.7211], [-96.20258, 31.722], [-96.20857, 31.7238], [-96.21402, 31.7247], [-96.2162, 31.72605], [-96.21947, 31.7265], [-96.22546, 31.7283], [-96.23091, 31.72965], [-96.23363, 31.731], [-96.2369, 31.7328], [-96.24235, 31.73235], [-96.24572, 31.7318], [-96.2478, 31.73145], [-96.2538, 31.7301], [-96.25925, 31.73055], [-96.26525, 31.731], [-96.26852, 31.73055]]}, "properties": {"operator": "Enbridge Pipelines (East Texas)", "pipe_type": "Intrastate"}}, {"type": "Feature", "geometry": {"type": "LineString", "coordinates": [[-96.26907, 31.7256], [-96.26852, 31.73055], [-96.26633, 31.7355], [-96.26305, 31.73865], [-96.26087, 31.74046], [-96.25978, 31.74046]]}, "properties": {"operator": "Enbridge Pipelines (East Texas)", "pipe_type": "Intrastate"}}, {"type": "Feature", "geometry": {"type": "LineString", "coordinates": [[-96.24572, 31.7318], [-96.24725, 31.7364], [-96.24833, 31.74136], [-96.24886, 31.74631], [-96.24831, 31.75126], [-96.24121, 31.75621], [-96.24012, 31.75667], [-96.23412, 31.76027], [-96.23303, 31.76117], [-96.22867, 31.76162], [-96.22431, 31.76162]]}, "properties": {"operator": "Enbridge Pipelines (East Texas)", "pipe_type": "Intrastate"}}, {"type": "Feature", "geometry": {"type": "LineString", "coordinates": [[-96.2369, 31.7328], [-96.234, 31.73995], [-96.23159, 31.74588], [-96.23033, 31.74901]]}, "properties": {"operator": "Enbridge Pipelines (East Texas)", "pipe_type": "Intrastate"}}, {"type": "Feature", "geometry": {"type": "LineString", "coordinates": [[-96.23159, 31.74588], [-96.22488, 31.74541], [-96.21943, 31.74811], [-96.21343, 31.74946], [-96.2107, 31.74946], [-96.20798, 31.74946], [-96.20525, 31.74991]]}, "properties": {"operator": "Enbridge Pipelines (East Texas)", "pipe_type": "Intrastate"}}, {"type": "Feature", "geometry": {"type": "LineString", "coordinates": [[-96.21287, 31.75667], [-96.2107, 31.74946]]}, "properties": {"operator": "Enbridge Pipelines (East Texas)", "pipe_type": "Intrastate"}}, {"type": "Feature", "geometry": {"type": "LineString", "coordinates": [[-96.21508, 31.74226], [-96.21943, 31.74811]]}, "properties": {"operator": "Enbridge Pipelines (East Texas)", "pipe_type": "Intrastate"}}, {"type": "Feature", "geometry": {"type": "LineString", "coordinates": [[-96.21237, 31.73415], [-96.234, 31.73995]]}, "properties": {"operator": "Enbridge Pipelines (East Texas)", "pipe_type": "Intrastate"}}, {"type": "Feature", "geometry": {"type": "LineString", "coordinates": [[-96.23639, 31.71119], [-96.23638, 31.71614], [-96.23747, 31.7211], [-96.23855, 31.72335]]}, "properties": {"operator": "Enbridge Pipelines (East Texas)", "pipe_type": "Intrastate"}}, {"type": "Feature", "geometry": {"type": "LineString", "coordinates": [[-96.24619, 31.71975], [-96.2462, 31.71443]]}, "properties": {"operator": "Enbridge Pipelines (East Texas)", "pipe_type": "Intrastate"}}, {"type": "Feature", "geometry": {"type": "LineString", "coordinates": [[-96.27181, 31.72155], [-96.27236, 31.71839], [-96.27291, 31.71344], [-96.27291, 31.71254]]}, "properties": {"operator": "Enbridge Pipelines (East Texas)", "pipe_type": "Intrastate"}}, {"type": "Feature", "geometry": {"type": "LineString", "coordinates": [[-96.203, 31.72965], [-96.19755, 31.72875], [-96.19155, 31.7292], [-96.1861, 31.72515], [-96.1861, 31.7247], [-96.18447, 31.7229]]}, "properties": {"operator": "Enbridge Pipelines (East Texas)", "pipe_type": "Intrastate"}}, {"type": "Feature", "geometry": {"type": "LineString", "coordinates": [[-96.17792, 31.73145], [-96.18337, 31.7337], [-96.18882, 31.73505], [-96.1946, 31.73685]]}, "properties": {"operator": "Enbridge Pipelines (East Texas)", "pipe_type": "Intrastate"}}, {"type": "Feature", "geometry": {"type": "LineString", "coordinates": [[-96.19049, 31.74589], [-96.19461, 31.74676]]}, "properties": {"operator": "Enbridge Pipelines (East Texas)", "pipe_type": "Intrastate"}}, {"type": "Feature", "geometry": {"type": "LineString", "coordinates": [[-96.19462, 31.75667], [-96.18935, 31.75396], [-96.18826, 31.75216], [-96.1839, 31.74856], [-96.17845, 31.74856], [-96.17245, 31.74856], [-96.16916, 31.74856], [-96.167, 31.74856], [-96.16101, 31.74766], [-96.16101, 31.74721], [-96.1572, 31.74226], [-96.1572, 31.7373], [-96.15557, 31.73505], [-96.15339, 31.73235], [-96.15285, 31.73055]]}, "properties": {"operator": "Enbridge Pipelines (East Texas)", "pipe_type": "Intrastate"}}, {"type": "Feature", "geometry": {"type": "LineString", "coordinates": [[-96.16918, 31.75441], [-96.16916, 31.74856]]}, "properties": {"operator": "Enbridge Pipelines (East Texas)", "pipe_type": "Intrastate"}}, {"type": "Feature", "geometry": {"type": "LineString", "coordinates": [[-96.1572, 31.7373], [-96.1512, 31.73956], [-96.14521, 31.74046], [-96.13976, 31.74046], [-96.13376, 31.74001], [-96.13158, 31.74046]]}, "properties": {"operator": "Enbridge Pipelines (East Texas)", "pipe_type": "Intrastate"}}, {"type": "Feature", "geometry": {"type": "LineString", "coordinates": [[-96.13159, 31.7283], [-96.13158, 31.73325], [-96.13158, 31.7382], [-96.13158, 31.74046], [-96.13158, 31.74316], [-96.13157, 31.74811], [-96.12612, 31.75036], [-96.12067, 31.74766], [-96.11468, 31.74496], [-96.11195, 31.74316], [-96.10923, 31.74226], [-96.10596, 31.74046]]}, "properties": {"operator": "Enbridge Pipelines (East Texas)", "pipe_type": "Intrastate"}}, {"type": "Feature", "geometry": {"type": "LineString", "coordinates": [[-96.11578, 31.73415], [-96.11577, 31.73911], [-96.11577, 31.74406], [-96.11304, 31.74901], [-96.11031, 31.75126], [-96.10595, 31.75396], [-96.10431, 31.75396], [-96.09886, 31.75667], [-96.09395, 31.75892]]}, "properties": {"operator": "Enbridge Pipelines (East Texas)", "pipe_type": "Intrastate"}}, {"type": "Feature", "geometry": {"type": "LineString", "coordinates": [[-96.11139, 31.76432], [-96.10758, 31.75937], [-96.1054, 31.75847], [-96.09395, 31.75892]]}, "properties": {"operator": "Enbridge Pipelines (East Texas)", "pipe_type": "Intrastate"}}, {"type": "Feature", "geometry": {"type": "LineString", "coordinates": [[-96.0656, 31.76567], [-96.0716, 31.76387], [-96.07705, 31.76207], [-96.0825, 31.76162], [-96.08577, 31.76072], [-96.0885, 31.76027], [-96.09395, 31.75892], [-96.09994, 31.76072], [-96.10267, 31.76567], [-96.0983, 31.77062], [-96.09394, 31.77197], [-96.08957, 31.77558], [-96.08957, 31.78053], [-96.09229, 31.78548], [-96.09719, 31.79043], [-96.09773, 31.79539], [-96.095, 31.80034], [-96.08846, 31.80349], [-96.08573, 31.80349]]}, "properties": {"operator": "Enbridge Pipelines (East Texas)", "pipe_type": "Intrastate"}}, {"type": "Feature", "geometry": {"type": "LineString", "coordinates": [[-96.10646, 31.79268], [-96.09773, 31.79539]]}, "properties": {"operator": "Enbridge Pipelines (East Texas)", "pipe_type": "Intrastate"}}, {"type": "Feature", "geometry": {"type": "LineString", "coordinates": [[-96.18879, 31.76702], [-96.19518, 31.77152]]}, "properties": {"operator": "Enbridge Pipelines (East Texas)", "pipe_type": "Intrastate"}}, {"type": "Feature", "geometry": {"type": "LineString", "coordinates": [[-96.18605, 31.77558], [-96.19518, 31.77648]]}, "properties": {"operator": "Enbridge Pipelines (East Texas)", "pipe_type": "Intrastate"}}, {"type": "Feature", "geometry": {"type": "LineString", "coordinates": [[-96.1952, 31.79133], [-96.18931, 31.79088], [-96.18386, 31.79088], [-96.17841, 31.78998], [-96.17241, 31.79088], [-96.16696, 31.78908], [-96.16097, 31.78818], [-96.1577, 31.78593], [-96.15607, 31.78278]]}, "properties": {"operator": "Enbridge Pipelines (East Texas)", "pipe_type": "Intrastate"}}, {"type": "Feature", "geometry": {"type": "LineString", "coordinates": [[-96.20727, 31.8215], [-96.20128, 31.81835], [-96.20019, 31.81655], [-96.19583, 31.8134], [-96.18984, 31.8125], [-96.18438, 31.8134], [-96.17893, 31.8134], [-96.17294, 31.8143], [-96.16749, 31.81475], [-96.16149, 31.81655], [-96.15603, 31.8179], [-96.15114, 31.81204]]}, "properties": {"operator": "Enbridge Pipelines (East Texas)", "pipe_type": "Intrastate"}}, {"type": "Feature", "geometry": {"type": "LineString", "coordinates": [[-96.18112, 31.80619], [-96.18439, 31.81114], [-96.18656, 31.81475], [-96.18711, 31.8161], [-96.18874, 31.82105], [-96.18982, 31.826], [-96.19091, 31.83095], [-96.192, 31.83231], [-96.19254, 31.83231]]}, "properties": {"operator": "Enbridge Pipelines (East Texas)", "pipe_type": "Intrastate"}}, {"type": "Feature", "geometry": {"type": "LineString", "coordinates": [[-96.22365, 31.79588], [-96.22582, 31.80218]]}, "properties": {"operator": "Enbridge Pipelines (East Texas)", "pipe_type": "Intrastate"}}, {"type": "Feature", "geometry": {"type": "LineString", "coordinates": [[-96.22902, 31.87956], [-96.22247, 31.88318]]}, "properties": {"operator": "Enbridge Pipelines (East Texas)", "pipe_type": "Intrastate"}}, {"type": "Feature", "geometry": {"type": "LineString", "coordinates": [[-96.26997, 31.80488], [-96.27379, 31.79993], [-96.27597, 31.79948], [-96.28143, 31.79768], [-96.28252, 31.79678]]}, "properties": {"operator": "Enbridge Pipelines (East Texas)", "pipe_type": "Intrastate"}}, {"type": "Feature", "geometry": {"type": "LineString", "coordinates": [[-96.17072, 31.98236], [-96.17018, 31.98733], [-96.16527, 31.99094], [-96.16364, 31.9923], [-96.16691, 31.99726], [-96.17072, 31.99996], [-96.1729, 32.00221], [-96.17352, 32.00362], [-96.17508, 32.00718], [-96.17617, 32.01033]]}, "properties": {"operator": "Enbridge Pipelines (East Texas)", "pipe_type": "Intrastate"}}, {"type": "Feature", "geometry": {"type": "LineString", "coordinates": [[-96.18544, 32.01122], [-96.17352, 32.00362]]}, "properties": {"operator": "Enbridge Pipelines (East Texas)", "pipe_type": "Intrastate"}}, {"type": "Feature", "geometry": {"type": "LineString", "coordinates": [[-96.15274, 32.00675], [-96.15274, 32.01172], [-96.15274, 32.01524], [-96.15274, 32.01636], [-96.15274, 32.01668], [-96.15492, 32.02164], [-96.15819, 32.0266], [-96.15873, 32.0266], [-96.16255, 32.03156], [-96.16418, 32.03156], [-96.16963, 32.03381], [-96.1729, 32.03651], [-96.17563, 32.03651], [-96.18108, 32.03605], [-96.18599, 32.04146], [-96.18708, 32.04236], [-96.19035, 32.04642], [-96.19253, 32.04822], [-96.1958, 32.05138], [-96.19798, 32.05318], [-96.20125, 32.05634], [-96.20397, 32.05769], [-96.20943, 32.06084], [-96.21052, 32.06129], [-96.21542, 32.06399], [-96.21815, 32.06624], [-96.22087, 32.0676], [-96.22632, 32.0703], [-96.22905, 32.0712], [-96.23232, 32.07255], [-96.23613, 32.07615], [-96.23777, 32.0766], [-96.24322, 32.0793], [-96.24758, 32.08111], [-96.24922, 32.08156], [-96.25467, 32.0829], [-96.25957, 32.08606], [-96.26066, 32.08651], [-96.26612, 32.08966], [-96.26829, 32.09101], [-96.27157, 32.09237], [-96.27756, 32.09507], [-96.27811, 32.09597], [-96.28301, 32.09777], [-96.28901, 32.09957], [-96.29228, 32.10092], [-96.29446, 32.10182], [-96.29991, 32.10407], [-96.30482, 32.10587], [-96.30591, 32.10587], [-96.31136, 32.10903], [-96.31299, 32.11083], [-96.31735, 32.11444], [-96.3228, 32.11488], [-96.32825, 32.11533], [-96.33044, 32.11578], [-96.32935, 32.12075], [-96.32607, 32.12571], [-96.3228, 32.12662], [-96.31735, 32.12888], [-96.31517, 32.13069], [-96.31136, 32.13521], [-96.31136, 32.13566], [-96.30863, 32.14063], [-96.30591, 32.14379], [-96.30427, 32.14559], [-96.29991, 32.14921], [-96.29936, 32.15056], [-96.29936, 32.15553], [-96.29936, 32.15733]]}, "properties": {"operator": "Enbridge Pipelines (East Texas)", "pipe_type": "Intrastate"}}, {"type": "Feature", "geometry": {"type": "LineString", "coordinates": [[-96.295, 32.14651], [-96.29936, 32.15056]]}, "properties": {"operator": "Enbridge Pipelines (East Texas)", "pipe_type": "Intrastate"}}, {"type": "Feature", "geometry": {"type": "LineString", "coordinates": [[-96.17072, 32.05863], [-96.17018, 32.05547], [-96.17454, 32.0505], [-96.17617, 32.04959], [-96.17018, 32.04735], [-96.16636, 32.04555], [-96.16473, 32.0451], [-96.15928, 32.04285]]}, "properties": {"operator": "Enbridge Pipelines (East Texas)", "pipe_type": "Intrastate"}}, {"type": "Feature", "geometry": {"type": "LineString", "coordinates": [[-96.14401, 31.99503], [-96.13802, 31.99775], [-96.13529, 32.00001], [-96.13311, 32.00497], [-96.13257, 32.00633], [-96.13148, 32.00994], [-96.13802, 32.01219], [-96.14401, 32.01308], [-96.14946, 32.01398], [-96.15056, 32.01488], [-96.15274, 32.01524]]}, "properties": {"operator": "Enbridge Pipelines (East Texas)", "pipe_type": "Intrastate"}}, {"type": "Feature", "geometry": {"type": "LineString", "coordinates": [[-96.05353, 31.83545], [-96.05353, 31.8404], [-96.05244, 31.84536], [-96.04753, 31.84851], [-96.04699, 31.85032], [-96.04644, 31.85527], [-96.04808, 31.86023], [-96.05189, 31.86519], [-96.05353, 31.86654], [-96.05625, 31.87014], [-96.05898, 31.87285], [-96.06389, 31.8751], [-96.06498, 31.8751], [-96.07043, 31.87645], [-96.07588, 31.8769], [-96.08187, 31.8778], [-96.08732, 31.8796], [-96.08896, 31.88006], [-96.09114, 31.88051]]}, "properties": {"operator": "Enbridge Pipelines (East Texas)", "pipe_type": "Intrastate"}}, {"type": "Feature", "geometry": {"type": "LineString", "coordinates": [[-96.04077, 32.08066], [-96.04077, 32.08561], [-96.03749, 32.09056], [-96.0364, 32.09551], [-96.03531, 32.09551], [-96.02985, 32.1], [-96.02931, 32.10045], [-96.0244, 32.1054], [-96.02385, 32.1054], [-96.0184, 32.10765], [-96.0124, 32.109], [-96.01022, 32.11035], [-96.00695, 32.1108], [-96.0015, 32.1108], [-95.9955, 32.1126], [-95.99332, 32.1153], [-95.99004, 32.11755], [-95.98459, 32.11845], [-95.9786, 32.1189], [-95.97478, 32.12025], [-95.97314, 32.1207], [-95.96715, 32.1207], [-95.9617, 32.1207], [-95.95624, 32.12115], [-95.95025, 32.12205], [-95.9448, 32.12295], [-95.9388, 32.12385], [-95.93682, 32.12455], [-95.93556, 32.12518]]}, "properties": {"operator": "Enbridge Pipelines (East Texas)", "pipe_type": "Intrastate"}}, {"type": "Feature", "geometry": {"type": "LineString", "coordinates": [[-95.92761, 31.71209], [-95.91071, 31.71659], [-95.90472, 31.71614], [-95.89927, 31.71479], [-95.89381, 31.71479], [-95.88837, 31.71479]]}, "properties": {"operator": "Enbridge Pipelines (East Texas)", "pipe_type": "Intrastate"}}, {"type": "Feature", "geometry": {"type": "LineString", "coordinates": [[-95.88564, 31.7283], [-95.89273, 31.73055]]}, "properties": {"operator": "Enbridge Pipelines (East Texas)", "pipe_type": "Intrastate"}}, {"type": "Feature", "geometry": {"type": "LineString", "coordinates": [[-95.87655, 31.76357], [-95.86874, 31.76612], [-95.86329, 31.76837], [-95.85729, 31.76837], [-95.85184, 31.76927], [-95.84585, 31.76882], [-95.8404, 31.76792], [-95.83494, 31.76747], [-95.82895, 31.77017], [-95.8235, 31.77242], [-95.81968, 31.77422], [-95.8175, 31.77467], [-95.81205, 31.77648], [-95.8066, 31.77873], [-95.80496, 31.77918], [-95.8006, 31.78053], [-95.7957, 31.78413], [-95.79515, 31.78413], [-95.78916, 31.78728], [-95.78698, 31.78908], [-95.78371, 31.78953], [-95.77826, 31.79133], [-95.7739, 31.79403], [-95.77226, 31.79403], [-95.76681, 31.79674], [-95.76354, 31.79899], [-95.76081, 31.79989], [-95.75536, 31.80214], [-95.74991, 31.80394], [-95.74747, 31.80555]]}, "properties": {"operator": "Enbridge Pipelines (East Texas)", "pipe_type": "Intrastate"}}, {"type": "Feature", "geometry": {"type": "LineString", "coordinates": [[-95.77362, 31.84559], [-95.76796, 31.8524]]}, "properties": {"operator": "Enbridge Pipelines (East Texas)", "pipe_type": "Intrastate"}}, {"type": "Feature", "geometry": {"type": "LineString", "coordinates": [[-95.75298, 31.89641], [-95.75843, 31.89551], [-95.76442, 31.89326], [-95.76987, 31.89191], [-95.76987, 31.89146], [-95.77532, 31.89101], [-95.78022, 31.88652], [-95.78131, 31.88517], [-95.78319, 31.88346]]}, "properties": {"operator": "Enbridge Pipelines (East Texas)", "pipe_type": "Intrastate"}}, {"type": "Feature", "geometry": {"type": "LineString", "coordinates": [[-95.78078, 31.90001], [-95.78967, 31.89558]]}, "properties": {"operator": "Enbridge Pipelines (East Texas)", "pipe_type": "Intrastate"}}, {"type": "Feature", "geometry": {"type": "LineString", "coordinates": [[-96.05284, 31.55642], [-96.0474, 31.56137], [-96.04685, 31.56182], [-96.04359, 31.56632], [-96.04205, 31.56982]]}, "properties": {"operator": "Enbridge Pipelines (East Texas)", "pipe_type": "Intrastate"}}, {"type": "Feature", "geometry": {"type": "LineString", "coordinates": [[-95.51474, 31.51254], [-95.50811, 31.51024], [-95.50267, 31.50936], [-95.50069, 31.50895], [-95.49778, 31.50803]]}, "properties": {"operator": "Enbridge Pipelines (East Texas)", "pipe_type": "Intrastate"}}, {"type": "Feature", "geometry": {"type": "LineString", "coordinates": [[-95.50592, 31.49628], [-95.50112, 31.49763]]}, "properties": {"operator": "Enbridge Pipelines (East Texas)", "pipe_type": "Intrastate"}}, {"type": "Feature", "geometry": {"type": "LineString", "coordinates": [[-95.49343, 31.49903], [-95.49655, 31.49303], [-95.49831, 31.48865]]}, "properties": {"operator": "Enbridge Pipelines (East Texas)", "pipe_type": "Intrastate"}}, {"type": "Feature", "geometry": {"type": "LineString", "coordinates": [[-95.47207, 31.80212], [-95.46609, 31.80259], [-95.46065, 31.80351], [-95.45522, 31.80398], [-95.44924, 31.80535], [-95.44598, 31.80492]]}, "properties": {"operator": "Enbridge Pipelines (East Texas)", "pipe_type": "Intrastate"}}, {"type": "Feature", "geometry": {"type": "LineString", "coordinates": [[-95.48819, 31.52632], [-95.48148, 31.52529], [-95.47603, 31.52395], [-95.47004, 31.52395], [-95.46459, 31.5235], [-95.45859, 31.5226], [-95.45314, 31.5226], [-95.44769, 31.52125], [-95.44715, 31.5208], [-95.4417, 31.51855], [-95.43625, 31.519], [-95.43025, 31.5181], [-95.42698, 31.51585], [-95.42481, 31.51181], [-95.42426, 31.51091], [-95.41991, 31.50596], [-95.41936, 31.50551], [-95.41337, 31.50416], [-95.40791, 31.50821], [-95.40191, 31.51001], [-95.40082, 31.51091], [-95.39646, 31.51181], [-95.39101, 31.51316], [-95.38501, 31.51316], [-95.37956, 31.51271], [-95.37357, 31.51181], [-95.36812, 31.51001], [-95.36267, 31.51046], [-95.35667, 31.51495], [-95.35558, 31.51585], [-95.35176, 31.51675]]}, "properties": {"operator": "Enbridge Pipelines (East Texas)", "pipe_type": "Intrastate"}}, {"type": "Feature", "geometry": {"type": "LineString", "coordinates": [[-95.87365, 32.35565], [-95.87953, 32.35603], [-95.88073, 32.3561]]}, "properties": {"operator": "Enbridge Pipelines (East Texas)", "pipe_type": "Intrastate"}}, {"type": "Feature", "geometry": {"type": "LineString", "coordinates": [[-95.24425, 31.78495], [-95.23933, 31.78001], [-95.23878, 31.77911], [-95.2355, 31.77507], [-95.23441, 31.77057]]}, "properties": {"operator": "Enbridge Pipelines (East Texas)", "pipe_type": "Intrastate"}}, {"type": "Feature", "geometry": {"type": "LineString", "coordinates": [[-95.15184, 31.92932], [-95.14583, 31.92664], [-95.14036, 31.92576], [-95.13653, 31.92442], [-95.13435, 31.92352], [-95.13216, 31.92128]]}, "properties": {"operator": "Enbridge Pipelines (East Texas)", "pipe_type": "Intrastate"}}, {"type": "Feature", "geometry": {"type": "LineString", "coordinates": [[-95.22293, 31.64454], [-95.21136, 31.64054]]}, "properties": {"operator": "Enbridge Pipelines (East Texas)", "pipe_type": "Intrastate"}}, {"type": "Feature", "geometry": {"type": "LineString", "coordinates": [[-95.20598, 31.63289], [-95.20863, 31.64368]]}, "properties": {"operator": "Enbridge Pipelines (East Texas)", "pipe_type": "Intrastate"}}, {"type": "Feature", "geometry": {"type": "LineString", "coordinates": [[-95.19777, 31.64417], [-95.20819, 31.64417]]}, "properties": {"operator": "Enbridge Pipelines (East Texas)", "pipe_type": "Intrastate"}}, {"type": "Feature", "geometry": {"type": "LineString", "coordinates": [[-95.19777, 31.69055], [-95.19231, 31.68966], [-95.18629, 31.68833], [-95.18082, 31.68745], [-95.17536, 31.68657], [-95.17317, 31.68567], [-95.16934, 31.68343], [-95.16661, 31.68074], [-95.16584, 31.67973], [-95.16387, 31.67715], [-95.16333, 31.6758], [-95.16114, 31.67085], [-95.16107, 31.67021], [-95.16059, 31.6659], [-95.16169, 31.66095], [-95.16223, 31.65599], [-95.16223, 31.65298], [-95.16223, 31.65104], [-95.16169, 31.64609], [-95.16392, 31.64204], [-95.16442, 31.64113], [-95.16497, 31.63617], [-95.16387, 31.63122], [-95.1633, 31.62865], [-95.16278, 31.62628], [-95.16114, 31.62133], [-95.1595, 31.61728]]}, "properties": {"operator": "Enbridge Pipelines (East Texas)", "pipe_type": "Intrastate"}}, {"type": "Feature", "geometry": {"type": "LineString", "coordinates": [[-95.14692, 31.62678], [-95.15294, 31.62676], [-95.1584, 31.62764], [-95.1633, 31.62865]]}, "properties": {"operator": "Enbridge Pipelines (East Texas)", "pipe_type": "Intrastate"}}, {"type": "Feature", "geometry": {"type": "LineString", "coordinates": [[-95.17876, 31.63927], [-95.17536, 31.6456]]}, "properties": {"operator": "Enbridge Pipelines (East Texas)", "pipe_type": "Intrastate"}}, {"type": "Feature", "geometry": {"type": "LineString", "coordinates": [[-95.17536, 31.6456], [-95.17208, 31.6375]]}, "properties": {"operator": "Enbridge Pipelines (East Texas)", "pipe_type": "Intrastate"}}, {"type": "Feature", "geometry": {"type": "LineString", "coordinates": [[-95.17372, 31.66091], [-95.17426, 31.65325], [-95.16223, 31.65298], [-95.15677, 31.65286]]}, "properties": {"operator": "Enbridge Pipelines (East Texas)", "pipe_type": "Intrastate"}}, {"type": "Feature", "geometry": {"type": "LineString", "coordinates": [[-95.1677, 31.66903], [-95.16223, 31.66995], [-95.16107, 31.67021], [-95.15622, 31.67132], [-95.15075, 31.67359], [-95.1502, 31.67404], [-95.14528, 31.67721], [-95.14255, 31.67902], [-95.13927, 31.68083], [-95.1338, 31.68355], [-95.1338, 31.684], [-95.12779, 31.68717], [-95.12614, 31.68898], [-95.12232, 31.69124], [-95.11906, 31.69355], [-95.11849, 31.69395], [-95.11685, 31.69486], [-95.11083, 31.69713], [-95.10591, 31.69894], [-95.10537, 31.6994], [-95.0999, 31.70392], [-95.09935, 31.70437], [-95.09607, 31.70888], [-95.09388, 31.70979], [-95.08842, 31.71251], [-95.0824, 31.71208], [-95.07693, 31.71164], [-95.07092, 31.70761], [-95.06928, 31.70401], [-95.06655, 31.69907]]}, "properties": {"operator": "Enbridge Pipelines (East Texas)", "pipe_type": "Intrastate"}}, {"type": "Feature", "geometry": {"type": "LineString", "coordinates": [[-95.06983, 31.71482], [-95.07092, 31.70761]]}, "properties": {"operator": "Enbridge Pipelines (East Texas)", "pipe_type": "Intrastate"}}, {"type": "Feature", "geometry": {"type": "LineString", "coordinates": [[-95.08787, 31.70711], [-95.09388, 31.70979]]}, "properties": {"operator": "Enbridge Pipelines (East Texas)", "pipe_type": "Intrastate"}}, {"type": "Feature", "geometry": {"type": "LineString", "coordinates": [[-95.12669, 31.69978], [-95.12341, 31.69484], [-95.12068, 31.69395], [-95.11906, 31.69355], [-95.11521, 31.69261], [-95.10974, 31.69173], [-95.10373, 31.6904], [-95.10373, 31.68995], [-95.09826, 31.68951], [-95.09552, 31.68502], [-95.09552, 31.68007], [-95.09662, 31.67511], [-95.09552, 31.67016], [-95.09552, 31.66926]]}, "properties": {"operator": "Enbridge Pipelines (East Texas)", "pipe_type": "Intrastate"}}, {"type": "Feature", "geometry": {"type": "LineString", "coordinates": [[-95.13271, 31.69346], [-95.12779, 31.68717]]}, "properties": {"operator": "Enbridge Pipelines (East Texas)", "pipe_type": "Intrastate"}}, {"type": "Feature", "geometry": {"type": "LineString", "coordinates": [[-95.12068, 31.72501], [-95.12999, 31.72859]]}, "properties": {"operator": "Enbridge Pipelines (East Texas)", "pipe_type": "Intrastate"}}, {"type": "Feature", "geometry": {"type": "LineString", "coordinates": [[-95.09826, 32.21163], [-95.09013, 32.21362], [-95.07967, 32.21618]]}, "properties": {"operator": "Enbridge Pipelines (East Texas)", "pipe_type": "Intrastate"}}, {"type": "Feature", "geometry": {"type": "LineString", "coordinates": [[-95.02499, 32.20551], [-95.01897, 32.20102], [-95.01897, 32.20057], [-95.01679, 32.19563], [-95.01679, 32.19253], [-95.01679, 32.19067], [-95.01679, 32.18572], [-95.01679, 32.18077], [-95.01405, 32.17582], [-95.01405, 32.17087], [-95.01405, 32.16592], [-95.01405, 32.16097], [-95.01351, 32.15827], [-95.01241, 32.15602], [-95.01077, 32.15422]]}, "properties": {"operator": "Enbridge Pipelines (East Texas)", "pipe_type": "Intrastate"}}, {"type": "Feature", "geometry": {"type": "LineString", "coordinates": [[-95.05178, 32.21084], [-95.05725, 32.20858], [-95.06272, 32.20721], [-95.0649, 32.20586], [-95.06873, 32.2045], [-95.0742, 32.20178], [-95.07529, 32.20088], [-95.07967, 32.19862], [-95.0804, 32.19772], [-95.08186, 32.19591], [-95.08404, 32.19095], [-95.08432, 32.19005]]}, "properties": {"operator": "Enbridge Pipelines (East Texas)", "pipe_type": "Intrastate"}}, {"type": "Feature", "geometry": {"type": "LineString", "coordinates": [[-95.09717, 32.19407], [-95.08896, 32.20084]]}, "properties": {"operator": "Enbridge Pipelines (East Texas)", "pipe_type": "Intrastate"}}, {"type": "Feature", "geometry": {"type": "LineString", "coordinates": [[-95.07639, 32.18827], [-95.0824, 32.19006], [-95.08432, 32.19005], [-95.08787, 32.19004], [-95.09334, 32.18958], [-95.09935, 32.18956], [-95.10418, 32.19035], [-95.10482, 32.19045], [-95.11083, 32.19178], [-95.1163, 32.19132], [-95.12177, 32.19176], [-95.12779, 32.19039], [-95.13325, 32.18993], [-95.13927, 32.18991], [-95.14474, 32.189], [-95.1502, 32.18853], [-95.15622, 32.18807]]}, "properties": {"operator": "Enbridge Pipelines (East Texas)", "pipe_type": "Intrastate"}}, {"type": "Feature", "geometry": {"type": "LineString", "coordinates": [[-95.13325, 32.17732], [-95.13325, 32.18993]]}, "properties": {"operator": "Enbridge Pipelines (East Texas)", "pipe_type": "Intrastate"}}, {"type": "Feature", "geometry": {"type": "LineString", "coordinates": [[-95.09826, 32.17921], [-95.10418, 32.19035], [-95.10591, 32.1936]]}, "properties": {"operator": "Enbridge Pipelines (East Texas)", "pipe_type": "Intrastate"}}, {"type": "Feature", "geometry": {"type": "LineString", "coordinates": [[-95.14146, 32.15298], [-95.14747, 32.15387], [-95.14911, 32.15792], [-95.1502, 32.16287], [-95.1513, 32.16782], [-95.15184, 32.17277], [-95.15184, 32.17772], [-95.15184, 32.18267], [-95.15294, 32.18447], [-95.15513, 32.18762], [-95.15622, 32.18807], [-95.1584, 32.18896], [-95.16442, 32.19165], [-95.16551, 32.19254], [-95.16989, 32.19433], [-95.17536, 32.19747], [-95.1759, 32.19792], [-95.18137, 32.20151], [-95.18192, 32.20241], [-95.18684, 32.2033], [-95.19285, 32.20328], [-95.19832, 32.20327], [-95.20434, 32.2028], [-95.2098, 32.20144], [-95.21527, 32.20142], [-95.22129, 32.20321], [-95.22675, 32.20364], [-95.23277, 32.20363], [-95.23824, 32.20361], [-95.2437, 32.20315], [-95.24972, 32.20314], [-95.25519, 32.20312], [-95.2612, 32.20265], [-95.26667, 32.20129], [-95.27214, 32.20218], [-95.27706, 32.20712], [-95.27815, 32.20801], [-95.28089, 32.21206], [-95.28362, 32.2134], [-95.28963, 32.21384], [-95.2951, 32.21382], [-95.30057, 32.21381], [-95.30658, 32.21425], [-95.31205, 32.21513], [-95.31807, 32.21512], [-95.32353, 32.2151], [-95.329, 32.21644], [-95.329, 32.21689], [-95.33502, 32.21822], [-95.34049, 32.21326], [-95.34103, 32.21191], [-95.34322, 32.20785]]}, "properties": {"operator": "Enbridge Pipelines (East Texas)", "pipe_type": "Intrastate"}}, {"type": "Feature", "geometry": {"type": "LineString", "coordinates": [[-95.34103, 32.22496], [-95.33502, 32.21822]]}, "properties": {"operator": "Enbridge Pipelines (East Texas)", "pipe_type": "Intrastate"}}, {"type": "Feature", "geometry": {"type": "LineString", "coordinates": [[-95.34049, 32.21326], [-95.34486, 32.21955], [-95.34522, 32.2228], [-95.34541, 32.2245], [-95.34595, 32.22945], [-95.34536, 32.23125], [-95.34431, 32.23441], [-95.34267, 32.23937], [-95.34158, 32.24432], [-95.34103, 32.24928], [-95.34267, 32.25422], [-95.34267, 32.25918], [-95.34103, 32.26143]]}, "properties": {"operator": "Enbridge Pipelines (East Texas)", "pipe_type": "Intrastate"}}, {"type": "Feature", "geometry": {"type": "LineString", "coordinates": [[-95.35689, 32.23032], [-95.34536, 32.23125]]}, "properties": {"operator": "Enbridge Pipelines (East Texas)", "pipe_type": "Intrastate"}}, {"type": "Feature", "geometry": {"type": "LineString", "coordinates": [[-95.35252, 32.22133], [-95.34522, 32.2228]]}, "properties": {"operator": "Enbridge Pipelines (East Texas)", "pipe_type": "Intrastate"}}, {"type": "Feature", "geometry": {"type": "LineString", "coordinates": [[-95.04847, 32.52891], [-95.04377, 32.5271], [-95.03046, 32.52199]]}, "properties": {"operator": "Enbridge Pipelines (East Texas)", "pipe_type": "Intrastate"}}, {"type": "Feature", "geometry": {"type": "LineString", "coordinates": [[-95.04574, 32.5217], [-95.04377, 32.5271]]}, "properties": {"operator": "Enbridge Pipelines (East Texas)", "pipe_type": "Intrastate"}}, {"type": "Feature", "geometry": {"type": "LineString", "coordinates": [[-95.01036, 32.57937], [-95.00437, 32.58298], [-95.00382, 32.58433], [-95.00001, 32.58928], [-94.99892, 32.59019], [-94.99729, 32.59424], [-94.99512, 32.5992], [-94.99512, 32.60415], [-94.99458, 32.60551]]}, "properties": {"operator": "Enbridge Pipelines (East Texas)", "pipe_type": "Intrastate"}}, {"type": "Feature", "geometry": {"type": "LineString", "coordinates": [[-95.04036, 32.6046], [-95.02511, 32.61226], [-95.01965, 32.60821], [-95.01911, 32.60731], [-95.01638, 32.60235], [-95.01474, 32.5974], [-95.01364, 32.59289], [-95.01364, 32.59244], [-95.0131, 32.59109]]}, "properties": {"operator": "Enbridge Pipelines (East Texas)", "pipe_type": "Intrastate"}}, {"type": "Feature", "geometry": {"type": "LineString", "coordinates": [[-95.02673, 32.59514], [-95.02073, 32.59694], [-95.01528, 32.5974], [-95.01474, 32.5974], [-95.00983, 32.5974], [-95.00384, 32.5992], [-95.0022, 32.59965]]}, "properties": {"operator": "Enbridge Pipelines (East Texas)", "pipe_type": "Intrastate"}}, {"type": "Feature", "geometry": {"type": "LineString", "coordinates": [[-95.00717, 32.66453], [-95.00717, 32.66949], [-95.00752, 32.67053], [-95.00881, 32.67445], [-95.01263, 32.6794]]}, "properties": {"operator": "Enbridge Pipelines (East Texas)", "pipe_type": "Intrastate"}}, {"type": "Feature", "geometry": {"type": "LineString", "coordinates": [[-95.08188, 32.70058], [-95.07589, 32.70238], [-95.07044, 32.70283], [-95.06444, 32.70283], [-95.06217, 32.70321], [-95.05899, 32.70374], [-95.05354, 32.70374], [-95.04754, 32.70283], [-95.04209, 32.70283], [-95.0361, 32.70283], [-95.03446, 32.70328]]}, "properties": {"operator": "Enbridge Pipelines (East Texas)", "pipe_type": "Intrastate"}}, {"type": "Feature", "geometry": {"type": "LineString", "coordinates": [[-95.0699, 32.70869], [-95.06217, 32.71007]]}, "properties": {"operator": "Enbridge Pipelines (East Texas)", "pipe_type": "Intrastate"}}, {"type": "Feature", "geometry": {"type": "LineString", "coordinates": [[-95.0372, 32.71365], [-95.04211, 32.71861], [-95.04265, 32.71905], [-95.04865, 32.72086], [-95.0541, 32.72311], [-95.0601, 32.72266], [-95.06217, 32.72232], [-95.06555, 32.72176], [-95.071, 32.72176], [-95.07699, 32.72131], [-95.08245, 32.72176], [-95.08354, 32.72356], [-95.08409, 32.72852], [-95.08409, 32.73347], [-95.08355, 32.73843], [-95.08355, 32.73906], [-95.08356, 32.74339], [-95.08356, 32.74834], [-95.08466, 32.7533], [-95.08558, 32.75748], [-95.08575, 32.75826], [-95.08576, 32.76321], [-95.07704, 32.76637], [-95.07256, 32.7667], [-95.07104, 32.76682], [-95.06559, 32.76772], [-95.0645, 32.76817], [-95.06014, 32.76907], [-95.05415, 32.76862], [-95.05119, 32.76789], [-95.04869, 32.76727], [-95.04597, 32.76547]]}, "properties": {"operator": "Enbridge Pipelines (East Texas)", "pipe_type": "Intrastate"}}, {"type": "Feature", "geometry": {"type": "LineString", "coordinates": [[-95.0623, 32.74339], [-95.06098, 32.74339], [-95.05685, 32.74339], [-95.05085, 32.74339], [-95.04659, 32.74233], [-95.0454, 32.74203], [-95.03995, 32.74113], [-95.03395, 32.73978], [-95.0285, 32.73888], [-95.02741, 32.73843], [-95.02577, 32.73798], [-95.0225, 32.73708], [-95.01868, 32.73347], [-95.01704, 32.73032], [-95.0165, 32.72852], [-95.01159, 32.72581], [-95.00559, 32.72446], [-95.00505, 32.72356], [-95.00014, 32.72266], [-94.99469, 32.72041], [-94.99359, 32.71861], [-94.99141, 32.71365], [-94.98922, 32.70869], [-94.98868, 32.70824], [-94.98649, 32.70374], [-94.98322, 32.69923], [-94.98267, 32.69878], [-94.97831, 32.69382], [-94.97722, 32.69382], [-94.97285, 32.69112]]}, "properties": {"operator": "Enbridge Pipelines (East Texas)", "pipe_type": "Intrastate"}}, {"type": "Feature", "geometry": {"type": "LineString", "coordinates": [[-95.01868, 32.73347], [-95.01433, 32.73933], [-95.01324, 32.74113], [-95.00724, 32.74339], [-95.00616, 32.74429], [-95.00289, 32.74924], [-95.00289, 32.7542], [-95.00344, 32.75916], [-95.0089, 32.76411], [-95.00944, 32.76411]]}, "properties": {"operator": "Enbridge Pipelines (East Texas)", "pipe_type": "Intrastate"}}, {"type": "Feature", "geometry": {"type": "LineString", "coordinates": [[-94.99745, 32.76502], [-95.00344, 32.75916]]}, "properties": {"operator": "Enbridge Pipelines (East Texas)", "pipe_type": "Intrastate"}}, {"type": "Feature", "geometry": {"type": "LineString", "coordinates": [[-95.01929, 32.80196], [-95.02257, 32.81098]]}, "properties": {"operator": "Enbridge Pipelines (East Texas)", "pipe_type": "Intrastate"}}, {"type": "Feature", "geometry": {"type": "LineString", "coordinates": [[-95.02252, 32.75691], [-95.00998, 32.75826]]}, "properties": {"operator": "Enbridge Pipelines (East Texas)", "pipe_type": "Intrastate"}}, {"type": "Feature", "geometry": {"type": "LineString", "coordinates": [[-95.02743, 32.76186], [-95.03397, 32.76366], [-95.03997, 32.76051], [-95.04541, 32.75781], [-95.04705, 32.75691], [-95.05086, 32.75645], [-95.0567, 32.75466], [-95.04813, 32.74699], [-95.04659, 32.74233], [-95.04649, 32.74203], [-95.04703, 32.73708], [-95.04975, 32.73257]]}, "properties": {"operator": "Enbridge Pipelines (East Texas)", "pipe_type": "Intrastate"}}, {"type": "Feature", "geometry": {"type": "LineString", "coordinates": [[-95.03995, 32.74113], [-95.03558, 32.73392], [-95.03557, 32.72897], [-95.03884, 32.72581]]}, "properties": {"operator": "Enbridge Pipelines (East Texas)", "pipe_type": "Intrastate"}}, {"type": "Feature", "geometry": {"type": "LineString", "coordinates": [[-95.03012, 32.72536], [-95.03557, 32.72897]]}, "properties": {"operator": "Enbridge Pipelines (East Texas)", "pipe_type": "Intrastate"}}, {"type": "Feature", "geometry": {"type": "LineString", "coordinates": [[-95.03941, 32.74699], [-95.04813, 32.74699]]}, "properties": {"operator": "Enbridge Pipelines (East Texas)", "pipe_type": "Intrastate"}}, {"type": "Feature", "geometry": {"type": "LineString", "coordinates": [[-95.07591, 32.72852], [-95.07699, 32.72131]]}, "properties": {"operator": "Enbridge Pipelines (East Texas)", "pipe_type": "Intrastate"}}, {"type": "Feature", "geometry": {"type": "LineString", "coordinates": [[-95.10155, 32.74654], [-95.10045, 32.74158], [-95.09609, 32.73933], [-95.09064, 32.73843], [-95.08464, 32.73888], [-95.08355, 32.73906], [-95.07919, 32.73978], [-95.07538, 32.73978]]}, "properties": {"operator": "Enbridge Pipelines (East Texas)", "pipe_type": "Intrastate"}}, {"type": "Feature", "geometry": {"type": "LineString", "coordinates": [[-95.07593, 32.74879], [-95.08466, 32.7533]]}, "properties": {"operator": "Enbridge Pipelines (East Texas)", "pipe_type": "Intrastate"}}, {"type": "Feature", "geometry": {"type": "LineString", "coordinates": [[-95.07869, 32.78529], [-95.07923, 32.78034], [-95.08195, 32.77538], [-95.08195, 32.77042], [-95.08576, 32.76321]]}, "properties": {"operator": "Enbridge Pipelines (East Texas)", "pipe_type": "Intrastate"}}, {"type": "Feature", "geometry": {"type": "LineString", "coordinates": [[-95.07268, 32.77448], [-95.06723, 32.77087], [-95.06124, 32.77493], [-95.06015, 32.77943], [-95.05906, 32.78169]]}, "properties": {"operator": "Enbridge Pipelines (East Texas)", "pipe_type": "Intrastate"}}, {"type": "Feature", "geometry": {"type": "LineString", "coordinates": [[-95.03781, 32.78259], [-95.03944, 32.77718]]}, "properties": {"operator": "Enbridge Pipelines (East Texas)", "pipe_type": "Intrastate"}}, {"type": "Feature", "geometry": {"type": "LineString", "coordinates": [[-95.02254, 32.77673], [-95.02472, 32.78214], [-95.02218, 32.78599], [-95.02146, 32.78709], [-95.01928, 32.79205], [-95.02147, 32.79656]]}, "properties": {"operator": "Enbridge Pipelines (East Texas)", "pipe_type": "Intrastate"}}, {"type": "Feature", "geometry": {"type": "LineString", "coordinates": [[-95.03073, 32.79205], [-95.02527, 32.788], [-95.02418, 32.78709], [-95.02218, 32.78599], [-95.01928, 32.78439], [-95.016, 32.78304]]}, "properties": {"operator": "Enbridge Pipelines (East Texas)", "pipe_type": "Intrastate"}}, {"type": "Feature", "geometry": {"type": "LineString", "coordinates": [[-95.01001, 32.78754], [-95.01928, 32.79205]]}, "properties": {"operator": "Enbridge Pipelines (East Texas)", "pipe_type": "Intrastate"}}, {"type": "Feature", "geometry": {"type": "LineString", "coordinates": [[-95.21845, 32.48011], [-95.21844, 32.47255]]}, "properties": {"operator": "Enbridge Pipelines (East Texas)", "pipe_type": "Intrastate"}}, {"type": "Feature", "geometry": {"type": "LineString", "coordinates": [[-95.77751, 32.66463], [-95.76664, 32.65971]]}, "properties": {"operator": "Enbridge Pipelines (East Texas)", "pipe_type": "Intrastate"}}, {"type": "Feature", "geometry": {"type": "LineString", "coordinates": [[-95.82696, 32.60732], [-95.83239, 32.60506], [-95.83456, 32.60235], [-95.83494, 32.59997]]}, "properties": {"operator": "Enbridge Pipelines (East Texas)", "pipe_type": "Intrastate"}}, {"type": "Feature", "geometry": {"type": "LineString", "coordinates": [[-95.62072, 32.76411], [-95.6229, 32.76907], [-95.6229, 32.77403], [-95.6229, 32.77898], [-95.62345, 32.78394], [-95.62399, 32.7889], [-95.62521, 32.79024]]}, "properties": {"operator": "Enbridge Pipelines (East Texas)", "pipe_type": "Intrastate"}}, {"type": "Feature", "geometry": {"type": "LineString", "coordinates": [[-95.39778, 32.85018], [-95.39178, 32.85288], [-95.39069, 32.85513], [-95.39015, 32.86009], [-95.39233, 32.86505], [-95.39451, 32.87], [-95.39778, 32.87451], [-95.39778, 32.87496], [-95.39887, 32.87992], [-95.4005, 32.88487], [-95.4016, 32.88983], [-95.40269, 32.89479], [-95.40323, 32.89659], [-95.40378, 32.89974], [-95.40513, 32.9048], [-95.40531, 32.90565]]}, "properties": {"operator": "Enbridge Pipelines (East Texas)", "pipe_type": "Intrastate"}}, {"type": "Feature", "geometry": {"type": "LineString", "coordinates": [[-95.4512, 32.93219], [-95.44084, 32.92543]]}, "properties": {"operator": "Enbridge Pipelines (East Texas)", "pipe_type": "Intrastate"}}, {"type": "Feature", "geometry": {"type": "LineString", "coordinates": [[-95.40214, 32.86009], [-95.40214, 32.85468], [-95.39456, 32.85498], [-95.39069, 32.85513]]}, "properties": {"operator": "Enbridge Pipelines (East Texas)", "pipe_type": "Intrastate"}}, {"type": "Feature", "geometry": {"type": "LineString", "coordinates": [[-95.39451, 32.85779], [-95.39456, 32.85498]]}, "properties": {"operator": "Enbridge Pipelines (East Texas)", "pipe_type": "Intrastate"}}, {"type": "Feature", "geometry": {"type": "LineString", "coordinates": [[-95.63326, 32.93354], [-95.62781, 32.93264], [-95.62181, 32.93219], [-95.61636, 32.93219], [-95.61091, 32.93219], [-95.60492, 32.93309], [-95.59946, 32.93399], [-95.59347, 32.93444], [-95.58802, 32.93399], [-95.58257, 32.93128], [-95.57657, 32.92948], [-95.57548, 32.92858], [-95.57112, 32.92678], [-95.56512, 32.92497], [-95.55967, 32.92407], [-95.55967, 32.92362], [-95.55422, 32.92362], [-95.54823, 32.92407], [-95.54278, 32.92407], [-95.53678, 32.92497], [-95.53133, 32.92768], [-95.53078, 32.92858], [-95.53405, 32.93354], [-95.5346, 32.93489]]}, "properties": {"operator": "Enbridge Pipelines (East Texas)", "pipe_type": "Intrastate"}}, {"type": "Feature", "geometry": {"type": "LineString", "coordinates": [[-95.30785, 33.02173], [-95.3062, 33.01645], [-95.30402, 33.01284], [-95.30402, 33.01149], [-95.30184, 33.00653], [-95.29857, 33.00158], [-95.2953, 32.99662], [-95.29352, 32.99427], [-95.29258, 32.99301], [-95.29149, 32.99166], [-95.29076, 32.99136], [-95.28713, 32.98986], [-95.28529, 32.98941], [-95.28168, 32.98851], [-95.27568, 32.98806], [-95.27023, 32.98896], [-95.26423, 32.98941], [-95.25878, 32.98941], [-95.25333, 32.99076], [-95.24733, 32.99211], [-95.24188, 32.99256], [-95.23589, 32.99482], [-95.23044, 32.99527], [-95.22662, 32.99662], [-95.22498, 32.99707], [-95.21899, 32.99797], [-95.21354, 32.99932], [-95.20809, 33.00158], [-95.20754, 33.00158], [-95.20209, 33.00248], [-95.19991, 33.00653], [-95.19929, 33.00913]]}, "properties": {"operator": "Enbridge Pipelines (East Texas)", "pipe_type": "Intrastate"}}, {"type": "Feature", "geometry": {"type": "LineString", "coordinates": [[-95.32746, 32.96733], [-95.33891, 32.97589]]}, "properties": {"operator": "Enbridge Pipelines (East Texas)", "pipe_type": "Intrastate"}}, {"type": "Feature", "geometry": {"type": "LineString", "coordinates": [[-95.08164, 32.96088], [-95.0789, 32.96583], [-95.07617, 32.96943], [-95.07398, 32.97078], [-95.07249, 32.97148], [-95.07015, 32.97258], [-95.06467, 32.97483], [-95.06358, 32.97573], [-95.05866, 32.97663], [-95.05318, 32.97842], [-95.04771, 32.97977], [-95.04279, 32.98067], [-95.04169, 32.98067], [-95.03896, 32.98111], [-95.03622, 32.98156], [-95.03075, 32.98291], [-95.02528, 32.98561], [-95.02473, 32.98561], [-95.02263, 32.98647], [-95.01926, 32.98786], [-95.01324, 32.9892], [-95.00776, 32.9901], [-95.00776, 32.99055], [-95.00229, 32.9928], [-95.00065, 32.9955], [-94.99846, 33.00045], [-94.99627, 33.0018], [-94.9919, 33.0054], [-94.9908, 33.00585], [-94.98588, 33.01035], [-94.98478, 33.0117], [-94.9804, 33.0153], [-94.97931, 33.0153], [-94.97384, 33.01754], [-94.96782, 33.01889], [-94.96289, 33.02024], [-94.96235, 33.02024], [-94.96125, 33.02024]]}, "properties": {"operator": "Enbridge Pipelines (East Texas)", "pipe_type": "Intrastate"}}, {"type": "Feature", "geometry": {"type": "LineString", "coordinates": [[-95.03677, 32.96355], [-95.04114, 32.96851], [-95.04279, 32.96941], [-95.04826, 32.97302], [-95.04935, 32.97347], [-95.05428, 32.97527], [-95.05866, 32.97663]]}, "properties": {"operator": "Enbridge Pipelines (East Texas)", "pipe_type": "Intrastate"}}, {"type": "Feature", "geometry": {"type": "LineString", "coordinates": [[-95.05592, 32.96222], [-95.04114, 32.96851]]}, "properties": {"operator": "Enbridge Pipelines (East Texas)", "pipe_type": "Intrastate"}}, {"type": "Feature", "geometry": {"type": "LineString", "coordinates": [[-95.05701, 32.96582], [-95.06358, 32.97573]]}, "properties": {"operator": "Enbridge Pipelines (East Texas)", "pipe_type": "Intrastate"}}, {"type": "Feature", "geometry": {"type": "LineString", "coordinates": [[-94.70726, 32.91414], [-94.70781, 32.90918], [-94.71164, 32.90422], [-94.71328, 32.90287], [-94.71546, 32.90151]]}, "properties": {"operator": "Enbridge Pipelines (East Texas)", "pipe_type": "Intrastate"}}, {"type": "Feature", "geometry": {"type": "LineString", "coordinates": [[-94.75821, 32.81773], [-94.7593, 32.82269], [-94.75276, 32.82765], [-94.7495, 32.8326], [-94.74922, 32.83303], [-94.74678, 32.83666], [-94.74678, 32.83756], [-94.74624, 32.84117]]}, "properties": {"operator": "Enbridge Pipelines (East Texas)", "pipe_type": "Intrastate"}}, {"type": "Feature", "geometry": {"type": "LineString", "coordinates": [[-94.75112, 32.82134], [-94.75276, 32.82765]]}, "properties": {"operator": "Enbridge Pipelines (East Texas)", "pipe_type": "Intrastate"}}, {"type": "Feature", "geometry": {"type": "LineString", "coordinates": [[-94.75223, 32.84117], [-94.74624, 32.84117], [-94.74078, 32.84117], [-94.73533, 32.84071], [-94.72934, 32.84117], [-94.72426, 32.84158], [-94.72389, 32.84162], [-94.71789, 32.84387], [-94.71244, 32.84477], [-94.71026, 32.84477]]}, "properties": {"operator": "Enbridge Pipelines (East Texas)", "pipe_type": "Intrastate"}}, {"type": "Feature", "geometry": {"type": "LineString", "coordinates": [[-94.72281, 32.85423], [-94.72553, 32.84928], [-94.72607, 32.84432], [-94.72426, 32.84158], [-94.72279, 32.83936], [-94.72225, 32.83756]]}, "properties": {"operator": "Enbridge Pipelines (East Texas)", "pipe_type": "Intrastate"}}, {"type": "Feature", "geometry": {"type": "LineString", "coordinates": [[-94.73097, 32.83441], [-94.73533, 32.84071]]}, "properties": {"operator": "Enbridge Pipelines (East Texas)", "pipe_type": "Intrastate"}}, {"type": "Feature", "geometry": {"type": "LineString", "coordinates": [[-94.74023, 32.83531], [-94.74624, 32.84117]]}, "properties": {"operator": "Enbridge Pipelines (East Texas)", "pipe_type": "Intrastate"}}, {"type": "Feature", "geometry": {"type": "LineString", "coordinates": [[-94.74404, 32.82224], [-94.74459, 32.82945]]}, "properties": {"operator": "Enbridge Pipelines (East Texas)", "pipe_type": "Intrastate"}}, {"type": "Feature", "geometry": {"type": "LineString", "coordinates": [[-94.78111, 32.8254], [-94.78493, 32.83215]]}, "properties": {"operator": "Enbridge Pipelines (East Texas)", "pipe_type": "Intrastate"}}, {"type": "Feature", "geometry": {"type": "LineString", "coordinates": [[-94.80565, 32.83711], [-94.80128, 32.83125]]}, "properties": {"operator": "Enbridge Pipelines (East Texas)", "pipe_type": "Intrastate"}}, {"type": "Feature", "geometry": {"type": "LineString", "coordinates": [[-94.81764, 32.83666], [-94.81654, 32.83305], [-94.8153, 32.8308], [-94.81381, 32.8281], [-94.81218, 32.8263]]}, "properties": {"operator": "Enbridge Pipelines (East Texas)", "pipe_type": "Intrastate"}}, {"type": "Feature", "geometry": {"type": "LineString", "coordinates": [[-94.92167, 32.74904], [-94.91622, 32.74949], [-94.91022, 32.74859], [-94.90968, 32.74859]]}, "properties": {"operator": "Enbridge Pipelines (East Texas)", "pipe_type": "Intrastate"}}, {"type": "Feature", "geometry": {"type": "LineString", "coordinates": [[-94.9321, 32.82345], [-94.92665, 32.82706], [-94.92604, 32.82756], [-94.92501, 32.82841], [-94.92066, 32.83202], [-94.92011, 32.83337], [-94.91739, 32.83833], [-94.91521, 32.84059], [-94.9114, 32.84329], [-94.90977, 32.84329], [-94.90868, 32.84345], [-94.90377, 32.84419], [-94.90172, 32.84436], [-94.89832, 32.84464], [-94.89232, 32.84464], [-94.88687, 32.84464], [-94.88142, 32.84419], [-94.87543, 32.84329], [-94.86997, 32.84239], [-94.86452, 32.84059], [-94.85852, 32.83878], [-94.85798, 32.83833], [-94.85307, 32.83607], [-94.84707, 32.83382], [-94.84707, 32.83337], [-94.84162, 32.83157], [-94.83788, 32.82971], [-94.83617, 32.82886], [-94.83562, 32.82841], [-94.83016, 32.8248], [-94.82907, 32.82345], [-94.82471, 32.81984], [-94.82362, 32.81849], [-94.82307, 32.81353], [-94.82034, 32.80857], [-94.8187, 32.80541], [-94.8187, 32.80361], [-94.81651, 32.79865], [-94.81324, 32.79504], [-94.81269, 32.79369], [-94.81105, 32.78873], [-94.81105, 32.78377], [-94.81104, 32.77881], [-94.81104, 32.77384], [-94.81103, 32.76888], [-94.81048, 32.76393], [-94.8083, 32.75896], [-94.80775, 32.75851], [-94.80448, 32.754], [-94.80175, 32.74994], [-94.80175, 32.74904], [-94.80174, 32.74408], [-94.80174, 32.73912], [-94.80228, 32.73732]]}, "properties": {"operator": "Enbridge Pipelines (East Texas)", "pipe_type": "Intrastate"}}, {"type": "Feature", "geometry": {"type": "LineString", "coordinates": [[-94.8465, 32.80541], [-94.85086, 32.80992], [-94.84487, 32.81217], [-94.83942, 32.81443], [-94.83942, 32.81488], [-94.83343, 32.81623], [-94.82798, 32.81939], [-94.82471, 32.81984]]}, "properties": {"operator": "Enbridge Pipelines (East Texas)", "pipe_type": "Intrastate"}}, {"type": "Feature", "geometry": {"type": "LineString", "coordinates": [[-94.95385, 32.77114], [-94.95385, 32.7761], [-94.95441, 32.78106], [-94.95059, 32.78602], [-94.94787, 32.78737], [-94.94733, 32.79098], [-94.94788, 32.79594], [-94.94878, 32.79743], [-94.94897, 32.79774]]}, "properties": {"operator": "Enbridge Pipelines (East Texas)", "pipe_type": "Intrastate"}}, {"type": "Feature", "geometry": {"type": "LineString", "coordinates": [[-94.9277, 32.78377], [-94.92225, 32.78377], [-94.91734, 32.78336], [-94.9168, 32.78331], [-94.9108, 32.78377], [-94.90971, 32.78386], [-94.90535, 32.78422], [-94.89935, 32.78377], [-94.8939, 32.78377], [-94.88845, 32.78286], [-94.88245, 32.78331], [-94.87701, 32.78602], [-94.87265, 32.78873], [-94.8721, 32.78873]]}, "properties": {"operator": "Enbridge Pipelines (East Texas)", "pipe_type": "Intrastate"}}, {"type": "Feature", "geometry": {"type": "LineString", "coordinates": [[-94.99897, 32.63676], [-94.99297, 32.63541]]}, "properties": {"operator": "Enbridge Pipelines (East Texas)", "pipe_type": "Intrastate"}}, {"type": "Feature", "geometry": {"type": "LineString", "coordinates": [[-95.00059, 32.62639], [-94.99514, 32.62594]]}, "properties": {"operator": "Enbridge Pipelines (East Texas)", "pipe_type": "Intrastate"}}, {"type": "Feature", "geometry": {"type": "LineString", "coordinates": [[-94.98262, 32.64803], [-94.99135, 32.6539]]}, "properties": {"operator": "Enbridge Pipelines (East Texas)", "pipe_type": "Intrastate"}}, {"type": "Feature", "geometry": {"type": "LineString", "coordinates": [[-94.96465, 32.65931], [-94.96465, 32.66337]]}, "properties": {"operator": "Enbridge Pipelines (East Texas)", "pipe_type": "Intrastate"}}, {"type": "Feature", "geometry": {"type": "LineString", "coordinates": [[-94.94831, 32.67283], [-94.94779, 32.66814], [-94.94776, 32.66787], [-94.94666, 32.66291], [-94.94884, 32.65795], [-94.95101, 32.65299], [-94.9514, 32.64949], [-94.95155, 32.64803], [-94.95155, 32.64307], [-94.95046, 32.63811], [-94.94881, 32.63315], [-94.94881, 32.62819], [-94.94881, 32.62323], [-94.94717, 32.61827], [-94.94498, 32.61331], [-94.9428, 32.60835], [-94.9417, 32.60339], [-94.94061, 32.60159]]}, "properties": {"operator": "Enbridge Pipelines (East Texas)", "pipe_type": "Intrastate"}}, {"type": "Feature", "geometry": {"type": "LineString", "coordinates": [[-94.9581, 32.65029], [-94.9514, 32.64949], [-94.95047, 32.64938]]}, "properties": {"operator": "Enbridge Pipelines (East Texas)", "pipe_type": "Intrastate"}}, {"type": "Feature", "geometry": {"type": "LineString", "coordinates": [[-94.94071, 32.70936], [-94.94125, 32.7044], [-94.94288, 32.69944], [-94.93525, 32.69944], [-94.9298, 32.69809], [-94.92707, 32.69734], [-94.92653, 32.69718]]}, "properties": {"operator": "Enbridge Pipelines (East Texas)", "pipe_type": "Intrastate"}}, {"type": "Feature", "geometry": {"type": "LineString", "coordinates": [[-94.9467, 32.69899], [-94.95214, 32.69448]]}, "properties": {"operator": "Enbridge Pipelines (East Texas)", "pipe_type": "Intrastate"}}, {"type": "Feature", "geometry": {"type": "LineString", "coordinates": [[-94.91458, 32.74408], [-94.91512, 32.73912], [-94.91402, 32.73416], [-94.91184, 32.73326], [-94.90857, 32.73191], [-94.90312, 32.73056], [-94.89822, 32.73642]]}, "properties": {"operator": "Enbridge Pipelines (East Texas)", "pipe_type": "Intrastate"}}, {"type": "Feature", "geometry": {"type": "LineString", "coordinates": [[-94.90148, 32.72334], [-94.90312, 32.73056]]}, "properties": {"operator": "Enbridge Pipelines (East Texas)", "pipe_type": "Intrastate"}}, {"type": "Feature", "geometry": {"type": "LineString", "coordinates": [[-94.8371, 32.66003], [-94.8311, 32.65642], [-94.82565, 32.65823], [-94.81965, 32.65868], [-94.81638, 32.65507], [-94.81474, 32.65282]]}, "properties": {"operator": "Enbridge Pipelines (East Texas)", "pipe_type": "Intrastate"}}, {"type": "Feature", "geometry": {"type": "LineString", "coordinates": [[-94.7864, 32.66273], [-94.77713, 32.65778]]}, "properties": {"operator": "Enbridge Pipelines (East Texas)", "pipe_type": "Intrastate"}}, {"type": "Feature", "geometry": {"type": "LineString", "coordinates": [[-94.79677, 32.67535], [-94.79677, 32.67039], [-94.79676, 32.66544], [-94.79743, 32.66241], [-94.79785, 32.66048], [-94.79785, 32.65552], [-94.79784, 32.65056], [-94.79784, 32.64561], [-94.79674, 32.64065], [-94.79565, 32.6384]]}, "properties": {"operator": "Enbridge Pipelines (East Texas)", "pipe_type": "Intrastate"}}, {"type": "Feature", "geometry": {"type": "LineString", "coordinates": [[-94.83766, 32.68346], [-94.83221, 32.68346], [-94.82622, 32.68346], [-94.8224, 32.68093], [-94.82076, 32.67985], [-94.81913, 32.6785], [-94.81854, 32.67857], [-94.81531, 32.67895], [-94.81095, 32.68256]]}, "properties": {"operator": "Enbridge Pipelines (East Texas)", "pipe_type": "Intrastate"}}, {"type": "Feature", "geometry": {"type": "LineString", "coordinates": [[-94.81854, 32.67857], [-94.81802, 32.66724]]}, "properties": {"operator": "Enbridge Pipelines (East Texas)", "pipe_type": "Intrastate"}}, {"type": "Feature", "geometry": {"type": "LineString", "coordinates": [[-94.90968, 32.74859], [-94.905, 32.74741], [-94.90095, 32.74634]]}, "properties": {"operator": "Enbridge Pipelines (East Texas)", "pipe_type": "Intrastate"}}, {"type": "Feature", "geometry": {"type": "LineString", "coordinates": [[-96.43403, 31.23405], [-96.42857, 31.23814], [-96.42584, 31.23905], [-96.42311, 31.24357], [-96.42311, 31.24402], [-96.41984, 31.24899], [-96.41711, 31.25261], [-96.41656, 31.25396], [-96.41165, 31.25849], [-96.40564, 31.25718], [-96.40019, 31.25271], [-96.39582, 31.24913], [-96.39473, 31.24869], [-96.38872, 31.24647], [-96.38326, 31.24515], [-96.38053, 31.24426], [-96.37726, 31.24383], [-96.3718, 31.24252], [-96.37125, 31.24207], [-96.3704, 31.24156]]}, "properties": {"operator": "Enbridge Pipelines (East Texas)", "pipe_type": "Intrastate"}}, {"type": "Feature", "geometry": {"type": "LineString", "coordinates": [[-96.29829, 31.35983], [-96.28717, 31.35961], [-96.28117, 31.35965], [-96.28008, 31.3484]]}, "properties": {"operator": "Enbridge Pipelines (East Texas)", "pipe_type": "Intrastate"}}, {"type": "Feature", "geometry": {"type": "LineString", "coordinates": [[-96.28008, 31.3484], [-96.28663, 31.35016], [-96.28881, 31.35375], [-96.28881, 31.3587], [-96.28881, 31.36366], [-96.28772, 31.36862], [-96.28717, 31.37357], [-96.28554, 31.37853], [-96.28499, 31.38349], [-96.28117, 31.38531], [-96.27516, 31.38805], [-96.27462, 31.3885], [-96.26971, 31.39078], [-96.26643, 31.3935], [-96.2637, 31.39442], [-96.25824, 31.3958], [-96.25387, 31.39583], [-96.24569, 31.39579]]}, "properties": {"operator": "Enbridge Pipelines (East Texas)", "pipe_type": "Intrastate"}}, {"type": "Feature", "geometry": {"type": "LineString", "coordinates": [[-96.11953, 31.36391], [-96.12226, 31.36886], [-96.12553, 31.372], [-96.12771, 31.3738], [-96.13098, 31.37514], [-96.13698, 31.37692], [-96.13862, 31.37872], [-96.14244, 31.38096], [-96.14408, 31.38366], [-96.1479, 31.3877], [-96.14844, 31.3886], [-96.15171, 31.39355], [-96.1539, 31.39804], [-96.1539, 31.39849], [-96.15444, 31.40344], [-96.15771, 31.40839], [-96.15935, 31.40973], [-96.16262, 31.41333], [-96.16535, 31.41467], [-96.16862, 31.41826], [-96.16917, 31.42322], [-96.17026, 31.42817], [-96.17081, 31.42816], [-96.17462, 31.43311], [-96.17626, 31.43355], [-96.18226, 31.43489], [-96.18281, 31.43489], [-96.18826, 31.43667], [-96.19426, 31.43666], [-96.19972, 31.4362], [-96.20517, 31.43573], [-96.21117, 31.43617], [-96.21663, 31.4366], [-96.22263, 31.43659], [-96.22809, 31.43702], [-96.23354, 31.43836], [-96.23736, 31.4397], [-96.23954, 31.44059], [-96.245, 31.44373], [-96.24554, 31.44463], [-96.2502, 31.44846]]}, "properties": {"operator": "Enbridge Pipelines (East Texas)", "pipe_type": "Intrastate"}}, {"type": "Feature", "geometry": {"type": "LineString", "coordinates": [[-96.14994, 31.59075], [-96.15286, 31.58806]]}, "properties": {"operator": "Enbridge Pipelines (East Texas)", "pipe_type": "Intrastate"}}, {"type": "Feature", "geometry": {"type": "LineString", "coordinates": [[-96.08678, 31.56373], [-96.08443, 31.56113]]}, "properties": {"operator": "Enbridge Pipelines (East Texas)", "pipe_type": "Intrastate"}}, {"type": "Feature", "geometry": {"type": "LineString", "coordinates": [[-96.08896, 31.55923], [-96.08543, 31.55809]]}, "properties": {"operator": "Enbridge Pipelines (East Texas)", "pipe_type": "Intrastate"}}, {"type": "Feature", "geometry": {"type": "LineString", "coordinates": [[-96.0895, 31.55878], [-96.09175, 31.56048]]}, "properties": {"operator": "Enbridge Pipelines (East Texas)", "pipe_type": "Intrastate"}}, {"type": "Feature", "geometry": {"type": "LineString", "coordinates": [[-96.09114, 31.55384], [-96.09439, 31.5525]]}, "properties": {"operator": "Enbridge Pipelines (East Texas)", "pipe_type": "Intrastate"}}, {"type": "Feature", "geometry": {"type": "LineString", "coordinates": [[-96.18438, 31.8134], [-96.17838, 31.8188], [-96.17838, 31.82375], [-96.17892, 31.8287], [-96.18218, 31.83366], [-96.18382, 31.83861], [-96.18763, 31.84356], [-96.18817, 31.84446], [-96.19089, 31.84851], [-96.19416, 31.85167], [-96.19525, 31.85347], [-96.1996, 31.85752], [-96.20015, 31.85842], [-96.20505, 31.86202], [-96.20723, 31.86337], [-96.2105, 31.86832], [-96.21104, 31.86832], [-96.21431, 31.87328], [-96.21649, 31.87553], [-96.21812, 31.87823], [-96.22247, 31.88273], [-96.22247, 31.88318], [-96.22683, 31.88813], [-96.22792, 31.88904], [-96.22901, 31.89309], [-96.229, 31.89804], [-96.229, 31.90299], [-96.23117, 31.90795], [-96.23335, 31.91065], [-96.23444, 31.9129], [-96.23498, 31.91425], [-96.23879, 31.9192], [-96.24097, 31.92055], [-96.24315, 31.92415], [-96.24642, 31.92686], [-96.25241, 31.92821], [-96.25639, 31.92867]]}, "properties": {"operator": "Enbridge Pipelines (East Texas)", "pipe_type": "Intrastate"}}, {"type": "Feature", "geometry": {"type": "LineString", "coordinates": [[-95.52821, 31.49935], [-95.51951, 31.50254], [-95.51658, 31.51321], [-95.51272, 31.52014], [-95.51791, 31.52914]]}, "properties": {"operator": "Enbridge Pipelines (East Texas)", "pipe_type": "Intrastate"}}, {"type": "Feature", "geometry": {"type": "LineString", "coordinates": [[-95.48201, 31.49321], [-95.48745, 31.49635], [-95.49071, 31.49814], [-95.49343, 31.49903], [-95.4956, 31.50308], [-95.49778, 31.50803], [-95.49763, 31.50938], [-95.49724, 31.51299], [-95.49616, 31.51795], [-95.49181, 31.52292], [-95.4882, 31.52632], [-95.48747, 31.527], [-95.48747, 31.5279], [-95.48748, 31.53285], [-95.48585, 31.53782], [-95.48477, 31.54278], [-95.48477, 31.54774], [-95.48315, 31.5527], [-95.48261, 31.55766], [-95.48207, 31.55812], [-95.48207, 31.56262], [-95.48371, 31.56758], [-95.48316, 31.56803], [-95.48697, 31.57297], [-95.48806, 31.57793], [-95.48807, 31.58289], [-95.48862, 31.58784], [-95.48916, 31.58874], [-95.4908, 31.5928], [-95.49135, 31.59775], [-95.48972, 31.60272], [-95.48484, 31.6077], [-95.48321, 31.60905], [-95.48158, 31.61267], [-95.47833, 31.61764], [-95.47778, 31.61764], [-95.47507, 31.62261], [-95.4729, 31.62757], [-95.47182, 31.63119], [-95.47182, 31.63254], [-95.47128, 31.6375], [-95.47129, 31.64246], [-95.47184, 31.64742], [-95.47239, 31.65238], [-95.47239, 31.65734], [-95.47457, 31.66229], [-95.47567, 31.66725], [-95.47676, 31.6722], [-95.47785, 31.67581], [-95.47786, 31.67716], [-95.48058, 31.68211], [-95.48222, 31.68707], [-95.48331, 31.69157], [-95.48331, 31.69202], [-95.48495, 31.69698], [-95.48713, 31.70193], [-95.48931, 31.70553], [-95.48931, 31.70689], [-95.48932, 31.71185], [-95.49096, 31.7168], [-95.49096, 31.72176], [-95.49043, 31.72673], [-95.49043, 31.73169], [-95.49044, 31.73665], [-95.48991, 31.74161], [-95.491, 31.74657], [-95.49373, 31.75152], [-95.49482, 31.75287], [-95.49699, 31.75647], [-95.50026, 31.76143], [-95.50408, 31.76637], [-95.50626, 31.76907], [-95.50626, 31.77133], [-95.50627, 31.77629], [-95.50138, 31.78127], [-95.5003, 31.78173], [-95.49486, 31.78355], [-95.48943, 31.78447], [-95.48454, 31.78629], [-95.48345, 31.78629], [-95.47802, 31.78992], [-95.47694, 31.79128], [-95.47532, 31.79624], [-95.47315, 31.80121], [-95.47207, 31.80257], [-95.47098, 31.80618], [-95.47099, 31.80844]]}, "properties": {"operator": "Enbridge Pipelines (East Texas)", "pipe_type": "Intrastate"}}, {"type": "Feature", "geometry": {"type": "LineString", "coordinates": [[-95.18629, 31.64151], [-95.18082, 31.64468], [-95.17536, 31.6456], [-95.16934, 31.64336], [-95.16392, 31.64204]]}, "properties": {"operator": "Enbridge Pipelines (East Texas)", "pipe_type": "Intrastate"}}, {"type": "Feature", "geometry": {"type": "LineString", "coordinates": [[-94.82674, 32.66498], [-94.82561, 32.66541], [-94.82075, 32.66724], [-94.8153, 32.66679], [-94.80985, 32.66589], [-94.80385, 32.66453], [-94.7984, 32.66273], [-94.79743, 32.66241], [-94.79294, 32.66093], [-94.79131, 32.66003], [-94.78912, 32.65507], [-94.78694, 32.65417], [-94.78149, 32.65282], [-94.77549, 32.65102], [-94.77495, 32.65012], [-94.77113, 32.64516], [-94.77003, 32.6402], [-94.76567, 32.63795], [-94.7613, 32.6357]]}, "properties": {"operator": "Enbridge Pipelines (East Texas)", "pipe_type": "Intrastate"}}, {"type": "Feature", "geometry": {"type": "LineString", "coordinates": [[-95.02508, 32.57802], [-95.03108, 32.58253], [-95.03108, 32.58298], [-95.03653, 32.58298], [-95.0419, 32.5812]]}, "properties": {"operator": "Enbridge Pipelines (East Texas)", "pipe_type": "Intrastate"}}, {"type": "Feature", "geometry": {"type": "LineString", "coordinates": [[-95.03658, 32.63344], [-95.04203, 32.63344], [-95.04693, 32.62849], [-95.04761, 32.6282]]}, "properties": {"operator": "Enbridge Pipelines (East Texas)", "pipe_type": "Intrastate"}}, {"type": "Feature", "geometry": {"type": "LineString", "coordinates": [[-95.05274, 32.66346], [-95.0486, 32.66408], [-95.04315, 32.66498], [-95.03769, 32.66498], [-95.0317, 32.66724], [-95.03061, 32.66814], [-95.02625, 32.67039], [-95.02026, 32.67084], [-95.01481, 32.67039], [-95.00936, 32.67039], [-95.00752, 32.67053], [-95.00336, 32.67084], [-94.99791, 32.67264]]}, "properties": {"operator": "Enbridge Pipelines (East Texas)", "pipe_type": "Intrastate"}}, {"type": "Feature", "geometry": {"type": "LineString", "coordinates": [[-95.11028, 32.76006], [-95.10483, 32.75736], [-95.09883, 32.75781], [-95.09338, 32.75781], [-95.08793, 32.75781], [-95.08558, 32.75748]]}, "properties": {"operator": "Enbridge Pipelines (East Texas)", "pipe_type": "Intrastate"}}, {"type": "Feature", "geometry": {"type": "LineString", "coordinates": [[-95.06723, 32.77087], [-95.06559, 32.76772]]}, "properties": {"operator": "Enbridge Pipelines (East Texas)", "pipe_type": "Intrastate"}}, {"type": "Feature", "geometry": {"type": "LineString", "coordinates": [[-95.07049, 32.75691], [-95.07256, 32.7667]]}, "properties": {"operator": "Enbridge Pipelines (East Texas)", "pipe_type": "Intrastate"}}, {"type": "Feature", "geometry": {"type": "LineString", "coordinates": [[-95.04878, 32.7769], [-95.04543, 32.77718], [-95.03944, 32.77718], [-95.03398, 32.77583], [-95.03112, 32.77228], [-95.03071, 32.77177], [-95.02913, 32.76819], [-95.02853, 32.76682], [-95.02798, 32.76502], [-95.02743, 32.76186], [-95.02361, 32.75691], [-95.02252, 32.75691], [-95.02688, 32.75195], [-95.02796, 32.7506], [-95.02796, 32.74699], [-95.02687, 32.74203], [-95.02577, 32.73798]]}, "properties": {"operator": "Enbridge Pipelines (East Texas)", "pipe_type": "Intrastate"}}, {"type": "Feature", "geometry": {"type": "LineString", "coordinates": [[-95.0427, 32.7984], [-95.03946, 32.79791], [-95.03401, 32.80061], [-95.03128, 32.80377], [-95.02802, 32.80647], [-95.02529, 32.80872], [-95.02257, 32.81098], [-95.0193, 32.81368], [-95.01712, 32.81593], [-95.01549, 32.81728]]}, "properties": {"operator": "Enbridge Pipelines (East Texas)", "pipe_type": "Intrastate"}}, {"type": "Feature", "geometry": {"type": "LineString", "coordinates": [[-95.03112, 32.77228], [-95.0269, 32.77403], [-95.02254, 32.77673], [-95.0209, 32.77718], [-95.01545, 32.77898], [-95.01, 32.77943], [-95.00836, 32.77268]]}, "properties": {"operator": "Enbridge Pipelines (East Texas)", "pipe_type": "Intrastate"}}, {"type": "Feature", "geometry": {"type": "LineString", "coordinates": [[-95.01981, 32.76862], [-95.02913, 32.76819]]}, "properties": {"operator": "Enbridge Pipelines (East Texas)", "pipe_type": "Intrastate"}}, {"type": "Feature", "geometry": {"type": "LineString", "coordinates": [[-95.0563, 32.73888], [-95.06174, 32.73483], [-95.06217, 32.73475]]}, "properties": {"operator": "Enbridge Pipelines (East Texas)", "pipe_type": "Intrastate"}}, {"type": "Feature", "geometry": {"type": "LineString", "coordinates": [[-94.905, 32.74741], [-94.90586, 32.74318], [-94.90858, 32.73822], [-94.91021, 32.73597], [-94.91184, 32.73326], [-94.9162, 32.72875], [-94.9162, 32.7283], [-94.92055, 32.72334], [-94.92165, 32.72289], [-94.92546, 32.71838], [-94.926, 32.71342], [-94.9249, 32.70846], [-94.92544, 32.7035], [-94.92707, 32.69854], [-94.92707, 32.69734], [-94.92707, 32.69358], [-94.92706, 32.68862], [-94.92706, 32.68366], [-94.92705, 32.6796], [-94.92705, 32.6787], [-94.93032, 32.67374], [-94.93304, 32.67013], [-94.93468, 32.66878], [-94.93849, 32.66878], [-94.94449, 32.66923], [-94.94779, 32.66814], [-94.94994, 32.66742], [-94.95539, 32.66472], [-94.95757, 32.66382], [-94.96138, 32.66382], [-94.96683, 32.66427], [-94.97283, 32.66562], [-94.97828, 32.66652], [-94.98373, 32.66652], [-94.98973, 32.66246], [-94.99027, 32.65885], [-94.99135, 32.6539], [-94.99298, 32.64893], [-94.99352, 32.64397], [-94.99352, 32.64307]]}, "properties": {"operator": "Enbridge Pipelines (East Texas)", "pipe_type": "Intrastate"}}, {"type": "Feature", "geometry": {"type": "LineString", "coordinates": [[-94.93483, 32.82931], [-94.92938, 32.82931], [-94.92604, 32.82756], [-94.92338, 32.82616], [-94.92174, 32.82435], [-94.91792, 32.82029], [-94.91737, 32.81939], [-94.91628, 32.81578]]}, "properties": {"operator": "Enbridge Pipelines (East Texas)", "pipe_type": "Intrastate"}}, {"type": "Feature", "geometry": {"type": "LineString", "coordinates": [[-94.96314, 32.79459], [-94.95769, 32.79639], [-94.95224, 32.79639], [-94.94878, 32.79743], [-94.94625, 32.7982], [-94.94461, 32.79955], [-94.9408, 32.8009], [-94.9348, 32.8018], [-94.92935, 32.80406], [-94.92935, 32.80451], [-94.9239, 32.80812], [-94.92282, 32.80947], [-94.91901, 32.81443], [-94.91792, 32.81488], [-94.91628, 32.81578]]}, "properties": {"operator": "Enbridge Pipelines (East Texas)", "pipe_type": "Intrastate"}}, {"type": "Feature", "geometry": {"type": "LineString", "coordinates": [[-94.83788, 32.82971], [-94.83562, 32.8299], [-94.82962, 32.83035], [-94.82418, 32.8308], [-94.81818, 32.8308], [-94.8153, 32.8308], [-94.81273, 32.8308], [-94.80728, 32.8308], [-94.80128, 32.83125], [-94.79583, 32.83215], [-94.78984, 32.83215], [-94.78493, 32.83215], [-94.78438, 32.83215], [-94.77893, 32.83215], [-94.77567, 32.83441], [-94.77294, 32.83621], [-94.76749, 32.83756], [-94.76149, 32.83756], [-94.75604, 32.83576], [-94.75059, 32.83396], [-94.74922, 32.83303], [-94.74459, 32.8299], [-94.74459, 32.82945], [-94.73913, 32.82449], [-94.73314, 32.82449], [-94.72878, 32.82494]]}, "properties": {"operator": "Enbridge Pipelines (East Texas)", "pipe_type": "Intrastate"}}, {"type": "Feature", "geometry": {"type": "LineString", "coordinates": [[-94.89342, 32.85186], [-94.89955, 32.85367]]}, "properties": {"operator": "Enbridge Pipelines (East Texas)", "pipe_type": "Intrastate"}}, {"type": "Feature", "geometry": {"type": "LineString", "coordinates": [[-94.93061, 32.97114], [-94.92897, 32.96619], [-94.9317, 32.96124], [-94.93439, 32.95636]]}, "properties": {"operator": "Enbridge Pipelines (East Texas)", "pipe_type": "Intrastate"}}, {"type": "Feature", "geometry": {"type": "LineString", "coordinates": [[-95.07617, 32.97754], [-95.07249, 32.97148]]}, "properties": {"operator": "Enbridge Pipelines (East Texas)", "pipe_type": "Intrastate"}}, {"type": "Feature", "geometry": {"type": "LineString", "coordinates": [[-95.03896, 32.98111], [-95.03841, 32.98111], [-95.03294, 32.98201], [-95.02692, 32.98111], [-95.02145, 32.9802], [-95.01543, 32.9784], [-95.01214, 32.9757], [-95.00995, 32.97434], [-95.00448, 32.97209], [-95.00175, 32.97073], [-94.99846, 32.96983], [-94.99299, 32.96803], [-94.98861, 32.96577], [-94.98752, 32.96577], [-94.9815, 32.96307], [-94.97603, 32.96126], [-94.97548, 32.96081], [-94.97001, 32.95946], [-94.96453, 32.95765], [-94.95906, 32.95765], [-94.95523, 32.95585], [-94.95304, 32.9554], [-94.94757, 32.95359], [-94.94155, 32.95224], [-94.93991, 32.95088], [-94.93608, 32.94863], [-94.9317, 32.94593], [-94.93061, 32.94548], [-94.92459, 32.94412], [-94.91912, 32.94322], [-94.91364, 32.94096], [-94.9131, 32.94096], [-94.90763, 32.93961], [-94.90215, 32.9396], [-94.89613, 32.9387], [-94.89066, 32.93825], [-94.88464, 32.93644], [-94.88464, 32.93599], [-94.88081, 32.93104], [-94.87917, 32.92833], [-94.87862, 32.92608], [-94.87768, 32.92497]]}, "properties": {"operator": "Enbridge Pipelines (East Texas)", "pipe_type": "Intrastate"}}, {"type": "Feature", "geometry": {"type": "LineString", "coordinates": [[-95.08985, 33.01266], [-95.09423, 33.00771], [-95.09423, 33.00276], [-95.09423, 32.99781], [-95.09423, 32.99646]]}, "properties": {"operator": "Enbridge Pipelines (East Texas)", "pipe_type": "Intrastate"}}, {"type": "Feature", "geometry": {"type": "LineString", "coordinates": [[-95.31627, 32.96223], [-95.32201, 32.97049]]}, "properties": {"operator": "Enbridge Pipelines (East Texas)", "pipe_type": "Intrastate"}}, {"type": "Feature", "geometry": {"type": "LineString", "coordinates": [[-95.33959, 32.96412], [-95.34436, 32.97409]]}, "properties": {"operator": "Enbridge Pipelines (East Texas)", "pipe_type": "Intrastate"}}, {"type": "Feature", "geometry": {"type": "LineString", "coordinates": [[-95.32201, 32.97049], [-95.32637, 32.97634], [-95.32746, 32.97724], [-95.33346, 32.97995], [-95.33472, 32.9811], [-95.33509, 32.9813], [-95.33891, 32.98265], [-95.34436, 32.984], [-95.35036, 32.9849], [-95.35581, 32.9849], [-95.3618, 32.98535], [-95.36671, 32.98626], [-95.36725, 32.98626], [-95.37271, 32.98761], [-95.3787, 32.98941], [-95.38306, 32.99121], [-95.38415, 32.99166], [-95.39015, 32.99301], [-95.39069, 32.98626], [-95.38415, 32.9831], [-95.38143, 32.9813], [-95.3787, 32.9804], [-95.37271, 32.97769], [-95.36943, 32.97634], [-95.36725, 32.97544], [-95.3618, 32.97229], [-95.35581, 32.97229], [-95.35036, 32.97274], [-95.34436, 32.97409], [-95.33891, 32.97589], [-95.33477, 32.98103]]}, "properties": {"operator": "Enbridge Pipelines (East Texas)", "pipe_type": "Intrastate"}}, {"type": "Feature", "geometry": {"type": "LineString", "coordinates": [[-95.28569, 32.99888], [-95.28022, 33.00068], [-95.27474, 33.00068], [-95.26871, 33.00248], [-95.26488, 33.00383], [-95.26324, 33.00383], [-95.25722, 33.00428], [-95.25174, 33.00518], [-95.24626, 33.00653], [-95.24024, 33.00788], [-95.2386, 33.00878], [-95.23476, 33.00924], [-95.22874, 33.01104], [-95.22326, 33.01194], [-95.21779, 33.01329], [-95.21286, 33.01374], [-95.21176, 33.01374], [-95.20628, 33.01419], [-95.20026, 33.01419]]}, "properties": {"operator": "Enbridge Pipelines (East Texas)", "pipe_type": "Intrastate"}}, {"type": "Feature", "geometry": {"type": "LineString", "coordinates": [[-95.41468, 32.89524], [-95.41965, 32.89748]]}, "properties": {"operator": "Enbridge Pipelines (East Texas)", "pipe_type": "Intrastate"}}, {"type": "Feature", "geometry": {"type": "LineString", "coordinates": [[-95.64361, 32.54161], [-95.6485, 32.54655], [-95.64958, 32.547], [-95.65447, 32.55149], [-95.65501, 32.55148], [-95.66098, 32.55417], [-95.66424, 32.55641], [-95.66641, 32.55776], [-95.67021, 32.56135], [-95.67184, 32.56315], [-95.67673, 32.56629], [-95.67782, 32.56628], [-95.67944, 32.56736], [-95.68325, 32.56987], [-95.68542, 32.57122], [-95.68922, 32.57346], [-95.69356, 32.57615], [-95.69465, 32.57615], [-95.70008, 32.57838], [-95.70388, 32.58108], [-95.70605, 32.58242], [-95.70985, 32.58601], [-95.71148, 32.58781], [-95.71582, 32.59095], [-95.71745, 32.5914], [-95.72288, 32.59498], [-95.72343, 32.59588], [-95.72831, 32.59857], [-95.73103, 32.60082], [-95.73429, 32.60261], [-95.73755, 32.60575], [-95.73972, 32.6071], [-95.74406, 32.61069], [-95.74569, 32.61113], [-95.75112, 32.61517], [-95.75112, 32.61562], [-95.75655, 32.61831], [-95.76252, 32.6201], [-95.76252, 32.62055], [-95.76795, 32.62278], [-95.77284, 32.62547], [-95.77338, 32.62547], [-95.77935, 32.62816], [-95.78261, 32.6304], [-95.78478, 32.63085], [-95.78675, 32.63287], [-95.78913, 32.63534], [-95.79076, 32.63713], [-95.79347, 32.64028], [-95.79619, 32.64252], [-95.79836, 32.64522], [-95.80162, 32.64746], [-95.8065, 32.65015], [-95.80759, 32.65015], [-95.81302, 32.65419], [-95.81356, 32.65508], [-95.81899, 32.65777], [-95.82121, 32.65879]]}, "properties": {"operator": "Enbridge Pipelines (East Texas)", "pipe_type": "Intrastate"}}, {"type": "Feature", "geometry": {"type": "LineString", "coordinates": [[-95.81174, 32.59186], [-95.81174, 32.59566], [-95.80739, 32.60062], [-95.80576, 32.60107], [-95.80305, 32.60559], [-95.80033, 32.60739], [-95.79707, 32.61055], [-95.7949, 32.61236], [-95.79326, 32.61552], [-95.79055, 32.62047], [-95.78892, 32.62273], [-95.78837, 32.62543], [-95.7862, 32.63039], [-95.78675, 32.63287], [-95.78729, 32.63534], [-95.78674, 32.64029], [-95.78348, 32.64345], [-95.78131, 32.64526], [-95.77805, 32.64752], [-95.77424, 32.65023], [-95.77207, 32.65159], [-95.77099, 32.65519], [-95.76664, 32.65971], [-95.76664, 32.66016], [-95.76283, 32.66512], [-95.76066, 32.66648], [-95.75523, 32.66919], [-95.7536, 32.6701], [-95.74979, 32.67281], [-95.74762, 32.67506], [-95.74381, 32.67777], [-95.74218, 32.68003], [-95.74055, 32.68499], [-95.74001, 32.68994], [-95.73892, 32.6949], [-95.73892, 32.6967]]}, "properties": {"operator": "Enbridge Pipelines (East Texas)", "pipe_type": "Intrastate"}}, {"type": "Feature", "geometry": {"type": "LineString", "coordinates": [[-95.40741, 32.52826], [-95.40143, 32.52962], [-95.39681, 32.52887]]}, "properties": {"operator": "Enbridge Pipelines (East Texas)", "pipe_type": "Intrastate"}}, {"type": "Feature", "geometry": {"type": "LineString", "coordinates": [[-95.39712, 32.52041], [-95.39763, 32.52513], [-95.39681, 32.52887], [-95.39655, 32.53008], [-95.39546, 32.53504], [-95.39492, 32.53999], [-95.39166, 32.5445], [-95.39112, 32.54496], [-95.39057, 32.54496]]}, "properties": {"operator": "Enbridge Pipelines (East Texas)", "pipe_type": "Intrastate"}}, {"type": "Feature", "geometry": {"type": "LineString", "coordinates": [[-95.30791, 33.2963], [-95.30322, 33.29784], [-95.29774, 33.29919], [-95.29172, 33.29964], [-95.28624, 33.30009], [-95.28569, 33.30054], [-95.28076, 33.30369], [-95.27748, 33.30549], [-95.27474, 33.30639], [-95.26926, 33.30865], [-95.26488, 33.31045], [-95.26324, 33.31135], [-95.25776, 33.3145], [-95.25502, 33.3154], [-95.25229, 33.31585], [-95.24626, 33.31765], [-95.24079, 33.3181], [-95.23476, 33.3199], [-95.23476, 33.32035], [-95.23202, 33.32395]]}, "properties": {"operator": "Enbridge Pipelines (East Texas)", "pipe_type": "Intrastate"}}, {"type": "Feature", "geometry": {"type": "LineString", "coordinates": [[-95.30643, 32.98448], [-95.30013, 32.98057], [-95.29476, 32.97724], [-95.28931, 32.98265], [-95.28549, 32.98761], [-95.28529, 32.98941], [-95.28495, 32.99256], [-95.28534, 32.99437], [-95.28604, 32.99752], [-95.28646, 32.99849], [-95.28822, 33.00248], [-95.29149, 33.00743], [-95.29421, 33.01239], [-95.29476, 33.01239], [-95.29748, 33.01735], [-95.30021, 33.02095], [-95.3013, 33.0223], [-95.30402, 33.02726], [-95.30566, 33.03222], [-95.30566, 33.03717], [-95.3062, 33.03762], [-95.30675, 33.04213], [-95.30675, 33.04709], [-95.30566, 33.05204], [-95.30511, 33.057], [-95.30402, 33.06195], [-95.30348, 33.06691], [-95.30293, 33.07187], [-95.30184, 33.07682], [-95.3013, 33.08178], [-95.3013, 33.08674], [-95.3013, 33.09169], [-95.30184, 33.09665], [-95.30184, 33.10161], [-95.3013, 33.10656], [-95.3013, 33.11152], [-95.30293, 33.11287], [-95.30348, 33.11783], [-95.30348, 33.12278], [-95.30402, 33.12774], [-95.30511, 33.1327], [-95.30566, 33.13765], [-95.30675, 33.14261], [-95.30758, 33.14638]]}, "properties": {"operator": "Enbridge Pipelines (East Texas)", "pipe_type": "Intrastate"}}, {"type": "Feature", "geometry": {"type": "LineString", "coordinates": [[-95.30758, 33.14638], [-95.30784, 33.14757], [-95.30838, 33.15027], [-95.30893, 33.15252], [-95.31056, 33.15748], [-95.31438, 33.16199], [-95.31438, 33.16244], [-95.31493, 33.16379], [-95.31855, 33.16862], [-95.31965, 33.17357], [-95.32019, 33.17853], [-95.32019, 33.18348], [-95.32019, 33.18843], [-95.32074, 33.19293], [-95.32074, 33.19338], [-95.32184, 33.19834], [-95.32184, 33.20329], [-95.32238, 33.20824], [-95.32293, 33.21319], [-95.32403, 33.21815], [-95.32403, 33.2231], [-95.32403, 33.22805], [-95.32348, 33.233], [-95.32512, 33.23796], [-95.32622, 33.24291], [-95.32622, 33.24426], [-95.32676, 33.24786], [-95.32676, 33.25281], [-95.32731, 33.25777], [-95.32896, 33.26272], [-95.33115, 33.26767], [-95.33115, 33.27263], [-95.33169, 33.27758], [-95.33224, 33.27803], [-95.33388, 33.28253], [-95.33224, 33.28748], [-95.32786, 33.29244], [-95.32622, 33.29289], [-95.32074, 33.29559], [-95.31472, 33.29559], [-95.30869, 33.29604], [-95.30791, 33.2963]]}, "properties": {"operator": "Enbridge Pipelines (East Texas)", "pipe_type": "Intrastate"}}, {"type": "Feature", "geometry": {"type": "LineString", "coordinates": [[-95.30867, 32.98193], [-95.30643, 32.98448], [-95.30566, 32.98535], [-95.30457, 32.98716], [-95.30184, 32.99031], [-95.29857, 32.99301], [-95.29352, 32.99427], [-95.29312, 32.99437], [-95.2888, 32.99437], [-95.28713, 32.99437], [-95.28534, 32.99437], [-95.28168, 32.99437], [-95.27622, 32.99482], [-95.27513, 32.99527], [-95.27023, 32.99572], [-95.26478, 32.99617], [-95.25878, 32.99707], [-95.25333, 32.99932], [-95.24788, 32.99977], [-95.24406, 33.00022], [-95.24188, 33.00068], [-95.23643, 33.00158], [-95.23098, 33.00248], [-95.22553, 33.00518], [-95.22498, 33.00518], [-95.21953, 33.00608], [-95.21354, 33.00698], [-95.20809, 33.00698], [-95.20264, 33.00788], [-95.19929, 33.00913]]}, "properties": {"operator": "Enbridge Pipelines (East Texas)", "pipe_type": "Intrastate"}}, {"type": "Feature", "geometry": {"type": "LineString", "coordinates": [[-95.34436, 32.96373], [-95.33959, 32.96412], [-95.33891, 32.96418], [-95.33346, 32.96553], [-95.32746, 32.96733], [-95.32528, 32.96868], [-95.32201, 32.97049], [-95.3182, 32.97364], [-95.31602, 32.97454], [-95.31165, 32.9786], [-95.31056, 32.97995], [-95.31002, 32.9804], [-95.30867, 32.98193]]}, "properties": {"operator": "Enbridge Pipelines (East Texas)", "pipe_type": "Intrastate"}}, {"type": "Feature", "geometry": {"type": "LineString", "coordinates": [[-95.30875, 32.97018], [-95.30572, 32.97416], [-95.30356, 32.97643], [-95.3014, 32.97915], [-95.30013, 32.98057], [-95.29816, 32.98277], [-95.29708, 32.98413], [-95.29276, 32.98911], [-95.29222, 32.98911], [-95.29076, 32.99136], [-95.28898, 32.99409], [-95.2888, 32.99437], [-95.28682, 32.99726], [-95.28646, 32.99849], [-95.28629, 32.99907], [-95.28575, 32.99907]]}, "properties": {"operator": "Enbridge Pipelines (East Texas)", "pipe_type": "Intrastate"}}, {"type": "Feature", "geometry": {"type": "LineString", "coordinates": [[-95.95885, 32.16354], [-95.95341, 32.16804], [-95.95341, 32.16849], [-95.95178, 32.17344], [-95.95179, 32.17838], [-95.95179, 32.18333], [-95.9518, 32.18827], [-95.95181, 32.19322], [-95.95182, 32.19817], [-95.95182, 32.20312], [-95.95183, 32.20806], [-95.9502, 32.21301], [-95.94748, 32.21661], [-95.94694, 32.21796], [-95.94204, 32.22245], [-95.94204, 32.2229], [-95.94041, 32.22785], [-95.93933, 32.2328], [-95.93661, 32.23639], [-95.93606, 32.23774], [-95.9328, 32.24269], [-95.93062, 32.24539], [-95.92899, 32.24764], [-95.92627, 32.25258], [-95.92519, 32.25618], [-95.92464, 32.25753], [-95.92302, 32.26248], [-95.91975, 32.26743], [-95.91921, 32.26833], [-95.91758, 32.27237], [-95.91541, 32.27732], [-95.91378, 32.28182], [-95.91378, 32.28227], [-95.91215, 32.28721], [-95.91052, 32.29216], [-95.90834, 32.29531], [-95.9078, 32.29711], [-95.90563, 32.30205], [-95.904, 32.307], [-95.90237, 32.3115], [-95.90237, 32.31195], [-95.9002, 32.31689], [-95.89748, 32.32184], [-95.89694, 32.32274], [-95.89531, 32.32679], [-95.89313, 32.33173], [-95.89151, 32.33668], [-95.89096, 32.33668], [-95.88879, 32.34163], [-95.88552, 32.34523], [-95.88552, 32.34613], [-95.88335, 32.35107], [-95.88008, 32.35512], [-95.87954, 32.35602], [-95.87953, 32.35603], [-95.87914, 32.35647]]}, "properties": {"operator": "Enbridge Pipelines (East Texas)", "pipe_type": "Intrastate"}}, {"type": "Feature", "geometry": {"type": "LineString", "coordinates": [[-95.31614, 32.96237], [-95.31491, 32.96375], [-95.31112, 32.96737], [-95.31004, 32.96873], [-95.3095, 32.96918], [-95.30875, 32.97018]]}, "properties": {"operator": "Enbridge Pipelines (East Texas)", "pipe_type": "Intrastate"}}, {"type": "Feature", "geometry": {"type": "LineString", "coordinates": [[-95.7087, 32.74292], [-95.70861, 32.74301], [-95.70482, 32.74573], [-95.70212, 32.748], [-95.69941, 32.74936], [-95.69508, 32.75299], [-95.694, 32.75345], [-95.68804, 32.75663], [-95.68588, 32.75799], [-95.68263, 32.7598], [-95.67667, 32.76253], [-95.67667, 32.76298], [-95.67125, 32.76481], [-95.66583, 32.76753], [-95.66529, 32.76799], [-95.65987, 32.77026], [-95.65445, 32.77254], [-95.65445, 32.77299], [-95.64849, 32.77572], [-95.64579, 32.77798], [-95.64308, 32.77935], [-95.64225, 32.78005]]}, "properties": {"operator": "Enbridge Pipelines (East Texas)", "pipe_type": "Intrastate"}}, {"type": "Feature", "geometry": {"type": "MultiLineString", "coordinates": [[[-95.87914, 32.35647], [-95.87519, 32.36097], [-95.8741, 32.36232], [-95.87247, 32.36591], [-95.86975, 32.37086], [-95.86921, 32.37581], [-95.86867, 32.37986], [-95.86867, 32.38075], [-95.86759, 32.3857], [-95.86651, 32.39065], [-95.86379, 32.3956], [-95.86271, 32.40009], [-95.86271, 32.40054], [-95.86217, 32.40549], [-95.86218, 32.41044], [-95.86109, 32.41538], [-95.85946, 32.42033], [-95.85947, 32.42528], [-95.85784, 32.43022], [-95.8573, 32.43022], [-95.85567, 32.43517], [-95.8535, 32.44012], [-95.85241, 32.44506], [-95.85187, 32.44551], [-95.84806, 32.45001], [-95.84643, 32.45496], [-95.84589, 32.45586], [-95.84426, 32.4599], [-95.84372, 32.46485], [-95.84264, 32.4698], [-95.84155, 32.47474], [-95.84047, 32.47834], [-95.83992, 32.47969], [-95.83775, 32.48464], [-95.83503, 32.48959], [-95.83449, 32.49003], [-95.83286, 32.49453], [-95.83123, 32.49948], [-95.83015, 32.50443], [-95.82961, 32.50937], [-95.82907, 32.51162], [-95.82907, 32.51432], [-95.82744, 32.51927], [-95.82581, 32.52421], [-95.82364, 32.52691], [-95.82255, 32.52916], [-95.82038, 32.53411], [-95.81875, 32.53905], [-95.81766, 32.53995], [-95.81657, 32.544], [-95.81495, 32.54895], [-95.81495, 32.55389], [-95.81551, 32.55884], [-95.8166, 32.56379], [-95.81715, 32.56874], [-95.81825, 32.57368], [-95.8188, 32.57863], [-95.81772, 32.58358], [-95.81773, 32.58852], [-95.81773, 32.59271], [-95.81774, 32.59347], [-95.8172, 32.59842], [-95.8172, 32.60336], [-95.81776, 32.60831], [-95.81776, 32.61326], [-95.81886, 32.61821], [-95.81941, 32.62315], [-95.81942, 32.6281], [-95.81997, 32.63304], [-95.81998, 32.63799], [-95.82053, 32.64294], [-95.82054, 32.64789], [-95.82054, 32.65283], [-95.8211, 32.65778], [-95.82121, 32.65879], [-95.82165, 32.66273], [-95.8222, 32.66674], [-95.8222, 32.66677]], [[-95.8222, 32.66677], [-95.82223, 32.66683], [-95.82449, 32.6722], [-95.82343, 32.67718], [-95.81911, 32.68171], [-95.81857, 32.68216], [-95.81315, 32.68534], [-95.81099, 32.68715], [-95.80773, 32.68851], [-95.80231, 32.69079], [-95.79906, 32.69215], [-95.79635, 32.69306], [-95.79093, 32.69489], [-95.78714, 32.69716], [-95.78497, 32.69852], [-95.77956, 32.7017], [-95.77956, 32.70215], [-95.77414, 32.70442], [-95.76926, 32.70715], [-95.76818, 32.7076], [-95.76277, 32.71168], [-95.76277, 32.71214], [-95.75681, 32.71577], [-95.75465, 32.71713], [-95.7514, 32.71849], [-95.74598, 32.72167], [-95.74598, 32.72212], [-95.74002, 32.72485], [-95.73678, 32.72712], [-95.73461, 32.72758], [-95.72864, 32.73031], [-95.7254, 32.73212], [-95.72323, 32.73258], [-95.7216, 32.73304], [-95.71619, 32.73667], [-95.71456, 32.73803], [-95.71077, 32.74075], [-95.7087, 32.74292]]]}, "properties": {"operator": "Enbridge Pipelines (East Texas)", "pipe_type": "Intrastate"}}, {"type": "Feature", "geometry": {"type": "LineString", "coordinates": [[-95.64225, 32.78005], [-95.63875, 32.78297], [-95.63767, 32.78298], [-95.63604, 32.78389], [-95.63062, 32.78661], [-95.62846, 32.78888], [-95.62521, 32.79024], [-95.61925, 32.79297], [-95.61871, 32.79388], [-95.61384, 32.7966], [-95.60842, 32.79888], [-95.60246, 32.8016], [-95.59704, 32.80343], [-95.5965, 32.80388], [-95.59107, 32.8048], [-95.58565, 32.80572], [-95.58023, 32.80845], [-95.57915, 32.8089], [-95.57427, 32.81027], [-95.56885, 32.8121], [-95.56397, 32.81392], [-95.56288, 32.81392], [-95.55747, 32.8171], [-95.55476, 32.81891], [-95.55205, 32.82073], [-95.54718, 32.82391], [-95.5461, 32.82391], [-95.54068, 32.82664], [-95.53689, 32.82891], [-95.53472, 32.82936], [-95.5293, 32.83164], [-95.52497, 32.83391], [-95.52389, 32.83437], [-95.51792, 32.8371], [-95.51305, 32.83892], [-95.51251, 32.83937], [-95.50655, 32.8421], [-95.50547, 32.84391], [-95.50114, 32.84708], [-95.49952, 32.8489], [-95.49574, 32.85342], [-95.49574, 32.85388], [-95.48979, 32.85841], [-95.48925, 32.85886], [-95.48438, 32.86204], [-95.4833, 32.86385], [-95.47842, 32.86613], [-95.47464, 32.86885], [-95.47301, 32.86976], [-95.4676, 32.87339], [-95.46706, 32.87384], [-95.46164, 32.87566], [-95.45622, 32.87884], [-95.45026, 32.88202], [-95.44701, 32.88384], [-95.44485, 32.88475], [-95.43944, 32.88838], [-95.43889, 32.88883], [-95.43348, 32.89111], [-95.42969, 32.89383], [-95.42806, 32.89429], [-95.4221, 32.89611], [-95.41965, 32.89748], [-95.41722, 32.89884], [-95.41668, 32.89929], [-95.41127, 32.90247], [-95.40965, 32.90383], [-95.40531, 32.90565], [-95.39989, 32.90838], [-95.39881, 32.90883], [-95.39393, 32.91065], [-95.3896, 32.91383], [-95.38852, 32.91473], [-95.3842, 32.91881], [-95.38311, 32.91927], [-95.37716, 32.92335], [-95.37716, 32.9238], [-95.37174, 32.92608], [-95.36796, 32.9288], [-95.36633, 32.93016], [-95.36037, 32.93289], [-95.35766, 32.9338], [-95.35495, 32.93471], [-95.34899, 32.93699], [-95.34466, 32.93881], [-95.34357, 32.93972], [-95.33925, 32.9438], [-95.33384, 32.94878], [-95.3333, 32.94924], [-95.32898, 32.95377], [-95.32789, 32.95422], [-95.32194, 32.9583], [-95.3214, 32.95876], [-95.31653, 32.96193], [-95.31627, 32.96223], [-95.31614, 32.96237]]}, "properties": {"operator": "Enbridge Pipelines (East Texas)", "pipe_type": "Intrastate"}}, {"type": "Feature", "geometry": {"type": "LineString", "coordinates": [[-95.1521, 32.99886], [-95.1484, 32.99784], [-95.14676, 32.99784], [-95.14128, 32.99649], [-95.13527, 32.99513], [-95.12979, 32.99468], [-95.12432, 32.99378], [-95.1183, 32.99377], [-95.11283, 32.99377], [-95.10681, 32.99332], [-95.10626, 32.99286], [-95.10134, 32.99196], [-95.09587, 32.9888], [-95.09258, 32.9879], [-95.08985, 32.98745], [-95.08438, 32.98565], [-95.07836, 32.98519], [-95.07726, 32.98384], [-95.07124, 32.98294], [-95.06577, 32.98203], [-95.0603, 32.98158], [-95.05428, 32.98112], [-95.0499, 32.98067], [-95.04388, 32.98112], [-95.03896, 32.98111]]}, "properties": {"operator": "Enbridge Pipelines (East Texas)", "pipe_type": "Intrastate"}}, {"type": "Feature", "geometry": {"type": "LineString", "coordinates": [[-95.19929, 33.00913], [-95.19382, 33.00958], [-95.1878, 33.00957], [-95.18233, 33.00732], [-95.17685, 33.00462], [-95.17685, 33.00417], [-95.17084, 33.00281], [-95.16536, 33.00236], [-95.15934, 33.001], [-95.15591, 33.00015]]}, "properties": {"operator": "Enbridge Pipelines (East Texas)", "pipe_type": "Intrastate"}}, {"type": "Feature", "geometry": {"type": "LineString", "coordinates": [[-95.15591, 33.00015], [-95.15387, 32.99965], [-95.15332, 32.9992], [-95.1521, 32.99886]]}, "properties": {"operator": "Enbridge Pipelines (East Texas)", "pipe_type": "Intrastate"}}, {"type": "Feature", "geometry": {"type": "LineString", "coordinates": [[-95.02263, 32.98647], [-95.01762, 32.98605], [-95.0116, 32.9856], [-95.0105, 32.9847], [-95.00612, 32.98244], [-95.00175, 32.97974], [-95.0001, 32.97929], [-94.99463, 32.97613], [-94.9919, 32.97478], [-94.98916, 32.97388], [-94.98314, 32.97117], [-94.9804, 32.96982], [-94.97767, 32.96937], [-94.97165, 32.96801], [-94.96618, 32.96621], [-94.96399, 32.96486], [-94.96071, 32.96486], [-94.95469, 32.96485], [-94.94921, 32.96305], [-94.94429, 32.95989], [-94.94319, 32.95944], [-94.93772, 32.95719], [-94.93439, 32.95636], [-94.93225, 32.95583], [-94.93115, 32.95493], [-94.92623, 32.95358], [-94.92076, 32.95087], [-94.91912, 32.94997], [-94.91529, 32.94817], [-94.90927, 32.94636], [-94.90379, 32.94636], [-94.89777, 32.94636], [-94.89449, 32.945], [-94.8923, 32.94455], [-94.88683, 32.9423], [-94.88136, 32.94004], [-94.88081, 32.94004], [-94.87808, 32.93509], [-94.87808, 32.93429]]}, "properties": {"operator": "Enbridge Pipelines (East Texas)", "pipe_type": "Intrastate"}}, {"type": "Feature", "geometry": {"type": "LineString", "coordinates": [[-95.20026, 33.01419], [-95.19752, 33.01419], [-95.19218, 33.01408], [-95.1867, 33.01273], [-95.18068, 33.01272], [-95.17521, 33.01272], [-95.16974, 33.01136], [-95.16646, 33.01046], [-95.16372, 33.00956], [-95.15825, 33.00731], [-95.15223, 33.0064], [-95.15113, 33.0055], [-95.1484, 33.0046], [-95.14238, 33.00369], [-95.13691, 33.00189], [-95.13144, 33.00098], [-95.12706, 32.99963], [-95.12542, 32.99918], [-95.11994, 32.99918], [-95.11392, 32.99872], [-95.10845, 32.99827], [-95.10298, 32.99826], [-95.09696, 32.99736], [-95.09423, 32.99646], [-95.09149, 32.99556], [-95.08985, 32.99465], [-95.08547, 32.99375], [-95.08, 32.99105], [-95.07452, 32.99014], [-95.07124, 32.98969], [-95.06851, 32.98834], [-95.06303, 32.98653], [-95.05701, 32.98698], [-95.05154, 32.98653], [-95.04607, 32.98562], [-95.04005, 32.98562], [-95.03458, 32.98606], [-95.02856, 32.98606], [-95.02263, 32.98647]]}, "properties": {"operator": "Enbridge Pipelines (East Texas)", "pipe_type": "Intrastate"}}, {"type": "Feature", "geometry": {"type": "LineString", "coordinates": [[-94.87768, 32.92497], [-94.87223, 32.92047], [-94.87168, 32.92002], [-94.87044, 32.91814], [-94.86841, 32.91506], [-94.86622, 32.91101], [-94.86513, 32.91011], [-94.86077, 32.90785], [-94.8575, 32.90515], [-94.85477, 32.9038], [-94.85381, 32.90274]]}, "properties": {"operator": "Enbridge Pipelines (East Texas)", "pipe_type": "Intrastate"}}, {"type": "Feature", "geometry": {"type": "LineString", "coordinates": [[-94.85381, 32.90274], [-94.8515, 32.90019], [-94.84931, 32.89749], [-94.84931, 32.89524], [-94.84876, 32.89524], [-94.84331, 32.89253], [-94.83949, 32.89028], [-94.83786, 32.88938], [-94.83404, 32.88532], [-94.83185, 32.88352], [-94.82858, 32.88037], [-94.8264, 32.87901], [-94.82313, 32.87541], [-94.82094, 32.87045], [-94.82039, 32.86955], [-94.8193, 32.8655], [-94.81712, 32.86054], [-94.81493, 32.85739], [-94.81275, 32.85558], [-94.80948, 32.85288], [-94.8073, 32.85063], [-94.80457, 32.84567], [-94.80347, 32.84477], [-94.80129, 32.84071], [-94.79911, 32.83576], [-94.79583, 32.83215]]}, "properties": {"operator": "Enbridge Pipelines (East Texas)", "pipe_type": "Intrastate"}}, {"type": "Feature", "geometry": {"type": "LineString", "coordinates": [[-94.88464, 32.93644], [-94.87808, 32.93429], [-94.87281, 32.93273], [-94.86735, 32.93274], [-94.86134, 32.93095], [-94.85861, 32.9296], [-94.85588, 32.92871], [-94.85041, 32.92827], [-94.8444, 32.92648], [-94.83894, 32.92559], [-94.8373, 32.92469], [-94.83293, 32.9238], [-94.82746, 32.92291], [-94.822, 32.92157], [-94.81599, 32.92023], [-94.81326, 32.91978], [-94.81053, 32.91934], [-94.80452, 32.91665], [-94.79905, 32.91576], [-94.79359, 32.91532], [-94.79304, 32.91487], [-94.78758, 32.91398], [-94.78212, 32.91219], [-94.77611, 32.9104], [-94.77611, 32.90995], [-94.77064, 32.90816], [-94.76518, 32.90682], [-94.75917, 32.90953], [-94.7548, 32.91269], [-94.74933, 32.91586], [-94.74387, 32.91587], [-94.74145, 32.91587]]}, "properties": {"operator": "Enbridge Pipelines (East Texas)", "pipe_type": "Intrastate"}}, {"type": "Feature", "geometry": {"type": "LineString", "coordinates": [[-94.74145, 32.91587], [-94.73786, 32.91588], [-94.7324, 32.91634], [-94.72639, 32.91365], [-94.72147, 32.9078], [-94.72092, 32.90781], [-94.7171, 32.90286], [-94.71546, 32.90151], [-94.70945, 32.89882], [-94.70836, 32.89792], [-94.70399, 32.89658], [-94.69798, 32.89524], [-94.6947, 32.893], [-94.69251, 32.8921], [-94.68705, 32.88896], [-94.68541, 32.88806], [-94.68104, 32.88627], [-94.67558, 32.88403], [-94.67394, 32.88313], [-94.67011, 32.88134], [-94.66724, 32.87927]]}, "properties": {"operator": "Enbridge Pipelines (East Texas)", "pipe_type": "Intrastate"}}, {"type": "Feature", "geometry": {"type": "LineString", "coordinates": [[-94.87862, 32.92608], [-94.87942, 32.92306], [-94.8804, 32.91815], [-94.88203, 32.91319], [-94.88584, 32.90868], [-94.88584, 32.90823], [-94.88911, 32.90327], [-94.88985, 32.9025]]}, "properties": {"operator": "Enbridge Pipelines (East Texas)", "pipe_type": "Intrastate"}}, {"type": "Feature", "geometry": {"type": "LineString", "coordinates": [[-94.88985, 32.9025], [-94.89129, 32.90101], [-94.89346, 32.89831], [-94.89455, 32.89515], [-94.89455, 32.89019], [-94.89563, 32.88523], [-94.8989, 32.88027], [-94.89889, 32.87531], [-94.89998, 32.87125], [-94.90052, 32.87035], [-94.90379, 32.86539], [-94.90542, 32.86178], [-94.90597, 32.86043], [-94.90814, 32.85547], [-94.90868, 32.8505], [-94.90868, 32.84554], [-94.90868, 32.84345], [-94.90867, 32.84059], [-94.90921, 32.83562], [-94.9103, 32.83066], [-94.91139, 32.82931], [-94.91247, 32.8257], [-94.91302, 32.82074], [-94.91367, 32.81975], [-94.91598, 32.81623], [-94.91628, 32.81578], [-94.91682, 32.81082], [-94.91682, 32.80586], [-94.91681, 32.8009], [-94.91681, 32.79594], [-94.9168, 32.79279], [-94.91735, 32.79098], [-94.91734, 32.78602], [-94.91734, 32.78336], [-94.91734, 32.78106], [-94.91733, 32.7761], [-94.91733, 32.77114], [-94.91569, 32.76618], [-94.9146, 32.76122], [-94.91241, 32.75626], [-94.91132, 32.754], [-94.91077, 32.7513], [-94.90968, 32.74859]]}, "properties": {"operator": "Enbridge Pipelines (East Texas)", "pipe_type": "Intrastate"}}, {"type": "Feature", "geometry": {"type": "LineString", "coordinates": [[-94.87044, 32.91814], [-94.87222, 32.91409], [-94.87549, 32.91048], [-94.87603, 32.90913], [-94.88039, 32.90417], [-94.88148, 32.90372], [-94.88251, 32.9025]]}, "properties": {"operator": "Enbridge Pipelines (East Texas)", "pipe_type": "Intrastate"}}, {"type": "Feature", "geometry": {"type": "LineString", "coordinates": [[-94.8909, 32.74408], [-94.88841, 32.74408], [-94.88242, 32.74499]]}, "properties": {"operator": "Enbridge Pipelines (East Texas)", "pipe_type": "Intrastate"}}, {"type": "Feature", "geometry": {"type": "LineString", "coordinates": [[-94.88461, 32.75916], [-94.89061, 32.756], [-94.89333, 32.7542], [-94.89441, 32.74924], [-94.89114, 32.74429]]}, "properties": {"operator": "Enbridge Pipelines (East Texas)", "pipe_type": "Intrastate"}}, {"type": "Feature", "geometry": {"type": "LineString", "coordinates": [[-94.88251, 32.9025], [-94.88529, 32.89921], [-94.88692, 32.8974], [-94.88856, 32.89515], [-94.88855, 32.89019], [-94.88855, 32.88523], [-94.89018, 32.88027], [-94.89126, 32.87531], [-94.89235, 32.87035], [-94.89398, 32.86719], [-94.89507, 32.86539], [-94.8967, 32.86043], [-94.89888, 32.85547], [-94.89942, 32.85411], [-94.89955, 32.85367], [-94.90051, 32.8505], [-94.90159, 32.84554], [-94.90172, 32.84436], [-94.90213, 32.84059], [-94.90213, 32.83562], [-94.90212, 32.83066], [-94.90375, 32.8257], [-94.90539, 32.82119], [-94.90538, 32.82074], [-94.90756, 32.81578], [-94.9081, 32.81082], [-94.9081, 32.80586], [-94.90809, 32.8009], [-94.90809, 32.79594], [-94.90863, 32.79098], [-94.90971, 32.78602], [-94.90971, 32.78386], [-94.90971, 32.78106], [-94.90861, 32.7761], [-94.90806, 32.77114], [-94.90751, 32.76618], [-94.90587, 32.76122], [-94.90478, 32.75626], [-94.90423, 32.7513], [-94.90095, 32.74634], [-94.89932, 32.74589], [-94.89386, 32.74408], [-94.89107, 32.74408], [-94.8909, 32.74408]]}, "properties": {"operator": "Enbridge Pipelines (East Texas)", "pipe_type": "Intrastate"}}, {"type": "Feature", "geometry": {"type": "LineString", "coordinates": [[-94.89114, 32.74429], [-94.89107, 32.74408], [-94.8895, 32.73933], [-94.88841, 32.73438], [-94.88677, 32.72942], [-94.88458, 32.72762], [-94.87913, 32.72491], [-94.87804, 32.72446], [-94.87368, 32.72311], [-94.8704, 32.71951], [-94.86768, 32.7168], [-94.86549, 32.71455], [-94.86222, 32.71139], [-94.86004, 32.70959], [-94.85622, 32.70869], [-94.85077, 32.70779], [-94.84532, 32.70779], [-94.83932, 32.70689], [-94.83387, 32.70599], [-94.83114, 32.70464], [-94.8295, 32.69968], [-94.82786, 32.69608], [-94.82732, 32.69472], [-94.82241, 32.69067], [-94.82241, 32.68977], [-94.8224, 32.68481], [-94.8224, 32.68093], [-94.8224, 32.67985], [-94.82294, 32.6749], [-94.82511, 32.66994], [-94.82561, 32.66541], [-94.82565, 32.66498], [-94.82565, 32.66003], [-94.82565, 32.65823], [-94.82565, 32.65507], [-94.82782, 32.65147], [-94.82946, 32.65012], [-94.83054, 32.64516], [-94.82999, 32.6402], [-94.82835, 32.63524], [-94.82671, 32.63029], [-94.82507, 32.62533], [-94.82452, 32.62038], [-94.82452, 32.61542], [-94.82669, 32.61046], [-94.82941, 32.60551], [-94.83104, 32.60055], [-94.83104, 32.59559], [-94.83158, 32.59064], [-94.83205, 32.58637]]}, "properties": {"operator": "Enbridge Pipelines (East Texas)", "pipe_type": "Intrastate"}}, {"type": "Feature", "geometry": {"type": "LineString", "coordinates": [[-95.594, 32.55033], [-95.59728, 32.54999], [-95.60273, 32.55089], [-95.60546, 32.55539], [-95.60819, 32.55764], [-95.61418, 32.55989], [-95.61418, 32.56035], [-95.61963, 32.56125], [-95.62563, 32.5617], [-95.63108, 32.5626], [-95.63653, 32.5626], [-95.64253, 32.56305], [-95.64798, 32.5635], [-95.65397, 32.5644], [-95.65615, 32.5653], [-95.65942, 32.5653], [-95.66488, 32.56575], [-95.67087, 32.56665], [-95.67632, 32.5671], [-95.67944, 32.56736], [-95.68177, 32.56755], [-95.68777, 32.56845], [-95.69322, 32.5689], [-95.69922, 32.5698], [-95.70412, 32.57025], [-95.70467, 32.57025], [-95.71012, 32.57385], [-95.71175, 32.5752], [-95.71611, 32.5779], [-95.72157, 32.57971], [-95.72211, 32.58016], [-95.72756, 32.5806], [-95.73301, 32.58106], [-95.73846, 32.58331], [-95.74446, 32.58466], [-95.74501, 32.58511], [-95.74991, 32.58511], [-95.75591, 32.58556], [-95.76136, 32.58646], [-95.76681, 32.58646], [-95.7728, 32.58466], [-95.77826, 32.58511], [-95.78425, 32.58781], [-95.7897, 32.58871], [-95.79515, 32.59006], [-95.80115, 32.59096], [-95.8066, 32.59186], [-95.81174, 32.59186], [-95.8126, 32.59186], [-95.81773, 32.59271], [-95.81805, 32.59276], [-95.8235, 32.59501], [-95.82949, 32.59681], [-95.83494, 32.59997], [-95.84094, 32.60177], [-95.84639, 32.60312], [-95.85075, 32.60492], [-95.85184, 32.60492], [-95.85784, 32.60537], [-95.86329, 32.60627], [-95.86929, 32.60717], [-95.87474, 32.60807], [-95.88019, 32.60807], [-95.88564, 32.60987], [-95.88618, 32.60987], [-95.89163, 32.61167], [-95.89763, 32.61122], [-95.90199, 32.61482], [-95.90254, 32.61708]]}, "properties": {"operator": "Enbridge Pipelines (East Texas)", "pipe_type": "Intrastate"}}, {"type": "Feature", "geometry": {"type": "LineString", "coordinates": [[-95.17904, 32.4628], [-95.1841, 32.46489], [-95.18683, 32.46579], [-95.1901, 32.46624], [-95.19555, 32.46805], [-95.201, 32.46985], [-95.20318, 32.47075], [-95.207, 32.47165], [-95.21245, 32.47255], [-95.21844, 32.47255], [-95.22389, 32.47345], [-95.22935, 32.47525], [-95.22989, 32.4757], [-95.23534, 32.4775], [-95.24079, 32.47795], [-95.24679, 32.47885], [-95.25061, 32.48065], [-95.25224, 32.4811], [-95.25769, 32.4838], [-95.26151, 32.4856], [-95.26369, 32.48605], [-95.26914, 32.48786], [-95.27513, 32.48966], [-95.27568, 32.49056], [-95.28058, 32.49236], [-95.28604, 32.49281], [-95.29203, 32.49326], [-95.29748, 32.49416], [-95.30075, 32.49551], [-95.30348, 32.49686], [-95.30893, 32.49866], [-95.31329, 32.50046], [-95.31438, 32.50046], [-95.32038, 32.50226], [-95.32583, 32.50407], [-95.33182, 32.50497], [-95.33182, 32.50541], [-95.33728, 32.50632], [-95.34273, 32.50857], [-95.34654, 32.51037], [-95.34872, 32.51037], [-95.35417, 32.51172], [-95.36017, 32.51307], [-95.36562, 32.51397], [-95.36835, 32.51307], [-95.3738, 32.51487], [-95.37925, 32.51667], [-95.38524, 32.51757], [-95.39069, 32.51847], [-95.39396, 32.51982], [-95.39669, 32.52027], [-95.39712, 32.52041], [-95.40214, 32.52207], [-95.40759, 32.52298], [-95.41304, 32.52478], [-95.41359, 32.52478], [-95.41904, 32.52523], [-95.42503, 32.52658], [-95.43049, 32.52703], [-95.43594, 32.52703], [-95.44193, 32.52883], [-95.44738, 32.52928], [-95.45338, 32.52928], [-95.45447, 32.52973], [-95.45883, 32.52973], [-95.46428, 32.53018], [-95.47028, 32.53153], [-95.47573, 32.53198], [-95.47845, 32.53468], [-95.48118, 32.53738], [-95.48718, 32.53828], [-95.49263, 32.53828], [-95.49862, 32.53828], [-95.50407, 32.53918], [-95.50516, 32.53963], [-95.50952, 32.54008], [-95.51552, 32.54098], [-95.52097, 32.54278], [-95.52697, 32.54278], [-95.53242, 32.54278], [-95.53787, 32.54278], [-95.54386, 32.54278], [-95.54932, 32.54369], [-95.5515, 32.54459], [-95.55531, 32.54549], [-95.56076, 32.54549], [-95.56621, 32.54549], [-95.57221, 32.54549], [-95.57766, 32.54549], [-95.58366, 32.54549], [-95.58584, 32.54549], [-95.59129, 32.54954], [-95.59292, 32.55044], [-95.594, 32.55033]]}, "properties": {"operator": "Enbridge Pipelines (East Texas)", "pipe_type": "Intrastate"}}, {"type": "Feature", "geometry": {"type": "LineString", "coordinates": [[-95.01777, 32.44748], [-95.02548, 32.44688], [-95.03148, 32.44733], [-95.03693, 32.44778], [-95.04238, 32.44778], [-95.04838, 32.44733], [-95.05383, 32.44824], [-95.05982, 32.44913], [-95.06527, 32.44958], [-95.07018, 32.45094], [-95.07072, 32.45094], [-95.07672, 32.45094], [-95.08217, 32.45094], [-95.08817, 32.45139], [-95.09362, 32.45139], [-95.09907, 32.45184], [-95.10507, 32.45229], [-95.11052, 32.45274], [-95.11651, 32.45274], [-95.12196, 32.45274], [-95.12741, 32.45319], [-95.13341, 32.45364], [-95.13886, 32.45454], [-95.14486, 32.45544], [-95.14867, 32.45589], [-95.15031, 32.45589], [-95.15576, 32.45724], [-95.16175, 32.45904], [-95.16557, 32.46084], [-95.1672, 32.46084], [-95.17266, 32.46174], [-95.17865, 32.46264], [-95.17904, 32.4628], [-95.18261, 32.45814], [-95.18424, 32.45679], [-95.18912, 32.45317], [-95.19021, 32.45272], [-95.19401, 32.44821], [-95.19564, 32.44685], [-95.19836, 32.44324], [-95.20053, 32.43829], [-95.20107, 32.43783], [-95.20433, 32.43332], [-95.20704, 32.43152], [-95.2103, 32.42836], [-95.21247, 32.427], [-95.21682, 32.42339], [-95.21845, 32.42248], [-95.22279, 32.41842], [-95.22388, 32.41842], [-95.22876, 32.41345], [-95.22931, 32.413], [-95.23256, 32.40849], [-95.23528, 32.40488], [-95.23582, 32.40353], [-95.24071, 32.40171], [-95.24234, 32.39856], [-95.24288, 32.3936], [-95.24397, 32.38865], [-95.24505, 32.38369], [-95.24559, 32.37874], [-95.24559, 32.37379], [-95.24668, 32.37288], [-95.25211, 32.37197], [-95.25754, 32.37196], [-95.2608, 32.3688], [-95.26134, 32.36384], [-95.2608, 32.35889], [-95.2608, 32.35394], [-95.26188, 32.34898], [-95.26188, 32.34763]]}, "properties": {"operator": "Enbridge Pipelines (East Texas)", "pipe_type": "Intrastate"}}, {"type": "Feature", "geometry": {"type": "LineString", "coordinates": [[-94.98613, 32.51361], [-94.98964, 32.51281], [-94.99018, 32.51236], [-94.99509, 32.51146], [-95.00055, 32.50965], [-95.00655, 32.50874], [-95.00818, 32.50739], [-95.012, 32.50558], [-95.018, 32.50513], [-95.02345, 32.50422], [-95.02772, 32.50219]]}, "properties": {"operator": "Enbridge Pipelines (East Texas)", "pipe_type": "Intrastate"}}, {"type": "Feature", "geometry": {"type": "LineString", "coordinates": [[-95.01777, 32.44748], [-95.01081, 32.446], [-95.00644, 32.44329], [-95.00535, 32.44329], [-94.9999, 32.44149], [-94.99716, 32.43834], [-94.99497, 32.43338], [-94.99387, 32.43158], [-94.99223, 32.42842], [-94.98841, 32.42662], [-94.98609, 32.4268]]}, "properties": {"operator": "Enbridge Pipelines (East Texas)", "pipe_type": "Intrastate"}}, {"type": "Feature", "geometry": {"type": "LineString", "coordinates": [[-94.98502, 32.18313], [-94.98617, 32.18355], [-94.98671, 32.18355], [-94.99218, 32.18578], [-94.9982, 32.18712], [-95.00202, 32.18846], [-95.00366, 32.18846], [-95.00968, 32.18979], [-95.01515, 32.19203], [-95.01679, 32.19253], [-95.01952, 32.19337], [-95.02062, 32.19382], [-95.02663, 32.19425], [-95.0321, 32.19424], [-95.03811, 32.19377], [-95.04358, 32.19466], [-95.04905, 32.19509], [-95.05506, 32.19643], [-95.06053, 32.19777], [-95.06272, 32.19821], [-95.06655, 32.1982], [-95.07201, 32.19819], [-95.07748, 32.19772], [-95.0804, 32.19772], [-95.0835, 32.19771], [-95.08896, 32.20084], [-95.08905, 32.20122], [-95.08951, 32.2031], [-95.08951, 32.20805], [-95.09006, 32.213], [-95.09013, 32.21362], [-95.0906, 32.21795]]}, "properties": {"operator": "Enbridge Pipelines (East Texas)", "pipe_type": "Intrastate"}}, {"type": "Feature", "geometry": {"type": "LineString", "coordinates": [[-95.34885, 31.58256], [-95.34786, 31.58294], [-95.34242, 31.58476], [-95.34079, 31.58522], [-95.33645, 31.58659], [-95.33102, 31.58886], [-95.32938, 31.58887], [-95.32395, 31.59294], [-95.32178, 31.59385], [-95.31852, 31.59522], [-95.31255, 31.59659], [-95.30711, 31.59706], [-95.30113, 31.59753], [-95.29733, 31.5989], [-95.2957, 31.59936], [-95.29027, 31.60163], [-95.28429, 31.60255], [-95.27994, 31.60392], [-95.27927, 31.60392]]}, "properties": {"operator": "Enbridge Pipelines (East Texas)", "pipe_type": "Intrastate"}}, {"type": "Feature", "geometry": {"type": "LineString", "coordinates": [[-95.5342, 31.52007], [-95.52877, 31.52008], [-95.52279, 31.52011], [-95.51735, 31.52013], [-95.51272, 31.52014], [-95.51192, 31.52015], [-95.50594, 31.52017], [-95.50051, 31.52019], [-95.49453, 31.52066], [-95.49019, 31.52518], [-95.4891, 31.52564], [-95.48819, 31.52632], [-95.48367, 31.52971], [-95.48313, 31.53017], [-95.47769, 31.53379], [-95.47661, 31.53515], [-95.47226, 31.53697], [-95.46683, 31.53924], [-95.46411, 31.54015], [-95.46086, 31.54061], [-95.45542, 31.54108], [-95.44944, 31.54381], [-95.44401, 31.54473], [-95.44292, 31.54518], [-95.43858, 31.54655], [-95.4326, 31.54973], [-95.4326, 31.55018], [-95.42717, 31.55245], [-95.42119, 31.55293], [-95.41576, 31.55475], [-95.41413, 31.55521], [-95.41033, 31.55657], [-95.40435, 31.5593], [-95.40381, 31.5602], [-95.39892, 31.56202], [-95.39295, 31.56385], [-95.38914, 31.56521], [-95.38751, 31.56567], [-95.38208, 31.56749], [-95.37773, 31.57021], [-95.3761, 31.57067], [-95.37067, 31.57294], [-95.36687, 31.57521], [-95.3647, 31.57567], [-95.35926, 31.57839], [-95.35546, 31.58021], [-95.35383, 31.58067], [-95.34886, 31.58256]]}, "properties": {"operator": "Enbridge Pipelines (East Texas)", "pipe_type": "Intrastate"}}, {"type": "Feature", "geometry": {"type": "LineString", "coordinates": [[-94.98534, 32.00313], [-94.98187, 32.00573], [-94.98133, 32.00618], [-94.97642, 32.00798], [-94.9737, 32.01023], [-94.96596, 32.01622], [-94.9605, 32.01892], [-94.95778, 32.02117], [-94.95451, 32.02298], [-94.95015, 32.02613], [-94.94906, 32.02658], [-94.9447, 32.03108], [-94.94362, 32.03602], [-94.94362, 32.03647], [-94.93926, 32.04096], [-94.93763, 32.04231], [-94.936, 32.04591], [-94.93368, 32.05013], [-94.93328, 32.05085], [-94.93219, 32.0522], [-94.92892, 32.0558], [-94.9262, 32.05895], [-94.92511, 32.06075], [-94.92075, 32.0639], [-94.91966, 32.0657], [-94.9164, 32.07065], [-94.91531, 32.07289], [-94.91368, 32.07559], [-94.91096, 32.08054], [-94.90933, 32.08414], [-94.90933, 32.08548], [-94.90497, 32.09043], [-94.90388, 32.09178], [-94.9028, 32.09538], [-94.90063, 32.10032], [-94.8979, 32.10302], [-94.89627, 32.10527], [-94.89245, 32.10977], [-94.89245, 32.11022], [-94.88919, 32.11517], [-94.887, 32.11607], [-94.88155, 32.12013], [-94.881, 32.12058], [-94.88101, 32.12507], [-94.87938, 32.13002], [-94.8783, 32.13496], [-94.87557, 32.13721], [-94.87394, 32.13991], [-94.87013, 32.14487], [-94.86958, 32.14576], [-94.8674, 32.14981], [-94.86413, 32.15207], [-94.86267, 32.15328], [-94.86086, 32.15477], [-94.85868, 32.15927], [-94.85868, 32.15972], [-94.85487, 32.16467], [-94.85269, 32.16782], [-94.85105, 32.16963], [-94.84723, 32.17278], [-94.8456, 32.17458], [-94.84123, 32.17909], [-94.84123, 32.17954], [-94.83578, 32.1836], [-94.83523, 32.1845], [-94.83032, 32.18766], [-94.82868, 32.18946], [-94.82432, 32.19262], [-94.82213, 32.19442], [-94.81886, 32.19668], [-94.81558, 32.19938], [-94.8134, 32.20209], [-94.81122, 32.20434], [-94.8074, 32.2075], [-94.80576, 32.2093], [-94.80194, 32.21336], [-94.80085, 32.21426], [-94.7998, 32.21484], [-94.79594, 32.21697], [-94.79134, 32.21849], [-94.79048, 32.21878], [-94.78993, 32.21923], [-94.78501, 32.2206], [-94.77901, 32.22196], [-94.77354, 32.22288], [-94.76861, 32.22326], [-94.76753, 32.22334], [-94.76206, 32.22201], [-94.7566, 32.22068], [-94.75059, 32.2198], [-94.74566, 32.21442], [-94.74511, 32.21307], [-94.7391, 32.21623], [-94.73638, 32.21939], [-94.73365, 32.2212], [-94.73092, 32.22255]]}, "properties": {"operator": "Enbridge Pipelines (East Texas)", "pipe_type": "Intrastate"}}, {"type": "Feature", "geometry": {"type": "LineString", "coordinates": [[-95.27927, 31.60392], [-95.27886, 31.60392], [-95.27288, 31.608], [-95.2718, 31.60891], [-95.26745, 31.61118], [-95.26365, 31.6139], [-95.26202, 31.61435], [-95.25605, 31.61663], [-95.25061, 31.6189], [-95.24464, 31.62027], [-95.24409, 31.62028], [-95.23698, 31.62347], [-95.23534, 31.62572], [-95.23153, 31.62841], [-95.22826, 31.63066], [-95.22553, 31.63245], [-95.22226, 31.6356], [-95.22008, 31.63695], [-95.21408, 31.63829], [-95.21136, 31.64054], [-95.20863, 31.64368], [-95.20819, 31.64417], [-95.207, 31.64548], [-95.20318, 31.64997], [-95.20264, 31.65042], [-95.19719, 31.65401], [-95.19555, 31.65536], [-95.19173, 31.65851], [-95.18955, 31.6603], [-95.18574, 31.6621], [-95.18247, 31.66524], [-95.18029, 31.66704], [-95.17702, 31.67019], [-95.17484, 31.67153], [-95.16993, 31.67513], [-95.16884, 31.67603], [-95.16584, 31.67973], [-95.16557, 31.68007], [-95.16339, 31.68276], [-95.1623, 31.68501], [-95.15739, 31.6895], [-95.15739, 31.68995], [-95.15249, 31.69489], [-95.15194, 31.69534], [-95.14867, 31.69983], [-95.14649, 31.70298], [-95.14595, 31.70477], [-95.14322, 31.70971], [-95.1405, 31.71286], [-95.13995, 31.71466], [-95.13505, 31.71825], [-95.1345, 31.7196], [-95.13177, 31.72454], [-95.12999, 31.72859], [-95.12959, 31.72948], [-95.12905, 31.72948], [-95.12741, 31.73442], [-95.1236, 31.73891], [-95.1236, 31.73936], [-95.12142, 31.7443], [-95.11815, 31.7479], [-95.11706, 31.74924], [-95.11488, 31.75418], [-95.11215, 31.75643], [-95.10997, 31.75913], [-95.1067, 31.76137], [-95.10507, 31.76407], [-95.1007, 31.76676], [-95.09798, 31.76901], [-95.09525, 31.77215], [-95.09253, 31.77395], [-95.0898, 31.7762], [-95.08817, 31.77889], [-95.08381, 31.78293], [-95.08381, 31.78383], [-95.08108, 31.78877], [-95.0789, 31.79371], [-95.07835, 31.79596], [-95.07781, 31.79866], [-95.07508, 31.8036], [-95.07345, 31.80854], [-95.07345, 31.81348], [-95.07236, 31.81483], [-95.07181, 31.81842], [-95.06963, 31.82336], [-95.06745, 31.8283], [-95.06691, 31.8292], [-95.06527, 31.83324], [-95.062, 31.83818], [-95.06146, 31.83908], [-95.05928, 31.84312], [-95.0571, 31.84807], [-95.05601, 31.85301], [-95.05546, 31.85301], [-95.05219, 31.85795], [-95.05001, 31.86019], [-95.04838, 31.86289], [-95.04565, 31.86783], [-95.04456, 31.86873], [-95.04347, 31.87277], [-95.04129, 31.87771], [-95.03911, 31.88265], [-95.03856, 31.8831], [-95.03638, 31.88759], [-95.03638, 31.89254], [-95.0342, 31.89748], [-95.03311, 31.89972], [-95.03257, 31.90242], [-95.03039, 31.90736], [-95.02821, 31.9123], [-95.02712, 31.91365], [-95.02548, 31.91724], [-95.02166, 31.92039], [-95.02058, 31.92218], [-95.01894, 31.92712], [-95.0184, 31.93207], [-95.01621, 31.93566], [-95.01512, 31.93701], [-95.01294, 31.94195], [-95.01076, 31.94689], [-95.01076, 31.95183], [-95.01022, 31.95363], [-95.00913, 31.95677], [-95.0064, 31.96171], [-95.00477, 31.96351], [-95.00259, 31.96665], [-94.99986, 31.97159], [-94.99877, 31.97294], [-94.9955, 31.97653], [-94.99332, 31.98148], [-94.99059, 31.98642], [-94.99059, 31.99136], [-94.9895, 31.9963], [-94.98787, 32.00034], [-94.98787, 32.00124], [-94.98534, 32.00313]]}, "properties": {"operator": "Enbridge Pipelines (East Texas)", "pipe_type": "Intrastate"}}, {"type": "Feature", "geometry": {"type": "LineString", "coordinates": [[-95.5342, 31.52007], [-95.53161, 31.51793], [-95.52562, 31.51613], [-95.52018, 31.51478], [-95.51963, 31.51433], [-95.51658, 31.51321], [-95.51474, 31.51254], [-95.51362, 31.51093], [-95.51256, 31.50939], [-95.50875, 31.50533], [-95.50766, 31.50443], [-95.50331, 31.49994], [-95.50276, 31.49949], [-95.50112, 31.49763], [-95.49841, 31.49454], [-95.49732, 31.49409], [-95.49655, 31.49303], [-95.49405, 31.48959], [-95.49188, 31.48599], [-95.49133, 31.48463], [-95.48861, 31.47968], [-95.48698, 31.47473], [-95.48643, 31.47383], [-95.48317, 31.46978], [-95.48045, 31.46798], [-95.47555, 31.46484], [-95.47501, 31.46484], [-95.46902, 31.46124], [-95.46684, 31.45989], [-95.46357, 31.45764], [-95.45868, 31.45494], [-95.45813, 31.45494], [-95.45269, 31.44999], [-95.45215, 31.44954], [-95.44725, 31.44504], [-95.4467, 31.44504], [-95.44126, 31.44009], [-95.44072, 31.43964], [-95.43745, 31.43514], [-95.43527, 31.43244], [-95.43364, 31.43019], [-95.4331, 31.42524], [-95.43201, 31.42029], [-95.43201, 31.41534], [-95.43092, 31.41038], [-95.42983, 31.40543], [-95.42983, 31.40093], [-95.42983, 31.40048], [-95.42766, 31.39553], [-95.42602, 31.39058], [-95.42439, 31.38562], [-95.42384, 31.38562], [-95.42112, 31.38068], [-95.42058, 31.37572], [-95.41895, 31.37077], [-95.4184, 31.36807], [-95.41677, 31.36582], [-95.41459, 31.36087], [-95.41242, 31.35772], [-95.41187, 31.35592], [-95.40806, 31.35097], [-95.40697, 31.34917], [-95.40534, 31.34602], [-95.40316, 31.34107], [-95.40153, 31.33791], [-95.39935, 31.33612], [-95.39718, 31.33116], [-95.39609, 31.32621], [-95.39554, 31.32576], [-95.39228, 31.32126], [-95.3901, 31.31631], [-95.38684, 31.31136], [-95.38684, 31.30641], [-95.38629, 31.30145], [-95.38629, 31.2965], [-95.3852, 31.29155], [-95.3852, 31.2866], [-95.38466, 31.28165], [-95.38412, 31.27894], [-95.38357, 31.27669], [-95.38303, 31.27174], [-95.38303, 31.26679], [-95.38303, 31.26183], [-95.38303, 31.25688], [-95.38194, 31.25193], [-95.38139, 31.24698], [-95.37867, 31.24248], [-95.37867, 31.24203], [-95.37758, 31.23708], [-95.37704, 31.23212], [-95.37649, 31.22717], [-95.37486, 31.22222], [-95.37377, 31.21727], [-95.37323, 31.21232], [-95.37323, 31.21186], [-95.37214, 31.20736], [-95.36779, 31.20241], [-95.36724, 31.20196], [-95.36398, 31.19746], [-95.3618, 31.19431], [-95.36017, 31.19251], [-95.35581, 31.18846], [-95.35527, 31.18756], [-95.35037, 31.18351], [-95.34928, 31.18261], [-95.34493, 31.17857], [-95.34438, 31.17767], [-95.33894, 31.17407], [-95.33677, 31.17272], [-95.3335, 31.17047], [-95.33132, 31.16777], [-95.32806, 31.16282], [-95.32751, 31.16237], [-95.32207, 31.16012], [-95.31826, 31.15787], [-95.31663, 31.15652], [-95.31282, 31.15292], [-95.31064, 31.15202], [-95.3052, 31.14887], [-95.30364, 31.14801]]}, "properties": {"operator": "Enbridge Pipelines (East Texas)", "pipe_type": "Intrastate"}}, {"type": "Feature", "geometry": {"type": "LineString", "coordinates": [[-95.56783, 31.5534], [-95.56961, 31.5549], [-95.57504, 31.55759], [-95.57666, 31.55984], [-95.581, 31.56387], [-95.58099, 31.56477], [-95.58642, 31.56926], [-95.58642, 31.56971], [-95.59075, 31.57464], [-95.59183, 31.57599], [-95.59508, 31.57958], [-95.59779, 31.58182], [-95.59942, 31.58451], [-95.6032, 31.58945], [-95.60536, 31.59439], [-95.60915, 31.59843], [-95.60969, 31.59933], [-95.61348, 31.60426], [-95.61457, 31.60516], [-95.61781, 31.6092], [-95.61998, 31.61279], [-95.62052, 31.61414], [-95.6243, 31.61907], [-95.62593, 31.62087], [-95.62864, 31.62401], [-95.63135, 31.6258], [-95.6346, 31.62895], [-95.63677, 31.63074], [-95.63948, 31.63388], [-95.64273, 31.63657], [-95.64545, 31.63882], [-95.64815, 31.64151], [-95.65032, 31.64375], [-95.65411, 31.64824], [-95.65411, 31.64869], [-95.65736, 31.65362], [-95.65952, 31.65542], [-95.66332, 31.65856], [-95.66495, 31.66036], [-95.66711, 31.6635], [-95.66981, 31.66844], [-95.67089, 31.66978], [-95.67251, 31.67337], [-95.67631, 31.67696], [-95.67684, 31.67831], [-95.68009, 31.68325], [-95.68226, 31.68549], [-95.68442, 31.68818], [-95.68767, 31.69222], [-95.68821, 31.69312], [-95.69146, 31.69806], [-95.69307, 31.703], [-95.6974, 31.70793], [-95.69903, 31.70883], [-95.70282, 31.71287], [-95.70334, 31.71781], [-95.70332, 31.72275], [-95.70439, 31.72724], [-95.70493, 31.72769], [-95.70818, 31.73262], [-95.71035, 31.73442], [-95.71251, 31.73756], [-95.71577, 31.7407], [-95.71685, 31.7425], [-95.72063, 31.74743], [-95.72118, 31.74788], [-95.72497, 31.75237], [-95.72714, 31.75371], [-95.7293, 31.75731], [-95.73255, 31.76224], [-95.73525, 31.76718], [-95.73631, 31.77212], [-95.73792, 31.77706], [-95.73846, 31.77841], [-95.74008, 31.782], [-95.74278, 31.78693], [-95.74386, 31.78828], [-95.74494, 31.79187], [-95.74655, 31.79681], [-95.74707, 31.80175], [-95.74747, 31.80555], [-95.7476, 31.80669], [-95.74921, 31.81163], [-95.74921, 31.81208], [-95.75027, 31.81657], [-95.75189, 31.82151], [-95.75404, 31.82645], [-95.75512, 31.82779], [-95.75674, 31.83138], [-95.75835, 31.83632], [-95.75942, 31.84126], [-95.7605, 31.84306], [-95.76321, 31.8462], [-95.76647, 31.84889], [-95.76754, 31.85113], [-95.76796, 31.8524], [-95.76916, 31.85607], [-95.77186, 31.85966], [-95.7724, 31.86101], [-95.77456, 31.86595], [-95.77726, 31.86999], [-95.7778, 31.87089], [-95.77887, 31.87583], [-95.78102, 31.88076], [-95.78319, 31.88346], [-95.78372, 31.8857], [-95.78588, 31.89064], [-95.78859, 31.89378], [-95.78967, 31.89558], [-95.794, 31.90051], [-95.79455, 31.90051], [-95.79725, 31.90545], [-95.79995, 31.90949], [-95.79995, 31.91039], [-95.80537, 31.91487], [-95.80591, 31.91532], [-95.81079, 31.92026], [-95.81133, 31.92026], [-95.81403, 31.9252], [-95.81674, 31.92879], [-95.81782, 31.93013], [-95.82271, 31.93417], [-95.82325, 31.93507], [-95.8254, 31.94001], [-95.82811, 31.9436], [-95.82865, 31.94494], [-95.83244, 31.94988], [-95.83352, 31.95123], [-95.83731, 31.95482], [-95.83948, 31.95751], [-95.84001, 31.95976], [-95.84271, 31.96469], [-95.84488, 31.96738], [-95.84596, 31.96963], [-95.8492, 31.97457], [-95.85083, 31.97546], [-95.85299, 31.9795], [-95.85569, 31.98444], [-95.85623, 31.98579], [-95.8573, 31.98938], [-95.86055, 31.99432], [-95.86162, 31.99791], [-95.86216, 31.99926], [-95.86323, 32.0042], [-95.86593, 32.00913], [-95.86755, 32.01183], [-95.86863, 32.01407], [-95.87078, 32.01901], [-95.87132, 32.0217], [-95.87347, 32.02664], [-95.87384, 32.02731]]}, "properties": {"operator": "Enbridge Pipelines (East Texas)", "pipe_type": "Intrastate"}}, {"type": "Feature", "geometry": {"type": "LineString", "coordinates": [[-95.87384, 32.02731], [-95.87617, 32.03158], [-95.87725, 32.03472], [-95.87724, 32.03652], [-95.87885, 32.04146], [-95.88101, 32.0464], [-95.88263, 32.04909], [-95.88316, 32.05133], [-95.88532, 32.05627], [-95.88693, 32.06121], [-95.88855, 32.06435], [-95.88963, 32.06615], [-95.89233, 32.07109], [-95.89395, 32.07423], [-95.89449, 32.07603], [-95.89664, 32.08096], [-95.89826, 32.0859], [-95.89933, 32.08815], [-95.90041, 32.09084], [-95.90257, 32.09578], [-95.90472, 32.10072], [-95.90526, 32.10251], [-95.90525, 32.10566], [-95.90631, 32.1106], [-95.91066, 32.11329], [-95.91609, 32.11553], [-95.91663, 32.11553], [-95.92206, 32.11956], [-95.9226, 32.12046], [-95.92749, 32.12225], [-95.93347, 32.1245], [-95.93556, 32.12518], [-95.93619, 32.12539], [-95.9389, 32.12674], [-95.94433, 32.13033], [-95.94488, 32.13032], [-95.94758, 32.13526], [-95.94756, 32.1402], [-95.94754, 32.14514], [-95.94806, 32.15008], [-95.94967, 32.15502], [-95.95021, 32.15547], [-95.95346, 32.15996], [-95.95563, 32.16085], [-95.95844, 32.16251], [-95.95943, 32.1631]]}, "properties": {"operator": "Enbridge Pipelines (East Texas)", "pipe_type": "Intrastate"}}, {"type": "Feature", "geometry": {"type": "LineString", "coordinates": [[-95.5342, 31.52007], [-95.53599, 31.52619], [-95.53978, 31.52978], [-95.56783, 31.5534]]}, "properties": {"operator": "Enbridge Pipelines (East Texas)", "pipe_type": "Intrastate"}}, {"type": "Feature", "geometry": {"type": "LineString", "coordinates": [[-95.75006, 31.54554], [-95.74798, 31.54586], [-95.74198, 31.54632], [-95.73654, 31.54589], [-95.73109, 31.54635], [-95.7251, 31.54547], [-95.71965, 31.54503], [-95.71864, 31.54488], [-95.71366, 31.54415], [-95.70821, 31.54146], [-95.70767, 31.54101], [-95.70277, 31.54012], [-95.69677, 31.53834], [-95.69296, 31.53609], [-95.69133, 31.5361], [-95.68588, 31.53341], [-95.67989, 31.53253], [-95.67444, 31.53254], [-95.66845, 31.53166], [-95.66736, 31.53121], [-95.66301, 31.53122], [-95.65756, 31.53078], [-95.65157, 31.5299], [-95.64735, 31.52921]]}, "properties": {"operator": "Enbridge Pipelines (East Texas)", "pipe_type": "Intrastate"}}, {"type": "Feature", "geometry": {"type": "LineString", "coordinates": [[-96.21917, 31.59533], [-96.21258, 31.5933], [-96.20659, 31.59331], [-96.20114, 31.59332], [-96.19569, 31.59334], [-96.1897, 31.59335], [-96.18426, 31.59337], [-96.17827, 31.59338], [-96.17282, 31.5925], [-96.16737, 31.59251], [-96.16138, 31.59208], [-96.15593, 31.59164], [-96.14994, 31.59075], [-96.1445, 31.59077], [-96.13905, 31.58988], [-96.13796, 31.58898], [-96.13306, 31.5881], [-96.12761, 31.58811], [-96.12162, 31.58813], [-96.11617, 31.58814], [-96.11073, 31.58905], [-96.10473, 31.58817], [-96.09929, 31.58728], [-96.0933, 31.5864], [-96.08513, 31.58417], [-96.0824, 31.58282], [-96.07641, 31.58104], [-96.07097, 31.5797], [-96.07042, 31.57925], [-96.06552, 31.57836], [-96.05953, 31.57613], [-96.0568, 31.57433], [-96.05408, 31.57344], [-96.04809, 31.57076], [-96.04264, 31.56987], [-96.04205, 31.56982], [-96.03774, 31.56943], [-96.03719, 31.56943], [-96.0312, 31.56765], [-96.02576, 31.56676], [-96.01977, 31.56542], [-96.01432, 31.56454], [-96.00887, 31.5632], [-96.00288, 31.56322], [-95.99743, 31.56323], [-95.99144, 31.56234], [-95.986, 31.56056], [-95.98164, 31.55967], [-95.98055, 31.55967], [-95.97456, 31.55969], [-95.96911, 31.55925], [-95.96312, 31.55972], [-95.95767, 31.55928], [-95.95223, 31.55929], [-95.94623, 31.55931], [-95.94079, 31.55977], [-95.9348, 31.55979], [-95.92935, 31.5625], [-95.9239, 31.56342], [-95.91791, 31.56343], [-95.91247, 31.56435], [-95.90844, 31.56345]]}, "properties": {"operator": "Enbridge Pipelines (East Texas)", "pipe_type": "Intrastate"}}, {"type": "Feature", "geometry": {"type": "LineString", "coordinates": [[-95.64735, 31.52921], [-95.64612, 31.52901], [-95.64013, 31.52768], [-95.63523, 31.52634], [-95.63468, 31.52634], [-95.62924, 31.525], [-95.62324, 31.52277], [-95.6178, 31.52278], [-95.61181, 31.5237], [-95.60636, 31.52461], [-95.60091, 31.52868], [-95.59492, 31.52779], [-95.58948, 31.52645], [-95.58348, 31.52602], [-95.57804, 31.52423], [-95.57259, 31.5229], [-95.56769, 31.52156], [-95.5666, 31.52156], [-95.56115, 31.52022], [-95.55516, 31.51934], [-95.54971, 31.51935], [-95.54427, 31.51937], [-95.53828, 31.51893], [-95.5342, 31.52007]]}, "properties": {"operator": "Enbridge Pipelines (East Texas)", "pipe_type": "Intrastate"}}, {"type": "Feature", "geometry": {"type": "LineString", "coordinates": [[-95.90844, 31.56345], [-95.90647, 31.56301], [-95.90103, 31.56168], [-95.89558, 31.56079], [-95.88959, 31.559], [-95.88414, 31.55812], [-95.87815, 31.55678], [-95.8727, 31.55545], [-95.86889, 31.555], [-95.86726, 31.55501], [-95.86127, 31.55412], [-95.85582, 31.55414], [-95.84983, 31.5537], [-95.84438, 31.55282], [-95.83893, 31.55238], [-95.83458, 31.55014], [-95.83294, 31.54969], [-95.8275, 31.54836], [-95.82205, 31.54837], [-95.81606, 31.54749], [-95.81061, 31.5457], [-95.80462, 31.54571], [-95.80026, 31.54527], [-95.79917, 31.54528], [-95.79373, 31.54574], [-95.78774, 31.54531], [-95.78229, 31.54487], [-95.7763, 31.54309], [-95.77085, 31.544], [-95.7654, 31.54401], [-95.75941, 31.54403], [-95.75397, 31.54494], [-95.75006, 31.54554]]}, "properties": {"operator": "Enbridge Pipelines (East Texas)", "pipe_type": "Intrastate"}}, {"type": "Feature", "geometry": {"type": "LineString", "coordinates": [[-95.87674, 31.75418], [-95.87637, 31.75531], [-95.87583, 31.76027], [-95.87655, 31.76357], [-95.87692, 31.76522], [-95.88073, 31.77017], [-95.88346, 31.77197], [-95.88455, 31.77287]]}, "properties": {"operator": "Enbridge Pipelines (East Texas)", "pipe_type": "Intrastate"}}, {"type": "Feature", "geometry": {"type": "LineString", "coordinates": [[-95.89381, 31.71479], [-95.89545, 31.72065], [-95.89436, 31.7256], [-95.89273, 31.73055], [-95.88945, 31.7355], [-95.88673, 31.74046], [-95.88346, 31.74361], [-95.88237, 31.74541], [-95.87855, 31.75036], [-95.87801, 31.75036], [-95.87761, 31.75151], [-95.87674, 31.75418]]}, "properties": {"operator": "Enbridge Pipelines (East Texas)", "pipe_type": "Intrastate"}}, {"type": "Feature", "geometry": {"type": "LineString", "coordinates": [[-96.08187, 31.8778], [-96.0846, 31.88321], [-96.08569, 31.88817], [-96.08569, 31.89312], [-96.08296, 31.89808], [-96.07642, 31.90168], [-96.07424, 31.90303], [-96.07097, 31.90664], [-96.06879, 31.90799], [-96.06661, 31.91295], [-96.06934, 31.91791], [-96.07097, 31.92286], [-96.07479, 31.92782], [-96.07588, 31.93277], [-96.07588, 31.93773], [-96.07642, 31.94224], [-96.07642, 31.94269], [-96.07751, 31.94764], [-96.07806, 31.9526], [-96.07806, 31.95756], [-96.07806, 31.96251], [-96.07697, 31.96747], [-96.0737, 31.97243], [-96.07097, 31.97558], [-96.06988, 31.97738], [-96.06879, 31.98234], [-96.06879, 31.9873], [-96.07152, 31.99225], [-96.07315, 31.9936], [-96.07315, 31.99856], [-96.07666, 32.00175]]}, "properties": {"operator": "Enbridge Pipelines (East Texas)", "pipe_type": "Intrastate"}}, {"type": "Feature", "geometry": {"type": "LineString", "coordinates": [[-96.07666, 32.00175], [-96.0786, 32.00352], [-96.08242, 32.00847], [-96.08405, 32.00983], [-96.08841, 32.01343], [-96.09005, 32.01433], [-96.09332, 32.01839], [-96.0955, 32.02064], [-96.09768, 32.02334], [-96.10095, 32.0283], [-96.1015, 32.0283], [-96.10531, 32.03326], [-96.10695, 32.03461], [-96.10913, 32.03821], [-96.10954, 32.04087]]}, "properties": {"operator": "Enbridge Pipelines (East Texas)", "pipe_type": "Intrastate"}}, {"type": "Feature", "geometry": {"type": "LineString", "coordinates": [[-96.08092, 32.06249], [-96.07955, 32.0643], [-96.07846, 32.06565], [-96.07518, 32.0706], [-96.07355, 32.07286], [-96.06973, 32.07781], [-96.06755, 32.07961], [-96.06537, 32.08277], [-96.06209, 32.08547], [-96.05936, 32.08772], [-96.05664, 32.08952], [-96.05337, 32.09268], [-96.05064, 32.09493], [-96.04682, 32.09763], [-96.04519, 32.09853], [-96.04028, 32.10259], [-96.03919, 32.10349], [-96.03591, 32.10754], [-96.03373, 32.1089], [-96.03046, 32.1125], [-96.02828, 32.1143], [-96.025, 32.11746], [-96.02228, 32.11971], [-96.01791, 32.12241], [-96.01682, 32.12286], [-96.01246, 32.12737], [-96.01082, 32.12872], [-96.00755, 32.13232], [-96.00537, 32.13503], [-96.00373, 32.13728], [-95.99991, 32.14178], [-95.99937, 32.14223], [-95.99391, 32.14629], [-95.99337, 32.14719], [-95.98846, 32.14899], [-95.98464, 32.15215], [-95.98246, 32.15305], [-95.97701, 32.15665], [-95.97701, 32.1571], [-95.97155, 32.15981], [-95.9661, 32.16206], [-95.96555, 32.16206], [-95.9601, 32.16251], [-95.95844, 32.16251], [-95.95792, 32.16251]]}, "properties": {"operator": "Enbridge Pipelines (East Texas)", "pipe_type": "Intrastate"}}, {"type": "Feature", "geometry": {"type": "LineString", "coordinates": [[-96.44742, 31.82798], [-96.44361, 31.83293], [-96.44197, 31.83428], [-96.4387, 31.83788], [-96.43652, 31.84058], [-96.43435, 31.84283], [-96.43053, 31.84643], [-96.42999, 31.84778], [-96.42508, 31.84958], [-96.42236, 31.85273], [-96.41909, 31.85543], [-96.41637, 31.85768], [-96.41364, 31.85903], [-96.4082, 31.86173], [-96.40656, 31.86263], [-96.4022, 31.86443], [-96.39675, 31.86713], [-96.39621, 31.86757], [-96.39076, 31.86937], [-96.3864, 31.87252], [-96.38531, 31.87252], [-96.37986, 31.87612], [-96.37714, 31.87747], [-96.37387, 31.87882], [-96.36951, 31.88242], [-96.36842, 31.88287], [-96.36243, 31.88287], [-96.35698, 31.88152], [-96.35154, 31.88241], [-96.34554, 31.88466], [-96.34009, 31.88691], [-96.339, 31.88736], [-96.3341, 31.88871], [-96.32865, 31.89096], [-96.32702, 31.89231], [-96.3232, 31.89456], [-96.31885, 31.89726], [-96.31721, 31.89816], [-96.31176, 31.90131], [-96.31067, 31.90221], [-96.30577, 31.90446], [-96.30087, 31.90716], [-96.30032, 31.90716], [-96.29487, 31.91031], [-96.2916, 31.91211], [-96.28888, 31.91301], [-96.28343, 31.91571], [-96.28016, 31.91706], [-96.27744, 31.91841], [-96.27199, 31.92155], [-96.27199, 31.92201], [-96.26654, 31.92516], [-96.26054, 31.9265], [-96.26054, 31.92696], [-96.25639, 31.92867], [-96.2551, 31.9292], [-96.25128, 31.93191], [-96.2491, 31.93235], [-96.24365, 31.93641], [-96.24311, 31.93686], [-96.24092, 31.94181], [-96.23983, 31.94676], [-96.2382, 31.95082], [-96.23765, 31.95172], [-96.23493, 31.95667], [-96.2322, 31.96027], [-96.23111, 31.96162], [-96.22675, 31.96567], [-96.2262, 31.96658], [-96.22348, 31.97153], [-96.22239, 31.97648], [-96.22293, 31.98144], [-96.22129, 31.98414], [-96.2153, 31.98594], [-96.21475, 31.98639], [-96.20985, 31.98729], [-96.20385, 31.98999], [-96.20004, 31.99134], [-96.1984, 31.99179], [-96.19295, 31.99404], [-96.18696, 31.99584], [-96.18696, 31.99629], [-96.18151, 31.99854], [-96.17715, 32.00124], [-96.17551, 32.00214], [-96.17352, 32.00362], [-96.17006, 32.0062], [-96.16461, 32.00935], [-96.16243, 32.01115], [-96.15861, 32.01385], [-96.15335, 32.01638], [-96.15274, 32.01668], [-96.14716, 32.01971], [-96.14553, 32.02106], [-96.14171, 32.02376], [-96.13735, 32.02601], [-96.13626, 32.02646], [-96.13026, 32.02961], [-96.12863, 32.03097], [-96.12481, 32.03187], [-96.11881, 32.03457], [-96.11663, 32.03592], [-96.11336, 32.03772], [-96.10954, 32.04087], [-96.10791, 32.04178], [-96.10191, 32.04448], [-96.10027, 32.04583], [-96.09646, 32.04898], [-96.09482, 32.05078], [-96.09046, 32.05394], [-96.08882, 32.05574], [-96.085, 32.05754], [-96.08228, 32.06069], [-96.08092, 32.06249]]}, "properties": {"operator": "Enbridge Pipelines (East Texas)", "pipe_type": "Intrastate"}}, {"type": "Feature", "geometry": {"type": "LineString", "coordinates": [[-96.33807, 31.66572], [-96.33262, 31.66977], [-96.33207, 31.67067], [-96.32989, 31.67562], [-96.32662, 31.68012], [-96.32662, 31.68057], [-96.3228, 31.68553], [-96.32117, 31.68688], [-96.31953, 31.69048], [-96.3179, 31.69543], [-96.31572, 31.69813], [-96.31408, 31.70039], [-96.31136, 31.70534], [-96.30972, 31.70894], [-96.30918, 31.71029], [-96.30645, 31.71524], [-96.30427, 31.71839], [-96.30427, 31.7202], [-96.30209, 31.72515], [-96.29991, 31.7301], [-96.29969, 31.73207], [-96.29936, 31.73505], [-96.29923, 31.73555], [-96.29828, 31.73911], [-96.29828, 31.74001], [-96.29828, 31.74046], [-96.29828, 31.74496], [-96.29828, 31.74991], [-96.29828, 31.75486], [-96.29828, 31.75982], [-96.29872, 31.76386], [-96.29882, 31.76477], [-96.29936, 31.76972], [-96.30046, 31.77467], [-96.30427, 31.77738], [-96.30591, 31.77963], [-96.30809, 31.78458], [-96.30972, 31.78728], [-96.3119, 31.78953], [-96.31572, 31.79448]]}, "properties": {"operator": "Enbridge Pipelines (East Texas)", "pipe_type": "Intrastate"}}, {"type": "Feature", "geometry": {"type": "LineString", "coordinates": [[-96.39334, 31.84706], [-96.39585, 31.85032], [-96.39639, 31.85167], [-96.39966, 31.85527], [-96.40239, 31.85797], [-96.40348, 31.86022], [-96.40656, 31.86263]]}, "properties": {"operator": "Enbridge Pipelines (East Texas)", "pipe_type": "Intrastate"}}, {"type": "Feature", "geometry": {"type": "LineString", "coordinates": [[-96.39334, 31.84706], [-96.39203, 31.84536], [-96.39094, 31.84311], [-96.38494, 31.84041], [-96.38331, 31.83951], [-96.38222, 31.83906], [-96.37786, 31.83591], [-96.37513, 31.83411], [-96.37241, 31.83185], [-96.3675, 31.82915], [-96.36641, 31.82825], [-96.36096, 31.82555], [-96.35824, 31.8242], [-96.35496, 31.82195], [-96.35115, 31.81925], [-96.34951, 31.8179], [-96.34406, 31.8143], [-96.34406, 31.81385], [-96.33807, 31.80979], [-96.3348, 31.80934], [-96.33262, 31.80844], [-96.32662, 31.80529], [-96.32335, 31.80439], [-96.32117, 31.80169], [-96.31899, 31.79944], [-96.31572, 31.79448], [-96.31086, 31.79588], [-96.30541, 31.79588], [-96.29996, 31.79678], [-96.29396, 31.79678], [-96.28851, 31.79678], [-96.28252, 31.79678], [-96.27707, 31.79588], [-96.27162, 31.79588], [-96.26562, 31.79588], [-96.26017, 31.79633], [-96.25417, 31.79768], [-96.24872, 31.79813], [-96.24599, 31.80038], [-96.24327, 31.80128], [-96.23727, 31.80218], [-96.23182, 31.80218], [-96.22582, 31.80218], [-96.22037, 31.80218], [-96.21492, 31.80307], [-96.20892, 31.80352], [-96.20347, 31.80443], [-96.19748, 31.80443], [-96.19464, 31.80382]]}, "properties": {"operator": "Enbridge Pipelines (East Texas)", "pipe_type": "Intrastate"}}, {"type": "Feature", "geometry": {"type": "LineString", "coordinates": [[-96.37107, 31.61206], [-96.36868, 31.61171], [-96.36323, 31.61082], [-96.35724, 31.61083], [-96.35179, 31.61039], [-96.34635, 31.60995], [-96.34035, 31.60997], [-96.33491, 31.60998], [-96.32891, 31.60999], [-96.32347, 31.61091], [-96.31802, 31.61092], [-96.31393, 31.61093], [-96.31203, 31.61094], [-96.30658, 31.61095], [-96.30388, 31.61095], [-96.30059, 31.61096], [-96.29515, 31.60962], [-96.29024, 31.60783], [-96.2897, 31.60738], [-96.28371, 31.60514], [-96.27935, 31.60289], [-96.27826, 31.60289], [-96.27226, 31.60065], [-96.26682, 31.59931], [-96.26409, 31.59796], [-96.26137, 31.59616], [-96.25537, 31.59347], [-96.25483, 31.59302], [-96.24993, 31.59303], [-96.24394, 31.59485], [-96.23849, 31.59577], [-96.23305, 31.59488], [-96.22706, 31.59535], [-96.21917, 31.59533]]}, "properties": {"operator": "Enbridge Pipelines (East Texas)", "pipe_type": "Intrastate"}}, {"type": "Feature", "geometry": {"type": "LineString", "coordinates": [[-96.40299, 31.61209], [-96.397, 31.61255], [-96.39155, 31.61256], [-96.38556, 31.61258], [-96.38012, 31.61259], [-96.37467, 31.6126], [-96.37107, 31.61206]]}, "properties": {"operator": "Enbridge Pipelines (East Texas)", "pipe_type": "Intrastate"}}, {"type": "Feature", "geometry": {"type": "LineString", "coordinates": [[-96.25238, 31.40426], [-96.25238, 31.40794], [-96.2491, 31.41289], [-96.24637, 31.41605], [-96.24528, 31.41785], [-96.24309, 31.42281], [-96.24313, 31.4231]]}, "properties": {"operator": "Enbridge Pipelines (East Texas)", "pipe_type": "Intrastate"}}, {"type": "Feature", "geometry": {"type": "LineString", "coordinates": [[-96.2515, 31.37748], [-96.25238, 31.38407], [-96.25238, 31.38903], [-96.25238, 31.39398], [-96.25238, 31.39893], [-96.25238, 31.40298], [-96.25238, 31.40426]]}, "properties": {"operator": "Enbridge Pipelines (East Texas)", "pipe_type": "Intrastate"}}, {"type": "Feature", "geometry": {"type": "LineString", "coordinates": [[-96.24313, 31.4231], [-96.24364, 31.42776], [-96.24856, 31.43271], [-96.25074, 31.43765], [-96.2502, 31.43811], [-96.2502, 31.44351], [-96.2502, 31.44846], [-96.2502, 31.45341], [-96.2502, 31.45837], [-96.2502, 31.46332], [-96.2502, 31.46827], [-96.2502, 31.47322], [-96.2502, 31.47818], [-96.2502, 31.48313], [-96.2502, 31.48808], [-96.2502, 31.49304], [-96.25238, 31.49798], [-96.25347, 31.50294], [-96.25566, 31.50789], [-96.25566, 31.50834], [-96.25948, 31.51328]]}, "properties": {"operator": "Enbridge Pipelines (East Texas)", "pipe_type": "Intrastate"}}, {"type": "Feature", "geometry": {"type": "LineString", "coordinates": [[-96.26829, 31.46053], [-96.26627, 31.46092], [-96.2502, 31.46332]]}, "properties": {"operator": "Enbridge Pipelines (East Texas)", "pipe_type": "Intrastate"}}, {"type": "Feature", "geometry": {"type": "LineString", "coordinates": [[-96.27664, 31.44784], [-96.27336, 31.45955], [-96.26829, 31.46053]]}, "properties": {"operator": "Enbridge Pipelines (East Texas)", "pipe_type": "Intrastate"}}, {"type": "Feature", "geometry": {"type": "LineString", "coordinates": [[-96.22535, 31.4276], [-96.21936, 31.41859], [-96.21919, 31.41839]]}, "properties": {"operator": "Enbridge Pipelines (East Texas)", "pipe_type": "Intrastate"}}, {"type": "Feature", "geometry": {"type": "LineString", "coordinates": [[-96.21919, 31.41839], [-96.21663, 31.41544], [-96.21117, 31.41545]]}, "properties": {"operator": "Enbridge Pipelines (East Texas)", "pipe_type": "Intrastate"}}, {"type": "Feature", "geometry": {"type": "LineString", "coordinates": [[-96.1402, 31.45732], [-96.1402, 31.45846], [-96.14303, 31.46358], [-96.14565, 31.46656]]}, "properties": {"operator": "Enbridge Pipelines (East Texas)", "pipe_type": "Intrastate"}}, {"type": "Feature", "geometry": {"type": "LineString", "coordinates": [[-96.14183, 31.44586], [-96.1402, 31.45351], [-96.1402, 31.45732]]}, "properties": {"operator": "Enbridge Pipelines (East Texas)", "pipe_type": "Intrastate"}}, {"type": "Feature", "geometry": {"type": "LineString", "coordinates": [[-96.19961, 31.4284], [-96.19961, 31.43236], [-96.19798, 31.43731], [-96.19416, 31.44226], [-96.19416, 31.44271], [-96.19362, 31.44721], [-96.19525, 31.45216], [-96.19852, 31.45711], [-96.19961, 31.45756], [-96.20288, 31.46206], [-96.20506, 31.46341], [-96.20615, 31.46386]]}, "properties": {"operator": "Enbridge Pipelines (East Texas)", "pipe_type": "Intrastate"}}, {"type": "Feature", "geometry": {"type": "LineString", "coordinates": [[-96.2007, 31.41302], [-96.20125, 31.41797], [-96.19961, 31.42292], [-96.19961, 31.42742], [-96.19961, 31.4284]]}, "properties": {"operator": "Enbridge Pipelines (East Texas)", "pipe_type": "Intrastate"}}, {"type": "Feature", "geometry": {"type": "LineString", "coordinates": [[-96.32386, 31.30833], [-96.32266, 31.30853], [-96.32157, 31.30854], [-96.31611, 31.30992], [-96.31065, 31.31265], [-96.30464, 31.31269], [-96.30137, 31.31361], [-96.29919, 31.31407], [-96.29373, 31.31815], [-96.29373, 31.3186], [-96.29045, 31.32358], [-96.28827, 31.32854], [-96.28772, 31.329], [-96.28554, 31.33351], [-96.28444, 31.33847], [-96.28226, 31.34073], [-96.28117, 31.34344], [-96.28008, 31.3484], [-96.27844, 31.35246]]}, "properties": {"operator": "Enbridge Pipelines (East Texas)", "pipe_type": "Intrastate"}}, {"type": "Feature", "geometry": {"type": "LineString", "coordinates": [[-96.37398, 31.21954], [-96.36961, 31.22452], [-96.36907, 31.22947], [-96.37016, 31.23442], [-96.3704, 31.24156], [-96.3707, 31.24432], [-96.3707, 31.24928], [-96.36907, 31.25424], [-96.36797, 31.25604], [-96.36688, 31.2592], [-96.36415, 31.26417], [-96.36251, 31.26643], [-96.36033, 31.26915], [-96.35651, 31.27187], [-96.35596, 31.27412], [-96.35105, 31.2782], [-96.3505, 31.27911], [-96.34559, 31.28409], [-96.34559, 31.28454], [-96.34122, 31.28907], [-96.33958, 31.29268], [-96.33904, 31.29403], [-96.3374, 31.29899], [-96.33413, 31.30261], [-96.33303, 31.30397], [-96.32812, 31.3076], [-96.32386, 31.30833]]}, "properties": {"operator": "Enbridge Pipelines (East Texas)", "pipe_type": "Intrastate"}}, {"type": "Feature", "geometry": {"type": "LineString", "coordinates": [[-95.01777, 32.44748], [-95.02007, 32.45269], [-95.02171, 32.45764], [-95.0228, 32.46078], [-95.02335, 32.46258], [-95.0239, 32.46753], [-95.0239, 32.47249], [-95.0239, 32.47744], [-95.0239, 32.48239], [-95.02444, 32.48734], [-95.02663, 32.49229], [-95.02772, 32.49723], [-95.02772, 32.50219], [-95.02827, 32.50714], [-95.02936, 32.51209], [-95.03046, 32.51703], [-95.03046, 32.52199], [-95.03046, 32.52694], [-95.03088, 32.52884]]}, "properties": {"operator": "Enbridge Pipelines (East Texas)", "pipe_type": "Intrastate"}}, {"type": "Feature", "geometry": {"type": "LineString", "coordinates": [[-95.03088, 32.52884], [-95.03155, 32.53189], [-95.03374, 32.53683], [-95.03374, 32.54178], [-95.03428, 32.54223], [-95.03593, 32.54673], [-95.03647, 32.55168], [-95.03702, 32.55663], [-95.03866, 32.56158], [-95.03866, 32.56653], [-95.03866, 32.57148], [-95.03975, 32.57283], [-95.04085, 32.57643], [-95.0419, 32.5812], [-95.04194, 32.58137], [-95.04303, 32.58632], [-95.04303, 32.59128], [-95.04303, 32.59623], [-95.04358, 32.60118], [-95.04522, 32.60612], [-95.04522, 32.61108], [-95.04522, 32.61603], [-95.04577, 32.61963], [-95.04577, 32.62098], [-95.04686, 32.62593], [-95.04761, 32.6282], [-95.0485, 32.63088], [-95.04959, 32.63582], [-95.05014, 32.64077], [-95.05014, 32.64573], [-95.05014, 32.65068], [-95.05014, 32.65563], [-95.05124, 32.65923], [-95.05178, 32.66058], [-95.05274, 32.66346], [-95.05342, 32.66553], [-95.05397, 32.67048], [-95.05452, 32.67543], [-95.0567, 32.67902], [-95.0567, 32.68037], [-95.05944, 32.68531], [-95.06162, 32.69026], [-95.06217, 32.69521], [-95.06217, 32.70016], [-95.06217, 32.70321], [-95.06217, 32.70511], [-95.06217, 32.71007], [-95.06217, 32.71502], [-95.06217, 32.71997], [-95.06217, 32.72232], [-95.06217, 32.72492], [-95.06217, 32.72988], [-95.06217, 32.73475], [-95.06217, 32.73483], [-95.06217, 32.73978], [-95.06098, 32.74339], [-95.06053, 32.74474], [-95.05889, 32.7497], [-95.0567, 32.75466], [-95.05506, 32.75962], [-95.05287, 32.76458], [-95.05124, 32.76774], [-95.05119, 32.76789], [-95.05069, 32.76954], [-95.04905, 32.7745], [-95.04878, 32.7769], [-95.0485, 32.77946], [-95.04795, 32.78441], [-95.04741, 32.78937], [-95.04631, 32.79432], [-95.04577, 32.79477], [-95.0427, 32.7984], [-95.04194, 32.79929], [-95.04139, 32.80425], [-95.03975, 32.8074], [-95.03866, 32.80921], [-95.03756, 32.80966]]}, "properties": {"operator": "Enbridge Pipelines (East Texas)", "pipe_type": "Intrastate"}}, {"type": "Feature", "geometry": {"type": "LineString", "coordinates": [[-96.17517, 31.44301], [-96.17549, 31.44103]]}, "properties": {"operator": "Enbridge Pipelines (East Texas)", "pipe_type": "Intrastate"}}, {"type": "Feature", "geometry": {"type": "LineString", "coordinates": [[-96.17549, 31.44103], [-96.17669, 31.43365]]}, "properties": {"operator": "Enbridge Pipelines (East Texas)", "pipe_type": "Intrastate"}}, {"type": "Feature", "geometry": {"type": "LineString", "coordinates": [[-96.12276, 31.50525], [-96.1173, 31.5084], [-96.11621, 31.5093], [-96.11131, 31.51245], [-96.10913, 31.51424], [-96.10586, 31.5165], [-96.10259, 31.51919], [-96.10041, 31.52009], [-96.09604, 31.52414], [-96.09441, 31.52594], [-96.09441, 31.52909], [-96.09441, 31.53404], [-96.09441, 31.53899], [-96.09223, 31.54394], [-96.09169, 31.54889], [-96.09114, 31.55384], [-96.0895, 31.55878], [-96.08896, 31.55923], [-96.08678, 31.56373], [-96.08678, 31.56868], [-96.08678, 31.57363], [-96.08678, 31.57858], [-96.08841, 31.58353], [-96.0933, 31.5864]]}, "properties": {"operator": "Enbridge Pipelines (East Texas)", "pipe_type": "Intrastate"}}, {"type": "Feature", "geometry": {"type": "LineString", "coordinates": [[-96.1342, 31.46476], [-96.13965, 31.46566], [-96.14565, 31.46656], [-96.1511, 31.46926], [-96.15164, 31.46971], [-96.1571, 31.47241], [-96.16091, 31.47466], [-96.15982, 31.4796], [-96.15601, 31.48455], [-96.1511, 31.48905], [-96.1511, 31.4895], [-96.14565, 31.49265], [-96.14347, 31.49445], [-96.13965, 31.49625], [-96.13475, 31.4994], [-96.1342, 31.4994], [-96.12875, 31.50255], [-96.12603, 31.50435], [-96.12276, 31.50525]]}, "properties": {"operator": "Enbridge Pipelines (East Texas)", "pipe_type": "Intrastate"}}, {"type": "Feature", "geometry": {"type": "LineString", "coordinates": [[-96.19464, 31.80382], [-96.19412, 31.80619], [-96.1914, 31.81114], [-96.19086, 31.81159], [-96.18868, 31.8161], [-96.18487, 31.8206], [-96.18487, 31.82105], [-96.17942, 31.8233], [-96.17397, 31.8251], [-96.17234, 31.826], [-96.16798, 31.8287], [-96.16689, 31.83095], [-96.1658, 31.83231]]}, "properties": {"operator": "Enbridge Pipelines (East Texas)", "pipe_type": "Intrastate"}}, {"type": "Feature", "geometry": {"type": "LineString", "coordinates": [[-96.21917, 31.59533], [-96.219, 31.60313], [-96.21901, 31.60809], [-96.21792, 31.61304], [-96.21738, 31.61799], [-96.21684, 31.62294], [-96.21685, 31.6279], [-96.21631, 31.63285], [-96.21631, 31.6378], [-96.21523, 31.64275], [-96.21523, 31.64771], [-96.21524, 31.65266], [-96.2147, 31.65761], [-96.2147, 31.66256], [-96.2147, 31.66603], [-96.2147, 31.66752], [-96.21416, 31.67247], [-96.21308, 31.67382], [-96.21144, 31.67742], [-96.20763, 31.68193], [-96.20655, 31.68402], [-96.20437, 31.68733], [-96.20219, 31.69003], [-96.2011, 31.69228], [-96.19838, 31.69723], [-96.19719, 31.70084], [-96.19675, 31.70219], [-96.19675, 31.70714], [-96.19676, 31.71209], [-96.19676, 31.71486], [-96.19676, 31.71704], [-96.19677, 31.722], [-96.19622, 31.722], [-96.19568, 31.72695], [-96.19514, 31.7319], [-96.1946, 31.73685], [-96.19461, 31.74181], [-96.19461, 31.74676], [-96.19462, 31.75171], [-96.19462, 31.75667], [-96.19517, 31.76162], [-96.19517, 31.76657], [-96.19518, 31.77152], [-96.19518, 31.77648], [-96.19519, 31.78143], [-96.19519, 31.78638], [-96.1952, 31.79133], [-96.1952, 31.79629], [-96.19521, 31.80124], [-96.19464, 31.80382]]}, "properties": {"operator": "Enbridge Pipelines (East Texas)", "pipe_type": "Intrastate"}}, {"type": "Feature", "geometry": {"type": "LineString", "coordinates": [[-96.24295, 31.42284], [-96.22535, 31.4276], [-96.22154, 31.42848], [-96.21227, 31.42446]]}, "properties": {"operator": "Enbridge Pipelines (East Texas)", "pipe_type": "Intrastate"}}, {"type": "Feature", "geometry": {"type": "LineString", "coordinates": [[-96.24309, 31.42281], [-96.24295, 31.42284]]}, "properties": {"operator": "Enbridge Pipelines (East Texas)", "pipe_type": "Intrastate"}}, {"type": "Feature", "geometry": {"type": "LineString", "coordinates": [[-93.99, 30.12013], [-93.99124, 30.14249], [-93.99371, 30.15954], [-94.00982, 30.1638], [-94.03213, 30.16806], [-94.05691, 30.17338], [-94.0755, 30.17978], [-94.07922, 30.19043], [-94.0755, 30.22664], [-94.08293, 30.23836], [-94.09285, 30.25647], [-94.11639, 30.27351], [-94.14117, 30.2863], [-94.17463, 30.3076], [-94.21447, 30.31213], [-94.24009, 30.33126], [-94.24743, 30.33474], [-94.26939, 30.35039], [-94.29111, 30.3566], [-94.32209, 30.36405], [-94.36174, 30.37577], [-94.46831, 30.36299], [-94.52283, 30.3566], [-94.54637, 30.37364], [-94.55505, 30.38323], [-94.56992, 30.39068], [-94.70127, 30.4759], [-94.78677, 30.49614], [-94.84253, 30.50999], [-94.90697, 30.54194], [-94.95157, 30.59094], [-94.97264, 30.63142], [-95.01477, 30.76244], [-95.04203, 30.85085], [-95.06681, 30.88493], [-95.09036, 30.9073], [-95.11018, 30.94139], [-95.13745, 30.98315], [-95.2688, 31.09569], [-95.2973, 31.11799], [-95.31836, 31.13391], [-95.3766, 31.21566], [-95.40634, 31.24812], [-95.42245, 31.28396], [-95.45095, 31.31874], [-95.45343, 31.33666], [-95.46334, 31.37144], [-95.46458, 31.38831], [-95.47697, 31.41044], [-95.48812, 31.44101], [-95.50175, 31.45787], [-95.51043, 31.46841], [-95.52778, 31.48106], [-95.53769, 31.49371], [-95.55132, 31.49898], [-95.56743, 31.50636], [-95.57982, 31.51268], [-95.61823, 31.54641], [-95.62691, 31.5717], [-95.6455, 31.58225], [-95.66656, 31.59595], [-95.68515, 31.61176], [-95.69878, 31.62019], [-95.71984, 31.63705], [-95.74339, 31.64865], [-95.76693, 31.66867], [-95.76693, 31.68027], [-95.77808, 31.69502], [-95.82145, 31.73508], [-95.82765, 31.74772], [-95.85367, 31.75932], [-95.86482, 31.76986], [-95.86978, 31.77513], [-95.87598, 31.7804], [-95.88217, 31.78883], [-95.89456, 31.80148], [-95.90819, 31.81413], [-95.91563, 31.83205], [-95.92554, 31.85418], [-95.92905, 31.88102], [-95.92802, 31.92269]]}, "properties": {"operator": "Enbridge Pipelines (East Texas)", "pipe_type": "Intrastate"}}, {"type": "Feature", "geometry": {"type": "LineString", "coordinates": [[-96.34675, 31.23806], [-95.67647, 31.17256], [-95.49951, 31.16167], [-95.37164, 31.16409], [-95.35045, 31.17901]]}, "properties": {"operator": "Enbridge Pipelines (East Texas)", "pipe_type": "Intrastate"}}, {"type": "Feature", "geometry": {"type": "LineString", "coordinates": [[-96.40883, 31.41182], [-96.44561, 31.41879], [-96.63151, 31.42465], [-96.64153, 31.42621], [-96.67141, 31.43663], [-96.72899, 31.43712], [-96.85019, 31.46584], [-96.98571, 31.46617]]}, "properties": {"operator": "Energy Transfer", "pipe_type": "Intrastate"}}, {"type": "Feature", "geometry": {"type": "LineString", "coordinates": [[-96.98571, 31.46617], [-96.86478, 31.59519], [-96.80768, 31.60951]]}, "properties": {"operator": "Energy Transfer", "pipe_type": "Intrastate"}}, {"type": "Feature", "geometry": {"type": "LineString", "coordinates": [[-96.7718, 31.43938], [-96.78449, 31.4984], [-96.78805, 31.54547], [-96.80768, 31.60951]]}, "properties": {"operator": "Energy Transfer", "pipe_type": "Intrastate"}}, {"type": "Feature", "geometry": {"type": "LineString", "coordinates": [[-96.80768, 31.60951], [-96.74934, 31.61269], [-96.68514, 31.6136], [-96.63329, 31.60988], [-96.58815, 31.62505], [-96.56009, 31.64013], [-96.52554, 31.66108], [-96.49315, 31.67666], [-96.44325, 31.69201], [-96.43145, 31.69705], [-96.40914, 31.70865], [-96.38564, 31.71366], [-96.34499, 31.7218], [-96.20857, 31.7238], [-96.18368, 31.7296], [-96.12612, 31.75036], [-96.11858, 31.76125], [-96.08017, 31.78382], [-96.05784, 31.81908], [-96.01032, 31.84922]]}, "properties": {"operator": "Energy Transfer", "pipe_type": "Intrastate"}}, {"type": "Feature", "geometry": {"type": "LineString", "coordinates": [[-96.40883, 31.41182], [-96.49976, 31.58244], [-96.52938, 31.59584], [-96.56126, 31.64172]]}, "properties": {"operator": "Energy Transfer", "pipe_type": "Intrastate"}}, {"type": "Feature", "geometry": {"type": "LineString", "coordinates": [[-96.40883, 31.41182], [-96.41575, 31.3577], [-96.45481, 31.35023], [-96.49755, 31.34063], [-96.58221, 31.33359], [-96.59779, 31.34024], [-96.59529, 31.34743], [-96.58468, 31.35587]]}, "properties": {"operator": "Energy Transfer", "pipe_type": "Intrastate"}}, {"type": "Feature", "geometry": {"type": "LineString", "coordinates": [[-96.21936, 31.41859], [-96.21171, 31.38378], [-96.20939, 31.33445], [-96.2028, 31.31371]]}, "properties": {"operator": "Energy Transfer", "pipe_type": "Intrastate"}}, {"type": "Feature", "geometry": {"type": "LineString", "coordinates": [[-96.40883, 31.41182], [-96.40837, 31.41232], [-96.40808, 31.4125], [-96.40731, 31.41333], [-96.38533, 31.43335], [-96.37184, 31.44479], [-96.3564, 31.45839], [-96.35215, 31.46231], [-96.33253, 31.47961], [-96.33194, 31.47989], [-96.31737, 31.49291], [-96.31702, 31.4933], [-96.31689, 31.49339], [-96.31608, 31.49449], [-96.31542, 31.49545], [-96.31448, 31.49742], [-96.31325, 31.50001], [-96.31228, 31.50214], [-96.30503, 31.51095], [-96.30072, 31.51707], [-96.28488, 31.5375], [-96.26951, 31.55762], [-96.26376, 31.56713], [-96.25967, 31.57285], [-96.25817, 31.575], [-96.25605, 31.57795], [-96.25334, 31.58021], [-96.2488, 31.58397], [-96.24562, 31.58784], [-96.23619, 31.59937], [-96.23166, 31.61412], [-96.22434, 31.6296], [-96.22069, 31.64677], [-96.22054, 31.65624], [-96.21434, 31.70687], [-96.19568, 31.72695]]}, "properties": {"operator": "Energy Transfer", "pipe_type": "Intrastate"}}, {"type": "Feature", "geometry": {"type": "LineString", "coordinates": [[-96.01032, 31.84922], [-95.94882, 31.88768], [-95.92746, 31.89707], [-95.90292, 31.91293]]}, "properties": {"operator": "Energy Transfer", "pipe_type": "Intrastate"}}, {"type": "Feature", "geometry": {"type": "LineString", "coordinates": [[-95.90292, 31.91293], [-95.87213, 31.91451], [-95.82701, 31.90932], [-95.71894, 31.90708], [-95.66073, 31.90843], [-95.59466, 31.90737], [-95.55185, 31.90992], [-95.51097, 31.90621], [-95.45593, 31.89798], [-95.41524, 31.90015], [-95.36134, 31.89061], [-95.28293, 31.89419], [-95.24678, 31.89528], [-95.21498, 31.89005], [-95.19132, 31.88577], [-95.11491, 31.88949], [-95.07575, 31.9051], [-94.98968, 31.93807]]}, "properties": {"operator": "Energy Transfer", "pipe_type": "Intrastate"}}, {"type": "Feature", "geometry": {"type": "LineString", "coordinates": [[-96.7718, 31.43938], [-96.74692, 31.41542], [-96.70627, 31.3075], [-96.69484, 31.26984], [-96.65504, 31.17857], [-96.64323, 31.1464], [-96.62186, 31.07856], [-96.60916, 31.05923], [-96.58741, 30.99688], [-96.56481, 30.94678], [-96.5107, 30.80164], [-96.4754, 30.70332], [-96.42116, 30.58891], [-96.40002, 30.54686], [-96.42347, 30.52645], [-96.40843, 30.483]]}, "properties": {"operator": "Energy Transfer", "pipe_type": "Intrastate"}}, {"type": "Feature", "geometry": {"type": "LineString", "coordinates": [[-95.09522, 31.88439], [-95.11491, 31.88949], [-95.13941, 31.94098]]}, "properties": {"operator": "Energy Transfer", "pipe_type": "Intrastate"}}, {"type": "Feature", "geometry": {"type": "LineString", "coordinates": [[-95.90292, 31.91293], [-95.95012, 32.30883], [-95.95008, 32.35562], [-95.95317, 32.37409], [-95.95515, 32.38332], [-95.96172, 32.39556], [-95.96419, 32.40474], [-95.9643, 32.4087], [-95.96912, 32.42552], [-95.96988, 32.43047], [-95.97126, 32.4333], [-95.9724, 32.43699], [-95.97441, 32.44433], [-95.97986, 32.46065], [-95.98192, 32.46857], [-95.98409, 32.47651], [-95.98762, 32.49059], [-95.98855, 32.49672], [-95.98942, 32.49999], [-95.9902, 32.50223], [-95.9908, 32.50541], [-95.99148, 32.50567], [-95.99257, 32.515], [-95.99393, 32.51899], [-95.99705, 32.52743], [-95.99999, 32.53922], [-96.00185, 32.54611], [-96.00235, 32.5519], [-96.0048, 32.56383], [-96.0081, 32.57578], [-96.00921, 32.57869], [-96.01123, 32.58492], [-96.01325, 32.58973], [-96.01435, 32.5969], [-96.01516, 32.59696], [-96.01858, 32.60564], [-96.01962, 32.61521], [-96.02127, 32.62179], [-96.02202, 32.62181], [-96.02723, 32.6339], [-96.02652, 32.63541], [-96.02917, 32.6385], [-96.03336, 32.64842], [-96.03446, 32.64876], [-96.03703, 32.65456], [-96.04032, 32.6652], [-96.04253, 32.67038], [-96.04296, 32.67166], [-96.04364, 32.67235], [-96.04861, 32.67917], [-96.06419, 32.69912]]}, "properties": {"operator": "Energy Transfer", "pipe_type": "Intrastate"}}, {"type": "Feature", "geometry": {"type": "LineString", "coordinates": [[-95.95012, 32.30883], [-95.89329, 32.29115], [-95.83324, 32.28249], [-95.76653, 32.27188], [-95.75838, 32.21741]]}, "properties": {"operator": "Energy Transfer", "pipe_type": "Intrastate"}}, {"type": "Feature", "geometry": {"type": "LineString", "coordinates": [[-95.90292, 31.91293], [-95.95898, 31.89025], [-96.0381, 31.85517], [-96.14292, 31.96639], [-96.28818, 32.05776], [-96.37074, 32.11014], [-96.53116, 32.21289], [-96.64882, 32.25377], [-96.76473, 32.29019], [-96.80772, 32.31114], [-96.83479, 32.30439]]}, "properties": {"operator": "Energy Transfer", "pipe_type": "Intrastate"}}, {"type": "Feature", "geometry": {"type": "LineString", "coordinates": [[-95.92625, 32.14379], [-96.09267, 32.12541], [-96.23873, 32.07934], [-96.27359, 32.05419], [-96.29472, 32.0451], [-96.32732, 32.04628]]}, "properties": {"operator": "Energy Transfer", "pipe_type": "Intrastate"}}, {"type": "Feature", "geometry": {"type": "LineString", "coordinates": [[-96.32732, 32.04628], [-96.35474, 32.05513], [-96.38473, 32.07069], [-96.45133, 32.10975]]}, "properties": {"operator": "Energy Transfer", "pipe_type": "Intrastate"}}, {"type": "Feature", "geometry": {"type": "LineString", "coordinates": [[-96.32732, 32.04628], [-96.32211, 32.02235], [-96.30985, 32.01159], [-96.31619, 32.0], [-96.31993, 31.99133]]}, "properties": {"operator": "Energy Transfer", "pipe_type": "Intrastate"}}, {"type": "Feature", "geometry": {"type": "LineString", "coordinates": [[-96.01325, 32.58973], [-95.99062, 32.59886], [-95.96893, 32.59735], [-95.95392, 32.59482], [-95.93392, 32.58894], [-95.91389, 32.58905], [-95.86715, 32.59329], [-95.84546, 32.59179]]}, "properties": {"operator": "Energy Transfer", "pipe_type": "Intrastate"}}, {"type": "Feature", "geometry": {"type": "LineString", "coordinates": [[-96.83479, 32.30439], [-96.79932, 32.32853], [-96.78595, 32.33359], [-96.75093, 32.32667], [-96.74425, 32.3262], [-96.72419, 32.33679], [-96.72082, 32.34554], [-96.7191, 32.3604], [-96.69736, 32.37087], [-96.6589, 32.39216], [-96.62319, 32.42535], [-96.59937, 32.43929], [-96.52008, 32.47836], [-96.48662, 32.49999], [-96.42642, 32.53325], [-96.39928, 32.55374], [-96.38955, 32.57711], [-96.38448, 32.59323], [-96.35273, 32.606], [-96.33408, 32.59623], [-96.33187, 32.59364], [-96.3027, 32.59505], [-96.2843, 32.60725], [-96.26592, 32.61495], [-96.22417, 32.62254], [-96.17569, 32.64613], [-96.12218, 32.67386], [-96.10379, 32.68457], [-96.06419, 32.69912]]}, "properties": {"operator": "Energy Transfer", "pipe_type": "Intrastate"}}, {"type": "Feature", "geometry": {"type": "LineString", "coordinates": [[-96.06419, 32.69912], [-96.11035, 32.76483], [-96.11636, 32.77621], [-96.11775, 32.78004], [-96.12354, 32.79437], [-96.12317, 32.79631], [-96.12159, 32.80842], [-96.12907, 32.81488], [-96.12945, 32.81614], [-96.13479, 32.8253], [-96.13748, 32.83294], [-96.14274, 32.84027], [-96.14236, 32.84088], [-96.14564, 32.84546], [-96.15156, 32.8529], [-96.153, 32.86758], [-96.1534, 32.86952], [-96.16712, 32.92568], [-96.1681, 32.92613], [-96.16938, 32.93232], [-96.17231, 32.9452], [-96.17313, 32.94548], [-96.1756, 32.95605], [-96.18039, 32.97448], [-96.19126, 32.98924], [-96.22321, 33.02101], [-96.22316, 33.02181], [-96.22929, 33.03625], [-96.23384, 33.04261], [-96.23751, 33.04684], [-96.24121, 33.05087], [-96.24619, 33.05569], [-96.27056, 33.09662], [-96.27471, 33.10615], [-96.28436, 33.13819], [-96.28957, 33.15246], [-96.28948, 33.15415], [-96.29508, 33.16574], [-96.30752, 33.19013], [-96.37357, 33.22262], [-96.39051, 33.22672]]}, "properties": {"operator": "Energy Transfer", "pipe_type": "Intrastate"}}, {"type": "Feature", "geometry": {"type": "LineString", "coordinates": [[-96.06419, 32.69912], [-96.02853, 32.72876], [-95.97836, 32.75822], [-95.95278, 32.77049], [-95.82391, 32.82936], [-95.79342, 32.84373], [-95.75012, 32.86299], [-95.68906, 32.92083], [-95.6533, 32.9334], [-95.63823, 32.9467]]}, "properties": {"operator": "Energy Transfer", "pipe_type": "Intrastate"}}, {"type": "Feature", "geometry": {"type": "LineString", "coordinates": [[-96.80768, 31.60951], [-96.81985, 31.63225], [-96.85715, 31.71639], [-96.87894, 31.78443], [-96.92447, 31.93863], [-96.95419, 32.03239], [-96.95397, 32.09171], [-96.95578, 32.14398], [-96.9716, 32.20081], [-97.0114, 32.27909], [-97.03869, 32.29307]]}, "properties": {"operator": "Energy Transfer", "pipe_type": "Intrastate"}}, {"type": "Feature", "geometry": {"type": "LineString", "coordinates": [[-97.03187, 31.50549], [-96.89292, 31.59723], [-96.8545, 31.60747], [-96.81985, 31.63225]]}, "properties": {"operator": "Energy Transfer", "pipe_type": "Intrastate"}}, {"type": "Feature", "geometry": {"type": "LineString", "coordinates": [[-94.26248, 32.18794], [-94.40133, 32.18816], [-94.50218, 32.11997], [-94.92273, 31.97908], [-95.07816, 31.91647], [-95.21529, 31.90082], [-95.45299, 31.90082], [-95.90097, 31.90082], [-96.09296, 31.76776], [-96.23924, 31.7208], [-96.37638, 31.79907], [-96.59622, 31.80511], [-96.7695, 31.84603], [-96.93406, 31.97126], [-97.21748, 32.06518], [-97.40033, 32.16693], [-97.51917, 32.26085], [-97.59135, 32.31431], [-97.59581, 32.29774]]}, "properties": {"operator": "Energy Transfer", "pipe_type": "Intrastate"}}, {"type": "Feature", "geometry": {"type": "LineString", "coordinates": [[-95.63823, 32.9467], [-95.59646, 32.96275], [-95.56601, 32.97991], [-95.50551, 32.983]]}, "properties": {"operator": "Energy Transfer", "pipe_type": "Intrastate"}}, {"type": "Feature", "geometry": {"type": "LineString", "coordinates": [[-95.50551, 32.983], [-95.46199, 33.26582]]}, "properties": {"operator": "Energy Transfer", "pipe_type": "Intrastate"}}, {"type": "Feature", "geometry": {"type": "LineString", "coordinates": [[-95.50551, 32.98967], [-95.41841, 32.98116], [-95.38027, 32.99436], [-95.34222, 32.99242], [-95.27757, 32.96781], [-95.26137, 32.98567], [-95.2347, 32.98939], [-95.20843, 32.98771]]}, "properties": {"operator": "Energy Transfer", "pipe_type": "Intrastate"}}, {"type": "Feature", "geometry": {"type": "LineString", "coordinates": [[-94.56412, 32.0114], [-94.59325, 32.02416], [-94.62425, 32.02814], [-94.64871, 32.02363], [-94.65525, 32.01619], [-94.66711, 32.01059], [-94.68066, 32.01114], [-94.68647, 32.02482], [-94.69713, 32.04287], [-94.70616, 32.05108], [-94.72098, 32.05092], [-94.73951, 32.04405], [-94.748, 32.03264], [-94.75437, 32.02382], [-94.77073, 32.01639], [-94.78991, 32.00982], [-94.80313, 32.00614], [-94.81994, 32.00271], [-94.8323, 31.99906], [-94.83537, 31.99599], [-94.84451, 31.99214], [-94.84518, 31.991], [-94.86423, 31.98259], [-94.86988, 31.98291], [-94.87235, 31.98396], [-94.87351, 31.98504], [-94.88254, 31.98809], [-94.88434, 31.98763], [-94.89095, 31.98465], [-94.92609, 31.96826], [-94.92724, 31.96771], [-94.92853, 31.96746], [-94.93004, 31.96675], [-94.95329, 31.95338], [-94.95576, 31.9523], [-94.95609, 31.95221], [-94.95767, 31.95113], [-94.95788, 31.95069], [-94.96615, 31.94592], [-94.96929, 31.93632], [-94.97449, 31.93201], [-94.98067, 31.93276], [-94.98968, 31.93807]]}, "properties": {"operator": "Energy Transfer", "pipe_type": "Intrastate"}}, {"type": "Feature", "geometry": {"type": "LineString", "coordinates": [[-94.98968, 31.93807], [-95.09522, 31.88439], [-95.13488, 31.86145], [-95.15833, 31.84103], [-95.21564, 31.80008], [-95.2322, 31.78935], [-95.25, 31.76368], [-95.29919, 31.71313], [-95.30305, 31.70782], [-95.30654, 31.70267], [-95.31083, 31.69795], [-95.31268, 31.69644], [-95.32055, 31.689], [-95.34011, 31.67006], [-95.34062, 31.66952], [-95.34132, 31.66956], [-95.34295, 31.66681], [-95.34418, 31.66544], [-95.34742, 31.66333], [-95.36119, 31.64662], [-95.36571, 31.64556], [-95.3675, 31.64256], [-95.37888, 31.63198], [-95.38006, 31.63058], [-95.38137, 31.62843], [-95.38338, 31.62644], [-95.38744, 31.62449], [-95.39084, 31.62298], [-95.39595, 31.62016], [-95.39831, 31.61876], [-95.40682, 31.61125], [-95.42227, 31.59491], [-95.42757, 31.5895]]}, "properties": {"operator": "Energy Transfer", "pipe_type": "Intrastate"}}, {"type": "Feature", "geometry": {"type": "LineString", "coordinates": [[-95.42757, 31.5895], [-95.46713, 31.55219], [-95.47408, 31.54898], [-95.48191, 31.54513], [-95.48455, 31.54449], [-95.48851, 31.5443], [-95.51175, 31.52194], [-95.51194, 31.5218], [-95.51304, 31.52031], [-95.51726, 31.51764], [-95.5197, 31.51707], [-95.52317, 31.51496], [-95.53414, 31.50881], [-95.54096, 31.50866], [-95.56937, 31.50753], [-95.5923, 31.50625], [-95.59891, 31.50554], [-95.60602, 31.50486], [-95.61553, 31.50351]]}, "properties": {"operator": "Energy Transfer", "pipe_type": "Intrastate"}}, {"type": "Feature", "geometry": {"type": "LineString", "coordinates": [[-95.61553, 31.50351], [-95.63254, 31.54424], [-95.65348, 31.54872]]}, "properties": {"operator": "Energy Transfer", "pipe_type": "Intrastate"}}, {"type": "Feature", "geometry": {"type": "LineString", "coordinates": [[-95.61553, 31.50351], [-95.68277, 31.49518], [-95.76371, 31.47708], [-95.85512, 31.4799], [-95.90263, 31.46983], [-95.94961, 31.45911], [-95.99999, 31.44574], [-96.04384, 31.4374], [-96.04512, 31.4377], [-96.05119, 31.43676], [-96.10657, 31.432], [-96.10887, 31.43148], [-96.11613, 31.43098]]}, "properties": {"operator": "Energy Transfer", "pipe_type": "Intrastate"}}, {"type": "Feature", "geometry": {"type": "LineString", "coordinates": [[-95.90263, 31.46983], [-95.91706, 31.3595], [-95.94687, 31.33401], [-95.98514, 31.33123], [-96.01047, 31.31279]]}, "properties": {"operator": "Energy Transfer", "pipe_type": "Intrastate"}}, {"type": "Feature", "geometry": {"type": "LineString", "coordinates": [[-96.11613, 31.43098], [-96.24587, 31.41622], [-96.38381, 31.41255], [-96.40688, 31.41154], [-96.40883, 31.41182]]}, "properties": {"operator": "Energy Transfer", "pipe_type": "Intrastate"}}, {"type": "Feature", "geometry": {"type": "LineString", "coordinates": [[-95.31441, 31.94644], [-95.24308, 31.95926], [-95.19878, 31.87922], [-94.97152, 31.63746], [-94.88374, 31.53127], [-94.83183, 31.43675], [-94.705, 31.24719], [-94.66834, 31.1975], [-94.62896, 31.07868], [-94.52009, 30.84469], [-94.51154, 30.8201], [-94.50382, 30.79625], [-94.49433, 30.77442], [-94.49024, 30.76743], [-94.4728, 30.73298], [-94.42952, 30.64532], [-94.42839, 30.64278], [-94.42685, 30.64299], [-94.42324, 30.63027], [-94.42051, 30.62392], [-94.41334, 30.61416], [-94.38288, 30.53677], [-94.37286, 30.53189], [-94.3689, 30.518], [-94.34372, 30.46902], [-94.34111, 30.46255], [-94.33821, 30.45258], [-94.33377, 30.44336], [-94.32477, 30.43434], [-94.31724, 30.42734], [-94.30593, 30.4143], [-94.30072, 30.40782], [-94.28189, 30.37304], [-94.24768, 30.29743], [-94.23596, 30.27239]]}, "properties": {"operator": "Energy Transfer", "pipe_type": "Intrastate"}}, {"type": "Feature", "geometry": {"type": "LineString", "coordinates": [[-94.67316, 31.19607], [-94.91922, 31.17434], [-95.04047, 31.16053], [-95.11218, 31.14823], [-95.28738, 31.12358], [-95.33801, 31.11712], [-95.39242, 31.10167], [-95.54281, 31.07123], [-95.55462, 31.06804], [-95.56527, 31.06493], [-95.57838, 31.06209], [-95.58404, 31.06119], [-95.60813, 31.05671], [-95.66792, 31.04531], [-95.66947, 31.04497], [-95.6716, 31.045], [-95.67659, 31.04335], [-95.68036, 31.04252], [-95.69027, 31.04125], [-95.73235, 31.03119], [-95.74618, 31.03055], [-95.75166, 31.02875], [-95.78644, 31.02238], [-95.79004, 31.02154], [-95.79405, 31.02024], [-95.81228, 31.00562], [-95.82715, 31.00037], [-95.84639, 30.99288], [-95.87263, 30.97939], [-95.96885, 30.93294]]}, "properties": {"operator": "Energy Transfer", "pipe_type": "Intrastate"}}, {"type": "Feature", "geometry": {"type": "LineString", "coordinates": [[-95.79129, 31.0236], [-95.92949, 31.05956], [-96.01871, 31.15545]]}, "properties": {"operator": "Energy Transfer", "pipe_type": "Intrastate"}}, {"type": "Feature", "geometry": {"type": "LineString", "coordinates": [[-96.38615, 30.88088], [-96.40989, 30.83985], [-96.42423, 30.84395], [-96.43067, 30.82016], [-96.45183, 30.81359], [-96.44715, 30.80538], [-96.45504, 30.80128]]}, "properties": {"operator": "Energy Transfer", "pipe_type": "Intrastate"}}, {"type": "Feature", "geometry": {"type": "LineString", "coordinates": [[-93.8805, 30.39807], [-93.91975, 30.41396], [-93.99935, 30.54678], [-94.17305, 30.5546], [-94.41076, 30.60157], [-94.89185, 30.91775], [-95.00501, 30.94595], [-95.17872, 30.96943], [-95.37071, 31.11814], [-95.60841, 31.26685], [-95.79126, 31.36859], [-96.09478, 31.43408], [-96.24033, 31.41738], [-96.40912, 31.4153], [-96.34307, 31.46851], [-96.31372, 31.49564], [-96.2599, 31.57182], [-96.23911, 31.5906], [-96.22443, 31.63442], [-96.21342, 31.70642], [-96.19752, 31.72312]]}, "properties": {"operator": "Energy Transfer", "pipe_type": "Intrastate"}}, {"type": "Feature", "geometry": {"type": "LineString", "coordinates": [[-96.25926, 31.71533], [-96.27046, 31.72973]]}, "properties": {"operator": "Coral Energy Pipeline Co", "pipe_type": "Intrastate"}}, {"type": "Feature", "geometry": {"type": "LineString", "coordinates": [[-96.27667, 31.69011], [-96.28416, 31.67693]]}, "properties": {"operator": "Coral Energy Pipeline Co", "pipe_type": "Intrastate"}}, {"type": "Feature", "geometry": {"type": "LineString", "coordinates": [[-96.27667, 31.69011], [-96.29408, 31.68646]]}, "properties": {"operator": "Coral Energy Pipeline Co", "pipe_type": "Intrastate"}}, {"type": "Feature", "geometry": {"type": "LineString", "coordinates": [[-96.25926, 31.71533], [-96.27667, 31.69011]]}, "properties": {"operator": "Coral Energy Pipeline Co", "pipe_type": "Intrastate"}}, {"type": "Feature", "geometry": {"type": "LineString", "coordinates": [[-96.24557, 31.68166], [-96.25926, 31.71533]]}, "properties": {"operator": "Coral Energy Pipeline Co", "pipe_type": "Intrastate"}}, {"type": "Feature", "geometry": {"type": "LineString", "coordinates": [[-96.22566, 31.68288], [-96.24557, 31.68166]]}, "properties": {"operator": "Coral Energy Pipeline Co", "pipe_type": "Intrastate"}}, {"type": "Feature", "geometry": {"type": "LineString", "coordinates": [[-96.21824, 31.6889], [-96.22566, 31.68288]]}, "properties": {"operator": "Coral Energy Pipeline Co", "pipe_type": "Intrastate"}}, {"type": "Feature", "geometry": {"type": "LineString", "coordinates": [[-96.09242, 31.75738], [-96.10605, 31.77062]]}, "properties": {"operator": "Coral Energy Pipeline Co", "pipe_type": "Intrastate"}}, {"type": "Feature", "geometry": {"type": "LineString", "coordinates": [[-96.09242, 31.75738], [-96.08, 31.76339]]}, "properties": {"operator": "Coral Energy Pipeline Co", "pipe_type": "Intrastate"}}, {"type": "Feature", "geometry": {"type": "LineString", "coordinates": [[-96.07507, 31.71174], [-96.09242, 31.75738]]}, "properties": {"operator": "Coral Energy Pipeline Co", "pipe_type": "Intrastate"}}, {"type": "Feature", "geometry": {"type": "LineString", "coordinates": [[-96.06387, 31.71898], [-96.07507, 31.71174]]}, "properties": {"operator": "Coral Energy Pipeline Co", "pipe_type": "Intrastate"}}, {"type": "Feature", "geometry": {"type": "LineString", "coordinates": [[-96.06387, 31.71898], [-96.05766, 31.74778]]}, "properties": {"operator": "Coral Energy Pipeline Co", "pipe_type": "Intrastate"}}, {"type": "Feature", "geometry": {"type": "LineString", "coordinates": [[-96.05523, 31.69734], [-96.06387, 31.71898]]}, "properties": {"operator": "Coral Energy Pipeline Co", "pipe_type": "Intrastate"}}, {"type": "Feature", "geometry": {"type": "LineString", "coordinates": [[-96.02669, 31.70214], [-96.05523, 31.69734]]}, "properties": {"operator": "Coral Energy Pipeline Co", "pipe_type": "Intrastate"}}, {"type": "Feature", "geometry": {"type": "LineString", "coordinates": [[-95.89517, 31.61446], [-96.02669, 31.70214]]}, "properties": {"operator": "Coral Energy Pipeline Co", "pipe_type": "Intrastate"}}, {"type": "Feature", "geometry": {"type": "LineString", "coordinates": [[-95.92684, 31.56331], [-95.94726, 31.56038]]}, "properties": {"operator": "Coral Energy Pipeline Co", "pipe_type": "Intrastate"}}, {"type": "Feature", "geometry": {"type": "LineString", "coordinates": [[-95.91482, 31.56066], [-95.92684, 31.56331]]}, "properties": {"operator": "Coral Energy Pipeline Co", "pipe_type": "Intrastate"}}, {"type": "Feature", "geometry": {"type": "LineString", "coordinates": [[-95.89517, 31.61446], [-95.91482, 31.56066]]}, "properties": {"operator": "Coral Energy Pipeline Co", "pipe_type": "Intrastate"}}, {"type": "Feature", "geometry": {"type": "LineString", "coordinates": [[-95.84881, 31.5905], [-95.89517, 31.61446]]}, "properties": {"operator": "Coral Energy Pipeline Co", "pipe_type": "Intrastate"}}, {"type": "Feature", "geometry": {"type": "LineString", "coordinates": [[-95.80333, 31.56883], [-95.84179, 31.56038]]}, "properties": {"operator": "Coral Energy Pipeline Co", "pipe_type": "Intrastate"}}, {"type": "Feature", "geometry": {"type": "LineString", "coordinates": [[-95.80333, 31.56883], [-95.84881, 31.5905]]}, "properties": {"operator": "Coral Energy Pipeline Co", "pipe_type": "Intrastate"}}, {"type": "Feature", "geometry": {"type": "LineString", "coordinates": [[-95.75017, 31.56442], [-95.80333, 31.56883]]}, "properties": {"operator": "Coral Energy Pipeline Co", "pipe_type": "Intrastate"}}, {"type": "Feature", "geometry": {"type": "LineString", "coordinates": [[-95.41248, 31.3911], [-95.66511, 31.52202]]}, "properties": {"operator": "Coral Energy Pipeline Co", "pipe_type": "Intrastate"}}, {"type": "Feature", "geometry": {"type": "LineString", "coordinates": [[-95.91482, 31.56066], [-95.90986, 31.55312]]}, "properties": {"operator": "Coral Energy Pipeline Co", "pipe_type": "Intrastate"}}, {"type": "Feature", "geometry": {"type": "LineString", "coordinates": [[-95.84179, 31.56038], [-95.85792, 31.54605]]}, "properties": {"operator": "Coral Energy Pipeline Co", "pipe_type": "Intrastate"}}, {"type": "Feature", "geometry": {"type": "LineString", "coordinates": [[-95.66511, 31.52202], [-95.75017, 31.56442]]}, "properties": {"operator": "Coral Energy Pipeline Co", "pipe_type": "Intrastate"}}, {"type": "Feature", "geometry": {"type": "LineString", "coordinates": [[-94.91418, 32.58438], [-94.90718, 32.56175]]}, "properties": {"operator": "Coral Energy Pipeline Co", "pipe_type": "Intrastate"}}, {"type": "Feature", "geometry": {"type": "LineString", "coordinates": [[-94.91296, 32.6], [-94.93056, 32.59885]]}, "properties": {"operator": "Coral Energy Pipeline Co", "pipe_type": "Intrastate"}}, {"type": "Feature", "geometry": {"type": "LineString", "coordinates": [[-94.91418, 32.58438], [-94.91296, 32.6]]}, "properties": {"operator": "Coral Energy Pipeline Co", "pipe_type": "Intrastate"}}, {"type": "Feature", "geometry": {"type": "LineString", "coordinates": [[-94.91418, 32.58438], [-94.93056, 32.56518]]}, "properties": {"operator": "Coral Energy Pipeline Co", "pipe_type": "Intrastate"}}, {"type": "Feature", "geometry": {"type": "LineString", "coordinates": [[-94.8903, 32.6], [-94.91418, 32.58438]]}, "properties": {"operator": "Coral Energy Pipeline Co", "pipe_type": "Intrastate"}}, {"type": "Feature", "geometry": {"type": "LineString", "coordinates": [[-94.90035, 32.68166], [-94.8903, 32.6]]}, "properties": {"operator": "Coral Energy Pipeline Co", "pipe_type": "Intrastate"}}, {"type": "Feature", "geometry": {"type": "LineString", "coordinates": [[-94.89914, 32.78854], [-94.93306, 32.80774]]}, "properties": {"operator": "Coral Energy Pipeline Co", "pipe_type": "Intrastate"}}, {"type": "Feature", "geometry": {"type": "LineString", "coordinates": [[-94.89286, 32.72371], [-94.89914, 32.78854]]}, "properties": {"operator": "Coral Energy Pipeline Co", "pipe_type": "Intrastate"}}, {"type": "Feature", "geometry": {"type": "LineString", "coordinates": [[-94.90035, 32.68166], [-94.89286, 32.72371]]}, "properties": {"operator": "Coral Energy Pipeline Co", "pipe_type": "Intrastate"}}, {"type": "Feature", "geometry": {"type": "LineString", "coordinates": [[-94.94189, 32.67686], [-94.90035, 32.68166]]}, "properties": {"operator": "Coral Energy Pipeline Co", "pipe_type": "Intrastate"}}, {"type": "Feature", "geometry": {"type": "LineString", "coordinates": [[-94.96826, 32.65523], [-94.97563, 32.54048]]}, "properties": {"operator": "Coral Energy Pipeline Co", "pipe_type": "Intrastate"}}, {"type": "Feature", "geometry": {"type": "LineString", "coordinates": [[-94.94189, 32.67686], [-94.96826, 32.65523]]}, "properties": {"operator": "Coral Energy Pipeline Co", "pipe_type": "Intrastate"}}, {"type": "Feature", "geometry": {"type": "LineString", "coordinates": [[-94.93965, 32.69005], [-94.94189, 32.67686]]}, "properties": {"operator": "Coral Energy Pipeline Co", "pipe_type": "Intrastate"}}, {"type": "Feature", "geometry": {"type": "LineString", "coordinates": [[-94.91168, 32.7225], [-94.85139, 32.72851]]}, "properties": {"operator": "Coral Energy Pipeline Co", "pipe_type": "Intrastate"}}, {"type": "Feature", "geometry": {"type": "LineString", "coordinates": [[-94.91795, 32.69971], [-94.91168, 32.7225]]}, "properties": {"operator": "Coral Energy Pipeline Co", "pipe_type": "Intrastate"}}, {"type": "Feature", "geometry": {"type": "LineString", "coordinates": [[-94.93965, 32.69005], [-94.91795, 32.69971]]}, "properties": {"operator": "Coral Energy Pipeline Co", "pipe_type": "Intrastate"}}]}