{"type": "FeatureCollection", "features": [{"type": "Feature", "geometry": {"type": "Point", "coordinates": [-96.05745, 31.81953]}, "properties": {"id": "301675", "name": "Big Brown", "type": "Substation", "status": "In service", "city": "Fairfield", "county": "Freestone", "state": "Texas", "min_kv": 69, "max_kv": 345, "max_inferred": false, "min_inferred": false, "line_count": 9, "owners": [{"name": "ONCOR ELECTRIC DELIVERY CO.", "voltages_kv": [345, 138, 69], "miles": 0.0, "named": true}], "circuits": [{"owner": "ONCOR ELECTRIC DELIVERY CO.", "voltage_kv": 345, "miles": 0.0, "from_name": "Big Brown", "to_name": ""}, {"owner": "ONCOR ELECTRIC DELIVERY CO.", "voltage_kv": 138, "miles": 0.0, "from_name": "Big Brown", "to_name": ""}, {"owner": "ONCOR ELECTRIC DELIVERY CO.", "voltage_kv": 69, "miles": 0.0, "from_name": "Big Brown", "to_name": ""}], "source_date": "2016-01-26"}}, {"type": "Feature", "geometry": {"type": "Point", "coordinates": [-95.39547, 31.36439]}, "properties": {"id": "307364", "name": "Crockett", "type": "Substation", "status": "In service", "city": "Crockett", "county": "Houston", "state": "Texas", "min_kv": 69, "max_kv": 345, "max_inferred": true, "min_inferred": true, "line_count": 2, "owners": [{"name": "ENTERGY TEXAS INC.", "voltages_kv": [345], "miles": 0.0, "named": false}, {"name": "NOT AVAILABLE", "voltages_kv": [345], "miles": 0.0, "named": false}, {"name": "ONCOR ELECTRIC DELIVERY CO.", "voltages_kv": [138], "miles": 0.14, "named": false}], "circuits": [], "source_date": "2015-08-27"}}, {"type": "Feature", "geometry": {"type": "Point", "coordinates": [-95.94928, 32.23471]}, "properties": {"id": "310213", "name": "Forest Grove", "type": "Substation", "status": "In service", "city": "Log Cabin", "county": "Henderson", "state": "Texas", "min_kv": 69, "max_kv": 345, "max_inferred": true, "min_inferred": true, "line_count": 3, "owners": [{"name": "ONCOR ELECTRIC DELIVERY CO.", "voltages_kv": [345, 138], "miles": 0.0, "named": false}], "circuits": [{"owner": "ONCOR ELECTRIC DELIVERY CO.", "voltage_kv": 345, "miles": 0.0, "from_name": "Trinidad", "to_name": ""}], "source_date": "2017-01-18"}}, {"type": "Feature", "geometry": {"type": "Point", "coordinates": [-96.1328, 31.37132]}, "properties": {"id": "303445", "name": "Jewett", "type": "Substation", "status": "In service", "city": "Jewett", "county": "Leon", "state": "Texas", "min_kv": 69, "max_kv": 345, "max_inferred": false, "min_inferred": false, "line_count": 13, "owners": [{"name": "ENTERGY TEXAS INC.", "voltages_kv": [345], "miles": 0.0, "named": false}, {"name": "NAVASOTA VALLEY ELEC COOP, INC", "voltages_kv": [345], "miles": 0.0, "named": false}, {"name": "ONCOR ELECTRIC DELIVERY CO.", "voltages_kv": [345, 69], "miles": 0.0, "named": false}], "circuits": [{"owner": "NAVASOTA VALLEY ELEC COOP, INC", "voltage_kv": 345, "miles": 0.0, "from_name": "Twin Oak", "to_name": ""}, {"owner": "ENTERGY TEXAS INC.", "voltage_kv": 345, "miles": 0.0, "from_name": "Singleton", "to_name": ""}, {"owner": "ONCOR ELECTRIC DELIVERY CO.", "voltage_kv": 345, "miles": 0.0, "from_name": "Big Brown", "to_name": ""}], "source_date": "2016-12-21"}}, {"type": "Feature", "geometry": {"type": "Point", "coordinates": [-96.11335, 31.89015]}, "properties": {"id": "302920", "name": "Richland Chambers Switching Station", "type": "Substation", "status": "In service", "city": "Cayuga", "county": "Freestone", "state": "Texas", "min_kv": 69, "max_kv": 345, "max_inferred": false, "min_inferred": false, "line_count": 6, "owners": [{"name": "ONCOR ELECTRIC DELIVERY CO.", "voltages_kv": [69], "miles": 0.0, "named": false}, {"name": "ONCOR ELECTRIC DELIVERY COMPANY LLC", "voltages_kv": [345], "miles": 0.0, "named": false}], "circuits": [{"owner": "ONCOR ELECTRIC DELIVERY COMPANY LLC", "voltage_kv": 345, "miles": 0.0, "from_name": "Trinidad", "to_name": ""}, {"owner": "ONCOR ELECTRIC DELIVERY CO.", "voltage_kv": 69, "miles": 0.0, "from_name": "Big Brown", "to_name": ""}], "source_date": "2016-01-27"}}, {"type": "Feature", "geometry": {"type": "Point", "coordinates": [-95.25346, 32.41989]}, "properties": {"id": "309069", "name": "Shamburger", "type": "Substation", "status": "In service", "city": "Owentown", "county": "Smith", "state": "Texas", "min_kv": 69, "max_kv": 345, "max_inferred": true, "min_inferred": true, "line_count": 5, "owners": [{"name": "ONCOR ELECTRIC DELIVERY CO.", "voltages_kv": [345, 69], "miles": 0.0, "named": true}], "circuits": [{"owner": "ONCOR ELECTRIC DELIVERY CO.", "voltage_kv": 345, "miles": 0.0, "from_name": "Shamburger", "to_name": "Royse"}, {"owner": "ONCOR ELECTRIC DELIVERY CO.", "voltage_kv": 345, "miles": 0.0, "from_name": "", "to_name": "Shamburger"}, {"owner": "ONCOR ELECTRIC DELIVERY CO.", "voltage_kv": 69, "miles": 0.0, "from_name": "Shamburger", "to_name": ""}], "source_date": "2016-01-26"}}, {"type": "Feature", "geometry": {"type": "Point", "coordinates": [-94.99326, 31.93778]}, "properties": {"id": "300844", "name": "Stryker Creek", "type": "Substation", "status": "In service", "city": "Reklaw", "county": "Cherokee", "state": "Texas", "min_kv": 69, "max_kv": 345, "max_inferred": true, "min_inferred": true, "line_count": 8, "owners": [{"name": "CHEROKEE COUNTY ELEC COOP ASSN", "voltages_kv": [345, 138], "miles": 0.0, "named": true}, {"name": "ONCOR ELECTRIC DELIVERY CO.", "voltages_kv": [138], "miles": 0.0, "named": true}], "circuits": [{"owner": "CHEROKEE COUNTY ELEC COOP ASSN", "voltage_kv": 345, "miles": 0.0, "from_name": "Stryker Creek", "to_name": ""}, {"owner": "ONCOR ELECTRIC DELIVERY CO.", "voltage_kv": 138, "miles": 0.0, "from_name": "Stryker Creek", "to_name": ""}, {"owner": "CHEROKEE COUNTY ELEC COOP ASSN", "voltage_kv": 138, "miles": 0.0, "from_name": "Stryker Creek", "to_name": ""}], "source_date": "2016-01-26"}}, {"type": "Feature", "geometry": {"type": "Point", "coordinates": [-95.6165, 33.08574]}, "properties": {"id": "309426", "name": "Sulphur Springs Switching", "type": "Substation", "status": "In service", "city": "Sulphur Springs", "county": "Hopkins", "state": "Texas", "min_kv": 69, "max_kv": 345, "max_inferred": true, "min_inferred": true, "line_count": 5, "owners": [{"name": "ONCOR ELECTRIC DELIVERY CO.", "voltages_kv": [345, 138, 69], "miles": 0.0, "named": true}], "circuits": [{"owner": "ONCOR ELECTRIC DELIVERY CO.", "voltage_kv": 345, "miles": 0.0, "from_name": "Sulphur Springs Switching", "to_name": "Royse"}, {"owner": "ONCOR ELECTRIC DELIVERY CO.", "voltage_kv": 138, "miles": 0.0, "from_name": "Sulphur Springs Switching", "to_name": "Sulphur Springs"}, {"owner": "ONCOR ELECTRIC DELIVERY CO.", "voltage_kv": 69, "miles": 0.0, "from_name": "Sulphur Springs Switching", "to_name": ""}], "source_date": "2016-01-26"}}, {"type": "Feature", "geometry": {"type": "Point", "coordinates": [-96.10575, 32.12632]}, "properties": {"id": "303219", "name": "Trinidad", "type": "Substation", "status": "In service", "city": "Trinidad", "county": "Navarro", "state": "Texas", "min_kv": 69, "max_kv": 345, "max_inferred": false, "min_inferred": false, "line_count": 11, "owners": [{"name": "ONCOR ELECTRIC DELIVERY CO.", "voltages_kv": [345, 138], "miles": 0.0, "named": true}, {"name": "ONCOR ELECTRIC DELIVERY COMPANY LLC", "voltages_kv": [345], "miles": 0.0, "named": true}], "circuits": [{"owner": "ONCOR ELECTRIC DELIVERY CO.", "voltage_kv": 345, "miles": 0.0, "from_name": "Trinidad", "to_name": ""}, {"owner": "ONCOR ELECTRIC DELIVERY CO.", "voltage_kv": 345, "miles": 0.0, "from_name": "Trinidad", "to_name": "Tri-Corner"}, {"owner": "ONCOR ELECTRIC DELIVERY COMPANY LLC", "voltage_kv": 345, "miles": 0.0, "from_name": "Trinidad", "to_name": ""}], "source_date": "2016-01-26"}}, {"type": "Feature", "geometry": {"type": "Point", "coordinates": [-96.48439, 31.18553]}, "properties": {"id": "301751", "name": "Twin Oak", "type": "Substation", "status": "In service", "city": "Easterly", "county": "Robertson", "state": "Texas", "min_kv": 69, "max_kv": 345, "max_inferred": false, "min_inferred": false, "line_count": 8, "owners": [{"name": "CITY OF BRYAN - (TX)", "voltages_kv": [345, 69], "miles": 0.0, "named": true}, {"name": "ENTERGY TEXAS INC.", "voltages_kv": [345], "miles": 0.0, "named": true}, {"name": "NAVASOTA VALLEY ELEC COOP, INC", "voltages_kv": [345], "miles": 0.0, "named": true}], "circuits": [{"owner": "NAVASOTA VALLEY ELEC COOP, INC", "voltage_kv": 345, "miles": 0.0, "from_name": "Twin Oak", "to_name": ""}, {"owner": "CITY OF BRYAN - (TX)", "voltage_kv": 345, "miles": 0.0, "from_name": "Twin Oak", "to_name": ""}, {"owner": "ENTERGY TEXAS INC.", "voltage_kv": 345, "miles": 0.0, "from_name": "Twin Oak", "to_name": "Gibbons Creek"}], "source_date": "2016-01-26"}}, {"type": "Feature", "geometry": {"type": "Point", "coordinates": [-95.25772, 32.27751]}, "properties": {"id": "300127", "name": "Unnamed substation", "type": "Substation", "status": "In service", "city": "Tyler", "county": "Smith", "state": "Texas", "min_kv": 69, "max_kv": 345, "max_inferred": false, "min_inferred": false, "line_count": 7, "owners": [{"name": "ONCOR ELECTRIC DELIVERY CO.", "voltages_kv": [345, 138, 69], "miles": 0.0, "named": false}, {"name": "UPSHUR RURAL ELEC COOP CORP", "voltages_kv": [345], "miles": 0.0, "named": false}], "circuits": [], "source_date": "2016-01-26"}}, {"type": "Feature", "geometry": {"type": "Point", "coordinates": [-95.19568, 32.27667]}, "properties": {"id": "300338", "name": "Unnamed substation", "type": "Substation", "status": "In service", "city": "New Chapel Hill", "county": "Smith", "state": "Texas", "min_kv": 69, "max_kv": 345, "max_inferred": true, "min_inferred": true, "line_count": 1, "owners": [{"name": "ONCOR ELECTRIC DELIVERY CO.", "voltages_kv": [345, 69], "miles": 0.0, "named": false}, {"name": "UPSHUR RURAL ELEC COOP CORP", "voltages_kv": [345], "miles": 0.05, "named": false}], "circuits": [], "source_date": "2015-08-27"}}, {"type": "Feature", "geometry": {"type": "Point", "coordinates": [-95.91416, 32.97139]}, "properties": {"id": "300444", "name": "Unnamed substation", "type": "Substation", "status": "In service", "city": "Lone Oak", "county": "Rains", "state": "Texas", "min_kv": 13.8, "max_kv": 345, "max_inferred": false, "min_inferred": false, "line_count": 1, "owners": [{"name": "ONCOR ELECTRIC DELIVERY CO.", "voltages_kv": [345, 138], "miles": 0.0, "named": false}], "circuits": [], "source_date": "2015-06-11"}}, {"type": "Feature", "geometry": {"type": "Point", "coordinates": [-95.48972, 32.03057]}, "properties": {"id": "300912", "name": "Unnamed substation", "type": "Substation", "status": "Status not published", "city": "Frankston", "county": "Anderson", "state": "Texas", "min_kv": 69, "max_kv": 345, "max_inferred": true, "min_inferred": true, "line_count": 1, "owners": [], "circuits": [], "source_date": "2015-06-11"}}, {"type": "Feature", "geometry": {"type": "Point", "coordinates": [-96.28208, 31.38417]}, "properties": {"id": "300018", "name": "Unnamed substation", "type": "Substation", "status": "Status not published", "city": "Farrar", "county": "Leon", "state": "Texas", "min_kv": 69, "max_kv": 345, "max_inferred": true, "min_inferred": true, "line_count": 0, "owners": [{"name": "NAVASOTA VALLEY ELEC COOP, INC", "voltages_kv": [345], "miles": 0.03, "named": false}, {"name": "ONCOR ELECTRIC DELIVERY CO.", "voltages_kv": [345], "miles": 0.03, "named": false}], "circuits": [{"owner": "NAVASOTA VALLEY ELEC COOP, INC", "voltage_kv": 345, "miles": 0.03, "from_name": "Twin Oak", "to_name": ""}], "source_date": "2015-08-27"}}, {"type": "Feature", "geometry": {"type": "Point", "coordinates": [-95.40642, 32.31793]}, "properties": {"id": "302179", "name": "Unnamed substation", "type": "Substation", "status": "Status not published", "city": "Chandler", "county": "Smith", "state": "Texas", "min_kv": 69, "max_kv": 345, "max_inferred": true, "min_inferred": true, "line_count": 0, "owners": [{"name": "ONCOR ELECTRIC DELIVERY CO.", "voltages_kv": [345], "miles": 0.04, "named": false}], "circuits": [{"owner": "ONCOR ELECTRIC DELIVERY CO.", "voltage_kv": 345, "miles": 0.04, "from_name": "Tri-Corner", "to_name": ""}], "source_date": "2015-06-11"}}, {"type": "Feature", "geometry": {"type": "Point", "coordinates": [-95.96599, 32.92362]}, "properties": {"id": "302230", "name": "Unnamed substation", "type": "Substation", "status": "In service", "city": "East Tawakoni", "county": "Rains", "state": "Texas", "min_kv": 69, "max_kv": 345, "max_inferred": false, "min_inferred": false, "line_count": 1, "owners": [{"name": "ONCOR ELECTRIC DELIVERY CO.", "voltages_kv": [345], "miles": 0.0, "named": false}], "circuits": [], "source_date": "2015-08-13"}}, {"type": "Feature", "geometry": {"type": "Point", "coordinates": [-94.72317, 32.84413]}, "properties": {"id": "305546", "name": "Unnamed substation", "type": "Substation", "status": "In service", "city": "Ore City", "county": "Upshur", "state": "Texas", "min_kv": null, "max_kv": 345, "max_inferred": true, "min_inferred": false, "line_count": 4, "owners": [{"name": "UPSHUR RURAL ELEC COOP CORP", "voltages_kv": [345], "miles": 0.26, "named": false}], "circuits": [], "source_date": "2018-07-03"}}, {"type": "Feature", "geometry": {"type": "Point", "coordinates": [-96.13488, 31.37042]}, "properties": {"id": "303699", "name": "Unnamed substation", "type": "Substation", "status": "In service", "city": "Jewett", "county": "Leon", "state": "Texas", "min_kv": null, "max_kv": 345, "max_inferred": true, "min_inferred": false, "line_count": 0, "owners": [{"name": "NAVASOTA VALLEY ELEC COOP, INC", "voltages_kv": [345], "miles": 0.04, "named": false}, {"name": "ONCOR ELECTRIC DELIVERY CO.", "voltages_kv": [345, 69], "miles": 0.06, "named": false}, {"name": "ENTERGY TEXAS INC.", "voltages_kv": [345], "miles": 0.13, "named": false}], "circuits": [{"owner": "NAVASOTA VALLEY ELEC COOP, INC", "voltage_kv": 345, "miles": 0.04, "from_name": "Twin Oak", "to_name": ""}, {"owner": "ENTERGY TEXAS INC.", "voltage_kv": 345, "miles": 0.13, "from_name": "Singleton", "to_name": ""}, {"owner": "ONCOR ELECTRIC DELIVERY CO.", "voltage_kv": 345, "miles": 0.14, "from_name": "Big Brown", "to_name": ""}], "source_date": "2018-09-28"}}, {"type": "Feature", "geometry": {"type": "Point", "coordinates": [-96.20628, 31.37699]}, "properties": {"id": "306911", "name": "Unnamed substation", "type": "Substation", "status": "Status not published", "city": "Jewett", "county": "Leon", "state": "Texas", "min_kv": 69, "max_kv": 345, "max_inferred": true, "min_inferred": true, "line_count": 0, "owners": [{"name": "ONCOR ELECTRIC DELIVERY CO.", "voltages_kv": [345, 69], "miles": 0.0, "named": false}, {"name": "NAVASOTA VALLEY ELEC COOP, INC", "voltages_kv": [345], "miles": 0.03, "named": false}], "circuits": [{"owner": "NAVASOTA VALLEY ELEC COOP, INC", "voltage_kv": 345, "miles": 0.03, "from_name": "Twin Oak", "to_name": ""}], "source_date": "2015-08-27"}}, {"type": "Feature", "geometry": {"type": "Point", "coordinates": [-95.60339, 32.05472]}, "properties": {"id": "307053", "name": "Unnamed substation", "type": "Substation", "status": "Status not published", "city": "Poynor", "county": "Anderson", "state": "Texas", "min_kv": 69, "max_kv": 345, "max_inferred": true, "min_inferred": true, "line_count": 1, "owners": [], "circuits": [], "source_date": "2015-06-11"}}, {"type": "Feature", "geometry": {"type": "Point", "coordinates": [-95.34644, 32.27986]}, "properties": {"id": "306553", "name": "Unnamed substation", "type": "Substation", "status": "In service", "city": "Tyler", "county": "Smith", "state": "Texas", "min_kv": 69, "max_kv": 345, "max_inferred": false, "min_inferred": false, "line_count": 8, "owners": [{"name": "ONCOR ELECTRIC DELIVERY CO.", "voltages_kv": [345, 138, 69], "miles": 0.0, "named": false}], "circuits": [{"owner": "ONCOR ELECTRIC DELIVERY CO.", "voltage_kv": 345, "miles": 0.0, "from_name": "Tri-Corner", "to_name": ""}], "source_date": "2016-01-26"}}, {"type": "Feature", "geometry": {"type": "Point", "coordinates": [-95.30736, 32.27966]}, "properties": {"id": "306304", "name": "Unnamed substation", "type": "Substation", "status": "Status not published", "city": "Tyler", "county": "Smith", "state": "Texas", "min_kv": 69, "max_kv": 345, "max_inferred": true, "min_inferred": true, "line_count": 1, "owners": [{"name": "ONCOR ELECTRIC DELIVERY CO.", "voltages_kv": [138, 69], "miles": 0.0, "named": false}], "circuits": [], "source_date": "2015-08-27"}}, {"type": "Feature", "geometry": {"type": "Point", "coordinates": [-96.51831, 31.96397]}, "properties": {"id": "306657", "name": "Unnamed substation", "type": "Substation", "status": "In service", "city": "Corbet", "county": "Navarro", "state": "Texas", "min_kv": 69, "max_kv": 345, "max_inferred": false, "min_inferred": false, "line_count": 9, "owners": [{"name": "ONCOR ELECTRIC DELIVERY CO.", "voltages_kv": [345, 138], "miles": 0.0, "named": false}, {"name": "ONCOR ELECTRIC DELIVERY COMPANY LLC", "voltages_kv": [345], "miles": 0.0, "named": false}], "circuits": [{"owner": "ONCOR ELECTRIC DELIVERY CO.", "voltage_kv": 345, "miles": 0.0, "from_name": "Big Brown", "to_name": ""}], "source_date": "2016-01-27"}}, {"type": "Feature", "geometry": {"type": "Point", "coordinates": [-96.10265, 32.12785]}, "properties": {"id": "306808", "name": "Unnamed substation", "type": "Substation", "status": "In service", "city": "Trinidad", "county": "Navarro", "state": "Texas", "min_kv": null, "max_kv": 345, "max_inferred": true, "min_inferred": false, "line_count": 0, "owners": [{"name": "ONCOR ELECTRIC DELIVERY CO.", "voltages_kv": [345, 138], "miles": 0.14, "named": false}, {"name": "ONCOR ELECTRIC DELIVERY COMPANY LLC", "voltages_kv": [345], "miles": 0.21, "named": false}], "circuits": [{"owner": "ONCOR ELECTRIC DELIVERY CO.", "voltage_kv": 345, "miles": 0.14, "from_name": "Trinidad", "to_name": ""}, {"owner": "ONCOR ELECTRIC DELIVERY CO.", "voltage_kv": 138, "miles": 0.14, "from_name": "Trinidad", "to_name": ""}, {"owner": "ONCOR ELECTRIC DELIVERY CO.", "voltage_kv": 345, "miles": 0.17, "from_name": "Trinidad", "to_name": "Tri-Corner"}], "source_date": "2018-10-11"}}, {"type": "Feature", "geometry": {"type": "Point", "coordinates": [-94.76861, 31.37015]}, "properties": {"id": "308721", "name": "Unnamed substation", "type": "Substation", "status": "In service", "city": "Keltys", "county": "Angelina", "state": "Texas", "min_kv": 69, "max_kv": 345, "max_inferred": true, "min_inferred": true, "line_count": 4, "owners": [{"name": "ONCOR ELECTRIC DELIVERY CO.", "voltages_kv": [138], "miles": 0.0, "named": false}], "circuits": [], "source_date": "2016-01-26"}}, {"type": "Feature", "geometry": {"type": "Point", "coordinates": [-96.247, 31.42418]}, "properties": {"id": "308971", "name": "Unnamed substation", "type": "Substation", "status": "In service", "city": "Farrar", "county": "Limestone", "state": "Texas", "min_kv": 69, "max_kv": 345, "max_inferred": false, "min_inferred": false, "line_count": 8, "owners": [{"name": "NAVASOTA VALLEY ELEC COOP, INC", "voltages_kv": [345], "miles": 0.0, "named": false}, {"name": "ONCOR ELECTRIC DELIVERY CO.", "voltages_kv": [345, 138, 69], "miles": 0.0, "named": false}], "circuits": [{"owner": "NAVASOTA VALLEY ELEC COOP, INC", "voltage_kv": 345, "miles": 0.0, "from_name": "Twin Oak", "to_name": ""}], "source_date": "2016-01-26"}}, {"type": "Feature", "geometry": {"type": "Point", "coordinates": [-95.27925, 32.95858]}, "properties": {"id": "307813", "name": "Unnamed substation", "type": "Substation", "status": "In service", "city": "Winnsboro", "county": "Wood", "state": "Texas", "min_kv": 13.8, "max_kv": 345, "max_inferred": true, "min_inferred": true, "line_count": 4, "owners": [{"name": "FARMERS ELECTRIC COOP, INC - (TX)", "voltages_kv": [138], "miles": 0.0, "named": false}], "circuits": [], "source_date": "2015-08-24"}}, {"type": "Feature", "geometry": {"type": "Point", "coordinates": [-94.73889, 31.36926]}, "properties": {"id": "308447", "name": "Unnamed substation", "type": "Substation", "status": "Status not published", "city": "Lufkin", "county": "Angelina", "state": "Texas", "min_kv": 69, "max_kv": 345, "max_inferred": false, "min_inferred": false, "line_count": 0, "owners": [{"name": "ONCOR ELECTRIC DELIVERY CO.", "voltages_kv": [138], "miles": 0.08, "named": false}], "circuits": [], "source_date": "2015-08-27"}}, {"type": "Feature", "geometry": {"type": "Point", "coordinates": [-96.5245, 31.16668]}, "properties": {"id": "310276", "name": "Unnamed substation", "type": "Substation", "status": "Status not published", "city": "Franklin", "county": "Robertson", "state": "Texas", "min_kv": 69, "max_kv": 345, "max_inferred": true, "min_inferred": true, "line_count": 2, "owners": [{"name": "NOT AVAILABLE", "voltages_kv": [138], "miles": 0.0, "named": false}], "circuits": [], "source_date": "2015-06-11"}}, {"type": "Feature", "geometry": {"type": "Point", "coordinates": [-96.39538, 31.77751]}, "properties": {"id": "310410", "name": "Unnamed substation", "type": "Substation", "status": "In service", "city": "Wortham", "county": "Freestone", "state": "Texas", "min_kv": null, "max_kv": 345, "max_inferred": true, "min_inferred": false, "line_count": 1, "owners": [{"name": "ONCOR ELECTRIC DELIVERY CO.", "voltages_kv": [345, 69], "miles": 0.0, "named": false}], "circuits": [], "source_date": "2018-07-03"}}, {"type": "Feature", "geometry": {"type": "Point", "coordinates": [-95.21593, 32.18581]}, "properties": {"id": "309937", "name": "Unnamed substation", "type": "Substation", "status": "In service", "city": "Whitehouse", "county": "Smith", "state": "Texas", "min_kv": 69, "max_kv": 345, "max_inferred": false, "min_inferred": false, "line_count": 1, "owners": [{"name": "ONCOR ELECTRIC DELIVERY CO.", "voltages_kv": [345, 69], "miles": 0.0, "named": false}], "circuits": [], "source_date": "2015-08-07"}}, {"type": "Feature", "geometry": {"type": "Point", "coordinates": [-94.73556, 31.32749]}, "properties": {"id": "310052", "name": "Unnamed substation", "type": "Substation", "status": "Status not published", "city": "Lufkin", "county": "Angelina", "state": "Texas", "min_kv": 69, "max_kv": 345, "max_inferred": true, "min_inferred": true, "line_count": 0, "owners": [], "circuits": [], "source_date": "2015-08-27"}}, {"type": "Feature", "geometry": {"type": "Point", "coordinates": [-96.44382, 31.85194]}, "properties": {"id": "305281", "name": "Unnamed tap", "type": "Tap", "status": "In service", "city": "Richland", "county": "Navarro", "state": "Texas", "min_kv": null, "max_kv": 345, "max_inferred": true, "min_inferred": false, "line_count": 3, "owners": [{"name": "ONCOR ELECTRIC DELIVERY CO.", "voltages_kv": [345, 69], "miles": 0.0, "named": false}], "circuits": [], "source_date": "2018-08-06"}}, {"type": "Feature", "geometry": {"type": "Point", "coordinates": [-96.44392, 32.07751]}, "properties": {"id": "308559", "name": "Unnamed substation", "type": "Substation", "status": "In service", "city": "Corsicana", "county": "Navarro", "state": "Texas", "min_kv": null, "max_kv": 161, "max_inferred": true, "min_inferred": false, "line_count": 2, "owners": [{"name": "ONCOR ELECTRIC DELIVERY CO.", "voltages_kv": [161, 69], "miles": 0.0, "named": false}], "circuits": [], "source_date": "2018-08-06"}}, {"type": "Feature", "geometry": {"type": "Point", "coordinates": [-96.46375, 32.07196]}, "properties": {"id": "309498", "name": "Unnamed substation", "type": "Substation", "status": "In service", "city": "Retreat", "county": "Navarro", "state": "Texas", "min_kv": null, "max_kv": 161, "max_inferred": true, "min_inferred": false, "line_count": 1, "owners": [{"name": "ONCOR ELECTRIC DELIVERY CO.", "voltages_kv": [161], "miles": 0.0, "named": false}], "circuits": [], "source_date": "2018-08-06"}}, {"type": "Feature", "geometry": {"type": "Point", "coordinates": [-96.44578, 32.05344]}, "properties": {"id": "302599", "name": "Unnamed tap", "type": "Tap", "status": "In service", "city": "Corsicana", "county": "Navarro", "state": "Texas", "min_kv": null, "max_kv": 161, "max_inferred": true, "min_inferred": false, "line_count": 3, "owners": [{"name": "ONCOR ELECTRIC DELIVERY CO.", "voltages_kv": [161, 138], "miles": 0.0, "named": false}], "circuits": [], "source_date": "2018-10-16"}}, {"type": "Feature", "geometry": {"type": "Point", "coordinates": [-96.16331, 31.35245]}, "properties": {"id": "308811", "name": "Nucor", "type": "Substation", "status": "Status not published", "city": "Jewett", "county": "Leon", "state": "Texas", "min_kv": 69, "max_kv": 138, "max_inferred": true, "min_inferred": true, "line_count": 1, "owners": [], "circuits": [], "source_date": "2016-11-28"}}, {"type": "Feature", "geometry": {"type": "Point", "coordinates": [-96.6728, 30.9747]}, "properties": {"id": "300102", "name": "Unnamed substation", "type": "Substation", "status": "Status not published", "city": "Calvert", "county": "Robertson", "state": "Texas", "min_kv": null, "max_kv": 138, "max_inferred": true, "min_inferred": false, "line_count": 1, "owners": [{"name": "NOT AVAILABLE", "voltages_kv": [69], "miles": 0.0, "named": false}], "circuits": [], "source_date": "2018-01-08"}}, {"type": "Feature", "geometry": {"type": "Point", "coordinates": [-96.48901, 31.27866]}, "properties": {"id": "300171", "name": "Unnamed substation", "type": "Substation", "status": "Status not published", "city": "Kosse", "county": "Limestone", "state": "Texas", "min_kv": null, "max_kv": 138, "max_inferred": true, "min_inferred": false, "line_count": 0, "owners": [], "circuits": [], "source_date": "2018-01-24"}}, {"type": "Feature", "geometry": {"type": "Point", "coordinates": [-96.00275, 32.26678]}, "properties": {"id": "300269", "name": "Unnamed substation", "type": "Substation", "status": "Status not published", "city": "Eustace", "county": "Henderson", "state": "Texas", "min_kv": null, "max_kv": 138, "max_inferred": true, "min_inferred": false, "line_count": 2, "owners": [{"name": "NOT AVAILABLE", "voltages_kv": [138], "miles": 0.0, "named": false}, {"name": "ONCOR ELECTRIC DELIVERY CO.", "voltages_kv": [138], "miles": 0.0, "named": false}], "circuits": [], "source_date": "2018-01-08"}}, {"type": "Feature", "geometry": {"type": "Point", "coordinates": [-95.9971, 32.61642]}, "properties": {"id": "300320", "name": "Unnamed substation", "type": "Substation", "status": "In service", "city": "Wills Point", "county": "Van Zandt", "state": "Texas", "min_kv": null, "max_kv": 138, "max_inferred": true, "min_inferred": false, "line_count": 2, "owners": [{"name": "ONCOR ELECTRIC DELIVERY CO.", "voltages_kv": [138], "miles": 0.0, "named": false}], "circuits": [], "source_date": "2018-07-03"}}, {"type": "Feature", "geometry": {"type": "Point", "coordinates": [-95.29336, 31.87637]}, "properties": {"id": "300356", "name": "Unnamed substation", "type": "Substation", "status": "In service", "city": "Jacksonville", "county": "Cherokee", "state": "Texas", "min_kv": 138, "max_kv": 138, "max_inferred": true, "min_inferred": true, "line_count": 2, "owners": [], "circuits": [], "source_date": "2018-10-22"}}, {"type": "Feature", "geometry": {"type": "Point", "coordinates": [-94.6794, 31.35832]}, "properties": {"id": "300452", "name": "Unnamed substation", "type": "Substation", "status": "In service", "city": "Lufkin", "county": "Angelina", "state": "Texas", "min_kv": 138, "max_kv": 138, "max_inferred": true, "min_inferred": true, "line_count": 1, "owners": [{"name": "ONCOR ELECTRIC DELIVERY CO.", "voltages_kv": [138], "miles": 0.08, "named": false}], "circuits": [], "source_date": "2017-12-22"}}, {"type": "Feature", "geometry": {"type": "Point", "coordinates": [-95.72568, 32.47238]}, "properties": {"id": "301445", "name": "Unnamed substation", "type": "Substation", "status": "Status not published", "city": "Ben Wheeler", "county": "Van Zandt", "state": "Texas", "min_kv": null, "max_kv": 138, "max_inferred": true, "min_inferred": false, "line_count": 2, "owners": [{"name": "ONCOR ELECTRIC DELIVERY CO.", "voltages_kv": [138], "miles": 0.0, "named": false}], "circuits": [], "source_date": "2018-01-04"}}, {"type": "Feature", "geometry": {"type": "Point", "coordinates": [-95.51436, 31.82112]}, "properties": {"id": "300481", "name": "Unnamed substation", "type": "Substation", "status": "In service", "city": "Neches", "county": "Anderson", "state": "Texas", "min_kv": 69, "max_kv": 138, "max_inferred": true, "min_inferred": true, "line_count": 2, "owners": [], "circuits": [], "source_date": "2015-10-12"}}, {"type": "Feature", "geometry": {"type": "Point", "coordinates": [-95.82793, 33.12124]}, "properties": {"id": "300897", "name": "Unnamed substation", "type": "Substation", "status": "In service", "city": "Cumby", "county": "Hopkins", "state": "Texas", "min_kv": 69, "max_kv": 138, "max_inferred": true, "min_inferred": true, "line_count": 2, "owners": [{"name": "ONCOR ELECTRIC DELIVERY CO.", "voltages_kv": [138, 69], "miles": 0.0, "named": false}], "circuits": [], "source_date": "2015-06-15"}}, {"type": "Feature", "geometry": {"type": "Point", "coordinates": [-95.27007, 32.53282]}, "properties": {"id": "301033", "name": "Unnamed substation", "type": "Substation", "status": "In service", "city": "Hawkins", "county": "Smith", "state": "Texas", "min_kv": 69, "max_kv": 138, "max_inferred": true, "min_inferred": true, "line_count": 2, "owners": [{"name": "ONCOR ELECTRIC DELIVERY CO.", "voltages_kv": [138], "miles": 0.0, "named": false}, {"name": "UPSHUR RURAL ELEC COOP CORP", "voltages_kv": [69], "miles": 0.0, "named": false}], "circuits": [], "source_date": "2015-08-21"}}, {"type": "Feature", "geometry": {"type": "Point", "coordinates": [-95.47711, 31.37085]}, "properties": {"id": "301167", "name": "Unnamed substation", "type": "Substation", "status": "Status not published", "city": "Crockett", "county": "Houston", "state": "Texas", "min_kv": null, "max_kv": 138, "max_inferred": true, "min_inferred": false, "line_count": 1, "owners": [{"name": "ONCOR ELECTRIC DELIVERY CO.", "voltages_kv": [138, 69], "miles": 0.0, "named": false}], "circuits": [], "source_date": "2018-01-08"}}, {"type": "Feature", "geometry": {"type": "Point", "coordinates": [-96.49215, 31.04207]}, "properties": {"id": "301477", "name": "Unnamed substation", "type": "Substation", "status": "In service", "city": "Franklin", "county": "Robertson", "state": "Texas", "min_kv": 69, "max_kv": 138, "max_inferred": false, "min_inferred": false, "line_count": 1, "owners": [], "circuits": [], "source_date": "2017-05-10"}}, {"type": "Feature", "geometry": {"type": "Point", "coordinates": [-95.83068, 31.74767]}, "properties": {"id": "301584", "name": "Unnamed substation", "type": "Substation", "status": "In service", "city": "Harmony", "county": "Anderson", "state": "Texas", "min_kv": 69, "max_kv": 138, "max_inferred": true, "min_inferred": true, "line_count": 2, "owners": [{"name": "ONCOR ELECTRIC DELIVERY CO.", "voltages_kv": [138], "miles": 0.0, "named": false}], "circuits": [], "source_date": "2015-06-11"}}, {"type": "Feature", "geometry": {"type": "Point", "coordinates": [-95.86499, 32.69786]}, "properties": {"id": "300613", "name": "Unnamed substation", "type": "Substation", "status": "Status not published", "city": "Edgewood", "county": "Van Zandt", "state": "Texas", "min_kv": null, "max_kv": 138, "max_inferred": true, "min_inferred": false, "line_count": 3, "owners": [{"name": "ONCOR ELECTRIC DELIVERY CO.", "voltages_kv": [138], "miles": 0.0, "named": false}], "circuits": [], "source_date": "2018-08-06"}}, {"type": "Feature", "geometry": {"type": "Point", "coordinates": [-94.99863, 33.02878]}, "properties": {"id": "301665", "name": "Unnamed substation", "type": "Substation", "status": "In service", "city": "Rocky Mound", "county": "Camp", "state": "Texas", "min_kv": 13.8, "max_kv": 138, "max_inferred": true, "min_inferred": true, "line_count": 1, "owners": [{"name": "UPSHUR RURAL ELEC COOP CORP", "voltages_kv": [138], "miles": 0.0, "named": false}], "circuits": [], "source_date": "2015-08-24"}}, {"type": "Feature", "geometry": {"type": "Point", "coordinates": [-96.20613, 32.04129]}, "properties": {"id": "300703", "name": "Unnamed substation", "type": "Substation", "status": "In service", "city": "Kerens", "county": "Navarro", "state": "Texas", "min_kv": null, "max_kv": 138, "max_inferred": true, "min_inferred": false, "line_count": 1, "owners": [{"name": "ONCOR ELECTRIC DELIVERY CO.", "voltages_kv": [138], "miles": 0.0, "named": false}], "circuits": [], "source_date": "2018-10-16"}}, {"type": "Feature", "geometry": {"type": "Point", "coordinates": [-95.29544, 32.30547]}, "properties": {"id": "300711", "name": "Unnamed substation", "type": "Substation", "status": "Status not published", "city": "Tyler", "county": "Smith", "state": "Texas", "min_kv": null, "max_kv": 138, "max_inferred": true, "min_inferred": false, "line_count": 1, "owners": [{"name": "ONCOR ELECTRIC DELIVERY CO.", "voltages_kv": [138], "miles": 0.0, "named": false}], "circuits": [], "source_date": "2017-12-22"}}, {"type": "Feature", "geometry": {"type": "Point", "coordinates": [-96.03048, 32.47895]}, "properties": {"id": "300798", "name": "Unnamed substation", "type": "Substation", "status": "Status not published", "city": "Canton", "county": "Van Zandt", "state": "Texas", "min_kv": null, "max_kv": 138, "max_inferred": true, "min_inferred": false, "line_count": 3, "owners": [{"name": "ONCOR ELECTRIC DELIVERY CO.", "voltages_kv": [138], "miles": 0.0, "named": false}], "circuits": [], "source_date": "2018-01-30"}}, {"type": "Feature", "geometry": {"type": "Point", "coordinates": [-95.70655, 31.65207]}, "properties": {"id": "300802", "name": "Unnamed substation", "type": "Substation", "status": "In service", "city": "Tucker", "county": "Anderson", "state": "Texas", "min_kv": 69, "max_kv": 138, "max_inferred": true, "min_inferred": true, "line_count": 3, "owners": [], "circuits": [], "source_date": "2015-06-11"}}, {"type": "Feature", "geometry": {"type": "Point", "coordinates": [-96.22221, 31.08005]}, "properties": {"id": "300855", "name": "Unnamed substation", "type": "Substation", "status": "In service", "city": "Normangee", "county": "Leon", "state": "Texas", "min_kv": 69, "max_kv": 138, "max_inferred": true, "min_inferred": true, "line_count": 3, "owners": [], "circuits": [], "source_date": "2015-06-11"}}, {"type": "Feature", "geometry": {"type": "Point", "coordinates": [-95.47599, 31.78343]}, "properties": {"id": "300861", "name": "Unnamed substation", "type": "Substation", "status": "In service", "city": "Neches", "county": "Anderson", "state": "Texas", "min_kv": 69, "max_kv": 138, "max_inferred": true, "min_inferred": true, "line_count": 2, "owners": [], "circuits": [], "source_date": "2015-08-27"}}, {"type": "Feature", "geometry": {"type": "Point", "coordinates": [-95.90607, 31.66544]}, "properties": {"id": "302983", "name": "Unnamed substation", "type": "Substation", "status": "Status not published", "city": "Oakwood", "county": "Freestone", "state": "Texas", "min_kv": null, "max_kv": 138, "max_inferred": true, "min_inferred": false, "line_count": 1, "owners": [{"name": "ONCOR ELECTRIC DELIVERY CO.", "voltages_kv": [138], "miles": 0.0, "named": false}], "circuits": [], "source_date": "2017-12-22"}}, {"type": "Feature", "geometry": {"type": "Point", "coordinates": [-95.9858, 32.77667]}, "properties": {"id": "303065", "name": "Unnamed substation", "type": "Substation", "status": "Status not published", "city": "Wills Point", "county": "Van Zandt", "state": "Texas", "min_kv": null, "max_kv": 138, "max_inferred": true, "min_inferred": false, "line_count": 3, "owners": [{"name": "ONCOR ELECTRIC DELIVERY CO.", "voltages_kv": [345, 69], "miles": 0.0, "named": false}], "circuits": [{"owner": "ONCOR ELECTRIC DELIVERY CO.", "voltage_kv": 345, "miles": 0.44, "from_name": "Shamburger", "to_name": "Royse"}], "source_date": "2018-09-25"}}, {"type": "Feature", "geometry": {"type": "Point", "coordinates": [-96.62587, 30.88414]}, "properties": {"id": "303122", "name": "Unnamed substation", "type": "Substation", "status": "In service", "city": "Hearne", "county": "Robertson", "state": "Texas", "min_kv": 69, "max_kv": 138, "max_inferred": false, "min_inferred": false, "line_count": 4, "owners": [{"name": "CITY OF BRYAN - (TX)", "voltages_kv": [138], "miles": 0.0, "named": false}, {"name": "ONCOR ELECTRIC DELIVERY COMPANY LLC", "voltages_kv": [138], "miles": 0.0, "named": false}], "circuits": [], "source_date": "2017-05-10"}}, {"type": "Feature", "geometry": {"type": "Point", "coordinates": [-96.51687, 32.08959]}, "properties": {"id": "303187", "name": "Unnamed substation", "type": "Substation", "status": "Status not published", "city": "Corsicana", "county": "Navarro", "state": "Texas", "min_kv": null, "max_kv": 138, "max_inferred": true, "min_inferred": false, "line_count": 2, "owners": [{"name": "ONCOR ELECTRIC DELIVERY CO.", "voltages_kv": [161], "miles": 0.0, "named": false}, {"name": "NOT AVAILABLE", "voltages_kv": [69], "miles": 0.49, "named": false}], "circuits": [{"owner": "NOT AVAILABLE", "voltage_kv": 69, "miles": 0.49, "from_name": "Mertens", "to_name": ""}], "source_date": "2017-12-22"}}, {"type": "Feature", "geometry": {"type": "Point", "coordinates": [-95.26237, 31.96476]}, "properties": {"id": "303218", "name": "Unnamed substation", "type": "Substation", "status": "Status not published", "city": "Jacksonville", "county": "Cherokee", "state": "Texas", "min_kv": 69, "max_kv": 138, "max_inferred": true, "min_inferred": true, "line_count": 2, "owners": [{"name": "ONCOR ELECTRIC DELIVERY CO.", "voltages_kv": [69], "miles": 0.0, "named": false}], "circuits": [], "source_date": "2015-08-27"}}, {"type": "Feature", "geometry": {"type": "Point", "coordinates": [-95.81757, 31.92144]}, "properties": {"id": "303234", "name": "Unnamed substation", "type": "Substation", "status": "In service", "city": "Montalba", "county": "Anderson", "state": "Texas", "min_kv": 138, "max_kv": 138, "max_inferred": true, "min_inferred": true, "line_count": 1, "owners": [], "circuits": [], "source_date": "2017-12-22"}}, {"type": "Feature", "geometry": {"type": "Point", "coordinates": [-95.57919, 32.44651]}, "properties": {"id": "303247", "name": "Unnamed substation", "type": "Substation", "status": "In service", "city": "Edom", "county": "Van Zandt", "state": "Texas", "min_kv": 69, "max_kv": 138, "max_inferred": true, "min_inferred": true, "line_count": 3, "owners": [{"name": "ONCOR ELECTRIC DELIVERY CO.", "voltages_kv": [345], "miles": 0.06, "named": false}], "circuits": [{"owner": "ONCOR ELECTRIC DELIVERY CO.", "voltage_kv": 345, "miles": 0.06, "from_name": "Tri-Corner", "to_name": ""}], "source_date": "2015-08-27"}}, {"type": "Feature", "geometry": {"type": "Point", "coordinates": [-95.00676, 32.72681]}, "properties": {"id": "301684", "name": "Unnamed substation", "type": "Substation", "status": "In service", "city": "Gilmer", "county": "Upshur", "state": "Texas", "min_kv": null, "max_kv": 138, "max_inferred": true, "min_inferred": false, "line_count": 3, "owners": [], "circuits": [], "source_date": "2018-01-02"}}, {"type": "Feature", "geometry": {"type": "Point", "coordinates": [-95.19348, 32.6088]}, "properties": {"id": "301729", "name": "Unnamed substation", "type": "Substation", "status": "In service", "city": "Hawkins", "county": "Wood", "state": "Texas", "min_kv": 69, "max_kv": 138, "max_inferred": true, "min_inferred": true, "line_count": 3, "owners": [{"name": "FARMERS ELECTRIC COOP, INC - (TX)", "voltages_kv": [138], "miles": 0.0, "named": false}, {"name": "SOUTHWESTERN ELECTRIC POWER CO", "voltages_kv": [138], "miles": 0.0, "named": false}], "circuits": [], "source_date": "2015-09-11"}}, {"type": "Feature", "geometry": {"type": "Point", "coordinates": [-96.679, 31.94488]}, "properties": {"id": "301767", "name": "Unnamed substation", "type": "Substation", "status": "Status not published", "city": "Purdon", "county": "Navarro", "state": "Texas", "min_kv": null, "max_kv": 138, "max_inferred": true, "min_inferred": false, "line_count": 3, "owners": [{"name": "ONCOR ELECTRIC DELIVERY CO.", "voltages_kv": [69], "miles": 0.0, "named": false}], "circuits": [], "source_date": "2018-09-24"}}, {"type": "Feature", "geometry": {"type": "Point", "coordinates": [-95.37673, 32.84738]}, "properties": {"id": "301838", "name": "Unnamed substation", "type": "Substation", "status": "In service", "city": "Quitman", "county": "Wood", "state": "Texas", "min_kv": 69, "max_kv": 138, "max_inferred": false, "min_inferred": false, "line_count": 1, "owners": [{"name": "FARMERS ELECTRIC COOP, INC - (TX)", "voltages_kv": [138], "miles": 0.0, "named": false}], "circuits": [], "source_date": "2015-08-28"}}, {"type": "Feature", "geometry": {"type": "Point", "coordinates": [-96.47021, 32.10537]}, "properties": {"id": "302010", "name": "Unnamed substation", "type": "Substation", "status": "Status not published", "city": "Corsicana", "county": "Navarro", "state": "Texas", "min_kv": null, "max_kv": 138, "max_inferred": true, "min_inferred": false, "line_count": 5, "owners": [{"name": "NOT AVAILABLE", "voltages_kv": [69], "miles": 0.0, "named": false}, {"name": "ONCOR ELECTRIC DELIVERY CO.", "voltages_kv": [161, 69], "miles": 0.0, "named": false}], "circuits": [{"owner": "NOT AVAILABLE", "voltage_kv": 69, "miles": 0.0, "from_name": "Mertens", "to_name": ""}], "source_date": "2017-12-22"}}, {"type": "Feature", "geometry": {"type": "Point", "coordinates": [-94.68895, 31.33299]}, "properties": {"id": "302034", "name": "Unnamed substation", "type": "Substation", "status": "In service", "city": "Lufkin", "county": "Angelina", "state": "Texas", "min_kv": 138, "max_kv": 138, "max_inferred": true, "min_inferred": true, "line_count": 2, "owners": [], "circuits": [], "source_date": "2017-12-22"}}, {"type": "Feature", "geometry": {"type": "Point", "coordinates": [-95.25753, 31.981]}, "properties": {"id": "302132", "name": "Unnamed substation", "type": "Substation", "status": "In service", "city": "Jacksonville", "county": "Cherokee", "state": "Texas", "min_kv": null, "max_kv": 138, "max_inferred": true, "min_inferred": false, "line_count": 5, "owners": [{"name": "ONCOR ELECTRIC DELIVERY CO.", "voltages_kv": [69], "miles": 0.0, "named": false}], "circuits": [], "source_date": "2018-01-08"}}, {"type": "Feature", "geometry": {"type": "Point", "coordinates": [-94.74642, 31.34919]}, "properties": {"id": "302802", "name": "Unnamed substation", "type": "Substation", "status": "Status not published", "city": "Lufkin", "county": "Angelina", "state": "Texas", "min_kv": null, "max_kv": 138, "max_inferred": true, "min_inferred": false, "line_count": 0, "owners": [], "circuits": [], "source_date": "2018-01-24"}}, {"type": "Feature", "geometry": {"type": "Point", "coordinates": [-95.4027, 32.05055]}, "properties": {"id": "302150", "name": "Unnamed substation", "type": "Substation", "status": "In service", "city": "Jacksonville", "county": "Cherokee", "state": "Texas", "min_kv": null, "max_kv": 138, "max_inferred": true, "min_inferred": false, "line_count": 3, "owners": [{"name": "NOT AVAILABLE", "voltages_kv": [138], "miles": 0.0, "named": false}, {"name": "ONCOR ELECTRIC DELIVERY CO.", "voltages_kv": [138], "miles": 0.0, "named": false}], "circuits": [], "source_date": "2018-01-08"}}, {"type": "Feature", "geometry": {"type": "Point", "coordinates": [-96.64207, 31.978]}, "properties": {"id": "302243", "name": "Unnamed substation", "type": "Substation", "status": "Status not published", "city": "Purdon", "county": "Navarro", "state": "Texas", "min_kv": 69, "max_kv": 138, "max_inferred": true, "min_inferred": true, "line_count": 3, "owners": [], "circuits": [], "source_date": "2018-09-24"}}, {"type": "Feature", "geometry": {"type": "Point", "coordinates": [-96.35002, 31.91567]}, "properties": {"id": "302258", "name": "Unnamed substation", "type": "Substation", "status": "Status not published", "city": "Richland", "county": "Navarro", "state": "Texas", "min_kv": null, "max_kv": 138, "max_inferred": true, "min_inferred": false, "line_count": 1, "owners": [{"name": "ONCOR ELECTRIC DELIVERY CO.", "voltages_kv": [138], "miles": 0.0, "named": false}], "circuits": [], "source_date": "2017-12-22"}}, {"type": "Feature", "geometry": {"type": "Point", "coordinates": [-95.22528, 31.85383]}, "properties": {"id": "302286", "name": "Unnamed substation", "type": "Substation", "status": "In service", "city": "Dialville", "county": "Cherokee", "state": "Texas", "min_kv": 69, "max_kv": 138, "max_inferred": true, "min_inferred": true, "line_count": 4, "owners": [{"name": "ONCOR ELECTRIC DELIVERY CO.", "voltages_kv": [138, 69], "miles": 0.0, "named": false}], "circuits": [], "source_date": "2015-08-27"}}, {"type": "Feature", "geometry": {"type": "Point", "coordinates": [-95.71205, 32.33487]}, "properties": {"id": "302303", "name": "Unnamed substation", "type": "Substation", "status": "Status not published", "city": "Murchison", "county": "Henderson", "state": "Texas", "min_kv": null, "max_kv": 138, "max_inferred": true, "min_inferred": false, "line_count": 3, "owners": [{"name": "ONCOR ELECTRIC DELIVERY CO.", "voltages_kv": [138], "miles": 0.0, "named": false}], "circuits": [], "source_date": "2017-12-22"}}, {"type": "Feature", "geometry": {"type": "Point", "coordinates": [-94.96561, 33.05813]}, "properties": {"id": "303578", "name": "Unnamed substation", "type": "Substation", "status": "In service", "city": "Pittsburg", "county": "Camp", "state": "Texas", "min_kv": 69, "max_kv": 138, "max_inferred": true, "min_inferred": true, "line_count": 4, "owners": [{"name": "UPSHUR RURAL ELEC COOP CORP", "voltages_kv": [138], "miles": 0.0, "named": false}, {"name": "WOOD COUNTY ELECTRIC COOP, INC", "voltages_kv": [138], "miles": 0.0, "named": false}], "circuits": [], "source_date": "2015-06-11"}}, {"type": "Feature", "geometry": {"type": "Point", "coordinates": [-95.84664, 32.32885]}, "properties": {"id": "303609", "name": "Unnamed substation", "type": "Substation", "status": "Status not published", "city": "Athens", "county": "Henderson", "state": "Texas", "min_kv": null, "max_kv": 138, "max_inferred": true, "min_inferred": false, "line_count": 3, "owners": [{"name": "ONCOR ELECTRIC DELIVERY CO.", "voltages_kv": [138], "miles": 0.0, "named": false}], "circuits": [], "source_date": "2018-01-02"}}, {"type": "Feature", "geometry": {"type": "Point", "coordinates": [-96.68704, 31.50331]}, "properties": {"id": "302410", "name": "Unnamed substation", "type": "Substation", "status": "In service", "city": "Groesbeck", "county": "Limestone", "state": "Texas", "min_kv": null, "max_kv": 138, "max_inferred": true, "min_inferred": false, "line_count": 4, "owners": [{"name": "ONCOR ELECTRIC DELIVERY CO.", "voltages_kv": [138], "miles": 0.0, "named": false}], "circuits": [], "source_date": "2018-09-24"}}, {"type": "Feature", "geometry": {"type": "Point", "coordinates": [-96.18072, 31.71014]}, "properties": {"id": "305519", "name": "Unnamed substation", "type": "Substation", "status": "Status not published", "city": "Fairfield", "county": "Freestone", "state": "Texas", "min_kv": null, "max_kv": 138, "max_inferred": true, "min_inferred": false, "line_count": 3, "owners": [{"name": "ONCOR ELECTRIC DELIVERY CO.", "voltages_kv": [115, 69], "miles": 0.0, "named": false}], "circuits": [], "source_date": "2018-01-04"}}, {"type": "Feature", "geometry": {"type": "Point", "coordinates": [-95.48459, 32.8092]}, "properties": {"id": "304079", "name": "Unnamed substation", "type": "Substation", "status": "In service", "city": "Quitman", "county": "Wood", "state": "Texas", "min_kv": 69, "max_kv": 138, "max_inferred": true, "min_inferred": true, "line_count": 2, "owners": [{"name": "FARMERS ELECTRIC COOP, INC - (TX)", "voltages_kv": [138], "miles": 0.0, "named": false}], "circuits": [], "source_date": "2017-12-22"}}, {"type": "Feature", "geometry": {"type": "Point", "coordinates": [-95.10575, 32.58883]}, "properties": {"id": "303719", "name": "Unnamed substation", "type": "Substation", "status": "In service", "city": "Big Sandy", "county": "Upshur", "state": "Texas", "min_kv": 69, "max_kv": 138, "max_inferred": true, "min_inferred": true, "line_count": 2, "owners": [], "circuits": [], "source_date": "2015-06-11"}}, {"type": "Feature", "geometry": {"type": "Point", "coordinates": [-96.07383, 30.91978]}, "properties": {"id": "303748", "name": "Unnamed substation", "type": "Substation", "status": "In service", "city": "North Zulch", "county": "Madison", "state": "Texas", "min_kv": 69, "max_kv": 138, "max_inferred": true, "min_inferred": true, "line_count": 2, "owners": [], "circuits": [], "source_date": "2015-08-27"}}, {"type": "Feature", "geometry": {"type": "Point", "coordinates": [-96.10464, 32.35731]}, "properties": {"id": "304953", "name": "Unnamed substation", "type": "Substation", "status": "Status not published", "city": "Mabank", "county": "Henderson", "state": "Texas", "min_kv": null, "max_kv": 138, "max_inferred": true, "min_inferred": false, "line_count": 2, "owners": [{"name": "NOT AVAILABLE", "voltages_kv": [138], "miles": 0.0, "named": false}, {"name": "ONCOR ELECTRIC DELIVERY CO.", "voltages_kv": [138], "miles": 0.0, "named": false}], "circuits": [], "source_date": "2018-01-04"}}, {"type": "Feature", "geometry": {"type": "Point", "coordinates": [-95.68739, 31.46013]}, "properties": {"id": "304535", "name": "Unnamed substation", "type": "Substation", "status": "In service", "city": "Grapeland", "county": "Houston", "state": "Texas", "min_kv": 138, "max_kv": 138, "max_inferred": true, "min_inferred": true, "line_count": 1, "owners": [], "circuits": [], "source_date": "2017-12-22"}}, {"type": "Feature", "geometry": {"type": "Point", "coordinates": [-95.47374, 32.68917]}, "properties": {"id": "304151", "name": "Unnamed substation", "type": "Substation", "status": "In service", "city": "Mineola", "county": "Wood", "state": "Texas", "min_kv": 13.8, "max_kv": 138, "max_inferred": false, "min_inferred": false, "line_count": 5, "owners": [{"name": "FARMERS ELECTRIC COOP, INC - (TX)", "voltages_kv": [138, 69], "miles": 0.0, "named": false}, {"name": "SOUTHWESTERN ELECTRIC POWER CO.", "voltages_kv": [138], "miles": 0.0, "named": false}], "circuits": [{"owner": "SOUTHWESTERN ELECTRIC POWER CO.", "voltage_kv": 138, "miles": 0.0, "from_name": "Mineola Substation", "to_name": ""}], "source_date": "2015-08-21"}}, {"type": "Feature", "geometry": {"type": "Point", "coordinates": [-95.81385, 31.63285]}, "properties": {"id": "305006", "name": "Unnamed substation", "type": "Substation", "status": "In service", "city": "Oakwood", "county": "Freestone", "state": "Texas", "min_kv": 69, "max_kv": 138, "max_inferred": false, "min_inferred": false, "line_count": 2, "owners": [{"name": "ONCOR ELECTRIC DELIVERY CO.", "voltages_kv": [138], "miles": 0.0, "named": false}], "circuits": [], "source_date": "2015-08-27"}}, {"type": "Feature", "geometry": {"type": "Point", "coordinates": [-95.77847, 32.58861]}, "properties": {"id": "304205", "name": "Unnamed substation", "type": "Substation", "status": "Status not published", "city": "Canton", "county": "Van Zandt", "state": "Texas", "min_kv": null, "max_kv": 138, "max_inferred": true, "min_inferred": false, "line_count": 2, "owners": [{"name": "ONCOR ELECTRIC DELIVERY CO.", "voltages_kv": [138], "miles": 0.0, "named": false}], "circuits": [], "source_date": "2017-12-22"}}, {"type": "Feature", "geometry": {"type": "Point", "coordinates": [-96.00771, 32.70529]}, "properties": {"id": "305015", "name": "Unnamed substation", "type": "Substation", "status": "In service", "city": "Wills Point", "county": "Van Zandt", "state": "Texas", "min_kv": null, "max_kv": 138, "max_inferred": true, "min_inferred": false, "line_count": 2, "owners": [{"name": "ONCOR ELECTRIC DELIVERY CO.", "voltages_kv": [138], "miles": 0.0, "named": false}], "circuits": [], "source_date": "2018-08-06"}}, {"type": "Feature", "geometry": {"type": "Point", "coordinates": [-96.14078, 32.24264]}, "properties": {"id": "304628", "name": "Unnamed substation", "type": "Substation", "status": "In service", "city": "Trinidad", "county": "Henderson", "state": "Texas", "min_kv": 138, "max_kv": 138, "max_inferred": true, "min_inferred": true, "line_count": 1, "owners": [], "circuits": [], "source_date": "2018-01-24"}}, {"type": "Feature", "geometry": {"type": "Point", "coordinates": [-95.93733, 32.47231]}, "properties": {"id": "304634", "name": "Unnamed substation", "type": "Substation", "status": "Status not published", "city": "Canton", "county": "Van Zandt", "state": "Texas", "min_kv": null, "max_kv": 138, "max_inferred": true, "min_inferred": false, "line_count": 2, "owners": [{"name": "ONCOR ELECTRIC DELIVERY CO.", "voltages_kv": [138], "miles": 0.0, "named": false}], "circuits": [], "source_date": "2018-01-30"}}, {"type": "Feature", "geometry": {"type": "Point", "coordinates": [-95.65095, 32.17295]}, "properties": {"id": "305060", "name": "Unnamed substation", "type": "Substation", "status": "Status not published", "city": "Larue", "county": "Henderson", "state": "Texas", "min_kv": null, "max_kv": 138, "max_inferred": true, "min_inferred": false, "line_count": 2, "owners": [{"name": "ONCOR ELECTRIC DELIVERY CO.", "voltages_kv": [138], "miles": 0.0, "named": false}], "circuits": [], "source_date": "2018-01-02"}}, {"type": "Feature", "geometry": {"type": "Point", "coordinates": [-94.99806, 32.57302]}, "properties": {"id": "304259", "name": "Unnamed substation", "type": "Substation", "status": "In service", "city": "Gladewater", "county": "Upshur", "state": "Texas", "min_kv": 69, "max_kv": 138, "max_inferred": true, "min_inferred": true, "line_count": 8, "owners": [{"name": "SOUTHWESTERN ELECTRIC POWER CO", "voltages_kv": [138], "miles": 0.0, "named": false}, {"name": "SOUTHWESTERN ELECTRIC POWER CO.", "voltages_kv": [138], "miles": 0.0, "named": false}, {"name": "UPSHUR RURAL ELEC COOP CORP", "voltages_kv": [138], "miles": 0.0, "named": false}], "circuits": [], "source_date": "2015-06-11"}}, {"type": "Feature", "geometry": {"type": "Point", "coordinates": [-95.85493, 33.09867]}, "properties": {"id": "305101", "name": "Unnamed substation", "type": "Substation", "status": "In service", "city": "Cumby", "county": "Hopkins", "state": "Texas", "min_kv": 69, "max_kv": 138, "max_inferred": false, "min_inferred": false, "line_count": 2, "owners": [{"name": "ONCOR ELECTRIC DELIVERY CO.", "voltages_kv": [138], "miles": 0.0, "named": false}], "circuits": [], "source_date": "2015-06-15"}}, {"type": "Feature", "geometry": {"type": "Point", "coordinates": [-95.58232, 32.43083]}, "properties": {"id": "304705", "name": "Unnamed substation", "type": "Substation", "status": "In service", "city": "Ben Wheeler", "county": "Van Zandt", "state": "Texas", "min_kv": 138, "max_kv": 138, "max_inferred": true, "min_inferred": true, "line_count": 1, "owners": [], "circuits": [], "source_date": "2017-12-22"}}, {"type": "Feature", "geometry": {"type": "Point", "coordinates": [-95.06662, 32.60072]}, "properties": {"id": "303930", "name": "Unnamed substation", "type": "Substation", "status": "In service", "city": "Big Sandy", "county": "Upshur", "state": "Texas", "min_kv": null, "max_kv": 138, "max_inferred": true, "min_inferred": false, "line_count": 3, "owners": [{"name": "UPSHUR RURAL ELEC COOP CORP", "voltages_kv": [138], "miles": 0.0, "named": false}, {"name": "SOUTHWESTERN ELECTRIC POWER CO", "voltages_kv": [138], "miles": 0.15, "named": false}], "circuits": [], "source_date": "2015-08-21"}}, {"type": "Feature", "geometry": {"type": "Point", "coordinates": [-95.85238, 31.17479]}, "properties": {"id": "304737", "name": "Unnamed substation", "type": "Substation", "status": "Status not published", "city": "Centerville", "county": "Leon", "state": "Texas", "min_kv": null, "max_kv": 138, "max_inferred": true, "min_inferred": false, "line_count": 1, "owners": [{"name": "ONCOR ELECTRIC DELIVERY CO.", "voltages_kv": [138], "miles": 0.0, "named": false}], "circuits": [], "source_date": "2017-12-22"}}, {"type": "Feature", "geometry": {"type": "Point", "coordinates": [-95.42522, 31.36438]}, "properties": {"id": "303946", "name": "Unnamed substation", "type": "Substation", "status": "Status not published", "city": "Crockett", "county": "Houston", "state": "Texas", "min_kv": null, "max_kv": 138, "max_inferred": true, "min_inferred": false, "line_count": 1, "owners": [{"name": "ONCOR ELECTRIC DELIVERY CO.", "voltages_kv": [138], "miles": 0.0, "named": false}], "circuits": [], "source_date": "2018-01-02"}}, {"type": "Feature", "geometry": {"type": "Point", "coordinates": [-95.8855, 30.93012]}, "properties": {"id": "304357", "name": "Unnamed substation", "type": "Substation", "status": "In service", "city": "Madisonville", "county": "Madison", "state": "Texas", "min_kv": null, "max_kv": 138, "max_inferred": true, "min_inferred": false, "line_count": 0, "owners": [{"name": "NOT AVAILABLE", "voltages_kv": [138], "miles": 0.0, "named": false}], "circuits": [], "source_date": "2018-09-28"}}, {"type": "Feature", "geometry": {"type": "Point", "coordinates": [-95.56322, 32.23603]}, "properties": {"id": "304775", "name": "Unnamed substation", "type": "Substation", "status": "Status not published", "city": "Chandler", "county": "Henderson", "state": "Texas", "min_kv": null, "max_kv": 138, "max_inferred": true, "min_inferred": false, "line_count": 1, "owners": [{"name": "ONCOR ELECTRIC DELIVERY CO.", "voltages_kv": [138], "miles": 0.0, "named": false}], "circuits": [], "source_date": "2018-01-02"}}, {"type": "Feature", "geometry": {"type": "Point", "coordinates": [-96.14678, 32.24052]}, "properties": {"id": "304801", "name": "Unnamed substation", "type": "Substation", "status": "In service", "city": "Kemp", "county": "Henderson", "state": "Texas", "min_kv": 138, "max_kv": 138, "max_inferred": false, "min_inferred": true, "line_count": 3, "owners": [], "circuits": [], "source_date": "2018-01-24"}}, {"type": "Feature", "geometry": {"type": "Point", "coordinates": [-95.08565, 31.67141]}, "properties": {"id": "305952", "name": "Unnamed substation", "type": "Substation", "status": "In service", "city": "Alto", "county": "Cherokee", "state": "Texas", "min_kv": null, "max_kv": 138, "max_inferred": true, "min_inferred": false, "line_count": 2, "owners": [{"name": "ONCOR ELECTRIC DELIVERY CO.", "voltages_kv": [138], "miles": 0.0, "named": false}], "circuits": [], "source_date": "2018-01-30"}}, {"type": "Feature", "geometry": {"type": "Point", "coordinates": [-96.47546, 32.071]}, "properties": {"id": "305969", "name": "Unnamed substation", "type": "Substation", "status": "Status not published", "city": "Retreat", "county": "Navarro", "state": "Texas", "min_kv": null, "max_kv": 138, "max_inferred": true, "min_inferred": false, "line_count": 2, "owners": [{"name": "ONCOR ELECTRIC DELIVERY CO.", "voltages_kv": [161], "miles": 0.0, "named": false}], "circuits": [], "source_date": "2018-01-02"}}, {"type": "Feature", "geometry": {"type": "Point", "coordinates": [-95.27044, 31.94774]}, "properties": {"id": "306015", "name": "Unnamed substation", "type": "Substation", "status": "In service", "city": "Jacksonville", "county": "Cherokee", "state": "Texas", "min_kv": null, "max_kv": 138, "max_inferred": true, "min_inferred": false, "line_count": 2, "owners": [{"name": "ONCOR ELECTRIC DELIVERY CO.", "voltages_kv": [138, 69], "miles": 0.0, "named": false}], "circuits": [], "source_date": "2018-07-03"}}, {"type": "Feature", "geometry": {"type": "Point", "coordinates": [-94.94589, 33.06045]}, "properties": {"id": "306061", "name": "Unnamed substation", "type": "Substation", "status": "In service", "city": "Pittsburg", "county": "Camp", "state": "Texas", "min_kv": 69, "max_kv": 138, "max_inferred": true, "min_inferred": true, "line_count": 1, "owners": [{"name": "UPSHUR RURAL ELEC COOP CORP", "voltages_kv": [138], "miles": 0.0, "named": false}], "circuits": [], "source_date": "2015-06-11"}}, {"type": "Feature", "geometry": {"type": "Point", "coordinates": [-94.79126, 31.19118]}, "properties": {"id": "306070", "name": "Unnamed substation", "type": "Substation", "status": "In service", "city": "Diboll", "county": "Angelina", "state": "Texas", "min_kv": 138, "max_kv": 138, "max_inferred": true, "min_inferred": true, "line_count": 1, "owners": [], "circuits": [], "source_date": "2017-12-22"}}, {"type": "Feature", "geometry": {"type": "Point", "coordinates": [-94.74763, 32.69265]}, "properties": {"id": "307251", "name": "Unnamed substation", "type": "Substation", "status": "In service", "city": "Diana", "county": "Upshur", "state": "Texas", "min_kv": 13.8, "max_kv": 138, "max_inferred": true, "min_inferred": true, "line_count": 3, "owners": [{"name": "SOUTHWESTERN ELECTRIC POWER CO", "voltages_kv": [69], "miles": 0.1, "named": false}, {"name": "UPSHUR RURAL ELEC COOP CORP", "voltages_kv": [69], "miles": 0.1, "named": false}], "circuits": [], "source_date": "2015-08-20"}}, {"type": "Feature", "geometry": {"type": "Point", "coordinates": [-95.88869, 31.3292]}, "properties": {"id": "306086", "name": "Unnamed substation", "type": "Substation", "status": "In service", "city": "Centerville", "county": "Leon", "state": "Texas", "min_kv": null, "max_kv": 138, "max_inferred": true, "min_inferred": false, "line_count": 3, "owners": [{"name": "ONCOR ELECTRIC DELIVERY CO.", "voltages_kv": [138], "miles": 0.0, "named": false}], "circuits": [], "source_date": "2017-12-22"}}, {"type": "Feature", "geometry": {"type": "Point", "coordinates": [-95.33799, 32.39024]}, "properties": {"id": "306105", "name": "Unnamed substation", "type": "Substation", "status": "In service", "city": "Tyler", "county": "Smith", "state": "Texas", "min_kv": null, "max_kv": 138, "max_inferred": true, "min_inferred": false, "line_count": 3, "owners": [{"name": "ONCOR ELECTRIC DELIVERY CO.", "voltages_kv": [69], "miles": 0.0, "named": false}], "circuits": [], "source_date": "2018-01-04"}}, {"type": "Feature", "geometry": {"type": "Point", "coordinates": [-96.60051, 31.30015]}, "properties": {"id": "306512", "name": "Unnamed substation", "type": "Substation", "status": "Status not published", "city": "Kosse", "county": "Limestone", "state": "Texas", "min_kv": null, "max_kv": 138, "max_inferred": true, "min_inferred": false, "line_count": 3, "owners": [{"name": "NOT AVAILABLE", "voltages_kv": [138], "miles": 0.0, "named": false}, {"name": "ONCOR ELECTRIC DELIVERY CO.", "voltages_kv": [138], "miles": 0.0, "named": false}], "circuits": [], "source_date": "2018-09-28"}}, {"type": "Feature", "geometry": {"type": "Point", "coordinates": [-95.54001, 32.52621]}, "properties": {"id": "306132", "name": "Unnamed substation", "type": "Substation", "status": "In service", "city": "Lindale", "county": "Smith", "state": "Texas", "min_kv": 138, "max_kv": 138, "max_inferred": true, "min_inferred": true, "line_count": 2, "owners": [], "circuits": [], "source_date": "2018-01-02"}}, {"type": "Feature", "geometry": {"type": "Point", "coordinates": [-96.60097, 30.85991]}, "properties": {"id": "306563", "name": "Unnamed substation", "type": "Substation", "status": "Status not published", "city": "Hearne", "county": "Robertson", "state": "Texas", "min_kv": 69, "max_kv": 138, "max_inferred": true, "min_inferred": true, "line_count": 3, "owners": [{"name": "NOT AVAILABLE", "voltages_kv": [69], "miles": 0.0, "named": false}, {"name": "CITY OF BRYAN - (TX)", "voltages_kv": [138], "miles": 0.08, "named": false}], "circuits": [], "source_date": "2015-08-27"}}, {"type": "Feature", "geometry": {"type": "Point", "coordinates": [-95.67499, 32.61698]}, "properties": {"id": "306214", "name": "Unnamed substation", "type": "Substation", "status": "Status not published", "city": "Grand Saline", "county": "Van Zandt", "state": "Texas", "min_kv": null, "max_kv": 138, "max_inferred": true, "min_inferred": false, "line_count": 1, "owners": [{"name": "ONCOR ELECTRIC DELIVERY CO.", "voltages_kv": [345, 138], "miles": 0.0, "named": false}], "circuits": [], "source_date": "2017-12-22"}}, {"type": "Feature", "geometry": {"type": "Point", "coordinates": [-95.97172, 32.82703]}, "properties": {"id": "307413", "name": "Unnamed substation", "type": "Substation", "status": "Status not published", "city": "Wills Point", "county": "Van Zandt", "state": "Texas", "min_kv": null, "max_kv": 138, "max_inferred": true, "min_inferred": false, "line_count": 1, "owners": [{"name": "ONCOR ELECTRIC DELIVERY CO.", "voltages_kv": [138], "miles": 0.0, "named": false}], "circuits": [], "source_date": "2017-12-22"}}, {"type": "Feature", "geometry": {"type": "Point", "coordinates": [-95.56582, 33.15104]}, "properties": {"id": "306575", "name": "Unnamed substation", "type": "Substation", "status": "Status not published", "city": "Sulphur Springs", "county": "Hopkins", "state": "Texas", "min_kv": null, "max_kv": 138, "max_inferred": true, "min_inferred": false, "line_count": 1, "owners": [{"name": "ONCOR ELECTRIC DELIVERY CO.", "voltages_kv": [138], "miles": 0.0, "named": false}], "circuits": [], "source_date": "2018-01-08"}}, {"type": "Feature", "geometry": {"type": "Point", "coordinates": [-96.37574, 32.00136]}, "properties": {"id": "307415", "name": "Unnamed substation", "type": "Substation", "status": "In service", "city": "Navarro", "county": "Navarro", "state": "Texas", "min_kv": null, "max_kv": 138, "max_inferred": true, "min_inferred": false, "line_count": 7, "owners": [{"name": "ONCOR ELECTRIC DELIVERY CO.", "voltages_kv": [138, 69], "miles": 0.0, "named": false}], "circuits": [], "source_date": "2018-01-04"}}, {"type": "Feature", "geometry": {"type": "Point", "coordinates": [-95.99886, 32.81742]}, "properties": {"id": "306260", "name": "Unnamed substation", "type": "Substation", "status": "In service", "city": "Wills Point", "county": "Van Zandt", "state": "Texas", "min_kv": null, "max_kv": 138, "max_inferred": true, "min_inferred": false, "line_count": 3, "owners": [{"name": "ONCOR ELECTRIC DELIVERY CO.", "voltages_kv": [138, 69], "miles": 0.0, "named": false}], "circuits": [], "source_date": "2018-09-24"}}, {"type": "Feature", "geometry": {"type": "Point", "coordinates": [-95.96136, 32.70503]}, "properties": {"id": "307490", "name": "Unnamed substation", "type": "Substation", "status": "In service", "city": "Wills Point", "county": "Van Zandt", "state": "Texas", "min_kv": null, "max_kv": 138, "max_inferred": true, "min_inferred": false, "line_count": 2, "owners": [{"name": "ONCOR ELECTRIC DELIVERY CO.", "voltages_kv": [138], "miles": 0.0, "named": false}], "circuits": [], "source_date": "2018-10-19"}}, {"type": "Feature", "geometry": {"type": "Point", "coordinates": [-94.79556, 31.19388]}, "properties": {"id": "306635", "name": "Unnamed substation", "type": "Substation", "status": "In service", "city": "Diboll", "county": "Angelina", "state": "Texas", "min_kv": null, "max_kv": 138, "max_inferred": true, "min_inferred": false, "line_count": 3, "owners": [], "circuits": [], "source_date": "2017-12-22"}}, {"type": "Feature", "geometry": {"type": "Point", "coordinates": [-95.45839, 31.50848]}, "properties": {"id": "306647", "name": "Unnamed substation", "type": "Substation", "status": "Status not published", "city": "Grapeland", "county": "Houston", "state": "Texas", "min_kv": null, "max_kv": 138, "max_inferred": true, "min_inferred": false, "line_count": 2, "owners": [{"name": "ONCOR ELECTRIC DELIVERY CO.", "voltages_kv": [138], "miles": 0.0, "named": false}], "circuits": [], "source_date": "2018-01-04"}}, {"type": "Feature", "geometry": {"type": "Point", "coordinates": [-96.54219, 31.52058]}, "properties": {"id": "307552", "name": "Unnamed substation", "type": "Substation", "status": "Status not published", "city": "Groesbeck", "county": "Limestone", "state": "Texas", "min_kv": null, "max_kv": 138, "max_inferred": true, "min_inferred": false, "line_count": 3, "owners": [], "circuits": [], "source_date": "2018-09-24"}}, {"type": "Feature", "geometry": {"type": "Point", "coordinates": [-96.60726, 30.86187]}, "properties": {"id": "306658", "name": "Unnamed substation", "type": "Substation", "status": "In service", "city": "Hearne", "county": "Robertson", "state": "Texas", "min_kv": 69, "max_kv": 138, "max_inferred": false, "min_inferred": false, "line_count": 2, "owners": [{"name": "CITY OF BRYAN - (TX)", "voltages_kv": [138], "miles": 0.0, "named": false}, {"name": "NOT AVAILABLE", "voltages_kv": [69], "miles": 0.08, "named": false}], "circuits": [], "source_date": "2017-05-10"}}, {"type": "Feature", "geometry": {"type": "Point", "coordinates": [-96.12331, 32.14967]}, "properties": {"id": "306354", "name": "Unnamed substation", "type": "Substation", "status": "Status not published", "city": "Kerens", "county": "Navarro", "state": "Texas", "min_kv": null, "max_kv": 138, "max_inferred": true, "min_inferred": false, "line_count": 0, "owners": [], "circuits": [], "source_date": "2018-01-04"}}, {"type": "Feature", "geometry": {"type": "Point", "coordinates": [-95.76379, 31.59443]}, "properties": {"id": "306413", "name": "Unnamed substation", "type": "Substation", "status": "In service", "city": "Tucker", "county": "Leon", "state": "Texas", "min_kv": 69, "max_kv": 138, "max_inferred": true, "min_inferred": true, "line_count": 3, "owners": [], "circuits": [], "source_date": "2015-06-11"}}, {"type": "Feature", "geometry": {"type": "Point", "coordinates": [-96.57593, 30.95134]}, "properties": {"id": "306757", "name": "Unnamed substation", "type": "Substation", "status": "In service", "city": "Hearne", "county": "Robertson", "state": "Texas", "min_kv": 69, "max_kv": 138, "max_inferred": false, "min_inferred": false, "line_count": 2, "owners": [{"name": "CITY OF BRYAN - (TX)", "voltages_kv": [138], "miles": 0.0, "named": false}, {"name": "NOT AVAILABLE", "voltages_kv": [115], "miles": 0.09, "named": false}], "circuits": [], "source_date": "2017-05-10"}}, {"type": "Feature", "geometry": {"type": "Point", "coordinates": [-94.68909, 31.28574]}, "properties": {"id": "306774", "name": "Unnamed substation", "type": "Substation", "status": "In service", "city": "Lufkin", "county": "Angelina", "state": "Texas", "min_kv": null, "max_kv": 138, "max_inferred": true, "min_inferred": false, "line_count": 2, "owners": [], "circuits": [], "source_date": "2018-10-15"}}, {"type": "Feature", "geometry": {"type": "Point", "coordinates": [-95.45598, 32.4638]}, "properties": {"id": "306476", "name": "Unnamed substation", "type": "Substation", "status": "In service", "city": "Tyler", "county": "Smith", "state": "Texas", "min_kv": 138, "max_kv": 138, "max_inferred": true, "min_inferred": true, "line_count": 1, "owners": [{"name": "ONCOR ELECTRIC DELIVERY CO.", "voltages_kv": [138], "miles": 0.0, "named": false}], "circuits": [], "source_date": "2017-12-22"}}, {"type": "Feature", "geometry": {"type": "Point", "coordinates": [-95.49151, 32.66131]}, "properties": {"id": "308625", "name": "Unnamed substation", "type": "Substation", "status": "In service", "city": "Mineola", "county": "Wood", "state": "Texas", "min_kv": 69, "max_kv": 138, "max_inferred": false, "min_inferred": false, "line_count": 3, "owners": [{"name": "SOUTHWESTERN ELECTRIC POWER CO.", "voltages_kv": [138], "miles": 0.0, "named": false}], "circuits": [{"owner": "SOUTHWESTERN ELECTRIC POWER CO.", "voltage_kv": 138, "miles": 0.0, "from_name": "Mineola Substation", "to_name": ""}], "source_date": "2015-08-21"}}, {"type": "Feature", "geometry": {"type": "Point", "coordinates": [-95.89418, 31.85497]}, "properties": {"id": "308724", "name": "Unnamed substation", "type": "Substation", "status": "In service", "city": "Tennessee Colony", "county": "Anderson", "state": "Texas", "min_kv": null, "max_kv": 138, "max_inferred": true, "min_inferred": false, "line_count": 2, "owners": [{"name": "ONCOR ELECTRIC DELIVERY CO.", "voltages_kv": [138], "miles": 0.0, "named": false}], "circuits": [{"owner": "ONCOR ELECTRIC DELIVERY CO.", "voltage_kv": 138, "miles": 0.0, "from_name": "Big Brown", "to_name": ""}], "source_date": "2018-10-16"}}, {"type": "Feature", "geometry": {"type": "Point", "coordinates": [-96.22458, 32.06923]}, "properties": {"id": "308732", "name": "Unnamed substation", "type": "Substation", "status": "In service", "city": "Kerens", "county": "Navarro", "state": "Texas", "min_kv": null, "max_kv": 138, "max_inferred": true, "min_inferred": false, "line_count": 1, "owners": [{"name": "ONCOR ELECTRIC DELIVERY CO.", "voltages_kv": [138], "miles": 0.0, "named": false}], "circuits": [], "source_date": "2018-10-16"}}, {"type": "Feature", "geometry": {"type": "Point", "coordinates": [-94.73839, 31.35786]}, "properties": {"id": "308761", "name": "Unnamed substation", "type": "Substation", "status": "In service", "city": "Lufkin", "county": "Angelina", "state": "Texas", "min_kv": 138, "max_kv": 138, "max_inferred": true, "min_inferred": true, "line_count": 1, "owners": [{"name": "ONCOR ELECTRIC DELIVERY CO.", "voltages_kv": [138], "miles": 0.0, "named": false}], "circuits": [], "source_date": "2017-12-22"}}, {"type": "Feature", "geometry": {"type": "Point", "coordinates": [-95.31493, 32.63848]}, "properties": {"id": "308771", "name": "Unnamed substation", "type": "Substation", "status": "In service", "city": "Hainesville", "county": "Wood", "state": "Texas", "min_kv": 69, "max_kv": 138, "max_inferred": true, "min_inferred": true, "line_count": 2, "owners": [{"name": "FARMERS ELECTRIC COOP, INC - (TX)", "voltages_kv": [138], "miles": 0.0, "named": false}, {"name": "UPSHUR RURAL ELEC COOP CORP", "voltages_kv": [69], "miles": 0.0, "named": false}], "circuits": [], "source_date": "2015-09-11"}}, {"type": "Feature", "geometry": {"type": "Point", "coordinates": [-95.85727, 32.48647]}, "properties": {"id": "308878", "name": "Unnamed substation", "type": "Substation", "status": "Status not published", "city": "Canton", "county": "Van Zandt", "state": "Texas", "min_kv": null, "max_kv": 138, "max_inferred": true, "min_inferred": false, "line_count": 1, "owners": [{"name": "ONCOR ELECTRIC DELIVERY CO.", "voltages_kv": [345, 138], "miles": 0.0, "named": false}], "circuits": [{"owner": "ONCOR ELECTRIC DELIVERY CO.", "voltage_kv": 345, "miles": 0.38, "from_name": "Tri-Corner", "to_name": ""}], "source_date": "2017-12-22"}}, {"type": "Feature", "geometry": {"type": "Point", "coordinates": [-96.00777, 32.29754]}, "properties": {"id": "308888", "name": "Unnamed substation", "type": "Substation", "status": "Status not published", "city": "Eustace", "county": "Henderson", "state": "Texas", "min_kv": null, "max_kv": 138, "max_inferred": true, "min_inferred": false, "line_count": 2, "owners": [{"name": "ONCOR ELECTRIC DELIVERY CO.", "voltages_kv": [138], "miles": 0.0, "named": false}], "circuits": [], "source_date": "2018-01-08"}}, {"type": "Feature", "geometry": {"type": "Point", "coordinates": [-96.21413, 31.71121]}, "properties": {"id": "308894", "name": "Unnamed substation", "type": "Substation", "status": "Status not published", "city": "Fairfield", "county": "Freestone", "state": "Texas", "min_kv": null, "max_kv": 138, "max_inferred": true, "min_inferred": false, "line_count": 1, "owners": [{"name": "ONCOR ELECTRIC DELIVERY CO.", "voltages_kv": [69], "miles": 0.0, "named": false}], "circuits": [], "source_date": "2018-01-08"}}, {"type": "Feature", "geometry": {"type": "Point", "coordinates": [-95.17623, 33.01556]}, "properties": {"id": "308911", "name": "Unnamed substation", "type": "Substation", "status": "In service", "city": "Scroggins", "county": "Franklin", "state": "Texas", "min_kv": null, "max_kv": 138, "max_inferred": true, "min_inferred": false, "line_count": 2, "owners": [{"name": "BOWIE-CASS ELECTRIC COOP, INC", "voltages_kv": [69], "miles": 0.0, "named": false}, {"name": "NOT AVAILABLE", "voltages_kv": [69], "miles": 0.0, "named": false}], "circuits": [], "source_date": "2017-12-22"}}, {"type": "Feature", "geometry": {"type": "Point", "coordinates": [-95.94965, 32.79059]}, "properties": {"id": "309369", "name": "Unnamed substation", "type": "Substation", "status": "In service", "city": "Wills Point", "county": "Van Zandt", "state": "Texas", "min_kv": null, "max_kv": 138, "max_inferred": true, "min_inferred": false, "line_count": 2, "owners": [{"name": "ONCOR ELECTRIC DELIVERY CO.", "voltages_kv": [138, 69], "miles": 0.0, "named": false}], "circuits": [], "source_date": "2018-09-25"}}, {"type": "Feature", "geometry": {"type": "Point", "coordinates": [-95.86644, 31.81397]}, "properties": {"id": "309603", "name": "Unnamed substation", "type": "Substation", "status": "In service", "city": "Tennessee Colony", "county": "Anderson", "state": "Texas", "min_kv": 138, "max_kv": 138, "max_inferred": true, "min_inferred": true, "line_count": 2, "owners": [], "circuits": [], "source_date": "2018-01-08"}}, {"type": "Feature", "geometry": {"type": "Point", "coordinates": [-96.39231, 32.10106]}, "properties": {"id": "309631", "name": "Unnamed substation", "type": "Substation", "status": "Status not published", "city": "Corsicana", "county": "Navarro", "state": "Texas", "min_kv": null, "max_kv": 138, "max_inferred": true, "min_inferred": false, "line_count": 2, "owners": [{"name": "ONCOR ELECTRIC DELIVERY CO.", "voltages_kv": [69], "miles": 0.0, "named": false}], "circuits": [], "source_date": "2018-01-24"}}, {"type": "Feature", "geometry": {"type": "Point", "coordinates": [-96.6869, 31.95883]}, "properties": {"id": "309656", "name": "Unnamed substation", "type": "Substation", "status": "Status not published", "city": "Purdon", "county": "Navarro", "state": "Texas", "min_kv": null, "max_kv": 138, "max_inferred": true, "min_inferred": false, "line_count": 1, "owners": [{"name": "ONCOR ELECTRIC DELIVERY CO.", "voltages_kv": [69], "miles": 0.0, "named": false}], "circuits": [], "source_date": "2018-01-02"}}, {"type": "Feature", "geometry": {"type": "Point", "coordinates": [-95.62994, 31.34238]}, "properties": {"id": "309094", "name": "Unnamed substation", "type": "Substation", "status": "Status not published", "city": "Crockett", "county": "Houston", "state": "Texas", "min_kv": 138, "max_kv": 138, "max_inferred": true, "min_inferred": true, "line_count": 3, "owners": [{"name": "ONCOR ELECTRIC DELIVERY CO.", "voltages_kv": [138], "miles": 0.0, "named": false}], "circuits": [], "source_date": "2018-09-28"}}, {"type": "Feature", "geometry": {"type": "Point", "coordinates": [-96.03053, 32.47254]}, "properties": {"id": "307769", "name": "Unnamed substation", "type": "Substation", "status": "Status not published", "city": "Canton", "county": "Van Zandt", "state": "Texas", "min_kv": null, "max_kv": 138, "max_inferred": true, "min_inferred": false, "line_count": 1, "owners": [{"name": "ONCOR ELECTRIC DELIVERY CO.", "voltages_kv": [138], "miles": 0.0, "named": false}, {"name": "NOT AVAILABLE", "voltages_kv": [138], "miles": 0.36, "named": false}], "circuits": [], "source_date": "2018-01-08"}}, {"type": "Feature", "geometry": {"type": "Point", "coordinates": [-96.4285, 32.06235]}, "properties": {"id": "309114", "name": "Unnamed substation", "type": "Substation", "status": "Status not published", "city": "Corsicana", "county": "Navarro", "state": "Texas", "min_kv": null, "max_kv": 138, "max_inferred": true, "min_inferred": false, "line_count": 1, "owners": [{"name": "ONCOR ELECTRIC DELIVERY CO.", "voltages_kv": [138], "miles": 0.0, "named": false}], "circuits": [], "source_date": "2018-01-24"}}, {"type": "Feature", "geometry": {"type": "Point", "coordinates": [-96.56933, 30.94519]}, "properties": {"id": "307796", "name": "Unnamed substation", "type": "Substation", "status": "Status not published", "city": "Hearne", "county": "Robertson", "state": "Texas", "min_kv": 69, "max_kv": 138, "max_inferred": true, "min_inferred": true, "line_count": 3, "owners": [{"name": "NOT AVAILABLE", "voltages_kv": [115], "miles": 0.0, "named": false}], "circuits": [], "source_date": "2015-06-11"}}, {"type": "Feature", "geometry": {"type": "Point", "coordinates": [-94.67873, 31.41947]}, "properties": {"id": "309176", "name": "Unnamed substation", "type": "Substation", "status": "In service", "city": "Lufkin", "county": "Angelina", "state": "Texas", "min_kv": null, "max_kv": 138, "max_inferred": true, "min_inferred": false, "line_count": 3, "owners": [], "circuits": [], "source_date": "2017-12-22"}}, {"type": "Feature", "geometry": {"type": "Point", "coordinates": [-94.98947, 31.93897]}, "properties": {"id": "308286", "name": "Unnamed substation", "type": "Substation", "status": "In service", "city": "Reklaw", "county": "Cherokee", "state": "Texas", "min_kv": 69, "max_kv": 138, "max_inferred": false, "min_inferred": false, "line_count": 5, "owners": [{"name": "ONCOR ELECTRIC DELIVERY CO.", "voltages_kv": [138], "miles": 0.0, "named": false}, {"name": "CHEROKEE COUNTY ELEC COOP ASSN", "voltages_kv": [345, 138], "miles": 0.22, "named": false}], "circuits": [{"owner": "ONCOR ELECTRIC DELIVERY CO.", "voltage_kv": 138, "miles": 0.0, "from_name": "Stryker Creek", "to_name": ""}, {"owner": "CHEROKEE COUNTY ELEC COOP ASSN", "voltage_kv": 345, "miles": 0.22, "from_name": "Stryker Creek", "to_name": ""}, {"owner": "CHEROKEE COUNTY ELEC COOP ASSN", "voltage_kv": 138, "miles": 0.23, "from_name": "Stryker Creek", "to_name": ""}], "source_date": "2015-06-11"}}, {"type": "Feature", "geometry": {"type": "Point", "coordinates": [-95.59417, 32.24632]}, "properties": {"id": "308384", "name": "Unnamed substation", "type": "Substation", "status": "In service", "city": "Brownsboro", "county": "Henderson", "state": "Texas", "min_kv": null, "max_kv": 138, "max_inferred": true, "min_inferred": false, "line_count": 1, "owners": [{"name": "ONCOR ELECTRIC DELIVERY CO.", "voltages_kv": [138], "miles": 0.0, "named": false}], "circuits": [], "source_date": "2018-09-25"}}, {"type": "Feature", "geometry": {"type": "Point", "coordinates": [-96.47551, 31.51413]}, "properties": {"id": "310099", "name": "Unnamed substation", "type": "Substation", "status": "In service", "city": "Groesbeck", "county": "Limestone", "state": "Texas", "min_kv": 138, "max_kv": 138, "max_inferred": true, "min_inferred": true, "line_count": 1, "owners": [], "circuits": [], "source_date": "2017-12-22"}}, {"type": "Feature", "geometry": {"type": "Point", "coordinates": [-95.98698, 32.79352]}, "properties": {"id": "310106", "name": "Unnamed substation", "type": "Substation", "status": "Status not published", "city": "Wills Point", "county": "Van Zandt", "state": "Texas", "min_kv": null, "max_kv": 138, "max_inferred": true, "min_inferred": false, "line_count": 3, "owners": [{"name": "ONCOR ELECTRIC DELIVERY CO.", "voltages_kv": [138, 69], "miles": 0.0, "named": false}], "circuits": [], "source_date": "2018-08-06"}}, {"type": "Feature", "geometry": {"type": "Point", "coordinates": [-96.19774, 32.32292]}, "properties": {"id": "310176", "name": "Unnamed substation", "type": "Substation", "status": "Status not published", "city": "Kemp", "county": "Henderson", "state": "Texas", "min_kv": 138, "max_kv": 138, "max_inferred": true, "min_inferred": true, "line_count": 2, "owners": [], "circuits": [], "source_date": "2018-01-30"}}, {"type": "Feature", "geometry": {"type": "Point", "coordinates": [-96.24178, 31.54917]}, "properties": {"id": "310327", "name": "Unnamed substation", "type": "Substation", "status": "Status not published", "city": "Teague", "county": "Freestone", "state": "Texas", "min_kv": null, "max_kv": 138, "max_inferred": true, "min_inferred": false, "line_count": 3, "owners": [{"name": "ONCOR ELECTRIC DELIVERY CO.", "voltages_kv": [138], "miles": 0.0, "named": false}], "circuits": [], "source_date": "2018-09-28"}}, {"type": "Feature", "geometry": {"type": "Point", "coordinates": [-95.25965, 32.29475]}, "properties": {"id": "309707", "name": "Unnamed substation", "type": "Substation", "status": "In service", "city": "Tyler", "county": "Smith", "state": "Texas", "min_kv": null, "max_kv": 138, "max_inferred": true, "min_inferred": false, "line_count": 2, "owners": [{"name": "ONCOR ELECTRIC DELIVERY CO.", "voltages_kv": [138], "miles": 0.0, "named": false}], "circuits": [], "source_date": "2018-07-03"}}, {"type": "Feature", "geometry": {"type": "Point", "coordinates": [-96.24828, 31.54377]}, "properties": {"id": "309750", "name": "Unnamed substation", "type": "Substation", "status": "In service", "city": "Teague", "county": "Freestone", "state": "Texas", "min_kv": null, "max_kv": 138, "max_inferred": true, "min_inferred": false, "line_count": 1, "owners": [{"name": "ONCOR ELECTRIC DELIVERY CO.", "voltages_kv": [138], "miles": 0.0, "named": false}], "circuits": [], "source_date": "2018-08-06"}}, {"type": "Feature", "geometry": {"type": "Point", "coordinates": [-95.69409, 32.96213]}, "properties": {"id": "309766", "name": "Unnamed substation", "type": "Substation", "status": "In service", "city": "Emory", "county": "Rains", "state": "Texas", "min_kv": 13.8, "max_kv": 138, "max_inferred": true, "min_inferred": true, "line_count": 3, "owners": [], "circuits": [], "source_date": "2015-06-11"}}, {"type": "Feature", "geometry": {"type": "Point", "coordinates": [-94.74343, 31.37301]}, "properties": {"id": "309782", "name": "Unnamed substation", "type": "Substation", "status": "In service", "city": "Lufkin", "county": "Angelina", "state": "Texas", "min_kv": 138, "max_kv": 138, "max_inferred": true, "min_inferred": true, "line_count": 2, "owners": [{"name": "ONCOR ELECTRIC DELIVERY CO.", "voltages_kv": [138], "miles": 0.41, "named": false}], "circuits": [], "source_date": "2018-10-19"}}, {"type": "Feature", "geometry": {"type": "Point", "coordinates": [-95.31484, 32.63899]}, "properties": {"id": "302500", "name": "Unnamed tap", "type": "Tap", "status": "In service", "city": "Hainesville", "county": "Wood", "state": "Texas", "min_kv": 138, "max_kv": 138, "max_inferred": true, "min_inferred": true, "line_count": 3, "owners": [{"name": "FARMERS ELECTRIC COOP, INC - (TX)", "voltages_kv": [138], "miles": 0.0, "named": false}, {"name": "UPSHUR RURAL ELEC COOP CORP", "voltages_kv": [69], "miles": 0.04, "named": false}], "circuits": [], "source_date": "2015-09-14"}}, {"type": "Feature", "geometry": {"type": "Point", "coordinates": [-95.09946, 32.27518]}, "properties": {"id": "302542", "name": "Unnamed tap", "type": "Tap", "status": "In service", "city": "Arp", "county": "Smith", "state": "Texas", "min_kv": 138, "max_kv": 138, "max_inferred": true, "min_inferred": true, "line_count": 3, "owners": [{"name": "ONCOR ELECTRIC DELIVERY CO.", "voltages_kv": [138, 69], "miles": 0.0, "named": false}, {"name": "UPSHUR RURAL ELEC COOP CORP", "voltages_kv": [345], "miles": 0.42, "named": false}], "circuits": [], "source_date": "2015-09-15"}}, {"type": "Feature", "geometry": {"type": "Point", "coordinates": [-94.65581, 31.34364]}, "properties": {"id": "302700", "name": "Unnamed tap", "type": "Tap", "status": "In service", "city": "Lufkin", "county": "Angelina", "state": "Texas", "min_kv": null, "max_kv": 138, "max_inferred": true, "min_inferred": false, "line_count": 3, "owners": [], "circuits": [], "source_date": "2018-10-22"}}, {"type": "Feature", "geometry": {"type": "Point", "coordinates": [-96.02281, 32.47235]}, "properties": {"id": "302703", "name": "Unnamed tap", "type": "Tap", "status": "In service", "city": "Canton", "county": "Van Zandt", "state": "Texas", "min_kv": null, "max_kv": 138, "max_inferred": true, "min_inferred": false, "line_count": 3, "owners": [{"name": "NOT AVAILABLE", "voltages_kv": [138], "miles": 0.0, "named": false}, {"name": "ONCOR ELECTRIC DELIVERY CO.", "voltages_kv": [138], "miles": 0.0, "named": false}], "circuits": [], "source_date": "2018-07-03"}}, {"type": "Feature", "geometry": {"type": "Point", "coordinates": [-94.67974, 31.35938]}, "properties": {"id": "302758", "name": "Unnamed tap", "type": "Tap", "status": "In service", "city": "Lufkin", "county": "Angelina", "state": "Texas", "min_kv": 138, "max_kv": 138, "max_inferred": true, "min_inferred": true, "line_count": 3, "owners": [{"name": "ONCOR ELECTRIC DELIVERY CO.", "voltages_kv": [138], "miles": 0.0, "named": false}], "circuits": [], "source_date": "2017-12-22"}}, {"type": "Feature", "geometry": {"type": "Point", "coordinates": [-95.81697, 32.75649]}, "properties": {"id": "302763", "name": "Unnamed tap", "type": "Tap", "status": "In service", "city": "Edgewood", "county": "Van Zandt", "state": "Texas", "min_kv": null, "max_kv": 138, "max_inferred": true, "min_inferred": false, "line_count": 3, "owners": [{"name": "ONCOR ELECTRIC DELIVERY CO.", "voltages_kv": [138], "miles": 0.0, "named": false}], "circuits": [], "source_date": "2018-10-19"}}, {"type": "Feature", "geometry": {"type": "Point", "coordinates": [-95.06068, 32.27402]}, "properties": {"id": "302445", "name": "Unnamed tap", "type": "Tap", "status": "In service", "city": "Arp", "county": "Smith", "state": "Texas", "min_kv": 138, "max_kv": 138, "max_inferred": true, "min_inferred": true, "line_count": 3, "owners": [{"name": "ONCOR ELECTRIC DELIVERY CO.", "voltages_kv": [138, 69], "miles": 0.0, "named": false}, {"name": "UPSHUR RURAL ELEC COOP CORP", "voltages_kv": [345], "miles": 0.33, "named": false}], "circuits": [], "source_date": "2015-09-15"}}, {"type": "Feature", "geometry": {"type": "Point", "coordinates": [-95.37562, 32.84637]}, "properties": {"id": "305368", "name": "Unnamed tap", "type": "Tap", "status": "In service", "city": "Quitman", "county": "Wood", "state": "Texas", "min_kv": 138, "max_kv": 138, "max_inferred": true, "min_inferred": true, "line_count": 2, "owners": [{"name": "FARMERS ELECTRIC COOP, INC - (TX)", "voltages_kv": [138], "miles": 0.0, "named": false}], "circuits": [], "source_date": "2015-09-11"}}, {"type": "Feature", "geometry": {"type": "Point", "coordinates": [-95.80319, 33.18464]}, "properties": {"id": "305116", "name": "Unnamed tap", "type": "Tap", "status": "In service", "city": "Ridgeway", "county": "Hopkins", "state": "Texas", "min_kv": 138, "max_kv": 138, "max_inferred": true, "min_inferred": true, "line_count": 3, "owners": [{"name": "ONCOR ELECTRIC DELIVERY CO.", "voltages_kv": [138, 69], "miles": 0.0, "named": false}], "circuits": [], "source_date": "2015-09-29"}}, {"type": "Feature", "geometry": {"type": "Point", "coordinates": [-95.91396, 32.97171]}, "properties": {"id": "305223", "name": "Unnamed tap", "type": "Tap", "status": "In service", "city": "Lone Oak", "county": "Rains", "state": "Texas", "min_kv": 138, "max_kv": 138, "max_inferred": false, "min_inferred": false, "line_count": 3, "owners": [{"name": "ONCOR ELECTRIC DELIVERY CO.", "voltages_kv": [345, 138], "miles": 0.0, "named": false}], "circuits": [], "source_date": "2015-08-14"}}, {"type": "Feature", "geometry": {"type": "Point", "coordinates": [-95.26044, 32.35983]}, "properties": {"id": "307938", "name": "Unnamed tap", "type": "Tap", "status": "In service", "city": "Tyler", "county": "Smith", "state": "Texas", "min_kv": null, "max_kv": 138, "max_inferred": true, "min_inferred": false, "line_count": 1, "owners": [{"name": "ONCOR ELECTRIC DELIVERY CO.", "voltages_kv": [138], "miles": 0.0, "named": false}], "circuits": [], "source_date": "2018-08-06"}}, {"type": "Feature", "geometry": {"type": "Point", "coordinates": [-95.97884, 32.27168]}, "properties": {"id": "307996", "name": "Unnamed tap", "type": "Tap", "status": "In service", "city": "Eustace", "county": "Henderson", "state": "Texas", "min_kv": null, "max_kv": 138, "max_inferred": true, "min_inferred": false, "line_count": 3, "owners": [{"name": "ONCOR ELECTRIC DELIVERY CO.", "voltages_kv": [138], "miles": 0.0, "named": false}], "circuits": [], "source_date": "2018-07-03"}}, {"type": "Feature", "geometry": {"type": "Point", "coordinates": [-94.64676, 31.34321]}, "properties": {"id": "308062", "name": "Unnamed tap", "type": "Tap", "status": "In service", "city": "Lufkin", "county": "Angelina", "state": "Texas", "min_kv": null, "max_kv": 138, "max_inferred": true, "min_inferred": false, "line_count": 3, "owners": [], "circuits": [], "source_date": "2018-10-15"}}, {"type": "Feature", "geometry": {"type": "Point", "coordinates": [-96.65212, 30.89614]}, "properties": {"id": "310925", "name": "Unnamed tap", "type": "Tap", "status": "Status not published", "city": "Hearne", "county": "Robertson", "state": "Texas", "min_kv": null, "max_kv": 138, "max_inferred": true, "min_inferred": false, "line_count": 3, "owners": [{"name": "ONCOR ELECTRIC DELIVERY COMPANY LLC", "voltages_kv": [138], "miles": 0.0, "named": false}], "circuits": [], "source_date": "2018-10-16"}}, {"type": "Feature", "geometry": {"type": "Point", "coordinates": [-95.22577, 31.85648]}, "properties": {"id": "310573", "name": "Unnamed tap", "type": "Tap", "status": "In service", "city": "Rusk", "county": "Cherokee", "state": "Texas", "min_kv": null, "max_kv": 138, "max_inferred": true, "min_inferred": false, "line_count": 3, "owners": [{"name": "ONCOR ELECTRIC DELIVERY CO.", "voltages_kv": [138, 69], "miles": 0.0, "named": false}], "circuits": [], "source_date": "2018-07-03"}}, {"type": "Feature", "geometry": {"type": "Point", "coordinates": [-94.66374, 31.36144]}, "properties": {"id": "310713", "name": "Unnamed tap", "type": "Tap", "status": "In service", "city": "Lufkin", "county": "Angelina", "state": "Texas", "min_kv": 138, "max_kv": 138, "max_inferred": true, "min_inferred": true, "line_count": 3, "owners": [{"name": "ONCOR ELECTRIC DELIVERY CO.", "voltages_kv": [138], "miles": 0.0, "named": false}], "circuits": [], "source_date": "2018-10-22"}}, {"type": "Feature", "geometry": {"type": "Point", "coordinates": [-95.99945, 32.81724]}, "properties": {"id": "310791", "name": "Unnamed tap", "type": "Tap", "status": "In service", "city": "Wills Point", "county": "Van Zandt", "state": "Texas", "min_kv": null, "max_kv": 138, "max_inferred": true, "min_inferred": false, "line_count": 3, "owners": [{"name": "ONCOR ELECTRIC DELIVERY CO.", "voltages_kv": [138, 69], "miles": 0.01, "named": false}], "circuits": [], "source_date": "2018-09-24"}}, {"type": "Feature", "geometry": {"type": "Point", "coordinates": [-94.77233, 31.28334]}, "properties": {"id": "310857", "name": "Unnamed tap", "type": "Tap", "status": "In service", "city": "Lufkin", "county": "Angelina", "state": "Texas", "min_kv": null, "max_kv": 138, "max_inferred": true, "min_inferred": false, "line_count": 3, "owners": [], "circuits": [], "source_date": "2018-10-15"}}, {"type": "Feature", "geometry": {"type": "Point", "coordinates": [-96.48646, 31.68304]}, "properties": {"id": "300835", "name": "Unnamed substation", "type": "Substation", "status": "Status not published", "city": "Mexia", "county": "Limestone", "state": "Texas", "min_kv": null, "max_kv": 115, "max_inferred": true, "min_inferred": false, "line_count": 3, "owners": [{"name": "ONCOR ELECTRIC DELIVERY CO.", "voltages_kv": [115, 69], "miles": 0.0, "named": false}], "circuits": [], "source_date": "2018-07-03"}}, {"type": "Feature", "geometry": {"type": "Point", "coordinates": [-96.67274, 31.09652]}, "properties": {"id": "303268", "name": "Unnamed substation", "type": "Substation", "status": "In service", "city": "Bremond", "county": "Robertson", "state": "Texas", "min_kv": null, "max_kv": 115, "max_inferred": true, "min_inferred": false, "line_count": 1, "owners": [{"name": "NOT AVAILABLE", "voltages_kv": [115], "miles": 0.0, "named": false}], "circuits": [], "source_date": "2018-10-09"}}, {"type": "Feature", "geometry": {"type": "Point", "coordinates": [-96.67694, 31.04918]}, "properties": {"id": "305095", "name": "Unnamed substation", "type": "Substation", "status": "In service", "city": "Calvert", "county": "Robertson", "state": "Texas", "min_kv": null, "max_kv": 115, "max_inferred": true, "min_inferred": false, "line_count": 2, "owners": [{"name": "NOT AVAILABLE", "voltages_kv": [115], "miles": 0.0, "named": false}, {"name": "ONCOR ELECTRIC DELIVERY CO.", "voltages_kv": [115], "miles": 0.0, "named": false}], "circuits": [], "source_date": "2018-10-09"}}, {"type": "Feature", "geometry": {"type": "Point", "coordinates": [-96.23957, 31.68139]}, "properties": {"id": "304044", "name": "Unnamed substation", "type": "Substation", "status": "In service", "city": "Teague", "county": "Freestone", "state": "Texas", "min_kv": null, "max_kv": 115, "max_inferred": true, "min_inferred": false, "line_count": 2, "owners": [{"name": "ONCOR ELECTRIC DELIVERY CO.", "voltages_kv": [115], "miles": 0.0, "named": false}], "circuits": [], "source_date": "2018-08-06"}}, {"type": "Feature", "geometry": {"type": "Point", "coordinates": [-96.1802, 31.7101]}, "properties": {"id": "307458", "name": "Unnamed substation", "type": "Substation", "status": "Status not published", "city": "Fairfield", "county": "Freestone", "state": "Texas", "min_kv": null, "max_kv": 115, "max_inferred": true, "min_inferred": false, "line_count": 3, "owners": [{"name": "ONCOR ELECTRIC DELIVERY CO.", "voltages_kv": [115, 69], "miles": 0.01, "named": false}], "circuits": [], "source_date": "2018-09-28"}}, {"type": "Feature", "geometry": {"type": "Point", "coordinates": [-96.2128, 31.69538]}, "properties": {"id": "309544", "name": "Unnamed substation", "type": "Substation", "status": "Status not published", "city": "Fairfield", "county": "Freestone", "state": "Texas", "min_kv": null, "max_kv": 115, "max_inferred": true, "min_inferred": false, "line_count": 3, "owners": [{"name": "ONCOR ELECTRIC DELIVERY CO.", "voltages_kv": [115, 69], "miles": 0.0, "named": false}], "circuits": [], "source_date": "2018-08-06"}}, {"type": "Feature", "geometry": {"type": "Point", "coordinates": [-96.68649, 31.04435]}, "properties": {"id": "310125", "name": "Unnamed substation", "type": "Substation", "status": "In service", "city": "Calvert", "county": "Robertson", "state": "Texas", "min_kv": null, "max_kv": 115, "max_inferred": true, "min_inferred": false, "line_count": 1, "owners": [{"name": "ONCOR ELECTRIC DELIVERY CO.", "voltages_kv": [115], "miles": 0.0, "named": false}], "circuits": [], "source_date": "2018-10-09"}}, {"type": "Feature", "geometry": {"type": "Point", "coordinates": [-95.6135, 33.13194]}, "properties": {"id": "307609", "name": "Sulphur Springs", "type": "Substation", "status": "In service", "city": "Sulphur Springs", "county": "Hopkins", "state": "Texas", "min_kv": 69, "max_kv": 69, "max_inferred": true, "min_inferred": true, "line_count": 2, "owners": [{"name": "ONCOR ELECTRIC DELIVERY CO.", "voltages_kv": [138], "miles": 0.0, "named": true}], "circuits": [{"owner": "ONCOR ELECTRIC DELIVERY CO.", "voltage_kv": 138, "miles": 0.0, "from_name": "Sulphur Springs Switching", "to_name": "Sulphur Springs"}], "source_date": "2017-01-18"}}, {"type": "Feature", "geometry": {"type": "Point", "coordinates": [-95.06051, 32.27368]}, "properties": {"id": "300082", "name": "Unnamed substation", "type": "Substation", "status": "In service", "city": "Arp", "county": "Smith", "state": "Texas", "min_kv": 69, "max_kv": 69, "max_inferred": true, "min_inferred": true, "line_count": 1, "owners": [{"name": "ONCOR ELECTRIC DELIVERY CO.", "voltages_kv": [138, 69], "miles": 0.0, "named": false}, {"name": "UPSHUR RURAL ELEC COOP CORP", "voltages_kv": [345], "miles": 0.31, "named": false}], "circuits": [], "source_date": "2015-08-07"}}, {"type": "Feature", "geometry": {"type": "Point", "coordinates": [-95.65941, 33.01685]}, "properties": {"id": "300097", "name": "Unnamed substation", "type": "Substation", "status": "In service", "city": "Yantis", "county": "Hopkins", "state": "Texas", "min_kv": 13.8, "max_kv": 69, "max_inferred": true, "min_inferred": true, "line_count": 2, "owners": [], "circuits": [], "source_date": "2015-06-11"}}, {"type": "Feature", "geometry": {"type": "Point", "coordinates": [-95.27027, 32.35624]}, "properties": {"id": "300259", "name": "Unnamed substation", "type": "Substation", "status": "In service", "city": "Tyler", "county": "Smith", "state": "Texas", "min_kv": 69, "max_kv": 69, "max_inferred": true, "min_inferred": true, "line_count": 1, "owners": [], "circuits": [], "source_date": "2015-08-21"}}, {"type": "Feature", "geometry": {"type": "Point", "coordinates": [-95.04323, 32.1925]}, "properties": {"id": "300316", "name": "Unnamed substation", "type": "Substation", "status": "In service", "city": "Troup", "county": "Smith", "state": "Texas", "min_kv": null, "max_kv": 69, "max_inferred": true, "min_inferred": false, "line_count": 1, "owners": [{"name": "ONCOR ELECTRIC DELIVERY CO.", "voltages_kv": [69], "miles": 0.0, "named": false}], "circuits": [], "source_date": "2018-09-25"}}, {"type": "Feature", "geometry": {"type": "Point", "coordinates": [-95.58423, 32.76113]}, "properties": {"id": "300458", "name": "Unnamed substation", "type": "Substation", "status": "In service", "city": "Alba", "county": "Wood", "state": "Texas", "min_kv": 69, "max_kv": 69, "max_inferred": true, "min_inferred": true, "line_count": 2, "owners": [], "circuits": [], "source_date": "2017-12-22"}}, {"type": "Feature", "geometry": {"type": "Point", "coordinates": [-95.8368, 32.23079]}, "properties": {"id": "301280", "name": "Unnamed substation", "type": "Substation", "status": "In service", "city": "Athens", "county": "Henderson", "state": "Texas", "min_kv": null, "max_kv": 69, "max_inferred": true, "min_inferred": false, "line_count": 2, "owners": [{"name": "ONCOR ELECTRIC DELIVERY CO.", "voltages_kv": [138], "miles": 0.0, "named": false}], "circuits": [], "source_date": "2018-07-03"}}, {"type": "Feature", "geometry": {"type": "Point", "coordinates": [-95.70993, 31.65538]}, "properties": {"id": "301480", "name": "Unnamed substation", "type": "Substation", "status": "In service", "city": "Tucker", "county": "Anderson", "state": "Texas", "min_kv": 69, "max_kv": 69, "max_inferred": true, "min_inferred": true, "line_count": 2, "owners": [], "circuits": [], "source_date": "2015-06-11"}}, {"type": "Feature", "geometry": {"type": "Point", "coordinates": [-95.07611, 32.83316]}, "properties": {"id": "301525", "name": "Unnamed substation", "type": "Substation", "status": "Status not published", "city": "Gilmer", "county": "Upshur", "state": "Texas", "min_kv": null, "max_kv": 69, "max_inferred": true, "min_inferred": false, "line_count": 1, "owners": [], "circuits": [], "source_date": "2017-12-22"}}, {"type": "Feature", "geometry": {"type": "Point", "coordinates": [-96.40302, 31.77014]}, "properties": {"id": "300549", "name": "Unnamed substation", "type": "Substation", "status": "In service", "city": "Wortham", "county": "Freestone", "state": "Texas", "min_kv": null, "max_kv": 69, "max_inferred": true, "min_inferred": false, "line_count": 2, "owners": [{"name": "ONCOR ELECTRIC DELIVERY CO.", "voltages_kv": [69], "miles": 0.0, "named": false}], "circuits": [], "source_date": "2018-09-24"}}, {"type": "Feature", "geometry": {"type": "Point", "coordinates": [-95.56945, 32.91242]}, "properties": {"id": "300567", "name": "Unnamed substation", "type": "Substation", "status": "In service", "city": "Yantis", "county": "Wood", "state": "Texas", "min_kv": 69, "max_kv": 69, "max_inferred": true, "min_inferred": true, "line_count": 2, "owners": [], "circuits": [], "source_date": "2018-01-04"}}, {"type": "Feature", "geometry": {"type": "Point", "coordinates": [-95.48327, 31.48644]}, "properties": {"id": "300596", "name": "Unnamed substation", "type": "Substation", "status": "Status not published", "city": "Grapeland", "county": "Houston", "state": "Texas", "min_kv": null, "max_kv": 69, "max_inferred": true, "min_inferred": false, "line_count": 2, "owners": [{"name": "ONCOR ELECTRIC DELIVERY CO.", "voltages_kv": [69], "miles": 0.0, "named": false}], "circuits": [], "source_date": "2018-01-08"}}, {"type": "Feature", "geometry": {"type": "Point", "coordinates": [-95.14821, 32.11284]}, "properties": {"id": "300701", "name": "Unnamed substation", "type": "Substation", "status": "In service", "city": "Troup", "county": "Cherokee", "state": "Texas", "min_kv": 69, "max_kv": 69, "max_inferred": true, "min_inferred": true, "line_count": 2, "owners": [{"name": "ONCOR ELECTRIC DELIVERY CO.", "voltages_kv": [345, 69], "miles": 0.0, "named": false}], "circuits": [], "source_date": "2015-08-07"}}, {"type": "Feature", "geometry": {"type": "Point", "coordinates": [-95.80335, 33.18446]}, "properties": {"id": "300713", "name": "Unnamed substation", "type": "Substation", "status": "In service", "city": "Ridgeway", "county": "Hopkins", "state": "Texas", "min_kv": 69, "max_kv": 69, "max_inferred": true, "min_inferred": true, "line_count": 2, "owners": [{"name": "ONCOR ELECTRIC DELIVERY CO.", "voltages_kv": [138, 69], "miles": 0.0, "named": false}], "circuits": [], "source_date": "2015-06-15"}}, {"type": "Feature", "geometry": {"type": "Point", "coordinates": [-96.42732, 31.92586]}, "properties": {"id": "300053", "name": "Unnamed substation", "type": "Substation", "status": "In service", "city": "Richland", "county": "Navarro", "state": "Texas", "min_kv": null, "max_kv": 69, "max_inferred": true, "min_inferred": false, "line_count": 2, "owners": [{"name": "ONCOR ELECTRIC DELIVERY CO.", "voltages_kv": [69], "miles": 0.0, "named": false}], "circuits": [], "source_date": "2018-08-06"}}, {"type": "Feature", "geometry": {"type": "Point", "coordinates": [-96.81158, 32.02137]}, "properties": {"id": "300816", "name": "Unnamed substation", "type": "Substation", "status": "Status not published", "city": "Frost", "county": "Navarro", "state": "Texas", "min_kv": 69, "max_kv": 69, "max_inferred": true, "min_inferred": true, "line_count": 1, "owners": [], "circuits": [], "source_date": "2017-12-22"}}, {"type": "Feature", "geometry": {"type": "Point", "coordinates": [-95.69248, 33.28918]}, "properties": {"id": "302882", "name": "Unnamed substation", "type": "Substation", "status": "Status not published", "city": "Sulphur Springs", "county": "Hopkins", "state": "Texas", "min_kv": null, "max_kv": 69, "max_inferred": true, "min_inferred": false, "line_count": 1, "owners": [{"name": "ONCOR ELECTRIC DELIVERY CO.", "voltages_kv": [69], "miles": 0.0, "named": false}], "circuits": [], "source_date": "2018-01-04"}}, {"type": "Feature", "geometry": {"type": "Point", "coordinates": [-94.71574, 32.98263]}, "properties": {"id": "302930", "name": "Unnamed substation", "type": "Substation", "status": "Status not published", "city": "Daingerfield", "county": "Morris", "state": "Texas", "min_kv": null, "max_kv": 69, "max_inferred": true, "min_inferred": false, "line_count": 3, "owners": [{"name": "NOT AVAILABLE", "voltages_kv": [69], "miles": 0.0, "named": false}], "circuits": [], "source_date": "2018-09-25"}}, {"type": "Feature", "geometry": {"type": "Point", "coordinates": [-96.42742, 32.09162]}, "properties": {"id": "303002", "name": "Unnamed substation", "type": "Substation", "status": "Status not published", "city": "Corsicana", "county": "Navarro", "state": "Texas", "min_kv": null, "max_kv": 69, "max_inferred": true, "min_inferred": false, "line_count": 3, "owners": [{"name": "ONCOR ELECTRIC DELIVERY CO.", "voltages_kv": [69], "miles": 0.0, "named": false}], "circuits": [], "source_date": "2018-08-06"}}, {"type": "Feature", "geometry": {"type": "Point", "coordinates": [-95.35566, 33.22795]}, "properties": {"id": "303039", "name": "Unnamed substation", "type": "Substation", "status": "In service", "city": "Saltillo", "county": "Hopkins", "state": "Texas", "min_kv": 69, "max_kv": 69, "max_inferred": true, "min_inferred": true, "line_count": 2, "owners": [{"name": "ONCOR ELECTRIC DELIVERY CO.", "voltages_kv": [69], "miles": 0.0, "named": false}, {"name": "ONCOR ELECTRIC DELIVERY COMPANY LLC", "voltages_kv": [138], "miles": 0.0, "named": false}], "circuits": [], "source_date": "2015-06-12"}}, {"type": "Feature", "geometry": {"type": "Point", "coordinates": [-95.18657, 32.97808]}, "properties": {"id": "303097", "name": "Unnamed substation", "type": "Substation", "status": "In service", "city": "Scroggins", "county": "Franklin", "state": "Texas", "min_kv": null, "max_kv": 69, "max_inferred": true, "min_inferred": false, "line_count": 4, "owners": [{"name": "BOWIE-CASS ELECTRIC COOP, INC", "voltages_kv": [69], "miles": 0.0, "named": false}], "circuits": [], "source_date": "2017-12-22"}}, {"type": "Feature", "geometry": {"type": "Point", "coordinates": [-95.73977, 31.68897]}, "properties": {"id": "303112", "name": "Unnamed substation", "type": "Substation", "status": "In service", "city": "Tucker", "county": "Anderson", "state": "Texas", "min_kv": 69, "max_kv": 69, "max_inferred": true, "min_inferred": true, "line_count": 1, "owners": [], "circuits": [], "source_date": "2015-06-11"}}, {"type": "Feature", "geometry": {"type": "Point", "coordinates": [-95.53252, 33.11688]}, "properties": {"id": "303236", "name": "Unnamed substation", "type": "Substation", "status": "Status not published", "city": "Sulphur Springs", "county": "Hopkins", "state": "Texas", "min_kv": null, "max_kv": 69, "max_inferred": true, "min_inferred": false, "line_count": 3, "owners": [{"name": "ONCOR ELECTRIC DELIVERY CO.", "voltages_kv": [138, 69], "miles": 0.0, "named": false}], "circuits": [], "source_date": "2018-08-27"}}, {"type": "Feature", "geometry": {"type": "Point", "coordinates": [-95.37137, 32.43454]}, "properties": {"id": "301719", "name": "Unnamed substation", "type": "Substation", "status": "In service", "city": "Lindale", "county": "Smith", "state": "Texas", "min_kv": 69, "max_kv": 69, "max_inferred": true, "min_inferred": true, "line_count": 3, "owners": [{"name": "ONCOR ELECTRIC DELIVERY CO.", "voltages_kv": [138], "miles": 0.0, "named": false}], "circuits": [], "source_date": "2015-08-21"}}, {"type": "Feature", "geometry": {"type": "Point", "coordinates": [-95.27217, 33.05972]}, "properties": {"id": "301757", "name": "Unnamed substation", "type": "Substation", "status": "Status not published", "city": "Mount Vernon", "county": "Franklin", "state": "Texas", "min_kv": null, "max_kv": 69, "max_inferred": true, "min_inferred": false, "line_count": 2, "owners": [{"name": "NOT AVAILABLE", "voltages_kv": [69], "miles": 0.0, "named": false}], "circuits": [], "source_date": "2018-01-04"}}, {"type": "Feature", "geometry": {"type": "Point", "coordinates": [-95.30833, 33.04082]}, "properties": {"id": "301782", "name": "Unnamed substation", "type": "Substation", "status": "Status not published", "city": "Winnsboro", "county": "Franklin", "state": "Texas", "min_kv": null, "max_kv": 69, "max_inferred": true, "min_inferred": false, "line_count": 2, "owners": [{"name": "NOT AVAILABLE", "voltages_kv": [69], "miles": 0.0, "named": false}], "circuits": [], "source_date": "2017-12-22"}}, {"type": "Feature", "geometry": {"type": "Point", "coordinates": [-95.28501, 32.06731]}, "properties": {"id": "301829", "name": "Unnamed substation", "type": "Substation", "status": "Status not published", "city": "Bullard", "county": "Cherokee", "state": "Texas", "min_kv": null, "max_kv": 69, "max_inferred": true, "min_inferred": false, "line_count": 2, "owners": [{"name": "ONCOR ELECTRIC DELIVERY CO.", "voltages_kv": [69], "miles": 0.0, "named": false}], "circuits": [], "source_date": "2017-12-22"}}, {"type": "Feature", "geometry": {"type": "Point", "coordinates": [-96.4265, 31.40083]}, "properties": {"id": "301830", "name": "Unnamed substation", "type": "Substation", "status": "Status not published", "city": "Thornton", "county": "Limestone", "state": "Texas", "min_kv": null, "max_kv": 69, "max_inferred": true, "min_inferred": false, "line_count": 0, "owners": [{"name": "ONCOR ELECTRIC DELIVERY CO.", "voltages_kv": [345], "miles": 0.01, "named": false}, {"name": "NAVASOTA VALLEY ELEC COOP, INC", "voltages_kv": [345], "miles": 0.02, "named": false}], "circuits": [{"owner": "NAVASOTA VALLEY ELEC COOP, INC", "voltage_kv": 345, "miles": 0.02, "from_name": "Twin Oak", "to_name": ""}], "source_date": "2015-10-12"}}, {"type": "Feature", "geometry": {"type": "Point", "coordinates": [-95.36255, 32.43728]}, "properties": {"id": "301837", "name": "Unnamed substation", "type": "Substation", "status": "In service", "city": "Tyler", "county": "Smith", "state": "Texas", "min_kv": 69, "max_kv": 69, "max_inferred": true, "min_inferred": true, "line_count": 1, "owners": [], "circuits": [], "source_date": "2018-01-02"}}, {"type": "Feature", "geometry": {"type": "Point", "coordinates": [-95.12584, 32.14123]}, "properties": {"id": "301862", "name": "Unnamed substation", "type": "Substation", "status": "In service", "city": "Troup", "county": "Smith", "state": "Texas", "min_kv": null, "max_kv": 69, "max_inferred": true, "min_inferred": false, "line_count": 1, "owners": [{"name": "ONCOR ELECTRIC DELIVERY CO.", "voltages_kv": [69], "miles": 0.0, "named": false}], "circuits": [], "source_date": "2018-09-25"}}, {"type": "Feature", "geometry": {"type": "Point", "coordinates": [-95.60483, 32.83613]}, "properties": {"id": "302109", "name": "Unnamed substation", "type": "Substation", "status": "In service", "city": "Alba", "county": "Wood", "state": "Texas", "min_kv": null, "max_kv": 69, "max_inferred": true, "min_inferred": false, "line_count": 2, "owners": [{"name": "ONCOR ELECTRIC DELIVERY CO.", "voltages_kv": [69], "miles": 0.0, "named": false}], "circuits": [], "source_date": "2017-12-22"}}, {"type": "Feature", "geometry": {"type": "Point", "coordinates": [-95.42822, 32.92554]}, "properties": {"id": "302112", "name": "Unnamed substation", "type": "Substation", "status": "Status not published", "city": "Como", "county": "Wood", "state": "Texas", "min_kv": null, "max_kv": 69, "max_inferred": true, "min_inferred": false, "line_count": 3, "owners": [], "circuits": [], "source_date": "2018-07-03"}}, {"type": "Feature", "geometry": {"type": "Point", "coordinates": [-95.16127, 31.79509]}, "properties": {"id": "303315", "name": "Unnamed substation", "type": "Substation", "status": "Status not published", "city": "Rusk", "county": "Cherokee", "state": "Texas", "min_kv": null, "max_kv": 69, "max_inferred": true, "min_inferred": false, "line_count": 2, "owners": [{"name": "ONCOR ELECTRIC DELIVERY CO.", "voltages_kv": [69], "miles": 0.0, "named": false}], "circuits": [], "source_date": "2018-01-02"}}, {"type": "Feature", "geometry": {"type": "Point", "coordinates": [-95.17328, 32.99323]}, "properties": {"id": "303404", "name": "Unnamed substation", "type": "Substation", "status": "In service", "city": "Newsome", "county": "Franklin", "state": "Texas", "min_kv": 13.8, "max_kv": 69, "max_inferred": true, "min_inferred": true, "line_count": 2, "owners": [{"name": "FARMERS ELECTRIC COOP, INC - (TX)", "voltages_kv": [138], "miles": 0.0, "named": false}, {"name": "WOOD COUNTY ELECTRIC COOP, INC", "voltages_kv": [69], "miles": 0.0, "named": false}, {"name": "BOWIE-CASS ELECTRIC COOP, INC", "voltages_kv": [69], "miles": 0.03, "named": false}], "circuits": [{"owner": "WOOD COUNTY ELECTRIC COOP, INC", "voltage_kv": 69, "miles": 0.0, "from_name": "", "to_name": "Pittsburg Substation"}], "source_date": "2015-08-24"}}, {"type": "Feature", "geometry": {"type": "Point", "coordinates": [-94.70311, 32.94242]}, "properties": {"id": "302207", "name": "Unnamed substation", "type": "Substation", "status": "Status not published", "city": "Lone Star", "county": "Morris", "state": "Texas", "min_kv": null, "max_kv": 69, "max_inferred": true, "min_inferred": false, "line_count": 2, "owners": [{"name": "NOT AVAILABLE", "voltages_kv": [69], "miles": 0.0, "named": false}], "circuits": [], "source_date": "2017-12-22"}}, {"type": "Feature", "geometry": {"type": "Point", "coordinates": [-95.39458, 32.12676]}, "properties": {"id": "302224", "name": "Unnamed substation", "type": "Substation", "status": "In service", "city": "Bullard", "county": "Cherokee", "state": "Texas", "min_kv": null, "max_kv": 69, "max_inferred": true, "min_inferred": false, "line_count": 2, "owners": [{"name": "ONCOR ELECTRIC DELIVERY CO.", "voltages_kv": [138], "miles": 0.0, "named": false}], "circuits": [], "source_date": "2015-10-12"}}, {"type": "Feature", "geometry": {"type": "Point", "coordinates": [-95.52426, 32.10344]}, "properties": {"id": "302324", "name": "Unnamed substation", "type": "Substation", "status": "Status not published", "city": "Frankston", "county": "Henderson", "state": "Texas", "min_kv": null, "max_kv": 69, "max_inferred": true, "min_inferred": false, "line_count": 2, "owners": [{"name": "ONCOR ELECTRIC DELIVERY CO.", "voltages_kv": [138], "miles": 0.0, "named": false}], "circuits": [], "source_date": "2018-01-02"}}, {"type": "Feature", "geometry": {"type": "Point", "coordinates": [-96.69351, 31.09122]}, "properties": {"id": "302359", "name": "Unnamed substation", "type": "Substation", "status": "In service", "city": "Hammond", "county": "Robertson", "state": "Texas", "min_kv": 69, "max_kv": 69, "max_inferred": false, "min_inferred": true, "line_count": 4, "owners": [{"name": "ONCOR ELECTRIC DELIVERY CO.", "voltages_kv": [345], "miles": 0.0, "named": false}], "circuits": [], "source_date": "2015-08-27"}}, {"type": "Feature", "geometry": {"type": "Point", "coordinates": [-96.26202, 31.63342]}, "properties": {"id": "303657", "name": "Unnamed substation", "type": "Substation", "status": "In service", "city": "Teague", "county": "Freestone", "state": "Texas", "min_kv": null, "max_kv": 69, "max_inferred": true, "min_inferred": false, "line_count": 1, "owners": [{"name": "ONCOR ELECTRIC DELIVERY CO.", "voltages_kv": [69], "miles": 0.0, "named": false}], "circuits": [], "source_date": "2018-08-06"}}, {"type": "Feature", "geometry": {"type": "Point", "coordinates": [-95.62679, 31.73884]}, "properties": {"id": "304553", "name": "Unnamed substation", "type": "Substation", "status": "In service", "city": "Palestine", "county": "Anderson", "state": "Texas", "min_kv": 69, "max_kv": 69, "max_inferred": true, "min_inferred": true, "line_count": 2, "owners": [], "circuits": [], "source_date": "2018-10-22"}}, {"type": "Feature", "geometry": {"type": "Point", "coordinates": [-95.31159, 32.35097]}, "properties": {"id": "303867", "name": "Unnamed substation", "type": "Substation", "status": "In service", "city": "Tyler", "county": "Smith", "state": "Texas", "min_kv": null, "max_kv": 69, "max_inferred": true, "min_inferred": false, "line_count": 2, "owners": [{"name": "ONCOR ELECTRIC DELIVERY CO.", "voltages_kv": [69], "miles": 0.0, "named": false}], "circuits": [], "source_date": "2018-07-03"}}, {"type": "Feature", "geometry": {"type": "Point", "coordinates": [-96.18532, 31.53253]}, "properties": {"id": "304279", "name": "Unnamed substation", "type": "Substation", "status": "Status not published", "city": "Teague", "county": "Freestone", "state": "Texas", "min_kv": null, "max_kv": 69, "max_inferred": true, "min_inferred": false, "line_count": 0, "owners": [{"name": "ONCOR ELECTRIC DELIVERY CO.", "voltages_kv": [138], "miles": 0.0, "named": false}], "circuits": [], "source_date": "2017-12-22"}}, {"type": "Feature", "geometry": {"type": "Point", "coordinates": [-95.50705, 32.70983]}, "properties": {"id": "303904", "name": "Unnamed substation", "type": "Substation", "status": "In service", "city": "Mineola", "county": "Wood", "state": "Texas", "min_kv": 13.8, "max_kv": 69, "max_inferred": true, "min_inferred": true, "line_count": 2, "owners": [{"name": "FARMERS ELECTRIC COOP, INC - (TX)", "voltages_kv": [69], "miles": 0.0, "named": false}], "circuits": [], "source_date": "2015-08-21"}}, {"type": "Feature", "geometry": {"type": "Point", "coordinates": [-96.27024, 31.12322]}, "properties": {"id": "303937", "name": "Unnamed substation", "type": "Substation", "status": "In service", "city": "Normangee", "county": "Leon", "state": "Texas", "min_kv": 69, "max_kv": 69, "max_inferred": true, "min_inferred": true, "line_count": 1, "owners": [], "circuits": [], "source_date": "2018-10-17"}}, {"type": "Feature", "geometry": {"type": "Point", "coordinates": [-95.75634, 33.1712]}, "properties": {"id": "304751", "name": "Unnamed substation", "type": "Substation", "status": "Status not published", "city": "Cumby", "county": "Hopkins", "state": "Texas", "min_kv": null, "max_kv": 69, "max_inferred": true, "min_inferred": false, "line_count": 3, "owners": [{"name": "ONCOR ELECTRIC DELIVERY CO.", "voltages_kv": [69], "miles": 0.0, "named": false}], "circuits": [], "source_date": "2018-09-25"}}, {"type": "Feature", "geometry": {"type": "Point", "coordinates": [-95.13379, 32.13142]}, "properties": {"id": "303969", "name": "Unnamed substation", "type": "Substation", "status": "In service", "city": "Troup", "county": "Cherokee", "state": "Texas", "min_kv": null, "max_kv": 69, "max_inferred": true, "min_inferred": false, "line_count": 1, "owners": [{"name": "ONCOR ELECTRIC DELIVERY CO.", "voltages_kv": [69], "miles": 0.0, "named": false}], "circuits": [], "source_date": "2018-09-25"}}, {"type": "Feature", "geometry": {"type": "Point", "coordinates": [-95.4274, 32.79542]}, "properties": {"id": "304475", "name": "Unnamed substation", "type": "Substation", "status": "In service", "city": "Quitman", "county": "Wood", "state": "Texas", "min_kv": null, "max_kv": 69, "max_inferred": false, "min_inferred": false, "line_count": 5, "owners": [{"name": "FARMERS ELECTRIC COOP, INC - (TX)", "voltages_kv": [138, 69], "miles": 0.0, "named": false}], "circuits": [], "source_date": "2015-08-28"}}, {"type": "Feature", "geometry": {"type": "Point", "coordinates": [-96.10337, 32.12596]}, "properties": {"id": "304870", "name": "Unnamed substation", "type": "Substation", "status": "In service", "city": "Trinidad", "county": "Navarro", "state": "Texas", "min_kv": null, "max_kv": 69, "max_inferred": true, "min_inferred": false, "line_count": 5, "owners": [{"name": "ONCOR ELECTRIC DELIVERY CO.", "voltages_kv": [345, 138], "miles": 0.0, "named": false}, {"name": "ONCOR ELECTRIC DELIVERY COMPANY LLC", "voltages_kv": [345], "miles": 0.14, "named": false}], "circuits": [{"owner": "ONCOR ELECTRIC DELIVERY CO.", "voltage_kv": 138, "miles": 0.0, "from_name": "Trinidad", "to_name": ""}, {"owner": "ONCOR ELECTRIC DELIVERY CO.", "voltage_kv": 345, "miles": 0.11, "from_name": "Trinidad", "to_name": ""}, {"owner": "ONCOR ELECTRIC DELIVERY CO.", "voltage_kv": 345, "miles": 0.14, "from_name": "Trinidad", "to_name": "Tri-Corner"}], "source_date": "2018-09-24"}}, {"type": "Feature", "geometry": {"type": "Point", "coordinates": [-95.42208, 32.49004]}, "properties": {"id": "305737", "name": "Unnamed substation", "type": "Substation", "status": "In service", "city": "Lindale", "county": "Smith", "state": "Texas", "min_kv": 69, "max_kv": 69, "max_inferred": true, "min_inferred": true, "line_count": 1, "owners": [{"name": "ONCOR ELECTRIC DELIVERY CO.", "voltages_kv": [138], "miles": 0.0, "named": false}], "circuits": [], "source_date": "2015-08-21"}}, {"type": "Feature", "geometry": {"type": "Point", "coordinates": [-94.94153, 32.72224]}, "properties": {"id": "305915", "name": "Unnamed substation", "type": "Substation", "status": "In service", "city": "Gilmer", "county": "Upshur", "state": "Texas", "min_kv": 69, "max_kv": 69, "max_inferred": true, "min_inferred": true, "line_count": 2, "owners": [], "circuits": [], "source_date": "2018-01-08"}}, {"type": "Feature", "geometry": {"type": "Point", "coordinates": [-94.86967, 32.95867]}, "properties": {"id": "305931", "name": "Unnamed substation", "type": "Substation", "status": "In service", "city": "Pittsburg", "county": "Camp", "state": "Texas", "min_kv": null, "max_kv": 69, "max_inferred": true, "min_inferred": false, "line_count": 2, "owners": [], "circuits": [], "source_date": "2017-12-22"}}, {"type": "Feature", "geometry": {"type": "Point", "coordinates": [-95.09808, 32.27464]}, "properties": {"id": "305942", "name": "Unnamed substation", "type": "Substation", "status": "In service", "city": "Arp", "county": "Smith", "state": "Texas", "min_kv": 69, "max_kv": 69, "max_inferred": true, "min_inferred": true, "line_count": 1, "owners": [{"name": "ONCOR ELECTRIC DELIVERY CO.", "voltages_kv": [138, 69], "miles": 0.0, "named": false}, {"name": "UPSHUR RURAL ELEC COOP CORP", "voltages_kv": [345], "miles": 0.43, "named": false}], "circuits": [], "source_date": "2015-08-07"}}, {"type": "Feature", "geometry": {"type": "Point", "coordinates": [-95.61627, 32.81388]}, "properties": {"id": "306023", "name": "Unnamed substation", "type": "Substation", "status": "In service", "city": "Alba", "county": "Wood", "state": "Texas", "min_kv": 69, "max_kv": 69, "max_inferred": true, "min_inferred": true, "line_count": 2, "owners": [], "circuits": [], "source_date": "2017-12-22"}}, {"type": "Feature", "geometry": {"type": "Point", "coordinates": [-96.46871, 31.78118]}, "properties": {"id": "306066", "name": "Unnamed substation", "type": "Substation", "status": "In service", "city": "Wortham", "county": "Freestone", "state": "Texas", "min_kv": null, "max_kv": 69, "max_inferred": true, "min_inferred": false, "line_count": 2, "owners": [{"name": "ONCOR ELECTRIC DELIVERY CO.", "voltages_kv": [69], "miles": 0.0, "named": false}], "circuits": [], "source_date": "2018-08-06"}}, {"type": "Feature", "geometry": {"type": "Point", "coordinates": [-94.90911, 32.68907]}, "properties": {"id": "306906", "name": "Unnamed substation", "type": "Substation", "status": "Status not published", "city": "Gilmer", "county": "Upshur", "state": "Texas", "min_kv": null, "max_kv": 69, "max_inferred": true, "min_inferred": false, "line_count": 1, "owners": [], "circuits": [], "source_date": "2017-12-22"}}, {"type": "Feature", "geometry": {"type": "Point", "coordinates": [-96.01499, 32.18488]}, "properties": {"id": "307009", "name": "Unnamed substation", "type": "Substation", "status": "Status not published", "city": "Malakoff", "county": "Henderson", "state": "Texas", "min_kv": null, "max_kv": 69, "max_inferred": true, "min_inferred": false, "line_count": 4, "owners": [{"name": "ONCOR ELECTRIC DELIVERY CO.", "voltages_kv": [345, 138], "miles": 0.0, "named": false}], "circuits": [{"owner": "ONCOR ELECTRIC DELIVERY CO.", "voltage_kv": 345, "miles": 0.21, "from_name": "Trinidad", "to_name": ""}], "source_date": "2015-10-12"}}, {"type": "Feature", "geometry": {"type": "Point", "coordinates": [-94.72059, 32.97799]}, "properties": {"id": "307064", "name": "Unnamed substation", "type": "Substation", "status": "Status not published", "city": "Daingerfield", "county": "Morris", "state": "Texas", "min_kv": null, "max_kv": 69, "max_inferred": true, "min_inferred": false, "line_count": 1, "owners": [{"name": "NOT AVAILABLE", "voltages_kv": [69], "miles": 0.0, "named": false}], "circuits": [], "source_date": "2017-12-22"}}, {"type": "Feature", "geometry": {"type": "Point", "coordinates": [-95.25827, 32.40151]}, "properties": {"id": "307249", "name": "Unnamed substation", "type": "Substation", "status": "In service", "city": "Tyler", "county": "Smith", "state": "Texas", "min_kv": 69, "max_kv": 69, "max_inferred": true, "min_inferred": true, "line_count": 2, "owners": [{"name": "ONCOR ELECTRIC DELIVERY CO.", "voltages_kv": [69], "miles": 0.0, "named": false}], "circuits": [{"owner": "ONCOR ELECTRIC DELIVERY CO.", "voltage_kv": 69, "miles": 0.0, "from_name": "Shamburger", "to_name": ""}], "source_date": "2015-08-21"}}, {"type": "Feature", "geometry": {"type": "Point", "coordinates": [-95.45271, 31.59673]}, "properties": {"id": "307279", "name": "Unnamed substation", "type": "Substation", "status": "Status not published", "city": "Elkhart", "county": "Anderson", "state": "Texas", "min_kv": 69, "max_kv": 69, "max_inferred": true, "min_inferred": true, "line_count": 1, "owners": [], "circuits": [], "source_date": "2018-01-04"}}, {"type": "Feature", "geometry": {"type": "Point", "coordinates": [-95.10755, 32.98083]}, "properties": {"id": "307353", "name": "Unnamed substation", "type": "Substation", "status": "Status not published", "city": "Leesburg", "county": "Camp", "state": "Texas", "min_kv": null, "max_kv": 69, "max_inferred": true, "min_inferred": false, "line_count": 0, "owners": [], "circuits": [], "source_date": "2018-01-30"}}, {"type": "Feature", "geometry": {"type": "Point", "coordinates": [-96.63719, 31.74595]}, "properties": {"id": "306548", "name": "Unnamed substation", "type": "Substation", "status": "Status not published", "city": "Coolidge", "county": "Limestone", "state": "Texas", "min_kv": null, "max_kv": 69, "max_inferred": true, "min_inferred": false, "line_count": 1, "owners": [{"name": "ONCOR ELECTRIC DELIVERY CO.", "voltages_kv": [69], "miles": 0.0, "named": false}], "circuits": [], "source_date": "2017-12-22"}}, {"type": "Feature", "geometry": {"type": "Point", "coordinates": [-94.71313, 32.90857]}, "properties": {"id": "307466", "name": "Unnamed substation", "type": "Substation", "status": "In service", "city": "Lone Star", "county": "Morris", "state": "Texas", "min_kv": 69, "max_kv": 69, "max_inferred": true, "min_inferred": true, "line_count": 5, "owners": [{"name": "BOWIE-CASS ELECTRIC COOP, INC", "voltages_kv": [69], "miles": 0.0, "named": false}, {"name": "UPSHUR RURAL ELEC COOP CORP", "voltages_kv": [345], "miles": 0.0, "named": false}], "circuits": [{"owner": "UPSHUR RURAL ELEC COOP CORP", "voltage_kv": 345, "miles": 0.0, "from_name": "Pittsburg Substation", "to_name": ""}], "source_date": "2015-08-14"}}, {"type": "Feature", "geometry": {"type": "Point", "coordinates": [-95.5688, 33.09496]}, "properties": {"id": "307521", "name": "Unnamed substation", "type": "Substation", "status": "In service", "city": "Sulphur Springs", "county": "Hopkins", "state": "Texas", "min_kv": 69, "max_kv": 69, "max_inferred": true, "min_inferred": true, "line_count": 2, "owners": [{"name": "ONCOR ELECTRIC DELIVERY CO.", "voltages_kv": [69], "miles": 0.0, "named": false}], "circuits": [{"owner": "ONCOR ELECTRIC DELIVERY CO.", "voltage_kv": 69, "miles": 0.0, "from_name": "Sulphur Springs Switching", "to_name": ""}], "source_date": "2015-06-11"}}, {"type": "Feature", "geometry": {"type": "Point", "coordinates": [-94.95869, 33.00162]}, "properties": {"id": "306638", "name": "Unnamed substation", "type": "Substation", "status": "In service", "city": "Pittsburg", "county": "Camp", "state": "Texas", "min_kv": 13.8, "max_kv": 69, "max_inferred": true, "min_inferred": true, "line_count": 5, "owners": [{"name": "UPSHUR RURAL ELEC COOP CORP", "voltages_kv": [345], "miles": 0.0, "named": false}, {"name": "WOOD COUNTY ELECTRIC COOP, INC", "voltages_kv": [69], "miles": 0.0, "named": false}], "circuits": [{"owner": "UPSHUR RURAL ELEC COOP CORP", "voltage_kv": 345, "miles": 0.0, "from_name": "Pittsburg Substation", "to_name": ""}, {"owner": "WOOD COUNTY ELECTRIC COOP, INC", "voltage_kv": 69, "miles": 0.0, "from_name": "", "to_name": "Pittsburg Substation"}], "source_date": "2015-06-11"}}, {"type": "Feature", "geometry": {"type": "Point", "coordinates": [-95.21989, 33.17848]}, "properties": {"id": "307533", "name": "Unnamed substation", "type": "Substation", "status": "Status not published", "city": "Mount Vernon", "county": "Franklin", "state": "Texas", "min_kv": null, "max_kv": 69, "max_inferred": true, "min_inferred": false, "line_count": 2, "owners": [], "circuits": [], "source_date": "2018-01-30"}}, {"type": "Feature", "geometry": {"type": "Point", "coordinates": [-94.72323, 32.9215]}, "properties": {"id": "306317", "name": "Unnamed substation", "type": "Substation", "status": "In service", "city": "Lone Star", "county": "Morris", "state": "Texas", "min_kv": 69, "max_kv": 69, "max_inferred": true, "min_inferred": true, "line_count": 3, "owners": [{"name": "BOWIE-CASS ELECTRIC COOP, INC", "voltages_kv": [69], "miles": 0.0, "named": false}, {"name": "UPSHUR RURAL ELEC COOP CORP", "voltages_kv": [345], "miles": 0.24, "named": false}], "circuits": [{"owner": "UPSHUR RURAL ELEC COOP CORP", "voltage_kv": 345, "miles": 0.31, "from_name": "Pittsburg Substation", "to_name": ""}], "source_date": "2015-06-11"}}, {"type": "Feature", "geometry": {"type": "Point", "coordinates": [-96.67741, 31.43759]}, "properties": {"id": "307560", "name": "Unnamed substation", "type": "Substation", "status": "In service", "city": "Ben Hur", "county": "Limestone", "state": "Texas", "min_kv": 69, "max_kv": 69, "max_inferred": true, "min_inferred": true, "line_count": 2, "owners": [{"name": "ONCOR ELECTRIC DELIVERY CO.", "voltages_kv": [345], "miles": 0.02, "named": false}], "circuits": [], "source_date": "2015-08-27"}}, {"type": "Feature", "geometry": {"type": "Point", "coordinates": [-95.40555, 32.49025]}, "properties": {"id": "306778", "name": "Unnamed substation", "type": "Substation", "status": "In service", "city": "Lindale", "county": "Smith", "state": "Texas", "min_kv": null, "max_kv": 69, "max_inferred": true, "min_inferred": false, "line_count": 3, "owners": [{"name": "ONCOR ELECTRIC DELIVERY CO.", "voltages_kv": [345, 138], "miles": 0.0, "named": false}], "circuits": [{"owner": "ONCOR ELECTRIC DELIVERY CO.", "voltage_kv": 345, "miles": 0.0, "from_name": "", "to_name": "Shamburger"}], "source_date": "2015-06-11"}}, {"type": "Feature", "geometry": {"type": "Point", "coordinates": [-95.1866, 32.66688]}, "properties": {"id": "308636", "name": "Unnamed substation", "type": "Substation", "status": "Status not published", "city": "Hawkins", "county": "Wood", "state": "Texas", "min_kv": null, "max_kv": 69, "max_inferred": true, "min_inferred": false, "line_count": 1, "owners": [], "circuits": [], "source_date": "2017-12-22"}}, {"type": "Feature", "geometry": {"type": "Point", "coordinates": [-95.28662, 33.05214]}, "properties": {"id": "308677", "name": "Unnamed substation", "type": "Substation", "status": "Status not published", "city": "Winnsboro", "county": "Franklin", "state": "Texas", "min_kv": null, "max_kv": 69, "max_inferred": true, "min_inferred": false, "line_count": 3, "owners": [{"name": "NOT AVAILABLE", "voltages_kv": [69], "miles": 0.0, "named": false}], "circuits": [], "source_date": "2018-07-03"}}, {"type": "Feature", "geometry": {"type": "Point", "coordinates": [-95.34116, 32.34689]}, "properties": {"id": "308769", "name": "Unnamed substation", "type": "Substation", "status": "In service", "city": "Tyler", "county": "Smith", "state": "Texas", "min_kv": null, "max_kv": 69, "max_inferred": true, "min_inferred": false, "line_count": 4, "owners": [{"name": "ONCOR ELECTRIC DELIVERY CO.", "voltages_kv": [138, 69], "miles": 0.0, "named": false}], "circuits": [], "source_date": "2015-08-27"}}, {"type": "Feature", "geometry": {"type": "Point", "coordinates": [-95.793, 32.6303]}, "properties": {"id": "308899", "name": "Unnamed substation", "type": "Substation", "status": "In service", "city": "Fruitvale", "county": "Van Zandt", "state": "Texas", "min_kv": null, "max_kv": 69, "max_inferred": true, "min_inferred": false, "line_count": 5, "owners": [{"name": "ONCOR ELECTRIC DELIVERY CO.", "voltages_kv": [138], "miles": 0.0, "named": false}], "circuits": [], "source_date": "2015-08-21"}}, {"type": "Feature", "geometry": {"type": "Point", "coordinates": [-95.72667, 32.68613]}, "properties": {"id": "309338", "name": "Unnamed substation", "type": "Substation", "status": "Status not published", "city": "Grand Saline", "county": "Van Zandt", "state": "Texas", "min_kv": 69, "max_kv": 69, "max_inferred": true, "min_inferred": true, "line_count": 1, "owners": [], "circuits": [], "source_date": "2017-12-22"}}, {"type": "Feature", "geometry": {"type": "Point", "coordinates": [-94.67571, 33.19246]}, "properties": {"id": "309471", "name": "Unnamed substation", "type": "Substation", "status": "In service", "city": "Naples", "county": "Morris", "state": "Texas", "min_kv": null, "max_kv": 69, "max_inferred": true, "min_inferred": false, "line_count": 2, "owners": [{"name": "NOT AVAILABLE", "voltages_kv": [69], "miles": 0.0, "named": false}], "circuits": [], "source_date": "2017-12-22"}}, {"type": "Feature", "geometry": {"type": "Point", "coordinates": [-96.48438, 31.18357]}, "properties": {"id": "309572", "name": "Unnamed substation", "type": "Substation", "status": "In service", "city": "Easterly", "county": "Robertson", "state": "Texas", "min_kv": 69, "max_kv": 69, "max_inferred": true, "min_inferred": true, "line_count": 2, "owners": [{"name": "CITY OF BRYAN - (TX)", "voltages_kv": [345, 69], "miles": 0.0, "named": false}, {"name": "ENTERGY TEXAS INC.", "voltages_kv": [345], "miles": 0.12, "named": false}, {"name": "NAVASOTA VALLEY ELEC COOP, INC", "voltages_kv": [345], "miles": 0.13, "named": false}], "circuits": [{"owner": "CITY OF BRYAN - (TX)", "voltage_kv": 69, "miles": 0.0, "from_name": "Twin Oak", "to_name": ""}, {"owner": "CITY OF BRYAN - (TX)", "voltage_kv": 345, "miles": 0.11, "from_name": "Twin Oak", "to_name": ""}, {"owner": "ENTERGY TEXAS INC.", "voltage_kv": 345, "miles": 0.12, "from_name": "Twin Oak", "to_name": "Gibbons Creek"}], "source_date": "2015-08-27"}}, {"type": "Feature", "geometry": {"type": "Point", "coordinates": [-94.74454, 33.23551]}, "properties": {"id": "309673", "name": "Unnamed substation", "type": "Substation", "status": "In service", "city": "Omaha", "county": "Morris", "state": "Texas", "min_kv": null, "max_kv": 69, "max_inferred": true, "min_inferred": false, "line_count": 2, "owners": [{"name": "NOT AVAILABLE", "voltages_kv": [69], "miles": 0.0, "named": false}], "circuits": [], "source_date": "2018-01-04"}}, {"type": "Feature", "geometry": {"type": "Point", "coordinates": [-96.13054, 31.23034]}, "properties": {"id": "309241", "name": "Unnamed substation", "type": "Substation", "status": "In service", "city": "Marquez", "county": "Leon", "state": "Texas", "min_kv": 69, "max_kv": 69, "max_inferred": true, "min_inferred": true, "line_count": 1, "owners": [], "circuits": [], "source_date": "2018-10-22"}}, {"type": "Feature", "geometry": {"type": "Point", "coordinates": [-94.75293, 32.69162]}, "properties": {"id": "310178", "name": "Unnamed substation", "type": "Substation", "status": "In service", "city": "Diana", "county": "Upshur", "state": "Texas", "min_kv": 13.8, "max_kv": 69, "max_inferred": true, "min_inferred": true, "line_count": 4, "owners": [{"name": "UPSHUR RURAL ELEC COOP CORP", "voltages_kv": [69], "miles": 0.0, "named": false}, {"name": "SOUTHWESTERN ELECTRIC POWER CO", "voltages_kv": [69], "miles": 0.15, "named": false}], "circuits": [], "source_date": "2015-09-11"}}, {"type": "Feature", "geometry": {"type": "Point", "coordinates": [-95.48808, 31.61799]}, "properties": {"id": "310182", "name": "Unnamed substation", "type": "Substation", "status": "In service", "city": "Elkhart", "county": "Anderson", "state": "Texas", "min_kv": null, "max_kv": 69, "max_inferred": true, "min_inferred": false, "line_count": 3, "owners": [{"name": "ONCOR ELECTRIC DELIVERY CO.", "voltages_kv": [138], "miles": 0.0, "named": false}], "circuits": [], "source_date": "2018-01-02"}}, {"type": "Feature", "geometry": {"type": "Point", "coordinates": [-95.51019, 32.97605]}, "properties": {"id": "310222", "name": "Unnamed substation", "type": "Substation", "status": "In service", "city": "Como", "county": "Hopkins", "state": "Texas", "min_kv": 69, "max_kv": 69, "max_inferred": true, "min_inferred": true, "line_count": 2, "owners": [], "circuits": [], "source_date": "2017-12-22"}}, {"type": "Feature", "geometry": {"type": "Point", "coordinates": [-96.29692, 32.1244]}, "properties": {"id": "310273", "name": "Unnamed substation", "type": "Substation", "status": "In service", "city": "Kerens", "county": "Navarro", "state": "Texas", "min_kv": null, "max_kv": 69, "max_inferred": true, "min_inferred": false, "line_count": 2, "owners": [{"name": "ONCOR ELECTRIC DELIVERY CO.", "voltages_kv": [69], "miles": 0.0, "named": false}], "circuits": [], "source_date": "2018-01-24"}}, {"type": "Feature", "geometry": {"type": "Point", "coordinates": [-96.51117, 31.30393]}, "properties": {"id": "310468", "name": "Unnamed substation", "type": "Substation", "status": "Status not published", "city": "Kosse", "county": "Limestone", "state": "Texas", "min_kv": null, "max_kv": 69, "max_inferred": true, "min_inferred": false, "line_count": 1, "owners": [{"name": "ONCOR ELECTRIC DELIVERY CO.", "voltages_kv": [138], "miles": 0.0, "named": false}], "circuits": [], "source_date": "2018-01-30"}}, {"type": "Feature", "geometry": {"type": "Point", "coordinates": [-94.74352, 33.25103]}, "properties": {"id": "302623", "name": "Unnamed tap", "type": "Tap", "status": "In service", "city": "Omaha", "county": "Morris", "state": "Texas", "min_kv": null, "max_kv": 69, "max_inferred": true, "min_inferred": false, "line_count": 1, "owners": [{"name": "NOT AVAILABLE", "voltages_kv": [69], "miles": 0.0, "named": false}], "circuits": [], "source_date": "2018-08-27"}}, {"type": "Feature", "geometry": {"type": "Point", "coordinates": [-94.97352, 33.03221]}, "properties": {"id": "302420", "name": "Unnamed tap", "type": "Tap", "status": "In service", "city": "Pittsburg", "county": "Camp", "state": "Texas", "min_kv": 69, "max_kv": 69, "max_inferred": true, "min_inferred": true, "line_count": 3, "owners": [{"name": "UPSHUR RURAL ELEC COOP CORP", "voltages_kv": [138], "miles": 0.0, "named": false}], "circuits": [], "source_date": "2015-09-11"}}, {"type": "Feature", "geometry": {"type": "Point", "coordinates": [-95.19651, 32.27774]}, "properties": {"id": "302473", "name": "Unnamed tap", "type": "Tap", "status": "In service", "city": "New Chapel Hill", "county": "Smith", "state": "Texas", "min_kv": 69, "max_kv": 69, "max_inferred": true, "min_inferred": true, "line_count": 3, "owners": [{"name": "ONCOR ELECTRIC DELIVERY CO.", "voltages_kv": [345, 69], "miles": 0.0, "named": false}, {"name": "UPSHUR RURAL ELEC COOP CORP", "voltages_kv": [345], "miles": 0.02, "named": false}], "circuits": [], "source_date": "2015-09-14"}}, {"type": "Feature", "geometry": {"type": "Point", "coordinates": [-96.49502, 31.05073]}, "properties": {"id": "305339", "name": "Unnamed tap", "type": "Tap", "status": "In service", "city": "Franklin", "county": "Robertson", "state": "Texas", "min_kv": 69, "max_kv": 69, "max_inferred": true, "min_inferred": true, "line_count": 3, "owners": [], "circuits": [], "source_date": "2019-04-19"}}, {"type": "Feature", "geometry": {"type": "Point", "coordinates": [-95.83655, 32.2303]}, "properties": {"id": "305245", "name": "Unnamed tap", "type": "Tap", "status": "In service", "city": "Athens", "county": "Henderson", "state": "Texas", "min_kv": 69, "max_kv": 69, "max_inferred": true, "min_inferred": true, "line_count": 3, "owners": [{"name": "ONCOR ELECTRIC DELIVERY CO.", "voltages_kv": [138], "miles": 0.04, "named": false}], "circuits": [], "source_date": "2018-10-22"}}, {"type": "Feature", "geometry": {"type": "Point", "coordinates": [-95.53573, 31.56412]}, "properties": {"id": "308173", "name": "Unnamed tap", "type": "Tap", "status": "Status not published", "city": "Elkhart", "county": "Anderson", "state": "Texas", "min_kv": null, "max_kv": 69, "max_inferred": true, "min_inferred": false, "line_count": 3, "owners": [], "circuits": [], "source_date": "2018-10-22"}}, {"type": "Feature", "geometry": {"type": "Point", "coordinates": [-95.21515, 32.18931]}, "properties": {"id": "307876", "name": "Unnamed tap", "type": "Tap", "status": "In service", "city": "Whitehouse", "county": "Smith", "state": "Texas", "min_kv": 69, "max_kv": 69, "max_inferred": true, "min_inferred": true, "line_count": 3, "owners": [{"name": "ONCOR ELECTRIC DELIVERY CO.", "voltages_kv": [345, 69], "miles": 0.0, "named": false}], "circuits": [], "source_date": "2015-09-15"}}, {"type": "Feature", "geometry": {"type": "Point", "coordinates": [-94.70413, 33.02502]}, "properties": {"id": "310960", "name": "Unnamed tap", "type": "Tap", "status": "In service", "city": "Daingerfield", "county": "Morris", "state": "Texas", "min_kv": null, "max_kv": 69, "max_inferred": true, "min_inferred": false, "line_count": 0, "owners": [{"name": "NOT AVAILABLE", "voltages_kv": [69], "miles": 0.0, "named": false}], "circuits": [], "source_date": "2018-04-01"}}, {"type": "Feature", "geometry": {"type": "Point", "coordinates": [-95.58775, 32.91513]}, "properties": {"id": "310650", "name": "Unnamed tap", "type": "Tap", "status": "In service", "city": "Yantis", "county": "Wood", "state": "Texas", "min_kv": null, "max_kv": 69, "max_inferred": true, "min_inferred": false, "line_count": 3, "owners": [{"name": "ONCOR ELECTRIC DELIVERY CO.", "voltages_kv": [69], "miles": 0.0, "named": false}], "circuits": [], "source_date": "2018-08-27"}}, {"type": "Feature", "geometry": {"type": "Point", "coordinates": [-96.48399, 31.70886]}, "properties": {"id": "310699", "name": "Unnamed tap", "type": "Tap", "status": "In service", "city": "Mexia", "county": "Limestone", "state": "Texas", "min_kv": null, "max_kv": 69, "max_inferred": true, "min_inferred": false, "line_count": 2, "owners": [{"name": "ONCOR ELECTRIC DELIVERY CO.", "voltages_kv": [69], "miles": 0.0, "named": false}], "circuits": [], "source_date": "2018-08-06"}}, {"type": "Feature", "geometry": {"type": "Point", "coordinates": [-95.8372, 32.23019]}, "properties": {"id": "310840", "name": "Unnamed tap", "type": "Tap", "status": "In service", "city": "Athens", "county": "Henderson", "state": "Texas", "min_kv": null, "max_kv": 69, "max_inferred": true, "min_inferred": false, "line_count": 3, "owners": [{"name": "ONCOR ELECTRIC DELIVERY CO.", "voltages_kv": [138], "miles": 0.05, "named": false}], "circuits": [], "source_date": "2018-10-22"}}]}