{"type": "FeatureCollection", "features": [{"type": "Feature", "geometry": {"type": "LineString", "coordinates": [[-95.664, 32.6754], [-95.66396, 32.67471], [-95.66327, 32.67337], [-95.65935, 32.66546], [-95.65552, 32.65785], [-95.66006, 32.64789], [-95.66097, 32.63353], [-95.66562, 32.62504], [-95.66623, 32.6239], [-95.67453, 32.61714], [-95.67499, 32.61698]]}, "properties": {"owner": "ONCOR ELECTRIC DELIVERY CO.", "voltage_kv": 345.0}}, {"type": "Feature", "geometry": {"type": "LineString", "coordinates": [[-94.71313, 32.90857], [-94.71294, 32.90907], [-94.71383, 32.91093], [-94.71377, 32.91122], [-94.71467, 32.91247], [-94.71563, 32.91429], [-94.7163, 32.91549], [-94.71719, 32.91713], [-94.71817, 32.91895], [-94.7189, 32.92035], [-94.7191, 32.92103]]}, "properties": {"owner": "UPSHUR RURAL ELEC COOP CORP", "voltage_kv": 345.0}}, {"type": "Feature", "geometry": {"type": "LineString", "coordinates": [[-94.71313, 32.90857], [-94.71294, 32.90907], [-94.71383, 32.91093], [-94.71467, 32.91247], [-94.71563, 32.91429], [-94.7163, 32.91549], [-94.71719, 32.91713], [-94.71817, 32.91895], [-94.7189, 32.92035], [-94.7191, 32.92103]]}, "properties": {"owner": "UPSHUR RURAL ELEC COOP CORP", "voltage_kv": 345.0}}, {"type": "Feature", "geometry": {"type": "LineString", "coordinates": [[-96.69351, 31.09122], [-96.69128, 31.08975], [-96.68917, 31.09101], [-96.69342, 31.1031], [-96.69499, 31.10525], [-96.71055, 31.09736], [-96.75945, 31.09553], [-96.77452, 31.08777], [-96.80223, 31.07768], [-96.8359, 31.06001], [-96.83561, 31.05679], [-96.90583, 31.02073], [-96.93822, 31.03204], [-96.99302, 31.00401], [-96.99518, 31.00207], [-96.99644, 30.99016], [-97.01806, 30.97959], [-97.03009, 30.97333], [-97.06066, 30.96053], [-97.06902, 30.96274], [-97.0693, 30.96429], [-97.091, 30.97047], [-97.13518, 30.95989], [-97.17326, 30.9852], [-97.20019, 30.99454], [-97.20351, 30.99558], [-97.23061, 31.00068], [-97.24065, 31.00232], [-97.25443, 31.00256], [-97.2587, 31.00264]]}, "properties": {"owner": "ONCOR ELECTRIC DELIVERY CO.", "voltage_kv": 345.0}}, {"type": "Feature", "geometry": {"type": "LineString", "coordinates": [[-96.69356, 31.09129], [-96.69126, 31.08996], [-96.68897, 31.09095], [-96.69342, 31.1031], [-96.69495, 31.10544], [-96.71055, 31.09736], [-96.75945, 31.09553], [-96.77452, 31.08777], [-96.79182, 31.08147], [-96.80223, 31.07768], [-96.83611, 31.06009], [-96.83561, 31.05679], [-96.85654, 31.04593], [-96.88103, 31.0335], [-96.89343, 31.02726], [-96.90277, 31.02237], [-96.90583, 31.02073], [-96.92535, 31.02753], [-96.93822, 31.03204], [-96.95612, 31.02308], [-96.96518, 31.01852], [-96.9742, 31.01379], [-96.99302, 31.00401], [-96.99518, 31.00207], [-96.99644, 30.99016], [-97.0059, 30.98612], [-97.00914, 30.98435], [-97.05517, 30.9628], [-97.06066, 30.96053], [-97.06902, 30.96274], [-97.0693, 30.96429], [-97.091, 30.97047], [-97.13518, 30.95989], [-97.17326, 30.9852], [-97.20681, 30.9966], [-97.21321, 30.99772], [-97.227, 31.00006], [-97.24065, 31.00232], [-97.25099, 31.00251], [-97.25443, 31.00256], [-97.2587, 31.00264]]}, "properties": {"owner": "ONCOR ELECTRIC DELIVERY CO.", "voltage_kv": 345.0}}, {"type": "Feature", "geometry": {"type": "LineString", "coordinates": [[-95.19651, 32.27774], [-95.23902, 32.27884], [-95.24514, 32.27902], [-95.256, 32.27929], [-95.25604, 32.27709], [-95.25773, 32.2771], [-95.25772, 32.27751]]}, "properties": {"owner": "ONCOR ELECTRIC DELIVERY CO.", "voltage_kv": 345.0}}, {"type": "Feature", "geometry": {"type": "LineString", "coordinates": [[-96.05745, 31.81953], [-96.058, 31.81975], [-96.06991, 31.81497], [-96.08946, 31.80416], [-96.11256, 31.80438], [-96.1242, 31.81292], [-96.12693, 31.81484], [-96.12675, 31.81774], [-96.12593, 31.83934], [-96.11606, 31.84431], [-96.11419, 31.88745], [-96.11418, 31.88933], [-96.11335, 31.89015]]}, "properties": {"owner": "ONCOR ELECTRIC DELIVERY CO.", "voltage_kv": 345.0}}, {"type": "Feature", "geometry": {"type": "LineString", "coordinates": [[-96.51831, 31.96397], [-96.51664, 31.96345], [-96.51594, 31.96392], [-96.51329, 31.96204], [-96.51096, 31.96034], [-96.50854, 31.95859], [-96.50688, 31.95621], [-96.50552, 31.95421], [-96.50404, 31.9521], [-96.50365, 31.95154], [-96.50164, 31.94866], [-96.49986, 31.94603], [-96.49794, 31.94329], [-96.4962, 31.94079], [-96.4947, 31.93858], [-96.49286, 31.93597], [-96.49088, 31.9331], [-96.489, 31.93043], [-96.48706, 31.9276], [-96.4852, 31.92494], [-96.48321, 31.92207], [-96.48141, 31.91948], [-96.47958, 31.91686], [-96.47757, 31.91398], [-96.47573, 31.91135], [-96.474, 31.90886], [-96.47244, 31.90659], [-96.4709, 31.90439], [-96.46895, 31.90156], [-96.46704, 31.89883], [-96.46513, 31.89606], [-96.46314, 31.89319], [-96.46131, 31.89057], [-96.45954, 31.88802], [-96.45752, 31.88512], [-96.45579, 31.88262], [-96.45427, 31.88046], [-96.45373, 31.87817], [-96.45299, 31.87512], [-96.45228, 31.87217], [-96.45157, 31.86923], [-96.45091, 31.86646], [-96.45029, 31.8639], [-96.44853, 31.86147], [-96.44662, 31.85883], [-96.44459, 31.85599], [-96.44283, 31.85357], [-96.44087, 31.85083], [-96.43893, 31.84816], [-96.43696, 31.8454], [-96.43515, 31.84289], [-96.43317, 31.84015], [-96.43138, 31.83768], [-96.42928, 31.83476], [-96.42735, 31.83207], [-96.42533, 31.82926], [-96.4233, 31.82645], [-96.42137, 31.82374], [-96.41952, 31.82116], [-96.41743, 31.81824], [-96.41571, 31.81588], [-96.41377, 31.81319], [-96.41175, 31.81037], [-96.40981, 31.80769], [-96.40785, 31.80496], [-96.40606, 31.80247], [-96.40417, 31.79985], [-96.40218, 31.79708], [-96.40059, 31.79488], [-96.39857, 31.79209], [-96.39653, 31.78925], [-96.39491, 31.787], [-96.39295, 31.78429], [-96.3911, 31.7817], [-96.38934, 31.77925], [-96.3874, 31.77654], [-96.38538, 31.77376], [-96.38357, 31.77125], [-96.38169, 31.76863], [-96.37993, 31.76619], [-96.37806, 31.76356], [-96.37564, 31.76193], [-96.3735, 31.76048], [-96.37057, 31.75851], [-96.36767, 31.75653], [-96.36493, 31.75469], [-96.36188, 31.7526], [-96.35929, 31.75086], [-96.35688, 31.74935], [-96.35404, 31.74758], [-96.3511, 31.74573], [-96.34838, 31.74405], [-96.34559, 31.74198], [-96.34285, 31.74025], [-96.34025, 31.73861], [-96.34027, 31.73548], [-96.34028, 31.73217], [-96.34031, 31.72903], [-96.34033, 31.72573], [-96.34033, 31.72255], [-96.34036, 31.71934], [-96.34038, 31.71618], [-96.34039, 31.7129], [-96.34043, 31.70974], [-96.34043, 31.70683], [-96.34044, 31.70401], [-96.34046, 31.70091], [-96.34048, 31.69785], [-96.34051, 31.69449], [-96.34053, 31.69163], [-96.34052, 31.6884], [-96.34055, 31.68539], [-96.34058, 31.68246], [-96.34061, 31.67957], [-96.34061, 31.6771], [-96.34062, 31.67478], [-96.34089, 31.67173], [-96.34117, 31.66853], [-96.34147, 31.66533], [-96.34176, 31.6621], [-96.34204, 31.65889], [-96.34229, 31.65603], [-96.34259, 31.65269], [-96.34286, 31.64959], [-96.34316, 31.64654], [-96.34297, 31.64326], [-96.34282, 31.64013], [-96.34264, 31.63672], [-96.34249, 31.63384], [-96.34233, 31.63069], [-96.34216, 31.62747], [-96.34211, 31.62428], [-96.34206, 31.62105], [-96.34202, 31.61783], [-96.34195, 31.61483], [-96.34192, 31.61151], [-96.34186, 31.60853], [-96.3418, 31.60515], [-96.34175, 31.60226], [-96.3417, 31.59894], [-96.34166, 31.59594], [-96.34164, 31.59383], [-96.34103, 31.59174], [-96.34045, 31.58973], [-96.33977, 31.5873], [-96.33898, 31.58449], [-96.33809, 31.58136], [-96.3372, 31.57822], [-96.33632, 31.57508], [-96.33543, 31.57197], [-96.33454, 31.56885], [-96.33364, 31.5657], [-96.33278, 31.56265], [-96.33198, 31.55982], [-96.33198, 31.5566], [-96.33197, 31.55421], [-96.33198, 31.55212], [-96.33196, 31.54952], [-96.33062, 31.54763], [-96.32919, 31.54559], [-96.32781, 31.54364], [-96.32633, 31.54158], [-96.32385, 31.53805], [-96.32124, 31.5344], [-96.31935, 31.53172], [-96.31724, 31.52914], [-96.31506, 31.52649], [-96.31323, 31.52426], [-96.31105, 31.5216], [-96.30889, 31.51897], [-96.30676, 31.51635], [-96.30486, 31.51404], [-96.30261, 31.51128], [-96.30056, 31.5088], [-96.29883, 31.50667], [-96.2973, 31.50429], [-96.29521, 31.50225], [-96.29324, 31.49985], [-96.29133, 31.49753], [-96.28992, 31.49535], [-96.28829, 31.49279], [-96.28647, 31.48996], [-96.28485, 31.48747], [-96.28319, 31.48488], [-96.28161, 31.48243], [-96.27974, 31.47954], [-96.278, 31.4768], [-96.27625, 31.47408], [-96.27448, 31.47133], [-96.27338, 31.46965], [-96.27204, 31.46749], [-96.2699, 31.465], [-96.26772, 31.46242], [-96.26614, 31.4605], [-96.2639, 31.45784], [-96.26167, 31.45516], [-96.25944, 31.45253], [-96.25767, 31.45044], [-96.25585, 31.44768], [-96.25414, 31.44509], [-96.25261, 31.4428], [-96.2511, 31.44049], [-96.24945, 31.43802], [-96.24768, 31.43537], [-96.24803, 31.43245], [-96.24663, 31.42981], [-96.24527, 31.42725], [-96.24454, 31.42578], [-96.24664, 31.42511], [-96.247, 31.42418]]}, "properties": {"owner": "ONCOR ELECTRIC DELIVERY CO.", "voltage_kv": 345.0}}, {"type": "Feature", "geometry": {"type": "LineString", "coordinates": [[-96.6954, 31.09241], [-96.69351, 31.09122]]}, "properties": {"owner": "ONCOR ELECTRIC DELIVERY CO.", "voltage_kv": 345.0}}, {"type": "Feature", "geometry": {"type": "LineString", "coordinates": [[-94.99326, 31.93778], [-94.99272, 31.93748], [-94.99205, 31.93622], [-94.98993, 31.93233], [-94.98448, 31.92892], [-94.92852, 31.92825], [-94.8218, 31.95793], [-94.72132, 31.98595], [-94.67853, 32.00869], [-94.66672, 32.01446], [-94.62667, 32.03241], [-94.62723, 32.04679], [-94.62609, 32.07955], [-94.62529, 32.08629], [-94.62527, 32.10374], [-94.61973, 32.13664], [-94.61821, 32.14568], [-94.61815, 32.16536], [-94.61922, 32.17638], [-94.61962, 32.20263], [-94.6176, 32.22921], [-94.61804, 32.2463], [-94.61587, 32.2487], [-94.58259, 32.25466], [-94.57488, 32.25747]]}, "properties": {"owner": "CHEROKEE COUNTY ELEC COOP ASSN", "voltage_kv": 345.0}}, {"type": "Feature", "geometry": {"type": "LineString", "coordinates": [[-96.51831, 31.96397], [-96.51717, 31.96385], [-96.5163, 31.96476], [-96.39306, 31.8772], [-96.3576, 31.85205], [-96.32255, 31.82698], [-96.25975, 31.82438], [-96.21266, 31.8171], [-96.18119, 31.81225], [-96.12517, 31.8132], [-96.1151, 31.80582], [-96.1127, 31.80408], [-96.08932, 31.80375], [-96.0713, 31.81385], [-96.06242, 31.81747], [-96.0597, 31.81859], [-96.05795, 31.81946], [-96.05745, 31.81953]]}, "properties": {"owner": "ONCOR ELECTRIC DELIVERY CO.", "voltage_kv": 345.0}}, {"type": "Feature", "geometry": {"type": "LineString", "coordinates": [[-96.48439, 31.18553], [-96.48498, 31.18772], [-96.48692, 31.19047], [-96.48897, 31.19338], [-96.49092, 31.19621], [-96.49213, 31.19798], [-96.4929, 31.19904], [-96.49489, 31.20182], [-96.49796, 31.20385], [-96.50083, 31.20578], [-96.5037, 31.20777], [-96.5061, 31.20993], [-96.50847, 31.21203], [-96.51108, 31.21438], [-96.51354, 31.21658], [-96.51569, 31.21857], [-96.5148, 31.2217], [-96.51391, 31.22473], [-96.51298, 31.22796], [-96.5121, 31.23083], [-96.5112, 31.23388], [-96.51032, 31.23694], [-96.50954, 31.23961], [-96.50876, 31.24227], [-96.50797, 31.24496], [-96.50701, 31.24801], [-96.50608, 31.25121], [-96.50528, 31.25398], [-96.50597, 31.25668], [-96.50669, 31.25936], [-96.50738, 31.26204], [-96.50807, 31.26472], [-96.50887, 31.2678], [-96.51042, 31.27016], [-96.51238, 31.27306], [-96.51403, 31.27557], [-96.51571, 31.2781], [-96.51399, 31.28088], [-96.51227, 31.28369], [-96.51047, 31.28659], [-96.50871, 31.28942], [-96.50575, 31.29095], [-96.50278, 31.29244], [-96.49985, 31.29395], [-96.49691, 31.29547], [-96.49358, 31.29714], [-96.49068, 31.29862], [-96.48906, 31.30105], [-96.48723, 31.30381], [-96.48558, 31.30633], [-96.48377, 31.30906], [-96.4821, 31.31159], [-96.48051, 31.31398], [-96.47879, 31.3166], [-96.47696, 31.31933], [-96.47511, 31.32215], [-96.47329, 31.32489], [-96.47143, 31.32769], [-96.46955, 31.33053], [-96.46769, 31.33333], [-96.46588, 31.33606], [-96.4641, 31.33877], [-96.46225, 31.34153], [-96.46118, 31.34399], [-96.46015, 31.34633], [-96.45885, 31.34929], [-96.4577, 31.35193], [-96.45636, 31.35496], [-96.45513, 31.35779], [-96.45394, 31.36048], [-96.45271, 31.36329], [-96.45145, 31.36615], [-96.45021, 31.36897], [-96.44903, 31.37167], [-96.44786, 31.37431], [-96.44674, 31.37689], [-96.44548, 31.37973], [-96.44551, 31.38253], [-96.44554, 31.38564], [-96.44558, 31.38854], [-96.4456, 31.39153], [-96.4456, 31.39455], [-96.44562, 31.39754], [-96.44464, 31.40018], [-96.44389, 31.40269], [-96.44204, 31.40254], [-96.43893, 31.40211], [-96.43596, 31.40173], [-96.43215, 31.40122], [-96.42876, 31.4008], [-96.42579, 31.40041], [-96.42229, 31.39993], [-96.41873, 31.39946], [-96.41518, 31.39902], [-96.41188, 31.3986], [-96.40897, 31.39821], [-96.40592, 31.39783], [-96.40247, 31.39738], [-96.39926, 31.39698], [-96.39584, 31.39652], [-96.39224, 31.39606], [-96.38801, 31.39553], [-96.38444, 31.39507], [-96.38109, 31.39461], [-96.37405, 31.39375], [-96.3705, 31.39328], [-96.36699, 31.39281], [-96.36371, 31.39241], [-96.36052, 31.39198], [-96.35728, 31.39155], [-96.35337, 31.39105], [-96.34984, 31.39059], [-96.34632, 31.39014], [-96.34314, 31.38965], [-96.33956, 31.38926], [-96.33607, 31.38879], [-96.3327, 31.38835], [-96.32922, 31.3879], [-96.32588, 31.38745], [-96.32231, 31.38698], [-96.31844, 31.38652], [-96.31555, 31.38612], [-96.31231, 31.38571], [-96.30887, 31.38525], [-96.30521, 31.38501], [-96.30229, 31.38483], [-96.29871, 31.38465], [-96.29515, 31.38445], [-96.2917, 31.38426], [-96.28865, 31.38406], [-96.28614, 31.38394], [-96.2851, 31.38388], [-96.28243, 31.3837], [-96.27972, 31.38357], [-96.27699, 31.38347], [-96.27555, 31.38144], [-96.27405, 31.37947], [-96.27261, 31.37751], [-96.27118, 31.37549], [-96.26877, 31.37405], [-96.26378, 31.37112], [-96.26136, 31.36969], [-96.25903, 31.36831], [-96.25668, 31.36692], [-96.25414, 31.36558], [-96.25152, 31.36723], [-96.24884, 31.36897], [-96.24642, 31.37055], [-96.24387, 31.37222], [-96.24115, 31.374], [-96.23835, 31.37582], [-96.23557, 31.37764], [-96.2328, 31.37943], [-96.22939, 31.37907], [-96.22595, 31.37869], [-96.22242, 31.3783], [-96.21953, 31.37796], [-96.21568, 31.37753], [-96.21228, 31.37715], [-96.20968, 31.37686], [-96.20617, 31.37647], [-96.20332, 31.37615], [-96.20043, 31.37582], [-96.1969, 31.37543], [-96.19498, 31.37522], [-96.19188, 31.37485], [-96.1884, 31.37465], [-96.18513, 31.37446], [-96.18158, 31.37424], [-96.17795, 31.37402], [-96.17419, 31.37381], [-96.171, 31.37362], [-96.16764, 31.37342], [-96.16375, 31.37317], [-96.16104, 31.37302], [-96.15841, 31.37287], [-96.15497, 31.37265], [-96.15186, 31.37247], [-96.1492, 31.37232], [-96.14643, 31.37214], [-96.14392, 31.37199], [-96.1414, 31.37185], [-96.13804, 31.37163], [-96.13482, 31.37106], [-96.13339, 31.37085], [-96.1328, 31.37132]]}, "properties": {"owner": "NAVASOTA VALLEY ELEC COOP, INC", "voltage_kv": 345.0}}, {"type": "Feature", "geometry": {"type": "LineString", "coordinates": [[-96.33794, 33.19071], [-96.33734, 33.19106], [-96.33731, 33.19188], [-96.33101, 33.19347], [-96.32733, 33.1944], [-96.32366, 33.19533], [-96.31993, 33.19529], [-96.31595, 33.19523], [-96.31239, 33.19519], [-96.30879, 33.19514], [-96.30544, 33.1951], [-96.30217, 33.19505], [-96.29916, 33.19502], [-96.29616, 33.19499], [-96.29289, 33.19494], [-96.2891, 33.19492], [-96.28563, 33.19445], [-96.28223, 33.19399], [-96.27869, 33.19355], [-96.27519, 33.19308], [-96.27122, 33.193], [-96.26731, 33.1929], [-96.26339, 33.19281], [-96.25948, 33.19273], [-96.25558, 33.19262], [-96.25199, 33.19345], [-96.24867, 33.1942], [-96.24537, 33.19496], [-96.24176, 33.19532], [-96.23807, 33.19568], [-96.23487, 33.19599], [-96.23141, 33.19633], [-96.22815, 33.19665], [-96.22495, 33.19696], [-96.2215, 33.1973], [-96.21791, 33.19765], [-96.21404, 33.19802], [-96.21013, 33.19841], [-96.20622, 33.19879], [-96.20265, 33.19914], [-96.19876, 33.19952], [-96.19487, 33.19992], [-96.19122, 33.20027], [-96.18757, 33.20063], [-96.18427, 33.20095], [-96.1809, 33.20219], [-96.17758, 33.2034], [-96.17418, 33.20466], [-96.17086, 33.20587], [-96.16757, 33.20709], [-96.16435, 33.20826], [-96.16104, 33.20948], [-96.15767, 33.21071], [-96.15423, 33.21197], [-96.15093, 33.21319], [-96.14763, 33.21439], [-96.14432, 33.2156], [-96.14101, 33.21682], [-96.13782, 33.21796], [-96.13449, 33.21678], [-96.13094, 33.21551], [-96.12756, 33.21432], [-96.1244, 33.21319], [-96.12139, 33.21213], [-96.11824, 33.211], [-96.11507, 33.20987], [-96.11175, 33.20869], [-96.1083, 33.20746], [-96.1047, 33.20619], [-96.10109, 33.2049], [-96.09762, 33.20366], [-96.09428, 33.20247], [-96.09107, 33.20241], [-96.08732, 33.20236], [-96.08374, 33.2023], [-96.07981, 33.20223], [-96.07637, 33.20217], [-96.0726, 33.20211], [-96.06902, 33.20205], [-96.06525, 33.20198], [-96.06163, 33.20193], [-96.05788, 33.20186], [-96.05446, 33.2018], [-96.05087, 33.20175], [-96.0471, 33.20168], [-96.04391, 33.20162], [-96.04079, 33.20207], [-96.03756, 33.20252], [-96.0345, 33.20295], [-96.03139, 33.20339], [-96.02768, 33.20362], [-96.02445, 33.20383], [-96.02055, 33.20408], [-96.01663, 33.20433], [-96.013, 33.20455], [-96.00941, 33.20478], [-96.00583, 33.205], [-96.00257, 33.20521], [-95.99931, 33.2054], [-95.996, 33.20562], [-95.99274, 33.20581], [-95.9895, 33.20601], [-95.98632, 33.2062], [-95.9827, 33.20644], [-95.97972, 33.20662], [-95.9771, 33.20677], [-95.97385, 33.20698], [-95.97091, 33.20716], [-95.96731, 33.20737], [-95.96372, 33.20736], [-95.96031, 33.20733], [-95.95731, 33.20731], [-95.95357, 33.20729], [-95.95, 33.20726], [-95.94639, 33.20723], [-95.94276, 33.20718], [-95.93918, 33.20839], [-95.93555, 33.20959], [-95.93223, 33.2107], [-95.92871, 33.21186], [-95.92522, 33.21303], [-95.92173, 33.21419], [-95.91822, 33.21541], [-95.91492, 33.21539], [-95.91115, 33.21537], [-95.90735, 33.21536], [-95.90377, 33.21533], [-95.90016, 33.21532], [-95.89657, 33.2153], [-95.89286, 33.21528], [-95.88918, 33.21526], [-95.88591, 33.21524], [-95.88199, 33.21523], [-95.87874, 33.21521], [-95.87453, 33.21519], [-95.8704, 33.21513], [-95.86822, 33.21542], [-95.86715, 33.21557], [-95.86394, 33.21596], [-95.86072, 33.21637], [-95.85682, 33.21686], [-95.85295, 33.21734], [-95.84905, 33.21782], [-95.84518, 33.2183], [-95.84161, 33.21875], [-95.83788, 33.2192], [-95.83401, 33.21969], [-95.83012, 33.22016], [-95.82649, 33.22062], [-95.82309, 33.22103], [-95.81951, 33.22147], [-95.81586, 33.22192], [-95.812, 33.2224], [-95.80811, 33.22288], [-95.8047, 33.2233], [-95.80123, 33.22374], [-95.79785, 33.22373], [-95.79392, 33.22374], [-95.79015, 33.22375], [-95.78653, 33.22377], [-95.78259, 33.22378], [-95.7787, 33.22377], [-95.77494, 33.22378], [-95.77099, 33.22379], [-95.7671, 33.22381], [-95.76314, 33.22383], [-95.75923, 33.22383], [-95.75531, 33.22383], [-95.75134, 33.22385], [-95.74745, 33.22386], [-95.7435, 33.22387], [-95.7399, 33.22388], [-95.7363, 33.2239], [-95.73253, 33.22391], [-95.72875, 33.22391], [-95.72484, 33.22392], [-95.7209, 33.22394], [-95.71697, 33.22394], [-95.71304, 33.22395], [-95.70943, 33.22396], [-95.70601, 33.22397], [-95.70243, 33.22399], [-95.6985, 33.22399], [-95.69458, 33.224], [-95.69066, 33.22401], [-95.68674, 33.22403], [-95.68281, 33.22404], [-95.67896, 33.22403], [-95.6751, 33.22405], [-95.67134, 33.22406], [-95.66772, 33.22405], [-95.66447, 33.22411], [-95.66118, 33.22417], [-95.65806, 33.22422], [-95.65445, 33.22428], [-95.65086, 33.22435], [-95.64694, 33.2244], [-95.643, 33.22447], [-95.63907, 33.22454], [-95.63516, 33.22462], [-95.63122, 33.22467], [-95.62729, 33.22475], [-95.62369, 33.22444], [-95.61996, 33.22414], [-95.61623, 33.22383], [-95.61232, 33.22351], [-95.60842, 33.2232], [-95.60483, 33.22291], [-95.60092, 33.22259], [-95.59702, 33.22227], [-95.59326, 33.22196], [-95.58936, 33.22165], [-95.58543, 33.22133], [-95.58184, 33.22103], [-95.57794, 33.22072], [-95.57449, 33.22045], [-95.57123, 33.22017], [-95.56746, 33.21986], [-95.56432, 33.22003], [-95.56063, 33.22022], [-95.55706, 33.22041], [-95.55343, 33.2206], [-95.54985, 33.2208], [-95.54626, 33.22098], [-95.5424, 33.22118], [-95.53853, 33.2214], [-95.53498, 33.2216], [-95.53134, 33.22178], [-95.52742, 33.22199], [-95.52352, 33.22219], [-95.51962, 33.22239], [-95.51569, 33.22261], [-95.51211, 33.22279], [-95.50818, 33.22299], [-95.50433, 33.22321], [-95.5004, 33.22341], [-95.49646, 33.22362], [-95.49252, 33.22384], [-95.4886, 33.22384], [-95.48472, 33.22386], [-95.4813, 33.22388], [-95.47795, 33.2239], [-95.47442, 33.22392], [-95.47098, 33.22394], [-95.46718, 33.22397], [-95.46326, 33.22399], [-95.45949, 33.224], [-95.45553, 33.22403], [-95.45189, 33.22404], [-95.44843, 33.22406], [-95.44521, 33.22414], [-95.44206, 33.22424], [-95.43861, 33.22436], [-95.43519, 33.22451], [-95.43172, 33.22461], [-95.42778, 33.22475], [-95.42386, 33.22489], [-95.41991, 33.22502], [-95.41619, 33.22516], [-95.41226, 33.22529], [-95.40835, 33.22544], [-95.40491, 33.22556], [-95.40127, 33.22568], [-95.39726, 33.22583], [-95.3935, 33.22595], [-95.38961, 33.2261], [-95.3862, 33.22621], [-95.38275, 33.22629], [-95.37928, 33.22635], [-95.37574, 33.22644], [-95.37206, 33.22652], [-95.36824, 33.2266], [-95.36428, 33.22667], [-95.36034, 33.22675], [-95.3573, 33.22682], [-95.35643, 33.22684], [-95.35278, 33.22691], [-95.34888, 33.22699], [-95.34493, 33.22705], [-95.34101, 33.22715], [-95.33723, 33.22721], [-95.33327, 33.22729], [-95.32935, 33.22737], [-95.32542, 33.22745], [-95.32148, 33.22754], [-95.31779, 33.2276], [-95.31458, 33.22762], [-95.31135, 33.22758], [-95.30807, 33.22755], [-95.3048, 33.22753], [-95.30152, 33.22749], [-95.29844, 33.22747], [-95.29533, 33.22744], [-95.29222, 33.22848], [-95.289, 33.22955], [-95.28583, 33.23059], [-95.28267, 33.23166], [-95.27935, 33.23277], [-95.2763, 33.23379], [-95.27325, 33.2348], [-95.27011, 33.23585], [-95.26691, 33.23691], [-95.26378, 33.23798], [-95.26151, 33.23587], [-95.25911, 33.23362], [-95.25679, 33.23148], [-95.2544, 33.22925], [-95.25201, 33.22705], [-95.24828, 33.22701], [-95.24451, 33.227], [-95.24069, 33.22695], [-95.23676, 33.22693], [-95.233, 33.22691], [-95.22938, 33.22688], [-95.22596, 33.22684], [-95.22269, 33.22684], [-95.21942, 33.22684], [-95.21618, 33.22683], [-95.21292, 33.22683], [-95.20948, 33.22683], [-95.2062, 33.22682], [-95.20455, 33.22439], [-95.20296, 33.22197], [-95.20131, 33.21943], [-95.19959, 33.21677], [-95.19794, 33.21421], [-95.19621, 33.21156], [-95.19431, 33.20866], [-95.19251, 33.2059], [-95.19088, 33.20336], [-95.18931, 33.20097], [-95.1877, 33.19847], [-95.18582, 33.19559], [-95.18398, 33.19276], [-95.18211, 33.18988], [-95.18022, 33.18698], [-95.17827, 33.18404], [-95.17661, 33.18145], [-95.17471, 33.17853], [-95.17288, 33.17571], [-95.171, 33.1728], [-95.16925, 33.17013], [-95.16737, 33.16723], [-95.16546, 33.16432], [-95.16374, 33.16163], [-95.16194, 33.15886], [-95.16016, 33.15612], [-95.15733, 33.15501], [-95.15439, 33.15384], [-95.15142, 33.15268], [-95.14813, 33.15141], [-95.14471, 33.15006], [-95.14111, 33.14867], [-95.1376, 33.14728], [-95.134, 33.14587], [-95.13046, 33.14448], [-95.12687, 33.14306], [-95.12375, 33.14163], [-95.12115, 33.1404], [-95.11832, 33.13901], [-95.11533, 33.13769], [-95.11248, 33.13601], [-95.1095, 33.13429], [-95.10658, 33.13256], [-95.10373, 33.13092], [-95.10065, 33.12912], [-95.09775, 33.12746], [-95.09486, 33.12574], [-95.09203, 33.12409], [-95.08856, 33.12212], [-95.08499, 33.12024], [-95.08278, 33.12058], [-95.07915, 33.12115], [-95.07421, 33.12193], [-95.07236, 33.12008], [-95.07052, 33.11823], [-95.06664, 33.11428], [-95.0649, 33.11259], [-95.06272, 33.11038], [-95.06007, 33.1078], [-95.05836, 33.10609], [-95.05559, 33.10491], [-95.05315, 33.10372], [-95.05072, 33.10258], [-95.04765, 33.10116], [-95.04572, 33.09836], [-95.04377, 33.09534], [-95.04166, 33.0923], [-95.04203, 33.09166]]}, "properties": {"owner": "ONCOR ELECTRIC DELIVERY COMPANY LLC", "voltage_kv": 345.0}}, {"type": "Feature", "geometry": {"type": "LineString", "coordinates": [[-97.07278, 32.44395], [-97.07283, 32.44322], [-97.0712, 32.44053], [-97.07104, 32.44029], [-97.01125, 32.34936], [-96.99067, 32.33106], [-96.9643, 32.30808], [-96.93824, 32.28717], [-96.92158, 32.27355], [-96.89873, 32.25429], [-96.87626, 32.23509], [-96.86257, 32.22358], [-96.84565, 32.20909], [-96.83379, 32.19954], [-96.81486, 32.18411], [-96.78785, 32.16191], [-96.75988, 32.13891], [-96.72609, 32.11158], [-96.69728, 32.08901], [-96.6923, 32.08326], [-96.69064, 32.08147], [-96.6859, 32.07838], [-96.51751, 31.96551], [-96.51829, 31.96459], [-96.51831, 31.96397]]}, "properties": {"owner": "NAVARRO COUNTY ELEC COOP, INC", "voltage_kv": 345.0}}, {"type": "Feature", "geometry": {"type": "LineString", "coordinates": [[-95.39547, 31.36439], [-95.39555, 31.36448], [-95.39555, 31.36395], [-95.39558, 31.36341], [-95.3956, 31.36318], [-95.39575, 31.36091], [-95.39592, 31.35763], [-95.39722, 31.35412], [-95.3984, 31.35069], [-95.39947, 31.34768], [-95.40075, 31.34397], [-95.40207, 31.34023], [-95.40321, 31.33696], [-95.40413, 31.33432], [-95.40524, 31.33111], [-95.40639, 31.32781], [-95.40761, 31.32435], [-95.40871, 31.3212], [-95.40953, 31.31884], [-95.41055, 31.31589], [-95.41131, 31.3121], [-95.41217, 31.30781], [-95.41294, 31.30397], [-95.41373, 31.29996], [-95.4146, 31.2958], [-95.41564, 31.29237], [-95.41691, 31.28836], [-95.4181, 31.28454], [-95.41932, 31.28072], [-95.42032, 31.2775], [-95.42125, 31.27454], [-95.4222, 31.27151], [-95.42324, 31.26813], [-95.42443, 31.26439], [-95.42559, 31.26065], [-95.4268, 31.25683], [-95.42784, 31.25352], [-95.42891, 31.25009], [-95.42988, 31.24681], [-95.43247, 31.24385], [-95.43478, 31.24115], [-95.43763, 31.23773], [-95.44042, 31.23446], [-95.44267, 31.23181], [-95.44529, 31.22872], [-95.44776, 31.22583], [-95.44999, 31.22317], [-95.45265, 31.22004], [-95.45527, 31.21694], [-95.45763, 31.21418], [-95.46025, 31.21107], [-95.46263, 31.20828], [-95.46553, 31.20485], [-95.46808, 31.20184], [-95.47053, 31.19895], [-95.4728, 31.19632], [-95.4749, 31.19381], [-95.47754, 31.19132], [-95.47932, 31.18924], [-95.48041, 31.18585], [-95.4814, 31.18275], [-95.48252, 31.17925], [-95.48358, 31.17595], [-95.48468, 31.17256], [-95.48576, 31.16918], [-95.48664, 31.16642], [-95.48779, 31.16285], [-95.48906, 31.15898], [-95.49021, 31.15536], [-95.49152, 31.1513], [-95.49264, 31.14778], [-95.49387, 31.14399], [-95.49507, 31.1403], [-95.49628, 31.13652], [-95.49749, 31.13276], [-95.49869, 31.129], [-95.49991, 31.12525], [-95.50127, 31.12104], [-95.50226, 31.11784], [-95.50346, 31.11414], [-95.50481, 31.10991], [-95.50592, 31.10653], [-95.50676, 31.10388], [-95.50784, 31.10045], [-95.50901, 31.09687], [-95.50991, 31.0941], [-95.51086, 31.09119], [-95.51178, 31.08828], [-95.51194, 31.08571], [-95.51221, 31.08217], [-95.5125, 31.07838], [-95.51276, 31.07478], [-95.51306, 31.07063], [-95.51335, 31.06675], [-95.5136, 31.06303], [-95.51386, 31.05921], [-95.51415, 31.05533], [-95.51446, 31.05123], [-95.5147, 31.04763], [-95.51498, 31.04368], [-95.51526, 31.03985], [-95.51554, 31.03598], [-95.51584, 31.03196], [-95.51609, 31.02839], [-95.51636, 31.02456], [-95.5166, 31.02113], [-95.51686, 31.01771], [-95.51711, 31.01407], [-95.51741, 31.0102], [-95.51762, 31.00674], [-95.51841, 31.00401], [-95.51925, 31.00085], [-95.52026, 30.99725], [-95.52102, 30.99444], [-95.52209, 30.99047], [-95.52314, 30.98661], [-95.52411, 30.98307], [-95.52491, 30.98012], [-95.52593, 30.97636], [-95.52667, 30.97364], [-95.52762, 30.97019], [-95.52857, 30.96667], [-95.52968, 30.96264], [-95.5301, 30.95934], [-95.53009, 30.95687], [-95.53007, 30.95359], [-95.53003, 30.94944], [-95.53001, 30.94571], [-95.52999, 30.94224], [-95.53002, 30.9385], [-95.52999, 30.93479], [-95.52992, 30.93139], [-95.52987, 30.92803], [-95.52984, 30.92448], [-95.53024, 30.92091], [-95.5311, 30.91732], [-95.53193, 30.91385], [-95.53283, 30.91012], [-95.53376, 30.90611], [-95.53459, 30.90271], [-95.5354, 30.8993], [-95.53636, 30.89528], [-95.53716, 30.89189], [-95.5381, 30.8879], [-95.53892, 30.88452], [-95.5398, 30.88078], [-95.5407, 30.87703], [-95.54142, 30.87396], [-95.54202, 30.87145], [-95.54557, 30.8691], [-95.54908, 30.86678], [-95.55301, 30.8642], [-95.55668, 30.86182], [-95.56045, 30.85934], [-95.56225, 30.85818], [-95.56287, 30.85778], [-95.56621, 30.85561], [-95.56995, 30.85317], [-95.57382, 30.85065], [-95.57725, 30.84843], [-95.58041, 30.84636], [-95.58347, 30.84437], [-95.58705, 30.84204], [-95.59021, 30.83999], [-95.59335, 30.83793], [-95.59655, 30.83584], [-95.6007, 30.83308], [-95.6051, 30.83019], [-95.60868, 30.8281], [-95.61177, 30.82628], [-95.61522, 30.82426], [-95.61789, 30.8227], [-95.62112, 30.82083], [-95.62449, 30.81887], [-95.62719, 30.81732], [-95.6302, 30.81557], [-95.63288, 30.81399], [-95.63524, 30.81262], [-95.63894, 30.81044], [-95.64284, 30.80815], [-95.64689, 30.80576], [-95.65071, 30.80347], [-95.65366, 30.8017], [-95.65613, 30.80023], [-95.65919, 30.7984], [-95.66293, 30.79617], [-95.66706, 30.7937], [-95.67052, 30.79166], [-95.67328, 30.78999], [-95.67692, 30.7876], [-95.68034, 30.78534], [-95.68325, 30.78342], [-95.68641, 30.78134], [-95.68997, 30.77902], [-95.69363, 30.77661], [-95.69732, 30.7742], [-95.70099, 30.77183], [-95.70428, 30.76969], [-95.70784, 30.76737], [-95.71147, 30.76499], [-95.71492, 30.76274], [-95.71843, 30.76045], [-95.72177, 30.75826], [-95.72512, 30.75608], [-95.72865, 30.75377], [-95.73274, 30.75111], [-95.73559, 30.74926], [-95.73584, 30.7491], [-95.73992, 30.74909], [-95.74454, 30.74909], [-95.74785, 30.74909], [-95.75123, 30.74909], [-95.7555, 30.74914], [-95.75875, 30.74696], [-95.7621, 30.74478], [-95.7654, 30.74263], [-95.76874, 30.74043], [-95.77202, 30.73833], [-95.77546, 30.7361], [-95.77858, 30.73407], [-95.78189, 30.7319], [-95.78487, 30.72998], [-95.78805, 30.72791], [-95.79134, 30.72576], [-95.79426, 30.72386], [-95.79681, 30.7222], [-95.80026, 30.72005], [-95.80165, 30.71665], [-95.8031, 30.71329], [-95.80459, 30.70989], [-95.80639, 30.7057], [-95.80807, 30.70184], [-95.80939, 30.69877], [-95.81179, 30.6969], [-95.81462, 30.6947], [-95.81767, 30.69232], [-95.82033, 30.69024], [-95.82368, 30.68763], [-95.82687, 30.68513], [-95.83031, 30.68245], [-95.83367, 30.67986], [-95.83702, 30.67735], [-95.84013, 30.675], [-95.84373, 30.67218], [-95.84715, 30.66949], [-95.85079, 30.66663], [-95.8542, 30.66395], [-95.85695, 30.66179], [-95.85989, 30.65947], [-95.86356, 30.65659], [-95.86695, 30.65393], [-95.87013, 30.65144], [-95.87335, 30.64889], [-95.87652, 30.6464], [-95.87976, 30.64385], [-95.88228, 30.64187], [-95.88528, 30.63949], [-95.88818, 30.63722], [-95.89139, 30.6347], [-95.89433, 30.63239], [-95.89735, 30.63041], [-95.90046, 30.62875], [-95.90337, 30.62759], [-95.90684, 30.6265], [-95.90895, 30.62585], [-95.90942, 30.62393]]}, "properties": {"owner": "ENTERGY TEXAS INC.", "voltage_kv": 345.0}}, {"type": "Feature", "geometry": {"type": "LineString", "coordinates": [[-96.10575, 32.12632], [-96.10554, 32.12663], [-96.10435, 32.13043], [-96.10256, 32.13286], [-96.10196, 32.1352], [-96.10132, 32.13758], [-96.10056, 32.1404], [-96.09966, 32.1434], [-96.09968, 32.14633], [-96.09972, 32.14916], [-96.09972, 32.15215], [-96.09974, 32.15421], [-96.09972, 32.15702], [-96.09972, 32.15982], [-96.09974, 32.1625], [-96.09745, 32.16477], [-96.09537, 32.16687], [-96.09328, 32.16895], [-96.0911, 32.17114], [-96.08744, 32.17184], [-96.08381, 32.17253], [-96.08098, 32.17308], [-96.0775, 32.17374], [-96.07389, 32.17443], [-96.07041, 32.1751], [-96.06725, 32.1757], [-96.0638, 32.17636], [-96.06011, 32.17706], [-96.05727, 32.17759], [-96.05386, 32.1782], [-96.05021, 32.17885], [-96.04676, 32.17947], [-96.04319, 32.18011], [-96.03963, 32.18075], [-96.03607, 32.18139], [-96.03247, 32.18202], [-96.02893, 32.18266], [-96.02537, 32.1833], [-96.02184, 32.18391], [-96.0198, 32.18541], [-96.01773, 32.18694], [-96.01517, 32.18884], [-96.01263, 32.19069], [-96.00904, 32.19071], [-96.00564, 32.19071], [-96.00209, 32.19071], [-95.99854, 32.19072], [-95.99481, 32.19073], [-95.99109, 32.19072], [-95.98729, 32.19073], [-95.98394, 32.19071], [-95.98013, 32.19141], [-95.97662, 32.19205], [-95.97283, 32.19272], [-95.96914, 32.1934], [-95.96524, 32.19409], [-95.96145, 32.19478], [-95.95834, 32.19524], [-95.95472, 32.19586], [-95.95122, 32.19708], [-95.94772, 32.19825], [-95.94763, 32.20151], [-95.94759, 32.20426], [-95.94753, 32.20693], [-95.9475, 32.20968], [-95.94744, 32.2123], [-95.9474, 32.21539], [-95.94733, 32.21808], [-95.9446, 32.22006], [-95.94167, 32.2222], [-95.93865, 32.22438], [-95.93928, 32.22592], [-95.93996, 32.22758], [-95.94123, 32.2307], [-95.94238, 32.23362], [-95.94337, 32.23601], [-95.94541, 32.23619], [-95.94895, 32.23528], [-95.94928, 32.23471]]}, "properties": {"owner": "ONCOR ELECTRIC DELIVERY CO.", "voltage_kv": 345.0}}, {"type": "Feature", "geometry": {"type": "LineString", "coordinates": [[-94.70021, 32.74438], [-94.70009, 32.74482], [-94.69923, 32.80211], [-94.70125, 32.80574], [-94.70076, 32.8106], [-94.70947, 32.82707], [-94.72175, 32.85094], [-94.72674, 32.89883], [-94.72499, 32.90888], [-94.72463, 32.91082], [-94.7179, 32.90818], [-94.71619, 32.90766], [-94.71324, 32.90678], [-94.71313, 32.90857]]}, "properties": {"owner": "UPSHUR RURAL ELEC COOP CORP", "voltage_kv": 345.0}}, {"type": "Feature", "geometry": {"type": "LineString", "coordinates": [[-95.25772, 32.27751], [-95.25694, 32.27811], [-95.25635, 32.27811], [-95.25626, 32.2791], [-95.17077, 32.27677], [-95.13091, 32.27561], [-95.1166, 32.28231], [-95.10833, 32.28521], [-95.10268, 32.28293], [-95.08908, 32.27842], [-95.07827, 32.27481], [-95.06651, 32.27087], [-95.05564, 32.26717], [-95.01378, 32.24592], [-95.00967, 32.24346], [-94.98206, 32.22453], [-94.95218, 32.21229], [-94.94737, 32.21214], [-94.93163, 32.20583], [-94.91721, 32.20457], [-94.91069, 32.20603], [-94.90437, 32.20428], [-94.85896, 32.19895], [-94.84015, 32.19765], [-94.83452, 32.19786], [-94.79951, 32.19872], [-94.75796, 32.19892], [-94.73299, 32.20677], [-94.71, 32.20701], [-94.70358, 32.20963], [-94.62257, 32.24774], [-94.58375, 32.2547], [-94.57564, 32.25783], [-94.57488, 32.25747]]}, "properties": {"owner": "UPSHUR RURAL ELEC COOP CORP", "voltage_kv": 345.0}}, {"type": "Feature", "geometry": {"type": "LineString", "coordinates": [[-95.58134, 33.63899], [-95.58136, 33.63841], [-95.58076, 33.63774], [-95.58062, 33.63759], [-95.57929, 33.63581], [-95.57739, 33.63326], [-95.57521, 33.63034], [-95.57329, 33.62778], [-95.57118, 33.62494], [-95.56928, 33.62239], [-95.56714, 33.61954], [-95.56558, 33.61743], [-95.563, 33.61537], [-95.56076, 33.61358], [-95.55825, 33.61159], [-95.55545, 33.60937], [-95.55314, 33.60751], [-95.55075, 33.60562], [-95.54882, 33.60407], [-95.54605, 33.60184], [-95.54324, 33.59961], [-95.5408, 33.59767], [-95.53844, 33.59579], [-95.53592, 33.59378], [-95.53319, 33.59159], [-95.53056, 33.58951], [-95.52784, 33.58734], [-95.52521, 33.58526], [-95.52261, 33.5832], [-95.51985, 33.581], [-95.51714, 33.57882], [-95.51439, 33.57665], [-95.51168, 33.57447], [-95.50893, 33.57229], [-95.50627, 33.57016], [-95.50358, 33.56802], [-95.50073, 33.56575], [-95.49826, 33.56376], [-95.49584, 33.56192], [-95.49364, 33.56028], [-95.49138, 33.55859], [-95.4891, 33.5569], [-95.4864, 33.55489], [-95.4836, 33.5528], [-95.48077, 33.55071], [-95.47789, 33.54857], [-95.47503, 33.54643], [-95.47225, 33.54438], [-95.46967, 33.54244], [-95.46701, 33.54046], [-95.46414, 33.53832], [-95.46145, 33.53632], [-95.45878, 33.53433], [-95.4558, 33.53212], [-95.45336, 33.5303], [-95.45046, 33.52815], [-95.44776, 33.52614], [-95.44549, 33.52444], [-95.44289, 33.52258], [-95.43996, 33.52047], [-95.43729, 33.51856], [-95.43494, 33.51688], [-95.43208, 33.51482], [-95.42911, 33.51268], [-95.42659, 33.51088], [-95.4241, 33.5091], [-95.42124, 33.50704], [-95.41888, 33.50535], [-95.4159, 33.50319], [-95.41321, 33.50126], [-95.41027, 33.49915], [-95.40789, 33.49745], [-95.40582, 33.49557], [-95.40383, 33.49374], [-95.40128, 33.49141], [-95.39863, 33.48899], [-95.39606, 33.48667], [-95.3938, 33.48459], [-95.39178, 33.48277], [-95.38926, 33.48045], [-95.38686, 33.47823], [-95.38444, 33.476], [-95.38176, 33.47357], [-95.37922, 33.47124], [-95.37667, 33.46892], [-95.37433, 33.46679], [-95.37195, 33.46462], [-95.36951, 33.46239], [-95.36695, 33.46006], [-95.36441, 33.45773], [-95.36186, 33.45541], [-95.35929, 33.45309], [-95.35676, 33.45075], [-95.35453, 33.44871], [-95.35233, 33.4467], [-95.34978, 33.44437], [-95.34721, 33.44204], [-95.34458, 33.4396], [-95.3419, 33.43718], [-95.33929, 33.4348], [-95.33751, 33.43318], [-95.3359, 33.43121], [-95.33383, 33.4287], [-95.33179, 33.42623], [-95.32984, 33.42386], [-95.32797, 33.42161], [-95.32591, 33.41913], [-95.32383, 33.41659], [-95.32178, 33.4141], [-95.3198, 33.41172], [-95.3179, 33.4094], [-95.31594, 33.40704], [-95.3137, 33.40433], [-95.31166, 33.40184], [-95.30998, 33.39981], [-95.30782, 33.39721], [-95.30568, 33.3946], [-95.30363, 33.3921], [-95.3016, 33.38956], [-95.29942, 33.38688], [-95.29775, 33.38488], [-95.2962, 33.38197], [-95.29431, 33.37818], [-95.29287, 33.37534], [-95.29149, 33.37257], [-95.29005, 33.36979], [-95.28873, 33.36718], [-95.28736, 33.36449], [-95.28597, 33.36177], [-95.28463, 33.35912], [-95.28315, 33.35622], [-95.28184, 33.35361], [-95.28052, 33.35102], [-95.2792, 33.34844], [-95.27767, 33.34543], [-95.27642, 33.34297], [-95.27515, 33.34051], [-95.27392, 33.33805], [-95.27266, 33.33559], [-95.27119, 33.33269], [-95.26973, 33.32978], [-95.26825, 33.32687], [-95.26677, 33.32396], [-95.26523, 33.32094], [-95.26371, 33.31794], [-95.26244, 33.31542], [-95.26111, 33.31281], [-95.25994, 33.3105], [-95.25829, 33.30796], [-95.25703, 33.30604], [-95.25685, 33.30577], [-95.25558, 33.30382], [-95.25403, 33.30142], [-95.25215, 33.29852], [-95.25027, 33.29563], [-95.24839, 33.29274], [-95.24656, 33.2899], [-95.24474, 33.28712], [-95.24289, 33.28425], [-95.2412, 33.28167], [-95.23943, 33.27895], [-95.2376, 33.27614], [-95.23576, 33.27329], [-95.23395, 33.27052], [-95.23219, 33.26781], [-95.2303, 33.2649], [-95.22845, 33.26202], [-95.22657, 33.25912], [-95.22469, 33.25622], [-95.22283, 33.25333], [-95.22094, 33.25042], [-95.21906, 33.24755], [-95.21727, 33.24466], [-95.21538, 33.24176], [-95.21346, 33.23887], [-95.21161, 33.23599], [-95.20972, 33.23308], [-95.20786, 33.2302], [-95.206, 33.2273], [-95.20427, 33.22466], [-95.2024, 33.22174], [-95.20052, 33.21887], [-95.19863, 33.21598], [-95.19685, 33.21321], [-95.19488, 33.2102], [-95.19317, 33.20763], [-95.19127, 33.20466], [-95.18943, 33.20183], [-95.18767, 33.19911], [-95.18578, 33.19622], [-95.18405, 33.19351], [-95.18236, 33.19092], [-95.18056, 33.18817], [-95.1787, 33.18537], [-95.17692, 33.18262], [-95.17518, 33.17996], [-95.17331, 33.17707], [-95.1718, 33.17478], [-95.16994, 33.17188], [-95.16827, 33.16932], [-95.16665, 33.16683], [-95.16455, 33.16353], [-95.16317, 33.16142], [-95.16123, 33.15854], [-95.1599, 33.15637], [-95.15697, 33.15522], [-95.15372, 33.15394], [-95.15019, 33.15255], [-95.14662, 33.15116], [-95.14365, 33.14999], [-95.14015, 33.14862], [-95.13686, 33.14734], [-95.13306, 33.14586], [-95.13001, 33.14466], [-95.12664, 33.14334], [-95.12352, 33.1419], [-95.12341, 33.14184], [-95.12336, 33.14182], [-95.12089, 33.14063], [-95.11513, 33.13796], [-95.11328, 33.13688], [-95.11086, 33.13547], [-95.10855, 33.13409], [-95.09816, 33.128], [-95.09535, 33.12638], [-95.09214, 33.12452], [-95.0881, 33.12219], [-95.08522, 33.12051], [-95.08468, 33.12019], [-95.08407, 33.11983], [-95.08087, 33.11798], [-95.0779, 33.11624], [-95.07473, 33.11432], [-95.07136, 33.11236], [-95.06704, 33.10979], [-95.06365, 33.10785], [-95.06142, 33.10679], [-95.05882, 33.10561], [-95.05452, 33.10361], [-95.05125, 33.10212], [-95.04821, 33.10067], [-95.04774, 33.10045], [-95.04615, 33.09795], [-95.0447, 33.09564], [-95.04299, 33.09298], [-95.04203, 33.09166]]}, "properties": {"owner": "TEXAS-NEW MEXICO POWER CO", "voltage_kv": 345.0}}, {"type": "Feature", "geometry": {"type": "LineString", "coordinates": [[-96.10575, 32.12632], [-96.1053, 32.12666], [-96.1044, 32.12942], [-96.10281, 32.13021], [-96.09989, 32.13164], [-96.08915, 32.12376], [-96.01154, 32.11542], [-96.00166, 32.11427], [-95.99926, 32.11393], [-95.98929, 32.11369], [-95.96957, 32.11262], [-95.93599, 32.11083], [-95.92339, 32.11018], [-95.92017, 32.10994], [-95.90569, 32.10856], [-95.85012, 32.10291], [-95.80421, 32.09839], [-95.76903, 32.09173], [-95.75998, 32.08801], [-95.74871, 32.08363], [-95.70255, 32.07461], [-95.67505, 32.06913], [-95.67166, 32.06846], [-95.66848, 32.06782], [-95.66494, 32.06714], [-95.63111, 32.06056], [-95.57904, 32.05028], [-95.57366, 32.04916], [-95.57142, 32.04876], [-95.56426, 32.04736], [-95.51379, 32.0354], [-95.50761, 32.03425], [-95.50216, 32.03324], [-95.49313, 32.03162], [-95.4837, 32.02997], [-95.47092, 32.02775], [-95.46202, 32.02619], [-95.44951, 32.02402], [-95.43313, 32.02121], [-95.36701, 32.03504], [-95.35532, 32.03605], [-95.34325, 32.03584], [-95.30256, 32.03465], [-95.28623, 32.0337], [-95.27564, 32.03301], [-95.26737, 32.03252], [-95.26055, 32.03229], [-95.24992, 32.03195], [-95.23201, 32.03148], [-95.2187, 32.03081], [-95.20213, 32.03], [-95.18489, 32.02915], [-95.17172, 32.02841], [-95.1683, 32.02824], [-95.15825, 32.02783], [-95.09352, 31.99283], [-95.06624, 31.97779], [-95.05128, 31.96908], [-95.03926, 31.96151], [-95.02034, 31.95096], [-95.00238, 31.94225], [-94.99542, 31.93722], [-94.99423, 31.93773], [-94.99326, 31.93778]]}, "properties": {"owner": "ONCOR ELECTRIC DELIVERY COMPANY LLC", "voltage_kv": 345.0}}, {"type": "Feature", "geometry": {"type": "LineString", "coordinates": [[-96.10575, 32.12632], [-96.10608, 32.12578], [-96.10789, 32.11915], [-96.10865, 32.11688], [-96.109, 32.11423], [-96.10912, 32.11189], [-96.1087, 32.10903], [-96.10838, 32.10699], [-96.10791, 32.10408], [-96.10755, 32.10161], [-96.10713, 32.09899], [-96.10669, 32.09612], [-96.10629, 32.09348], [-96.105, 32.08349], [-96.10433, 32.07798], [-96.10229, 32.06103], [-96.09129, 31.97128], [-96.0908, 31.96928], [-96.10598, 31.92121], [-96.113, 31.89991], [-96.11366, 31.89725], [-96.11378, 31.89247], [-96.1138, 31.89093], [-96.11335, 31.89015]]}, "properties": {"owner": "ONCOR ELECTRIC DELIVERY COMPANY LLC", "voltage_kv": 345.0}}, {"type": "Feature", "geometry": {"type": "LineString", "coordinates": [[-95.21515, 32.18931], [-95.21508, 32.18616], [-95.21585, 32.18621], [-95.21593, 32.18581]]}, "properties": {"owner": "ONCOR ELECTRIC DELIVERY CO.", "voltage_kv": 345.0}}, {"type": "Feature", "geometry": {"type": "LineString", "coordinates": [[-96.48439, 31.18553], [-96.48365, 31.18551], [-96.48293, 31.1846], [-96.48123, 31.18215], [-96.47976, 31.18002], [-96.47845, 31.17812], [-96.47608, 31.17575], [-96.47376, 31.17344], [-96.47212, 31.17109], [-96.47036, 31.16863], [-96.46849, 31.16593], [-96.46652, 31.16318], [-96.4647, 31.16056], [-96.46248, 31.15735], [-96.46081, 31.15508], [-96.45941, 31.15298], [-96.45773, 31.15061], [-96.45575, 31.14779], [-96.45382, 31.14506], [-96.45231, 31.14288], [-96.45065, 31.14053], [-96.44897, 31.13811], [-96.4471, 31.13546], [-96.44531, 31.13284], [-96.4431, 31.13024], [-96.44099, 31.1277], [-96.43881, 31.12513], [-96.43667, 31.12251], [-96.4345, 31.11994], [-96.43231, 31.11728], [-96.43014, 31.11473], [-96.42808, 31.11227], [-96.4266, 31.10984], [-96.4251, 31.1074], [-96.42342, 31.10507], [-96.4216, 31.1025], [-96.41993, 31.10016], [-96.41847, 31.09804], [-96.41626, 31.09627], [-96.41402, 31.09442], [-96.41184, 31.09264], [-96.40949, 31.09069], [-96.40728, 31.08889], [-96.40585, 31.0868], [-96.40398, 31.08409], [-96.40219, 31.0815], [-96.40023, 31.07866], [-96.39825, 31.07619], [-96.39625, 31.07368], [-96.39433, 31.07127], [-96.39224, 31.06865], [-96.39106, 31.06612], [-96.38987, 31.06362], [-96.3889, 31.06156], [-96.38867, 31.06106], [-96.38729, 31.05818], [-96.3859, 31.05524], [-96.38455, 31.05238], [-96.38323, 31.04952], [-96.38119, 31.04729], [-96.38099, 31.04707], [-96.37918, 31.04504], [-96.37709, 31.0427], [-96.37499, 31.04037], [-96.3728, 31.0379], [-96.37034, 31.03513], [-96.36821, 31.03274], [-96.36586, 31.03016], [-96.3639, 31.02742], [-96.3623, 31.02527], [-96.36055, 31.02249], [-96.35884, 31.01973], [-96.35728, 31.01722], [-96.35562, 31.01463], [-96.35395, 31.01204], [-96.35216, 31.00916], [-96.3504, 31.00636], [-96.34873, 31.00372], [-96.3472, 31.00126], [-96.34556, 30.99867], [-96.34383, 30.9959], [-96.34214, 30.99322], [-96.34044, 30.9905], [-96.3388, 30.9879], [-96.33716, 30.98533], [-96.33545, 30.98259], [-96.33361, 30.97971], [-96.33221, 30.97744], [-96.33064, 30.97519], [-96.32895, 30.9727], [-96.32724, 30.97041], [-96.32546, 30.96801], [-96.32364, 30.96553], [-96.32174, 30.96297], [-96.31987, 30.96042], [-96.31799, 30.95786], [-96.31611, 30.95532], [-96.31422, 30.95278], [-96.31239, 30.95024], [-96.31066, 30.94792], [-96.3088, 30.94538], [-96.30733, 30.94342], [-96.30703, 30.94301], [-96.30639, 30.93963], [-96.30577, 30.93664], [-96.30517, 30.93366], [-96.3046, 30.93067], [-96.30285, 30.92803], [-96.30109, 30.92526], [-96.29935, 30.92256], [-96.29766, 30.91995], [-96.29586, 30.91715], [-96.29406, 30.91436], [-96.2924, 30.91178], [-96.29049, 30.90877], [-96.28877, 30.90616], [-96.28714, 30.90363], [-96.2854, 30.90094], [-96.28372, 30.89828], [-96.28195, 30.89552], [-96.28015, 30.89275], [-96.27843, 30.89006], [-96.27673, 30.88742], [-96.27497, 30.88467], [-96.27317, 30.88191], [-96.27139, 30.87913], [-96.26969, 30.87649], [-96.26806, 30.87396], [-96.2663, 30.87122], [-96.26448, 30.86841], [-96.26268, 30.8656], [-96.26088, 30.8628], [-96.25925, 30.8602], [-96.25904, 30.85895]]}, "properties": {"owner": "CITY OF BRYAN - (TX)", "voltage_kv": 345.0}}, {"type": "Feature", "geometry": {"type": "LineString", "coordinates": [[-96.10575, 32.12632], [-96.10617, 32.12682], [-96.10484, 32.13083], [-96.10353, 32.13337], [-96.1003, 32.14347], [-96.10032, 32.16452], [-96.14956, 32.21526], [-96.21475, 32.2582], [-96.24015, 32.28133], [-96.2425, 32.28318], [-96.24496, 32.28484], [-96.2478, 32.28655], [-96.27301, 32.2985], [-96.27574, 32.3001], [-96.28734, 32.30812], [-96.32724, 32.33667], [-96.33263, 32.34045], [-96.34903, 32.35196], [-96.41059, 32.44338], [-96.43506, 32.47953], [-96.48652, 32.52044], [-96.50628, 32.53615], [-96.53083, 32.54887], [-96.53725, 32.55306], [-96.53878, 32.55399], [-96.54153, 32.55569], [-96.54379, 32.5571], [-96.54627, 32.55864], [-96.5489, 32.5604], [-96.55159, 32.56205], [-96.55437, 32.56364], [-96.55713, 32.56535], [-96.55964, 32.56704], [-96.56186, 32.56843], [-96.56392, 32.56972], [-96.56609, 32.57105], [-96.56944, 32.57075], [-96.573, 32.57042], [-96.57617, 32.57011], [-96.57893, 32.56986], [-96.58221, 32.56955], [-96.58568, 32.56922], [-96.58904, 32.56891], [-96.59242, 32.56858], [-96.59578, 32.56824], [-96.59849, 32.56802], [-96.60154, 32.56774], [-96.60428, 32.56747], [-96.60743, 32.56718], [-96.61034, 32.5669], [-96.61318, 32.56638], [-96.61639, 32.5658], [-96.61894, 32.56533], [-96.62197, 32.5648], [-96.62503, 32.56424], [-96.62817, 32.56368], [-96.63132, 32.5631], [-96.63465, 32.5625], [-96.63809, 32.56188], [-96.64079, 32.56139], [-96.64398, 32.56082], [-96.64746, 32.56017], [-96.6507, 32.55959], [-96.65409, 32.55897], [-96.65674, 32.55848], [-96.65987, 32.55848], [-96.66318, 32.55848], [-96.66611, 32.55846], [-96.6765, 32.55836], [-96.72488, 32.55825], [-96.72618, 32.55854]]}, "properties": {"owner": "ONCOR ELECTRIC DELIVERY CO.", "voltage_kv": 345.0}}, {"type": "Feature", "geometry": {"type": "MultiLineString", "coordinates": [[[-95.34644, 32.27986], [-95.34684, 32.28034], [-95.35266, 32.28032], [-95.43462, 32.33899], [-95.44277, 32.34132], [-95.45711, 32.35473], [-95.53989, 32.41754], [-95.62238, 32.48115], [-95.82785, 32.48346], [-95.87353, 32.47965], [-95.92361, 32.48253], [-95.97146, 32.51841], [-95.99343, 32.51905], [-96.0183, 32.52181]], [[-96.0183, 32.52181], [-96.0634, 32.52682], [-96.11618, 32.53259], [-96.14267, 32.53243], [-96.17703, 32.53206], [-96.24176, 32.53685], [-96.28291, 32.53986], [-96.33722, 32.53895], [-96.3585, 32.53687], [-96.43514, 32.53679], [-96.48626, 32.52076], [-96.50601, 32.53649], [-96.53064, 32.54934], [-96.53708, 32.55337], [-96.5375, 32.55367]]]}, "properties": {"owner": "ONCOR ELECTRIC DELIVERY COMPANY LLC", "voltage_kv": 345.0}}, {"type": "Feature", "geometry": {"type": "LineString", "coordinates": [[-96.05745, 31.81953], [-96.05709, 31.819], [-96.0596, 31.81797], [-96.07275, 31.81253], [-96.10016, 31.79736], [-96.10657, 31.77879], [-96.10748, 31.77307], [-96.11032, 31.76534], [-96.11633, 31.76444], [-96.11893, 31.76329], [-96.11959, 31.74394], [-96.12049, 31.6983], [-96.12054, 31.69543], [-96.12058, 31.69298], [-96.12087, 31.67612], [-96.12124, 31.65459], [-96.12156, 31.63609], [-96.12181, 31.6215], [-96.11896, 31.55722], [-96.1182, 31.53127], [-96.11818, 31.49033], [-96.11825, 31.45821], [-96.11952, 31.42756], [-96.13162, 31.37509], [-96.1321, 31.37169], [-96.1328, 31.37132]]}, "properties": {"owner": "ONCOR ELECTRIC DELIVERY CO.", "voltage_kv": 345.0}}, {"type": "Feature", "geometry": {"type": "LineString", "coordinates": [[-95.6165, 33.08574], [-95.61623, 33.08604], [-95.61119, 33.08541], [-95.60871, 33.08505], [-95.60542, 33.08498], [-95.60233, 33.08491], [-95.59924, 33.08483], [-95.59657, 33.08476], [-95.59307, 33.08467], [-95.58999, 33.08463], [-95.58656, 33.08459], [-95.58384, 33.08619], [-95.5812, 33.08771], [-95.57856, 33.08932], [-95.57537, 33.09124], [-95.57218, 33.09316], [-95.56901, 33.09507], [-95.56625, 33.09673], [-95.56315, 33.09861], [-95.56064, 33.10011], [-95.55765, 33.10191], [-95.55463, 33.10374], [-95.55213, 33.10525], [-95.5497, 33.10672], [-95.54717, 33.10825], [-95.54398, 33.11017], [-95.54216, 33.11123], [-95.54181, 33.11114], [-95.53977, 33.1106], [-95.53649, 33.1097], [-95.53331, 33.10883], [-95.52997, 33.10792], [-95.5267, 33.10702], [-95.52358, 33.10618], [-95.52002, 33.10521], [-95.51773, 33.10469], [-95.51514, 33.1047], [-95.51232, 33.10472], [-95.51132, 33.10299], [-95.50814, 33.10108], [-95.50494, 33.09919], [-95.50222, 33.09761], [-95.50035, 33.09777], [-95.49817, 33.09799], [-95.49409, 33.09841], [-95.49041, 33.0988], [-95.48644, 33.0992], [-95.48291, 33.0995], [-95.48007, 33.09955], [-95.47615, 33.09955], [-95.47274, 33.09955], [-95.4693, 33.09957], [-95.46606, 33.09957], [-95.46278, 33.09958], [-95.45928, 33.09958], [-95.45563, 33.09958], [-95.45172, 33.0996], [-95.4478, 33.0996], [-95.44391, 33.0996], [-95.43999, 33.0996], [-95.43649, 33.09962], [-95.43297, 33.09962], [-95.42908, 33.09962], [-95.4251, 33.09964], [-95.42111, 33.09965], [-95.41782, 33.09963], [-95.41468, 33.0996], [-95.41071, 33.09955], [-95.40687, 33.09949], [-95.40298, 33.09943], [-95.39902, 33.09937], [-95.3951, 33.09933], [-95.39115, 33.09928], [-95.38743, 33.09922], [-95.38404, 33.09917], [-95.38048, 33.09911], [-95.37672, 33.09906], [-95.37312, 33.09904], [-95.36923, 33.09898], [-95.36529, 33.09893], [-95.36136, 33.09886], [-95.35745, 33.0988], [-95.35358, 33.09875], [-95.35014, 33.0987], [-95.3467, 33.09871], [-95.34292, 33.0987], [-95.33916, 33.09871], [-95.33524, 33.0987], [-95.33133, 33.09869], [-95.32739, 33.0987], [-95.32393, 33.09871], [-95.32027, 33.0987], [-95.31658, 33.09871], [-95.31339, 33.09871], [-95.31114, 33.09874], [-95.30724, 33.09878], [-95.30331, 33.09883], [-95.29939, 33.09889], [-95.2955, 33.09896], [-95.29162, 33.09901], [-95.28793, 33.09907], [-95.28482, 33.0991], [-95.28174, 33.09915], [-95.27784, 33.0992], [-95.27391, 33.09926], [-95.27001, 33.09931], [-95.26609, 33.09938], [-95.26331, 33.09941], [-95.25956, 33.09945], [-95.25532, 33.09952], [-95.25173, 33.09957], [-95.24782, 33.09962], [-95.2439, 33.09967], [-95.24001, 33.09974], [-95.23771, 33.09976], [-95.23382, 33.09982], [-95.2299, 33.09987], [-95.22794, 33.09989], [-95.22565, 33.09991], [-95.22287, 33.09996], [-95.22017, 33.09997], [-95.2175, 33.09997], [-95.21357, 33.09995], [-95.20967, 33.09997], [-95.20645, 33.09995], [-95.20317, 33.09995], [-95.19994, 33.09994], [-95.19596, 33.09992], [-95.19245, 33.0999], [-95.18854, 33.09987], [-95.18501, 33.09983], [-95.18125, 33.0998], [-95.17726, 33.09979], [-95.17372, 33.09975], [-95.17013, 33.09977], [-95.1663, 33.09974], [-95.1624, 33.09971], [-95.15848, 33.09969], [-95.15826, 33.09969], [-95.1582, 33.09969], [-95.1548, 33.09971], [-95.15089, 33.09966], [-95.1475, 33.09965], [-95.14356, 33.09961], [-95.13965, 33.0996], [-95.13591, 33.09956], [-95.13246, 33.09955], [-95.12918, 33.09955], [-95.12558, 33.09951], [-95.12165, 33.09949], [-95.1178, 33.09946], [-95.114, 33.09946], [-95.11056, 33.09939], [-95.10781, 33.09937], [-95.10462, 33.09929], [-95.10107, 33.09923], [-95.09779, 33.09916], [-95.09439, 33.09908], [-95.09098, 33.09904], [-95.08731, 33.09903], [-95.0836, 33.09893], [-95.07971, 33.09883], [-95.07481, 33.09876], [-95.07375, 33.09934], [-95.06947, 33.10196], [-95.06514, 33.10454], [-95.06191, 33.10643], [-95.05954, 33.10533], [-95.05479, 33.10315], [-95.05138, 33.10155], [-95.04849, 33.10021], [-95.04818, 33.10006], [-95.04718, 33.09856], [-95.04514, 33.09544], [-95.0428, 33.09186], [-95.04203, 33.09166]]}, "properties": {"owner": "WOOD COUNTY ELECTRIC COOP, INC", "voltage_kv": 345.0}}, {"type": "Feature", "geometry": {"type": "LineString", "coordinates": [[-96.35077, 32.96925], [-96.34984, 32.97039], [-96.34981, 32.97399], [-96.34988, 32.97532], [-96.34977, 32.97816], [-96.34964, 32.98145], [-96.34952, 32.98455], [-96.34939, 32.98764], [-96.34928, 32.99031], [-96.34734, 32.99171], [-96.34399, 32.99163], [-96.3404, 32.99151], [-96.33692, 32.99143], [-96.33341, 32.99132], [-96.32981, 32.99124], [-96.32622, 32.99115], [-96.32289, 32.99105], [-96.32028, 32.99128], [-96.31626, 32.99162], [-96.31283, 32.99191], [-96.3094, 32.99222], [-96.30595, 32.99255], [-96.30255, 32.99285], [-96.29901, 32.99317], [-96.29548, 32.99348], [-96.29164, 32.99384], [-96.28825, 32.99414], [-96.28451, 32.99448], [-96.28078, 32.99482], [-96.27724, 32.99514], [-96.27439, 32.99527], [-96.27163, 32.99539], [-96.26813, 32.99552], [-96.26465, 32.99567], [-96.26106, 32.99581], [-96.25739, 32.99596], [-96.25412, 32.9961], [-96.25007, 32.99627], [-96.24642, 32.99643], [-96.24238, 32.9966], [-96.23881, 32.99673], [-96.23525, 32.99688], [-96.23174, 32.99705], [-96.22821, 32.99719], [-96.22467, 32.99732], [-96.22085, 32.99748], [-96.21724, 32.99761], [-96.21337, 32.99778], [-96.20971, 32.99794], [-96.20603, 32.9981], [-96.20228, 32.99823], [-96.19871, 32.99839], [-96.19504, 32.99853], [-96.19117, 32.9987], [-96.18724, 32.99885], [-96.1835, 32.999], [-96.17943, 32.99917], [-96.17567, 32.99931], [-96.17184, 32.99948], [-96.16792, 32.99964], [-96.16399, 32.99979], [-96.16008, 32.99995], [-96.15619, 33.00012], [-96.15228, 33.00029], [-96.14839, 33.00044], [-96.14449, 33.00059], [-96.14091, 33.00075], [-96.13764, 33.00088], [-96.13416, 33.00102], [-96.13105, 33.00114], [-96.12799, 33.00127], [-96.12472, 33.0014], [-96.12083, 33.00156], [-96.11694, 33.00173], [-96.11303, 33.00188], [-96.10912, 33.00204], [-96.10538, 33.0022], [-96.10147, 33.00236], [-96.09774, 33.00251], [-96.09431, 33.00265], [-96.09039, 33.0028], [-96.08684, 33.00294], [-96.08313, 33.00309], [-96.07937, 33.00325], [-96.07561, 33.0034], [-96.07187, 33.00355], [-96.06779, 33.00373], [-96.06449, 33.00386], [-96.06119, 33.00399], [-96.05784, 33.00414], [-96.05451, 33.00426], [-96.0512, 33.0044], [-96.04747, 33.00455], [-96.04506, 33.00466], [-96.04176, 33.00543], [-96.03797, 33.00631], [-96.03423, 33.0072], [-96.03049, 33.00808], [-96.02672, 33.00896], [-96.02313, 33.00981], [-96.01949, 33.01066], [-96.01575, 33.01154], [-96.01209, 33.01239], [-96.00902, 33.01311], [-96.00605, 33.01382], [-96.00312, 33.01451], [-96.00025, 33.0152], [-95.9967, 33.01631], [-95.99314, 33.01743], [-95.98964, 33.01853], [-95.98617, 33.01962], [-95.98269, 33.02073], [-95.97928, 33.02179], [-95.97622, 33.02276], [-95.97319, 33.02371], [-95.96997, 33.02473], [-95.96707, 33.02564], [-95.96355, 33.02674], [-95.96063, 33.02766], [-95.95772, 33.02857], [-95.9547, 33.02953], [-95.95163, 33.0305], [-95.94848, 33.03148], [-95.9449, 33.03262], [-95.94171, 33.03364], [-95.93875, 33.03454], [-95.93651, 33.03531], [-95.93405, 33.03612], [-95.93146, 33.03694], [-95.92823, 33.03792], [-95.92596, 33.03854], [-95.92383, 33.03861], [-95.92046, 33.03866], [-95.91686, 33.03869], [-95.91307, 33.03873], [-95.90921, 33.03877], [-95.90594, 33.0388], [-95.90269, 33.03884], [-95.89959, 33.0389], [-95.89737, 33.03938], [-95.894, 33.04018], [-95.89078, 33.04094], [-95.88764, 33.04168], [-95.88387, 33.04257], [-95.88028, 33.0434], [-95.87651, 33.0443], [-95.87273, 33.04517], [-95.86901, 33.04605], [-95.86522, 33.04694], [-95.86163, 33.04779], [-95.8585, 33.04852], [-95.85472, 33.04939], [-95.85098, 33.05027], [-95.84765, 33.05104], [-95.8443, 33.05182], [-95.84083, 33.05264], [-95.83709, 33.05351], [-95.83355, 33.05433], [-95.8301, 33.05514], [-95.8265, 33.05598], [-95.82311, 33.05676], [-95.8195, 33.05762], [-95.81619, 33.05839], [-95.81273, 33.05917], [-95.80943, 33.05995], [-95.80612, 33.06071], [-95.80282, 33.06148], [-95.79975, 33.06219], [-95.79654, 33.06293], [-95.79348, 33.06364], [-95.78969, 33.06451], [-95.7861, 33.06534], [-95.78247, 33.06618], [-95.77885, 33.06702], [-95.77514, 33.06786], [-95.77134, 33.06874], [-95.76757, 33.0696], [-95.76409, 33.07043], [-95.76047, 33.07125], [-95.75676, 33.07208], [-95.75429, 33.07263], [-95.75158, 33.07324], [-95.74844, 33.07362], [-95.74525, 33.07403], [-95.74183, 33.07441], [-95.73795, 33.07486], [-95.73405, 33.07529], [-95.73044, 33.07571], [-95.72672, 33.07612], [-95.72283, 33.07656], [-95.71893, 33.07701], [-95.71506, 33.07743], [-95.71117, 33.07788], [-95.7073, 33.07832], [-95.70379, 33.07871], [-95.69992, 33.07916], [-95.69607, 33.07958], [-95.69263, 33.07998], [-95.6894, 33.08035], [-95.68616, 33.08071], [-95.68229, 33.08114], [-95.67905, 33.08151], [-95.67581, 33.08187], [-95.67242, 33.08226], [-95.66904, 33.08262], [-95.66592, 33.08298], [-95.66206, 33.08322], [-95.65849, 33.08345], [-95.65444, 33.08373], [-95.65071, 33.08396], [-95.6471, 33.08419], [-95.64401, 33.0844], [-95.64061, 33.08462], [-95.63721, 33.08484], [-95.63362, 33.08507], [-95.62976, 33.08533], [-95.62632, 33.08555], [-95.6229, 33.08577], [-95.61956, 33.08598], [-95.61724, 33.08624], [-95.6161, 33.08626], [-95.61584, 33.08621], [-95.61381, 33.08586], [-95.61118, 33.08551], [-95.60871, 33.08515], [-95.60541, 33.08508], [-95.60232, 33.08501], [-95.59924, 33.08493], [-95.59656, 33.08486], [-95.59306, 33.08477], [-95.58999, 33.08473], [-95.58659, 33.08469], [-95.58389, 33.08627], [-95.58125, 33.0878], [-95.57861, 33.0894], [-95.57542, 33.09132], [-95.57223, 33.09324], [-95.56906, 33.09516], [-95.5663, 33.09682], [-95.5632, 33.09869], [-95.5607, 33.10019], [-95.5577, 33.102], [-95.55469, 33.10382], [-95.55218, 33.10534], [-95.54975, 33.1068], [-95.54722, 33.10833], [-95.54403, 33.11025], [-95.54218, 33.11134], [-95.54178, 33.11124], [-95.53974, 33.1107], [-95.53646, 33.1098], [-95.53328, 33.10893], [-95.52995, 33.10801], [-95.52667, 33.10712], [-95.52355, 33.10627], [-95.51999, 33.10531], [-95.51771, 33.10479], [-95.51515, 33.1048], [-95.51226, 33.10482], [-95.51125, 33.10306], [-95.50809, 33.10117], [-95.50489, 33.09928], [-95.5022, 33.09771], [-95.50036, 33.09787], [-95.49818, 33.09809], [-95.49411, 33.09851], [-95.49042, 33.0989], [-95.48645, 33.09929], [-95.48292, 33.0996], [-95.48007, 33.09965], [-95.47615, 33.09965], [-95.47274, 33.09965], [-95.4693, 33.09967], [-95.46606, 33.09967], [-95.46278, 33.09968], [-95.45928, 33.09968], [-95.45563, 33.09968], [-95.45172, 33.0997], [-95.4478, 33.0997], [-95.44391, 33.0997], [-95.43999, 33.0997], [-95.43649, 33.09972], [-95.43297, 33.09972], [-95.42908, 33.09972], [-95.4251, 33.09974], [-95.42111, 33.09975], [-95.41782, 33.09973], [-95.41468, 33.0997], [-95.4107, 33.09965], [-95.40687, 33.09959], [-95.40298, 33.09953], [-95.39902, 33.09947], [-95.39509, 33.09943], [-95.39115, 33.09938], [-95.38743, 33.09932], [-95.38404, 33.09927], [-95.38048, 33.09921], [-95.37672, 33.09916], [-95.37312, 33.09914], [-95.36923, 33.09908], [-95.36529, 33.09903], [-95.36136, 33.09896], [-95.35745, 33.0989], [-95.35358, 33.09885], [-95.35013, 33.0988], [-95.3467, 33.09881], [-95.34292, 33.0988], [-95.33916, 33.09881], [-95.33524, 33.0988], [-95.33133, 33.09879], [-95.32739, 33.0988], [-95.32393, 33.09881], [-95.32027, 33.0988], [-95.31658, 33.09881], [-95.31339, 33.09881], [-95.31114, 33.09884], [-95.30724, 33.09888], [-95.30332, 33.09893], [-95.29939, 33.09899], [-95.29551, 33.09906], [-95.29163, 33.09911], [-95.28793, 33.09917], [-95.28482, 33.0992], [-95.28174, 33.09925], [-95.27784, 33.0993], [-95.27392, 33.09936], [-95.27001, 33.09941], [-95.2661, 33.09948], [-95.26331, 33.09951], [-95.25957, 33.09955], [-95.25532, 33.09962], [-95.25173, 33.09967], [-95.24782, 33.09972], [-95.2439, 33.09977], [-95.24001, 33.09984], [-95.23771, 33.09986], [-95.23382, 33.09992], [-95.2299, 33.09997], [-95.22794, 33.09999], [-95.22565, 33.10001], [-95.22287, 33.10006], [-95.22017, 33.10007], [-95.2175, 33.10007], [-95.21357, 33.10005], [-95.20967, 33.10007], [-95.20645, 33.10005], [-95.20317, 33.10005], [-95.19994, 33.10004], [-95.19596, 33.10002], [-95.19244, 33.1], [-95.18854, 33.09997], [-95.18501, 33.09993], [-95.18125, 33.0999], [-95.17726, 33.09989], [-95.17372, 33.09985], [-95.17013, 33.09987], [-95.1663, 33.09984], [-95.1624, 33.09981], [-95.15848, 33.09979], [-95.15826, 33.09979], [-95.1582, 33.09979], [-95.1548, 33.09981], [-95.15089, 33.09976], [-95.1475, 33.09975], [-95.14356, 33.09971], [-95.13965, 33.0997], [-95.13591, 33.09966], [-95.13246, 33.09965], [-95.12918, 33.09965], [-95.12558, 33.09961], [-95.12165, 33.09959], [-95.1178, 33.09956], [-95.114, 33.09956], [-95.11056, 33.09949], [-95.10781, 33.09947], [-95.10462, 33.09939], [-95.10107, 33.09933], [-95.09779, 33.09926], [-95.09439, 33.09918], [-95.09098, 33.09914], [-95.08731, 33.09913], [-95.0836, 33.09903], [-95.07971, 33.09893], [-95.07484, 33.09886], [-95.07381, 33.09943], [-95.06952, 33.10205], [-95.06519, 33.10463], [-95.06192, 33.10655], [-95.0595, 33.10542], [-95.05475, 33.10324], [-95.05134, 33.10164], [-95.04845, 33.1003], [-95.04811, 33.10014], [-95.04709, 33.09862], [-95.04506, 33.0955], [-95.04269, 33.09194], [-95.04203, 33.09166]]}, "properties": {"owner": "ONCOR ELECTRIC DELIVERY COMPANY LLC", "voltage_kv": 345.0}}, {"type": "Feature", "geometry": {"type": "LineString", "coordinates": [[-94.57488, 32.25747], [-94.57564, 32.25773], [-94.58372, 32.25461], [-94.62254, 32.24765], [-94.70354, 32.20954], [-94.70998, 32.20691], [-94.73298, 32.20667], [-94.75795, 32.19882], [-94.79951, 32.19862], [-94.83452, 32.19776], [-94.84015, 32.19755], [-94.85897, 32.19885], [-94.90439, 32.20418], [-94.9107, 32.20593], [-94.91721, 32.20447], [-94.93165, 32.20573], [-94.94739, 32.21204], [-94.9522, 32.21219], [-94.98211, 32.22444], [-95.00972, 32.24337], [-95.01383, 32.24583], [-95.05568, 32.26707], [-95.06654, 32.27077], [-95.07831, 32.27471], [-95.08911, 32.27832], [-95.10272, 32.28284], [-95.10833, 32.28511], [-95.11657, 32.28222], [-95.13089, 32.27551], [-95.17078, 32.27667], [-95.25602, 32.27891], [-95.25616, 32.27789], [-95.25693, 32.27789], [-95.25772, 32.27751]]}, "properties": {"owner": "UPSHUR RURAL ELEC COOP CORP", "voltage_kv": 345.0}}, {"type": "Feature", "geometry": {"type": "LineString", "coordinates": [[-95.97332, 30.66141], [-95.97462, 30.66235], [-95.97462, 30.66374], [-95.97324, 30.66816], [-95.9836, 30.71457], [-96.01394, 30.84775], [-96.02613, 30.89738], [-96.02827, 30.91788], [-96.03279, 30.93967], [-96.03524, 30.94992], [-96.03835, 30.96403], [-96.03978, 30.97027], [-96.0424, 30.98071], [-96.04621, 30.99765], [-96.0532, 31.02947], [-96.06562, 31.08067], [-96.07218, 31.10869], [-96.08053, 31.14451], [-96.09451, 31.20429], [-96.10822, 31.26334], [-96.10942, 31.26889], [-96.11554, 31.29557], [-96.11591, 31.29771], [-96.13213, 31.36799], [-96.1327, 31.3708], [-96.13257, 31.37109], [-96.1328, 31.37132]]}, "properties": {"owner": "ENTERGY TEXAS INC.", "voltage_kv": 345.0}}, {"type": "Feature", "geometry": {"type": "LineString", "coordinates": [[-96.1328, 31.37132], [-96.13343, 31.37108], [-96.13802, 31.37174], [-96.14138, 31.37195], [-96.1439, 31.3721], [-96.14641, 31.37225], [-96.14918, 31.37243], [-96.15184, 31.37258], [-96.15495, 31.37276], [-96.15838, 31.37298], [-96.16102, 31.37313], [-96.16372, 31.37328], [-96.16762, 31.37353], [-96.17098, 31.37373], [-96.17417, 31.37392], [-96.17793, 31.37413], [-96.18155, 31.37435], [-96.18511, 31.37457], [-96.18838, 31.37476], [-96.19185, 31.37496], [-96.19495, 31.37533], [-96.19687, 31.37554], [-96.2004, 31.37593], [-96.20329, 31.37626], [-96.20614, 31.37658], [-96.20965, 31.37697], [-96.21225, 31.37726], [-96.21565, 31.37764], [-96.2195, 31.37807], [-96.22239, 31.37841], [-96.22592, 31.3788], [-96.22936, 31.37918], [-96.23281, 31.37955], [-96.23561, 31.37773], [-96.23839, 31.37591], [-96.24119, 31.37409], [-96.24391, 31.37231], [-96.24646, 31.37065], [-96.24888, 31.36906], [-96.25155, 31.36732], [-96.25413, 31.36571], [-96.25661, 31.36702], [-96.25896, 31.3684], [-96.26129, 31.36978], [-96.26371, 31.37121], [-96.26871, 31.37414], [-96.27109, 31.37558], [-96.27251, 31.37758], [-96.27395, 31.37954], [-96.27545, 31.3815], [-96.27691, 31.38358], [-96.2797, 31.38368], [-96.28241, 31.38381], [-96.28508, 31.38399], [-96.28612, 31.38404], [-96.28863, 31.38417], [-96.29168, 31.38437], [-96.29513, 31.38456], [-96.29869, 31.38476], [-96.30226, 31.38494], [-96.30519, 31.38512], [-96.30884, 31.38536], [-96.31228, 31.38582], [-96.31552, 31.38623], [-96.31841, 31.38663], [-96.32228, 31.38708], [-96.32585, 31.38756], [-96.32918, 31.38801], [-96.33267, 31.38846], [-96.33604, 31.3889], [-96.33953, 31.38937], [-96.34311, 31.38976], [-96.34629, 31.39025], [-96.34981, 31.3907], [-96.35334, 31.39116], [-96.35725, 31.39166], [-96.36049, 31.39209], [-96.36368, 31.39251], [-96.36696, 31.39292], [-96.37047, 31.39339], [-96.37402, 31.39386], [-96.38106, 31.39472], [-96.38441, 31.39518], [-96.38798, 31.39564], [-96.3922, 31.39617], [-96.39581, 31.39663], [-96.39923, 31.39709], [-96.40244, 31.39749], [-96.40588, 31.39794], [-96.40893, 31.39832], [-96.41185, 31.39871], [-96.41515, 31.39913], [-96.4187, 31.39957], [-96.42226, 31.40004], [-96.42576, 31.40052], [-96.42872, 31.40091], [-96.43212, 31.40133], [-96.43593, 31.40184], [-96.4389, 31.40222], [-96.44201, 31.40265], [-96.44501, 31.40302], [-96.44878, 31.4036], [-96.45238, 31.4041], [-96.45605, 31.40465], [-96.45893, 31.40503], [-96.46243, 31.40553], [-96.46608, 31.40606], [-96.4693, 31.4065], [-96.47292, 31.40705], [-96.47616, 31.40754], [-96.47993, 31.40805], [-96.48447, 31.4087], [-96.48811, 31.40922], [-96.49165, 31.40975], [-96.49531, 31.41025], [-96.49879, 31.4108], [-96.5021, 31.41127], [-96.50543, 31.41175], [-96.50899, 31.41227], [-96.51262, 31.41278], [-96.51582, 31.41324], [-96.51952, 31.41378], [-96.52326, 31.41429], [-96.52558, 31.41466], [-96.52849, 31.41507], [-96.53228, 31.4156], [-96.53523, 31.41603], [-96.53897, 31.41658], [-96.54211, 31.41703], [-96.54491, 31.41743], [-96.54849, 31.41793], [-96.55174, 31.41839], [-96.55503, 31.41886], [-96.55826, 31.41934], [-96.56174, 31.41995], [-96.56519, 31.42057], [-96.56823, 31.42109], [-96.57194, 31.42175], [-96.5752, 31.42235], [-96.57889, 31.42301], [-96.58152, 31.42348], [-96.58473, 31.42403], [-96.58849, 31.42471], [-96.5919, 31.42529], [-96.595, 31.42586], [-96.5982, 31.42641], [-96.60133, 31.42696], [-96.60455, 31.42748], [-96.60785, 31.42798], [-96.61143, 31.42846], [-96.61508, 31.42893], [-96.61828, 31.42938], [-96.62046, 31.42967], [-96.62375, 31.43011], [-96.62738, 31.43059], [-96.63052, 31.43101], [-96.63437, 31.43154], [-96.63779, 31.43199], [-96.64097, 31.43243], [-96.64447, 31.43288], [-96.64825, 31.43338], [-96.65119, 31.43379], [-96.65473, 31.43424], [-96.65838, 31.43474], [-96.66098, 31.43508], [-96.66404, 31.43551], [-96.66746, 31.43596], [-96.67077, 31.43641], [-96.67395, 31.43682], [-96.67768, 31.43732], [-96.67806, 31.43737], [-96.68084, 31.43775], [-96.68408, 31.4382], [-96.68715, 31.4386], [-96.69077, 31.4391], [-96.69436, 31.43957], [-96.69781, 31.44002], [-96.70161, 31.44053], [-96.70448, 31.44093], [-96.7082, 31.44141], [-96.71149, 31.44184], [-96.7151, 31.44233], [-96.71866, 31.4428], [-96.72189, 31.44323], [-96.72475, 31.44361], [-96.72813, 31.44406], [-96.73129, 31.44449], [-96.73458, 31.44493], [-96.73795, 31.44538], [-96.74142, 31.44583], [-96.74513, 31.44633], [-96.74857, 31.44679], [-96.75207, 31.44727], [-96.75575, 31.44776], [-96.75926, 31.44823], [-96.76297, 31.44872], [-96.7665, 31.44919], [-96.77003, 31.44966], [-96.77372, 31.45018], [-96.77689, 31.45061], [-96.77983, 31.45101], [-96.78344, 31.4515], [-96.78668, 31.45196], [-96.7896, 31.45236], [-96.79278, 31.45279], [-96.79584, 31.45323], [-96.79912, 31.45367], [-96.80247, 31.45412], [-96.80546, 31.45455], [-96.80836, 31.45495], [-96.81215, 31.45548], [-96.81484, 31.45584], [-96.81792, 31.45627], [-96.82066, 31.45665], [-96.8241, 31.45712], [-96.82779, 31.45764], [-96.83127, 31.4581], [-96.83482, 31.45859], [-96.83829, 31.45908], [-96.84185, 31.45957], [-96.84493, 31.45992], [-96.84815, 31.46026], [-96.85132, 31.46062], [-96.85364, 31.46087], [-96.85692, 31.46123], [-96.85958, 31.46153], [-96.86255, 31.46186], [-96.86637, 31.46227], [-96.86962, 31.46265], [-96.87288, 31.463], [-96.87668, 31.46342], [-96.87932, 31.46371], [-96.88299, 31.46413], [-96.88644, 31.46448], [-96.88961, 31.46486], [-96.89276, 31.46524], [-96.89636, 31.4657], [-96.89922, 31.46606], [-96.9025, 31.46647], [-96.90565, 31.46687], [-96.90934, 31.46734], [-96.91213, 31.46769], [-96.91596, 31.46817], [-96.91877, 31.46851], [-96.92107, 31.46883], [-96.92323, 31.46904], [-96.92586, 31.46933], [-96.92972, 31.46976], [-96.933, 31.47011], [-96.93552, 31.47039], [-96.93943, 31.47082], [-96.94191, 31.47111], [-96.94452, 31.47138], [-96.94776, 31.47174], [-96.9504, 31.47202], [-96.9539, 31.47243], [-96.95666, 31.4726], [-96.95861, 31.47258], [-96.96055, 31.47267], [-96.96068, 31.47351]]}, "properties": {"owner": "ONCOR ELECTRIC DELIVERY CO.", "voltage_kv": 345.0}}, {"type": "Feature", "geometry": {"type": "LineString", "coordinates": [[-96.69351, 31.09122], [-96.69364, 31.09065], [-96.69296, 31.09006], [-96.69137, 31.0887], [-96.68891, 31.0899], [-96.68562, 31.09162], [-96.68263, 31.09319], [-96.68003, 31.09452], [-96.67669, 31.09628], [-96.67358, 31.0979], [-96.6713, 31.10069], [-96.66909, 31.10339], [-96.66695, 31.106], [-96.66455, 31.10889], [-96.66214, 31.11011], [-96.65907, 31.11164], [-96.65632, 31.11301], [-96.65362, 31.11436], [-96.65156, 31.11541], [-96.64941, 31.11649], [-96.64622, 31.11809], [-96.64344, 31.11945], [-96.64104, 31.12065], [-96.63773, 31.12231], [-96.63447, 31.12393], [-96.6311, 31.12561], [-96.62843, 31.12694], [-96.62554, 31.12839], [-96.62281, 31.12973], [-96.61961, 31.13135], [-96.61754, 31.13238], [-96.61467, 31.13382], [-96.61153, 31.13537], [-96.60818, 31.13705], [-96.60503, 31.13862], [-96.60201, 31.14012], [-96.5991, 31.14158], [-96.59676, 31.14274], [-96.59408, 31.14408], [-96.59307, 31.14678], [-96.59208, 31.14934], [-96.5912, 31.15176], [-96.59017, 31.15451], [-96.58944, 31.15721], [-96.5886, 31.16021], [-96.58772, 31.16343], [-96.58707, 31.16584], [-96.58624, 31.16882], [-96.58547, 31.17171], [-96.58458, 31.17497], [-96.58372, 31.17811], [-96.58283, 31.18135], [-96.58204, 31.1843], [-96.58124, 31.1872], [-96.58036, 31.19046], [-96.57952, 31.19356], [-96.57681, 31.19491], [-96.57341, 31.19662], [-96.57111, 31.19778], [-96.56781, 31.19944], [-96.56479, 31.20097], [-96.56142, 31.20265], [-96.55817, 31.20428], [-96.55481, 31.20598], [-96.55157, 31.20761], [-96.54837, 31.20921], [-96.54497, 31.21092], [-96.54203, 31.21239], [-96.53857, 31.21414], [-96.53537, 31.2157], [-96.53192, 31.21745], [-96.52921, 31.21881], [-96.52559, 31.22064], [-96.5226, 31.22212], [-96.51982, 31.22027], [-96.51728, 31.2186], [-96.51528, 31.21724], [-96.51304, 31.21524], [-96.51113, 31.21358], [-96.50871, 31.2114], [-96.50632, 31.20924], [-96.50419, 31.20734], [-96.50188, 31.20569], [-96.49894, 31.20369], [-96.49642, 31.20202], [-96.49499, 31.20001], [-96.49335, 31.19763], [-96.49202, 31.19576], [-96.49033, 31.19342], [-96.49002, 31.19019], [-96.48743, 31.18778], [-96.4855, 31.18541], [-96.48439, 31.18553]]}, "properties": {"owner": "CITY OF BRYAN - (TX)", "voltage_kv": 345.0}}, {"type": "Feature", "geometry": {"type": "LineString", "coordinates": [[-96.11335, 31.89015], [-96.11406, 31.89091], [-96.114, 31.89249], [-96.11376, 31.89726], [-96.1131, 31.89994], [-96.10608, 31.92124], [-96.0909, 31.96928], [-96.09139, 31.97126], [-96.10238, 32.06102], [-96.10442, 32.07797], [-96.1051, 32.08348], [-96.10639, 32.09346], [-96.10679, 32.0961], [-96.10722, 32.09897], [-96.10765, 32.1016], [-96.10801, 32.10406], [-96.10848, 32.10697], [-96.1088, 32.10902], [-96.10922, 32.11188], [-96.1091, 32.11424], [-96.10875, 32.1169], [-96.10798, 32.11918], [-96.10617, 32.12582], [-96.10575, 32.12632]]}, "properties": {"owner": "ONCOR ELECTRIC DELIVERY COMPANY LLC", "voltage_kv": 345.0}}, {"type": "Feature", "geometry": {"type": "LineString", "coordinates": [[-96.72618, 32.55854], [-96.72671, 32.55779], [-96.73173, 32.55783], [-96.73258, 32.55591], [-96.73368, 32.5534], [-96.73493, 32.55041], [-96.73619, 32.5475], [-96.73741, 32.54461], [-96.73554, 32.54178], [-96.73365, 32.53902], [-96.73174, 32.53618], [-96.72985, 32.5334], [-96.72796, 32.53058], [-96.7261, 32.5278], [-96.72417, 32.52499], [-96.72229, 32.52221], [-96.7204, 32.51941], [-96.7185, 32.51661], [-96.71662, 32.51383], [-96.71479, 32.51111], [-96.71289, 32.50828], [-96.71102, 32.50553], [-96.70954, 32.50332], [-96.70745, 32.50151], [-96.70475, 32.49912], [-96.70305, 32.49661], [-96.70122, 32.49388], [-96.69939, 32.49118], [-96.69777, 32.48882], [-96.69624, 32.48656], [-96.69457, 32.48413], [-96.69628, 32.48119], [-96.69768, 32.47871], [-96.6992, 32.47576], [-96.70028, 32.47368], [-96.70144, 32.47145], [-96.70281, 32.46881], [-96.70431, 32.46592], [-96.70567, 32.46327], [-96.70715, 32.46044], [-96.70529, 32.45773], [-96.7035, 32.45511], [-96.70161, 32.4523], [-96.6997, 32.44953], [-96.69787, 32.4468], [-96.69857, 32.44365], [-96.69929, 32.4405], [-96.69989, 32.43775], [-96.70061, 32.43451], [-96.70124, 32.43176], [-96.70195, 32.42856], [-96.70263, 32.42546], [-96.70335, 32.42228], [-96.70406, 32.41907], [-96.70472, 32.41605], [-96.70547, 32.41274], [-96.70603, 32.41021], [-96.70665, 32.40744], [-96.70713, 32.40523], [-96.70814, 32.40264], [-96.70924, 32.39988], [-96.71028, 32.39722], [-96.71122, 32.3948], [-96.71209, 32.39258], [-96.71334, 32.38936], [-96.71449, 32.38646], [-96.71564, 32.38353], [-96.71682, 32.38051], [-96.71802, 32.3774], [-96.71911, 32.37466], [-96.72033, 32.37151], [-96.72149, 32.36852], [-96.72272, 32.36542], [-96.72387, 32.36245], [-96.72512, 32.35928], [-96.72619, 32.35649], [-96.72737, 32.35347], [-96.72856, 32.35043], [-96.72978, 32.34733], [-96.73092, 32.34439], [-96.73216, 32.34122], [-96.73331, 32.33826], [-96.73453, 32.33515], [-96.73549, 32.33267], [-96.73646, 32.3302], [-96.73745, 32.32766], [-96.73587, 32.32491], [-96.73445, 32.32242], [-96.73315, 32.32017], [-96.73186, 32.31794], [-96.73179, 32.31547], [-96.73167, 32.31285], [-96.73491, 32.31129], [-96.73771, 32.30992], [-96.73948, 32.30695], [-96.74138, 32.30544], [-96.74384, 32.30426], [-96.74661, 32.30288], [-96.74526, 32.3008], [-96.74329, 32.29793], [-96.74148, 32.29527], [-96.73948, 32.29235], [-96.73766, 32.2897], [-96.73567, 32.28678], [-96.73385, 32.28413], [-96.73193, 32.28131], [-96.73012, 32.27867], [-96.72813, 32.27575], [-96.72632, 32.27313], [-96.72445, 32.27037], [-96.72254, 32.26758], [-96.72067, 32.26486], [-96.7188, 32.26212], [-96.71712, 32.25963], [-96.71527, 32.25696], [-96.71338, 32.25419], [-96.71145, 32.25138], [-96.70956, 32.24862], [-96.70764, 32.24579], [-96.70587, 32.24318], [-96.70445, 32.2411], [-96.70271, 32.23858], [-96.70089, 32.23591], [-96.69894, 32.23307], [-96.69708, 32.23033], [-96.69545, 32.22793], [-96.69405, 32.22588], [-96.6922, 32.2232], [-96.69049, 32.22071], [-96.68874, 32.21816], [-96.68686, 32.21541], [-96.6849, 32.21255], [-96.68308, 32.20989], [-96.6811, 32.20704], [-96.67928, 32.2044], [-96.67672, 32.20245], [-96.6742, 32.20062], [-96.6725, 32.19808], [-96.67055, 32.19524], [-96.66878, 32.19261], [-96.6673, 32.1904], [-96.66582, 32.18822], [-96.66407, 32.18563], [-96.66254, 32.1834], [-96.66107, 32.1812], [-96.65914, 32.17836], [-96.6574, 32.17579], [-96.65577, 32.17342], [-96.65418, 32.17105], [-96.65244, 32.16851], [-96.65077, 32.16602], [-96.6489, 32.16324], [-96.64698, 32.16039], [-96.64509, 32.15764], [-96.6435, 32.15528], [-96.64199, 32.15308], [-96.64295, 32.15006], [-96.6439, 32.14708], [-96.64491, 32.14392], [-96.64589, 32.14085], [-96.64688, 32.13772], [-96.64488, 32.13488], [-96.64301, 32.13218], [-96.64115, 32.12951], [-96.63912, 32.12664], [-96.63727, 32.124], [-96.63523, 32.1211], [-96.63339, 32.11844], [-96.63136, 32.11556], [-96.6296, 32.11302], [-96.62786, 32.11052], [-96.62583, 32.1076], [-96.62409, 32.10508], [-96.62265, 32.10302], [-96.62106, 32.10071], [-96.6192, 32.09802], [-96.61728, 32.09525], [-96.6155, 32.0927], [-96.61366, 32.09004], [-96.6118, 32.08738], [-96.61005, 32.08489], [-96.60852, 32.0827], [-96.60669, 32.08012], [-96.60521, 32.07797], [-96.60351, 32.07544], [-96.60169, 32.07275], [-96.60009, 32.07042], [-96.59811, 32.06749], [-96.5963, 32.06483], [-96.59431, 32.0619], [-96.59275, 32.05962], [-96.59119, 32.05733], [-96.58939, 32.05467], [-96.58752, 32.05191], [-96.58568, 32.04919], [-96.58379, 32.04638], [-96.58243, 32.04443], [-96.58173, 32.04225], [-96.58063, 32.03909], [-96.5796, 32.03604], [-96.57865, 32.03331], [-96.57786, 32.03091], [-96.57697, 32.02836], [-96.57612, 32.02588], [-96.57525, 32.0233], [-96.57364, 32.02094], [-96.57218, 32.01829], [-96.57055, 32.01535], [-96.56907, 32.01267], [-96.56754, 32.00992], [-96.56636, 32.00694], [-96.56516, 32.004], [-96.56399, 32.00103], [-96.56227, 31.99847], [-96.56068, 31.99607], [-96.55804, 31.99423], [-96.55512, 31.99216], [-96.55215, 31.99007], [-96.54916, 31.98795], [-96.54617, 31.98585], [-96.54319, 31.98374], [-96.54028, 31.98169], [-96.53724, 31.97956], [-96.53702, 31.97886], [-96.5368, 31.97813], [-96.53415, 31.97628], [-96.53224, 31.97492], [-96.53029, 31.97357], [-96.52743, 31.97162], [-96.52454, 31.96963], [-96.52149, 31.96758], [-96.51861, 31.96561], [-96.51899, 31.96516], [-96.51831, 31.96397]]}, "properties": {"owner": "ONCOR ELECTRIC DELIVERY COMPANY LLC", "voltage_kv": 345.0}}, {"type": "Feature", "geometry": {"type": "LineString", "coordinates": [[-94.99326, 31.93778], [-94.9928, 31.93637], [-94.99276, 31.93626], [-94.9916, 31.93411], [-94.99046, 31.93199], [-94.98791, 31.93039], [-94.98466, 31.92837], [-94.98371, 31.92777], [-94.98299, 31.92732], [-94.98118, 31.92618], [-94.98026, 31.92561], [-94.97803, 31.92423], [-94.97546, 31.92262], [-94.97259, 31.92083], [-94.96961, 31.91896], [-94.96649, 31.91701], [-94.96341, 31.91506], [-94.96027, 31.91311], [-94.95716, 31.91116], [-94.95421, 31.90932], [-94.95096, 31.90729], [-94.9481, 31.9055], [-94.94479, 31.90343], [-94.94207, 31.90174], [-94.93937, 31.90003], [-94.93598, 31.89792], [-94.93337, 31.8963], [-94.93013, 31.89427], [-94.92726, 31.89249], [-94.92415, 31.89053], [-94.92109, 31.88861], [-94.91834, 31.88691], [-94.91485, 31.88472], [-94.91212, 31.88301], [-94.90865, 31.88084], [-94.90618, 31.8793], [-94.90307, 31.87734], [-94.89997, 31.8754], [-94.89684, 31.87345], [-94.89375, 31.8715], [-94.89074, 31.86963], [-94.88766, 31.86768], [-94.88452, 31.86573], [-94.88155, 31.86381], [-94.87929, 31.86244], [-94.87629, 31.86053], [-94.87429, 31.85927], [-94.87077, 31.85708], [-94.86803, 31.85537], [-94.86621, 31.85421], [-94.86545, 31.85373], [-94.8621, 31.85162], [-94.85859, 31.84942], [-94.85596, 31.84776], [-94.85277, 31.84574], [-94.84981, 31.84387], [-94.84656, 31.84183], [-94.84373, 31.84003], [-94.84035, 31.8379], [-94.8379, 31.83636], [-94.83493, 31.83448], [-94.82939, 31.83097], [-94.82636, 31.82905], [-94.82515, 31.82704], [-94.82355, 31.82434], [-94.82215, 31.82195], [-94.8201, 31.81853], [-94.81862, 31.81606], [-94.8169, 31.81311], [-94.81545, 31.81072], [-94.81374, 31.80784], [-94.81197, 31.80486], [-94.81115, 31.80346], [-94.80903, 31.79993], [-94.80678, 31.79618], [-94.80499, 31.79321], [-94.80326, 31.79034], [-94.80157, 31.78752], [-94.79999, 31.78491], [-94.79839, 31.78224], [-94.79618, 31.77859], [-94.79464, 31.77602], [-94.79268, 31.77275], [-94.79143, 31.7707], [-94.78965, 31.768], [-94.78788, 31.76529], [-94.78603, 31.76249], [-94.78434, 31.7599], [-94.783, 31.75786], [-94.78095, 31.75475], [-94.77954, 31.75261], [-94.77763, 31.74971], [-94.7759, 31.74707], [-94.77408, 31.74432], [-94.77227, 31.74156], [-94.77054, 31.7389], [-94.7685, 31.7358], [-94.76675, 31.73316], [-94.76472, 31.73003], [-94.76302, 31.72741], [-94.76094, 31.7243], [-94.75921, 31.72166], [-94.75731, 31.71878], [-94.75548, 31.71603], [-94.75352, 31.71306], [-94.75178, 31.71039], [-94.74975, 31.70732], [-94.74818, 31.70498], [-94.74649, 31.70242], [-94.74499, 31.70014], [-94.74322, 31.69742], [-94.74193, 31.6955], [-94.74014, 31.69266], [-94.73822, 31.68967], [-94.73644, 31.68688], [-94.73467, 31.68409], [-94.73291, 31.68135], [-94.73113, 31.67855], [-94.7293, 31.67566], [-94.72746, 31.67276], [-94.72561, 31.66987], [-94.72558, 31.66686], [-94.7256, 31.66398], [-94.72559, 31.66207], [-94.72559, 31.66149], [-94.72559, 31.65767], [-94.72559, 31.65469], [-94.72558, 31.65111], [-94.72558, 31.64831], [-94.72557, 31.64453], [-94.72556, 31.64178], [-94.72555, 31.63814], [-94.72555, 31.63538], [-94.72553, 31.63162], [-94.72553, 31.62888], [-94.72551, 31.62573], [-94.7255, 31.62331], [-94.72549, 31.61963], [-94.72549, 31.61675], [-94.72547, 31.61404], [-94.72622, 31.61016], [-94.72675, 31.60743], [-94.72674, 31.60644], [-94.72623, 31.60331], [-94.72585, 31.60101], [-94.72546, 31.59861], [-94.72547, 31.59529], [-94.72548, 31.59117], [-94.72548, 31.58814], [-94.72549, 31.5856], [-94.72548, 31.58166], [-94.72642, 31.57772], [-94.72706, 31.57498], [-94.72772, 31.57226], [-94.72837, 31.56948], [-94.72902, 31.56676], [-94.7297, 31.5639], [-94.73033, 31.56125], [-94.73098, 31.55853], [-94.73163, 31.55576], [-94.73223, 31.55328], [-94.7331, 31.54955], [-94.73367, 31.54722], [-94.73393, 31.54288], [-94.73412, 31.5399], [-94.73438, 31.53585], [-94.73452, 31.53355], [-94.73471, 31.53], [-94.73484, 31.52773], [-94.73507, 31.5237], [-94.73522, 31.52118], [-94.73545, 31.51718], [-94.73564, 31.51382], [-94.7358, 31.51086], [-94.73601, 31.50731], [-94.73617, 31.50432], [-94.73636, 31.50092], [-94.73658, 31.49723], [-94.73671, 31.49486], [-94.73688, 31.49162], [-94.73708, 31.48826], [-94.73725, 31.4851], [-94.73745, 31.48181], [-94.73763, 31.47853], [-94.73779, 31.47524], [-94.738, 31.47197], [-94.73817, 31.46874], [-94.73834, 31.46544], [-94.73853, 31.46217], [-94.73874, 31.45886], [-94.73887, 31.4556], [-94.73903, 31.45259], [-94.73922, 31.45004], [-94.73942, 31.44746], [-94.73966, 31.44417], [-94.73991, 31.44085], [-94.74015, 31.43765], [-94.74035, 31.43496], [-94.74054, 31.43248], [-94.74184, 31.42933], [-94.7431, 31.4263], [-94.74414, 31.42377], [-94.74563, 31.42019], [-94.74669, 31.41758], [-94.74818, 31.41399], [-94.74957, 31.4106], [-94.75057, 31.40814], [-94.75185, 31.40502], [-94.75305, 31.40214], [-94.75314, 31.40194], [-94.75406, 31.39961], [-94.75526, 31.39672], [-94.75654, 31.39364], [-94.7576, 31.39102], [-94.7587, 31.38836], [-94.75997, 31.38532], [-94.7612, 31.38215], [-94.76241, 31.37904], [-94.76347, 31.37629], [-94.76453, 31.37351], [-94.76541, 31.37084], [-94.76793, 31.37043], [-94.76861, 31.37015]]}, "properties": {"owner": "ONCOR ELECTRIC DELIVERY CO.", "voltage_kv": 345.0}}, {"type": "Feature", "geometry": {"type": "LineString", "coordinates": [[-96.247, 31.42418], [-96.24675, 31.42526], [-96.24473, 31.42587], [-96.24536, 31.42721], [-96.24671, 31.42976], [-96.24813, 31.43243], [-96.24778, 31.43535], [-96.24953, 31.43796], [-96.25118, 31.44043], [-96.25269, 31.44275], [-96.25422, 31.44504], [-96.25593, 31.44762], [-96.25775, 31.45038], [-96.25952, 31.45246], [-96.26174, 31.45509], [-96.26397, 31.45777], [-96.26622, 31.46043], [-96.2678, 31.46236], [-96.26998, 31.46493], [-96.27212, 31.46744], [-96.27347, 31.46959], [-96.27456, 31.47128], [-96.27633, 31.47402], [-96.27808, 31.47674], [-96.27982, 31.47949], [-96.2817, 31.48238], [-96.28328, 31.48483], [-96.28493, 31.48741], [-96.28656, 31.4899], [-96.28837, 31.49274], [-96.29, 31.49529], [-96.29141, 31.49747], [-96.29331, 31.49979], [-96.29528, 31.50218], [-96.29738, 31.50423], [-96.29891, 31.50661], [-96.30064, 31.50873], [-96.30268, 31.51122], [-96.30494, 31.51397], [-96.30684, 31.51629], [-96.30897, 31.51891], [-96.31113, 31.52154], [-96.31331, 31.5242], [-96.31514, 31.52642], [-96.31732, 31.52908], [-96.31943, 31.53166], [-96.32132, 31.53434], [-96.32393, 31.53799], [-96.32641, 31.54152], [-96.32789, 31.54358], [-96.32927, 31.54553], [-96.3307, 31.54757], [-96.33206, 31.54949], [-96.33208, 31.55212], [-96.33207, 31.55421], [-96.33208, 31.5566], [-96.33208, 31.55981], [-96.33287, 31.56262], [-96.33373, 31.56568], [-96.33463, 31.56883], [-96.33553, 31.57194], [-96.33641, 31.57506], [-96.33729, 31.57819], [-96.33818, 31.58134], [-96.33907, 31.58446], [-96.33986, 31.58728], [-96.34055, 31.5897], [-96.34113, 31.59171], [-96.34174, 31.59382], [-96.34176, 31.59594], [-96.3418, 31.59893], [-96.34185, 31.60226], [-96.3419, 31.60515], [-96.34196, 31.60853], [-96.34202, 31.61151], [-96.34205, 31.61483], [-96.34212, 31.61782], [-96.34216, 31.62105], [-96.34221, 31.62428], [-96.34226, 31.62746], [-96.34243, 31.63068], [-96.34259, 31.63384], [-96.34274, 31.63672], [-96.34292, 31.64012], [-96.34307, 31.64326], [-96.34326, 31.64655], [-96.34296, 31.6496], [-96.34269, 31.6527], [-96.34239, 31.65604], [-96.34214, 31.6589], [-96.34186, 31.66211], [-96.34157, 31.66533], [-96.34127, 31.66854], [-96.34099, 31.67174], [-96.34072, 31.67478], [-96.34071, 31.6771], [-96.34071, 31.67957], [-96.34068, 31.68246], [-96.34065, 31.68539], [-96.34062, 31.6884], [-96.34063, 31.69163], [-96.34061, 31.69449], [-96.34058, 31.69785], [-96.34056, 31.70091], [-96.34054, 31.70401], [-96.34053, 31.70683], [-96.34053, 31.70974], [-96.34049, 31.7129], [-96.34048, 31.71618], [-96.34046, 31.71934], [-96.34043, 31.72255], [-96.34043, 31.72573], [-96.34041, 31.72903], [-96.34038, 31.73217], [-96.34037, 31.73548], [-96.34035, 31.73855], [-96.3429, 31.74016], [-96.34565, 31.7419], [-96.34844, 31.74397], [-96.35115, 31.74564], [-96.3541, 31.74749], [-96.35694, 31.74927], [-96.35934, 31.75077], [-96.36193, 31.75252], [-96.36499, 31.75461], [-96.36773, 31.75644], [-96.37063, 31.75843], [-96.37355, 31.7604], [-96.37569, 31.76184], [-96.37813, 31.76349], [-96.38001, 31.76613], [-96.38177, 31.76857], [-96.38365, 31.77119], [-96.38546, 31.7737], [-96.38748, 31.77648], [-96.38942, 31.77919], [-96.39118, 31.78164], [-96.39303, 31.78423], [-96.39499, 31.78694], [-96.39662, 31.78919], [-96.39865, 31.79203], [-96.40067, 31.79482], [-96.40226, 31.79702], [-96.40425, 31.79979], [-96.40614, 31.80241], [-96.40793, 31.8049], [-96.40989, 31.80763], [-96.41183, 31.81031], [-96.41385, 31.81313], [-96.41579, 31.81582], [-96.41751, 31.81819], [-96.4196, 31.82111], [-96.42146, 31.82368], [-96.42339, 31.82639], [-96.42542, 31.8292], [-96.42743, 31.83201], [-96.42936, 31.8347], [-96.43146, 31.83762], [-96.43325, 31.8401], [-96.43523, 31.84284], [-96.43704, 31.84534], [-96.43902, 31.8481], [-96.44095, 31.85077], [-96.44291, 31.85351], [-96.44467, 31.85593], [-96.4467, 31.85877], [-96.44861, 31.86141], [-96.45038, 31.86385], [-96.451, 31.86644], [-96.45167, 31.8692], [-96.45237, 31.87214], [-96.45309, 31.87509], [-96.45383, 31.87815], [-96.45437, 31.88042], [-96.45587, 31.88257], [-96.4576, 31.88507], [-96.45962, 31.88797], [-96.46139, 31.89051], [-96.46322, 31.89314], [-96.46521, 31.896], [-96.46712, 31.89877], [-96.46903, 31.9015], [-96.47099, 31.90433], [-96.47252, 31.90653], [-96.47408, 31.9088], [-96.47581, 31.9113], [-96.47765, 31.91392], [-96.47966, 31.9168], [-96.48149, 31.91942], [-96.48329, 31.92201], [-96.48528, 31.92488], [-96.48715, 31.92754], [-96.48909, 31.93038], [-96.49096, 31.93305], [-96.49294, 31.93592], [-96.49478, 31.93852], [-96.49628, 31.94073], [-96.49802, 31.94323], [-96.49994, 31.94597], [-96.50173, 31.9486], [-96.50373, 31.95148], [-96.50412, 31.95204], [-96.5056, 31.95415], [-96.50697, 31.95615], [-96.50861, 31.95852], [-96.51102, 31.96026], [-96.51334, 31.96196], [-96.51597, 31.96382], [-96.51659, 31.96317], [-96.51831, 31.96397]]}, "properties": {"owner": "ONCOR ELECTRIC DELIVERY CO.", "voltage_kv": 345.0}}, {"type": "Feature", "geometry": {"type": "LineString", "coordinates": [[-94.83754, 33.05506], [-94.83764, 33.05396], [-94.83758, 33.05169], [-94.8376, 33.04944], [-94.83902, 33.04575], [-94.84009, 33.04292], [-94.83998, 33.03954], [-94.84006, 33.03576], [-94.8402, 33.03163], [-94.84028, 33.02749], [-94.84046, 33.02342], [-94.84057, 33.01953], [-94.84067, 33.01597], [-94.84076, 33.01244], [-94.84088, 33.00838], [-94.84099, 33.00456], [-94.84111, 33.00063], [-94.84122, 32.99662], [-94.84134, 32.99273], [-94.84144, 32.98872], [-94.84157, 32.98462], [-94.84168, 32.98059], [-94.8418, 32.97647], [-94.84194, 32.97222], [-94.84198, 32.97051], [-94.842, 32.96971], [-94.84213, 32.96669], [-94.84228, 32.96346], [-94.84104, 32.96072], [-94.83985, 32.95787], [-94.83873, 32.95528], [-94.83745, 32.95226], [-94.83588, 32.94854], [-94.83461, 32.94554], [-94.83312, 32.94204], [-94.83146, 32.93806], [-94.82987, 32.9343], [-94.82826, 32.93051], [-94.82687, 32.92717], [-94.82536, 32.9236], [-94.82346, 32.92049], [-94.82177, 32.91765], [-94.81932, 32.91355], [-94.81729, 32.91015], [-94.81509, 32.90647], [-94.81321, 32.90334], [-94.81133, 32.90017], [-94.8095, 32.89711], [-94.80746, 32.8937], [-94.80513, 32.88982], [-94.8024, 32.88527], [-94.80074, 32.8825], [-94.79938, 32.88023], [-94.79719, 32.8766], [-94.79506, 32.873], [-94.79335, 32.87014], [-94.79194, 32.8678], [-94.79025, 32.865], [-94.78744, 32.86029], [-94.78608, 32.85803], [-94.78389, 32.85434], [-94.78222, 32.85154], [-94.77995, 32.84779], [-94.77758, 32.84382], [-94.77614, 32.84138], [-94.77423, 32.83822], [-94.77221, 32.83484], [-94.77049, 32.83277], [-94.76842, 32.83027], [-94.76549, 32.82672], [-94.7632, 32.82393], [-94.76047, 32.82064], [-94.75849, 32.81824], [-94.75592, 32.81511], [-94.75299, 32.81156], [-94.75108, 32.80926], [-94.74757, 32.80501], [-94.74557, 32.80259], [-94.74265, 32.79904], [-94.74093, 32.79696], [-94.73854, 32.79405], [-94.73537, 32.79021], [-94.73236, 32.78655], [-94.73072, 32.78457], [-94.72809, 32.78137], [-94.72503, 32.77847], [-94.72236, 32.77592], [-94.71997, 32.77366], [-94.7168, 32.77065], [-94.71352, 32.76752], [-94.71089, 32.76504], [-94.70813, 32.76244], [-94.70452, 32.75897], [-94.7021, 32.7567], [-94.69995, 32.75461], [-94.69957, 32.75424], [-94.69928, 32.75199], [-94.69862, 32.74809], [-94.69817, 32.7447], [-94.69829, 32.74433]]}, "properties": {"owner": "SOUTHWESTERN ELECTRIC POWER CO", "voltage_kv": 345.0}}, {"type": "Feature", "geometry": {"type": "LineString", "coordinates": [[-94.71313, 32.90857], [-94.71345, 32.90837], [-94.71348, 32.90743], [-94.71877, 32.90876], [-94.72444, 32.91095], [-94.72339, 32.91695], [-94.72543, 32.91674], [-94.73361, 32.92042], [-94.73783, 32.91968], [-94.74693, 32.92362], [-94.76333, 32.91552], [-94.77436, 32.92432], [-94.79354, 32.93524], [-94.82353, 32.96055], [-94.8516, 32.97596], [-94.8679, 32.98485], [-94.90865, 33.00751], [-94.92361, 33.01572], [-94.95869, 33.00162]]}, "properties": {"owner": "UPSHUR RURAL ELEC COOP CORP", "voltage_kv": 345.0}}, {"type": "Feature", "geometry": {"type": "LineString", "coordinates": [[-96.48439, 31.18553], [-96.48558, 31.18519], [-96.4875, 31.1877], [-96.49011, 31.19014], [-96.49042, 31.19338], [-96.4921, 31.1957], [-96.49343, 31.19758], [-96.49507, 31.19995], [-96.49649, 31.20195], [-96.499, 31.20361], [-96.50194, 31.20561], [-96.50426, 31.20727], [-96.50639, 31.20916], [-96.50878, 31.21132], [-96.5112, 31.21351], [-96.51311, 31.21517], [-96.51534, 31.21717], [-96.51733, 31.21852], [-96.51987, 31.22019], [-96.52261, 31.222], [-96.52554, 31.22055], [-96.52917, 31.21872], [-96.53187, 31.21736], [-96.53533, 31.21561], [-96.53853, 31.21405], [-96.54199, 31.2123], [-96.54492, 31.21083], [-96.54832, 31.20912], [-96.55152, 31.20752], [-96.55477, 31.20589], [-96.55813, 31.20419], [-96.56138, 31.20256], [-96.56474, 31.20088], [-96.56776, 31.19935], [-96.57107, 31.19769], [-96.57336, 31.19653], [-96.57677, 31.19482], [-96.57943, 31.19349], [-96.58026, 31.19043], [-96.58115, 31.18718], [-96.58194, 31.18428], [-96.58273, 31.18132], [-96.58363, 31.17809], [-96.58448, 31.17494], [-96.58538, 31.17169], [-96.58615, 31.1688], [-96.58697, 31.16581], [-96.58762, 31.1634], [-96.58851, 31.16019], [-96.58935, 31.15719], [-96.59008, 31.15448], [-96.59111, 31.15172], [-96.59199, 31.14931], [-96.59298, 31.14675], [-96.594, 31.14401], [-96.59671, 31.14265], [-96.59906, 31.14149], [-96.60197, 31.14003], [-96.60499, 31.13853], [-96.60813, 31.13696], [-96.61148, 31.13528], [-96.61463, 31.13373], [-96.6175, 31.13229], [-96.61957, 31.13126], [-96.62277, 31.12964], [-96.6255, 31.1283], [-96.62839, 31.12685], [-96.63105, 31.12552], [-96.63443, 31.12384], [-96.63768, 31.12222], [-96.641, 31.12056], [-96.6434, 31.11936], [-96.64618, 31.118], [-96.64936, 31.1164], [-96.65151, 31.11532], [-96.65357, 31.11427], [-96.65628, 31.11292], [-96.65902, 31.11155], [-96.66209, 31.11002], [-96.66449, 31.10881], [-96.66687, 31.10593], [-96.66902, 31.10333], [-96.67123, 31.10063], [-96.67352, 31.09782], [-96.67664, 31.09619], [-96.67999, 31.09443], [-96.68259, 31.0931], [-96.68558, 31.09154], [-96.68886, 31.08981], [-96.69138, 31.08836], [-96.69315, 31.08989], [-96.69385, 31.09048], [-96.69351, 31.09122]]}, "properties": {"owner": "CITY OF BRYAN - (TX)", "voltage_kv": 345.0}}, {"type": "Feature", "geometry": {"type": "LineString", "coordinates": [[-95.96599, 32.92362], [-95.96536, 32.92359], [-95.96468, 32.92385], [-95.93773, 32.94995], [-95.9338, 32.95578], [-95.93159, 32.95579], [-95.91468, 32.97169], [-95.91396, 32.97171]]}, "properties": {"owner": "ONCOR ELECTRIC DELIVERY CO.", "voltage_kv": 345.0}}, {"type": "Feature", "geometry": {"type": "LineString", "coordinates": [[-94.69829, 32.74433], [-94.69789, 32.74454], [-94.69788, 32.74537], [-94.69834, 32.74812], [-94.69903, 32.75201], [-94.69929, 32.75434], [-94.69995, 32.75497], [-94.70189, 32.75685], [-94.70433, 32.75913], [-94.70794, 32.76257], [-94.71067, 32.76518], [-94.71324, 32.76759], [-94.71662, 32.77079], [-94.71978, 32.7738], [-94.72213, 32.77604], [-94.72484, 32.77863], [-94.72789, 32.7815], [-94.73052, 32.7847], [-94.7322, 32.78674], [-94.73514, 32.79033], [-94.73836, 32.79422], [-94.74071, 32.79706], [-94.74244, 32.79916], [-94.74534, 32.80271], [-94.74737, 32.80512], [-94.75086, 32.80939], [-94.75276, 32.8117], [-94.75571, 32.81524], [-94.75828, 32.81835], [-94.76024, 32.82076], [-94.76298, 32.82405], [-94.76529, 32.82684], [-94.76819, 32.83038], [-94.77028, 32.83288], [-94.77199, 32.83496], [-94.77399, 32.83832], [-94.77578, 32.8413], [-94.77734, 32.84393], [-94.77971, 32.8479], [-94.78197, 32.85167], [-94.78366, 32.85446], [-94.78585, 32.85814], [-94.7872, 32.86037], [-94.79003, 32.86509], [-94.7917, 32.8679], [-94.7931, 32.87023], [-94.79484, 32.87313], [-94.79698, 32.87669], [-94.79915, 32.88033], [-94.80052, 32.88261], [-94.80219, 32.88538], [-94.80476, 32.88968], [-94.80723, 32.8938], [-94.8093, 32.89725], [-94.8111, 32.90026], [-94.81298, 32.90343], [-94.81486, 32.90656], [-94.81708, 32.91026], [-94.81908, 32.91362], [-94.82155, 32.91774], [-94.82324, 32.92059], [-94.82508, 32.92365], [-94.82661, 32.92724], [-94.82802, 32.93058], [-94.82962, 32.93438], [-94.83124, 32.93815], [-94.83288, 32.94211], [-94.83435, 32.94561], [-94.83564, 32.94862], [-94.83722, 32.95236], [-94.83847, 32.95535], [-94.83959, 32.95795], [-94.8408, 32.96079], [-94.842, 32.9635], [-94.84181, 32.96668], [-94.84175, 32.96971], [-94.84173, 32.97038], [-94.84167, 32.9722], [-94.84154, 32.97646], [-94.84141, 32.98062], [-94.84129, 32.98463], [-94.84118, 32.98871], [-94.84105, 32.99272], [-94.84094, 32.99661], [-94.84084, 33.00062], [-94.84073, 33.00455], [-94.84061, 33.00838], [-94.84049, 33.01243], [-94.8404, 33.01595], [-94.8403, 33.01951], [-94.84018, 33.02341], [-94.84006, 33.0275], [-94.83996, 33.03161], [-94.83979, 33.03575], [-94.83971, 33.03954], [-94.83967, 33.04286], [-94.83861, 33.04564], [-94.83722, 33.04939], [-94.83725, 33.05214], [-94.83722, 33.05396], [-94.83754, 33.05506]]}, "properties": {"owner": "SOUTHWESTERN ELECTRIC POWER CO", "voltage_kv": 345.0}}, {"type": "Feature", "geometry": {"type": "LineString", "coordinates": [[-96.35077, 32.96925], [-96.34961, 32.97035], [-96.34971, 32.97399], [-96.34978, 32.97533], [-96.34967, 32.97816], [-96.34954, 32.98144], [-96.34942, 32.98454], [-96.34929, 32.98764], [-96.34918, 32.99026], [-96.34731, 32.99161], [-96.344, 32.99153], [-96.3404, 32.99141], [-96.33692, 32.99133], [-96.33341, 32.99122], [-96.32981, 32.99114], [-96.32623, 32.99105], [-96.32289, 32.99095], [-96.32027, 32.99118], [-96.31625, 32.99152], [-96.31283, 32.99181], [-96.30939, 32.99212], [-96.30594, 32.99245], [-96.30254, 32.99275], [-96.299, 32.99308], [-96.29547, 32.99338], [-96.29163, 32.99374], [-96.28824, 32.99404], [-96.28451, 32.99438], [-96.28078, 32.99472], [-96.27723, 32.99504], [-96.27438, 32.99517], [-96.27163, 32.99529], [-96.26813, 32.99542], [-96.26464, 32.99557], [-96.26106, 32.99571], [-96.25738, 32.99586], [-96.25412, 32.996], [-96.25006, 32.99617], [-96.24642, 32.99633], [-96.24238, 32.9965], [-96.23881, 32.99663], [-96.23524, 32.99678], [-96.23173, 32.99695], [-96.22821, 32.99709], [-96.22467, 32.99723], [-96.22085, 32.99738], [-96.21723, 32.99751], [-96.21336, 32.99768], [-96.2097, 32.99784], [-96.20602, 32.998], [-96.20228, 32.99813], [-96.19871, 32.99829], [-96.19504, 32.99843], [-96.19117, 32.9986], [-96.18724, 32.99875], [-96.1835, 32.9989], [-96.17943, 32.99907], [-96.17567, 32.99921], [-96.17184, 32.99938], [-96.16792, 32.99954], [-96.16398, 32.99969], [-96.16008, 32.99985], [-96.15619, 33.00002], [-96.15228, 33.00019], [-96.14839, 33.00034], [-96.14448, 33.00049], [-96.14091, 33.00065], [-96.13764, 33.00078], [-96.13416, 33.00092], [-96.13105, 33.00104], [-96.12799, 33.00117], [-96.12471, 33.0013], [-96.12083, 33.00146], [-96.11694, 33.00163], [-96.11302, 33.00178], [-96.10911, 33.00194], [-96.10537, 33.0021], [-96.10147, 33.00226], [-96.09773, 33.00241], [-96.0943, 33.00255], [-96.09039, 33.0027], [-96.08683, 33.00284], [-96.08313, 33.00299], [-96.07937, 33.00315], [-96.07561, 33.0033], [-96.07186, 33.00345], [-96.06778, 33.00363], [-96.06449, 33.00376], [-96.06119, 33.00389], [-96.05784, 33.00404], [-96.05451, 33.00416], [-96.0512, 33.0043], [-96.04747, 33.00445], [-96.04505, 33.00456], [-96.04174, 33.00533], [-96.03795, 33.00621], [-96.03421, 33.0071], [-96.03046, 33.00798], [-96.0267, 33.00887], [-96.02311, 33.00972], [-96.01947, 33.01057], [-96.01573, 33.01144], [-96.01207, 33.0123], [-96.009, 33.01301], [-96.00602, 33.01373], [-96.0031, 33.01442], [-96.00022, 33.0151], [-95.99667, 33.01622], [-95.99311, 33.01733], [-95.98961, 33.01843], [-95.98614, 33.01953], [-95.98266, 33.02063], [-95.97925, 33.0217], [-95.97619, 33.02266], [-95.97316, 33.02362], [-95.96994, 33.02464], [-95.96704, 33.02555], [-95.96352, 33.02664], [-95.9606, 33.02757], [-95.95769, 33.02847], [-95.95467, 33.02944], [-95.9516, 33.0304], [-95.94845, 33.03139], [-95.94487, 33.03252], [-95.94169, 33.03355], [-95.93872, 33.03445], [-95.93648, 33.03522], [-95.93402, 33.03603], [-95.93143, 33.03684], [-95.92821, 33.03782], [-95.92595, 33.03844], [-95.92383, 33.03851], [-95.92046, 33.03856], [-95.91686, 33.03859], [-95.91306, 33.03863], [-95.90921, 33.03867], [-95.90594, 33.0387], [-95.90269, 33.03874], [-95.89958, 33.0388], [-95.89735, 33.03928], [-95.89397, 33.04008], [-95.89076, 33.04084], [-95.88762, 33.04158], [-95.88384, 33.04248], [-95.88026, 33.0433], [-95.87649, 33.0442], [-95.87271, 33.04507], [-95.86899, 33.04595], [-95.8652, 33.04684], [-95.86161, 33.04769], [-95.85848, 33.04842], [-95.85469, 33.0493], [-95.85096, 33.05017], [-95.84763, 33.05094], [-95.84428, 33.05172], [-95.84081, 33.05254], [-95.83707, 33.05341], [-95.83353, 33.05424], [-95.83008, 33.05504], [-95.82647, 33.05588], [-95.82309, 33.05667], [-95.81948, 33.05752], [-95.81617, 33.05829], [-95.81271, 33.05907], [-95.80941, 33.05985], [-95.8061, 33.06061], [-95.80279, 33.06138], [-95.79972, 33.06209], [-95.79652, 33.06284], [-95.79346, 33.06355], [-95.78967, 33.06441], [-95.78607, 33.06524], [-95.78245, 33.06609], [-95.77883, 33.06692], [-95.77512, 33.06776], [-95.77132, 33.06865], [-95.76755, 33.06951], [-95.76406, 33.07033], [-95.76044, 33.07116], [-95.75674, 33.07199], [-95.75427, 33.07253], [-95.75156, 33.07314], [-95.74843, 33.07352], [-95.74524, 33.07393], [-95.74182, 33.07432], [-95.73794, 33.07476], [-95.73404, 33.07519], [-95.73042, 33.07561], [-95.7267, 33.07602], [-95.72282, 33.07646], [-95.71892, 33.07691], [-95.71505, 33.07733], [-95.71116, 33.07778], [-95.70729, 33.07822], [-95.70378, 33.07861], [-95.69991, 33.07906], [-95.69606, 33.07948], [-95.69262, 33.07988], [-95.68939, 33.08025], [-95.68615, 33.08061], [-95.68228, 33.08104], [-95.67904, 33.08141], [-95.67579, 33.08177], [-95.6724, 33.08216], [-95.66902, 33.08252], [-95.66591, 33.08288], [-95.66206, 33.08312], [-95.65848, 33.08335], [-95.65444, 33.08363], [-95.6507, 33.08386], [-95.64709, 33.08409], [-95.64401, 33.0843], [-95.6406, 33.08452], [-95.6372, 33.08474], [-95.63362, 33.08497], [-95.62975, 33.08523], [-95.62631, 33.08545], [-95.6229, 33.08567], [-95.61736, 33.08603], [-95.6165, 33.08574]]}, "properties": {"owner": "ONCOR ELECTRIC DELIVERY CO.", "voltage_kv": 345.0}}, {"type": "Feature", "geometry": {"type": "LineString", "coordinates": [[-95.25772, 32.27751], [-95.25836, 32.27789], [-95.25893, 32.27791], [-95.26052, 32.27963], [-95.34542, 32.28003], [-95.34644, 32.27986]]}, "properties": {"owner": "ONCOR ELECTRIC DELIVERY CO.", "voltage_kv": 345.0}}, {"type": "Feature", "geometry": {"type": "LineString", "coordinates": [[-95.19568, 32.27667], [-95.19651, 32.27774]]}, "properties": {"owner": "ONCOR ELECTRIC DELIVERY CO.", "voltage_kv": 345.0}}, {"type": "Feature", "geometry": {"type": "LineString", "coordinates": [[-95.04203, 33.09166], [-95.04191, 33.09219], [-95.04581, 33.09831], [-95.04753, 33.10099], [-95.04789, 33.10116], [-95.05076, 33.10249], [-95.0532, 33.10363], [-95.05564, 33.10482], [-95.05841, 33.10601], [-95.06014, 33.10773], [-95.06279, 33.11031], [-95.06497, 33.11252], [-95.06671, 33.11421], [-95.07059, 33.11816], [-95.07244, 33.12001], [-95.07425, 33.12182], [-95.07914, 33.12106], [-95.08276, 33.12048], [-95.08468, 33.12019], [-95.0853, 33.12009], [-95.08861, 33.12203], [-95.09208, 33.12401], [-95.09491, 33.12565], [-95.0978, 33.12738], [-95.1007, 33.12904], [-95.10378, 33.13084], [-95.10663, 33.13247], [-95.10955, 33.1342], [-95.11253, 33.13592], [-95.11538, 33.1376], [-95.11836, 33.13891], [-95.1212, 33.14031], [-95.12365, 33.14147], [-95.1237, 33.1415], [-95.12403, 33.14165], [-95.12691, 33.14297], [-95.1305, 33.14438], [-95.13403, 33.14578], [-95.13763, 33.14718], [-95.14115, 33.14857], [-95.14475, 33.14997], [-95.14817, 33.15132], [-95.15146, 33.15259], [-95.15443, 33.15375], [-95.15737, 33.15492], [-95.16023, 33.15604], [-95.16203, 33.15881], [-95.16383, 33.16158], [-95.16555, 33.16427], [-95.16745, 33.16718], [-95.16933, 33.17007], [-95.17109, 33.17275], [-95.17297, 33.17565], [-95.17479, 33.17848], [-95.17669, 33.1814], [-95.17835, 33.18398], [-95.1803, 33.18692], [-95.18219, 33.18982], [-95.18407, 33.19271], [-95.1859, 33.19554], [-95.18778, 33.19841], [-95.1894, 33.20091], [-95.19097, 33.20331], [-95.19259, 33.20584], [-95.1944, 33.20861], [-95.1963, 33.2115], [-95.19802, 33.21416], [-95.19968, 33.21672], [-95.20139, 33.21937], [-95.20305, 33.22192], [-95.20464, 33.22433], [-95.20625, 33.22672], [-95.20948, 33.22673], [-95.21292, 33.22673], [-95.21618, 33.22673], [-95.21942, 33.22674], [-95.22269, 33.22674], [-95.22596, 33.22674], [-95.22938, 33.22678], [-95.233, 33.22681], [-95.23676, 33.22683], [-95.24069, 33.22685], [-95.24451, 33.2269], [-95.24828, 33.22691], [-95.25205, 33.22695], [-95.25446, 33.22917], [-95.25686, 33.2314], [-95.25918, 33.23355], [-95.26158, 33.2358], [-95.2638, 33.23787], [-95.26688, 33.23682], [-95.27007, 33.23575], [-95.27322, 33.2347], [-95.27627, 33.23369], [-95.27932, 33.23268], [-95.28264, 33.23156], [-95.2858, 33.2305], [-95.28897, 33.22945], [-95.29219, 33.22838], [-95.29531, 33.22734], [-95.29844, 33.22737], [-95.30152, 33.22739], [-95.3048, 33.22743], [-95.30807, 33.22745], [-95.31135, 33.22748], [-95.31458, 33.22752], [-95.31779, 33.2275], [-95.32148, 33.22744], [-95.32542, 33.22735], [-95.32935, 33.22727], [-95.33327, 33.22719], [-95.33723, 33.22711], [-95.34101, 33.22705], [-95.34493, 33.22695], [-95.34888, 33.22689], [-95.35278, 33.22681], [-95.35642, 33.22674], [-95.3573, 33.22672], [-95.36034, 33.22665], [-95.36428, 33.22657], [-95.36824, 33.2265], [-95.37206, 33.22642], [-95.37574, 33.22634], [-95.37927, 33.22625], [-95.38275, 33.22619], [-95.3862, 33.22611], [-95.38961, 33.226], [-95.39349, 33.22585], [-95.39726, 33.22573], [-95.40127, 33.22558], [-95.4049, 33.22546], [-95.40835, 33.22534], [-95.41225, 33.22519], [-95.41619, 33.22506], [-95.4199, 33.22492], [-95.42385, 33.22479], [-95.42777, 33.22465], [-95.43172, 33.22451], [-95.43518, 33.22441], [-95.43861, 33.22426], [-95.44205, 33.22414], [-95.44521, 33.22404], [-95.44843, 33.22396], [-95.45189, 33.22394], [-95.45553, 33.22393], [-95.45949, 33.2239], [-95.46326, 33.22389], [-95.46718, 33.22387], [-95.47098, 33.22384], [-95.47442, 33.22382], [-95.47795, 33.2238], [-95.4813, 33.22378], [-95.48472, 33.22376], [-95.4886, 33.22374], [-95.49252, 33.22374], [-95.49646, 33.22352], [-95.50039, 33.22331], [-95.50432, 33.22311], [-95.50818, 33.22289], [-95.5121, 33.22269], [-95.51569, 33.22251], [-95.51961, 33.22229], [-95.52351, 33.22209], [-95.52742, 33.22189], [-95.53134, 33.22168], [-95.53498, 33.2215], [-95.53852, 33.2213], [-95.54239, 33.22108], [-95.54625, 33.22088], [-95.54985, 33.2207], [-95.55343, 33.2205], [-95.55706, 33.22031], [-95.56063, 33.22012], [-95.56432, 33.21993], [-95.56746, 33.21976], [-95.57124, 33.22007], [-95.5745, 33.22035], [-95.57794, 33.22062], [-95.58185, 33.22093], [-95.58544, 33.22123], [-95.58937, 33.22155], [-95.59327, 33.22186], [-95.59703, 33.22217], [-95.60093, 33.22249], [-95.60484, 33.22281], [-95.60843, 33.2231], [-95.61233, 33.22341], [-95.61624, 33.22373], [-95.61996, 33.22404], [-95.62369, 33.22434], [-95.6273, 33.22465], [-95.63122, 33.22457], [-95.63516, 33.22452], [-95.63907, 33.22444], [-95.643, 33.22437], [-95.64694, 33.2243], [-95.65086, 33.22425], [-95.65445, 33.22418], [-95.65806, 33.22412], [-95.66118, 33.22407], [-95.66447, 33.22401], [-95.66772, 33.22395], [-95.67134, 33.22396], [-95.6751, 33.22395], [-95.67896, 33.22393], [-95.68281, 33.22394], [-95.68674, 33.22393], [-95.69066, 33.22391], [-95.69458, 33.2239], [-95.6985, 33.22389], [-95.70243, 33.22389], [-95.70601, 33.22387], [-95.70943, 33.22386], [-95.71304, 33.22385], [-95.71697, 33.22384], [-95.7209, 33.22384], [-95.72484, 33.22382], [-95.72875, 33.22381], [-95.73253, 33.22381], [-95.7363, 33.2238], [-95.7399, 33.22378], [-95.7435, 33.22377], [-95.74745, 33.22376], [-95.75133, 33.22375], [-95.75531, 33.22373], [-95.75923, 33.22373], [-95.76314, 33.22373], [-95.7671, 33.22371], [-95.77099, 33.22369], [-95.77494, 33.22368], [-95.7787, 33.22367], [-95.78259, 33.22368], [-95.78653, 33.22367], [-95.79015, 33.22365], [-95.79392, 33.22364], [-95.79785, 33.22363], [-95.80122, 33.22364], [-95.80469, 33.2232], [-95.8081, 33.22279], [-95.81199, 33.2223], [-95.81585, 33.22182], [-95.81949, 33.22138], [-95.82308, 33.22093], [-95.82648, 33.22052], [-95.83011, 33.22006], [-95.834, 33.21959], [-95.83787, 33.2191], [-95.84159, 33.21865], [-95.84516, 33.2182], [-95.84904, 33.21772], [-95.85294, 33.21724], [-95.85681, 33.21676], [-95.86071, 33.21627], [-95.86393, 33.21586], [-95.86714, 33.21547], [-95.8682, 33.21533], [-95.87039, 33.21503], [-95.87453, 33.21509], [-95.87874, 33.21511], [-95.88199, 33.21513], [-95.88591, 33.21514], [-95.88918, 33.21516], [-95.89286, 33.21518], [-95.89658, 33.2152], [-95.90016, 33.21522], [-95.90377, 33.21523], [-95.90735, 33.21526], [-95.91115, 33.21527], [-95.91492, 33.21529], [-95.91821, 33.21531], [-95.9217, 33.2141], [-95.92518, 33.21293], [-95.92867, 33.21176], [-95.93219, 33.21061], [-95.93551, 33.2095], [-95.93915, 33.20829], [-95.94275, 33.20708], [-95.94639, 33.20713], [-95.95001, 33.20716], [-95.95358, 33.20719], [-95.95731, 33.20721], [-95.96031, 33.20723], [-95.96372, 33.20726], [-95.96731, 33.20727], [-95.9709, 33.20706], [-95.97384, 33.20688], [-95.97709, 33.20667], [-95.97971, 33.20652], [-95.98246, 33.20635], [-95.98292, 33.20632], [-95.98632, 33.2061], [-95.98949, 33.20591], [-95.99274, 33.20572], [-95.99599, 33.20552], [-95.9993, 33.20531], [-96.00256, 33.20511], [-96.00582, 33.2049], [-96.00941, 33.20468], [-96.01299, 33.20445], [-96.01663, 33.20423], [-96.02054, 33.20398], [-96.02444, 33.20373], [-96.02768, 33.20352], [-96.03138, 33.20329], [-96.03448, 33.20285], [-96.03754, 33.20242], [-96.04077, 33.20197], [-96.04391, 33.20152], [-96.0471, 33.20158], [-96.05087, 33.20165], [-96.05446, 33.2017], [-96.05788, 33.20176], [-96.06163, 33.20183], [-96.06525, 33.20188], [-96.06902, 33.20195], [-96.0726, 33.20201], [-96.07637, 33.20207], [-96.07981, 33.20213], [-96.08374, 33.2022], [-96.08732, 33.20226], [-96.09107, 33.20231], [-96.0943, 33.20237], [-96.09766, 33.20356], [-96.10113, 33.20481], [-96.10474, 33.20609], [-96.10833, 33.20737], [-96.11179, 33.2086], [-96.1151, 33.20978], [-96.11827, 33.21091], [-96.12143, 33.21203], [-96.12443, 33.21309], [-96.12759, 33.21422], [-96.13098, 33.21542], [-96.13452, 33.21668], [-96.13782, 33.21785], [-96.14098, 33.21672], [-96.14428, 33.21551], [-96.14759, 33.21429], [-96.15089, 33.21309], [-96.1542, 33.21188], [-96.15763, 33.21062], [-96.16101, 33.20939], [-96.16432, 33.20817], [-96.16754, 33.207], [-96.17082, 33.20578], [-96.17415, 33.20457], [-96.17754, 33.20331], [-96.18086, 33.2021], [-96.18425, 33.20085], [-96.18756, 33.20053], [-96.19121, 33.20017], [-96.19486, 33.19982], [-96.19875, 33.19942], [-96.20264, 33.19904], [-96.20621, 33.19869], [-96.21012, 33.19831], [-96.21403, 33.19792], [-96.2179, 33.19755], [-96.22149, 33.1972], [-96.22494, 33.19686], [-96.22814, 33.19655], [-96.2314, 33.19623], [-96.23486, 33.19589], [-96.23806, 33.19558], [-96.24175, 33.19522], [-96.24535, 33.19486], [-96.24865, 33.1941], [-96.25197, 33.19335], [-96.25557, 33.19252], [-96.25948, 33.19263], [-96.2634, 33.19271], [-96.26731, 33.1928], [-96.27123, 33.1929], [-96.27519, 33.19298], [-96.27871, 33.19345], [-96.28224, 33.19389], [-96.28564, 33.19435], [-96.28911, 33.19482], [-96.29289, 33.19484], [-96.29616, 33.19489], [-96.29916, 33.19492], [-96.30217, 33.19495], [-96.30544, 33.195], [-96.30879, 33.19504], [-96.31239, 33.19509], [-96.31595, 33.19513], [-96.31994, 33.19519], [-96.32364, 33.19523], [-96.32731, 33.19431], [-96.33099, 33.19338], [-96.33711, 33.19177], [-96.3371, 33.19103], [-96.33794, 33.19071]]}, "properties": {"owner": "ONCOR ELECTRIC DELIVERY COMPANY LLC", "voltage_kv": 345.0}}, {"type": "Feature", "geometry": {"type": "LineString", "coordinates": [[-95.91396, 32.97171], [-95.91395, 32.97158], [-95.91416, 32.97139]]}, "properties": {"owner": "ONCOR ELECTRIC DELIVERY CO.", "voltage_kv": 345.0}}, {"type": "Feature", "geometry": {"type": "LineString", "coordinates": [[-96.0818, 30.62251], [-96.08153, 30.62271], [-96.08164, 30.623], [-96.08298, 30.62588], [-96.08469, 30.62817], [-96.08648, 30.63075], [-96.08815, 30.63307], [-96.08982, 30.63542], [-96.09143, 30.63769], [-96.09309, 30.63998], [-96.09484, 30.64229], [-96.09535, 30.64514], [-96.09538, 30.64783], [-96.09545, 30.65018], [-96.09545, 30.65022], [-96.09547, 30.65107], [-96.09551, 30.65252], [-96.09556, 30.65402], [-96.09563, 30.65699], [-96.09574, 30.65979], [-96.09579, 30.66229], [-96.0958, 30.66278], [-96.09587, 30.66545], [-96.09591, 30.66824], [-96.09604, 30.67121], [-96.0961, 30.6742], [-96.09619, 30.68009], [-96.0963, 30.68308], [-96.0964, 30.68625], [-96.09643, 30.68921], [-96.09938, 30.69001], [-96.10264, 30.691], [-96.10594, 30.69196], [-96.10901, 30.69289], [-96.11249, 30.69392], [-96.11564, 30.69486], [-96.11897, 30.69582], [-96.12197, 30.69669], [-96.12504, 30.69757], [-96.12835, 30.69853], [-96.13135, 30.69946], [-96.13431, 30.70043], [-96.13747, 30.70141], [-96.14034, 30.70223], [-96.14119, 30.70529], [-96.14204, 30.70859], [-96.14282, 30.71121], [-96.1437, 30.71436], [-96.14447, 30.71709], [-96.14479, 30.72006], [-96.14505, 30.72264], [-96.1453, 30.72485], [-96.14552, 30.7271], [-96.14578, 30.72974], [-96.1461, 30.73256], [-96.14642, 30.73551], [-96.14674, 30.73872], [-96.14704, 30.74184], [-96.14734, 30.74481], [-96.14771, 30.74789], [-96.14801, 30.75089], [-96.14831, 30.75405], [-96.14863, 30.75726], [-96.14902, 30.76026], [-96.14936, 30.76362], [-96.14964, 30.76657], [-96.15, 30.76967], [-96.1503, 30.7726], [-96.15056, 30.77531], [-96.15093, 30.77855], [-96.15129, 30.78185], [-96.15161, 30.78506], [-96.15191, 30.78803], [-96.15224, 30.79098], [-96.15539, 30.79266], [-96.1584, 30.79426], [-96.16127, 30.79579], [-96.16396, 30.79723], [-96.16681, 30.79876], [-96.16977, 30.80034], [-96.1725, 30.8018], [-96.17561, 30.80342], [-96.17857, 30.80497], [-96.18185, 30.80663], [-96.18458, 30.80806], [-96.18758, 30.80961], [-96.19056, 30.81114], [-96.1935, 30.81262], [-96.19666, 30.81416], [-96.19964, 30.81571], [-96.20284, 30.81735], [-96.20561, 30.81877], [-96.20863, 30.82026], [-96.21164, 30.82183], [-96.21481, 30.82347], [-96.21792, 30.82496], [-96.22088, 30.82653], [-96.22393, 30.82811], [-96.22674, 30.82957], [-96.22957, 30.83104], [-96.23251, 30.83257], [-96.23528, 30.83407], [-96.23824, 30.83556], [-96.2411, 30.83705], [-96.24394, 30.83857], [-96.24608, 30.84118], [-96.24801, 30.84391], [-96.25001, 30.84665], [-96.2517, 30.84912], [-96.25358, 30.85172], [-96.2554, 30.85443], [-96.2571, 30.85719], [-96.25786, 30.85929], [-96.25909, 30.86027], [-96.2608, 30.86285], [-96.26259, 30.86565], [-96.26439, 30.86847], [-96.26621, 30.87127], [-96.26798, 30.87401], [-96.26961, 30.87654], [-96.27131, 30.87918], [-96.27308, 30.88196], [-96.27488, 30.88472], [-96.27664, 30.88747], [-96.27835, 30.89012], [-96.28007, 30.89281], [-96.28186, 30.89557], [-96.28363, 30.89834], [-96.28531, 30.90099], [-96.28705, 30.90369], [-96.28869, 30.90622], [-96.29041, 30.90882], [-96.29231, 30.91184], [-96.29398, 30.91441], [-96.29578, 30.91721], [-96.29757, 30.92], [-96.29927, 30.92261], [-96.301, 30.92531], [-96.30277, 30.92808], [-96.3045, 30.93071], [-96.30507, 30.93368], [-96.30567, 30.93666], [-96.30629, 30.93965], [-96.30693, 30.94306], [-96.30725, 30.94348], [-96.30872, 30.94544], [-96.31058, 30.94798], [-96.31231, 30.9503], [-96.31414, 30.95284], [-96.31603, 30.95538], [-96.31791, 30.95792], [-96.31979, 30.96048], [-96.32166, 30.96303], [-96.32355, 30.96559], [-96.32538, 30.96807], [-96.32716, 30.97047], [-96.32887, 30.97276], [-96.33056, 30.97524], [-96.33212, 30.9775], [-96.33353, 30.97976], [-96.33536, 30.98265], [-96.33708, 30.98538], [-96.33871, 30.98795], [-96.34035, 30.99055], [-96.34206, 30.99327], [-96.34375, 30.99596], [-96.34547, 30.99872], [-96.34712, 31.00131], [-96.34864, 31.00377], [-96.35031, 31.00641], [-96.35207, 31.00922], [-96.35387, 31.01209], [-96.35553, 31.01469], [-96.3572, 31.01728], [-96.35876, 31.01979], [-96.36047, 31.02254], [-96.36222, 31.02533], [-96.36382, 31.02748], [-96.36578, 31.03022], [-96.36813, 31.03281], [-96.37026, 31.0352], [-96.37273, 31.03796], [-96.37491, 31.04043], [-96.37702, 31.04277], [-96.37911, 31.04511], [-96.38092, 31.04713], [-96.38112, 31.04736], [-96.38315, 31.04958], [-96.38446, 31.05243], [-96.38581, 31.05529], [-96.3872, 31.05823], [-96.38858, 31.06111], [-96.38881, 31.06161], [-96.38978, 31.06367], [-96.39097, 31.06616], [-96.39216, 31.06871], [-96.39426, 31.07134], [-96.39617, 31.07374], [-96.39818, 31.07626], [-96.40015, 31.07872], [-96.40211, 31.08156], [-96.4039, 31.08415], [-96.40577, 31.08685], [-96.40721, 31.08896], [-96.40942, 31.09077], [-96.41178, 31.09272], [-96.41396, 31.0945], [-96.4162, 31.09634], [-96.4184, 31.0981], [-96.41985, 31.10022], [-96.42152, 31.10256], [-96.42334, 31.10513], [-96.42502, 31.10746], [-96.42652, 31.10989], [-96.42799, 31.11233], [-96.43007, 31.11479], [-96.43224, 31.11734], [-96.43442, 31.12], [-96.4366, 31.12258], [-96.43874, 31.12519], [-96.44091, 31.12776], [-96.44302, 31.1303], [-96.44523, 31.13291], [-96.44701, 31.13552], [-96.44888, 31.13817], [-96.45056, 31.14058], [-96.45223, 31.14294], [-96.45374, 31.14512], [-96.45566, 31.14784], [-96.45765, 31.15067], [-96.45933, 31.15304], [-96.46073, 31.15513], [-96.46239, 31.15741], [-96.46461, 31.16061], [-96.46644, 31.16324], [-96.46841, 31.16598], [-96.47028, 31.16868], [-96.47204, 31.17114], [-96.47368, 31.17351], [-96.47601, 31.17582], [-96.47837, 31.17819], [-96.47968, 31.18007], [-96.48115, 31.1822], [-96.48348, 31.18558], [-96.48439, 31.18553]]}, "properties": {"owner": "ENTERGY TEXAS INC.", "voltage_kv": 345.0}}, {"type": "Feature", "geometry": {"type": "LineString", "coordinates": [[-95.25346, 32.41989], [-95.25441, 32.41991], [-95.25471, 32.42031], [-95.2539, 32.42092], [-95.25501, 32.42235], [-95.25497, 32.43821], [-95.25474, 32.46244], [-95.25398, 32.48386], [-95.25376, 32.49018], [-95.25379, 32.49583], [-95.2533, 32.50719], [-95.28802, 32.52993], [-95.29663, 32.53468], [-95.299, 32.53601], [-95.30425, 32.53947], [-95.30533, 32.54017], [-95.30667, 32.53928], [-95.30664, 32.53798], [-95.30661, 32.53614], [-95.30659, 32.53463], [-95.30658, 32.53306], [-95.30656, 32.53153], [-95.30655, 32.53002], [-95.30652, 32.52851], [-95.30651, 32.52716], [-95.30649, 32.52546], [-95.3065, 32.52394], [-95.30646, 32.52214], [-95.30646, 32.52064], [-95.30641, 32.51915], [-95.30822, 32.51846], [-95.30983, 32.51785], [-95.31176, 32.51712], [-95.31367, 32.51639], [-95.31568, 32.51562], [-95.31773, 32.51484], [-95.31908, 32.51432], [-95.32081, 32.51365], [-95.32273, 32.51294], [-95.3244, 32.51228], [-95.32617, 32.51158], [-95.32798, 32.51087], [-95.32988, 32.51019], [-95.33126, 32.50906], [-95.33248, 32.50806], [-95.33379, 32.50705], [-95.33491, 32.50619], [-95.33577, 32.50551], [-95.33639, 32.505], [-95.33747, 32.50417], [-95.33854, 32.50334], [-95.33961, 32.5025], [-95.3408, 32.50156], [-95.34219, 32.50045], [-95.34363, 32.49937], [-95.34488, 32.49831], [-95.34646, 32.49708], [-95.34783, 32.49601], [-95.34909, 32.49501], [-95.35032, 32.49405], [-95.35142, 32.4932], [-95.35257, 32.49231], [-95.35425, 32.491], [-95.35475, 32.49052], [-95.35682, 32.49048], [-95.35859, 32.49042], [-95.36072, 32.49035], [-95.36241, 32.49022], [-95.36423, 32.49016], [-95.36597, 32.49013], [-95.36786, 32.49011], [-95.36972, 32.49005], [-95.3716, 32.48998], [-95.37345, 32.48991], [-95.37525, 32.48985], [-95.3768, 32.4898], [-95.37906, 32.48972], [-95.37984, 32.4906], [-95.38058, 32.49149], [-95.3824, 32.49148], [-95.38417, 32.49147], [-95.38602, 32.49145], [-95.38782, 32.49146], [-95.38961, 32.49145], [-95.39146, 32.49147], [-95.39143, 32.48995], [-95.3914, 32.48842], [-95.39322, 32.48852], [-95.39508, 32.48862], [-95.39671, 32.48871], [-95.39836, 32.48879], [-95.40049, 32.48892], [-95.4023, 32.48792], [-95.40373, 32.48719], [-95.40442, 32.4884], [-95.40514, 32.48946], [-95.40555, 32.49025]]}, "properties": {"owner": "ONCOR ELECTRIC DELIVERY CO.", "voltage_kv": 345.0}}, {"type": "Feature", "geometry": {"type": "LineString", "coordinates": [[-94.57488, 32.25747], [-94.57589, 32.25829], [-94.58495, 32.25482], [-94.61802, 32.24893], [-94.65952, 32.28898], [-94.67954, 32.29008], [-94.68601, 32.29027], [-94.71152, 32.29039], [-94.72568, 32.29566], [-94.74655, 32.30162], [-94.77174, 32.30429], [-94.83595, 32.29254], [-94.88346, 32.295], [-94.89264, 32.29467], [-94.89958, 32.29519], [-94.91055, 32.3009], [-94.94278, 32.30229], [-94.9914, 32.32666], [-95.02769, 32.34132], [-95.05648, 32.35313], [-95.07989, 32.36262], [-95.09999, 32.37401], [-95.12548, 32.39322], [-95.16132, 32.39388], [-95.25085, 32.41731], [-95.25282, 32.41941], [-95.25346, 32.41989]]}, "properties": {"owner": "UPSHUR RURAL ELEC COOP CORP", "voltage_kv": 345.0}}, {"type": "Feature", "geometry": {"type": "LineString", "coordinates": [[-95.34644, 32.27986], [-95.34688, 32.28024], [-95.35269, 32.28021], [-95.43466, 32.3389], [-95.44283, 32.34123], [-95.45717, 32.35465], [-95.54011, 32.41742], [-95.62241, 32.48105], [-95.82785, 32.48336], [-95.87353, 32.47955], [-95.92364, 32.48243], [-95.97149, 32.51831], [-95.99343, 32.51895], [-96.01831, 32.52171], [-96.06341, 32.52672], [-96.11618, 32.53249], [-96.14267, 32.53233], [-96.17704, 32.53196], [-96.24177, 32.53675], [-96.28291, 32.53976], [-96.33722, 32.53885], [-96.3585, 32.53677], [-96.43513, 32.53669], [-96.48628, 32.52065], [-96.50607, 32.5364], [-96.53069, 32.54925], [-96.53714, 32.55329], [-96.5375, 32.55367]]}, "properties": {"owner": "ONCOR ELECTRIC DELIVERY CO.", "voltage_kv": 345.0}}, {"type": "Feature", "geometry": {"type": "LineString", "coordinates": [[-96.48439, 31.18553], [-96.48306, 31.18561], [-96.4824, 31.18473], [-96.48068, 31.18226], [-96.47921, 31.18014], [-96.47798, 31.17841], [-96.47518, 31.17629], [-96.47249, 31.17716], [-96.46984, 31.17806], [-96.46709, 31.1791], [-96.464, 31.18026], [-96.46094, 31.18143], [-96.45789, 31.18264], [-96.45501, 31.18381], [-96.45201, 31.18505], [-96.44883, 31.18637], [-96.44627, 31.18739], [-96.44337, 31.18859], [-96.44065, 31.18979], [-96.43766, 31.19102], [-96.43472, 31.19239], [-96.43256, 31.19472], [-96.43064, 31.19695], [-96.42859, 31.19919], [-96.42651, 31.20142], [-96.42447, 31.20374], [-96.42243, 31.20603], [-96.42044, 31.20833], [-96.41834, 31.21063], [-96.4163, 31.21291], [-96.4142, 31.21524], [-96.41216, 31.21752], [-96.41012, 31.21983], [-96.40806, 31.22212], [-96.40608, 31.22435], [-96.40403, 31.22664], [-96.40196, 31.22895], [-96.39977, 31.23113], [-96.3976, 31.23327], [-96.3954, 31.2355], [-96.39334, 31.23753], [-96.39126, 31.23957], [-96.38921, 31.24159], [-96.38699, 31.24379], [-96.38496, 31.24582], [-96.38276, 31.24799], [-96.38073, 31.25004], [-96.37858, 31.25213], [-96.37651, 31.25416], [-96.37457, 31.25612], [-96.37235, 31.25828], [-96.3701, 31.26048], [-96.36793, 31.26269], [-96.36585, 31.26474], [-96.36396, 31.26667], [-96.36195, 31.26857], [-96.36, 31.27053], [-96.35801, 31.27249], [-96.35608, 31.27443], [-96.35402, 31.27643], [-96.35201, 31.27843], [-96.34978, 31.28064], [-96.34751, 31.2828], [-96.34535, 31.28494], [-96.34328, 31.2871], [-96.3411, 31.28927], [-96.33889, 31.29149], [-96.33667, 31.29367], [-96.33444, 31.29589], [-96.33238, 31.29794], [-96.33018, 31.30011], [-96.32798, 31.30235], [-96.3259, 31.30444], [-96.32372, 31.30665], [-96.3216, 31.30878], [-96.31942, 31.311], [-96.31743, 31.31339], [-96.31567, 31.31544], [-96.31385, 31.31769], [-96.31219, 31.31966], [-96.31035, 31.32182], [-96.30849, 31.32406], [-96.3067, 31.32614], [-96.30506, 31.32815], [-96.30346, 31.33006], [-96.30179, 31.33213], [-96.30122, 31.33461], [-96.30066, 31.33704], [-96.3001, 31.3395], [-96.29958, 31.34201], [-96.29899, 31.34444], [-96.29848, 31.34689], [-96.29793, 31.34936], [-96.29786, 31.35199], [-96.29782, 31.35461], [-96.29774, 31.35731], [-96.29767, 31.35958], [-96.29761, 31.36238], [-96.29752, 31.36499], [-96.29747, 31.36833], [-96.29734, 31.37067], [-96.29731, 31.37272], [-96.2972, 31.37515], [-96.29479, 31.3771], [-96.29229, 31.37906], [-96.2898, 31.38101], [-96.28735, 31.38295], [-96.28611, 31.38395], [-96.28544, 31.38448], [-96.28301, 31.38639], [-96.28048, 31.38831], [-96.27831, 31.39004], [-96.27635, 31.39161], [-96.27432, 31.3932], [-96.2724, 31.39472], [-96.27004, 31.39654], [-96.26758, 31.39855], [-96.26544, 31.40015], [-96.26328, 31.40181], [-96.26091, 31.40372], [-96.25846, 31.40564], [-96.25599, 31.40761], [-96.25336, 31.40932], [-96.25069, 31.41113], [-96.24936, 31.41262], [-96.24721, 31.41494], [-96.24496, 31.41747], [-96.24501, 31.42025], [-96.2451, 31.42259], [-96.24572, 31.42467], [-96.24661, 31.42454], [-96.247, 31.42418]]}, "properties": {"owner": "NAVASOTA VALLEY ELEC COOP, INC", "voltage_kv": 345.0}}, {"type": "Feature", "geometry": {"type": "LineString", "coordinates": [[-96.11189, 31.89026], [-96.11335, 31.89015]]}, "properties": {"owner": "ONCOR ELECTRIC DELIVERY CO.", "voltage_kv": 345.0}}, {"type": "Feature", "geometry": {"type": "LineString", "coordinates": [[-96.1328, 31.37132], [-96.13184, 31.37169], [-96.13152, 31.37508], [-96.11942, 31.42754], [-96.11815, 31.45821], [-96.11808, 31.49033], [-96.1181, 31.53127], [-96.11886, 31.55723], [-96.12171, 31.6215], [-96.12146, 31.63609], [-96.12114, 31.65459], [-96.12077, 31.67612], [-96.12048, 31.69297], [-96.12044, 31.69543], [-96.12039, 31.6983], [-96.11949, 31.74394], [-96.11883, 31.76323], [-96.1163, 31.76435], [-96.11025, 31.76525], [-96.10738, 31.77304], [-96.10647, 31.77876], [-96.10008, 31.79729], [-96.07271, 31.81244], [-96.05956, 31.81788], [-96.05701, 31.8188], [-96.05663, 31.8191], [-96.05745, 31.81953]]}, "properties": {"owner": "ONCOR ELECTRIC DELIVERY CO.", "voltage_kv": 345.0}}, {"type": "Feature", "geometry": {"type": "LineString", "coordinates": [[-96.247, 31.42418], [-96.24655, 31.42432], [-96.24578, 31.42451], [-96.2452, 31.42257], [-96.24511, 31.42025], [-96.24506, 31.4175], [-96.24728, 31.41501], [-96.24943, 31.41268], [-96.25076, 31.4112], [-96.25342, 31.40941], [-96.25605, 31.40769], [-96.25852, 31.40572], [-96.26098, 31.4038], [-96.26335, 31.40189], [-96.2655, 31.40023], [-96.26764, 31.39863], [-96.27011, 31.39662], [-96.27247, 31.3948], [-96.27438, 31.39328], [-96.27641, 31.39169], [-96.27837, 31.39012], [-96.28054, 31.38839], [-96.28307, 31.38647], [-96.2855, 31.38456], [-96.28617, 31.38402], [-96.28741, 31.38303], [-96.28986, 31.38108], [-96.29235, 31.37913], [-96.29485, 31.37717], [-96.29729, 31.3752], [-96.29741, 31.37272], [-96.29744, 31.37067], [-96.29757, 31.36833], [-96.29762, 31.36499], [-96.29771, 31.36238], [-96.29777, 31.35959], [-96.29784, 31.35731], [-96.29792, 31.35461], [-96.29796, 31.35199], [-96.29803, 31.34937], [-96.29858, 31.34692], [-96.29908, 31.34446], [-96.29967, 31.34203], [-96.3002, 31.33952], [-96.30075, 31.33707], [-96.30132, 31.33463], [-96.30188, 31.33217], [-96.30353, 31.33012], [-96.30514, 31.32821], [-96.30678, 31.32621], [-96.30857, 31.32413], [-96.31043, 31.32189], [-96.31227, 31.31972], [-96.31392, 31.31776], [-96.31575, 31.3155], [-96.3175, 31.31345], [-96.31949, 31.31107], [-96.32167, 31.30885], [-96.32379, 31.30672], [-96.32597, 31.30451], [-96.32805, 31.30242], [-96.33025, 31.30018], [-96.33246, 31.29801], [-96.33451, 31.29596], [-96.33674, 31.29374], [-96.33896, 31.29156], [-96.34117, 31.28934], [-96.34336, 31.28717], [-96.34542, 31.28501], [-96.34758, 31.28287], [-96.34985, 31.28071], [-96.35208, 31.2785], [-96.35409, 31.2765], [-96.35615, 31.2745], [-96.35808, 31.27256], [-96.36008, 31.2706], [-96.36202, 31.26864], [-96.36403, 31.26674], [-96.36592, 31.26482], [-96.368, 31.26276], [-96.37017, 31.26055], [-96.37242, 31.25835], [-96.37464, 31.25619], [-96.37658, 31.25423], [-96.37865, 31.25221], [-96.3808, 31.25011], [-96.38283, 31.24807], [-96.38503, 31.24589], [-96.38706, 31.24386], [-96.38928, 31.24166], [-96.39133, 31.23964], [-96.39341, 31.2376], [-96.39547, 31.23557], [-96.39767, 31.23334], [-96.39984, 31.2312], [-96.40203, 31.22901], [-96.4041, 31.22671], [-96.40616, 31.22441], [-96.40814, 31.22219], [-96.41019, 31.2199], [-96.41223, 31.21759], [-96.41428, 31.21531], [-96.41637, 31.21298], [-96.41842, 31.2107], [-96.42051, 31.20839], [-96.42251, 31.2061], [-96.42454, 31.20381], [-96.42658, 31.20149], [-96.42867, 31.19925], [-96.43071, 31.19702], [-96.43264, 31.19478], [-96.43478, 31.19247], [-96.4377, 31.19112], [-96.44069, 31.18988], [-96.44341, 31.18869], [-96.4463, 31.18748], [-96.44887, 31.18646], [-96.45204, 31.18514], [-96.45505, 31.1839], [-96.45792, 31.18273], [-96.46097, 31.18153], [-96.46403, 31.18035], [-96.46712, 31.17919], [-96.46988, 31.17816], [-96.47253, 31.17726], [-96.47516, 31.1764], [-96.47791, 31.17848], [-96.47913, 31.18019], [-96.4806, 31.18232], [-96.48232, 31.18478], [-96.48293, 31.18578], [-96.48439, 31.18553]]}, "properties": {"owner": "NAVASOTA VALLEY ELEC COOP, INC", "voltage_kv": 345.0}}, {"type": "Feature", "geometry": {"type": "LineString", "coordinates": [[-96.05745, 31.81953], [-96.05792, 31.81936], [-96.05966, 31.8185], [-96.06239, 31.81738], [-96.07126, 31.81376], [-96.0893, 31.80365], [-96.11274, 31.80398], [-96.11516, 31.80573], [-96.1252, 31.8131], [-96.1812, 31.81215], [-96.21267, 31.817], [-96.25976, 31.82428], [-96.32259, 31.82688], [-96.35766, 31.85197], [-96.39311, 31.87712], [-96.5162, 31.96445], [-96.51694, 31.96369], [-96.51831, 31.96397]]}, "properties": {"owner": "ONCOR ELECTRIC DELIVERY CO.", "voltage_kv": 345.0}}, {"type": "Feature", "geometry": {"type": "LineString", "coordinates": [[-95.39547, 31.36439], [-95.39472, 31.36473], [-95.39431, 31.36509], [-95.39534, 31.36579], [-95.39524, 31.36755], [-95.39507, 31.37009], [-95.39482, 31.37368], [-95.39297, 31.3768], [-95.39088, 31.3803], [-95.38922, 31.3831], [-95.38709, 31.38667], [-95.38529, 31.38969], [-95.38359, 31.39253], [-95.38157, 31.39593], [-95.37953, 31.39933], [-95.3775, 31.40262], [-95.37745, 31.40632], [-95.37729, 31.41033], [-95.37714, 31.4143], [-95.37699, 31.4179], [-95.37685, 31.42119], [-95.37658, 31.42501], [-95.37561, 31.42784], [-95.37428, 31.43141], [-95.37299, 31.43477], [-95.37176, 31.43796], [-95.37022, 31.44196], [-95.36876, 31.44577], [-95.36776, 31.44837], [-95.36657, 31.45149], [-95.36549, 31.45434], [-95.36415, 31.45776], [-95.36338, 31.46047], [-95.36224, 31.46454], [-95.36122, 31.46808], [-95.3603, 31.47131], [-95.35934, 31.47469], [-95.35824, 31.47855], [-95.35728, 31.48195], [-95.35641, 31.48507], [-95.35561, 31.48778], [-95.35147, 31.49062], [-95.34755, 31.49334], [-95.34395, 31.49574], [-95.34023, 31.49829], [-95.33751, 31.50012], [-95.33309, 31.50315], [-95.3301, 31.50518], [-95.32752, 31.50695], [-95.32398, 31.50936], [-95.32133, 31.51117], [-95.31746, 31.51378], [-95.31393, 31.5162], [-95.31111, 31.51813], [-95.30834, 31.52004], [-95.30512, 31.52225], [-95.30213, 31.52428], [-95.29909, 31.52635], [-95.29541, 31.52886], [-95.29208, 31.53113], [-95.2888, 31.53335], [-95.28501, 31.53594], [-95.28123, 31.53854], [-95.27773, 31.54073], [-95.27514, 31.54239], [-95.27251, 31.54405], [-95.26842, 31.54658], [-95.2661, 31.54946], [-95.26372, 31.55237], [-95.26145, 31.55512], [-95.25901, 31.55806], [-95.25712, 31.56046], [-95.2555, 31.56269], [-95.25301, 31.56532], [-95.25044, 31.56844], [-95.2482, 31.57116], [-95.24578, 31.57408], [-95.2431, 31.57734], [-95.24024, 31.5808], [-95.23757, 31.584], [-95.23522, 31.58687], [-95.23274, 31.58986], [-95.23027, 31.59283], [-95.22736, 31.59637], [-95.22571, 31.59837], [-95.22346, 31.60108], [-95.22092, 31.60414], [-95.21854, 31.60701], [-95.21621, 31.60984], [-95.214, 31.61253], [-95.21223, 31.61464], [-95.21, 31.61735], [-95.20776, 31.62003], [-95.20472, 31.62372], [-95.2017, 31.62732], [-95.2004, 31.62954], [-95.19832, 31.63297], [-95.19698, 31.63519], [-95.19488, 31.63869], [-95.19183, 31.64028], [-95.18947, 31.6415], [-95.18598, 31.64332], [-95.18239, 31.64518], [-95.178, 31.64748], [-95.17292, 31.65013], [-95.17013, 31.65157], [-95.16698, 31.6532], [-95.16453, 31.65448], [-95.16016, 31.65675], [-95.15555, 31.65913], [-95.15253, 31.6607], [-95.14817, 31.66297], [-95.14485, 31.66467], [-95.14144, 31.66647], [-95.13856, 31.66794], [-95.13533, 31.66962], [-95.13272, 31.67144], [-95.13017, 31.6732], [-95.12696, 31.67488], [-95.12443, 31.6758], [-95.12076, 31.67715], [-95.11704, 31.67907], [-95.11419, 31.68054], [-95.11107, 31.68215], [-95.10756, 31.68397], [-95.10374, 31.68594], [-95.10048, 31.68763], [-95.10016, 31.6878], [-95.09733, 31.68926], [-95.09267, 31.69167], [-95.08931, 31.6934], [-95.08549, 31.69538], [-95.08113, 31.69823], [-95.07706, 31.7009], [-95.07454, 31.70257], [-95.07156, 31.70451], [-95.0674, 31.70635], [-95.06301, 31.7083], [-95.05885, 31.71015], [-95.0548, 31.71194], [-95.05116, 31.71357], [-95.04655, 31.7156], [-95.04327, 31.71704], [-95.03999, 31.71851], [-95.03653, 31.72005], [-95.03327, 31.7215], [-95.02985, 31.72301], [-95.02615, 31.72465], [-95.0216, 31.72665], [-95.01761, 31.72844], [-95.01322, 31.73037], [-95.00908, 31.73221], [-95.0065, 31.73334], [-95.0029, 31.73493], [-94.99922, 31.73658], [-94.99561, 31.73817], [-94.99334, 31.74011], [-94.99044, 31.74262], [-94.98742, 31.74524], [-94.9841, 31.74811], [-94.98094, 31.75084], [-94.9773, 31.754], [-94.97419, 31.75671], [-94.97103, 31.75942], [-94.96756, 31.76244], [-94.96423, 31.76531], [-94.96104, 31.76808], [-94.95743, 31.7712], [-94.95427, 31.77394], [-94.95123, 31.77658], [-94.94806, 31.77933], [-94.94471, 31.78219], [-94.94192, 31.78462], [-94.93905, 31.78702], [-94.93615, 31.78943], [-94.93337, 31.79176], [-94.93123, 31.79357], [-94.92773, 31.79656], [-94.92467, 31.79918], [-94.92188, 31.80159], [-94.9195, 31.80362], [-94.91699, 31.80543], [-94.91519, 31.80808], [-94.9129, 31.81132], [-94.91044, 31.81478], [-94.90909, 31.81666], [-94.90638, 31.82049], [-94.90536, 31.82191], [-94.90488, 31.82259], [-94.90251, 31.82593], [-94.90011, 31.82929], [-94.89762, 31.83281], [-94.89529, 31.83611], [-94.89509, 31.8364], [-94.89277, 31.83963], [-94.89042, 31.84297], [-94.88723, 31.84445], [-94.88357, 31.84615], [-94.88012, 31.84776], [-94.87735, 31.84904], [-94.87289, 31.85111], [-94.86916, 31.85284], [-94.86621, 31.85421], [-94.86562, 31.85449], [-94.86167, 31.85631], [-94.8584, 31.85783], [-94.85453, 31.85962], [-94.85024, 31.86161], [-94.84616, 31.8635], [-94.84315, 31.86448], [-94.8362, 31.86771], [-94.83294, 31.86925], [-94.82903, 31.87106], [-94.82493, 31.87295], [-94.82122, 31.87467], [-94.81701, 31.87708], [-94.8124, 31.87974], [-94.80968, 31.88129], [-94.80604, 31.88278], [-94.80222, 31.88434], [-94.79875, 31.88577], [-94.79349, 31.88784], [-94.79065, 31.89065], [-94.78837, 31.89284], [-94.7857, 31.89537], [-94.78343, 31.89753], [-94.78071, 31.90013], [-94.77812, 31.90258], [-94.77506, 31.90549], [-94.77189, 31.90853], [-94.76864, 31.91164], [-94.76604, 31.91413], [-94.76297, 31.91634], [-94.75954, 31.91818], [-94.75695, 31.91917], [-94.75369, 31.92043], [-94.75158, 31.92307], [-94.74897, 31.9255], [-94.74562, 31.92787], [-94.74208, 31.93035], [-94.73825, 31.93305], [-94.73472, 31.93554], [-94.73107, 31.93813], [-94.72723, 31.94082], [-94.72392, 31.94316], [-94.72062, 31.94549], [-94.71707, 31.94799], [-94.71417, 31.95004], [-94.71163, 31.95182], [-94.70852, 31.954], [-94.70596, 31.95582], [-94.70234, 31.95836], [-94.69913, 31.96066], [-94.69526, 31.96336], [-94.69226, 31.96548], [-94.68805, 31.96844], [-94.68389, 31.97137], [-94.68066, 31.97365], [-94.67654, 31.97653], [-94.67349, 31.97863], [-94.67163, 31.98086], [-94.66901, 31.98387], [-94.66736, 31.98577], [-94.66546, 31.98796], [-94.66271, 31.99035], [-94.66097, 31.99236], [-94.65865, 31.99504], [-94.65597, 31.99812], [-94.65303, 32.00153], [-94.64994, 32.00378], [-94.64748, 32.00558], [-94.64465, 32.00762], [-94.6413, 32.01007], [-94.63838, 32.01219], [-94.63541, 32.01437], [-94.63298, 32.01613], [-94.62965, 32.01858], [-94.62621, 32.02051], [-94.62529, 32.02103], [-94.62354, 32.02201], [-94.6216, 32.02311], [-94.62153, 32.02436], [-94.62108, 32.02461]]}, "properties": {"owner": "NOT AVAILABLE", "voltage_kv": 345.0}}, {"type": "Feature", "geometry": {"type": "LineString", "coordinates": [[-94.17606, 33.48833], [-94.17677, 33.48835], [-94.17983, 33.48833], [-94.18375, 33.48809], [-94.18667, 33.48791], [-94.18737, 33.48547], [-94.18807, 33.48304], [-94.18917, 33.47925], [-94.19013, 33.47583], [-94.19106, 33.47273], [-94.19099, 33.46959], [-94.19095, 33.46625], [-94.19091, 33.46328], [-94.19088, 33.45978], [-94.19083, 33.45606], [-94.19077, 33.45235], [-94.19073, 33.44856], [-94.19069, 33.4453], [-94.19075, 33.44231], [-94.19078, 33.4384], [-94.19078, 33.43456], [-94.1908, 33.43075], [-94.19094, 33.428], [-94.19326, 33.42642], [-94.19656, 33.42417], [-94.20006, 33.42179], [-94.20288, 33.41987], [-94.20614, 33.41766], [-94.20953, 33.41535], [-94.21304, 33.41298], [-94.21641, 33.41067], [-94.22025, 33.40805], [-94.22402, 33.40549], [-94.22753, 33.4031], [-94.2309, 33.40079], [-94.23459, 33.39829], [-94.23806, 33.39592], [-94.24117, 33.39384], [-94.2436, 33.39157], [-94.24633, 33.38967], [-94.24933, 33.38799], [-94.25278, 33.38612], [-94.25574, 33.3847], [-94.25969, 33.38281], [-94.26203, 33.3791], [-94.26342, 33.37685], [-94.26692, 33.37717], [-94.27179, 33.37761], [-94.27615, 33.37758], [-94.2799, 33.37756], [-94.28446, 33.37754], [-94.28759, 33.37714], [-94.29088, 33.37718], [-94.29525, 33.3776], [-94.29906, 33.37797], [-94.30241, 33.37624], [-94.30495, 33.3749], [-94.30837, 33.37311], [-94.31169, 33.37139], [-94.31594, 33.36917], [-94.31912, 33.36748], [-94.3224, 33.36578], [-94.32616, 33.36381], [-94.33005, 33.36178], [-94.33401, 33.35971], [-94.33775, 33.35776], [-94.3414, 33.35586], [-94.34545, 33.35374], [-94.34923, 33.35175], [-94.35269, 33.34996], [-94.35526, 33.34863], [-94.35882, 33.34676], [-94.36304, 33.34529], [-94.36759, 33.3437], [-94.37196, 33.34217], [-94.37583, 33.34082], [-94.38025, 33.33928], [-94.3836, 33.33811], [-94.38787, 33.33658], [-94.39172, 33.33522], [-94.39582, 33.33456], [-94.3992, 33.33399], [-94.40272, 33.3334], [-94.40696, 33.3327], [-94.41098, 33.33201], [-94.41472, 33.33138], [-94.41814, 33.33081], [-94.42145, 33.33025], [-94.42532, 33.3296], [-94.42917, 33.32895], [-94.43296, 33.32833], [-94.43687, 33.32783], [-94.44083, 33.32733], [-94.44465, 33.32686], [-94.4482, 33.32623], [-94.45116, 33.32532], [-94.45488, 33.32417], [-94.45913, 33.32342], [-94.46272, 33.32278], [-94.46718, 33.32199], [-94.47068, 33.32136], [-94.47414, 33.32076], [-94.47853, 33.31998], [-94.48257, 33.31927], [-94.48625, 33.31862], [-94.48657, 33.31566], [-94.48703, 33.31185], [-94.48745, 33.30807], [-94.48793, 33.30416], [-94.48836, 33.30025], [-94.48882, 33.29633], [-94.48926, 33.29242], [-94.48965, 33.28908], [-94.48996, 33.28628], [-94.49041, 33.28247], [-94.49079, 33.27907], [-94.49119, 33.27567], [-94.49155, 33.27249], [-94.49191, 33.26929], [-94.49221, 33.26665], [-94.49252, 33.26394], [-94.49292, 33.26039], [-94.49338, 33.25993], [-94.49519, 33.2581], [-94.49781, 33.25548], [-94.50049, 33.25274], [-94.50327, 33.24993], [-94.5064, 33.24677], [-94.50929, 33.24382], [-94.51216, 33.24095], [-94.51515, 33.23789], [-94.51811, 33.23489], [-94.52094, 33.23202], [-94.52329, 33.23005], [-94.52509, 33.22854], [-94.52798, 33.22615], [-94.53055, 33.22451], [-94.5332, 33.22283], [-94.53683, 33.22056], [-94.54035, 33.21753], [-94.54327, 33.21501], [-94.54594, 33.21272], [-94.54898, 33.21012], [-94.55142, 33.20801], [-94.55461, 33.20526], [-94.55697, 33.20323], [-94.55966, 33.20091], [-94.5634, 33.19768], [-94.56695, 33.19465], [-94.56983, 33.19216], [-94.57241, 33.18993], [-94.57606, 33.18881], [-94.58005, 33.18758], [-94.58255, 33.18681], [-94.58586, 33.18578], [-94.59069, 33.1843], [-94.59458, 33.1831], [-94.59737, 33.18224], [-94.60222, 33.18074], [-94.60553, 33.17971], [-94.61023, 33.17826], [-94.61478, 33.17686], [-94.61944, 33.17542], [-94.62404, 33.17399], [-94.62786, 33.17281], [-94.63132, 33.17176], [-94.63524, 33.17055], [-94.64016, 33.16902], [-94.64377, 33.1679], [-94.64764, 33.16671], [-94.65191, 33.16538], [-94.65415, 33.16228], [-94.65655, 33.15898], [-94.6592, 33.15552], [-94.66256, 33.15289], [-94.66543, 33.1506], [-94.66462, 33.14885], [-94.66317, 33.14575], [-94.6618, 33.14281], [-94.66056, 33.14013], [-94.6593, 33.13746], [-94.65796, 33.13456], [-94.65656, 33.13156], [-94.65508, 33.1284], [-94.65365, 33.12532], [-94.6522, 33.12224], [-94.65102, 33.11969], [-94.64983, 33.11713], [-94.64863, 33.11458], [-94.64739, 33.11192], [-94.64568, 33.10819], [-94.64427, 33.10541], [-94.64388, 33.10443], [-94.64582, 33.10453], [-94.64896, 33.10461], [-94.65255, 33.1047], [-94.65522, 33.10478], [-94.65848, 33.10484], [-94.66192, 33.1049], [-94.66548, 33.10443], [-94.66916, 33.10394], [-94.67304, 33.10343], [-94.67676, 33.10291], [-94.68008, 33.10247], [-94.68374, 33.10199], [-94.68705, 33.10155], [-94.69055, 33.10109], [-94.69413, 33.10061], [-94.69779, 33.10013], [-94.70114, 33.09969], [-94.70344, 33.09939], [-94.70683, 33.09894], [-94.70997, 33.09742], [-94.71318, 33.09584], [-94.71666, 33.09418], [-94.72041, 33.09239], [-94.72394, 33.09068], [-94.72762, 33.08889], [-94.73109, 33.08723], [-94.73418, 33.08575], [-94.73713, 33.08432], [-94.74047, 33.0827], [-94.74382, 33.08105], [-94.74721, 33.07942], [-94.75093, 33.07764], [-94.7545, 33.07593], [-94.75753, 33.07448], [-94.75995, 33.07332], [-94.76251, 33.07209], [-94.76586, 33.07048], [-94.76866, 33.06914], [-94.77165, 33.06771], [-94.77479, 33.0662], [-94.77794, 33.06469], [-94.78136, 33.06305], [-94.785, 33.06131], [-94.78819, 33.05976], [-94.79134, 33.05823], [-94.79476, 33.05659], [-94.79803, 33.05502], [-94.80031, 33.05392], [-94.80346, 33.05416], [-94.80672, 33.05443], [-94.80985, 33.05467], [-94.81338, 33.05496], [-94.81679, 33.05524], [-94.81894, 33.05541], [-94.82119, 33.05523], [-94.82431, 33.05497], [-94.82777, 33.05495], [-94.83361, 33.05493], [-94.83643, 33.05499], [-94.83677, 33.05497], [-94.83754, 33.05506]]}, "properties": {"owner": "BOWIE-CASS ELECTRIC COOP, INC", "voltage_kv": 345.0}}, {"type": "Feature", "geometry": {"type": "LineString", "coordinates": [[-96.51831, 31.96397], [-96.5185, 31.96478], [-96.51786, 31.96553], [-96.68595, 32.0783], [-96.6907, 32.08139], [-96.69237, 32.0832], [-96.69735, 32.08894], [-96.72615, 32.1115], [-96.75994, 32.13883], [-96.78791, 32.16183], [-96.81492, 32.18403], [-96.83385, 32.19947], [-96.84572, 32.20902], [-96.86264, 32.22351], [-96.87632, 32.23502], [-96.8988, 32.25422], [-96.92164, 32.27348], [-96.9383, 32.2871], [-96.96437, 32.30801], [-96.99074, 32.33098], [-97.01133, 32.34929], [-97.07113, 32.44024], [-97.07129, 32.44048], [-97.07293, 32.4432], [-97.07278, 32.44395]]}, "properties": {"owner": "NAVARRO COUNTY ELEC COOP, INC", "voltage_kv": 345.0}}, {"type": "Feature", "geometry": {"type": "LineString", "coordinates": [[-96.1328, 31.37132], [-96.13275, 31.37113], [-96.1328, 31.37081], [-96.13223, 31.36797], [-96.11601, 31.29769], [-96.11564, 31.29555], [-96.10951, 31.26887], [-96.10831, 31.26332], [-96.09461, 31.20426], [-96.08063, 31.14449], [-96.07228, 31.10867], [-96.06572, 31.08065], [-96.0533, 31.02944], [-96.0463, 30.99763], [-96.04249, 30.98069], [-96.03988, 30.97024], [-96.03845, 30.96401], [-96.03533, 30.9499], [-96.03288, 30.93964], [-96.02837, 30.91787], [-96.02623, 30.89736], [-96.01404, 30.84772], [-95.9837, 30.71455], [-95.97334, 30.66816], [-95.97472, 30.66376], [-95.97472, 30.66218], [-95.97332, 30.66141]]}, "properties": {"owner": "ENTERGY TEXAS INC.", "voltage_kv": 345.0}}, {"type": "Feature", "geometry": {"type": "LineString", "coordinates": [[-94.83754, 33.05506], [-94.83677, 33.05594], [-94.8367, 33.05866], [-94.83118, 33.06203], [-94.82768, 33.06401], [-94.82439, 33.06588], [-94.82057, 33.06806], [-94.8168, 33.07024], [-94.81356, 33.07213], [-94.80955, 33.07448], [-94.80573, 33.0767], [-94.80156, 33.07848], [-94.79759, 33.0802], [-94.79478, 33.0814], [-94.7915, 33.08278], [-94.78821, 33.08476], [-94.78449, 33.08694], [-94.78316, 33.08772], [-94.78095, 33.08902], [-94.77808, 33.09072], [-94.77604, 33.09192], [-94.77165, 33.0945], [-94.76855, 33.09633], [-94.76587, 33.09789], [-94.76313, 33.0995], [-94.75948, 33.10165], [-94.75586, 33.10378], [-94.75189, 33.1061], [-94.74756, 33.10864], [-94.74384, 33.11085], [-94.74084, 33.11263], [-94.73837, 33.11408], [-94.73488, 33.11615], [-94.73124, 33.11828], [-94.72764, 33.12043], [-94.72368, 33.12155], [-94.71906, 33.12291], [-94.71426, 33.12433], [-94.71117, 33.12524], [-94.70798, 33.12616], [-94.70482, 33.1274], [-94.70161, 33.12867], [-94.69864, 33.12953], [-94.69441, 33.13026], [-94.69045, 33.13094], [-94.68712, 33.13358], [-94.68438, 33.13575], [-94.68232, 33.13735], [-94.68036, 33.1394], [-94.67787, 33.14198], [-94.67512, 33.1448], [-94.67284, 33.14721], [-94.67034, 33.14979], [-94.66759, 33.15031], [-94.66563, 33.15069], [-94.66627, 33.15201], [-94.66742, 33.15438], [-94.66887, 33.15706], [-94.67038, 33.15967], [-94.67176, 33.16305], [-94.67315, 33.16649], [-94.67424, 33.16923], [-94.67533, 33.17198], [-94.67673, 33.17349], [-94.67917, 33.17623], [-94.68143, 33.17873], [-94.68389, 33.1815], [-94.68597, 33.18383], [-94.68859, 33.18676], [-94.6907, 33.18914], [-94.69255, 33.19119], [-94.69444, 33.19329], [-94.69651, 33.19558], [-94.69678, 33.19876], [-94.69705, 33.20181], [-94.69736, 33.20495], [-94.69768, 33.20837], [-94.69801, 33.21163], [-94.6983, 33.21451], [-94.69862, 33.21807], [-94.69888, 33.22108], [-94.69921, 33.2245], [-94.69952, 33.22762], [-94.6999, 33.23134], [-94.7001, 33.23358], [-94.7004, 33.23677], [-94.70077, 33.24069], [-94.70103, 33.24339], [-94.70119, 33.24522], [-94.70152, 33.24839], [-94.70179, 33.25128], [-94.70211, 33.25476], [-94.70242, 33.25781], [-94.70273, 33.2611], [-94.70305, 33.2644], [-94.70336, 33.26768], [-94.70367, 33.27097], [-94.70398, 33.27412], [-94.70423, 33.27755], [-94.7046, 33.28056], [-94.70489, 33.28385], [-94.70522, 33.28712], [-94.70553, 33.29041], [-94.70583, 33.2937], [-94.7061, 33.29643], [-94.70637, 33.29903], [-94.70657, 33.30135], [-94.70693, 33.30507], [-94.70722, 33.30818], [-94.7075, 33.31091], [-94.70778, 33.31403], [-94.7081, 33.31731], [-94.70844, 33.32072], [-94.70873, 33.32389], [-94.70906, 33.32729], [-94.70937, 33.33057], [-94.70972, 33.33414], [-94.70988, 33.3359], [-94.70997, 33.33687], [-94.71033, 33.34041], [-94.71061, 33.34334], [-94.71093, 33.34663], [-94.71122, 33.34963], [-94.71155, 33.35318], [-94.7119, 33.35668], [-94.71222, 33.3603], [-94.71253, 33.36323], [-94.71283, 33.36637], [-94.71312, 33.36931], [-94.71337, 33.37192], [-94.71363, 33.37464], [-94.71396, 33.37805], [-94.71427, 33.38132], [-94.71459, 33.3846], [-94.7149, 33.38789], [-94.71522, 33.39116], [-94.71554, 33.39445], [-94.71585, 33.39773], [-94.71617, 33.40101], [-94.71651, 33.40446], [-94.71681, 33.40774], [-94.71714, 33.41102], [-94.71748, 33.4143], [-94.71775, 33.41744], [-94.71812, 33.42115], [-94.71838, 33.42389], [-94.71866, 33.42689], [-94.71889, 33.42916], [-94.71918, 33.43208], [-94.71959, 33.43403], [-94.71989, 33.43427]]}, "properties": {"owner": "BOWIE-CASS ELECTRIC COOP, INC", "voltage_kv": 345.0}}, {"type": "Feature", "geometry": {"type": "LineString", "coordinates": [[-95.25346, 32.41989], [-95.2536, 32.42036], [-95.25511, 32.42231], [-95.25507, 32.43821], [-95.25484, 32.46244], [-95.25408, 32.48386], [-95.25386, 32.49018], [-95.25389, 32.49583], [-95.2534, 32.50714], [-95.28807, 32.52984], [-95.29667, 32.53459], [-95.29905, 32.53593], [-95.3043, 32.53938], [-95.30729, 32.54132], [-95.32435, 32.55244], [-95.35953, 32.57052], [-95.40768, 32.6036], [-95.47742, 32.6059], [-95.50911, 32.61744], [-95.52656, 32.62982], [-95.55501, 32.63696], [-95.59759, 32.65113], [-95.60751, 32.65452], [-95.61411, 32.65705], [-95.65549, 32.66657], [-95.67817, 32.6901], [-95.68405, 32.69617], [-95.73098, 32.71491], [-95.82686, 32.73804], [-95.85297, 32.74671], [-95.85829, 32.74595], [-95.93091, 32.75824], [-95.97951, 32.76975], [-96.06973, 32.77761], [-96.14366, 32.78597], [-96.15523, 32.78735], [-96.16042, 32.80199], [-96.20263, 32.84004], [-96.20821, 32.8458], [-96.2235, 32.85905], [-96.23632, 32.86672], [-96.24574, 32.88248], [-96.26215, 32.89619], [-96.31863, 32.91643], [-96.32965, 32.92475], [-96.35045, 32.94256], [-96.35071, 32.95946], [-96.35025, 32.96643], [-96.34965, 32.9685], [-96.35077, 32.96925]]}, "properties": {"owner": "ONCOR ELECTRIC DELIVERY CO.", "voltage_kv": 345.0}}, {"type": "Feature", "geometry": {"type": "LineString", "coordinates": [[-94.55103, 32.84932], [-94.55131, 32.84996], [-94.55274, 32.85539], [-94.55343, 32.85807], [-94.55409, 32.8606], [-94.55487, 32.86354], [-94.55555, 32.86613], [-94.55626, 32.86882], [-94.55712, 32.87203], [-94.55767, 32.87408], [-94.55811, 32.87603], [-94.56047, 32.878], [-94.56257, 32.87982], [-94.5646, 32.88159], [-94.56675, 32.88342], [-94.56735, 32.88624], [-94.56806, 32.88946], [-94.56855, 32.89169], [-94.56927, 32.89483], [-94.56992, 32.89779], [-94.57058, 32.9008], [-94.57111, 32.90316], [-94.57153, 32.90537], [-94.5721, 32.90845], [-94.5727, 32.9117], [-94.57325, 32.91456], [-94.57387, 32.91782], [-94.57446, 32.92108], [-94.57504, 32.92419], [-94.57563, 32.92739], [-94.57614, 32.9301], [-94.57663, 32.93278], [-94.57725, 32.93603], [-94.57786, 32.93928], [-94.57844, 32.94256], [-94.57898, 32.94535], [-94.5796, 32.94863], [-94.58017, 32.95172], [-94.58076, 32.95494], [-94.58133, 32.95808], [-94.58178, 32.96044], [-94.58247, 32.96403], [-94.58305, 32.9669], [-94.58369, 32.96985], [-94.58436, 32.97308], [-94.58506, 32.97631], [-94.58574, 32.97956], [-94.58631, 32.98226], [-94.58709, 32.98593], [-94.58786, 32.98952], [-94.58862, 32.99316], [-94.58933, 32.99661], [-94.58994, 32.99963], [-94.58995, 32.99964], [-94.59142, 33.00239], [-94.59267, 33.00487], [-94.59398, 33.00738], [-94.59534, 33.01004], [-94.59705, 33.01335], [-94.59845, 33.01607], [-94.59977, 33.01859], [-94.601, 33.02108], [-94.60264, 33.02425], [-94.60412, 33.02712], [-94.60525, 33.02932], [-94.6068, 33.03237], [-94.60812, 33.03488], [-94.60982, 33.03815], [-94.6112, 33.04093], [-94.61251, 33.04344], [-94.6138, 33.04599], [-94.61523, 33.04874], [-94.6167, 33.05153], [-94.61796, 33.05405], [-94.61926, 33.05656], [-94.62054, 33.05909], [-94.62208, 33.06212], [-94.62366, 33.06515], [-94.62508, 33.06794], [-94.62646, 33.07067], [-94.62791, 33.07342], [-94.62917, 33.07596], [-94.63049, 33.07854], [-94.63196, 33.08136], [-94.63361, 33.08456], [-94.63528, 33.08784], [-94.63668, 33.09061], [-94.63843, 33.09404], [-94.63978, 33.09666], [-94.64147, 33.09993], [-94.64289, 33.1027], [-94.64383, 33.10432], [-94.64582, 33.10443], [-94.64896, 33.10451], [-94.65256, 33.1046], [-94.65522, 33.10468], [-94.65848, 33.10474], [-94.66191, 33.1048], [-94.66547, 33.10433], [-94.66914, 33.10384], [-94.67303, 33.10333], [-94.67674, 33.10281], [-94.68007, 33.10237], [-94.68373, 33.10189], [-94.68704, 33.10145], [-94.69054, 33.10099], [-94.69412, 33.10051], [-94.69778, 33.10003], [-94.70113, 33.09959], [-94.70342, 33.09929], [-94.70681, 33.09884], [-94.70993, 33.09733], [-94.71313, 33.09575], [-94.71662, 33.09409], [-94.72036, 33.0923], [-94.7239, 33.09059], [-94.72757, 33.0888], [-94.73105, 33.08714], [-94.73414, 33.08566], [-94.73709, 33.08423], [-94.74043, 33.08261], [-94.74377, 33.08096], [-94.74717, 33.07933], [-94.75088, 33.07755], [-94.75446, 33.07584], [-94.75749, 33.07439], [-94.7599, 33.07323], [-94.76246, 33.072], [-94.76582, 33.07039], [-94.76862, 33.06905], [-94.77161, 33.06762], [-94.77475, 33.06611], [-94.77789, 33.0646], [-94.78131, 33.06296], [-94.78496, 33.06122], [-94.78815, 33.05967], [-94.7913, 33.05814], [-94.79472, 33.0565], [-94.79798, 33.05493], [-94.80029, 33.05381], [-94.80347, 33.05406], [-94.80672, 33.05433], [-94.80985, 33.05458], [-94.81338, 33.05486], [-94.8168, 33.05514], [-94.81894, 33.05531], [-94.82118, 33.05513], [-94.82431, 33.05487], [-94.82777, 33.05485], [-94.83361, 33.05483], [-94.83642, 33.05463], [-94.83677, 33.05461], [-94.83754, 33.05506]]}, "properties": {"owner": "SOUTHWESTERN ELECTRIC POWER CO", "voltage_kv": 345.0}}, {"type": "Feature", "geometry": {"type": "LineString", "coordinates": [[-96.10575, 32.12632], [-96.10592, 32.12677], [-96.10475, 32.13079], [-96.10343, 32.13333], [-96.1002, 32.14345], [-96.10022, 32.16456], [-96.1495, 32.21534], [-96.21469, 32.25828], [-96.24009, 32.28141], [-96.24244, 32.28326], [-96.24491, 32.28492], [-96.24775, 32.28664], [-96.27296, 32.29859], [-96.27569, 32.30019], [-96.28728, 32.3082], [-96.32719, 32.33675], [-96.33257, 32.34053], [-96.34896, 32.35203], [-96.41051, 32.44344], [-96.43499, 32.4796], [-96.48646, 32.52052], [-96.50623, 32.53624], [-96.53078, 32.54896], [-96.53718, 32.55313], [-96.5375, 32.55367]]}, "properties": {"owner": "ONCOR ELECTRIC DELIVERY CO.", "voltage_kv": 345.0}}, {"type": "Feature", "geometry": {"type": "LineString", "coordinates": [[-95.14821, 32.11284], [-95.14864, 32.11321], [-95.1505, 32.11531], [-95.15265, 32.11773], [-95.15616, 32.12186], [-95.16807, 32.13556], [-95.17619, 32.14505], [-95.18198, 32.15177], [-95.18723, 32.15782], [-95.20068, 32.17329], [-95.2085, 32.18196], [-95.21515, 32.18931]]}, "properties": {"owner": "ONCOR ELECTRIC DELIVERY CO.", "voltage_kv": 345.0}}, {"type": "Feature", "geometry": {"type": "LineString", "coordinates": [[-96.51831, 31.96397], [-96.51876, 31.96504], [-96.51829, 31.96551], [-96.51864, 31.96575], [-96.52144, 31.96766], [-96.52448, 31.96971], [-96.52737, 31.9717], [-96.53023, 31.97365], [-96.53218, 31.975], [-96.5341, 31.97636], [-96.53671, 31.97819], [-96.53693, 31.97889], [-96.53715, 31.97962], [-96.54022, 31.98177], [-96.54314, 31.98382], [-96.54612, 31.98593], [-96.54911, 31.98803], [-96.5521, 31.99015], [-96.55507, 31.99224], [-96.55799, 31.99431], [-96.5606, 31.99614], [-96.56219, 31.99852], [-96.5639, 32.00108], [-96.56507, 32.00403], [-96.56626, 32.00698], [-96.56745, 32.00996], [-96.56898, 32.01272], [-96.57046, 32.01539], [-96.57209, 32.01833], [-96.57355, 32.02099], [-96.57516, 32.02335], [-96.57603, 32.02591], [-96.57688, 32.02839], [-96.57777, 32.03095], [-96.57856, 32.03334], [-96.57951, 32.03607], [-96.58053, 32.03912], [-96.58163, 32.04228], [-96.58234, 32.04448], [-96.58371, 32.04644], [-96.5856, 32.04924], [-96.58743, 32.05197], [-96.58931, 32.05472], [-96.59111, 32.05738], [-96.59267, 32.05968], [-96.59423, 32.06196], [-96.59622, 32.06489], [-96.59802, 32.06755], [-96.60001, 32.07047], [-96.6016, 32.07281], [-96.60343, 32.07549], [-96.60513, 32.07803], [-96.60661, 32.08018], [-96.60844, 32.08276], [-96.60997, 32.08495], [-96.61172, 32.08743], [-96.61358, 32.0901], [-96.61542, 32.09276], [-96.61719, 32.09531], [-96.61912, 32.09807], [-96.62098, 32.10077], [-96.62257, 32.10307], [-96.62401, 32.10514], [-96.62575, 32.10766], [-96.62778, 32.11058], [-96.62952, 32.11308], [-96.63128, 32.11561], [-96.6333, 32.1185], [-96.63515, 32.12115], [-96.63719, 32.12405], [-96.63904, 32.12669], [-96.64106, 32.12957], [-96.64293, 32.13224], [-96.6448, 32.13494], [-96.64677, 32.13774], [-96.6458, 32.14082], [-96.64482, 32.14389], [-96.64381, 32.14705], [-96.64285, 32.15003], [-96.64188, 32.1531], [-96.64342, 32.15534], [-96.64501, 32.1577], [-96.6469, 32.16045], [-96.64882, 32.16329], [-96.65069, 32.16607], [-96.65235, 32.16857], [-96.6541, 32.17111], [-96.65569, 32.17348], [-96.65731, 32.17585], [-96.65906, 32.17842], [-96.66099, 32.18126], [-96.66246, 32.18345], [-96.66398, 32.18568], [-96.66574, 32.18828], [-96.66722, 32.19046], [-96.6687, 32.19267], [-96.67047, 32.19529], [-96.67241, 32.19813], [-96.67413, 32.20069], [-96.67666, 32.20253], [-96.67921, 32.20447], [-96.68102, 32.2071], [-96.68299, 32.20995], [-96.68482, 32.21261], [-96.68678, 32.21547], [-96.68865, 32.21822], [-96.69041, 32.22077], [-96.69212, 32.22325], [-96.69397, 32.22594], [-96.69537, 32.22798], [-96.69699, 32.23039], [-96.69886, 32.23313], [-96.70081, 32.23597], [-96.70263, 32.23864], [-96.70436, 32.24115], [-96.70579, 32.24324], [-96.70756, 32.24584], [-96.70948, 32.24867], [-96.71137, 32.25143], [-96.7133, 32.25425], [-96.71519, 32.25701], [-96.71704, 32.25969], [-96.71872, 32.26217], [-96.72059, 32.26491], [-96.72246, 32.26763], [-96.72437, 32.27042], [-96.72624, 32.27319], [-96.72805, 32.27581], [-96.73004, 32.27872], [-96.73184, 32.28137], [-96.73377, 32.28418], [-96.73559, 32.28683], [-96.73758, 32.28975], [-96.7394, 32.29241], [-96.74139, 32.29533], [-96.74321, 32.29799], [-96.74518, 32.30086], [-96.74646, 32.30284], [-96.7438, 32.30417], [-96.74132, 32.30535], [-96.7394, 32.30689], [-96.73764, 32.30984], [-96.73487, 32.3112], [-96.73157, 32.31279], [-96.73169, 32.31547], [-96.73176, 32.31797], [-96.73306, 32.32022], [-96.73436, 32.32247], [-96.73578, 32.32496], [-96.73734, 32.32766], [-96.73637, 32.33016], [-96.7354, 32.33264], [-96.73444, 32.33511], [-96.73322, 32.33822], [-96.73207, 32.34118], [-96.73083, 32.34435], [-96.72968, 32.34729], [-96.72847, 32.3504], [-96.72728, 32.35343], [-96.7261, 32.35645], [-96.72502, 32.35924], [-96.72378, 32.36242], [-96.72263, 32.36539], [-96.7214, 32.36849], [-96.72023, 32.37148], [-96.71901, 32.37462], [-96.71793, 32.37736], [-96.71672, 32.38048], [-96.71555, 32.38349], [-96.7144, 32.38642], [-96.71325, 32.38933], [-96.712, 32.39254], [-96.71113, 32.39477], [-96.71019, 32.39718], [-96.70915, 32.39984], [-96.70805, 32.40261], [-96.70703, 32.4052], [-96.70655, 32.40742], [-96.70593, 32.41018], [-96.70537, 32.41272], [-96.70462, 32.41603], [-96.70396, 32.41905], [-96.70325, 32.42226], [-96.70253, 32.42544], [-96.70186, 32.42854], [-96.70115, 32.43173], [-96.70052, 32.43448], [-96.69979, 32.43773], [-96.69919, 32.44048], [-96.69847, 32.44363], [-96.69776, 32.44682], [-96.69961, 32.44958], [-96.70153, 32.45235], [-96.70341, 32.45517], [-96.70521, 32.45778], [-96.70703, 32.46045], [-96.70558, 32.46323], [-96.70422, 32.46587], [-96.70272, 32.46876], [-96.70135, 32.4714], [-96.70019, 32.47363], [-96.69911, 32.47572], [-96.69759, 32.47866], [-96.69619, 32.48114], [-96.69446, 32.48413], [-96.69615, 32.48661], [-96.69768, 32.48887], [-96.6993, 32.49124], [-96.70114, 32.49393], [-96.70297, 32.49666], [-96.70468, 32.49919], [-96.70739, 32.50158], [-96.70947, 32.50338], [-96.71093, 32.50558], [-96.71281, 32.50834], [-96.71471, 32.51116], [-96.71654, 32.51389], [-96.71842, 32.51666], [-96.72032, 32.51946], [-96.72221, 32.52227], [-96.72408, 32.52504], [-96.72602, 32.52786], [-96.72787, 32.53064], [-96.72977, 32.53345], [-96.73166, 32.53623], [-96.73357, 32.53907], [-96.73546, 32.54184], [-96.7373, 32.54462], [-96.7361, 32.54746], [-96.73484, 32.55037], [-96.73359, 32.55336], [-96.73249, 32.55587], [-96.73166, 32.55773], [-96.72663, 32.55769], [-96.72618, 32.55854]]}, "properties": {"owner": "ONCOR ELECTRIC DELIVERY COMPANY LLC", "voltage_kv": 345.0}}]}