{"type": "FeatureCollection", "features": [{"type": "Feature", "geometry": {"type": "LineString", "coordinates": [[-99.43303, 44.1291], [-99.43496, 44.13053], [-99.43501, 44.13172], [-99.43598, 44.13174], [-99.43595, 44.13283]]}, "properties": {"owner": "WAPA-- WESTERN AREA POWER ADMINISTRATION", "voltage_kv": 230.0}}, {"type": "Feature", "geometry": {"type": "LineString", "coordinates": [[-100.39042, 44.44918], [-100.39075, 44.4488], [-100.39122, 44.44884], [-100.39153, 44.44887], [-100.39494, 44.44914], [-100.3996, 44.44862], [-100.40272, 44.4468], [-100.40602, 44.4449], [-100.40932, 44.44301], [-100.41242, 44.44121], [-100.41528, 44.43954], [-100.41866, 44.43758], [-100.42206, 44.4356], [-100.42562, 44.43355], [-100.42804, 44.43214], [-100.42877, 44.43171], [-100.43204, 44.42982], [-100.43544, 44.42785], [-100.43886, 44.42588], [-100.44185, 44.42415], [-100.44543, 44.42208], [-100.44853, 44.42027], [-100.45137, 44.41864], [-100.45419, 44.417], [-100.4581, 44.41555], [-100.462, 44.41409], [-100.4664, 44.4141], [-100.47043, 44.4141], [-100.47499, 44.41411], [-100.47959, 44.41412], [-100.48397, 44.41413], [-100.48839, 44.41415], [-100.49279, 44.41414], [-100.49699, 44.41415], [-100.50128, 44.41416], [-100.50562, 44.41416], [-100.51019, 44.41417], [-100.51479, 44.41418], [-100.51942, 44.41418], [-100.52381, 44.41418], [-100.52794, 44.41419], [-100.53194, 44.41306], [-100.53567, 44.41199], [-100.53819, 44.41075], [-100.54087, 44.40945], [-100.54463, 44.40759], [-100.54842, 44.40574], [-100.55174, 44.40411], [-100.55554, 44.40226], [-100.55854, 44.40079], [-100.56232, 44.39895], [-100.56518, 44.39756], [-100.56819, 44.39609], [-100.57088, 44.39477], [-100.57403, 44.39323], [-100.57751, 44.39154], [-100.58067, 44.38999], [-100.58445, 44.38815], [-100.5879, 44.38647], [-100.59106, 44.38491], [-100.59456, 44.38322], [-100.59771, 44.38168], [-100.60051, 44.38031], [-100.60272, 44.37922], [-100.60684, 44.37773], [-100.61083, 44.37627], [-100.61493, 44.37479], [-100.61956, 44.37461], [-100.62328, 44.37446], [-100.62698, 44.37432], [-100.6313, 44.37434], [-100.63567, 44.37436], [-100.63951, 44.37438], [-100.64388, 44.3744], [-100.6477, 44.37443], [-100.65135, 44.37446], [-100.65535, 44.37448], [-100.65928, 44.3745], [-100.66395, 44.37453], [-100.66867, 44.37455], [-100.67249, 44.37458], [-100.67676, 44.3746], [-100.68097, 44.37462], [-100.68474, 44.37464], [-100.68856, 44.37466], [-100.69245, 44.37468], [-100.69694, 44.3747], [-100.70097, 44.37472], [-100.70537, 44.37474], [-100.70977, 44.37477], [-100.71417, 44.37479], [-100.71837, 44.37482], [-100.72218, 44.37483], [-100.72636, 44.37485], [-100.72943, 44.37487], [-100.73362, 44.3749], [-100.73783, 44.37492], [-100.74185, 44.37494], [-100.74644, 44.37496], [-100.74988, 44.37497], [-100.75446, 44.375], [-100.75817, 44.37502], [-100.7625, 44.37503], [-100.76614, 44.37505], [-100.76958, 44.37507], [-100.77318, 44.37509], [-100.7767, 44.3751], [-100.78066, 44.37512], [-100.78482, 44.37515], [-100.78907, 44.37378], [-100.79324, 44.37245], [-100.79724, 44.37115], [-100.8011, 44.36993], [-100.80505, 44.36866], [-100.80973, 44.36717], [-100.81317, 44.36606], [-100.81646, 44.36501], [-100.82101, 44.36356], [-100.82434, 44.3625], [-100.82728, 44.36156], [-100.83217, 44.35996], [-100.83646, 44.35858], [-100.84072, 44.35858], [-100.8449, 44.35857], [-100.84933, 44.35856], [-100.8539, 44.35856], [-100.85826, 44.35855], [-100.86289, 44.35854], [-100.86731, 44.35854], [-100.87185, 44.35852], [-100.87588, 44.35853], [-100.88048, 44.35852], [-100.88469, 44.35852], [-100.88847, 44.35851], [-100.89193, 44.35849], [-100.89613, 44.35849], [-100.90071, 44.35849], [-100.90494, 44.35847], [-100.90912, 44.35847], [-100.91313, 44.35846], [-100.91659, 44.35846], [-100.921, 44.35845], [-100.92519, 44.35844], [-100.92963, 44.35843], [-100.93303, 44.35843], [-100.93642, 44.35842], [-100.94068, 44.35841], [-100.94487, 44.3584], [-100.94907, 44.35839], [-100.95328, 44.35838], [-100.95768, 44.35837], [-100.96186, 44.35836], [-100.96599, 44.35836], [-100.97037, 44.35834], [-100.97435, 44.35833], [-100.97867, 44.35832], [-100.98287, 44.35831], [-100.98728, 44.35831], [-100.99167, 44.3583], [-100.99512, 44.35828], [-100.99947, 44.35827], [-101.0029, 44.35825], [-101.00713, 44.35824], [-101.01137, 44.35824], [-101.01536, 44.35822], [-101.01964, 44.35822], [-101.02377, 44.3582], [-101.02796, 44.35819], [-101.03237, 44.35817], [-101.03694, 44.35816], [-101.04082, 44.35815], [-101.04492, 44.35814], [-101.04941, 44.35813], [-101.05357, 44.35811], [-101.05701, 44.3581], [-101.06052, 44.3581], [-101.06427, 44.35808], [-101.06868, 44.35722], [-101.07311, 44.35636], [-101.07757, 44.35633], [-101.08215, 44.3563], [-101.08629, 44.35627], [-101.09048, 44.35625], [-101.09442, 44.35622], [-101.09851, 44.35619], [-101.10271, 44.35615], [-101.10665, 44.35614], [-101.11124, 44.3561], [-101.11584, 44.35606], [-101.12004, 44.35603], [-101.12432, 44.356], [-101.12851, 44.35597], [-101.13285, 44.35594], [-101.13707, 44.35548], [-101.14141, 44.35501], [-101.14574, 44.35451], [-101.14956, 44.3541], [-101.15385, 44.35362], [-101.15783, 44.35319], [-101.162, 44.35273], [-101.16613, 44.35227], [-101.16992, 44.35185], [-101.17369, 44.35143], [-101.17746, 44.35102], [-101.18094, 44.35064], [-101.18441, 44.35026], [-101.18883, 44.35003], [-101.19264, 44.34984], [-101.19724, 44.3496], [-101.20082, 44.3494], [-101.20453, 44.34923], [-101.20849, 44.34918], [-101.21159, 44.34914], [-101.21532, 44.34909], [-101.21892, 44.34906], [-101.22295, 44.34902], [-101.22719, 44.34896], [-101.23093, 44.34892], [-101.23525, 44.34888], [-101.23956, 44.34881], [-101.2432, 44.34878], [-101.2474, 44.34873], [-101.25159, 44.34868], [-101.2556, 44.34863], [-101.25999, 44.34859], [-101.26397, 44.34854], [-101.26857, 44.34848], [-101.27261, 44.34844], [-101.2772, 44.34838], [-101.28139, 44.34833], [-101.2856, 44.34828], [-101.28939, 44.34824], [-101.29392, 44.34818], [-101.29774, 44.34814], [-101.30122, 44.34809], [-101.30561, 44.34804], [-101.30979, 44.34799], [-101.31384, 44.34794], [-101.31773, 44.3479], [-101.32205, 44.34785], [-101.32657, 44.34779], [-101.33083, 44.34774], [-101.3354, 44.34767], [-101.33924, 44.34763], [-101.34364, 44.34758], [-101.34721, 44.34753], [-101.35127, 44.34747], [-101.3552, 44.34743], [-101.35967, 44.34737], [-101.36368, 44.34732], [-101.36716, 44.34727], [-101.37065, 44.34723], [-101.37417, 44.34719], [-101.37825, 44.34689], [-101.38254, 44.34628], [-101.38667, 44.34573], [-101.39054, 44.34519], [-101.39486, 44.3446], [-101.3986, 44.34409], [-101.40161, 44.34366], [-101.40611, 44.34305], [-101.41068, 44.34242], [-101.41481, 44.34185], [-101.41886, 44.34128], [-101.42336, 44.34067], [-101.42767, 44.34007], [-101.43217, 44.33945], [-101.4363, 44.33888], [-101.44061, 44.33828], [-101.44436, 44.33777], [-101.44841, 44.33721], [-101.45253, 44.33664], [-101.45673, 44.33606], [-101.46078, 44.3355], [-101.46461, 44.33496], [-101.46892, 44.33437], [-101.47296, 44.3338], [-101.47699, 44.33325], [-101.48149, 44.33262], [-101.48598, 44.332], [-101.49047, 44.33138], [-101.49423, 44.33086], [-101.49802, 44.33033], [-101.50155, 44.32984], [-101.50584, 44.32925], [-101.50997, 44.32868], [-101.51371, 44.32816], [-101.51745, 44.32764], [-101.52112, 44.32713], [-101.52406, 44.32663], [-101.528, 44.32597], [-101.53208, 44.32528], [-101.53644, 44.32455], [-101.54071, 44.32383], [-101.54451, 44.3232], [-101.548, 44.32262], [-101.55153, 44.32202], [-101.55484, 44.32146], [-101.5593, 44.32072], [-101.56319, 44.32006], [-101.56566, 44.31965], [-101.5699, 44.31894], [-101.57369, 44.3183], [-101.57807, 44.31757], [-101.58216, 44.31688], [-101.58632, 44.31618], [-101.59033, 44.31551], [-101.59478, 44.31476], [-101.59907, 44.31404], [-101.6035, 44.31329], [-101.60713, 44.31268], [-101.61095, 44.31203], [-101.61543, 44.31128], [-101.61946, 44.3106], [-101.62394, 44.30985], [-101.6284, 44.30911], [-101.63234, 44.30844], [-101.63615, 44.30779], [-101.63977, 44.30718], [-101.64396, 44.30648], [-101.64664, 44.30603], [-101.65028, 44.30541], [-101.65326, 44.30509], [-101.65644, 44.30476], [-101.6605, 44.30434], [-101.66432, 44.30417], [-101.66801, 44.30401], [-101.67178, 44.30408], [-101.67635, 44.30415], [-101.67979, 44.30422], [-101.68376, 44.30429], [-101.68723, 44.30435], [-101.69023, 44.3044], [-101.69393, 44.30447], [-101.69588, 44.30436], [-101.69606, 44.30425]]}, "properties": {"owner": "NOT AVAILABLE", "voltage_kv": 230.0}}, {"type": "Feature", "geometry": {"type": "LineString", "coordinates": [[-96.76951, 42.77446], [-96.76989, 42.7736], [-96.76696, 42.77246], [-96.76362, 42.77123], [-96.7603, 42.76998], [-96.75698, 42.76874], [-96.75366, 42.7675], [-96.75033, 42.76626], [-96.74701, 42.765], [-96.7435, 42.76371], [-96.74035, 42.76252], [-96.73672, 42.76117], [-96.73305, 42.75979], [-96.72956, 42.75849], [-96.72613, 42.75721], [-96.72264, 42.75591], [-96.71917, 42.75461], [-96.71584, 42.75335], [-96.71249, 42.7521], [-96.70906, 42.7508], [-96.70555, 42.7495], [-96.70209, 42.7482], [-96.69857, 42.74686], [-96.6951, 42.74557], [-96.69163, 42.74427], [-96.68817, 42.74299], [-96.68472, 42.74167], [-96.68122, 42.74037], [-96.67774, 42.73907], [-96.67423, 42.73776], [-96.67077, 42.73646], [-96.66727, 42.73515], [-96.66378, 42.73384], [-96.66071, 42.73206], [-96.65765, 42.73029], [-96.65458, 42.72848], [-96.65151, 42.72668], [-96.64843, 42.7249], [-96.64526, 42.72304], [-96.64221, 42.72125], [-96.63915, 42.71946], [-96.6361, 42.71767], [-96.63213, 42.71611], [-96.62825, 42.71454], [-96.62518, 42.71331], [-96.62475, 42.71318], [-96.62404, 42.7129], [-96.62024, 42.71215], [-96.6163, 42.71138], [-96.61237, 42.71058], [-96.60858, 42.70983], [-96.6041, 42.70893], [-96.59997, 42.70812], [-96.596, 42.70733], [-96.59244, 42.70661], [-96.58965, 42.70606], [-96.58644, 42.70486], [-96.584, 42.70393], [-96.58132, 42.70293], [-96.57883, 42.70199], [-96.57592, 42.7009], [-96.57342, 42.69995], [-96.57042, 42.69899], [-96.56723, 42.69762], [-96.56531, 42.69691], [-96.56294, 42.69601], [-96.55961, 42.69476], [-96.55647, 42.69357], [-96.55328, 42.69238], [-96.54999, 42.69117], [-96.54713, 42.69008], [-96.54348, 42.68868], [-96.54156, 42.68795], [-96.53868, 42.68686], [-96.53625, 42.68595], [-96.53395, 42.68508], [-96.53064, 42.68384], [-96.52668, 42.68234], [-96.52379, 42.68126], [-96.52164, 42.68043], [-96.51829, 42.67918], [-96.51584, 42.67826], [-96.51219, 42.67689], [-96.50969, 42.67595], [-96.50639, 42.6747], [-96.50298, 42.67329], [-96.499, 42.67179], [-96.49489, 42.67115], [-96.49181, 42.67059], [-96.48824, 42.66993], [-96.48402, 42.66914], [-96.48054, 42.66849], [-96.47744, 42.66793], [-96.47384, 42.66726], [-96.47061, 42.66667], [-96.46828, 42.66621], [-96.46561, 42.66563], [-96.46278, 42.66503], [-96.45926, 42.66427], [-96.45563, 42.66348], [-96.45319, 42.66294], [-96.4493, 42.66211], [-96.44537, 42.66125], [-96.44181, 42.66047], [-96.4379, 42.65962], [-96.43399, 42.65876], [-96.43006, 42.65791], [-96.42666, 42.65624], [-96.42325, 42.65458], [-96.41986, 42.6529], [-96.41678, 42.65138], [-96.41304, 42.64953], [-96.40971, 42.6479], [-96.40671, 42.64642], [-96.40361, 42.64489], [-96.40052, 42.64336], [-96.39728, 42.64176], [-96.39403, 42.64017], [-96.39058, 42.63839], [-96.3874, 42.63691], [-96.38422, 42.63534], [-96.38156, 42.63403], [-96.37802, 42.63206], [-96.37584, 42.63071], [-96.37276, 42.62856], [-96.37019, 42.62708], [-96.3668, 42.62495], [-96.36308, 42.62267], [-96.35996, 42.62074], [-96.35645, 42.61872], [-96.35449, 42.61774], [-96.35079, 42.61617], [-96.34711, 42.61474], [-96.34359, 42.61354], [-96.3396, 42.61216], [-96.33714, 42.61144], [-96.33501, 42.61073], [-96.33313, 42.60998], [-96.33108, 42.60907], [-96.32851, 42.6078], [-96.32527, 42.6062], [-96.32272, 42.60495], [-96.31932, 42.60326], [-96.31597, 42.60159], [-96.31223, 42.60068], [-96.30798, 42.60027], [-96.30645, 42.60022], [-96.30519, 42.60029]]}, "properties": {"owner": "MIDAMERICAN ENERGY CO", "voltage_kv": 230.0}}, {"type": "Feature", "geometry": {"type": "LineString", "coordinates": [[-98.34138, 44.47072], [-98.3423, 44.47022], [-98.34331, 44.47021], [-98.34577, 44.46903], [-98.34932, 44.46771], [-98.35363, 44.46611], [-98.35803, 44.46447], [-98.36236, 44.46287], [-98.36672, 44.46126], [-98.37136, 44.45981], [-98.37598, 44.45838], [-98.3805, 44.457], [-98.38522, 44.45554], [-98.38977, 44.45416], [-98.39429, 44.45275], [-98.39888, 44.45134], [-98.40351, 44.4499], [-98.40815, 44.44848], [-98.4128, 44.44704], [-98.41742, 44.44562], [-98.42206, 44.44418], [-98.42664, 44.44278], [-98.43085, 44.44146], [-98.4351, 44.44016], [-98.43931, 44.43886], [-98.4437, 44.43751], [-98.44826, 44.43609], [-98.45247, 44.4348], [-98.45735, 44.43327], [-98.46197, 44.43191], [-98.46657, 44.43058], [-98.47012, 44.42953], [-98.47473, 44.4282], [-98.4794, 44.42681], [-98.48407, 44.42546], [-98.48835, 44.42422], [-98.49301, 44.42284], [-98.4977, 44.42148], [-98.50237, 44.42012], [-98.50699, 44.41876], [-98.51141, 44.41747], [-98.51628, 44.41607], [-98.52148, 44.41472], [-98.52598, 44.41355], [-98.5305, 44.41238], [-98.53526, 44.41115], [-98.53981, 44.40995], [-98.54441, 44.40877], [-98.54901, 44.40757], [-98.55363, 44.40638], [-98.55838, 44.40514], [-98.56311, 44.4039], [-98.56766, 44.40274], [-98.57224, 44.40155], [-98.57679, 44.40037], [-98.58039, 44.39943], [-98.58507, 44.39822], [-98.58951, 44.39706], [-98.59349, 44.39603], [-98.59734, 44.39513], [-98.60242, 44.39393], [-98.60679, 44.39291], [-98.61148, 44.3918], [-98.61603, 44.39073], [-98.62044, 44.38969], [-98.62466, 44.38869], [-98.62902, 44.38766], [-98.63339, 44.38663], [-98.63775, 44.3856], [-98.64199, 44.38451], [-98.64631, 44.38339], [-98.65099, 44.38218], [-98.65512, 44.38109], [-98.65978, 44.3799], [-98.66463, 44.37864], [-98.66939, 44.37742], [-98.67414, 44.37619], [-98.67891, 44.37495], [-98.68366, 44.37373], [-98.68837, 44.3725], [-98.69313, 44.37125], [-98.69771, 44.37008], [-98.70225, 44.36888], [-98.70672, 44.36772], [-98.71123, 44.36655], [-98.71572, 44.36538], [-98.7202, 44.36422], [-98.72471, 44.36305], [-98.72848, 44.36206], [-98.73261, 44.361], [-98.73735, 44.35993], [-98.74215, 44.35885], [-98.74621, 44.35794], [-98.75138, 44.3569], [-98.75615, 44.3557], [-98.7606, 44.35447], [-98.76505, 44.35322], [-98.76877, 44.35218], [-98.77255, 44.35113], [-98.77626, 44.35009], [-98.78093, 44.34879], [-98.78552, 44.34749], [-98.79013, 44.34621], [-98.79475, 44.34491], [-98.79939, 44.34361], [-98.80393, 44.34235], [-98.8086, 44.34104], [-98.8124, 44.33998], [-98.81704, 44.33869], [-98.8206, 44.3377], [-98.82425, 44.33668], [-98.8284, 44.33543], [-98.83266, 44.33416], [-98.83686, 44.33291], [-98.84063, 44.33192], [-98.84447, 44.33106], [-98.84852, 44.33031], [-98.85321, 44.32963], [-98.8579, 44.32896], [-98.86278, 44.32825], [-98.86683, 44.32753], [-98.87045, 44.3267], [-98.87442, 44.32564], [-98.8784, 44.32456], [-98.88313, 44.3233], [-98.88786, 44.32202], [-98.89261, 44.32075], [-98.89732, 44.31948], [-98.90203, 44.31822], [-98.90676, 44.31695], [-98.91149, 44.31568], [-98.91518, 44.31455], [-98.92009, 44.31282], [-98.92496, 44.3111], [-98.9292, 44.30939], [-98.93338, 44.3077], [-98.93773, 44.30595], [-98.9421, 44.30419], [-98.94649, 44.3024], [-98.95086, 44.30062], [-98.95525, 44.29885], [-98.95965, 44.29707], [-98.96403, 44.29529], [-98.96785, 44.29374], [-98.97209, 44.29204], [-98.97602, 44.29098], [-98.97987, 44.28996], [-98.98443, 44.28874], [-98.98829, 44.2877], [-98.99295, 44.28646], [-98.99755, 44.28521], [-99.00229, 44.28394], [-99.00692, 44.28272], [-99.01168, 44.28134], [-99.01613, 44.28006], [-99.02056, 44.27878], [-99.02499, 44.27749], [-99.02923, 44.27627], [-99.03348, 44.27504], [-99.03778, 44.27381], [-99.04245, 44.27245], [-99.04669, 44.27122], [-99.05094, 44.26999], [-99.0556, 44.26864], [-99.06019, 44.26731], [-99.06373, 44.26629], [-99.06819, 44.26499], [-99.07251, 44.26375], [-99.07719, 44.26239], [-99.08186, 44.26104], [-99.08654, 44.25968], [-99.09122, 44.25833], [-99.0959, 44.25697], [-99.10056, 44.25562], [-99.10521, 44.25428], [-99.10957, 44.25318], [-99.11431, 44.25198], [-99.119, 44.25079], [-99.12352, 44.24964], [-99.1282, 44.24846], [-99.13269, 44.24731], [-99.13718, 44.24617], [-99.1417, 44.24503], [-99.14602, 44.24393], [-99.15052, 44.24279], [-99.1552, 44.24161], [-99.15986, 44.24042], [-99.16416, 44.23933], [-99.16886, 44.23814], [-99.17351, 44.23696], [-99.17808, 44.23554], [-99.18263, 44.23413], [-99.1872, 44.23271], [-99.19157, 44.23135], [-99.19595, 44.22999], [-99.20049, 44.22858], [-99.20489, 44.22721], [-99.20943, 44.2258], [-99.21362, 44.22451], [-99.21786, 44.2232], [-99.22206, 44.22189], [-99.22662, 44.22048], [-99.23063, 44.21924], [-99.23449, 44.21804], [-99.23904, 44.21662], [-99.24341, 44.21526], [-99.24779, 44.2139], [-99.25216, 44.21254], [-99.2569, 44.21108], [-99.26111, 44.20976], [-99.26466, 44.20817], [-99.26823, 44.20657], [-99.27181, 44.20497], [-99.27537, 44.20339], [-99.27882, 44.20184], [-99.2828, 44.20006], [-99.28671, 44.19831], [-99.29067, 44.19654], [-99.2947, 44.19475], [-99.29865, 44.19297], [-99.30243, 44.19126], [-99.30611, 44.18963], [-99.31044, 44.18768], [-99.31449, 44.18587], [-99.31879, 44.18394], [-99.32324, 44.18195], [-99.32755, 44.18002], [-99.33181, 44.17812], [-99.33591, 44.17627], [-99.34021, 44.17434], [-99.34445, 44.17245], [-99.34867, 44.17056], [-99.35246, 44.16886], [-99.35694, 44.16684], [-99.36141, 44.16484], [-99.36536, 44.16318], [-99.36931, 44.16152], [-99.37324, 44.15987], [-99.37703, 44.15827], [-99.38121, 44.1565], [-99.38506, 44.15489], [-99.38908, 44.15321], [-99.39231, 44.15185], [-99.39612, 44.15025], [-99.40046, 44.14842], [-99.40475, 44.14662], [-99.40904, 44.14482], [-99.41331, 44.14301], [-99.41731, 44.14134], [-99.42191, 44.13941], [-99.42585, 44.13775], [-99.42835, 44.13652], [-99.42906, 44.13617], [-99.43188, 44.13477], [-99.43398, 44.13382], [-99.43568, 44.13364], [-99.43595, 44.13283]]}, "properties": {"owner": "WAPA-- WESTERN AREA POWER ADMINISTRATION", "voltage_kv": 230.0}}, {"type": "Feature", "geometry": {"type": "LineString", "coordinates": [[-96.44996, 43.37602], [-96.4495, 43.3757], [-96.44831, 43.37471], [-96.4454, 43.37236], [-96.44249, 43.36998], [-96.43955, 43.36761], [-96.43645, 43.36542], [-96.43335, 43.36324], [-96.43024, 43.36102], [-96.42711, 43.35881], [-96.42397, 43.3566], [-96.42079, 43.35434], [-96.41771, 43.35217], [-96.41459, 43.34995], [-96.41146, 43.34773], [-96.40833, 43.34551], [-96.40655, 43.34304], [-96.40477, 43.34053], [-96.40293, 43.33797], [-96.40117, 43.3355], [-96.39934, 43.33296], [-96.39945, 43.33006], [-96.39954, 43.32709], [-96.39964, 43.32409], [-96.39972, 43.32121], [-96.39981, 43.31832], [-96.3999, 43.31537], [-96.40001, 43.31217], [-96.40009, 43.30895], [-96.4002, 43.30585], [-96.40029, 43.30264], [-96.4004, 43.29941], [-96.4005, 43.29626], [-96.4006, 43.29311], [-96.40066, 43.29009], [-96.40079, 43.28694], [-96.40099, 43.28362], [-96.4012, 43.28031], [-96.40139, 43.27699], [-96.4016, 43.27368], [-96.40178, 43.27067], [-96.40196, 43.26765], [-96.40214, 43.26464], [-96.40232, 43.26163], [-96.40251, 43.25868], [-96.4027, 43.25543], [-96.4029, 43.2522], [-96.40309, 43.24903], [-96.40307, 43.24585], [-96.40302, 43.2427], [-96.403, 43.23952], [-96.40298, 43.23634], [-96.40295, 43.23316], [-96.40293, 43.22998], [-96.40291, 43.22683], [-96.40286, 43.22364], [-96.40285, 43.22047], [-96.40281, 43.21729], [-96.40272, 43.21365], [-96.40267, 43.21024], [-96.40261, 43.20718], [-96.40254, 43.20394], [-96.40247, 43.20073], [-96.40241, 43.19758], [-96.40234, 43.19434], [-96.40227, 43.19115], [-96.40221, 43.18794], [-96.40216, 43.18474], [-96.40228, 43.18134], [-96.40238, 43.17791], [-96.40251, 43.17449], [-96.40262, 43.17111], [-96.40264, 43.16794], [-96.40266, 43.16475], [-96.40269, 43.16156], [-96.4027, 43.15838], [-96.40272, 43.15549], [-96.40273, 43.15222], [-96.40276, 43.14922], [-96.40279, 43.14581], [-96.40281, 43.14259], [-96.40298, 43.13946], [-96.40316, 43.13637], [-96.40333, 43.13326], [-96.40346, 43.13107], [-96.40285, 43.12743], [-96.40231, 43.12426], [-96.40215, 43.12096], [-96.40199, 43.11812], [-96.40185, 43.11506], [-96.40168, 43.11199], [-96.40154, 43.10893], [-96.40136, 43.10587], [-96.4012, 43.10271], [-96.40126, 43.09969], [-96.40132, 43.09684], [-96.40137, 43.09406], [-96.40141, 43.09121], [-96.40147, 43.08839], [-96.40151, 43.08556], [-96.40157, 43.0823], [-96.40163, 43.07898], [-96.40168, 43.07567], [-96.40175, 43.07241], [-96.40181, 43.06917], [-96.40179, 43.06859], [-96.40135, 43.06788]]}, "properties": {"owner": "NOT AVAILABLE", "voltage_kv": 230.0}}, {"type": "Feature", "geometry": {"type": "LineString", "coordinates": [[-100.32641, 44.70587], [-100.32683, 44.70607], [-100.32648, 44.70739], [-100.32569, 44.7105], [-100.32491, 44.71359], [-100.32415, 44.71658], [-100.3234, 44.71954], [-100.32264, 44.72253], [-100.32156, 44.72556], [-100.32048, 44.7286], [-100.31939, 44.73167], [-100.31828, 44.73472], [-100.3177, 44.73643], [-100.31711, 44.7381], [-100.31642, 44.74003], [-100.31598, 44.74126], [-100.3153, 44.74315], [-100.31462, 44.74506], [-100.31395, 44.74695], [-100.31287, 44.75001], [-100.31175, 44.75307], [-100.31066, 44.75612], [-100.30958, 44.75918], [-100.3085, 44.76222], [-100.3074, 44.76529], [-100.30631, 44.76834], [-100.30522, 44.7714], [-100.30414, 44.77445], [-100.30305, 44.77751], [-100.30196, 44.78057], [-100.30085, 44.78362], [-100.29977, 44.78668], [-100.29869, 44.78973], [-100.29756, 44.79282], [-100.29652, 44.79583], [-100.29542, 44.79889], [-100.29432, 44.80194], [-100.29321, 44.80501], [-100.29212, 44.80807], [-100.29103, 44.81113], [-100.28995, 44.81418], [-100.28884, 44.81722], [-100.28774, 44.82028], [-100.28666, 44.82335], [-100.28557, 44.8264], [-100.28448, 44.82944], [-100.28337, 44.83252], [-100.28229, 44.83556], [-100.28121, 44.83862], [-100.28011, 44.84167], [-100.27899, 44.84473], [-100.2779, 44.8478], [-100.27726, 44.8496], [-100.2767, 44.85117], [-100.27607, 44.85294], [-100.27542, 44.85476], [-100.2748, 44.85647], [-100.27416, 44.85829], [-100.27355, 44.86001], [-100.27244, 44.86306], [-100.27136, 44.86612], [-100.27025, 44.86918], [-100.26918, 44.87222], [-100.26806, 44.87529], [-100.26698, 44.87834], [-100.26587, 44.88141], [-100.26477, 44.88447], [-100.26369, 44.88751], [-100.26257, 44.89058], [-100.26156, 44.89337], [-100.26058, 44.89615], [-100.25958, 44.89895], [-100.25857, 44.90174], [-100.25758, 44.90453], [-100.25657, 44.90733], [-100.25557, 44.91011], [-100.25453, 44.91304], [-100.25344, 44.91609], [-100.25248, 44.91875], [-100.25137, 44.92181], [-100.25029, 44.92487], [-100.24918, 44.92792], [-100.24809, 44.93099], [-100.24698, 44.93404], [-100.24588, 44.9371], [-100.24478, 44.94016], [-100.24369, 44.94321], [-100.24258, 44.94626], [-100.24148, 44.94931], [-100.24037, 44.95239], [-100.23928, 44.95544], [-100.23819, 44.95848], [-100.2371, 44.96154], [-100.23601, 44.96459], [-100.23492, 44.96766], [-100.23383, 44.97071], [-100.23283, 44.97351], [-100.23183, 44.9763], [-100.23082, 44.97909], [-100.22979, 44.98188], [-100.22882, 44.98454], [-100.22886, 44.98768], [-100.22883, 44.99082], [-100.22886, 44.99386], [-100.22886, 44.99686], [-100.22888, 44.9999], [-100.2289, 45.00262], [-100.22892, 45.00564], [-100.22893, 45.00865], [-100.22893, 45.00942], [-100.22833, 45.00971]]}, "properties": {"owner": "WAPA-- WESTERN AREA POWER ADMINISTRATION", "voltage_kv": 230.0}}, {"type": "Feature", "geometry": {"type": "LineString", "coordinates": [[-96.5036, 42.41685], [-96.50474, 42.41749], [-96.50451, 42.4183], [-96.50289, 42.4183], [-96.50293, 42.42075], [-96.50297, 42.42271], [-96.50298, 42.42449], [-96.50299, 42.42633], [-96.50301, 42.42816], [-96.50303, 42.42998], [-96.50304, 42.43179], [-96.50308, 42.4337], [-96.50309, 42.43579], [-96.50314, 42.43788], [-96.50312, 42.43946], [-96.50319, 42.44101], [-96.50277, 42.44311], [-96.50244, 42.44484], [-96.50249, 42.44682], [-96.50254, 42.44881], [-96.50264, 42.45022], [-96.50271, 42.45256], [-96.50279, 42.45437], [-96.50286, 42.45636], [-96.50295, 42.45871], [-96.50301, 42.46081], [-96.50477, 42.46265], [-96.50622, 42.46418], [-96.50771, 42.46577], [-96.50919, 42.46733], [-96.51089, 42.46914], [-96.51363, 42.46928], [-96.5164, 42.46941], [-96.51938, 42.46957], [-96.52224, 42.46969], [-96.52228, 42.47149], [-96.52233, 42.47343], [-96.52231, 42.47534], [-96.52234, 42.47741], [-96.52239, 42.47979], [-96.52241, 42.48202], [-96.52242, 42.48413], [-96.52091, 42.48552], [-96.51932, 42.48698], [-96.51772, 42.48842], [-96.51901, 42.49008], [-96.52028, 42.49174], [-96.52156, 42.4934], [-96.52282, 42.49504], [-96.5241, 42.4967], [-96.52536, 42.49836], [-96.52663, 42.50002], [-96.52797, 42.50177], [-96.52932, 42.50351], [-96.5307, 42.50531], [-96.53197, 42.50701], [-96.53369, 42.50791], [-96.53561, 42.50894], [-96.53754, 42.50998], [-96.5394, 42.511], [-96.54183, 42.51144], [-96.54422, 42.51191], [-96.54392, 42.51333], [-96.54329, 42.51605], [-96.54253, 42.51936], [-96.54174, 42.52282], [-96.54109, 42.52551], [-96.54068, 42.52742], [-96.54022, 42.52924], [-96.53992, 42.53129], [-96.53952, 42.53361], [-96.53919, 42.53597], [-96.53877, 42.53828], [-96.53843, 42.54046], [-96.5381, 42.5428], [-96.53771, 42.54515], [-96.53739, 42.54748], [-96.53692, 42.5494], [-96.53637, 42.55178], [-96.53606, 42.55321], [-96.53566, 42.55535], [-96.53338, 42.55648], [-96.53112, 42.55762], [-96.52882, 42.55876], [-96.52658, 42.55993], [-96.52429, 42.56109], [-96.52182, 42.56232], [-96.51948, 42.56354], [-96.51688, 42.56479], [-96.51443, 42.56606], [-96.51193, 42.56727], [-96.50941, 42.56853], [-96.50703, 42.56974], [-96.50464, 42.57093], [-96.50207, 42.57219], [-96.49958, 42.57347], [-96.49708, 42.5747], [-96.49465, 42.57594], [-96.49243, 42.57705], [-96.49193, 42.57727], [-96.4905, 42.57792], [-96.48853, 42.57877], [-96.48617, 42.57981], [-96.48319, 42.58114], [-96.48159, 42.58184], [-96.47873, 42.5831], [-96.47721, 42.58378], [-96.47518, 42.58469], [-96.47288, 42.58565], [-96.46993, 42.58697], [-96.46823, 42.58775], [-96.46473, 42.58933], [-96.46243, 42.59032], [-96.45964, 42.59159], [-96.45763, 42.59248], [-96.45555, 42.59343], [-96.45338, 42.59435], [-96.45104, 42.59538], [-96.44731, 42.59705], [-96.44466, 42.59825], [-96.44159, 42.59827], [-96.43861, 42.5983], [-96.43601, 42.59836], [-96.43368, 42.59838], [-96.4307, 42.59844], [-96.42857, 42.59843], [-96.42584, 42.59843], [-96.42212, 42.59844], [-96.4195, 42.59842], [-96.41676, 42.59851], [-96.41339, 42.5986], [-96.40985, 42.59869], [-96.40614, 42.59836], [-96.40353, 42.59835], [-96.401, 42.59834], [-96.39843, 42.59834], [-96.39576, 42.59832], [-96.3933, 42.59832], [-96.3905, 42.59833], [-96.38882, 42.59779], [-96.38689, 42.59712], [-96.38406, 42.59728], [-96.3809, 42.59743], [-96.37799, 42.59755], [-96.37486, 42.59769], [-96.37253, 42.59783], [-96.37082, 42.59779], [-96.36762, 42.59778], [-96.36502, 42.59777], [-96.3622, 42.59776], [-96.35976, 42.59776], [-96.35723, 42.59776], [-96.35404, 42.59776], [-96.35123, 42.59773], [-96.34869, 42.59773], [-96.34566, 42.59769], [-96.34343, 42.59782], [-96.34119, 42.59795], [-96.339, 42.59791], [-96.3364, 42.59791], [-96.33404, 42.5979], [-96.33155, 42.59789], [-96.32856, 42.59785], [-96.32676, 42.59784], [-96.3248, 42.59782], [-96.32279, 42.5978], [-96.32072, 42.59778], [-96.31851, 42.59773], [-96.31641, 42.59814], [-96.31469, 42.59847], [-96.31138, 42.59907], [-96.308, 42.5997], [-96.30657, 42.59958], [-96.30519, 42.60029]]}, "properties": {"owner": "NOT AVAILABLE", "voltage_kv": 230.0}}, {"type": "Feature", "geometry": {"type": "LineString", "coordinates": [[-99.43595, 44.13283], [-99.43642, 44.1335], [-99.43764, 44.13349], [-99.43745, 44.13662], [-99.43747, 44.14003], [-99.4375, 44.14361], [-99.43752, 44.14704], [-99.43754, 44.15005], [-99.43756, 44.15334], [-99.43758, 44.15664], [-99.4376, 44.15937], [-99.43761, 44.16266], [-99.43765, 44.16596], [-99.43766, 44.16912], [-99.43767, 44.17253], [-99.4377, 44.17582], [-99.43773, 44.17901], [-99.43774, 44.18221], [-99.43861, 44.18489], [-99.44136, 44.18728], [-99.44417, 44.18969], [-99.44698, 44.19211], [-99.4499, 44.19465], [-99.45283, 44.19717], [-99.45577, 44.19969], [-99.45858, 44.20213], [-99.46125, 44.20444], [-99.46418, 44.20697], [-99.4671, 44.2095], [-99.47004, 44.21203], [-99.47286, 44.21445], [-99.47567, 44.21687], [-99.47848, 44.2193], [-99.48128, 44.22171], [-99.48408, 44.22414], [-99.48692, 44.22656], [-99.48984, 44.22908], [-99.49276, 44.23161], [-99.49571, 44.23415], [-99.49852, 44.23656], [-99.50121, 44.23888], [-99.50414, 44.2414], [-99.50709, 44.24393], [-99.51002, 44.24646], [-99.51295, 44.24898], [-99.51586, 44.25148], [-99.51835, 44.25363], [-99.52096, 44.25588], [-99.52357, 44.25814], [-99.52562, 44.2607], [-99.52766, 44.26326], [-99.52967, 44.26579], [-99.5317, 44.26835], [-99.53373, 44.2709], [-99.5358, 44.27351], [-99.53786, 44.2761], [-99.53992, 44.27871], [-99.5418, 44.28108], [-99.54382, 44.28363], [-99.5461, 44.28623], [-99.54822, 44.28865], [-99.55035, 44.29106], [-99.55246, 44.29347], [-99.55485, 44.29619], [-99.55723, 44.29891], [-99.55963, 44.30166], [-99.56202, 44.30438], [-99.56442, 44.3071], [-99.5668, 44.30982], [-99.56889, 44.3122], [-99.57108, 44.31469], [-99.57322, 44.31714], [-99.57548, 44.31971], [-99.579, 44.32159], [-99.58331, 44.32248], [-99.58758, 44.32335], [-99.59181, 44.32421], [-99.59605, 44.32509], [-99.60029, 44.32595], [-99.60453, 44.32682], [-99.60877, 44.3277], [-99.613, 44.32857], [-99.61725, 44.32942], [-99.62147, 44.33029], [-99.6257, 44.33117], [-99.62975, 44.332], [-99.6338, 44.33282], [-99.63786, 44.33364], [-99.64188, 44.33446], [-99.64593, 44.33529], [-99.64996, 44.33611], [-99.654, 44.33695], [-99.65805, 44.33777], [-99.66208, 44.3386], [-99.66615, 44.33943], [-99.66992, 44.34027], [-99.67371, 44.34112], [-99.67747, 44.34195], [-99.68126, 44.34278], [-99.68563, 44.34375], [-99.68954, 44.34462], [-99.69402, 44.34562], [-99.69841, 44.34659], [-99.70278, 44.34757], [-99.70733, 44.34858], [-99.71135, 44.34948], [-99.7157, 44.35044], [-99.71983, 44.35144], [-99.72404, 44.35246], [-99.72821, 44.35347], [-99.73259, 44.35455], [-99.73644, 44.35573], [-99.7403, 44.35692], [-99.74415, 44.3581], [-99.74823, 44.35935], [-99.75218, 44.36057], [-99.75611, 44.36178], [-99.76005, 44.363], [-99.76398, 44.3642], [-99.76792, 44.36541], [-99.77185, 44.36662], [-99.77579, 44.36784], [-99.77968, 44.36903], [-99.78358, 44.37023], [-99.78749, 44.37143], [-99.7914, 44.37263], [-99.79528, 44.37383], [-99.79909, 44.37501], [-99.80296, 44.37649], [-99.8068, 44.37798], [-99.81056, 44.37945], [-99.81439, 44.38092], [-99.81819, 44.38238], [-99.82202, 44.38386], [-99.82581, 44.38533], [-99.8296, 44.3868], [-99.83341, 44.38826], [-99.83723, 44.38973], [-99.84103, 44.3912], [-99.84483, 44.39267], [-99.84864, 44.39414], [-99.85218, 44.39551], [-99.85584, 44.39692], [-99.85989, 44.3983], [-99.86396, 44.39969], [-99.8678, 44.40101], [-99.87173, 44.40236], [-99.87563, 44.4037], [-99.87959, 44.40504], [-99.88351, 44.40641], [-99.88745, 44.40774], [-99.89171, 44.40899], [-99.89588, 44.41023], [-99.8998, 44.41139], [-99.90366, 44.41253], [-99.90754, 44.41368], [-99.91138, 44.41483], [-99.91524, 44.41596], [-99.91912, 44.41711], [-99.92348, 44.41839], [-99.92785, 44.41968], [-99.93219, 44.42097], [-99.93655, 44.42226], [-99.94085, 44.42353], [-99.94517, 44.42481], [-99.94902, 44.42593], [-99.95313, 44.42721], [-99.95721, 44.42849], [-99.96132, 44.42976], [-99.96544, 44.43104], [-99.96956, 44.43232], [-99.97367, 44.43359], [-99.97776, 44.43485], [-99.98187, 44.43613], [-99.98568, 44.4365], [-99.98947, 44.43686], [-99.99326, 44.43723], [-99.99708, 44.43761], [-100.00153, 44.43899], [-100.00545, 44.44024], [-100.00937, 44.44149], [-100.01341, 44.44277], [-100.01762, 44.44411], [-100.02175, 44.44542], [-100.02601, 44.44676], [-100.0303, 44.44812], [-100.03457, 44.44948], [-100.03883, 44.45083], [-100.0431, 44.4509], [-100.04739, 44.45098], [-100.05198, 44.45105], [-100.05656, 44.45113], [-100.06134, 44.45122], [-100.06577, 44.45129], [-100.07033, 44.45137], [-100.07469, 44.45172], [-100.07906, 44.45207], [-100.08326, 44.45242], [-100.08744, 44.45276], [-100.09183, 44.4531], [-100.09621, 44.45346], [-100.10068, 44.45382], [-100.10515, 44.45418], [-100.10963, 44.45432], [-100.1141, 44.45443], [-100.11861, 44.45456], [-100.1231, 44.45468], [-100.12716, 44.4548], [-100.1312, 44.4549], [-100.13571, 44.45495], [-100.14069, 44.45502], [-100.14455, 44.45506], [-100.14909, 44.45511], [-100.15369, 44.45516], [-100.15832, 44.45522], [-100.16178, 44.45526], [-100.16597, 44.4553], [-100.17038, 44.45535], [-100.17459, 44.4554], [-100.17889, 44.45545], [-100.18322, 44.45551], [-100.18751, 44.45554], [-100.19179, 44.45514], [-100.19615, 44.45473], [-100.20048, 44.45432], [-100.20481, 44.4542], [-100.20921, 44.45406], [-100.21359, 44.45394], [-100.21799, 44.4538], [-100.22238, 44.45367], [-100.22679, 44.45354], [-100.23118, 44.45341], [-100.23558, 44.45328], [-100.23993, 44.45314], [-100.24439, 44.45299], [-100.24858, 44.45285], [-100.25271, 44.45273], [-100.25709, 44.45259], [-100.26144, 44.45247], [-100.26578, 44.45234], [-100.27022, 44.45233], [-100.27442, 44.45233], [-100.27862, 44.45232], [-100.28304, 44.45232], [-100.28743, 44.45231], [-100.29185, 44.4523], [-100.29604, 44.45229], [-100.30007, 44.45229], [-100.30426, 44.45228], [-100.30866, 44.45228], [-100.31306, 44.45227], [-100.31747, 44.45226], [-100.32187, 44.45225], [-100.32628, 44.45224], [-100.33068, 44.45224], [-100.3347, 44.45222], [-100.33857, 44.45223], [-100.34294, 44.45133], [-100.34706, 44.45048], [-100.35102, 44.44968], [-100.35479, 44.44891], [-100.35872, 44.4481], [-100.36276, 44.44737], [-100.36673, 44.44666], [-100.36992, 44.44638], [-100.37443, 44.44609], [-100.37798, 44.44669], [-100.38504, 44.44796], [-100.38925, 44.44845], [-100.38954, 44.44848], [-100.39018, 44.44861], [-100.39042, 44.44918]]}, "properties": {"owner": "NORTHWESTERN ENERGY - (SD)", "voltage_kv": 230.0}}, {"type": "Feature", "geometry": {"type": "LineString", "coordinates": [[-96.63172, 43.60054], [-96.63101, 43.60071], [-96.63114, 43.60146], [-96.63099, 43.60422], [-96.63091, 43.60696], [-96.63077, 43.60983], [-96.63072, 43.61079], [-96.62706, 43.61076], [-96.62327, 43.61074], [-96.61963, 43.61064], [-96.61639, 43.61038], [-96.61308, 43.61007], [-96.60976, 43.60981], [-96.60643, 43.60974], [-96.60299, 43.60974], [-96.59863, 43.60974], [-96.59631, 43.60972], [-96.5933, 43.60974], [-96.59027, 43.60973], [-96.58669, 43.60967], [-96.58433, 43.60956], [-96.58198, 43.60945], [-96.58091, 43.60939], [-96.58032, 43.60936], [-96.5761, 43.60926], [-96.57274, 43.60957], [-96.56892, 43.60907], [-96.56543, 43.60896], [-96.56222, 43.60895], [-96.55921, 43.60894], [-96.55576, 43.60898], [-96.5519, 43.60895], [-96.54797, 43.60885], [-96.54418, 43.60874], [-96.54395, 43.60875], [-96.54212, 43.60881], [-96.54207, 43.60968], [-96.54206, 43.61262], [-96.54201, 43.61581], [-96.54199, 43.61858], [-96.54192, 43.6216], [-96.54191, 43.6233], [-96.5419, 43.62445], [-96.54191, 43.62769], [-96.54186, 43.63044], [-96.54183, 43.63328], [-96.54178, 43.63645], [-96.54176, 43.63917], [-96.54171, 43.64262], [-96.54167, 43.64617], [-96.54163, 43.64935], [-96.54218, 43.65205], [-96.54268, 43.65475], [-96.54327, 43.65758], [-96.54376, 43.66015], [-96.54276, 43.66303], [-96.54156, 43.66657], [-96.54148, 43.66855], [-96.54145, 43.67074], [-96.54139, 43.67377], [-96.54137, 43.67623], [-96.54129, 43.67904], [-96.5413, 43.68195], [-96.54131, 43.68541], [-96.5413, 43.68831], [-96.5413, 43.69172], [-96.54128, 43.69478], [-96.54126, 43.69786], [-96.54123, 43.70122], [-96.54122, 43.70251], [-96.54121, 43.7042], [-96.54123, 43.70654], [-96.54123, 43.70888], [-96.54128, 43.71126], [-96.54129, 43.71343], [-96.54123, 43.71646], [-96.54126, 43.71949], [-96.54121, 43.7224], [-96.54124, 43.72544], [-96.54118, 43.72833], [-96.54113, 43.73141], [-96.54105, 43.73467], [-96.5403, 43.73778], [-96.54146, 43.74139], [-96.54155, 43.74407], [-96.54165, 43.74742], [-96.54178, 43.75073], [-96.54189, 43.75389], [-96.54188, 43.75707], [-96.54191, 43.76017], [-96.54194, 43.76286], [-96.54196, 43.76566], [-96.54196, 43.76863], [-96.54198, 43.77168], [-96.54203, 43.77455], [-96.54205, 43.77756], [-96.54208, 43.78083], [-96.54206, 43.78368], [-96.54212, 43.78683], [-96.54216, 43.78992], [-96.54214, 43.79317], [-96.54211, 43.79578], [-96.54212, 43.79909], [-96.54211, 43.80224], [-96.54209, 43.80519], [-96.54206, 43.80867], [-96.54206, 43.81169], [-96.54199, 43.81488], [-96.54197, 43.81822], [-96.54193, 43.82134], [-96.54188, 43.82459], [-96.54188, 43.82745], [-96.54192, 43.83079], [-96.54193, 43.83401], [-96.54192, 43.8372], [-96.54193, 43.84033], [-96.54193, 43.84369], [-96.54025, 43.84632], [-96.53869, 43.84868], [-96.53713, 43.851], [-96.53715, 43.85383], [-96.53715, 43.85673], [-96.53717, 43.85979], [-96.53718, 43.86262], [-96.53716, 43.86562], [-96.53715, 43.86835], [-96.53713, 43.87138], [-96.53711, 43.87439], [-96.53712, 43.87739], [-96.53707, 43.88065], [-96.537, 43.88375], [-96.53693, 43.88696], [-96.5369, 43.8902], [-96.53687, 43.8933], [-96.5368, 43.89645], [-96.53677, 43.89955], [-96.53675, 43.90259], [-96.5367, 43.90579], [-96.53671, 43.90897], [-96.53671, 43.91228], [-96.53673, 43.91532], [-96.53674, 43.91855], [-96.53673, 43.92128], [-96.53664, 43.92448], [-96.53657, 43.92778], [-96.53648, 43.93093], [-96.5365, 43.9334], [-96.53646, 43.93651], [-96.53645, 43.93951], [-96.5364, 43.94259], [-96.53639, 43.94559], [-96.53631, 43.94832], [-96.53624, 43.95107], [-96.53616, 43.95451], [-96.53608, 43.958], [-96.53597, 43.96128], [-96.53595, 43.96454], [-96.53586, 43.96769], [-96.53594, 43.9711], [-96.53604, 43.97438], [-96.53674, 43.9778], [-96.5363, 43.98079], [-96.53581, 43.98397], [-96.53587, 43.98654], [-96.53585, 43.98911], [-96.53584, 43.99166], [-96.53587, 43.9947], [-96.53592, 43.99828], [-96.53592, 44.00033], [-96.53592, 44.00057], [-96.53596, 44.00382], [-96.53588, 44.00636], [-96.53596, 44.0093], [-96.53639, 44.01218], [-96.53653, 44.01539], [-96.53666, 44.01877], [-96.53682, 44.02208], [-96.5368, 44.02521], [-96.53678, 44.02805], [-96.53674, 44.03106], [-96.53674, 44.03419], [-96.53674, 44.03737], [-96.53662, 44.04048], [-96.53656, 44.04394], [-96.5365, 44.04678], [-96.53643, 44.04986], [-96.53637, 44.05276], [-96.53631, 44.05589], [-96.53627, 44.05901], [-96.53621, 44.06202], [-96.53618, 44.06504], [-96.5362, 44.06808], [-96.53618, 44.0706], [-96.53615, 44.0741], [-96.53609, 44.07685], [-96.53606, 44.08016], [-96.53606, 44.08218], [-96.53603, 44.08554], [-96.53602, 44.08878], [-96.53599, 44.09212], [-96.53595, 44.09526], [-96.53644, 44.09805], [-96.53696, 44.10122], [-96.53749, 44.10455], [-96.53805, 44.10795], [-96.53852, 44.11099], [-96.53861, 44.114], [-96.53869, 44.11706], [-96.53879, 44.12008], [-96.53891, 44.12291], [-96.53887, 44.12614], [-96.53905, 44.12925], [-96.53915, 44.13245], [-96.5392, 44.1357], [-96.5392, 44.13857], [-96.53925, 44.14162], [-96.53923, 44.14468], [-96.53926, 44.14813], [-96.53927, 44.15078], [-96.53925, 44.15384], [-96.53927, 44.15669], [-96.53926, 44.15966], [-96.5392, 44.16263], [-96.53902, 44.16553], [-96.53883, 44.16831], [-96.53875, 44.17128], [-96.53879, 44.1742], [-96.5388, 44.17708], [-96.53881, 44.17989], [-96.53883, 44.18296], [-96.53881, 44.1855], [-96.5388, 44.18824], [-96.53881, 44.19099], [-96.53882, 44.19374], [-96.53738, 44.1965], [-96.53595, 44.19938], [-96.536, 44.20254], [-96.53606, 44.20585], [-96.53612, 44.20907], [-96.53618, 44.21238], [-96.53625, 44.21565], [-96.53628, 44.21898], [-96.53634, 44.22198], [-96.53664, 44.22505], [-96.53645, 44.22804], [-96.5365, 44.23087], [-96.53654, 44.23375], [-96.53656, 44.23661], [-96.53666, 44.23947], [-96.53667, 44.24265], [-96.53673, 44.24587], [-96.53679, 44.24905], [-96.53684, 44.25119], [-96.53689, 44.25451], [-96.53693, 44.25758], [-96.53698, 44.2608], [-96.53702, 44.26414], [-96.53707, 44.26743], [-96.53708, 44.27018], [-96.53714, 44.27326], [-96.53717, 44.27634], [-96.53719, 44.27951], [-96.53728, 44.28265], [-96.53725, 44.28571], [-96.53721, 44.28894], [-96.53716, 44.29209], [-96.53716, 44.29552], [-96.53715, 44.29873], [-96.53715, 44.30173], [-96.53712, 44.30517], [-96.53726, 44.30788], [-96.53726, 44.31514], [-96.53713, 44.31713], [-96.53707, 44.32075], [-96.53707, 44.32395], [-96.5371, 44.32687], [-96.53709, 44.32976], [-96.53704, 44.33277], [-96.537, 44.33605], [-96.53696, 44.33908], [-96.53697, 44.34193], [-96.53695, 44.34487], [-96.53699, 44.34762], [-96.537, 44.35049], [-96.53707, 44.35338], [-96.53711, 44.35586], [-96.53718, 44.3589], [-96.53688, 44.36183], [-96.53684, 44.36493], [-96.5368, 44.36791], [-96.53677, 44.37026], [-96.5367, 44.37267], [-96.5367, 44.37586], [-96.53666, 44.37891], [-96.53659, 44.38214], [-96.53659, 44.3853], [-96.53656, 44.38598], [-96.53656, 44.38619], [-96.53685, 44.38674]]}, "properties": {"owner": "NOT AVAILABLE", "voltage_kv": 345.0}}, {"type": "Feature", "geometry": {"type": "LineString", "coordinates": [[-96.53685, 44.38674], [-96.53659, 44.38745], [-96.53659, 44.38847], [-96.53655, 44.39113], [-96.5365, 44.39382], [-96.53646, 44.39657], [-96.53644, 44.39915], [-96.53637, 44.40193], [-96.5363, 44.40521], [-96.53624, 44.4078], [-96.53619, 44.41106], [-96.53614, 44.41426], [-96.53607, 44.41748], [-96.53598, 44.42051], [-96.53592, 44.42343], [-96.53588, 44.42612], [-96.53579, 44.42881], [-96.5357, 44.43154], [-96.53562, 44.43435], [-96.53551, 44.43741], [-96.53539, 44.44053], [-96.53662, 44.44345], [-96.53791, 44.44646], [-96.5397, 44.44896], [-96.54175, 44.4517], [-96.54393, 44.45461], [-96.54591, 44.45727], [-96.54795, 44.46004], [-96.55014, 44.46299], [-96.55212, 44.46564], [-96.55424, 44.46848], [-96.55642, 44.47143], [-96.55852, 44.4742], [-96.56042, 44.47678], [-96.56241, 44.47945], [-96.5644, 44.48211], [-96.5663, 44.48466], [-96.56835, 44.4874], [-96.57026, 44.48995], [-96.57223, 44.49262], [-96.5742, 44.49526], [-96.57613, 44.49783], [-96.57802, 44.50039], [-96.58006, 44.50309], [-96.58279, 44.50553], [-96.58558, 44.50805], [-96.58849, 44.51066], [-96.59128, 44.51316], [-96.59384, 44.51544], [-96.59671, 44.51802], [-96.59943, 44.52044], [-96.60236, 44.52309], [-96.60511, 44.52555], [-96.60766, 44.52781], [-96.61041, 44.53032], [-96.61324, 44.53286], [-96.61572, 44.53546], [-96.61816, 44.53807], [-96.62065, 44.54067], [-96.62321, 44.54338], [-96.62566, 44.54597], [-96.62802, 44.5485], [-96.63048, 44.55111], [-96.63296, 44.55372], [-96.63544, 44.55635], [-96.63794, 44.55899], [-96.64034, 44.56153], [-96.64304, 44.5644], [-96.64481, 44.56627], [-96.64737, 44.56896], [-96.65001, 44.57177], [-96.6522, 44.5741], [-96.65485, 44.57688], [-96.6574, 44.57957], [-96.65968, 44.58198], [-96.66226, 44.58471], [-96.66436, 44.58692], [-96.66695, 44.58966], [-96.66939, 44.59226], [-96.67175, 44.59475], [-96.67424, 44.59739], [-96.67676, 44.60002], [-96.67877, 44.60221], [-96.68129, 44.60495], [-96.68359, 44.60742], [-96.68609, 44.61015], [-96.68866, 44.61301], [-96.69114, 44.61569], [-96.69348, 44.61824], [-96.69592, 44.6209], [-96.69834, 44.62357], [-96.70064, 44.62607], [-96.70306, 44.62869], [-96.70557, 44.63143], [-96.70806, 44.63413], [-96.71037, 44.63666], [-96.71286, 44.63937], [-96.71523, 44.64196], [-96.71766, 44.6446], [-96.72018, 44.64734], [-96.72265, 44.65], [-96.72485, 44.65243], [-96.72735, 44.65513], [-96.72985, 44.65786], [-96.73176, 44.66026], [-96.73391, 44.66301], [-96.73615, 44.66589], [-96.73808, 44.66836], [-96.74033, 44.6712], [-96.74249, 44.67395], [-96.74472, 44.67677], [-96.74679, 44.67941], [-96.74905, 44.68229], [-96.75102, 44.68479], [-96.75288, 44.68718], [-96.75495, 44.68981], [-96.75729, 44.6928], [-96.75957, 44.69567], [-96.76202, 44.69881], [-96.76408, 44.70143], [-96.76623, 44.70419], [-96.76851, 44.707], [-96.77077, 44.70989], [-96.77291, 44.71265], [-96.77489, 44.7152], [-96.77717, 44.71805], [-96.77919, 44.72064], [-96.78122, 44.72319], [-96.7835, 44.72607], [-96.78563, 44.72883], [-96.78788, 44.73172], [-96.79011, 44.73456], [-96.79221, 44.73722], [-96.79442, 44.74005], [-96.79637, 44.74251], [-96.79895, 44.745], [-96.80158, 44.74754], [-96.80432, 44.75022], [-96.807, 44.75278], [-96.80948, 44.75516], [-96.81172, 44.75739], [-96.81426, 44.7598], [-96.81655, 44.762], [-96.81918, 44.76453], [-96.82189, 44.76716], [-96.82465, 44.76981], [-96.82689, 44.77198], [-96.82962, 44.77462], [-96.83164, 44.77657], [-96.83438, 44.7792], [-96.83702, 44.78173], [-96.83953, 44.78418], [-96.84217, 44.7867], [-96.84425, 44.78868], [-96.84676, 44.79115], [-96.8495, 44.79378], [-96.85214, 44.7963], [-96.85483, 44.79891], [-96.85744, 44.80144], [-96.86007, 44.80396], [-96.86283, 44.80662], [-96.86542, 44.80912], [-96.86807, 44.81168], [-96.87057, 44.8141], [-96.87336, 44.81676], [-96.87587, 44.81919], [-96.87844, 44.82168], [-96.88101, 44.82415], [-96.88421, 44.82586], [-96.8877, 44.82772], [-96.89102, 44.82953], [-96.89458, 44.83141], [-96.89773, 44.83308], [-96.90088, 44.83476], [-96.90445, 44.83668], [-96.90919, 44.83754], [-96.91349, 44.83832], [-96.91818, 44.83919], [-96.92212, 44.8399], [-96.92574, 44.84056], [-96.92998, 44.84132], [-96.93426, 44.84209], [-96.93833, 44.84283], [-96.94279, 44.84364], [-96.9457, 44.84418], [-96.95028, 44.84501], [-96.95458, 44.84579], [-96.95885, 44.84656], [-96.96224, 44.84718], [-96.96636, 44.84792], [-96.97052, 44.84868], [-96.97466, 44.84944], [-96.97857, 44.85015], [-96.9829, 44.85093], [-96.987, 44.85167], [-96.98943, 44.85286], [-96.99267, 44.85447], [-96.996, 44.85612], [-96.9993, 44.85775], [-97.00311, 44.85963], [-97.00689, 44.86151], [-97.01021, 44.86314], [-97.01371, 44.86488], [-97.01703, 44.8665], [-97.02099, 44.86845], [-97.02447, 44.87018], [-97.02828, 44.87204], [-97.03217, 44.87398], [-97.03616, 44.87596], [-97.03902, 44.87738], [-97.04035, 44.8792], [-97.04069, 44.88123], [-97.04071, 44.88149], [-97.04072, 44.88176], [-97.04074, 44.88217], [-97.04075, 44.88292], [-97.04076, 44.88316], [-97.04076, 44.88326], [-97.04104, 44.88374]]}, "properties": {"owner": "NOT AVAILABLE", "voltage_kv": 345.0}}, {"type": "Feature", "geometry": {"type": "LineString", "coordinates": [[-96.5293, 44.38926], [-96.53014, 44.38924], [-96.53036, 44.38922], [-96.53302, 44.38874], [-96.53585, 44.3882], [-96.53592, 44.38732], [-96.53685, 44.38674]]}, "properties": {"owner": "OTTER TAIL POWER CO", "voltage_kv": 345.0}}, {"type": "Feature", "geometry": {"type": "LineString", "coordinates": [[-96.5293, 44.38926], [-96.53013, 44.38944], [-96.53034, 44.38944], [-96.5332, 44.38897], [-96.53615, 44.38838], [-96.53617, 44.38732], [-96.53685, 44.38674]]}, "properties": {"owner": "OTTER TAIL POWER CO", "voltage_kv": 345.0}}, {"type": "Feature", "geometry": {"type": "LineString", "coordinates": [[-103.22791, 44.02492], [-103.22778, 44.02445], [-103.22673, 44.02412], [-103.22413, 44.02411], [-103.2217, 44.02411], [-103.21926, 44.0241], [-103.21657, 44.02409], [-103.21375, 44.02409], [-103.21145, 44.02408], [-103.20908, 44.02407], [-103.20544, 44.02406], [-103.20358, 44.02404], [-103.20151, 44.02423], [-103.1982, 44.0242], [-103.19541, 44.02418], [-103.19255, 44.02418], [-103.19099, 44.02376], [-103.18891, 44.02379], [-103.18549, 44.02378], [-103.18292, 44.02379], [-103.18195, 44.02378], [-103.18159, 44.02378], [-103.18162, 44.01454], [-103.18164, 44.01261], [-103.18167, 44.00965], [-103.18157, 44.00963], [-103.18154, 44.00963], [-103.18132, 44.00963], [-103.17202, 44.0096], [-103.16757, 44.0096], [-103.16523, 44.01032]]}, "properties": {"owner": "NOT AVAILABLE", "voltage_kv": 230.0}}, {"type": "Feature", "geometry": {"type": "LineString", "coordinates": [[-97.13844, 43.7165], [-97.13856, 43.71611], [-97.13839, 43.71555], [-97.14263, 43.7161], [-97.14609, 43.71657], [-97.14981, 43.71708], [-97.1533, 43.718], [-97.15703, 43.71901], [-97.16079, 43.72001], [-97.16455, 43.72101], [-97.16822, 43.72195], [-97.1717, 43.72289], [-97.17515, 43.72377], [-97.17899, 43.72481], [-97.18263, 43.72578], [-97.18646, 43.72678], [-97.1903, 43.72778], [-97.19409, 43.72883], [-97.19713, 43.72962], [-97.20013, 43.73041], [-97.2032, 43.73123], [-97.20654, 43.73212], [-97.21015, 43.73306], [-97.21352, 43.73392], [-97.21672, 43.73478], [-97.22006, 43.73564], [-97.22332, 43.73654], [-97.22669, 43.73742], [-97.22988, 43.73825], [-97.23362, 43.73901], [-97.23624, 43.73946], [-97.23948, 43.74005], [-97.24389, 43.74087], [-97.24702, 43.74145], [-97.25077, 43.74214], [-97.25439, 43.74281], [-97.25807, 43.74349], [-97.2615, 43.74412], [-97.26518, 43.74479], [-97.26899, 43.74552], [-97.27287, 43.74623], [-97.27658, 43.74691], [-97.28031, 43.74759], [-97.28364, 43.7482], [-97.28748, 43.74895], [-97.2909, 43.74955], [-97.29428, 43.75019], [-97.29778, 43.75083], [-97.30151, 43.75151], [-97.30506, 43.75215], [-97.30862, 43.7528], [-97.3124, 43.75353], [-97.31597, 43.75446], [-97.31943, 43.75541], [-97.32298, 43.75639], [-97.32634, 43.75733], [-97.32979, 43.7583], [-97.33296, 43.75917], [-97.33608, 43.76001], [-97.33932, 43.76091], [-97.34279, 43.76189], [-97.34613, 43.76282], [-97.34988, 43.76388], [-97.35357, 43.76489], [-97.3573, 43.76595], [-97.36099, 43.76699], [-97.36473, 43.76804], [-97.36847, 43.76905], [-97.37202, 43.77006], [-97.37568, 43.77109], [-97.37932, 43.7721], [-97.38324, 43.77317], [-97.38631, 43.77367], [-97.38949, 43.7742], [-97.39245, 43.77468], [-97.39615, 43.77524], [-97.39985, 43.77586], [-97.40386, 43.77652], [-97.40776, 43.77717], [-97.41097, 43.77768], [-97.41485, 43.7783], [-97.41895, 43.77898], [-97.42294, 43.7796], [-97.4276, 43.78033], [-97.43156, 43.78101], [-97.4354, 43.78166], [-97.4389, 43.78222], [-97.44284, 43.78285], [-97.44694, 43.78351], [-97.45095, 43.78415], [-97.45498, 43.7848], [-97.45878, 43.78541], [-97.4621, 43.78595], [-97.4658, 43.78654], [-97.46956, 43.78719], [-97.4729, 43.78772], [-97.47619, 43.78824], [-97.47967, 43.78879], [-97.48321, 43.78935], [-97.48663, 43.78992], [-97.49079, 43.79062], [-97.49423, 43.79119], [-97.49773, 43.79177], [-97.50149, 43.79236], [-97.50525, 43.79293], [-97.50851, 43.79348], [-97.51222, 43.79376], [-97.51597, 43.79404], [-97.5198, 43.79432], [-97.52354, 43.7946], [-97.5273, 43.79488], [-97.53108, 43.79516], [-97.53487, 43.79545], [-97.53864, 43.79574], [-97.54262, 43.79605], [-97.54655, 43.7963], [-97.55023, 43.79662], [-97.55405, 43.79692], [-97.55793, 43.79716], [-97.56168, 43.79747], [-97.56543, 43.79775], [-97.56908, 43.79805], [-97.5728, 43.79836], [-97.57669, 43.7986], [-97.58006, 43.79889], [-97.5835, 43.79912], [-97.58689, 43.79938], [-97.59059, 43.79963], [-97.59456, 43.79993], [-97.59811, 43.80017], [-97.60191, 43.80049], [-97.60569, 43.8008], [-97.60941, 43.8011], [-97.61279, 43.80185], [-97.61609, 43.80264], [-97.61955, 43.80348], [-97.62297, 43.80426], [-97.62648, 43.80513], [-97.63002, 43.8061], [-97.63338, 43.80698], [-97.63678, 43.80788], [-97.64034, 43.80883], [-97.64386, 43.80966], [-97.64741, 43.81062], [-97.65098, 43.81167], [-97.65477, 43.8119], [-97.65855, 43.81207], [-97.66255, 43.81229], [-97.66649, 43.81251], [-97.67049, 43.81269], [-97.67445, 43.81302], [-97.6784, 43.81325], [-97.68236, 43.81348], [-97.68626, 43.8137], [-97.69023, 43.81398], [-97.69421, 43.81415], [-97.6978, 43.81435], [-97.70141, 43.8146], [-97.70575, 43.81484], [-97.70968, 43.81499], [-97.71369, 43.81525], [-97.71768, 43.81545], [-97.72161, 43.81572], [-97.72562, 43.81598], [-97.72956, 43.81618], [-97.73352, 43.8164], [-97.73754, 43.81665], [-97.74144, 43.81687], [-97.74544, 43.81708], [-97.74924, 43.81733], [-97.75267, 43.81779], [-97.75642, 43.81828], [-97.7596, 43.81881], [-97.76367, 43.81942], [-97.76774, 43.81996], [-97.77179, 43.82058], [-97.7757, 43.82125], [-97.77958, 43.82192], [-97.78343, 43.82259], [-97.78733, 43.82331], [-97.79117, 43.82398], [-97.79486, 43.82463], [-97.79887, 43.8253], [-97.80288, 43.82602], [-97.80687, 43.82671], [-97.81087, 43.82738], [-97.81467, 43.82806], [-97.81847, 43.82873], [-97.82204, 43.8297], [-97.8254, 43.83062], [-97.8287, 43.83151], [-97.83208, 43.83244], [-97.83582, 43.83348], [-97.83939, 43.83445], [-97.84276, 43.83537], [-97.84644, 43.83637], [-97.85025, 43.83672], [-97.85395, 43.83719], [-97.85757, 43.83758], [-97.86117, 43.83795], [-97.86504, 43.83836], [-97.86894, 43.83878], [-97.87274, 43.83924], [-97.87665, 43.83965], [-97.88053, 43.84006], [-97.88446, 43.84047], [-97.88837, 43.84088], [-97.89198, 43.84127], [-97.89554, 43.84165], [-97.89912, 43.84203], [-97.9027, 43.84241], [-97.90628, 43.8428], [-97.91002, 43.84319], [-97.91378, 43.84361], [-97.91754, 43.84398], [-97.92133, 43.84442], [-97.92505, 43.84481], [-97.9288, 43.84518], [-97.93254, 43.84558], [-97.93612, 43.84598], [-97.93986, 43.84639], [-97.94329, 43.84676], [-97.94707, 43.84718], [-97.95102, 43.84757], [-97.95481, 43.84798], [-97.95855, 43.84839], [-97.96229, 43.84876], [-97.96453, 43.84902], [-97.96679, 43.85008], [-97.96771, 43.85024], [-97.9685, 43.85024], [-97.96933, 43.85024], [-97.97024, 43.85012], [-97.97175, 43.85008], [-97.97405, 43.85042], [-97.97818, 43.85103], [-97.98189, 43.85165], [-97.98545, 43.85214], [-97.98863, 43.85259], [-97.99256, 43.85318], [-97.99613, 43.85379], [-97.99966, 43.85431], [-98.00297, 43.85475], [-98.00666, 43.85529], [-98.01039, 43.85588], [-98.01428, 43.85643], [-98.01821, 43.85703], [-98.02191, 43.85759], [-98.02568, 43.85816], [-98.02938, 43.85876], [-98.03305, 43.85928], [-98.03683, 43.85981], [-98.04076, 43.8604], [-98.04464, 43.86101], [-98.04857, 43.86162], [-98.05226, 43.8621], [-98.05616, 43.86269], [-98.05999, 43.86326], [-98.0639, 43.86385], [-98.0678, 43.86443], [-98.07159, 43.8651], [-98.07468, 43.86552], [-98.07875, 43.86607], [-98.08248, 43.86658], [-98.08605, 43.8671], [-98.08974, 43.86765], [-98.09348, 43.86813], [-98.09717, 43.86865], [-98.10115, 43.86922], [-98.10505, 43.86975], [-98.10879, 43.87025], [-98.1125, 43.87081], [-98.11606, 43.87129], [-98.11957, 43.87182], [-98.12317, 43.87233], [-98.12696, 43.87287], [-98.13063, 43.87331], [-98.13427, 43.87342], [-98.13826, 43.87342], [-98.14252, 43.87348], [-98.14567, 43.87348], [-98.14952, 43.87353], [-98.15207, 43.87357], [-98.15328, 43.87359], [-98.15706, 43.87358], [-98.1609, 43.87363], [-98.16471, 43.87367], [-98.16849, 43.87374], [-98.17204, 43.87377], [-98.17585, 43.87375], [-98.17967, 43.87381], [-98.18371, 43.87381], [-98.18756, 43.87384], [-98.19132, 43.87384], [-98.19502, 43.87441], [-98.19907, 43.87512], [-98.20275, 43.87574], [-98.2065, 43.87632], [-98.21005, 43.87694], [-98.21353, 43.87751], [-98.21708, 43.87809], [-98.22056, 43.87867], [-98.2241, 43.87925], [-98.22798, 43.87984], [-98.23207, 43.88062], [-98.23557, 43.88112], [-98.23907, 43.88169], [-98.2426, 43.88228], [-98.24613, 43.8829], [-98.24961, 43.88347], [-98.25309, 43.88404], [-98.25642, 43.88461], [-98.26014, 43.88522], [-98.2636, 43.88579], [-98.26715, 43.88636], [-98.27077, 43.88694], [-98.27415, 43.8878], [-98.27744, 43.88861], [-98.28119, 43.88958], [-98.28459, 43.89047], [-98.28851, 43.89146], [-98.29215, 43.89235], [-98.29578, 43.89323], [-98.29933, 43.89417], [-98.30292, 43.89505], [-98.3063, 43.89594], [-98.30969, 43.89687], [-98.31346, 43.89781], [-98.31705, 43.89869], [-98.32059, 43.89957], [-98.32413, 43.90049], [-98.32757, 43.90133], [-98.32918, 43.90178], [-98.32975, 43.90279]]}, "properties": {"owner": "NORTHWESTERN ENERGY - (SD)", "voltage_kv": 230.0}}, {"type": "Feature", "geometry": {"type": "LineString", "coordinates": [[-98.95666, 43.60097], [-98.95558, 43.60132], [-98.95749, 43.60342], [-98.9596, 43.60585], [-98.96169, 43.60828], [-98.96382, 43.61072], [-98.96593, 43.61316], [-98.96806, 43.61559], [-98.97017, 43.61803], [-98.97228, 43.62048], [-98.9744, 43.62291], [-98.97652, 43.62534], [-98.97864, 43.62777], [-98.98065, 43.63009], [-98.98267, 43.63241], [-98.98469, 43.63472], [-98.9867, 43.63706], [-98.98871, 43.63937], [-98.99074, 43.64169], [-98.99277, 43.64403], [-98.99476, 43.64632], [-98.99678, 43.64863], [-98.9988, 43.65096], [-99.00082, 43.65328], [-99.00293, 43.65571], [-99.00505, 43.65814], [-99.00707, 43.66046], [-99.00919, 43.6629], [-99.01121, 43.66522], [-99.01332, 43.66765], [-99.01535, 43.66997], [-99.01737, 43.6723], [-99.01959, 43.67484], [-99.0216, 43.67715], [-99.02372, 43.67959], [-99.02585, 43.68203], [-99.02792, 43.68438], [-99.02994, 43.68673], [-99.03201, 43.68909], [-99.03404, 43.69141], [-99.03616, 43.69384], [-99.03829, 43.69629], [-99.0404, 43.69871], [-99.04251, 43.70114], [-99.04464, 43.70359], [-99.04675, 43.70602], [-99.04887, 43.70845], [-99.051, 43.71088], [-99.05312, 43.71332], [-99.05521, 43.71576], [-99.05744, 43.7183], [-99.05958, 43.72074], [-99.06168, 43.72317], [-99.0638, 43.72561], [-99.06595, 43.72804], [-99.06805, 43.73046], [-99.07009, 43.73279], [-99.07221, 43.73522], [-99.07423, 43.73754], [-99.07618, 43.73979], [-99.07822, 43.74211], [-99.08034, 43.74454], [-99.08247, 43.74698], [-99.0846, 43.74941], [-99.08672, 43.75183], [-99.08886, 43.75429], [-99.09069, 43.75636], [-99.09278, 43.75877], [-99.09493, 43.76123], [-99.09705, 43.76366], [-99.09917, 43.76609], [-99.1013, 43.76853], [-99.10345, 43.77097], [-99.10556, 43.77339], [-99.1077, 43.77584], [-99.10982, 43.77826], [-99.11194, 43.78071], [-99.11407, 43.78314], [-99.11616, 43.78554], [-99.11836, 43.78783], [-99.12062, 43.7902], [-99.12288, 43.79256], [-99.12514, 43.79494], [-99.12738, 43.79731], [-99.12978, 43.79978], [-99.13193, 43.80205], [-99.1341, 43.80431], [-99.13632, 43.80668], [-99.1386, 43.80905], [-99.14087, 43.81141], [-99.14313, 43.81379], [-99.14539, 43.81615], [-99.14765, 43.81853], [-99.14991, 43.8209], [-99.15218, 43.82327], [-99.15446, 43.82563], [-99.15671, 43.82801], [-99.15899, 43.83037], [-99.16114, 43.83262], [-99.1634, 43.835], [-99.16568, 43.83737], [-99.16794, 43.83974], [-99.1702, 43.84211], [-99.17247, 43.84448], [-99.17447, 43.84656], [-99.17701, 43.84922], [-99.17927, 43.85158], [-99.18154, 43.85396], [-99.18382, 43.85632], [-99.18608, 43.85869], [-99.18835, 43.86107], [-99.1906, 43.86344], [-99.19288, 43.8658], [-99.19515, 43.86817], [-99.1974, 43.87053], [-99.19967, 43.87291], [-99.20195, 43.87527], [-99.20422, 43.87764], [-99.20647, 43.88002], [-99.20875, 43.88238], [-99.21102, 43.88476], [-99.21329, 43.88711], [-99.21556, 43.88949], [-99.21768, 43.89174], [-99.21988, 43.894], [-99.22203, 43.89625], [-99.22428, 43.89862], [-99.22668, 43.90109], [-99.22899, 43.90351], [-99.23132, 43.90596], [-99.2329, 43.90844], [-99.23443, 43.91081], [-99.2361, 43.91342], [-99.2377, 43.91591], [-99.23941, 43.91865], [-99.24114, 43.92126], [-99.24274, 43.92375], [-99.24426, 43.92612], [-99.24569, 43.92835], [-99.24739, 43.93099], [-99.24888, 43.93333], [-99.25055, 43.93596], [-99.25224, 43.93857], [-99.25384, 43.94105], [-99.25519, 43.94317], [-99.25633, 43.94492], [-99.25792, 43.94739], [-99.25938, 43.94968], [-99.26123, 43.95256], [-99.26231, 43.95424], [-99.26375, 43.95648], [-99.26519, 43.95872], [-99.26687, 43.96133], [-99.2683, 43.96357], [-99.26975, 43.96581], [-99.2712, 43.96805], [-99.27263, 43.9703], [-99.27407, 43.97253], [-99.27549, 43.97473], [-99.27783, 43.97712], [-99.28013, 43.97946], [-99.28258, 43.98193], [-99.28486, 43.98428], [-99.28717, 43.98663], [-99.28949, 43.98898], [-99.29179, 43.99133], [-99.2941, 43.99367], [-99.29644, 43.99603], [-99.29873, 43.99838], [-99.30046, 44.00019], [-99.30257, 44.00229], [-99.30421, 44.00397], [-99.30607, 44.00587], [-99.30815, 44.00796], [-99.30999, 44.00983], [-99.31193, 44.01181], [-99.31423, 44.01416], [-99.31644, 44.0164], [-99.31875, 44.01874], [-99.32106, 44.02108], [-99.32337, 44.02344], [-99.3257, 44.02578], [-99.32801, 44.02814], [-99.33032, 44.03048], [-99.33264, 44.03283], [-99.33484, 44.03507], [-99.33716, 44.03741], [-99.33947, 44.03976], [-99.34179, 44.04212], [-99.3441, 44.04447], [-99.34642, 44.04682], [-99.34872, 44.04916], [-99.35109, 44.05155], [-99.35303, 44.05352], [-99.35557, 44.05609], [-99.35797, 44.05855], [-99.35977, 44.06033], [-99.36162, 44.06225], [-99.36342, 44.06403], [-99.36525, 44.06593], [-99.36704, 44.06773], [-99.36936, 44.07006], [-99.37087, 44.07163], [-99.37309, 44.07387], [-99.37542, 44.07622], [-99.3777, 44.07856], [-99.38001, 44.08091], [-99.38227, 44.08319], [-99.38463, 44.08561], [-99.38685, 44.08784], [-99.38895, 44.08996], [-99.39104, 44.09208], [-99.39337, 44.09444], [-99.39589, 44.097], [-99.3979, 44.09901], [-99.40022, 44.10137], [-99.40255, 44.10371], [-99.40486, 44.10605], [-99.40719, 44.1084], [-99.40957, 44.11083], [-99.41191, 44.11321], [-99.41429, 44.11559], [-99.41661, 44.11793], [-99.41851, 44.11986], [-99.42075, 44.12213], [-99.42324, 44.12465], [-99.42514, 44.12659], [-99.42756, 44.12903], [-99.42868, 44.13004], [-99.42981, 44.13105], [-99.43069, 44.13138], [-99.43186, 44.13182], [-99.43395, 44.13247], [-99.43537, 44.13249], [-99.43595, 44.13283]]}, "properties": {"owner": "WAPA-- WESTERN AREA POWER ADMINISTRATION", "voltage_kv": 230.0}}, {"type": "Feature", "geometry": {"type": "LineString", "coordinates": [[-98.95666, 43.60097], [-98.95542, 43.60113], [-98.9535, 43.59892], [-98.95138, 43.59648], [-98.94941, 43.59419], [-98.9474, 43.59187], [-98.94537, 43.58952], [-98.94337, 43.58718], [-98.94121, 43.58474], [-98.93915, 43.58237], [-98.93704, 43.57993], [-98.93491, 43.57745], [-98.93279, 43.57502], [-98.93067, 43.57258], [-98.92855, 43.57015], [-98.92644, 43.56772], [-98.92433, 43.56528], [-98.92232, 43.56295], [-98.9203, 43.56064], [-98.91828, 43.55832], [-98.91625, 43.55599], [-98.91425, 43.55368], [-98.91224, 43.55135], [-98.91024, 43.54903], [-98.90821, 43.54668], [-98.90604, 43.54432], [-98.90383, 43.54192], [-98.90162, 43.53949], [-98.89942, 43.5371], [-98.89724, 43.53472], [-98.89503, 43.53232], [-98.89287, 43.52995], [-98.89065, 43.52753], [-98.88844, 43.52514], [-98.88635, 43.52284], [-98.88407, 43.52035], [-98.88196, 43.51806], [-98.87978, 43.51566], [-98.87754, 43.51325], [-98.87535, 43.51085], [-98.87316, 43.50846], [-98.87095, 43.50605], [-98.86877, 43.50367], [-98.8666, 43.50127], [-98.86444, 43.49888], [-98.86219, 43.49647], [-98.86001, 43.49408], [-98.85782, 43.49167], [-98.85563, 43.48927], [-98.85333, 43.48677], [-98.85113, 43.48437], [-98.84895, 43.48198], [-98.84676, 43.47957], [-98.84456, 43.47717], [-98.84235, 43.47478], [-98.84017, 43.47238], [-98.83797, 43.46998], [-98.83577, 43.46758], [-98.83358, 43.46519], [-98.83137, 43.46278], [-98.8292, 43.46039], [-98.82701, 43.45799], [-98.82482, 43.45561], [-98.82262, 43.45321], [-98.82043, 43.45082], [-98.81845, 43.44864], [-98.81615, 43.44612], [-98.81407, 43.44384], [-98.81209, 43.44168], [-98.81011, 43.43951], [-98.80803, 43.43723], [-98.80608, 43.43511], [-98.80385, 43.43266], [-98.80168, 43.43027], [-98.79942, 43.42782], [-98.79729, 43.42547], [-98.7951, 43.42307], [-98.79291, 43.42069], [-98.79073, 43.41828], [-98.78854, 43.41588], [-98.78622, 43.41338], [-98.78404, 43.41099], [-98.78186, 43.40859], [-98.77971, 43.40619], [-98.7775, 43.40379], [-98.77545, 43.40152], [-98.77335, 43.39923], [-98.77116, 43.39683], [-98.76899, 43.39443], [-98.7668, 43.39204], [-98.76461, 43.38963], [-98.76241, 43.38724], [-98.76035, 43.38495], [-98.75825, 43.38266], [-98.75621, 43.38044], [-98.75468, 43.37784], [-98.75309, 43.37521], [-98.75152, 43.37256], [-98.74994, 43.36992], [-98.74837, 43.36729], [-98.74679, 43.36465], [-98.74521, 43.36201], [-98.74363, 43.35938], [-98.74206, 43.35671], [-98.74048, 43.35408], [-98.73889, 43.35143], [-98.73732, 43.34879], [-98.73574, 43.34616], [-98.73424, 43.34363], [-98.73272, 43.34112], [-98.73117, 43.33848], [-98.7296, 43.33584], [-98.72801, 43.33321], [-98.72649, 43.33068], [-98.72495, 43.32804], [-98.72336, 43.3254], [-98.72177, 43.32275], [-98.72021, 43.32014], [-98.71862, 43.31747], [-98.71713, 43.31496], [-98.71562, 43.31244], [-98.71405, 43.30979], [-98.71247, 43.30716], [-98.71089, 43.30451], [-98.70933, 43.30187], [-98.70777, 43.29922], [-98.70633, 43.29683], [-98.70618, 43.29659], [-98.70461, 43.29394], [-98.70305, 43.29131], [-98.70146, 43.28868], [-98.69989, 43.28602], [-98.69831, 43.28339], [-98.69682, 43.28086], [-98.69524, 43.27822], [-98.69375, 43.27571], [-98.69224, 43.27318], [-98.69076, 43.27067], [-98.68925, 43.26816], [-98.68737, 43.26562], [-98.68552, 43.26308], [-98.68357, 43.26042], [-98.68162, 43.25776], [-98.67977, 43.25521], [-98.67789, 43.25267], [-98.67604, 43.25014], [-98.67418, 43.2476], [-98.67223, 43.24493], [-98.67039, 43.24239], [-98.66859, 43.23997], [-98.66676, 43.23745], [-98.66498, 43.23502], [-98.66302, 43.23235], [-98.66101, 43.22988], [-98.65919, 43.22763], [-98.65718, 43.22516], [-98.65516, 43.22268], [-98.65314, 43.22021], [-98.65114, 43.21773], [-98.64923, 43.21537], [-98.6472, 43.2129], [-98.64519, 43.21042], [-98.64332, 43.2081], [-98.64117, 43.20546], [-98.63917, 43.20298], [-98.63714, 43.20051], [-98.63513, 43.19804], [-98.63313, 43.19555], [-98.6311, 43.19309], [-98.6291, 43.19062], [-98.62708, 43.18813], [-98.62505, 43.18565], [-98.62305, 43.18317], [-98.62107, 43.1807], [-98.61917, 43.17835], [-98.61722, 43.17597], [-98.61532, 43.17361], [-98.61336, 43.17114], [-98.6115, 43.16889], [-98.60967, 43.16666], [-98.60778, 43.16429], [-98.60593, 43.16204], [-98.60421, 43.15991], [-98.60211, 43.15732], [-98.60022, 43.15496], [-98.59851, 43.15285], [-98.59665, 43.15029], [-98.59664, 43.14824], [-98.59787, 43.14637], [-98.59799, 43.14291], [-98.59623, 43.14019], [-98.5945, 43.13746], [-98.59221, 43.13607], [-98.58696, 43.13402], [-98.58423, 43.13295], [-98.58102, 43.13095], [-98.57872, 43.12843], [-98.57672, 43.12596], [-98.57471, 43.12347], [-98.5727, 43.121], [-98.57069, 43.11851], [-98.56869, 43.11605], [-98.5658, 43.11286], [-98.56454, 43.11115], [-98.56266, 43.10861], [-98.56065, 43.10613], [-98.55865, 43.10366], [-98.55665, 43.10118], [-98.55465, 43.09869], [-98.55263, 43.09622], [-98.55055, 43.09364], [-98.54928, 43.09089], [-98.54801, 43.08816], [-98.54678, 43.08544], [-98.54543, 43.08259], [-98.54425, 43.08011], [-98.54272, 43.07674], [-98.54164, 43.0744], [-98.54045, 43.07181], [-98.54073, 43.07076], [-98.5408, 43.0705], [-98.54095, 43.06994], [-98.54359, 43.06775], [-98.54955, 43.06498], [-98.55422, 43.06299], [-98.5547, 43.06296]]}, "properties": {"owner": "NOT AVAILABLE", "voltage_kv": 230.0}}, {"type": "Feature", "geometry": {"type": "LineString", "coordinates": [[-96.5293, 44.38926], [-96.5291, 44.38981], [-96.52773, 44.38981], [-96.5256, 44.38978], [-96.52578, 44.38405], [-96.5253, 44.38403], [-96.5185, 44.38402], [-96.51732, 44.38399], [-96.51457, 44.38397], [-96.51078, 44.38378], [-96.50452, 44.38376], [-96.49767, 44.38374], [-96.49023, 44.3837], [-96.48661, 44.38369], [-96.48561, 44.38614], [-96.4855, 44.39058], [-96.4785, 44.39057], [-96.47585, 44.39098], [-96.47194, 44.39103], [-96.46907, 44.39105], [-96.46589, 44.39106], [-96.46582, 44.39373], [-96.46569, 44.39891], [-96.46558, 44.40439], [-96.46547, 44.40961], [-96.46537, 44.4151], [-96.46533, 44.4206], [-96.46535, 44.42326], [-96.46544, 44.42589], [-96.46538, 44.43116], [-96.46533, 44.4338], [-96.46528, 44.43644], [-96.46521, 44.43907], [-96.4652, 44.4417], [-96.45872, 44.44165], [-96.45229, 44.44162], [-96.45224, 44.44438], [-96.45214, 44.44713], [-96.4521, 44.45], [-96.45208, 44.4527], [-96.45207, 44.45556], [-96.45199, 44.45835], [-96.45441, 44.45838], [-96.45449, 44.46359], [-96.45453, 44.46585], [-96.4546, 44.47038], [-96.45177, 44.47037], [-96.45179, 44.47347], [-96.44767, 44.47345], [-96.44063, 44.47348], [-96.43305, 44.47347], [-96.42911, 44.4735], [-96.42183, 44.4735], [-96.41825, 44.4735], [-96.41462, 44.47329], [-96.40696, 44.47331], [-96.40443, 44.47506], [-96.40421, 44.48039], [-96.40422, 44.48309], [-96.40415, 44.48581], [-96.40414, 44.48857], [-96.40414, 44.49409], [-96.40415, 44.49685], [-96.40421, 44.50234], [-96.40421, 44.50506], [-96.40414, 44.51046], [-96.40412, 44.5132], [-96.40414, 44.51853], [-96.4042, 44.521], [-96.40427, 44.52617], [-96.40438, 44.52894], [-96.40444, 44.5317], [-96.40052, 44.53172], [-96.39669, 44.53173], [-96.38947, 44.53177], [-96.38212, 44.53183], [-96.37445, 44.53178], [-96.3671, 44.53171], [-96.35629, 44.53175], [-96.35249, 44.53178], [-96.34878, 44.53185], [-96.34493, 44.53188], [-96.34098, 44.53189], [-96.33705, 44.53189], [-96.33322, 44.53185], [-96.32931, 44.53182], [-96.32542, 44.53181], [-96.3215, 44.53184], [-96.31767, 44.53207], [-96.31385, 44.53225], [-96.31006, 44.53235], [-96.3063, 44.53221], [-96.30259, 44.53229], [-96.29879, 44.53242], [-96.29485, 44.53253], [-96.29103, 44.53265], [-96.28705, 44.53264], [-96.28312, 44.53263], [-96.27966, 44.53264], [-96.27623, 44.53264], [-96.27216, 44.53263], [-96.26824, 44.53259], [-96.26432, 44.53256], [-96.26036, 44.53254], [-96.25658, 44.53253], [-96.25275, 44.53257], [-96.24938, 44.53257], [-96.24588, 44.53282], [-96.24206, 44.53284], [-96.23893, 44.53282], [-96.23508, 44.53282], [-96.23132, 44.53282], [-96.2282, 44.5328], [-96.22518, 44.53276], [-96.22183, 44.53278], [-96.21798, 44.53279], [-96.21411, 44.53282], [-96.20651, 44.53286], [-96.20265, 44.5329], [-96.19885, 44.53291], [-96.19519, 44.53286], [-96.19154, 44.53282], [-96.18811, 44.5328], [-96.1843, 44.53273], [-96.17674, 44.53273], [-96.17285, 44.5327], [-96.16906, 44.53266], [-96.16511, 44.53266], [-96.16129, 44.53264], [-96.15752, 44.53258], [-96.15365, 44.5325], [-96.14985, 44.53241], [-96.14598, 44.53236], [-96.14207, 44.53231], [-96.13828, 44.53225], [-96.13042, 44.53215], [-96.1267, 44.53211], [-96.11941, 44.53202], [-96.11612, 44.53206], [-96.11301, 44.53207], [-96.10526, 44.53221], [-96.10159, 44.53228], [-96.09395, 44.53225], [-96.09014, 44.53223], [-96.08358, 44.53221], [-96.08039, 44.53219], [-96.08043, 44.5349], [-96.0805, 44.54072], [-96.08053, 44.5436], [-96.07745, 44.54361], [-96.07459, 44.54355], [-96.07117, 44.54351], [-96.06742, 44.54351], [-96.06359, 44.54354], [-96.05989, 44.54352], [-96.05243, 44.54355], [-96.04872, 44.54352], [-96.04488, 44.54352], [-96.03742, 44.54348], [-96.03354, 44.54348], [-96.02963, 44.54349], [-96.02218, 44.5435], [-96.01523, 44.54354], [-96.01205, 44.54351], [-96.00825, 44.54327], [-96.00442, 44.54326], [-96.00061, 44.5435], [-95.99682, 44.54346], [-95.99322, 44.54346], [-95.98934, 44.54346], [-95.98536, 44.54344], [-95.98156, 44.54343], [-95.97765, 44.54344], [-95.97378, 44.54344], [-95.96995, 44.54343], [-95.9662, 44.54345], [-95.96201, 44.5433], [-95.95788, 44.54331], [-95.95436, 44.54337], [-95.95085, 44.54335], [-95.94724, 44.54324], [-95.94399, 44.54324], [-95.94001, 44.54329], [-95.92815, 44.54327], [-95.92047, 44.54326], [-95.91272, 44.54322], [-95.90499, 44.54324], [-95.88781, 44.54329], [-95.8878, 44.53775], [-95.88011, 44.53768], [-95.87749, 44.54016], [-95.87757, 44.5433], [-95.86717, 44.54327], [-95.85614, 44.54325], [-95.85213, 44.54322], [-95.84822, 44.54319], [-95.84423, 44.54316], [-95.84027, 44.54338], [-95.83259, 44.54332], [-95.82888, 44.5433], [-95.82498, 44.54326], [-95.82167, 44.54299], [-95.81775, 44.54295], [-95.80656, 44.54288], [-95.80293, 44.54288], [-95.79524, 44.54287], [-95.78744, 44.54293], [-95.77959, 44.54297], [-95.77573, 44.54306], [-95.77163, 44.54306], [-95.76759, 44.54304], [-95.75995, 44.54306], [-95.75608, 44.54289], [-95.7522, 44.54281], [-95.74823, 44.54283], [-95.74433, 44.54286], [-95.74029, 44.54286], [-95.73642, 44.54268], [-95.73636, 44.53635], [-95.73633, 44.53206], [-95.73628, 44.52731], [-95.73627, 44.52117], [-95.73586, 44.51835], [-95.73579, 44.51327], [-95.73577, 44.51204], [-95.73569, 44.50384], [-95.73559, 44.50105], [-95.73562, 44.49835], [-95.73563, 44.49548], [-95.73561, 44.49272], [-95.73558, 44.48987], [-95.73557, 44.48726], [-95.73621, 44.48627], [-95.73618, 44.48399], [-95.73617, 44.48135], [-95.73617, 44.4788], [-95.73614, 44.47629], [-95.73612, 44.47414], [-95.73613, 44.4721], [-95.73225, 44.47208], [-95.72834, 44.47211], [-95.72448, 44.47214], [-95.72057, 44.47213], [-95.71661, 44.47217], [-95.71277, 44.47216], [-95.70883, 44.47215], [-95.70483, 44.47214], [-95.70108, 44.47216], [-95.69734, 44.47213], [-95.69389, 44.47213], [-95.68669, 44.47209], [-95.68304, 44.47208], [-95.67949, 44.47295], [-95.6755, 44.47387], [-95.67412, 44.47388], [-95.67404, 44.47351]]}, "properties": {"owner": "OTTER TAIL POWER CO", "voltage_kv": 345.0}}, {"type": "Feature", "geometry": {"type": "LineString", "coordinates": [[-100.72897, 46.81385], [-100.72866, 46.81373], [-100.72804, 46.81161], [-100.72279, 46.8071], [-100.71504, 46.80046], [-100.70512, 46.79189], [-100.69838, 46.786], [-100.68743, 46.78304], [-100.67611, 46.78001], [-100.66029, 46.77569], [-100.64881, 46.77263], [-100.64219, 46.76699], [-100.63413, 46.7601], [-100.62435, 46.7519], [-100.62257, 46.74899], [-100.61946, 46.74428], [-100.61396, 46.73593], [-100.61026, 46.73023], [-100.60677, 46.7249], [-100.60143, 46.7167], [-100.59479, 46.70659], [-100.59005, 46.69938], [-100.58308, 46.68861], [-100.577, 46.6809], [-100.56843, 46.67257], [-100.55728, 46.66242], [-100.54689, 46.65285], [-100.53444, 46.6413], [-100.52639, 46.63376], [-100.51688, 46.62498], [-100.50527, 46.61416], [-100.49716, 46.60671], [-100.48895, 46.59887], [-100.47842, 46.58908], [-100.47096, 46.58204], [-100.46548, 46.57703], [-100.45762, 46.56972], [-100.45333, 46.55949], [-100.44996, 46.55133], [-100.44502, 46.53948], [-100.44051, 46.52864], [-100.43564, 46.51684], [-100.43082, 46.50524], [-100.42476, 46.49058], [-100.42037, 46.47976], [-100.41641, 46.46986], [-100.41162, 46.45826], [-100.40812, 46.44988], [-100.40332, 46.43824], [-100.39989, 46.42993], [-100.39525, 46.41873], [-100.39047, 46.40726], [-100.38622, 46.39697], [-100.38161, 46.38599], [-100.37762, 46.37621], [-100.37338, 46.3659], [-100.36809, 46.35312], [-100.36337, 46.34165], [-100.35859, 46.33018], [-100.35505, 46.32146], [-100.35043, 46.31024], [-100.34703, 46.30196], [-100.34237, 46.29129], [-100.33746, 46.28035], [-100.33458, 46.2743], [-100.32871, 46.26155], [-100.32481, 46.2532], [-100.32124, 46.24562], [-100.31765, 46.23774], [-100.31398, 46.22972], [-100.30871, 46.21965], [-100.30397, 46.21106], [-100.29757, 46.19951], [-100.29161, 46.18857], [-100.28538, 46.17739], [-100.28107, 46.1694], [-100.27661, 46.16139], [-100.26933, 46.14928], [-100.26305, 46.13882], [-100.25707, 46.12862], [-100.25216, 46.12054], [-100.24762, 46.11302], [-100.24256, 46.10479], [-100.23558, 46.09329], [-100.2284, 46.08142], [-100.22842, 46.07942], [-100.22849, 46.06927], [-100.22847, 46.05724], [-100.22849, 46.04459], [-100.22849, 46.033], [-100.22855, 46.02162], [-100.22849, 46.01057], [-100.22856, 45.99856], [-100.22855, 45.98765], [-100.2285, 45.97803], [-100.22862, 45.96709], [-100.22863, 45.95479], [-100.2286, 45.9418], [-100.22857, 45.94112], [-100.22857, 45.939], [-100.22856, 45.93587], [-100.22859, 45.93325], [-100.22857, 45.9301], [-100.22857, 45.92695], [-100.22858, 45.92543], [-100.22859, 45.9238], [-100.22859, 45.92063], [-100.22859, 45.91749], [-100.22861, 45.91433], [-100.22862, 45.91146], [-100.2286, 45.90872], [-100.22861, 45.90571], [-100.22862, 45.90255], [-100.22861, 45.89939], [-100.2286, 45.89624], [-100.22862, 45.89309], [-100.22861, 45.89008], [-100.22862, 45.88691], [-100.22861, 45.88403], [-100.22862, 45.8809], [-100.22863, 45.87827], [-100.22861, 45.87514], [-100.22863, 45.87197], [-100.22861, 45.86951], [-100.22864, 45.86649], [-100.22863, 45.8636], [-100.22864, 45.86045], [-100.22863, 45.85731], [-100.22861, 45.85416], [-100.22865, 45.85101], [-100.22864, 45.84786], [-100.22861, 45.84498], [-100.22864, 45.84197], [-100.22866, 45.83895], [-100.22866, 45.8358], [-100.22866, 45.83266], [-100.22866, 45.83038], [-100.22864, 45.82799], [-100.22864, 45.82525], [-100.22866, 45.82209], [-100.22867, 45.81923], [-100.22867, 45.8169], [-100.22866, 45.81375], [-100.22866, 45.81088], [-100.22864, 45.8077], [-100.22866, 45.80484], [-100.22867, 45.80182], [-100.22865, 45.79866], [-100.22866, 45.79606], [-100.22867, 45.7929], [-100.22867, 45.78989], [-100.22867, 45.78673], [-100.22868, 45.7844], [-100.22869, 45.78181], [-100.22866, 45.77864], [-100.22868, 45.77549], [-100.22868, 45.77233], [-100.22869, 45.76917], [-100.22868, 45.76647], [-100.22867, 45.76329], [-100.22868, 45.76082], [-100.22869, 45.75767], [-100.22869, 45.75453], [-100.22869, 45.75139], [-100.22869, 45.74836], [-100.22869, 45.74548], [-100.22869, 45.74261], [-100.22869, 45.73958], [-100.22869, 45.73683], [-100.22872, 45.73458], [-100.2287, 45.73178], [-100.22872, 45.7293], [-100.22867, 45.72614], [-100.22867, 45.72422], [-100.22869, 45.72107], [-100.22869, 45.7193], [-100.2287, 45.71644], [-100.22871, 45.71382], [-100.22872, 45.7119], [-100.22867, 45.70835], [-100.22867, 45.70698], [-100.22869, 45.70412], [-100.2287, 45.70218], [-100.22872, 45.69998], [-100.22869, 45.69683], [-100.2287, 45.69382], [-100.22869, 45.69081], [-100.22869, 45.68766], [-100.2287, 45.68464], [-100.22872, 45.68148], [-100.2287, 45.67834], [-100.22869, 45.67516], [-100.22872, 45.67202], [-100.22872, 45.669], [-100.22869, 45.66587], [-100.22872, 45.66283], [-100.22872, 45.65967], [-100.22873, 45.65654], [-100.22872, 45.65352], [-100.22875, 45.65078], [-100.22872, 45.64776], [-100.22872, 45.64475], [-100.22874, 45.64173], [-100.22873, 45.6387], [-100.22869, 45.63583], [-100.22874, 45.63292], [-100.22894, 45.6298], [-100.2292, 45.62679], [-100.22944, 45.62379], [-100.22965, 45.62091], [-100.22988, 45.61775], [-100.23008, 45.6147], [-100.23005, 45.61158], [-100.23001, 45.60846], [-100.22996, 45.60555], [-100.22993, 45.60282], [-100.22988, 45.59994], [-100.22982, 45.59705], [-100.22976, 45.59428], [-100.22961, 45.5913], [-100.22946, 45.58828], [-100.22905, 45.58474], [-100.22878, 45.58187], [-100.22847, 45.579], [-100.22809, 45.57583], [-100.22795, 45.57297], [-100.22783, 45.57007], [-100.22765, 45.56706], [-100.22751, 45.56393], [-100.22736, 45.56077], [-100.2272, 45.55761], [-100.22704, 45.55447], [-100.22688, 45.55147], [-100.22671, 45.5483], [-100.22656, 45.54541], [-100.22642, 45.5424], [-100.22628, 45.53966], [-100.22615, 45.53735], [-100.22604, 45.53546], [-100.22611, 45.53496], [-100.22561, 45.53458]]}, "properties": {"owner": "NOT AVAILABLE", "voltage_kv": 230.0}}, {"type": "Feature", "geometry": {"type": "LineString", "coordinates": [[-101.69606, 44.30425], [-101.69605, 44.30406], [-101.69607, 44.30341], [-101.69605, 44.30273], [-101.69604, 44.30204], [-101.69608, 44.30024], [-101.69608, 44.29863], [-101.69609, 44.29722], [-101.69609, 44.29532], [-101.69611, 44.29313], [-101.69613, 44.29169], [-101.69612, 44.28927], [-101.69611, 44.2874], [-101.69611, 44.28557], [-101.69612, 44.28367], [-101.6961, 44.28161], [-101.69615, 44.27983], [-101.69623, 44.27805], [-101.69632, 44.27656], [-101.69631, 44.27451], [-101.69634, 44.27281], [-101.69639, 44.27073], [-101.69645, 44.26839], [-101.6965, 44.26626], [-101.69656, 44.26399], [-101.69666, 44.26192], [-101.69666, 44.26015], [-101.69672, 44.25816], [-101.69675, 44.25606], [-101.6968, 44.25411], [-101.69685, 44.25191], [-101.69689, 44.24988], [-101.69694, 44.24789], [-101.69701, 44.24583], [-101.69705, 44.24383], [-101.69709, 44.24193], [-101.69706, 44.24004], [-101.69703, 44.23804], [-101.69701, 44.23636], [-101.69698, 44.23471], [-101.69693, 44.2328], [-101.6969, 44.23115], [-101.69687, 44.22909], [-101.6968, 44.22676], [-101.69673, 44.22443], [-101.69668, 44.2221], [-101.69664, 44.2202], [-101.69659, 44.21872], [-101.6966, 44.21676], [-101.69655, 44.21542], [-101.69651, 44.21344], [-101.69647, 44.21185], [-101.69645, 44.20953], [-101.69638, 44.2073], [-101.69633, 44.20538], [-101.6963, 44.20357], [-101.69626, 44.2014], [-101.69619, 44.19922], [-101.69618, 44.19754], [-101.69615, 44.1955], [-101.69607, 44.19353], [-101.69606, 44.19147], [-101.69602, 44.18909], [-101.69599, 44.18782], [-101.69591, 44.18585], [-101.69585, 44.18385], [-101.69589, 44.18242], [-101.69592, 44.18034], [-101.69596, 44.17803], [-101.696, 44.17601], [-101.69607, 44.17392], [-101.69608, 44.17216], [-101.69611, 44.17003], [-101.69615, 44.16799], [-101.69616, 44.16643], [-101.69619, 44.16494], [-101.69623, 44.16313], [-101.69625, 44.16112], [-101.69627, 44.15938], [-101.69632, 44.15735], [-101.69636, 44.15568], [-101.6964, 44.15367], [-101.69641, 44.15156], [-101.69645, 44.14962], [-101.69648, 44.14756], [-101.69651, 44.14576], [-101.69654, 44.14364], [-101.69659, 44.14164], [-101.69663, 44.13964], [-101.69667, 44.1379], [-101.69668, 44.13601], [-101.69671, 44.13404], [-101.69674, 44.13215], [-101.69677, 44.13024], [-101.69677, 44.12853], [-101.69766, 44.12724], [-101.69853, 44.12599], [-101.6985, 44.12447], [-101.69841, 44.12258], [-101.69836, 44.12088], [-101.69828, 44.11885], [-101.69821, 44.11722], [-101.69815, 44.11529], [-101.69812, 44.11326], [-101.6981, 44.11157], [-101.6972, 44.11024], [-101.69597, 44.10848], [-101.69466, 44.10647], [-101.69358, 44.10492], [-101.6926, 44.10349], [-101.69134, 44.10159], [-101.69008, 44.09971], [-101.68895, 44.09805], [-101.6877, 44.09613], [-101.68686, 44.09504], [-101.68632, 44.09338], [-101.68576, 44.092], [-101.68589, 44.09047], [-101.68598, 44.0891], [-101.68604, 44.08778], [-101.68614, 44.08595], [-101.68619, 44.08527], [-101.68623, 44.08465], [-101.68625, 44.08398], [-101.68625, 44.08389], [-101.68639, 44.08326]]}, "properties": {"owner": "WEST RIVER ELECTRIC ASSN INC", "voltage_kv": 230.0}}, {"type": "Feature", "geometry": {"type": "LineString", "coordinates": [[-98.55351, 43.06517], [-98.55473, 43.06476], [-98.5547, 43.06296]]}, "properties": {"owner": "NORTHWESTERN ENERGY - (SD)", "voltage_kv": 230.0}}, {"type": "Feature", "geometry": {"type": "LineString", "coordinates": [[-97.04104, 44.88374], [-97.04077, 44.88427], [-97.04078, 44.88435], [-97.04078, 44.88443], [-97.04082, 44.88515], [-97.04057, 44.88707], [-97.04026, 44.88951], [-97.04008, 44.89279], [-97.03985, 44.8958], [-97.03962, 44.89939], [-97.03942, 44.9018], [-97.03919, 44.90533], [-97.03898, 44.90835], [-97.03876, 44.91137], [-97.03854, 44.91435], [-97.03832, 44.91736], [-97.03816, 44.92048], [-97.03787, 44.92346], [-97.03772, 44.9265], [-97.03751, 44.9295], [-97.03729, 44.93221], [-97.0371, 44.93529], [-97.03707, 44.93804], [-97.03707, 44.94129], [-97.03707, 44.94415], [-97.03705, 44.94676], [-97.03704, 44.95012], [-97.03701, 44.95348], [-97.03699, 44.95632], [-97.03701, 44.95955], [-97.03696, 44.96313], [-97.037, 44.9667], [-97.03696, 44.9701], [-97.03695, 44.97257], [-97.04095, 44.97396], [-97.0413, 44.97408], [-97.04539, 44.9755], [-97.04873, 44.97667], [-97.05175, 44.97771], [-97.05606, 44.9792], [-97.05959, 44.98049], [-97.06346, 44.98179], [-97.06713, 44.98309], [-97.07119, 44.98451], [-97.07512, 44.98587], [-97.07889, 44.98719], [-97.08259, 44.98847], [-97.08628, 44.98971], [-97.08971, 44.99084], [-97.09354, 44.99217], [-97.09743, 44.99352], [-97.10097, 44.99479], [-97.10479, 44.99608], [-97.10862, 44.99739], [-97.11267, 44.99877], [-97.11675, 45.00017], [-97.1201, 45.00147], [-97.12344, 45.00252], [-97.12711, 45.00375], [-97.13088, 45.00508], [-97.13475, 45.00641], [-97.13854, 45.00771], [-97.1426, 45.00914], [-97.14647, 45.01048], [-97.15049, 45.01184], [-97.15411, 45.01308], [-97.15778, 45.01442], [-97.1616, 45.0157], [-97.16586, 45.01714], [-97.16977, 45.01852], [-97.17376, 45.01989], [-97.17763, 45.02122], [-97.18143, 45.02252], [-97.18538, 45.02389], [-97.18924, 45.02528], [-97.19305, 45.02654], [-97.19688, 45.02791], [-97.19992, 45.02894], [-97.20332, 45.02902], [-97.20722, 45.02917], [-97.21148, 45.02929], [-97.21593, 45.02934], [-97.2202, 45.02944], [-97.22456, 45.02955], [-97.22894, 45.02967], [-97.23345, 45.02978], [-97.23768, 45.02988], [-97.24189, 45.02999], [-97.24589, 45.03009], [-97.2502, 45.03021], [-97.25463, 45.03029], [-97.25903, 45.0304], [-97.26353, 45.03053], [-97.26801, 45.03056], [-97.27103, 45.03057], [-97.27419, 45.0306], [-97.27826, 45.03062], [-97.28211, 45.03067], [-97.28643, 45.03069], [-97.29054, 45.03073], [-97.2948, 45.03075], [-97.29887, 45.03081], [-97.30336, 45.03083], [-97.30838, 45.03089], [-97.31327, 45.03107], [-97.31765, 45.03123], [-97.32226, 45.03141], [-97.32664, 45.03156], [-97.33106, 45.03174], [-97.33555, 45.03191], [-97.33999, 45.03207], [-97.34449, 45.03224], [-97.34953, 45.03244], [-97.35427, 45.0326], [-97.35856, 45.03277], [-97.36303, 45.03292], [-97.36694, 45.03309], [-97.37094, 45.03322], [-97.37369, 45.03332], [-97.379, 45.03352], [-97.38417, 45.03372], [-97.38746, 45.03367], [-97.3913, 45.03362], [-97.39497, 45.03359], [-97.3989, 45.03352], [-97.40262, 45.03347], [-97.40622, 45.03342], [-97.41033, 45.03337], [-97.41495, 45.03331], [-97.42123, 45.03318], [-97.42424, 45.03319], [-97.42824, 45.03313], [-97.43199, 45.03307], [-97.43682, 45.03298], [-97.4405, 45.03366], [-97.44372, 45.03424], [-97.44793, 45.035], [-97.45183, 45.03569], [-97.45589, 45.03643], [-97.45959, 45.03707], [-97.46234, 45.03761], [-97.4666, 45.03835], [-97.47124, 45.03915], [-97.4756, 45.03992], [-97.47896, 45.0405], [-97.4825, 45.04098], [-97.48674, 45.04153], [-97.49124, 45.0421], [-97.49446, 45.04247], [-97.4988, 45.04309], [-97.50351, 45.04366], [-97.50817, 45.04423], [-97.51234, 45.04477], [-97.51563, 45.0452], [-97.52011, 45.04578], [-97.5239, 45.04626], [-97.52854, 45.04682], [-97.53234, 45.04733], [-97.53694, 45.0475], [-97.54106, 45.04763], [-97.54524, 45.04776], [-97.54903, 45.04788], [-97.55255, 45.04799], [-97.5569, 45.04816], [-97.56054, 45.04829], [-97.56338, 45.04843], [-97.56641, 45.04851], [-97.56926, 45.0486], [-97.57287, 45.04923], [-97.57719, 45.04996], [-97.57984, 45.0504], [-97.58458, 45.05124], [-97.58938, 45.05203], [-97.59376, 45.05277], [-97.59848, 45.05359], [-97.6016, 45.05409], [-97.6054, 45.05472], [-97.60969, 45.05549], [-97.61365, 45.05616], [-97.61833, 45.05698], [-97.62208, 45.05765], [-97.62692, 45.05847], [-97.63075, 45.05912], [-97.63346, 45.05955], [-97.63811, 45.06037], [-97.64174, 45.0609], [-97.64551, 45.06156], [-97.65037, 45.06222], [-97.65467, 45.06312], [-97.65772, 45.06465], [-97.66039, 45.066], [-97.6633, 45.06749], [-97.66697, 45.06966], [-97.67008, 45.07101], [-97.67345, 45.07272], [-97.67729, 45.07471], [-97.68095, 45.07662], [-97.68501, 45.07874], [-97.68886, 45.08062], [-97.69228, 45.08248], [-97.69562, 45.08419], [-97.69938, 45.08617], [-97.7027, 45.08783], [-97.70539, 45.08905], [-97.70914, 45.09059], [-97.71278, 45.09212], [-97.71671, 45.09381], [-97.7207, 45.0955], [-97.72429, 45.09704], [-97.72768, 45.09852], [-97.73132, 45.10006], [-97.73517, 45.10168], [-97.73841, 45.10307], [-97.74185, 45.10454], [-97.74573, 45.10619], [-97.74957, 45.10782], [-97.75304, 45.10933], [-97.75647, 45.11087], [-97.76015, 45.11236], [-97.7639, 45.11397], [-97.76716, 45.11542], [-97.77136, 45.11719], [-97.77437, 45.11848], [-97.77858, 45.12024], [-97.78175, 45.12161], [-97.78547, 45.12329], [-97.78975, 45.12486], [-97.79371, 45.12649], [-97.79782, 45.12829], [-97.80064, 45.12956], [-97.80484, 45.1314], [-97.80775, 45.13262], [-97.8111, 45.13408], [-97.81527, 45.13583], [-97.81792, 45.137], [-97.82135, 45.1385], [-97.82527, 45.1402], [-97.82791, 45.14293], [-97.83051, 45.14563], [-97.83285, 45.14807], [-97.83542, 45.15077], [-97.83797, 45.15349], [-97.84036, 45.15598], [-97.84306, 45.1588], [-97.84549, 45.1614], [-97.84801, 45.16401], [-97.85026, 45.16633], [-97.85292, 45.1691], [-97.85479, 45.17113], [-97.85729, 45.17376], [-97.86003, 45.1766], [-97.86277, 45.17944], [-97.86543, 45.18225], [-97.86826, 45.18521], [-97.87082, 45.188], [-97.87307, 45.19025], [-97.87551, 45.19278], [-97.87737, 45.19476], [-97.87958, 45.19702], [-97.882, 45.19955], [-97.88445, 45.20219], [-97.88672, 45.20458], [-97.88869, 45.20665], [-97.89145, 45.20957], [-97.89381, 45.21203], [-97.89643, 45.21478], [-97.89917, 45.21765], [-97.90156, 45.22019], [-97.90417, 45.22288], [-97.90591, 45.2247], [-97.9086, 45.22751], [-97.91113, 45.23016], [-97.9125, 45.23277], [-97.91353, 45.23478], [-97.91524, 45.2381], [-97.91646, 45.24047], [-97.91776, 45.24297], [-97.91909, 45.24548], [-97.92071, 45.24871], [-97.92197, 45.25112], [-97.92372, 45.25427], [-97.92467, 45.25613], [-97.92602, 45.25881], [-97.92733, 45.26136], [-97.92889, 45.26423], [-97.93056, 45.26735], [-97.93171, 45.26972], [-97.93311, 45.27249], [-97.93461, 45.27553], [-97.93631, 45.27885], [-97.93795, 45.28204], [-97.93953, 45.28521], [-97.94128, 45.28839], [-97.94286, 45.29142], [-97.94432, 45.29428], [-97.94583, 45.29719], [-97.94731, 45.30005], [-97.9487, 45.30272], [-97.95017, 45.30562], [-97.95158, 45.30836], [-97.95291, 45.31087], [-97.95425, 45.31348], [-97.95584, 45.31651], [-97.95732, 45.31934], [-97.9587, 45.32188], [-97.96031, 45.32521], [-97.96169, 45.32778], [-97.96272, 45.3304], [-97.96438, 45.33301], [-97.96587, 45.33591], [-97.9692, 45.338], [-97.97242, 45.34004], [-97.97585, 45.34219], [-97.97702, 45.34293], [-97.97907, 45.34423], [-97.98233, 45.34628], [-97.98558, 45.34835], [-97.98893, 45.35046], [-97.99255, 45.35278], [-97.9959, 45.35485], [-97.99938, 45.35708], [-98.00229, 45.35891], [-98.00545, 45.36089], [-98.00878, 45.36301], [-98.01182, 45.36494], [-98.0155, 45.36717], [-98.01907, 45.36949], [-98.02286, 45.37191], [-98.02365, 45.37239], [-98.02663, 45.37419], [-98.03092, 45.37424], [-98.03494, 45.37422], [-98.03944, 45.37423], [-98.04127, 45.37424], [-98.04367, 45.37426], [-98.0482, 45.37423], [-98.05254, 45.37432], [-98.05687, 45.37425], [-98.06099, 45.37436], [-98.06528, 45.37435], [-98.06923, 45.37431], [-98.07395, 45.37429], [-98.07835, 45.37427], [-98.08004, 45.37427], [-98.08265, 45.37429], [-98.08702, 45.3743], [-98.09141, 45.3743], [-98.09541, 45.37428], [-98.09566, 45.37428], [-98.09597, 45.37428], [-98.09909, 45.37428], [-98.10143, 45.37428], [-98.10217, 45.37409]]}, "properties": {"owner": "NOT AVAILABLE", "voltage_kv": 345.0}}, {"type": "Feature", "geometry": {"type": "LineString", "coordinates": [[-98.5547, 43.06296], [-98.55389, 43.06202], [-98.54867, 43.06333], [-98.54122, 43.06238], [-98.53994, 43.06188], [-98.5389, 43.06], [-98.537, 43.05866], [-98.53457, 43.05768], [-98.53027, 43.05775], [-98.52581, 43.05781], [-98.52335, 43.05785], [-98.51834, 43.05791], [-98.51514, 43.05796], [-98.51011, 43.05803], [-98.50658, 43.05807], [-98.50191, 43.05814], [-98.498, 43.0582], [-98.49407, 43.05825], [-98.48918, 43.05826], [-98.48506, 43.05828], [-98.48075, 43.0583], [-98.47682, 43.05831], [-98.47386, 43.05832], [-98.47307, 43.05833], [-98.47057, 43.05834], [-98.46583, 43.05837], [-98.46243, 43.05837], [-98.45836, 43.05839], [-98.45408, 43.0584], [-98.45018, 43.05842], [-98.44602, 43.05843], [-98.4419, 43.05845], [-98.4382, 43.05846], [-98.43427, 43.05848], [-98.43036, 43.05849], [-98.4264, 43.05851], [-98.42247, 43.05852], [-98.41855, 43.05854], [-98.41463, 43.05854], [-98.4107, 43.05856], [-98.40676, 43.05858], [-98.40284, 43.05859], [-98.39908, 43.05861], [-98.39535, 43.05862], [-98.39159, 43.05863], [-98.38787, 43.05864], [-98.38392, 43.05865], [-98.38, 43.05867], [-98.37609, 43.05868], [-98.37216, 43.05869], [-98.36824, 43.05871], [-98.36431, 43.05873], [-98.36037, 43.05874], [-98.35645, 43.05874], [-98.35255, 43.05875], [-98.34841, 43.05877], [-98.34429, 43.05878], [-98.34018, 43.05879], [-98.33638, 43.05806], [-98.33264, 43.05718], [-98.32889, 43.05629], [-98.3284, 43.05618], [-98.32516, 43.05541], [-98.32141, 43.05454], [-98.31762, 43.0538], [-98.31381, 43.05307], [-98.31126, 43.05267], [-98.3085, 43.05225], [-98.30539, 43.05178], [-98.30228, 43.05129], [-98.2983, 43.05146], [-98.29443, 43.05161], [-98.29056, 43.05178], [-98.28664, 43.05208], [-98.28258, 43.05255], [-98.27848, 43.05305], [-98.27441, 43.05352], [-98.2704, 43.05398], [-98.26648, 43.05446], [-98.26241, 43.05494], [-98.25811, 43.05545], [-98.25407, 43.05592], [-98.25002, 43.0564], [-98.24618, 43.05686], [-98.24228, 43.05732], [-98.23834, 43.05779], [-98.23447, 43.05779], [-98.23073, 43.05779], [-98.227, 43.0578], [-98.22325, 43.0578], [-98.21971, 43.05781], [-98.21539, 43.05781], [-98.21147, 43.05782], [-98.2076, 43.05782], [-98.20364, 43.05783], [-98.1997, 43.05783], [-98.19588, 43.05783], [-98.19185, 43.05784], [-98.18761, 43.05784], [-98.18322, 43.05785], [-98.17986, 43.05785], [-98.17594, 43.05785], [-98.17183, 43.05785], [-98.16789, 43.05786], [-98.16395, 43.05786], [-98.16003, 43.05787], [-98.15609, 43.05787], [-98.15216, 43.05787], [-98.14804, 43.05786], [-98.14412, 43.05787], [-98.14019, 43.05787], [-98.13625, 43.05787], [-98.13232, 43.05787], [-98.12856, 43.05787], [-98.12449, 43.05787], [-98.12075, 43.05787], [-98.11698, 43.05787], [-98.11317, 43.05787], [-98.10944, 43.05787], [-98.10597, 43.05787], [-98.10183, 43.05787], [-98.09806, 43.05787], [-98.09398, 43.05787], [-98.09005, 43.05787], [-98.08631, 43.05786], [-98.08163, 43.05786], [-98.07809, 43.05787], [-98.07436, 43.05786], [-98.07041, 43.05786], [-98.0661, 43.05787], [-98.06237, 43.05786], [-98.05826, 43.05786], [-98.05451, 43.05785], [-98.0504, 43.05785], [-98.04683, 43.05785], [-98.04294, 43.05785], [-98.03901, 43.05785], [-98.03507, 43.05785], [-98.03115, 43.05784], [-98.02722, 43.05784], [-98.02326, 43.05784], [-98.01935, 43.05783], [-98.01542, 43.05783], [-98.01149, 43.05784], [-98.00757, 43.05784], [-98.00367, 43.05782], [-97.9997, 43.05782], [-97.99579, 43.05782], [-97.9917, 43.05781], [-97.98824, 43.05781], [-97.98422, 43.05781], [-97.98036, 43.0578], [-97.97667, 43.0578], [-97.97295, 43.05779], [-97.96883, 43.05779], [-97.96494, 43.05778], [-97.96133, 43.05778], [-97.95761, 43.05777], [-97.95423, 43.05776], [-97.94937, 43.05776], [-97.94601, 43.05775], [-97.94224, 43.05774], [-97.93851, 43.05774], [-97.93465, 43.05773], [-97.93036, 43.05772], [-97.92619, 43.05771], [-97.92229, 43.05771], [-97.91839, 43.0577], [-97.91446, 43.0577], [-97.91049, 43.05769], [-97.90659, 43.05768], [-97.90261, 43.05767], [-97.89865, 43.05766], [-97.89478, 43.05766], [-97.89083, 43.05766], [-97.8871, 43.05765], [-97.88336, 43.05764], [-97.87942, 43.05763], [-97.87568, 43.05762], [-97.87195, 43.05761], [-97.86801, 43.05761], [-97.86411, 43.0576], [-97.86035, 43.05759], [-97.85657, 43.05759], [-97.85268, 43.05764], [-97.84876, 43.0577], [-97.84483, 43.05777], [-97.84091, 43.05784], [-97.83698, 43.0579], [-97.83304, 43.05796], [-97.82911, 43.05802], [-97.82519, 43.05809], [-97.82126, 43.05815], [-97.81732, 43.05821], [-97.81357, 43.05827], [-97.80984, 43.05833], [-97.80607, 43.05838], [-97.80215, 43.05839], [-97.79824, 43.05839], [-97.79411, 43.05841], [-97.79037, 43.05841], [-97.78644, 43.05841], [-97.78234, 43.05842], [-97.77823, 43.05842], [-97.77429, 43.05843], [-97.77037, 43.05843], [-97.76644, 43.05844], [-97.76251, 43.05845], [-97.75858, 43.05845], [-97.75464, 43.05846], [-97.75073, 43.05846], [-97.74677, 43.05846], [-97.74305, 43.05848], [-97.73894, 43.05848], [-97.73501, 43.05848], [-97.73091, 43.05848], [-97.72714, 43.05849], [-97.72322, 43.05849], [-97.71939, 43.05849], [-97.71538, 43.0585], [-97.71148, 43.05851], [-97.70749, 43.05851], [-97.70378, 43.05852], [-97.70003, 43.05851], [-97.69621, 43.05852], [-97.6925, 43.05852], [-97.6888, 43.05852], [-97.68506, 43.05853], [-97.6813, 43.05852], [-97.67756, 43.05853], [-97.67384, 43.05853], [-97.67009, 43.05854], [-97.66636, 43.05854], [-97.66261, 43.05854], [-97.65868, 43.05855], [-97.65513, 43.05855], [-97.6511, 43.05855], [-97.64726, 43.05855], [-97.6434, 43.05855], [-97.63996, 43.05849], [-97.63603, 43.05841], [-97.6321, 43.05834], [-97.62818, 43.05827], [-97.62481, 43.05821], [-97.62114, 43.05815], [-97.61723, 43.05807], [-97.61323, 43.058], [-97.60931, 43.05793], [-97.60528, 43.05785], [-97.60125, 43.05778], [-97.59722, 43.05771], [-97.59321, 43.05763], [-97.58927, 43.05756], [-97.58526, 43.05748], [-97.58141, 43.05671], [-97.58141, 43.05654], [-97.58137, 43.05431], [-97.5795, 43.05424], [-97.57873, 43.0552]]}, "properties": {"owner": "NORTHWESTERN ENERGY - (SD)", "voltage_kv": 230.0}}, {"type": "Feature", "geometry": {"type": "LineString", "coordinates": [[-96.649, 43.59915], [-96.64794, 43.59957], [-96.64576, 43.6001], [-96.64153, 43.59953], [-96.6371, 43.59888], [-96.634, 43.59783], [-96.6337, 43.59767], [-96.63208, 43.59592], [-96.63129, 43.59505], [-96.63091, 43.59466], [-96.62871, 43.59224], [-96.62635, 43.58969], [-96.62418, 43.58736], [-96.62376, 43.58685], [-96.62343, 43.58439], [-96.62311, 43.58193], [-96.62324, 43.57931], [-96.62338, 43.57658], [-96.62351, 43.5737], [-96.6237, 43.57057], [-96.62386, 43.56741], [-96.62403, 43.56413], [-96.62418, 43.56057], [-96.62404, 43.5573], [-96.62391, 43.55424], [-96.62375, 43.55084], [-96.62364, 43.5481], [-96.62349, 43.54494], [-96.62335, 43.54179], [-96.62322, 43.5385], [-96.62308, 43.53525], [-96.62295, 43.53242], [-96.62275, 43.52896], [-96.62261, 43.5259], [-96.62244, 43.52274], [-96.62228, 43.51972], [-96.62213, 43.51671], [-96.62196, 43.51382], [-96.6218, 43.51053], [-96.62162, 43.50735], [-96.62106, 43.50454], [-96.62051, 43.50169], [-96.61996, 43.49884], [-96.6194, 43.496], [-96.61884, 43.49323], [-96.61906, 43.4903], [-96.61928, 43.48732], [-96.61947, 43.4844], [-96.61969, 43.48146], [-96.6199, 43.4785], [-96.62196, 43.47569], [-96.62399, 43.47297], [-96.62756, 43.47107], [-96.63112, 43.46917], [-96.63466, 43.46727], [-96.63821, 43.46537], [-96.64175, 43.46348], [-96.64528, 43.46159], [-96.64832, 43.45996], [-96.65169, 43.45817], [-96.6551, 43.45635], [-96.65849, 43.45452], [-96.66152, 43.4529], [-96.66456, 43.45126], [-96.66762, 43.44963], [-96.67118, 43.44785], [-96.67553, 43.44758], [-96.67981, 43.44743], [-96.68414, 43.44726], [-96.68843, 43.4471], [-96.69262, 43.44634], [-96.69685, 43.44564], [-96.69993, 43.44502], [-96.7031, 43.44447], [-96.70719, 43.44434], [-96.71073, 43.44423], [-96.71429, 43.44413], [-96.71783, 43.44399], [-96.72227, 43.44354], [-96.72658, 43.44308], [-96.73031, 43.44269], [-96.73444, 43.44227], [-96.73871, 43.44182], [-96.74296, 43.44137], [-96.74695, 43.44095], [-96.75126, 43.4405], [-96.75532, 43.44006], [-96.7595, 43.43963], [-96.76374, 43.43917], [-96.76796, 43.43872], [-96.77221, 43.43828], [-96.7765, 43.43782], [-96.78078, 43.43736], [-96.7851, 43.43691], [-96.78916, 43.43641], [-96.79222, 43.4354], [-96.79527, 43.43431], [-96.79866, 43.4331], [-96.80281, 43.43162], [-96.80693, 43.43014], [-96.81045, 43.42888], [-96.81399, 43.42762], [-96.81636, 43.42672], [-96.818, 43.4259], [-96.82187, 43.42425], [-96.82571, 43.42261], [-96.82911, 43.42116], [-96.8326, 43.41966], [-96.83327, 43.41924], [-96.83373, 43.41922], [-96.83459, 43.41869]]}, "properties": {"owner": "NOT AVAILABLE", "voltage_kv": 230.0}}, {"type": "Feature", "geometry": {"type": "LineString", "coordinates": [[-99.43595, 44.13283], [-99.43614, 44.13363], [-99.43734, 44.13372], [-99.43737, 44.13453], [-99.43737, 44.1367], [-99.43739, 44.14011], [-99.43742, 44.14368], [-99.43744, 44.14711], [-99.43746, 44.15012], [-99.43748, 44.15341], [-99.4375, 44.15671], [-99.43752, 44.15944], [-99.43753, 44.16273], [-99.43757, 44.16603], [-99.43758, 44.16919], [-99.43759, 44.17261], [-99.43762, 44.17589], [-99.43765, 44.17908], [-99.43766, 44.18229], [-99.43853, 44.18498], [-99.44129, 44.18737], [-99.4441, 44.18979], [-99.44691, 44.19221], [-99.44983, 44.19474], [-99.45277, 44.19726], [-99.4557, 44.19979], [-99.45851, 44.20222], [-99.46118, 44.20454], [-99.46411, 44.20707], [-99.46704, 44.20959], [-99.46998, 44.21213], [-99.47279, 44.21454], [-99.47561, 44.21697], [-99.47841, 44.2194], [-99.48121, 44.22181], [-99.48401, 44.22423], [-99.48685, 44.22666], [-99.48977, 44.22918], [-99.49269, 44.23171], [-99.49564, 44.23424], [-99.49845, 44.23666], [-99.50114, 44.23897], [-99.50408, 44.2415], [-99.50702, 44.24403], [-99.50995, 44.24656], [-99.51288, 44.24908], [-99.51579, 44.25158], [-99.51829, 44.25373], [-99.52089, 44.25598], [-99.5235, 44.25823], [-99.52555, 44.26079], [-99.52759, 44.26335], [-99.5296, 44.26589], [-99.53163, 44.26844], [-99.53366, 44.27099], [-99.53573, 44.2736], [-99.53778, 44.27619], [-99.53986, 44.2788], [-99.54173, 44.28117], [-99.54375, 44.28372], [-99.54604, 44.28632], [-99.54816, 44.28874], [-99.55029, 44.29115], [-99.55239, 44.29356], [-99.55478, 44.29627], [-99.55717, 44.299], [-99.55956, 44.30175], [-99.56196, 44.30447], [-99.56436, 44.30719], [-99.56673, 44.30991], [-99.56882, 44.31229], [-99.57101, 44.31478], [-99.57316, 44.31723], [-99.57542, 44.3198], [-99.57896, 44.3217], [-99.58328, 44.32259], [-99.58754, 44.32346], [-99.59178, 44.32432], [-99.59601, 44.3252], [-99.60026, 44.32606], [-99.6045, 44.32692], [-99.60873, 44.3278], [-99.61297, 44.32867], [-99.61722, 44.32953], [-99.62143, 44.33039], [-99.62567, 44.33127], [-99.62972, 44.3321], [-99.63377, 44.33293], [-99.63782, 44.33375], [-99.64184, 44.33456], [-99.64589, 44.3354], [-99.64993, 44.33622], [-99.65397, 44.33705], [-99.65802, 44.33787], [-99.66206, 44.33871], [-99.67748, 44.34208], [-99.70714, 44.34869], [-99.71979, 44.35154], [-99.73214, 44.35456], [-99.73249, 44.35464], [-99.79896, 44.3751], [-99.85555, 44.39694], [-99.88736, 44.40785], [-99.98188, 44.43624], [-99.99698, 44.43771], [-100.03883, 44.45093], [-100.07031, 44.4515], [-100.10514, 44.45431], [-100.13115, 44.45505], [-100.14066, 44.45514], [-100.18764, 44.45564], [-100.20044, 44.45444], [-100.20929, 44.45419], [-100.23553, 44.45342], [-100.25301, 44.45287], [-100.26145, 44.45252], [-100.26583, 44.4524], [-100.33864, 44.4523], [-100.36696, 44.44675], [-100.3696, 44.44779], [-100.37319, 44.44918], [-100.37348, 44.44929], [-100.37769, 44.44946], [-100.38474, 44.44867], [-100.38809, 44.44905], [-100.38888, 44.44914], [-100.38931, 44.44919], [-100.38993, 44.44933], [-100.39042, 44.44918]]}, "properties": {"owner": "WAPA-- WESTERN AREA POWER ADMINISTRATION", "voltage_kv": 230.0}}, {"type": "Feature", "geometry": {"type": "LineString", "coordinates": [[-96.51007, 45.30365], [-96.50844, 45.30197]]}, "properties": {"owner": "OTTER TAIL POWER CO", "voltage_kv": 230.0}}, {"type": "Feature", "geometry": {"type": "LineString", "coordinates": [[-97.57873, 43.0552], [-97.57873, 43.05516], [-97.578, 43.0543], [-97.57635, 43.0544], [-97.57478, 43.05441], [-97.57104, 43.05309], [-97.56742, 43.05184], [-97.56377, 43.05054], [-97.56013, 43.04926], [-97.55653, 43.04798], [-97.55313, 43.04679], [-97.54961, 43.04553], [-97.54606, 43.0443], [-97.54255, 43.04306], [-97.53944, 43.04195], [-97.53558, 43.04057], [-97.53194, 43.03929], [-97.52842, 43.03805], [-97.52489, 43.03679], [-97.52134, 43.03555], [-97.51763, 43.03424], [-97.51393, 43.03293], [-97.5102, 43.03161], [-97.5065, 43.0303], [-97.50263, 43.02894], [-97.49875, 43.02757], [-97.4954, 43.02639], [-97.49216, 43.02524], [-97.48847, 43.02394], [-97.48454, 43.02254], [-97.48119, 43.02137], [-97.47813, 43.02094], [-97.47519, 43.02053], [-97.47207, 43.0201], [-97.46897, 43.01967], [-97.46632, 43.0193], [-97.46248, 43.01794], [-97.45939, 43.01597], [-97.45688, 43.01438], [-97.45424, 43.01269], [-97.45109, 43.0107], [-97.44878, 43.00988], [-97.4456, 43.00875], [-97.44207, 43.0075], [-97.43869, 43.0063], [-97.43518, 43.00505], [-97.43181, 43.00387], [-97.42872, 43.0028], [-97.42507, 43.0015], [-97.42171, 43.00031], [-97.41817, 42.99905], [-97.41464, 42.99781], [-97.41126, 42.9966], [-97.40792, 42.99542], [-97.40456, 42.99423], [-97.40117, 42.99303], [-97.39786, 42.99185], [-97.39432, 42.9906], [-97.39062, 42.98928], [-97.38691, 42.98796], [-97.38325, 42.98664], [-97.37972, 42.98541], [-97.37619, 42.98415], [-97.37261, 42.98289], [-97.3691, 42.98163], [-97.36555, 42.98038], [-97.36235, 42.97925], [-97.35851, 42.97789], [-97.35481, 42.97657], [-97.35113, 42.97527], [-97.34742, 42.97394], [-97.34375, 42.97263], [-97.34136, 42.97178], [-97.33902, 42.97101], [-97.33542, 42.96987], [-97.33184, 42.9687], [-97.32823, 42.96754], [-97.32467, 42.96637], [-97.3211, 42.96521], [-97.31768, 42.96409], [-97.31406, 42.96293], [-97.31031, 42.96171], [-97.30653, 42.96047], [-97.30296, 42.95932], [-97.29924, 42.95812], [-97.29228, 42.95586], [-97.28874, 42.95469], [-97.28519, 42.95358], [-97.28126, 42.95235], [-97.27783, 42.95125], [-97.27421, 42.95011], [-97.27065, 42.94898], [-97.26686, 42.94778], [-97.26309, 42.94659], [-97.25932, 42.9454], [-97.25572, 42.94427], [-97.25213, 42.94313], [-97.24847, 42.94198], [-97.24476, 42.9408], [-97.24101, 42.93961], [-97.23748, 42.9385], [-97.23353, 42.93725], [-97.22969, 42.93602], [-97.22631, 42.93495], [-97.22276, 42.93383], [-97.21918, 42.93269], [-97.21556, 42.93155], [-97.21201, 42.93043], [-97.20843, 42.9293], [-97.20483, 42.92815], [-97.20139, 42.92705], [-97.19795, 42.92597], [-97.19453, 42.92488], [-97.19112, 42.9238], [-97.18767, 42.92272], [-97.18424, 42.92161], [-97.18078, 42.92052], [-97.17734, 42.91944], [-97.17391, 42.91834], [-97.1706, 42.9173], [-97.16707, 42.91613], [-97.16351, 42.91496], [-97.15977, 42.91371], [-97.15604, 42.91247], [-97.15246, 42.91129], [-97.14887, 42.91009], [-97.1458, 42.90906], [-97.14207, 42.90783], [-97.13845, 42.90663], [-97.13488, 42.90545], [-97.13155, 42.90433], [-97.12816, 42.9032], [-97.12783, 42.90309], [-97.12452, 42.90199], [-97.12089, 42.90079], [-97.11731, 42.8996], [-97.11369, 42.89839], [-97.11012, 42.89721], [-97.10656, 42.89602], [-97.10299, 42.89484], [-97.09939, 42.89365], [-97.09583, 42.89247], [-97.09232, 42.89131], [-97.08867, 42.89009], [-97.08503, 42.88888], [-97.08162, 42.88774], [-97.07788, 42.88636], [-97.07431, 42.88507], [-97.07081, 42.8838], [-97.06747, 42.88257], [-97.06425, 42.8814], [-97.0606, 42.88006], [-97.05711, 42.87878], [-97.05359, 42.8775], [-97.05009, 42.87621], [-97.04659, 42.87493], [-97.04309, 42.87365], [-97.03955, 42.87235], [-97.03606, 42.87106], [-97.03248, 42.86976], [-97.02889, 42.86844], [-97.02512, 42.86706], [-97.02228, 42.86602], [-97.01855, 42.86466], [-97.01488, 42.86331], [-97.0112, 42.86197], [-97.00754, 42.86063], [-97.00403, 42.85935], [-97.00018, 42.85794], [-96.99651, 42.85659], [-96.99283, 42.85524], [-96.98917, 42.85388], [-96.98517, 42.85243], [-96.98228, 42.85136], [-96.97894, 42.85013], [-96.97524, 42.84877], [-96.97168, 42.84747], [-96.96833, 42.84624], [-96.96501, 42.84501], [-96.96168, 42.8438], [-96.95834, 42.84258], [-96.95481, 42.84129], [-96.95378, 42.84091], [-96.95183, 42.84019], [-96.94832, 42.8389], [-96.94498, 42.83767], [-96.94165, 42.83644], [-96.93833, 42.83522], [-96.93485, 42.83394], [-96.93152, 42.83271], [-96.92816, 42.83148], [-96.92498, 42.83032], [-96.92414, 42.83001], [-96.9215, 42.82904], [-96.91801, 42.82775], [-96.91448, 42.82647], [-96.911, 42.82518], [-96.90766, 42.82395], [-96.90431, 42.82273], [-96.90117, 42.82156], [-96.89782, 42.82033], [-96.89433, 42.81905], [-96.89095, 42.81779], [-96.88746, 42.81651], [-96.88393, 42.81524], [-96.88049, 42.81393], [-96.87697, 42.81263], [-96.87347, 42.81134], [-96.86997, 42.81005], [-96.86647, 42.80877], [-96.86296, 42.80748], [-96.85983, 42.80632], [-96.85647, 42.80507], [-96.8533, 42.80392], [-96.84942, 42.80248], [-96.84567, 42.80113], [-96.8418, 42.79968], [-96.83822, 42.79837], [-96.83468, 42.79705], [-96.8309, 42.79567], [-96.82719, 42.79429], [-96.82437, 42.79325], [-96.82112, 42.79221], [-96.81788, 42.79116], [-96.81463, 42.79011], [-96.81142, 42.78907], [-96.80841, 42.78795], [-96.80543, 42.78682], [-96.80223, 42.78565], [-96.79847, 42.78422], [-96.7948, 42.78287], [-96.79112, 42.78148], [-96.78767, 42.78019], [-96.78493, 42.77917], [-96.78092, 42.77767], [-96.77725, 42.77632], [-96.77376, 42.77501], [-96.77035, 42.77378], [-96.76998, 42.77365], [-96.76951, 42.77446]]}, "properties": {"owner": "WAPA-- WESTERN AREA POWER ADMINISTRATION", "voltage_kv": 230.0}}, {"type": "Feature", "geometry": {"type": "LineString", "coordinates": [[-97.045, 44.88257], [-97.05038, 44.88212], [-97.05076, 44.88195], [-97.05403, 44.88047], [-97.05777, 44.87879], [-97.0617, 44.87705], [-97.06245, 44.87671], [-97.06285, 44.87653], [-97.06513, 44.87552], [-97.06906, 44.87376], [-97.07345, 44.8718], [-97.07785, 44.86982], [-97.08208, 44.86792], [-97.08635, 44.86602], [-97.09058, 44.86414], [-97.09463, 44.86232], [-97.09827, 44.86025], [-97.10231, 44.85796], [-97.10594, 44.8559], [-97.10968, 44.85377], [-97.11372, 44.85149], [-97.118, 44.84906], [-97.11845, 44.84885], [-97.13473, 44.83969], [-97.14561, 44.8336], [-97.15786, 44.82731], [-97.17364, 44.82144], [-97.1769, 44.82012], [-97.18115, 44.81856], [-97.18594, 44.81678], [-97.18982, 44.81533], [-97.19461, 44.81325], [-97.19862, 44.81141], [-97.20287, 44.80949], [-97.20777, 44.80737], [-97.22363, 44.8006], [-97.2428, 44.79297], [-97.24722, 44.79122], [-97.25602, 44.78759], [-97.2601, 44.78592], [-97.26821, 44.78266], [-97.28785, 44.77419], [-97.31926, 44.76067], [-97.35064, 44.74437], [-97.36258, 44.73775], [-97.37443, 44.73118], [-97.38391, 44.72854], [-97.41117, 44.72065], [-97.43287, 44.71442], [-97.45508, 44.70798], [-97.4737, 44.70338], [-97.47725, 44.70086], [-97.49025, 44.69048], [-97.50402, 44.68004], [-97.51335, 44.67289], [-97.53341, 44.67009], [-97.54397, 44.67029], [-97.56327, 44.67067], [-97.57899, 44.67079], [-97.58938, 44.67071], [-97.60518, 44.67178], [-97.61041, 44.67228], [-97.61564, 44.6725], [-97.62526, 44.67263], [-97.63527, 44.67269], [-97.64581, 44.67011], [-97.67563, 44.66321], [-97.70942, 44.65538], [-97.73349, 44.64993], [-97.75527, 44.64287], [-97.77357, 44.63701], [-97.78762, 44.63281], [-97.79686, 44.63035], [-97.84424, 44.61771], [-97.86693, 44.6115], [-97.8749, 44.60985], [-97.90441, 44.60401], [-97.90901, 44.6031], [-97.92248, 44.60041], [-97.92432, 44.6006]]}, "properties": {"owner": "NOT AVAILABLE", "voltage_kv": 230.0}}, {"type": "Feature", "geometry": {"type": "LineString", "coordinates": [[-97.96855, 43.84921], [-97.96773, 43.84957], [-97.96679, 43.85003], [-97.96455, 43.84899], [-97.9623, 43.84873], [-97.95856, 43.84835], [-97.95481, 43.84794], [-97.95103, 43.84753], [-97.94708, 43.84714], [-97.9433, 43.84672], [-97.93987, 43.84635], [-97.93613, 43.84594], [-97.93255, 43.84555], [-97.92881, 43.84514], [-97.92506, 43.84477], [-97.92134, 43.84438], [-97.91755, 43.84394], [-97.91379, 43.84357], [-97.91003, 43.84316], [-97.90629, 43.84276], [-97.90271, 43.84237], [-97.89913, 43.84199], [-97.89555, 43.84161], [-97.89199, 43.84123], [-97.88838, 43.84084], [-97.88446, 43.84043], [-97.88054, 43.84002], [-97.87665, 43.83961], [-97.87275, 43.8392], [-97.86895, 43.83874], [-97.86505, 43.83833], [-97.86118, 43.83791], [-97.85758, 43.83754], [-97.85396, 43.83715], [-97.85026, 43.83669], [-97.84646, 43.83633], [-97.84278, 43.83533], [-97.83941, 43.83442], [-97.83584, 43.83345], [-97.8321, 43.83241], [-97.82872, 43.83147], [-97.82541, 43.83059], [-97.82206, 43.82966], [-97.81849, 43.82869], [-97.81468, 43.82802], [-97.81088, 43.82734], [-97.80688, 43.82667], [-97.8029, 43.82598], [-97.79888, 43.82526], [-97.79487, 43.82459], [-97.79118, 43.82394], [-97.78734, 43.82327], [-97.78345, 43.82255], [-97.77959, 43.82188], [-97.77571, 43.82121], [-97.7718, 43.82054], [-97.76775, 43.81992], [-97.76368, 43.81938], [-97.75962, 43.81877], [-97.75643, 43.81825], [-97.75268, 43.81775], [-97.74925, 43.81729], [-97.74545, 43.81704], [-97.74145, 43.81683], [-97.73754, 43.81661], [-97.73353, 43.81636], [-97.72957, 43.81614], [-97.72562, 43.81594], [-97.72162, 43.81568], [-97.71768, 43.81542], [-97.71369, 43.81521], [-97.70969, 43.81495], [-97.70575, 43.8148], [-97.70142, 43.81456], [-97.6978, 43.81432], [-97.69422, 43.81411], [-97.69024, 43.81394], [-97.68627, 43.81366], [-97.68236, 43.81344], [-97.6784, 43.81321], [-97.67446, 43.81298], [-97.6705, 43.81265], [-97.66649, 43.81247], [-97.66256, 43.81226], [-97.65855, 43.81203], [-97.65478, 43.81186], [-97.65099, 43.81163], [-97.64743, 43.81058], [-97.64388, 43.80963], [-97.64036, 43.8088], [-97.6368, 43.80784], [-97.6334, 43.80695], [-97.63004, 43.80606], [-97.6265, 43.8051], [-97.62299, 43.80422], [-97.61957, 43.80344], [-97.61611, 43.8026], [-97.61281, 43.80181], [-97.60942, 43.80106], [-97.60569, 43.80076], [-97.60192, 43.80045], [-97.59812, 43.80013], [-97.59457, 43.79989], [-97.5906, 43.7996], [-97.5869, 43.79934], [-97.58351, 43.79908], [-97.58006, 43.79885], [-97.57669, 43.79856], [-97.57281, 43.79832], [-97.56909, 43.79801], [-97.56544, 43.79771], [-97.56168, 43.79743], [-97.55794, 43.79712], [-97.55405, 43.79688], [-97.55024, 43.79658], [-97.54656, 43.79626], [-97.54263, 43.79601], [-97.53865, 43.7957], [-97.53487, 43.79541], [-97.53109, 43.79512], [-97.52731, 43.79484], [-97.52354, 43.79456], [-97.51981, 43.79428], [-97.51598, 43.794], [-97.51222, 43.79372], [-97.50851, 43.79345], [-97.50526, 43.7929], [-97.5015, 43.79232], [-97.49775, 43.79173], [-97.49425, 43.79115], [-97.4908, 43.79058], [-97.48664, 43.78988], [-97.48322, 43.78931], [-97.47968, 43.78875], [-97.4762, 43.7882], [-97.47291, 43.78768], [-97.46957, 43.78715], [-97.46582, 43.7865], [-97.46211, 43.78591], [-97.45879, 43.78537], [-97.455, 43.78476], [-97.45096, 43.78412], [-97.44695, 43.78347], [-97.44285, 43.78281], [-97.43891, 43.78218], [-97.43541, 43.78162], [-97.43157, 43.78097], [-97.42761, 43.78029], [-97.42295, 43.77957], [-97.41896, 43.77894], [-97.41487, 43.77827], [-97.41098, 43.77764], [-97.40777, 43.77713], [-97.40387, 43.77649], [-97.39986, 43.77582], [-97.39616, 43.77521], [-97.39246, 43.77464], [-97.3895, 43.77416], [-97.38632, 43.77363], [-97.38325, 43.77313], [-97.37934, 43.77206], [-97.3757, 43.77105], [-97.37204, 43.77003], [-97.36849, 43.76902], [-97.36475, 43.768], [-97.36101, 43.76695], [-97.35732, 43.76591], [-97.35359, 43.76486], [-97.3499, 43.76384], [-97.34614, 43.76279], [-97.34281, 43.76185], [-97.33934, 43.76087], [-97.3361, 43.75998], [-97.33298, 43.75913], [-97.32981, 43.75826], [-97.32636, 43.7573], [-97.323, 43.75636], [-97.31944, 43.75538], [-97.31598, 43.75443], [-97.31242, 43.7535], [-97.30863, 43.75276], [-97.30508, 43.75212], [-97.30153, 43.75147], [-97.29779, 43.75079], [-97.2943, 43.75016], [-97.29092, 43.74951], [-97.28749, 43.74892], [-97.28365, 43.74816], [-97.28033, 43.74755], [-97.27659, 43.74687], [-97.27288, 43.74619], [-97.26901, 43.74548], [-97.26519, 43.74476], [-97.26151, 43.74408], [-97.25809, 43.74345], [-97.25441, 43.74277], [-97.25079, 43.7421], [-97.24704, 43.74141], [-97.2439, 43.74083], [-97.23949, 43.74002], [-97.23625, 43.73942], [-97.23364, 43.73897], [-97.22989, 43.73821], [-97.22671, 43.73738], [-97.22334, 43.7365], [-97.22008, 43.7356], [-97.21674, 43.73475], [-97.21353, 43.73389], [-97.21017, 43.73302], [-97.20656, 43.73209], [-97.20321, 43.7312], [-97.20015, 43.73037], [-97.19715, 43.72959], [-97.19411, 43.72879], [-97.19032, 43.72774], [-97.18648, 43.72674], [-97.18265, 43.72574], [-97.17901, 43.72478], [-97.17517, 43.72374], [-97.17171, 43.72285], [-97.16824, 43.72192], [-97.16457, 43.72097], [-97.16081, 43.71998], [-97.15705, 43.71898], [-97.15331, 43.71796], [-97.14982, 43.71705], [-97.1461, 43.71653], [-97.14221, 43.716], [-97.13881, 43.7155], [-97.13493, 43.71499], [-97.13093, 43.71442], [-97.12725, 43.71391], [-97.12337, 43.71336], [-97.11954, 43.71283], [-97.1157, 43.71231], [-97.11212, 43.71182], [-97.10834, 43.71128], [-97.10467, 43.71078], [-97.10087, 43.71022], [-97.09801, 43.71018], [-97.09509, 43.71013], [-97.09164, 43.71006], [-97.088, 43.70996], [-97.08469, 43.70989], [-97.0809, 43.70979], [-97.07719, 43.70968], [-97.0737, 43.70927], [-97.07009, 43.70882], [-97.0666, 43.70841], [-97.06313, 43.70799], [-97.0596, 43.70752], [-97.05635, 43.70713], [-97.0527, 43.70671], [-97.04927, 43.70627], [-97.04543, 43.7058], [-97.0417, 43.70537], [-97.03813, 43.70425], [-97.03408, 43.70301], [-97.03081, 43.70202], [-97.02762, 43.70099], [-97.02395, 43.69987], [-97.02024, 43.69867], [-97.01659, 43.6976], [-97.01293, 43.69646], [-97.00925, 43.6953], [-97.00585, 43.69426], [-97.00234, 43.69315], [-96.99895, 43.6921], [-96.99557, 43.69106], [-96.99231, 43.69008], [-96.98903, 43.68906], [-96.98554, 43.68795], [-96.98188, 43.68684], [-96.97822, 43.6857], [-96.97477, 43.68461], [-96.97108, 43.6835], [-96.96763, 43.68242], [-96.96416, 43.68136], [-96.96053, 43.68138], [-96.95676, 43.68136], [-96.95297, 43.68133], [-96.94917, 43.68136], [-96.9452, 43.68134], [-96.94123, 43.68132], [-96.93721, 43.68132], [-96.93325, 43.68132], [-96.92936, 43.68129], [-96.92541, 43.6813], [-96.92156, 43.68129], [-96.91755, 43.68129], [-96.91358, 43.68127], [-96.9098, 43.68128], [-96.90604, 43.68125], [-96.90215, 43.68125], [-96.89835, 43.68124], [-96.89467, 43.68128], [-96.89107, 43.68129], [-96.8874, 43.68129], [-96.88358, 43.68127], [-96.87984, 43.68124], [-96.8758, 43.68122], [-96.8718, 43.68122], [-96.87121, 43.68122], [-96.86797, 43.68122], [-96.86398, 43.68122], [-96.86001, 43.68122], [-96.85636, 43.68122], [-96.85247, 43.68121], [-96.8487, 43.68121], [-96.84493, 43.68122], [-96.84117, 43.68122], [-96.83756, 43.68118], [-96.83398, 43.68118], [-96.82998, 43.6812], [-96.82603, 43.68117], [-96.82225, 43.68118], [-96.81847, 43.68117], [-96.81466, 43.68115], [-96.81072, 43.68115], [-96.80718, 43.68115], [-96.80338, 43.68084], [-96.79958, 43.68055], [-96.79585, 43.68028], [-96.79199, 43.67999], [-96.78793, 43.67965], [-96.78389, 43.67935], [-96.78026, 43.67909], [-96.77669, 43.6788], [-96.77277, 43.67849], [-96.76919, 43.67822], [-96.76541, 43.67795], [-96.76169, 43.67767], [-96.75788, 43.67737], [-96.75429, 43.67708], [-96.75103, 43.67546], [-96.74797, 43.67393], [-96.74505, 43.67245], [-96.74208, 43.67096], [-96.7391, 43.66949], [-96.73652, 43.66828], [-96.73317, 43.66652], [-96.72994, 43.66488], [-96.72682, 43.66334], [-96.7237, 43.66178], [-96.7207, 43.6603], [-96.7179, 43.65833], [-96.71505, 43.65635], [-96.71219, 43.65428], [-96.70928, 43.65228], [-96.70665, 43.65038], [-96.704, 43.64844], [-96.70112, 43.64643], [-96.69827, 43.64443], [-96.69545, 43.64243], [-96.6926, 43.64042], [-96.68989, 43.63851], [-96.68721, 43.63659], [-96.68451, 43.63464], [-96.6819, 43.63288], [-96.67935, 43.63103], [-96.67707, 43.62939], [-96.67432, 43.6275], [-96.6713, 43.62534], [-96.67047, 43.62476], [-96.66828, 43.62323], [-96.66566, 43.62137], [-96.66314, 43.61959], [-96.66055, 43.61774], [-96.65805, 43.61599], [-96.65781, 43.61582], [-96.65526, 43.614], [-96.65324, 43.61257], [-96.65002, 43.61029], [-96.64822, 43.60806], [-96.64765, 43.60614], [-96.64744, 43.60543], [-96.64738, 43.60524], [-96.6466, 43.60267], [-96.64652, 43.6023], [-96.64643, 43.60186], [-96.64639, 43.60168], [-96.64619, 43.60079], [-96.64716, 43.60056], [-96.64835, 43.6002], [-96.649, 43.59915]]}, "properties": {"owner": "NOT AVAILABLE", "voltage_kv": 230.0}}, {"type": "Feature", "geometry": {"type": "LineString", "coordinates": [[-99.43595, 44.13283], [-99.43642, 44.13252], [-99.43799, 44.13241], [-99.44177, 44.13215], [-99.44542, 44.13141], [-99.44847, 44.12914], [-99.44958, 44.12613], [-99.44953, 44.12379], [-99.44947, 44.12104], [-99.44945, 44.11858], [-99.44937, 44.11583], [-99.44933, 44.11308], [-99.44928, 44.11035], [-99.44922, 44.10761], [-99.44918, 44.10486], [-99.44915, 44.10199], [-99.44907, 44.09924], [-99.44902, 44.09664], [-99.44897, 44.09389], [-99.44892, 44.09118], [-99.44886, 44.08843], [-99.44882, 44.08575], [-99.44894, 44.08301], [-99.44906, 44.08026], [-99.44912, 44.07752], [-99.44925, 44.07479], [-99.44746, 44.07228], [-99.44599, 44.07027], [-99.44443, 44.06808], [-99.44278, 44.06583], [-99.44111, 44.06353], [-99.44048, 44.06052], [-99.4408, 44.05679], [-99.44124, 44.05159], [-99.44239, 44.04685], [-99.4437, 44.04211], [-99.44438, 44.03979], [-99.44561, 44.0369], [-99.44625, 44.03771], [-99.4463, 44.0384]]}, "properties": {"owner": "WAPA-- WESTERN AREA POWER ADMINISTRATION", "voltage_kv": 230.0}}, {"type": "Feature", "geometry": {"type": "LineString", "coordinates": [[-96.86369, 45.64561], [-96.8639, 45.64579], [-96.86391, 45.64657], [-96.86394, 45.64834], [-96.86396, 45.6501], [-96.86397, 45.65185], [-96.864, 45.65377], [-96.86402, 45.65559], [-96.86405, 45.65743], [-96.86408, 45.65925], [-96.8641, 45.66108], [-96.86414, 45.66291], [-96.86417, 45.66479], [-96.86423, 45.66666], [-96.86426, 45.66855], [-96.8643, 45.67047], [-96.86434, 45.67225], [-96.86438, 45.67385], [-96.86438, 45.6757], [-96.86439, 45.67749], [-96.86441, 45.67933], [-96.86442, 45.68116], [-96.86443, 45.68268], [-96.86445, 45.68438], [-96.86446, 45.68684], [-96.86448, 45.68902], [-96.86449, 45.69089], [-96.86449, 45.69247], [-96.86655, 45.69351], [-96.86846, 45.69447], [-96.86996, 45.69522], [-96.87279, 45.69667], [-96.87485, 45.6977], [-96.87704, 45.69882], [-96.87894, 45.69978], [-96.88114, 45.70095], [-96.88402, 45.70237], [-96.88547, 45.70307], [-96.88547, 45.70495], [-96.88551, 45.70669], [-96.88554, 45.70848], [-96.88556, 45.71051], [-96.88559, 45.71204], [-96.88561, 45.71393], [-96.88563, 45.71582], [-96.88565, 45.71768], [-96.88568, 45.71956], [-96.8857, 45.72146], [-96.88573, 45.72327], [-96.88574, 45.72523], [-96.88579, 45.72695], [-96.88582, 45.72884], [-96.88583, 45.73024], [-96.88586, 45.73215], [-96.88587, 45.73365], [-96.88587, 45.7353], [-96.88587, 45.7373], [-96.88587, 45.73977], [-96.88587, 45.74112], [-96.88587, 45.74258], [-96.88589, 45.74442], [-96.8859, 45.7464], [-96.88589, 45.74827], [-96.8859, 45.74993], [-96.88592, 45.75187], [-96.88592, 45.7537], [-96.88592, 45.75549], [-96.88593, 45.75715], [-96.88594, 45.75904], [-96.88594, 45.76143], [-96.88597, 45.76306], [-96.88599, 45.7648], [-96.88604, 45.76665], [-96.88606, 45.76859], [-96.88611, 45.7705], [-96.88613, 45.77233], [-96.88616, 45.7743], [-96.8862, 45.77614], [-96.88623, 45.77799], [-96.88628, 45.77983], [-96.88585, 45.78147], [-96.88538, 45.78316], [-96.88548, 45.78488], [-96.88555, 45.78688], [-96.88561, 45.78887], [-96.88568, 45.79076], [-96.88574, 45.79253], [-96.8858, 45.79435], [-96.88586, 45.79628], [-96.88592, 45.79819], [-96.88595, 45.80007], [-96.88635, 45.80151], [-96.88638, 45.80322], [-96.88641, 45.80481], [-96.88645, 45.80667], [-96.88648, 45.8087], [-96.88651, 45.8103], [-96.88655, 45.81226], [-96.88654, 45.81422], [-96.88654, 45.81621], [-96.88653, 45.81807], [-96.88653, 45.81993], [-96.88657, 45.82174], [-96.88659, 45.82356], [-96.88664, 45.82534], [-96.88667, 45.8272], [-96.88669, 45.82904], [-96.88674, 45.83075], [-96.88676, 45.83267], [-96.8868, 45.83449], [-96.88678, 45.83622], [-96.88677, 45.83804], [-96.88677, 45.83976], [-96.88676, 45.84153], [-96.88676, 45.84307], [-96.88675, 45.84494], [-96.88674, 45.84675], [-96.88673, 45.84855], [-96.88673, 45.85048], [-96.88671, 45.85241], [-96.8867, 45.85439], [-96.8867, 45.85614], [-96.8867, 45.85782], [-96.88668, 45.85977], [-96.88668, 45.86173], [-96.88665, 45.86363], [-96.88667, 45.86537], [-96.8867, 45.86707], [-96.88672, 45.86897], [-96.88672, 45.87083], [-96.88674, 45.87255], [-96.88676, 45.87448], [-96.88677, 45.87637], [-96.88678, 45.87826], [-96.88681, 45.88001], [-96.88682, 45.88185], [-96.88683, 45.88367], [-96.88685, 45.88545], [-96.88685, 45.88726], [-96.88687, 45.88916], [-96.8869, 45.89099], [-96.88692, 45.89287], [-96.8869, 45.89454], [-96.8869, 45.89618], [-96.88688, 45.8981], [-96.88689, 45.9], [-96.88687, 45.90177], [-96.88687, 45.90334], [-96.88686, 45.90509], [-96.88685, 45.90697], [-96.88685, 45.9087], [-96.88687, 45.91059], [-96.88688, 45.91241], [-96.88687, 45.91431], [-96.88687, 45.91622], [-96.88688, 45.91814], [-96.88688, 45.91963], [-96.88689, 45.92156], [-96.88689, 45.92351], [-96.8869, 45.92548], [-96.88691, 45.92723], [-96.88691, 45.92919], [-96.88691, 45.93112], [-96.8869, 45.933], [-96.88692, 45.93491], [-96.88692, 45.93501], [-96.88694, 45.93527], [-96.88696, 45.9361], [-96.88339, 45.93984], [-96.87827, 45.94519], [-96.87821, 45.94684], [-96.87821, 45.95081], [-96.87817, 45.9576], [-96.87816, 45.96344], [-96.87811, 45.97234], [-96.87813, 45.98018], [-96.87805, 45.98695], [-96.87807, 45.99362], [-96.87795, 45.99934], [-96.87789, 46.00577], [-96.87781, 46.01292], [-96.8777, 46.01956], [-96.87767, 46.02763], [-96.8775, 46.03528], [-96.87744, 46.0424], [-96.87734, 46.05031], [-96.87732, 46.05646], [-96.87738, 46.06408], [-96.87747, 46.07088], [-96.87753, 46.07656], [-96.87754, 46.08273], [-96.87763, 46.08961], [-96.87765, 46.09426], [-96.87777, 46.10269], [-96.87777, 46.10692], [-96.88456, 46.11211], [-96.88935, 46.11583], [-96.88934, 46.11694], [-96.88822, 46.11702], [-96.88816, 46.11717]]}, "properties": {"owner": "OTTER TAIL POWER CO", "voltage_kv": 230.0}}, {"type": "Feature", "geometry": {"type": "LineString", "coordinates": [[-100.3866, 44.4504], [-100.38704, 44.45], [-100.38888, 44.44914], [-100.38941, 44.4489], [-100.39004, 44.44904], [-100.39042, 44.44918]]}, "properties": {"owner": "NORTHWESTERN ENERGY - (SD)", "voltage_kv": 230.0}}, {"type": "Feature", "geometry": {"type": "LineString", "coordinates": [[-98.39262, 44.47367], [-98.39427, 44.47354], [-98.39463, 44.47354], [-98.39583, 44.47351], [-98.40034, 44.47345], [-98.40468, 44.47339], [-98.40859, 44.47435], [-98.41275, 44.47537], [-98.41728, 44.47649], [-98.42189, 44.47763], [-98.42572, 44.47857], [-98.42941, 44.47949], [-98.43334, 44.48047], [-98.43701, 44.48137], [-98.44135, 44.48245], [-98.44625, 44.48365], [-98.45078, 44.48476], [-98.45618, 44.48609], [-98.4622, 44.48757], [-98.46855, 44.48915], [-98.47249, 44.49012], [-98.47605, 44.491], [-98.48024, 44.49159], [-98.48478, 44.49224], [-98.48884, 44.49282], [-98.49242, 44.49333], [-98.49621, 44.49387], [-98.49958, 44.49475], [-98.50375, 44.49582], [-98.50918, 44.49723], [-98.51337, 44.49831], [-98.51803, 44.49952], [-98.52399, 44.50106], [-98.52952, 44.50248], [-98.53508, 44.50392], [-98.54037, 44.50529], [-98.54503, 44.50649], [-98.54896, 44.50751], [-98.55292, 44.50852], [-98.5571, 44.5096], [-98.56118, 44.51065], [-98.56594, 44.51189], [-98.56988, 44.51289], [-98.57195, 44.5148], [-98.57442, 44.51698], [-98.57741, 44.51966], [-98.58098, 44.52288], [-98.58364, 44.5253], [-98.58623, 44.5276], [-98.58838, 44.52955], [-98.59127, 44.53213], [-98.59465, 44.53519], [-98.59762, 44.53785], [-98.60059, 44.54054], [-98.60363, 44.54327], [-98.60667, 44.54599], [-98.60954, 44.54854], [-98.61216, 44.55094], [-98.61482, 44.55332], [-98.61764, 44.55585], [-98.62043, 44.55836], [-98.62302, 44.56069], [-98.62566, 44.56305], [-98.62857, 44.56567], [-98.63162, 44.56842], [-98.63505, 44.5715], [-98.63867, 44.57475], [-98.6417, 44.57747], [-98.64437, 44.57986], [-98.64759, 44.58276], [-98.65122, 44.58601], [-98.65396, 44.58845], [-98.65685, 44.59106], [-98.65958, 44.5935], [-98.66217, 44.59584], [-98.66454, 44.59796], [-98.66781, 44.59997], [-98.67136, 44.60213], [-98.67475, 44.60421], [-98.67791, 44.60615], [-98.68107, 44.60809], [-98.68436, 44.61011], [-98.68779, 44.61219], [-98.69095, 44.61414], [-98.69434, 44.61622], [-98.69813, 44.61853], [-98.7013, 44.62048], [-98.70501, 44.62276], [-98.70962, 44.62558], [-98.71318, 44.62778], [-98.71628, 44.62967], [-98.71964, 44.63171], [-98.72299, 44.63378], [-98.72638, 44.63585], [-98.72972, 44.63788], [-98.73308, 44.63983], [-98.73594, 44.64168], [-98.73925, 44.6417], [-98.74329, 44.64171], [-98.74721, 44.64173], [-98.75133, 44.64174], [-98.75622, 44.64176], [-98.76016, 44.64178], [-98.76409, 44.64179], [-98.76853, 44.64181], [-98.77288, 44.64183], [-98.77749, 44.64184], [-98.78156, 44.64186], [-98.78593, 44.64187], [-98.7907, 44.64189], [-98.79564, 44.6419], [-98.79991, 44.64192], [-98.80409, 44.64193], [-98.80868, 44.64194], [-98.81312, 44.64196], [-98.81734, 44.64198], [-98.82082, 44.64199], [-98.8253, 44.642], [-98.82997, 44.64201], [-98.83448, 44.64203], [-98.83926, 44.64204], [-98.84345, 44.64205], [-98.84761, 44.64206], [-98.85196, 44.64209], [-98.85639, 44.64211], [-98.85869, 44.64458], [-98.86073, 44.64674], [-98.86344, 44.64966], [-98.86713, 44.65359], [-98.87025, 44.65695], [-98.87284, 44.6597], [-98.87508, 44.66209], [-98.87752, 44.66471], [-98.88012, 44.66749], [-98.88252, 44.67007], [-98.88497, 44.67267], [-98.88735, 44.67523], [-98.88984, 44.67789], [-98.89228, 44.68047], [-98.89476, 44.68312], [-98.89715, 44.68569], [-98.89969, 44.68839], [-98.90206, 44.69093], [-98.90441, 44.69345], [-98.90661, 44.69579], [-98.91007, 44.69745], [-98.9138, 44.69924], [-98.91706, 44.70081], [-98.92062, 44.70251], [-98.92438, 44.70433], [-98.92807, 44.7061], [-98.93193, 44.70796], [-98.93628, 44.71005], [-98.94049, 44.71206], [-98.94516, 44.71431], [-98.94965, 44.71647], [-98.95404, 44.71859], [-98.95838, 44.72067], [-98.96259, 44.72269], [-98.96735, 44.72499], [-98.97303, 44.7277], [-98.97823, 44.7302], [-98.98055, 44.73221], [-98.98353, 44.73476], [-98.98642, 44.73726], [-98.98914, 44.7396], [-98.99192, 44.74198], [-98.99448, 44.74418], [-98.99689, 44.74627], [-98.99953, 44.74854], [-99.00255, 44.75114], [-99.00519, 44.7534], [-99.00791, 44.75575], [-99.01075, 44.75818], [-99.01295, 44.76009], [-99.01586, 44.76258], [-99.01906, 44.76534], [-99.02227, 44.76812], [-99.02501, 44.77048], [-99.02805, 44.77307], [-99.03133, 44.77589], [-99.03392, 44.77813], [-99.03676, 44.78056], [-99.03979, 44.78317], [-99.04234, 44.78535], [-99.04515, 44.78777], [-99.04805, 44.79028], [-99.05086, 44.79269], [-99.05338, 44.79485], [-99.05593, 44.79704], [-99.05855, 44.79928], [-99.06118, 44.80156], [-99.06391, 44.8039], [-99.06651, 44.80613], [-99.06915, 44.8084], [-99.07189, 44.81076], [-99.07435, 44.81287], [-99.07715, 44.81529], [-99.08004, 44.81775], [-99.08273, 44.82007], [-99.08581, 44.82271], [-99.08913, 44.82555], [-99.09221, 44.82818], [-99.09471, 44.83033], [-99.097, 44.83231], [-99.09945, 44.83441], [-99.10257, 44.83573], [-99.10643, 44.83737], [-99.11043, 44.83908], [-99.11402, 44.84062], [-99.11795, 44.84229], [-99.12187, 44.84396], [-99.12583, 44.84567], [-99.13042, 44.84761], [-99.13529, 44.84969], [-99.13991, 44.85205], [-99.14394, 44.85407], [-99.14746, 44.85586], [-99.15083, 44.85758], [-99.1541, 44.85925], [-99.15761, 44.86104], [-99.16074, 44.86262], [-99.16436, 44.86445], [-99.16822, 44.86642], [-99.17195, 44.86815], [-99.17517, 44.86965], [-99.179, 44.87141], [-99.18375, 44.87362], [-99.18866, 44.87591], [-99.19237, 44.87764], [-99.19573, 44.87919], [-99.19949, 44.88094], [-99.20262, 44.8824], [-99.20553, 44.88374], [-99.21006, 44.88585], [-99.21472, 44.888], [-99.21972, 44.89034], [-99.22239, 44.89158], [-99.22496, 44.89495], [-99.22712, 44.8978], [-99.22912, 44.90045], [-99.23105, 44.90295], [-99.23303, 44.90557], [-99.23486, 44.90798], [-99.23699, 44.91077], [-99.23894, 44.91337], [-99.2411, 44.9162], [-99.24305, 44.91875], [-99.24562, 44.92213], [-99.24797, 44.92519], [-99.25041, 44.92842], [-99.25292, 44.93171], [-99.25516, 44.93463], [-99.25714, 44.93725], [-99.25937, 44.94017], [-99.26134, 44.94275], [-99.26376, 44.94593], [-99.26629, 44.94924], [-99.26824, 44.95182], [-99.27052, 44.95479], [-99.27318, 44.95829], [-99.27561, 44.96148], [-99.27784, 44.96441], [-99.27969, 44.96683], [-99.28148, 44.96916], [-99.28343, 44.9717], [-99.28573, 44.97471], [-99.28838, 44.97822], [-99.29071, 44.98128], [-99.29277, 44.98396], [-99.29465, 44.98643], [-99.29646, 44.98877], [-99.2981, 44.99096], [-99.29999, 44.99345], [-99.30182, 44.99585], [-99.3038, 44.99843], [-99.30588, 45.00118], [-99.30789, 45.00389], [-99.31025, 45.00703], [-99.31275, 45.01038], [-99.31458, 45.01284], [-99.31658, 45.01552], [-99.31885, 45.01855], [-99.32159, 45.02223], [-99.32414, 45.02566], [-99.32667, 45.02901], [-99.32891, 45.03202], [-99.33097, 45.03477], [-99.33307, 45.03759], [-99.33503, 45.0402], [-99.33702, 45.04288], [-99.3388, 45.04526], [-99.34057, 45.04764], [-99.34245, 45.05014], [-99.3448, 45.05327], [-99.34697, 45.0562], [-99.34891, 45.0588], [-99.3509, 45.06142], [-99.35295, 45.06421], [-99.35498, 45.06688], [-99.35748, 45.07024], [-99.35971, 45.07322], [-99.36173, 45.07593], [-99.3637, 45.07858], [-99.36545, 45.08088], [-99.36746, 45.08361], [-99.36962, 45.08648], [-99.37164, 45.08918], [-99.37326, 45.09133], [-99.375, 45.09367], [-99.37673, 45.09666], [-99.37837, 45.09948], [-99.38017, 45.10259], [-99.3819, 45.10555], [-99.38344, 45.10824], [-99.3851, 45.1111], [-99.38692, 45.11422], [-99.38855, 45.11705], [-99.3903, 45.12005], [-99.392, 45.12301], [-99.39375, 45.12602], [-99.3954, 45.1289], [-99.39715, 45.1319], [-99.39882, 45.13479], [-99.40054, 45.13774], [-99.40217, 45.14058], [-99.40365, 45.14312], [-99.40542, 45.14615], [-99.40705, 45.14895], [-99.40848, 45.15143], [-99.41017, 45.15438], [-99.41192, 45.15736], [-99.41362, 45.16028], [-99.41516, 45.16297], [-99.41687, 45.16589], [-99.41843, 45.16858], [-99.4202, 45.17163], [-99.42188, 45.1745], [-99.42349, 45.17731], [-99.42534, 45.18046], [-99.42698, 45.1833], [-99.42881, 45.18644], [-99.43042, 45.18922], [-99.43179, 45.19155], [-99.43323, 45.19402], [-99.43475, 45.19665], [-99.43644, 45.19956], [-99.43806, 45.20236], [-99.43984, 45.20542], [-99.44151, 45.2083], [-99.44328, 45.21136], [-99.44491, 45.21412], [-99.4464, 45.21673], [-99.448, 45.21944], [-99.44985, 45.22264], [-99.45194, 45.22623], [-99.45396, 45.22974], [-99.45616, 45.23348], [-99.45853, 45.23755], [-99.4606, 45.24108], [-99.46257, 45.24453], [-99.4648, 45.24834], [-99.4671, 45.25231], [-99.46807, 45.25639], [-99.469, 45.26021], [-99.46987, 45.26405], [-99.47065, 45.26738], [-99.47165, 45.27159], [-99.47267, 45.276], [-99.47368, 45.28017], [-99.47466, 45.28437], [-99.47552, 45.28798], [-99.47622, 45.29098], [-99.47706, 45.29445], [-99.47761, 45.29689], [-99.47834, 45.29998], [-99.47931, 45.30409], [-99.48005, 45.30724], [-99.48068, 45.30993], [-99.48113, 45.31187], [-99.48237, 45.3144], [-99.4842, 45.31808], [-99.48541, 45.32051], [-99.48676, 45.32324], [-99.48813, 45.32602], [-99.48962, 45.32905], [-99.49103, 45.33189], [-99.49267, 45.33518], [-99.4941, 45.33808], [-99.49541, 45.34072], [-99.49707, 45.34409], [-99.49819, 45.34635], [-99.49993, 45.34985], [-99.50103, 45.35209], [-99.50278, 45.3556], [-99.50448, 45.35904], [-99.50636, 45.36284], [-99.50823, 45.36662], [-99.5098, 45.36976], [-99.51207, 45.37432], [-99.51426, 45.37876], [-99.51591, 45.3821], [-99.51752, 45.38535], [-99.51923, 45.38877], [-99.52062, 45.39161], [-99.5223, 45.39496], [-99.52399, 45.39838], [-99.52562, 45.40167], [-99.52697, 45.40438], [-99.52813, 45.40673], [-99.52946, 45.4094], [-99.5309, 45.41229], [-99.53253, 45.41562], [-99.53389, 45.41834], [-99.54242, 45.42209], [-99.54565, 45.42349], [-99.54898, 45.42495], [-99.55398, 45.42716], [-99.55944, 45.42955], [-99.56307, 45.43114], [-99.56504, 45.43199], [-99.56713, 45.43315], [-99.57044, 45.435], [-99.57424, 45.43711], [-99.57765, 45.439], [-99.58105, 45.44089], [-99.58464, 45.44289], [-99.58956, 45.4456], [-99.59431, 45.44822], [-99.59931, 45.45099], [-99.6031, 45.45309], [-99.60747, 45.45552], [-99.61181, 45.45792], [-99.616, 45.46022], [-99.62063, 45.4628], [-99.62546, 45.46548], [-99.63024, 45.46811], [-99.63446, 45.47045], [-99.63915, 45.47307], [-99.64423, 45.47586], [-99.64842, 45.47819], [-99.65217, 45.48005], [-99.65426, 45.48111], [-99.65696, 45.48246], [-99.65947, 45.48371], [-99.66261, 45.48528], [-99.6665, 45.48723], [-99.66989, 45.48891], [-99.67298, 45.49047], [-99.67633, 45.49214], [-99.68061, 45.49428], [-99.68554, 45.49673], [-99.69064, 45.4993], [-99.69569, 45.50182], [-99.69925, 45.50359], [-99.70321, 45.50557], [-99.70635, 45.50714], [-99.71087, 45.50941], [-99.71578, 45.51184], [-99.72017, 45.51404], [-99.72418, 45.51603], [-99.7278, 45.51785], [-99.73143, 45.51966], [-99.73488, 45.52139], [-99.73839, 45.52312], [-99.74208, 45.52497], [-99.74581, 45.52683], [-99.74856, 45.5282], [-99.74857, 45.53135], [-99.74857, 45.53459], [-99.74858, 45.53706], [-99.7486, 45.54131], [-99.7486, 45.54522], [-99.74861, 45.54805], [-99.74862, 45.55144], [-99.74862, 45.55443], [-99.74863, 45.55715], [-99.74862, 45.55964], [-99.74864, 45.56335], [-99.74865, 45.56736], [-99.74866, 45.57108], [-99.74866, 45.57531], [-99.74867, 45.57812], [-99.74869, 45.58159], [-99.74869, 45.58469], [-99.7487, 45.58772], [-99.74871, 45.59082], [-99.74871, 45.59302], [-99.74868, 45.59616], [-99.74866, 45.59854], [-99.74862, 45.60191], [-99.74859, 45.60449], [-99.74857, 45.60743], [-99.74857, 45.61124], [-99.74859, 45.61526], [-99.74858, 45.61872], [-99.74858, 45.62181], [-99.7486, 45.62528], [-99.74861, 45.62953], [-99.74862, 45.63359], [-99.74862, 45.63704], [-99.74863, 45.64016], [-99.74863, 45.64388], [-99.74865, 45.64785], [-99.74865, 45.65152], [-99.74866, 45.65505], [-99.74867, 45.65858], [-99.74867, 45.6619], [-99.74867, 45.66457], [-99.74869, 45.66778], [-99.74869, 45.67157], [-99.7487, 45.67564], [-99.74871, 45.67993], [-99.7487, 45.68399], [-99.74873, 45.6878], [-99.74873, 45.69134], [-99.74873, 45.6942], [-99.74874, 45.69702], [-99.74874, 45.69967], [-99.74875, 45.70274], [-99.74874, 45.70605], [-99.74876, 45.71028], [-99.74876, 45.71457], [-99.74878, 45.71851], [-99.74877, 45.72255], [-99.74879, 45.72624], [-99.7488, 45.72953], [-99.7488, 45.73262], [-99.74882, 45.73602], [-99.74882, 45.73888], [-99.74882, 45.74244], [-99.74882, 45.746], [-99.74883, 45.75033], [-99.74884, 45.75403], [-99.74885, 45.75725], [-99.74885, 45.76035], [-99.74886, 45.76363], [-99.74887, 45.76671], [-99.74887, 45.76984], [-99.74888, 45.77275], [-99.74888, 45.77619], [-99.74889, 45.7796], [-99.7489, 45.78275], [-99.74891, 45.78554], [-99.74891, 45.78883], [-99.7489, 45.79126], [-99.75174, 45.79237], [-99.75658, 45.7943], [-99.7601, 45.79569], [-99.76472, 45.79751], [-99.76986, 45.79954], [-99.77515, 45.80163], [-99.77932, 45.80328], [-99.78323, 45.80483], [-99.78698, 45.80632], [-99.78997, 45.8075], [-99.79312, 45.80873], [-99.79749, 45.80942], [-99.80311, 45.81031], [-99.80786, 45.81105], [-99.81165, 45.81163], [-99.81586, 45.8123], [-99.82002, 45.81296], [-99.82401, 45.81357], [-99.82799, 45.81421], [-99.83275, 45.81495], [-99.8371, 45.81562], [-99.84141, 45.8163], [-99.84558, 45.81695], [-99.84957, 45.81757], [-99.85394, 45.81826], [-99.85797, 45.81888], [-99.86238, 45.81956], [-99.86672, 45.82023], [-99.87046, 45.82084], [-99.87351, 45.82131], [-99.87602, 45.82256], [-99.87938, 45.82422], [-99.88331, 45.82628], [-99.88787, 45.82762], [-99.89185, 45.8288], [-99.89621, 45.83009], [-99.90043, 45.83137], [-99.90464, 45.83264], [-99.9091, 45.83396], [-99.91339, 45.83524], [-99.91815, 45.83665], [-99.92407, 45.83842], [-99.92841, 45.83974], [-99.93242, 45.84092], [-99.93683, 45.84223], [-99.94142, 45.84359], [-99.94544, 45.8448], [-99.94973, 45.84608], [-99.95451, 45.8475], [-99.95862, 45.84872], [-99.96291, 45.85003], [-99.96715, 45.85169], [-99.97217, 45.8537], [-99.97728, 45.85574], [-99.9824, 45.85777], [-99.988, 45.85998], [-99.99277, 45.86189], [-99.99615, 45.86325], [-100.00084, 45.8651], [-100.00506, 45.86676], [-100.01007, 45.86873], [-100.01479, 45.8706], [-100.01883, 45.8722], [-100.0245, 45.87443], [-100.02892, 45.87615], [-100.0344, 45.87834], [-100.03951, 45.88036], [-100.04456, 45.88235], [-100.04952, 45.88431], [-100.0541, 45.88633], [-100.05732, 45.88777], [-100.06138, 45.88958], [-100.06467, 45.89103], [-100.0682, 45.89257], [-100.0719, 45.89424], [-100.07565, 45.89589], [-100.07997, 45.89778], [-100.08403, 45.8996], [-100.08895, 45.90176], [-100.09211, 45.90316], [-100.0961, 45.90494], [-100.10082, 45.90701], [-100.10592, 45.90928], [-100.11143, 45.91171], [-100.11636, 45.91388], [-100.12094, 45.91592], [-100.12646, 45.91839], [-100.13122, 45.92049], [-100.13633, 45.92252], [-100.14101, 45.92435], [-100.14439, 45.92567], [-100.14835, 45.92727], [-100.15398, 45.92948], [-100.15929, 45.93159], [-100.16325, 45.93315], [-100.16575, 45.93416], [-100.17039, 45.93607], [-100.17463, 45.93779], [-100.17915, 45.93963], [-100.18197, 45.9408], [-100.18383, 45.94155], [-100.18482, 45.94202], [-100.1879, 45.94327], [-100.20082, 45.9486], [-100.21598, 45.95473], [-100.22762, 45.95949], [-100.2467, 45.96749], [-100.26145, 45.9741], [-100.2738, 45.97927], [-100.28191, 45.98274], [-100.29445, 45.98809], [-100.30847, 45.99409], [-100.32601, 46.00166], [-100.33781, 46.00673], [-100.36225, 46.01722], [-100.36672, 46.02269], [-100.37776, 46.03645], [-100.38904, 46.05027], [-100.40129, 46.06536], [-100.40983, 46.07637], [-100.41831, 46.08684], [-100.42963, 46.1009], [-100.44001, 46.11368], [-100.43993, 46.11744], [-100.43984, 46.12953], [-100.4397, 46.14471], [-100.43951, 46.16441], [-100.43932, 46.17776], [-100.43917, 46.19915], [-100.43915, 46.21519], [-100.43917, 46.23327], [-100.43927, 46.25371], [-100.43941, 46.27444], [-100.44179, 46.28324], [-100.44165, 46.30183], [-100.44158, 46.31648], [-100.44136, 46.33654], [-100.44129, 46.35241], [-100.44103, 46.36976], [-100.45088, 46.37804], [-100.46906, 46.39327], [-100.47601, 46.39912], [-100.49523, 46.41535], [-100.51068, 46.42834], [-100.52469, 46.44], [-100.52752, 46.44], [-100.54834, 46.44024], [-100.56935, 46.44036], [-100.58706, 46.4405], [-100.59948, 46.44062], [-100.61947, 46.44081], [-100.63593, 46.44091], [-100.6528, 46.44098], [-100.66879, 46.44117], [-100.6849, 46.44126], [-100.70189, 46.44138], [-100.72154, 46.4416], [-100.73458, 46.44164], [-100.74493, 46.44162], [-100.76768, 46.44179], [-100.77287, 46.44721], [-100.78498, 46.4593], [-100.79883, 46.47372], [-100.81782, 46.48381], [-100.82786, 46.48907], [-100.84475, 46.49806], [-100.85596, 46.50408], [-100.87519, 46.51441], [-100.88925, 46.52186], [-100.90429, 46.52987], [-100.91783, 46.53601], [-100.93113, 46.54149], [-100.94716, 46.54848], [-100.96458, 46.55583], [-100.98274, 46.56354], [-100.99994, 46.57085], [-101.01529, 46.57753], [-101.03656, 46.5867], [-101.05127, 46.59314], [-101.06661, 46.59988], [-101.08405, 46.6074], [-101.09983, 46.61427], [-101.11263, 46.61979], [-101.12479, 46.62508], [-101.13752, 46.63053], [-101.14913, 46.63562], [-101.15998, 46.64033], [-101.17314, 46.64606], [-101.18625, 46.6517], [-101.19184, 46.65361], [-101.20479, 46.65803], [-101.2175, 46.66243], [-101.22873, 46.66619], [-101.2426, 46.67105], [-101.2559, 46.67559], [-101.26941, 46.68007], [-101.28912, 46.68616], [-101.30615, 46.69142], [-101.32126, 46.69613], [-101.33052, 46.69941], [-101.34622, 46.70541], [-101.35924, 46.71038], [-101.37699, 46.71719], [-101.3961, 46.72468], [-101.40937, 46.72937], [-101.42677, 46.73539], [-101.44166, 46.74048], [-101.45535, 46.74538], [-101.47236, 46.75114], [-101.49387, 46.75854], [-101.51157, 46.76451], [-101.53641, 46.77322], [-101.56005, 46.78135], [-101.57325, 46.78574], [-101.59215, 46.79186], [-101.6025, 46.79511], [-101.61257, 46.79842], [-101.62698, 46.80299], [-101.6425, 46.808], [-101.65967, 46.81344], [-101.66163, 46.8158], [-101.67503, 46.83196], [-101.68205, 46.84085], [-101.68757, 46.84738], [-101.69605, 46.85766], [-101.7056, 46.86906], [-101.7092, 46.87382], [-101.71702, 46.88511], [-101.72557, 46.89762], [-101.73516, 46.91186], [-101.74419, 46.92499], [-101.75193, 46.93632], [-101.75631, 46.93913], [-101.768, 46.94686], [-101.78106, 46.95537], [-101.79705, 46.96575], [-101.81285, 46.97551], [-101.82568, 46.98259], [-101.83316, 46.98674], [-101.84445, 46.99306], [-101.86093, 47.0022], [-101.87405, 47.00964], [-101.89046, 47.01874], [-101.90346, 47.02594], [-101.91794, 47.03397], [-101.93363, 47.04273], [-101.946, 47.04973], [-101.95497, 47.05457], [-101.95495, 47.06856], [-101.95495, 47.08457], [-101.95491, 47.0958], [-101.95503, 47.11152], [-101.95501, 47.12315], [-101.95501, 47.13435], [-101.95499, 47.15013], [-101.95503, 47.16937], [-101.95512, 47.18245], [-101.95516, 47.1976], [-101.9551, 47.20659], [-101.95518, 47.21905], [-101.95523, 47.22534], [-101.95531, 47.23474], [-101.95544, 47.24365], [-101.95543, 47.25006], [-101.95539, 47.25351], [-101.95541, 47.25665], [-101.95535, 47.25979], [-101.95539, 47.26771], [-101.95543, 47.27753], [-101.9555, 47.29373], [-101.95562, 47.30934], [-101.95558, 47.32102], [-101.95564, 47.32962], [-101.95561, 47.33669], [-101.95583, 47.34187], [-101.95608, 47.34792], [-101.9564, 47.35397], [-101.95661, 47.3577], [-101.95683, 47.36043], [-101.94894, 47.36201], [-101.93972, 47.3638], [-101.93465, 47.36479], [-101.92748, 47.36618], [-101.91766, 47.36807], [-101.91098, 47.36934], [-101.90446, 47.37063], [-101.90096, 47.37188], [-101.89394, 47.37186], [-101.87501, 47.37182], [-101.86579, 47.37185], [-101.85926, 47.37017], [-101.85251, 47.37043], [-101.84829, 47.3706], [-101.84342, 47.37085], [-101.84231, 47.37091]]}, "properties": {"owner": "NOT AVAILABLE", "voltage_kv": 345.0}}, {"type": "Feature", "geometry": {"type": "LineString", "coordinates": [[-97.57873, 43.0552], [-97.57804, 43.05476], [-97.57716, 43.05474], [-97.5772, 43.05679], [-97.57724, 43.05883], [-97.57498, 43.05976], [-97.57103, 43.06142], [-97.567, 43.06309], [-97.56342, 43.06457], [-97.55997, 43.06601], [-97.55641, 43.06748], [-97.55296, 43.06892], [-97.54895, 43.0706], [-97.54509, 43.07221], [-97.54135, 43.07374], [-97.53728, 43.07547], [-97.53365, 43.07696], [-97.52956, 43.07867], [-97.52612, 43.08009], [-97.52268, 43.08153], [-97.51964, 43.08257], [-97.5158, 43.08388], [-97.51153, 43.08533], [-97.5077, 43.08663], [-97.50373, 43.08799], [-97.49932, 43.08948], [-97.49572, 43.09071], [-97.49259, 43.09177], [-97.4892, 43.09294], [-97.4859, 43.09405], [-97.48236, 43.09617], [-97.47886, 43.09827], [-97.47534, 43.10037], [-97.47258, 43.10206], [-97.46955, 43.10391], [-97.46654, 43.10576], [-97.46284, 43.10805], [-97.4593, 43.11019], [-97.45588, 43.11232], [-97.45223, 43.11455], [-97.44909, 43.11649], [-97.44606, 43.11833], [-97.44319, 43.12009], [-97.4401, 43.12193], [-97.43674, 43.12304], [-97.43307, 43.12423], [-97.42948, 43.12539], [-97.42593, 43.12653], [-97.42199, 43.12781], [-97.41822, 43.12902], [-97.41461, 43.13018], [-97.41111, 43.13131], [-97.40742, 43.13249], [-97.40384, 43.13365], [-97.3999, 43.13492], [-97.39616, 43.13626], [-97.39247, 43.13761], [-97.38913, 43.13881], [-97.38557, 43.1401], [-97.38157, 43.14155], [-97.37802, 43.14283], [-97.37452, 43.1441], [-97.37099, 43.14538], [-97.36753, 43.14663], [-97.3641, 43.14786], [-97.36064, 43.14911], [-97.35721, 43.15033], [-97.35342, 43.15139], [-97.34957, 43.15245], [-97.34591, 43.15346], [-97.3423, 43.15445], [-97.33853, 43.15549], [-97.33566, 43.15795], [-97.33266, 43.16051], [-97.32981, 43.16295], [-97.32697, 43.16537], [-97.32418, 43.16774], [-97.32153, 43.17003], [-97.3189, 43.17226], [-97.31626, 43.17452], [-97.31359, 43.17681], [-97.31053, 43.17942], [-97.3077, 43.18185], [-97.30483, 43.18431], [-97.302, 43.1867], [-97.29905, 43.18921], [-97.29608, 43.191], [-97.29313, 43.19278], [-97.29029, 43.19454], [-97.28738, 43.19629], [-97.28434, 43.19814], [-97.28072, 43.20032], [-97.27724, 43.20243], [-97.27335, 43.20449], [-97.26969, 43.20642], [-97.26619, 43.20827], [-97.26255, 43.21021], [-97.25916, 43.21199], [-97.2551, 43.21415], [-97.25146, 43.21608], [-97.24814, 43.21784], [-97.24458, 43.21971], [-97.24037, 43.22115], [-97.23673, 43.22238], [-97.23309, 43.22362], [-97.22944, 43.22486], [-97.22581, 43.2261], [-97.22215, 43.22734], [-97.21828, 43.22867], [-97.21423, 43.23004], [-97.21023, 43.2314], [-97.20637, 43.23274], [-97.20233, 43.23411], [-97.1981, 43.23555], [-97.19379, 43.23701], [-97.18939, 43.23851], [-97.18499, 43.24], [-97.1809, 43.2414], [-97.1778, 43.24325], [-97.17427, 43.24536], [-97.17063, 43.24755], [-97.1672, 43.24961], [-97.16354, 43.25179], [-97.15987, 43.254], [-97.15607, 43.25599], [-97.15231, 43.25799], [-97.14855, 43.25997], [-97.14486, 43.2619], [-97.14106, 43.26393], [-97.13714, 43.26598], [-97.13388, 43.26792], [-97.13061, 43.26987], [-97.12734, 43.27186], [-97.12406, 43.27383], [-97.12074, 43.27582], [-97.11749, 43.27777], [-97.11421, 43.27973], [-97.11102, 43.28166], [-97.10769, 43.28366], [-97.10443, 43.2856], [-97.10118, 43.28786], [-97.09784, 43.29015], [-97.09454, 43.29247], [-97.09121, 43.29477], [-97.0879, 43.29707], [-97.08485, 43.29917], [-97.08179, 43.30129], [-97.07827, 43.30373], [-97.0747, 43.30619], [-97.07129, 43.30856], [-97.06789, 43.31085], [-97.06443, 43.31219], [-97.06078, 43.31352], [-97.05733, 43.31481], [-97.05367, 43.31617], [-97.04998, 43.31752], [-97.04618, 43.31898], [-97.04211, 43.32046], [-97.03832, 43.32186], [-97.03448, 43.32327], [-97.03068, 43.32469], [-97.02689, 43.32609], [-97.0231, 43.3275], [-97.01952, 43.32881], [-97.01527, 43.33039], [-97.01229, 43.33229], [-97.00917, 43.33429], [-97.00605, 43.33632], [-97.00295, 43.33831], [-96.99994, 43.34026], [-96.99687, 43.34224], [-96.99386, 43.34417], [-96.9905, 43.34634], [-96.98703, 43.34857], [-96.98347, 43.35085], [-96.97993, 43.35286], [-96.97642, 43.35489], [-96.97289, 43.35689], [-96.96935, 43.3589], [-96.96602, 43.36078], [-96.96268, 43.3627], [-96.95856, 43.36408], [-96.95439, 43.36552], [-96.95046, 43.36682], [-96.94603, 43.36833], [-96.94202, 43.36966], [-96.93828, 43.37093], [-96.93427, 43.3723], [-96.93016, 43.37374], [-96.92903, 43.37423], [-96.92711, 43.37505], [-96.92441, 43.37629], [-96.92328, 43.3768], [-96.91961, 43.37848], [-96.91578, 43.38023], [-96.91178, 43.38203], [-96.90768, 43.38391], [-96.90367, 43.38556], [-96.89965, 43.38723], [-96.89551, 43.38892], [-96.89185, 43.39045], [-96.88774, 43.39215], [-96.88455, 43.39374], [-96.88073, 43.39564], [-96.87712, 43.39745], [-96.8739, 43.39905], [-96.87041, 43.40084], [-96.86677, 43.40265], [-96.86619, 43.40294], [-96.86374, 43.40415], [-96.86039, 43.40583], [-96.85697, 43.40753], [-96.85351, 43.40923], [-96.84965, 43.41118], [-96.84577, 43.41309], [-96.84251, 43.41472], [-96.83923, 43.41635], [-96.83588, 43.41803], [-96.83588, 43.41924], [-96.83459, 43.41869]]}, "properties": {"owner": "NOT AVAILABLE", "voltage_kv": 230.0}}, {"type": "Feature", "geometry": {"type": "LineString", "coordinates": [[-97.13844, 43.7165], [-97.13836, 43.7161], [-97.13835, 43.71554], [-97.13492, 43.71503], [-97.13091, 43.71446], [-97.12723, 43.71395], [-97.12336, 43.7134], [-97.11953, 43.71287], [-97.11569, 43.71235], [-97.11211, 43.71186], [-97.10833, 43.71132], [-97.10466, 43.71082], [-97.10086, 43.71026], [-97.09801, 43.71022], [-97.09509, 43.71017], [-97.09164, 43.7101], [-97.088, 43.71], [-97.08468, 43.70993], [-97.0809, 43.70983], [-97.07718, 43.70972], [-97.07369, 43.7093], [-97.07008, 43.70886], [-97.0666, 43.70844], [-97.06312, 43.70803], [-97.05959, 43.70756], [-97.05634, 43.70717], [-97.05269, 43.70675], [-97.04926, 43.70631], [-97.04542, 43.70584], [-97.04168, 43.7054], [-97.03811, 43.70429], [-97.03405, 43.70305], [-97.03079, 43.70205], [-97.0276, 43.70103], [-97.02393, 43.6999], [-97.02021, 43.6987], [-97.01657, 43.69763], [-97.01291, 43.6965], [-97.00923, 43.69534], [-97.00583, 43.6943], [-97.00232, 43.69319], [-96.99893, 43.69214], [-96.99555, 43.6911], [-96.99229, 43.69011], [-96.989, 43.6891], [-96.98552, 43.68799], [-96.98186, 43.68687], [-96.9782, 43.68574], [-96.97475, 43.68465], [-96.97106, 43.68354], [-96.96761, 43.68246], [-96.96415, 43.68139], [-96.96053, 43.68142], [-96.95676, 43.6814], [-96.95297, 43.68137], [-96.94917, 43.68139], [-96.9452, 43.68138], [-96.94123, 43.68136], [-96.93721, 43.68136], [-96.93325, 43.68136], [-96.92936, 43.68133], [-96.92541, 43.68134], [-96.92156, 43.68132], [-96.91755, 43.68133], [-96.91358, 43.68131], [-96.9098, 43.68132], [-96.90604, 43.68129], [-96.90215, 43.68129], [-96.89835, 43.68128], [-96.89467, 43.68132], [-96.89107, 43.68132], [-96.8874, 43.68132], [-96.88358, 43.68131], [-96.87984, 43.68128], [-96.8758, 43.68126], [-96.8718, 43.68126], [-96.87121, 43.68126], [-96.86797, 43.68126], [-96.86398, 43.68126], [-96.86001, 43.68126], [-96.85636, 43.68126], [-96.85247, 43.68125], [-96.8487, 43.68125], [-96.84493, 43.68125], [-96.84117, 43.68125], [-96.83756, 43.68122], [-96.83398, 43.68122], [-96.82998, 43.68124], [-96.82603, 43.68121], [-96.82225, 43.68122], [-96.81847, 43.68121], [-96.81466, 43.68118], [-96.81072, 43.68119], [-96.80717, 43.68118], [-96.80337, 43.68088], [-96.79958, 43.68059], [-96.79584, 43.68032], [-96.79198, 43.68003], [-96.78792, 43.67969], [-96.78388, 43.67939], [-96.78025, 43.67913], [-96.77668, 43.67883], [-96.77276, 43.67853], [-96.76918, 43.67826], [-96.7654, 43.67799], [-96.76168, 43.67771], [-96.75787, 43.67741], [-96.75427, 43.67712], [-96.751, 43.67549], [-96.74794, 43.67396], [-96.74502, 43.67249], [-96.74205, 43.671], [-96.73907, 43.66952], [-96.73649, 43.66831], [-96.73314, 43.66655], [-96.72991, 43.66491], [-96.72679, 43.66338], [-96.72367, 43.66181], [-96.72067, 43.66033], [-96.71787, 43.65835], [-96.71501, 43.65638], [-96.71215, 43.65431], [-96.70924, 43.65231], [-96.70661, 43.6504], [-96.70396, 43.64846], [-96.70109, 43.64646], [-96.69823, 43.64446], [-96.69541, 43.64246], [-96.69257, 43.64044], [-96.68985, 43.63854], [-96.68717, 43.63662], [-96.68448, 43.63467], [-96.68186, 43.63291], [-96.67932, 43.63106], [-96.67703, 43.62942], [-96.67428, 43.62753], [-96.67126, 43.62537], [-96.67043, 43.62479], [-96.66824, 43.62326], [-96.66562, 43.6214], [-96.66311, 43.61962], [-96.66051, 43.61777], [-96.65802, 43.61602], [-96.65777, 43.61585], [-96.65522, 43.61403], [-96.6532, 43.61259], [-96.64997, 43.61032], [-96.64817, 43.60808], [-96.6476, 43.60615], [-96.64739, 43.60543], [-96.64733, 43.60525], [-96.64663, 43.60295], [-96.64618, 43.60169], [-96.64573, 43.60059], [-96.64703, 43.60028], [-96.6476, 43.60003], [-96.64814, 43.5998], [-96.649, 43.59915]]}, "properties": {"owner": "NOT AVAILABLE", "voltage_kv": 230.0}}, {"type": "Feature", "geometry": {"type": "LineString", "coordinates": [[-99.43834, 44.38406], [-99.4406, 44.38293]]}, "properties": {"owner": "NOT AVAILABLE", "voltage_kv": 230.0}}, {"type": "Feature", "geometry": {"type": "LineString", "coordinates": [[-96.30633, 42.60293], [-96.30753, 42.60376], [-96.30874, 42.60378], [-96.3154, 42.60384], [-96.31891, 42.60388], [-96.32208, 42.6057], [-96.33061, 42.61064], [-96.3466, 42.6199], [-96.35894, 42.62699], [-96.36161, 42.62911], [-96.37256, 42.63778], [-96.38398, 42.64674], [-96.39317, 42.65406], [-96.40074, 42.65942], [-96.41092, 42.66357], [-96.41865, 42.66667], [-96.42972, 42.67121], [-96.43749, 42.67433], [-96.44396, 42.67735], [-96.44767, 42.67907], [-96.45436, 42.68226], [-96.46183, 42.68574], [-96.46547, 42.68741], [-96.46825, 42.68947], [-96.47159, 42.69184], [-96.47738, 42.69601], [-96.49017, 42.70528], [-96.50399, 42.71504], [-96.51547, 42.72314], [-96.51846, 42.72527], [-96.53189, 42.73459], [-96.54607, 42.74413], [-96.55508, 42.75023], [-96.56438, 42.75627], [-96.57617, 42.76416], [-96.58104, 42.76917], [-96.58893, 42.77727], [-96.6011, 42.78979], [-96.60402, 42.79285], [-96.60646, 42.79537], [-96.60916, 42.79814], [-96.61163, 42.80067], [-96.61416, 42.8033], [-96.61658, 42.80577], [-96.61877, 42.80807], [-96.62076, 42.81014], [-96.62269, 42.81214], [-96.62521, 42.81475], [-96.62718, 42.81677], [-96.62973, 42.8193], [-96.63217, 42.82182], [-96.63445, 42.82419], [-96.63579, 42.82685], [-96.63584, 42.82954], [-96.63583, 42.83251], [-96.63588, 42.83481], [-96.63606, 42.83722], [-96.63631, 42.84092], [-96.63654, 42.84398], [-96.63652, 42.84584], [-96.63658, 42.84924], [-96.63661, 42.85236], [-96.63662, 42.85528], [-96.63663, 42.85844], [-96.63667, 42.86167], [-96.63664, 42.86485], [-96.63672, 42.86828], [-96.63664, 42.87059], [-96.63644, 42.87408], [-96.63647, 42.87643], [-96.63642, 42.87861], [-96.63631, 42.88184], [-96.6362, 42.88475], [-96.63614, 42.88756], [-96.63613, 42.89049], [-96.63613, 42.89327], [-96.6361, 42.89667], [-96.63629, 42.90012], [-96.63625, 42.90236], [-96.63625, 42.90557], [-96.63633, 42.90883], [-96.63636, 42.91225], [-96.63638, 42.91541], [-96.63643, 42.91845], [-96.63653, 42.92046], [-96.63662, 42.92325], [-96.63678, 42.92657], [-96.63693, 42.92929], [-96.63706, 42.93232], [-96.63723, 42.93541], [-96.63738, 42.93893], [-96.63734, 42.94187], [-96.63727, 42.94469], [-96.63728, 42.94718], [-96.63719, 42.95032], [-96.63718, 42.95289], [-96.63711, 42.95581], [-96.63714, 42.95842], [-96.63718, 42.96108], [-96.63719, 42.96368], [-96.63724, 42.96627], [-96.63728, 42.9694], [-96.63729, 42.97287], [-96.63736, 42.97614], [-96.6374, 42.97956], [-96.63745, 42.98296], [-96.63757, 42.98617], [-96.63766, 42.98927], [-96.63773, 42.99252], [-96.63782, 42.99602], [-96.63785, 42.99929], [-96.63796, 43.00239], [-96.638, 43.00536], [-96.63823, 43.00856], [-96.63848, 43.01192], [-96.63858, 43.01422], [-96.63875, 43.01714], [-96.63892, 43.02013], [-96.6391, 43.02327], [-96.63904, 43.02603], [-96.63889, 43.02902], [-96.63879, 43.03181], [-96.63863, 43.03518], [-96.63848, 43.03849], [-96.63836, 43.04158], [-96.63824, 43.04474], [-96.6381, 43.04778], [-96.63793, 43.05081], [-96.63782, 43.05397], [-96.63783, 43.05731], [-96.63786, 43.06044], [-96.6379, 43.06346], [-96.63787, 43.06661], [-96.63784, 43.06959], [-96.6379, 43.07235], [-96.63791, 43.07539], [-96.63794, 43.0785], [-96.63794, 43.08167], [-96.63797, 43.08458], [-96.63801, 43.08766], [-96.63797, 43.0906], [-96.63802, 43.09401], [-96.63805, 43.09723], [-96.63806, 43.10011], [-96.63807, 43.10329], [-96.63808, 43.10651], [-96.6381, 43.10955], [-96.63811, 43.11229], [-96.63814, 43.1154], [-96.63819, 43.11871], [-96.63821, 43.122], [-96.63822, 43.12493], [-96.63826, 43.12807], [-96.63822, 43.13101], [-96.6382, 43.13396], [-96.63822, 43.13716], [-96.63826, 43.14057], [-96.63828, 43.14321], [-96.63829, 43.1465], [-96.63835, 43.14956], [-96.63835, 43.15273], [-96.63836, 43.1559], [-96.63838, 43.15925], [-96.63842, 43.16237], [-96.63844, 43.1654], [-96.63846, 43.16857], [-96.6385, 43.17178], [-96.6385, 43.17497], [-96.63844, 43.17797], [-96.63844, 43.18109], [-96.63843, 43.18421], [-96.63839, 43.18737], [-96.63835, 43.19048], [-96.63839, 43.19345], [-96.63836, 43.19664], [-96.63834, 43.19993], [-96.638, 43.20294], [-96.63772, 43.20588], [-96.63742, 43.20908], [-96.6371, 43.212], [-96.63731, 43.21475], [-96.63758, 43.21735], [-96.63783, 43.22014], [-96.63815, 43.2236], [-96.63845, 43.22708], [-96.63872, 43.23013], [-96.63875, 43.233], [-96.63876, 43.23616], [-96.63875, 43.23932], [-96.63876, 43.24264], [-96.63868, 43.24581], [-96.63879, 43.24899], [-96.63879, 43.25219], [-96.63878, 43.25547], [-96.63881, 43.25849], [-96.63881, 43.26195], [-96.63879, 43.26496], [-96.63879, 43.2683], [-96.6388, 43.27146], [-96.6388, 43.2748], [-96.63881, 43.27773], [-96.63883, 43.28103], [-96.63883, 43.28392], [-96.63884, 43.28687], [-96.63884, 43.29012], [-96.63884, 43.29329], [-96.63885, 43.29651], [-96.63878, 43.29942], [-96.63874, 43.30282], [-96.63873, 43.30584], [-96.63873, 43.30616], [-96.63868, 43.30865], [-96.63745, 43.31181], [-96.63616, 43.31503], [-96.6365, 43.31823], [-96.63682, 43.32142], [-96.63719, 43.3246], [-96.6375, 43.32774], [-96.63779, 43.33048], [-96.63813, 43.33389], [-96.6385, 43.33725], [-96.63886, 43.34068], [-96.63884, 43.34391], [-96.63883, 43.34709], [-96.6388, 43.35017], [-96.63878, 43.35328], [-96.63879, 43.35658], [-96.63876, 43.35966], [-96.63876, 43.36279], [-96.63872, 43.36511], [-96.63872, 43.36827], [-96.6387, 43.37148], [-96.63868, 43.37456], [-96.63867, 43.37778], [-96.63865, 43.38078], [-96.63867, 43.38402], [-96.63865, 43.38712], [-96.63866, 43.3898], [-96.63862, 43.39249], [-96.63865, 43.39583], [-96.63865, 43.39905], [-96.6387, 43.40233], [-96.6387, 43.40556], [-96.6387, 43.40882], [-96.63873, 43.41218], [-96.63871, 43.41556], [-96.63875, 43.41853], [-96.63877, 43.42186], [-96.63919, 43.42518], [-96.63962, 43.42845], [-96.64003, 43.43185], [-96.64049, 43.43531], [-96.64086, 43.43858], [-96.63965, 43.44129], [-96.63848, 43.44405], [-96.63729, 43.44671], [-96.63614, 43.4494], [-96.63328, 43.45166], [-96.63023, 43.45406], [-96.62753, 43.45612], [-96.62455, 43.45849], [-96.6216, 43.46075], [-96.61848, 43.46309], [-96.61514, 43.46564], [-96.61211, 43.46794], [-96.60941, 43.46993], [-96.60673, 43.47208], [-96.60376, 43.47453], [-96.60119, 43.47661], [-96.59846, 43.47892], [-96.59577, 43.48113], [-96.5927, 43.48368], [-96.59027, 43.48561], [-96.58666, 43.48844], [-96.58507, 43.48969], [-96.5833, 43.49109], [-96.58145, 43.494], [-96.57954, 43.49694], [-96.5777, 43.49973], [-96.57725, 43.50042], [-96.57572, 43.50275], [-96.57555, 43.50518], [-96.57539, 43.50736], [-96.57536, 43.5079], [-96.57513, 43.51146], [-96.57488, 43.51493], [-96.57343, 43.51779], [-96.57202, 43.52054], [-96.57084, 43.52282], [-96.56924, 43.52583], [-96.56773, 43.52884], [-96.56757, 43.52913], [-96.56613, 43.53189], [-96.56474, 43.53461], [-96.56313, 43.53772], [-96.56154, 43.54068], [-96.56142, 43.54334], [-96.5613, 43.54604], [-96.56057, 43.54863], [-96.55965, 43.55182], [-96.55738, 43.55507], [-96.55655, 43.55627], [-96.55626, 43.5567], [-96.5545, 43.55916], [-96.55244, 43.56207], [-96.5506, 43.56472], [-96.54987, 43.56574], [-96.54903, 43.56693], [-96.54891, 43.5695], [-96.54872, 43.5722], [-96.54858, 43.57461], [-96.54843, 43.57717], [-96.54731, 43.58058], [-96.54618, 43.58396], [-96.54529, 43.58665], [-96.54442, 43.58915], [-96.5433, 43.59247], [-96.54227, 43.59552], [-96.54221, 43.59851], [-96.54217, 43.60109], [-96.54217, 43.60356], [-96.54212, 43.60643], [-96.54215, 43.60777], [-96.54585, 43.6079], [-96.5496, 43.608], [-96.55359, 43.60804], [-96.55707, 43.60806], [-96.56066, 43.60805], [-96.56425, 43.60806], [-96.56785, 43.60805], [-96.57189, 43.60803], [-96.57595, 43.60824], [-96.57889, 43.60839], [-96.5819, 43.60853], [-96.58606, 43.60875], [-96.59026, 43.60884], [-96.59481, 43.60882], [-96.59853, 43.60883], [-96.6027, 43.60884], [-96.60456, 43.60883], [-96.60678, 43.60883], [-96.6108, 43.60896], [-96.61465, 43.60928], [-96.61847, 43.60965], [-96.62263, 43.60982], [-96.62296, 43.60982], [-96.62665, 43.60984], [-96.63018, 43.60982], [-96.63021, 43.60848], [-96.63036, 43.60485], [-96.63052, 43.60077], [-96.63098, 43.60031], [-96.63172, 43.60054]]}, "properties": {"owner": "MIDAMERICAN ENERGY CO", "voltage_kv": 345.0}}, {"type": "Feature", "geometry": {"type": "LineString", "coordinates": [[-96.649, 43.59915], [-96.64791, 43.5993], [-96.64709, 43.59951], [-96.64414, 43.59933], [-96.64185, 43.59918], [-96.64177, 43.59954], [-96.64169, 43.59987], [-96.64162, 43.6002], [-96.63953, 43.59992], [-96.63697, 43.59953], [-96.63456, 43.59903], [-96.63341, 43.59879], [-96.63315, 43.59873], [-96.63196, 43.59885], [-96.63196, 43.59923], [-96.63197, 43.59933], [-96.63199, 43.59999], [-96.63172, 43.60054]]}, "properties": {"owner": "NORTHERN STATES POWER CO - MINNESOTA", "voltage_kv": 230.0}}, {"type": "Feature", "geometry": {"type": "LineString", "coordinates": [[-97.96855, 43.84921], [-97.97024, 43.85007], [-97.97176, 43.85001], [-97.97407, 43.85035], [-97.9782, 43.85096], [-97.98192, 43.85158], [-97.98547, 43.85206], [-97.98865, 43.85251], [-97.99258, 43.8531], [-97.99615, 43.85372], [-97.99968, 43.85424], [-98.00299, 43.85467], [-98.00668, 43.85521], [-98.01041, 43.8558], [-98.01431, 43.85636], [-98.01823, 43.85695], [-98.02193, 43.85751], [-98.0257, 43.85808], [-98.0294, 43.85869], [-98.03307, 43.8592], [-98.03685, 43.85973], [-98.04078, 43.86032], [-98.04466, 43.86094], [-98.04859, 43.86154], [-98.05228, 43.86203], [-98.05618, 43.86261], [-98.06001, 43.86319], [-98.06392, 43.86377], [-98.06782, 43.86436], [-98.07161, 43.86502], [-98.0747, 43.86545], [-98.07877, 43.86599], [-98.0825, 43.8665], [-98.08607, 43.86703], [-98.08976, 43.86757], [-98.0935, 43.86806], [-98.09719, 43.86857], [-98.10117, 43.86914], [-98.10507, 43.86967], [-98.10881, 43.87018], [-98.11253, 43.87073], [-98.11608, 43.87121], [-98.1196, 43.87175], [-98.12319, 43.87225], [-98.12698, 43.8728], [-98.13064, 43.87324], [-98.13427, 43.87335], [-98.13826, 43.87335], [-98.14252, 43.8734], [-98.14567, 43.8734], [-98.14952, 43.87345], [-98.15207, 43.87349], [-98.15328, 43.87351], [-98.15706, 43.8735], [-98.1609, 43.87355], [-98.16471, 43.87359], [-98.16849, 43.87366], [-98.17204, 43.87369], [-98.17585, 43.87367], [-98.17967, 43.87374], [-98.18371, 43.87373], [-98.18756, 43.87376], [-98.19133, 43.87376], [-98.19504, 43.87433], [-98.1991, 43.87504], [-98.20278, 43.87567], [-98.20652, 43.87624], [-98.21007, 43.87687], [-98.21355, 43.87743], [-98.2171, 43.87801], [-98.22059, 43.87859], [-98.22413, 43.87917], [-98.228, 43.87977], [-98.23209, 43.88054], [-98.2356, 43.88104], [-98.2391, 43.88161], [-98.24263, 43.8822], [-98.24615, 43.88283], [-98.24963, 43.88339], [-98.25312, 43.88397], [-98.25644, 43.88453], [-98.26017, 43.88514], [-98.26362, 43.88571], [-98.26717, 43.88628], [-98.2708, 43.88687], [-98.27418, 43.88772], [-98.27748, 43.88854], [-98.28122, 43.88951], [-98.28462, 43.89039], [-98.28855, 43.89138], [-98.29219, 43.89228], [-98.29581, 43.89316], [-98.29937, 43.89409], [-98.30296, 43.89498], [-98.30634, 43.89587], [-98.30973, 43.89679], [-98.31349, 43.89774], [-98.31709, 43.89862], [-98.32063, 43.89949], [-98.32417, 43.90041], [-98.3276, 43.90125], [-98.33102, 43.9021], [-98.33442, 43.90277], [-98.33778, 43.90341], [-98.34173, 43.90415], [-98.34535, 43.90481], [-98.34902, 43.90551], [-98.35243, 43.90636], [-98.35625, 43.90738], [-98.35943, 43.90817], [-98.36312, 43.90911], [-98.36671, 43.91001], [-98.37055, 43.911], [-98.37363, 43.91173], [-98.37754, 43.91279], [-98.38136, 43.91373], [-98.38524, 43.91473], [-98.38909, 43.91571], [-98.3927, 43.91679], [-98.39651, 43.91797], [-98.4003, 43.91908], [-98.40401, 43.92024], [-98.4078, 43.92138], [-98.41139, 43.92243], [-98.415, 43.92329], [-98.41883, 43.92421], [-98.42238, 43.92499], [-98.42581, 43.92578], [-98.42926, 43.92659], [-98.43291, 43.92744], [-98.43631, 43.92821], [-98.4397, 43.92901], [-98.44314, 43.92983], [-98.44665, 43.93065], [-98.45027, 43.93151], [-98.4541, 43.93237], [-98.45797, 43.93324], [-98.46208, 43.93421], [-98.46616, 43.93521], [-98.46923, 43.93589], [-98.47266, 43.93673], [-98.47656, 43.9376], [-98.48051, 43.93851], [-98.48418, 43.93933], [-98.48801, 43.94024], [-98.49192, 43.94117], [-98.49551, 43.94196], [-98.49909, 43.94283], [-98.50271, 43.94363], [-98.50621, 43.94448], [-98.50963, 43.94525], [-98.51309, 43.9461], [-98.51659, 43.94691], [-98.52052, 43.94779], [-98.52445, 43.94868], [-98.52836, 43.94959], [-98.53226, 43.9505], [-98.53622, 43.95138], [-98.53967, 43.95217], [-98.54311, 43.95294], [-98.54658, 43.95374], [-98.54997, 43.95456], [-98.55349, 43.95532], [-98.5569, 43.95615], [-98.56029, 43.95697], [-98.56358, 43.95774], [-98.56727, 43.95859], [-98.57096, 43.95944], [-98.57466, 43.96028], [-98.5781, 43.96111], [-98.58146, 43.962], [-98.58504, 43.96296], [-98.5882, 43.96379], [-98.59172, 43.96475], [-98.59537, 43.96577], [-98.59885, 43.96669], [-98.60221, 43.9676], [-98.60557, 43.9685], [-98.60933, 43.96953], [-98.61299, 43.97053], [-98.61626, 43.97142], [-98.61954, 43.97232], [-98.62257, 43.97315], [-98.62607, 43.97411], [-98.62944, 43.97502], [-98.63335, 43.97602], [-98.63689, 43.97697], [-98.64013, 43.97787], [-98.64382, 43.97888], [-98.64751, 43.97989], [-98.65121, 43.98088], [-98.65382, 43.98159], [-98.65788, 43.98268], [-98.66138, 43.98361], [-98.66518, 43.98463], [-98.66905, 43.98568], [-98.67285, 43.9867], [-98.67654, 43.9877], [-98.67996, 43.98862], [-98.68391, 43.98965], [-98.68759, 43.99044], [-98.69119, 43.99118], [-98.69527, 43.99204], [-98.69964, 43.99301], [-98.70429, 43.99399], [-98.70681, 43.99459], [-98.7104, 43.99527], [-98.71429, 43.99609], [-98.71818, 43.99696], [-98.72216, 43.99767], [-98.72615, 43.99849], [-98.72962, 43.99924], [-98.73333, 44.00002], [-98.73698, 44.00085], [-98.74053, 44.00162], [-98.74416, 44.00233], [-98.74758, 44.00309], [-98.75155, 44.00396], [-98.75522, 44.00466], [-98.7587, 44.00541], [-98.76216, 44.00618], [-98.76561, 44.00692], [-98.76952, 44.00767], [-98.77238, 44.00832], [-98.77607, 44.00919], [-98.77968, 44.01004], [-98.78328, 44.01095], [-98.78693, 44.01181], [-98.79054, 44.01268], [-98.79413, 44.01357], [-98.79771, 44.01447], [-98.80134, 44.01534], [-98.80477, 44.01616], [-98.80821, 44.01697], [-98.81202, 44.01793], [-98.81584, 44.01885], [-98.81986, 44.01984], [-98.8238, 44.02078], [-98.82773, 44.0217], [-98.83155, 44.02262], [-98.83539, 44.02358], [-98.83918, 44.02449], [-98.84298, 44.02539], [-98.84679, 44.02631], [-98.85057, 44.02725], [-98.85436, 44.02815], [-98.85823, 44.02909], [-98.86182, 44.02996], [-98.86521, 44.03077], [-98.86892, 44.03166], [-98.87241, 44.03256], [-98.87634, 44.03351], [-98.88017, 44.03442], [-98.88396, 44.03533], [-98.88798, 44.03631], [-98.89124, 44.03709], [-98.8951, 44.03799], [-98.89811, 44.03872], [-98.90122, 44.03948], [-98.90437, 44.04025], [-98.90836, 44.04092], [-98.91226, 44.04161], [-98.91615, 44.04228], [-98.91979, 44.04288], [-98.92366, 44.04357], [-98.92739, 44.04421], [-98.93101, 44.04483], [-98.93456, 44.04544], [-98.93804, 44.04604], [-98.94168, 44.04668], [-98.94566, 44.04736], [-98.94953, 44.04802], [-98.95325, 44.04867], [-98.95688, 44.04932], [-98.95964, 44.04988], [-98.96365, 44.05067], [-98.9676, 44.0515], [-98.97158, 44.05229], [-98.97547, 44.05311], [-98.97924, 44.05386], [-98.98322, 44.05464], [-98.98705, 44.05547], [-98.99088, 44.0562], [-98.9947, 44.05703], [-98.99857, 44.05778], [-99.00235, 44.05854], [-99.0059, 44.05924], [-99.00973, 44.05996], [-99.01352, 44.06074], [-99.01738, 44.06153], [-99.02128, 44.06232], [-99.02511, 44.06309], [-99.02897, 44.06376], [-99.03297, 44.0646], [-99.03665, 44.06533], [-99.0405, 44.06607], [-99.0444, 44.06687], [-99.04824, 44.06766], [-99.05186, 44.06849], [-99.05588, 44.06923], [-99.05958, 44.07002], [-99.06354, 44.07082], [-99.06741, 44.07157], [-99.07141, 44.07246], [-99.07514, 44.07315], [-99.07879, 44.07395], [-99.0825, 44.07468], [-99.08566, 44.07526], [-99.08949, 44.07592], [-99.09316, 44.07653], [-99.09671, 44.07715], [-99.10033, 44.07773], [-99.10442, 44.07845], [-99.10811, 44.07911], [-99.11164, 44.07971], [-99.11511, 44.08035], [-99.11867, 44.08097], [-99.12208, 44.08156], [-99.12563, 44.08199], [-99.12959, 44.08243], [-99.13331, 44.08283], [-99.13726, 44.08329], [-99.14111, 44.08368], [-99.14482, 44.08407], [-99.149, 44.08457], [-99.15279, 44.08498], [-99.15656, 44.08542], [-99.16032, 44.0858], [-99.16404, 44.08623], [-99.16766, 44.08659], [-99.17157, 44.08704], [-99.17508, 44.08745], [-99.17911, 44.08791], [-99.18304, 44.08833], [-99.18684, 44.08877], [-99.19072, 44.0892], [-99.19457, 44.08963], [-99.19855, 44.09005], [-99.20268, 44.09052], [-99.20729, 44.09102], [-99.21129, 44.0917], [-99.21534, 44.09237], [-99.21946, 44.09302], [-99.2234, 44.09368], [-99.2273, 44.0943], [-99.23125, 44.09497], [-99.2353, 44.09565], [-99.23928, 44.0963], [-99.24331, 44.09696], [-99.24708, 44.09761], [-99.25104, 44.09831], [-99.255, 44.09897], [-99.25816, 44.09946], [-99.2615, 44.10004], [-99.26501, 44.10058], [-99.26863, 44.10116], [-99.27216, 44.10176], [-99.27589, 44.10237], [-99.27963, 44.10281], [-99.28361, 44.1033], [-99.28717, 44.1037], [-99.29077, 44.10412], [-99.29451, 44.10459], [-99.29852, 44.10533], [-99.30237, 44.10605], [-99.30638, 44.1068], [-99.31012, 44.10748], [-99.31336, 44.1081], [-99.31735, 44.10889], [-99.32124, 44.10964], [-99.32517, 44.11039], [-99.32942, 44.11123], [-99.33355, 44.11207], [-99.33761, 44.11294], [-99.34159, 44.11374], [-99.34533, 44.11456], [-99.34862, 44.11528], [-99.35161, 44.11589], [-99.35547, 44.11673], [-99.35896, 44.11747], [-99.36285, 44.1183], [-99.36663, 44.1191], [-99.3704, 44.1199], [-99.37349, 44.12056], [-99.3762, 44.12115], [-99.38007, 44.12196], [-99.38372, 44.12273], [-99.38721, 44.12347], [-99.39099, 44.12426], [-99.39424, 44.12495], [-99.39832, 44.12575], [-99.40201, 44.12656], [-99.40594, 44.12739], [-99.40982, 44.12823], [-99.41369, 44.129], [-99.41753, 44.12984], [-99.42139, 44.13067], [-99.4253, 44.13154], [-99.4292, 44.13232], [-99.42973, 44.13245], [-99.43218, 44.13302], [-99.43537, 44.13294], [-99.43595, 44.13283]]}, "properties": {"owner": "WAPA-- WESTERN AREA POWER ADMINISTRATION", "voltage_kv": 230.0}}, {"type": "Feature", "geometry": {"type": "LineString", "coordinates": [[-96.44996, 43.37602], [-96.44973, 43.37638], [-96.44978, 43.37749], [-96.44971, 43.37923], [-96.44857, 43.38091], [-96.44732, 43.38262], [-96.44468, 43.3826], [-96.44216, 43.38259], [-96.43975, 43.38259], [-96.43709, 43.38258], [-96.43458, 43.38257], [-96.43187, 43.38255], [-96.42904, 43.38254], [-96.42648, 43.38253], [-96.42413, 43.38252], [-96.42166, 43.38251], [-96.41922, 43.38252], [-96.41667, 43.38251], [-96.41438, 43.3825], [-96.41202, 43.38249], [-96.40937, 43.38248], [-96.4069, 43.38248], [-96.40431, 43.38246], [-96.40176, 43.38246], [-96.39937, 43.38245], [-96.3967, 43.38245], [-96.39417, 43.38244], [-96.39173, 43.38243], [-96.3893, 43.38241], [-96.38666, 43.3824], [-96.38443, 43.38239], [-96.38186, 43.38236], [-96.37938, 43.38234], [-96.37696, 43.38233], [-96.37444, 43.3823], [-96.37181, 43.38228], [-96.36961, 43.38226], [-96.36705, 43.38226], [-96.36449, 43.38225], [-96.36205, 43.38224], [-96.35953, 43.38224], [-96.35699, 43.38223], [-96.35459, 43.38221], [-96.35219, 43.3822], [-96.34975, 43.38219], [-96.34715, 43.38219], [-96.34475, 43.38218], [-96.34214, 43.38218], [-96.33968, 43.38218], [-96.3374, 43.38218], [-96.33505, 43.38217], [-96.33244, 43.38218], [-96.32998, 43.38218], [-96.32766, 43.38219], [-96.32541, 43.3822], [-96.32351, 43.38221], [-96.32097, 43.38221], [-96.3182, 43.38223], [-96.31616, 43.38224], [-96.31378, 43.38224], [-96.31114, 43.38226], [-96.30917, 43.38227], [-96.30733, 43.38228], [-96.30489, 43.3823], [-96.30233, 43.38232], [-96.29994, 43.38233], [-96.29749, 43.38235], [-96.29523, 43.38236], [-96.29361, 43.38237], [-96.29123, 43.38238], [-96.28892, 43.38239], [-96.28625, 43.38239], [-96.28384, 43.38239], [-96.28148, 43.3824], [-96.27893, 43.3824], [-96.27661, 43.3824], [-96.27409, 43.38241], [-96.27142, 43.38243], [-96.26889, 43.38244], [-96.26632, 43.38246], [-96.26398, 43.38247], [-96.26148, 43.38247], [-96.2589, 43.38249], [-96.25637, 43.3825], [-96.25399, 43.3825], [-96.25143, 43.38251], [-96.24879, 43.38252], [-96.24654, 43.38252], [-96.24418, 43.38252], [-96.2442, 43.38458], [-96.24423, 43.38639], [-96.24424, 43.38815], [-96.24426, 43.38965], [-96.24427, 43.39152], [-96.24426, 43.39347], [-96.24425, 43.39513], [-96.24423, 43.39676], [-96.24218, 43.39676], [-96.23991, 43.39678], [-96.23763, 43.39678], [-96.23572, 43.39678], [-96.23518, 43.39695]]}, "properties": {"owner": "NOT AVAILABLE", "voltage_kv": 230.0}}, {"type": "Feature", "geometry": {"type": "LineString", "coordinates": [[-97.92432, 44.6006], [-97.92249, 44.60045], [-97.90903, 44.60314], [-97.90443, 44.60405], [-97.87491, 44.60988], [-97.86695, 44.61153], [-97.84426, 44.61775], [-97.79688, 44.63039], [-97.78764, 44.63285], [-97.77359, 44.63704], [-97.7553, 44.6429], [-97.7335, 44.64996], [-97.70943, 44.65542], [-97.67564, 44.66325], [-97.64583, 44.67014], [-97.63528, 44.67273], [-97.62526, 44.67267], [-97.61563, 44.67254], [-97.61041, 44.67232], [-97.60518, 44.67182], [-97.58938, 44.67075], [-97.57899, 44.67083], [-97.56327, 44.67071], [-97.54397, 44.67033], [-97.53342, 44.67013], [-97.51338, 44.67293], [-97.50406, 44.68007], [-97.49029, 44.6905], [-97.47729, 44.70088], [-97.47373, 44.70341], [-97.4551, 44.70802], [-97.43289, 44.71445], [-97.41119, 44.72068], [-97.38393, 44.72857], [-97.37446, 44.73122], [-97.36261, 44.73778], [-97.35067, 44.7444], [-97.31929, 44.76071], [-97.28787, 44.77423], [-97.26823, 44.78269], [-97.26012, 44.78595], [-97.25604, 44.78762], [-97.24725, 44.79125], [-97.24282, 44.793], [-97.22366, 44.80063], [-97.2078, 44.8074], [-97.20289, 44.80953], [-97.19865, 44.81144], [-97.19463, 44.81328], [-97.18985, 44.81536], [-97.18596, 44.81682], [-97.18092, 44.81853], [-97.17367, 44.82148], [-97.15789, 44.82734], [-97.14565, 44.83363], [-97.13476, 44.83972], [-97.11807, 44.84912], [-97.11379, 44.85155], [-97.10975, 44.85383], [-97.106, 44.85596], [-97.10237, 44.85802], [-97.09834, 44.86031], [-97.09469, 44.86238], [-97.09064, 44.8642], [-97.08641, 44.86609], [-97.08214, 44.86799], [-97.07791, 44.86988], [-97.07351, 44.87186], [-97.06912, 44.87382], [-97.06519, 44.87558], [-97.06291, 44.8766], [-97.06251, 44.87677], [-97.06176, 44.87711], [-97.05783, 44.87885], [-97.05409, 44.88054], [-97.05082, 44.88201], [-97.05044, 44.88218], [-97.045, 44.88257]]}, "properties": {"owner": "NOT AVAILABLE", "voltage_kv": 230.0}}, {"type": "Feature", "geometry": {"type": "LineString", "coordinates": [[-97.74476, 42.01689], [-97.7441, 42.01719], [-97.74409, 42.01753], [-97.74784, 42.01767], [-97.75028, 42.02094], [-97.75147, 42.02256], [-97.75266, 42.02402], [-97.75383, 42.02543], [-97.75501, 42.02684], [-97.75606, 42.02811], [-97.7568, 42.02899], [-97.75823, 42.03074], [-97.75962, 42.03243], [-97.76066, 42.03366], [-97.76184, 42.03511], [-97.7632, 42.03675], [-97.76449, 42.0383], [-97.76587, 42.03998], [-97.76728, 42.04166], [-97.76868, 42.04337], [-97.76991, 42.04487], [-97.77118, 42.04641], [-97.77252, 42.04804], [-97.77399, 42.04977], [-97.77513, 42.05119], [-97.77678, 42.05316], [-97.77786, 42.05445], [-97.77909, 42.05598], [-97.78043, 42.05756], [-97.78172, 42.05917], [-97.78307, 42.0608], [-97.78446, 42.06246], [-97.78571, 42.06402], [-97.78705, 42.06563], [-97.78833, 42.06723], [-97.78971, 42.06887], [-97.79096, 42.07041], [-97.79236, 42.07207], [-97.79367, 42.07363], [-97.7944, 42.07453], [-97.79578, 42.07618], [-97.79708, 42.07775], [-97.79866, 42.07963], [-97.79994, 42.08118], [-97.80142, 42.083], [-97.80171, 42.08335], [-97.80195, 42.08364], [-97.80374, 42.08579], [-97.80475, 42.08701], [-97.80636, 42.08896], [-97.80779, 42.09068], [-97.80925, 42.09245], [-97.81069, 42.0942], [-97.81232, 42.09617], [-97.81374, 42.09788], [-97.81492, 42.09929], [-97.81677, 42.10153], [-97.81812, 42.10316], [-97.81902, 42.10426], [-97.82019, 42.10565], [-97.8215, 42.10724], [-97.82285, 42.10887], [-97.82429, 42.11058], [-97.82585, 42.11249], [-97.82706, 42.11394], [-97.82844, 42.11561], [-97.82949, 42.11689], [-97.83101, 42.11872], [-97.83254, 42.12056], [-97.83369, 42.12195], [-97.83488, 42.1234], [-97.83632, 42.1251], [-97.83767, 42.12673], [-97.83883, 42.12807], [-97.84023, 42.1297], [-97.84156, 42.13127], [-97.84298, 42.13289], [-97.84414, 42.13425], [-97.84541, 42.13571], [-97.8468, 42.13738], [-97.84848, 42.13932], [-97.85003, 42.14113], [-97.85149, 42.14282], [-97.85278, 42.14434], [-97.85426, 42.14607], [-97.85549, 42.14751], [-97.85658, 42.14877], [-97.85798, 42.15041], [-97.85923, 42.15186], [-97.86048, 42.15331], [-97.86177, 42.15482], [-97.86317, 42.15643], [-97.86461, 42.15812], [-97.86584, 42.15954], [-97.86731, 42.16126], [-97.86831, 42.16251], [-97.86971, 42.16409], [-97.87085, 42.16543], [-97.87233, 42.16714], [-97.87391, 42.16903], [-97.87519, 42.17047], [-97.87649, 42.17201], [-97.87824, 42.17405], [-97.87954, 42.17553], [-97.88074, 42.17693], [-97.88201, 42.17849], [-97.88319, 42.17979], [-97.88437, 42.18114], [-97.88573, 42.18274], [-97.88715, 42.18437], [-97.88854, 42.18599], [-97.8899, 42.18758], [-97.89145, 42.18937], [-97.89288, 42.19102], [-97.89463, 42.19308], [-97.89595, 42.19483], [-97.89711, 42.19636], [-97.89832, 42.19801], [-97.89949, 42.19961], [-97.9007, 42.20121], [-97.90186, 42.20279], [-97.90316, 42.2045], [-97.90428, 42.206], [-97.90559, 42.20773], [-97.90679, 42.20935], [-97.90799, 42.21095], [-97.9092, 42.21259], [-97.91036, 42.21413], [-97.91156, 42.21571], [-97.91288, 42.2175], [-97.91399, 42.21899], [-97.91504, 42.22037], [-97.91634, 42.22209], [-97.91771, 42.22395], [-97.9186, 42.22515], [-97.91986, 42.22682], [-97.92115, 42.22853], [-97.92217, 42.22989], [-97.9233, 42.2314], [-97.92448, 42.23297], [-97.92568, 42.23457], [-97.92685, 42.23615], [-97.92803, 42.23774], [-97.92927, 42.23938], [-97.93068, 42.24124], [-97.93155, 42.24246], [-97.93256, 42.24378], [-97.93381, 42.24544], [-97.93499, 42.24702], [-97.93619, 42.24862], [-97.93739, 42.25022], [-97.9387, 42.25195], [-97.9399, 42.25356], [-97.94114, 42.25527], [-97.94221, 42.25669], [-97.94332, 42.25813], [-97.94457, 42.2598], [-97.94578, 42.26143], [-97.94681, 42.26286], [-97.94793, 42.26418], [-97.94906, 42.26552], [-97.95018, 42.26686], [-97.9514, 42.26831], [-97.95265, 42.26981], [-97.95388, 42.27134], [-97.95515, 42.27284], [-97.9564, 42.27435], [-97.95764, 42.27579], [-97.95891, 42.2773], [-97.96039, 42.27905], [-97.96159, 42.28051], [-97.96292, 42.28208], [-97.96411, 42.28347], [-97.96539, 42.28501], [-97.96678, 42.28667], [-97.96816, 42.28831], [-97.96963, 42.29003], [-97.97102, 42.29167], [-97.97232, 42.29323], [-97.97369, 42.29483], [-97.97497, 42.29634], [-97.97628, 42.29792], [-97.9776, 42.2995], [-97.979, 42.30118], [-97.98036, 42.30273], [-97.98171, 42.30438], [-97.98434, 42.30774], [-97.98543, 42.3093], [-97.9866, 42.31095], [-97.98774, 42.31255], [-97.98893, 42.31422], [-97.99001, 42.31575], [-97.99104, 42.3172], [-97.99221, 42.31886], [-97.99355, 42.32073], [-97.99452, 42.32209], [-97.99568, 42.32372], [-97.99672, 42.32521], [-97.99787, 42.3268], [-97.99895, 42.32832], [-98.0003, 42.33019], [-98.00167, 42.33219], [-98.00273, 42.3337], [-98.00372, 42.33509], [-98.00485, 42.33667], [-98.00582, 42.33805], [-98.00683, 42.33946], [-98.00773, 42.34073], [-98.00899, 42.34252], [-98.01022, 42.34423], [-98.01148, 42.34602], [-98.01264, 42.34766], [-98.01381, 42.34926], [-98.01452, 42.35055], [-98.01526, 42.35189], [-98.01611, 42.35344], [-98.01701, 42.35508], [-98.01794, 42.35678], [-98.01898, 42.35861], [-98.01984, 42.36016], [-98.0208, 42.36188], [-98.02165, 42.36346], [-98.02242, 42.36483], [-98.02343, 42.36661], [-98.02432, 42.36822], [-98.0252, 42.36978], [-98.0261, 42.37144], [-98.02712, 42.37326], [-98.02799, 42.37485], [-98.02903, 42.3767], [-98.03003, 42.37849], [-98.03107, 42.38042], [-98.03202, 42.38208], [-98.03294, 42.38373], [-98.03385, 42.38539], [-98.03473, 42.387], [-98.03574, 42.38878], [-98.03669, 42.3905], [-98.03763, 42.39219], [-98.03844, 42.39363], [-98.03948, 42.39551], [-98.04043, 42.39722], [-98.0414, 42.39896], [-98.04235, 42.40071], [-98.04325, 42.40234], [-98.0442, 42.40408], [-98.04568, 42.40575], [-98.04729, 42.40757], [-98.04885, 42.40942], [-98.05022, 42.41097], [-98.05165, 42.41266], [-98.05316, 42.41434], [-98.05436, 42.41575], [-98.05563, 42.41721], [-98.05676, 42.41849], [-98.05822, 42.42018], [-98.05955, 42.42169], [-98.06085, 42.42315], [-98.06217, 42.42469], [-98.06367, 42.42642], [-98.06484, 42.42775], [-98.06623, 42.42936], [-98.06763, 42.43095], [-98.0688, 42.43234], [-98.07068, 42.43445], [-98.0723, 42.43632], [-98.07339, 42.43756], [-98.07459, 42.43892], [-98.07656, 42.44122], [-98.07761, 42.44239], [-98.07887, 42.44387], [-98.08002, 42.44516], [-98.08161, 42.44697], [-98.08295, 42.44853], [-98.08458, 42.4504], [-98.08566, 42.45161], [-98.08695, 42.4531], [-98.08829, 42.45462], [-98.08934, 42.45582], [-98.09128, 42.45804], [-98.09243, 42.45936], [-98.09378, 42.46091], [-98.09513, 42.46245], [-98.09649, 42.46402], [-98.0976, 42.46529], [-98.09926, 42.46719], [-98.10034, 42.46842], [-98.10144, 42.46969], [-98.10298, 42.47144], [-98.10422, 42.47287], [-98.10564, 42.4745], [-98.10706, 42.47612], [-98.10844, 42.47768], [-98.10988, 42.47933], [-98.11134, 42.48103], [-98.11286, 42.48276], [-98.11413, 42.48422], [-98.1155, 42.48577], [-98.11655, 42.48699], [-98.11804, 42.48868], [-98.11934, 42.49016], [-98.12084, 42.49188], [-98.12199, 42.49322], [-98.12296, 42.49433], [-98.12413, 42.49567], [-98.12543, 42.49715], [-98.12751, 42.4995], [-98.12876, 42.50098], [-98.13007, 42.50245], [-98.13224, 42.50501], [-98.13354, 42.50647], [-98.13486, 42.50794], [-98.13627, 42.50955], [-98.13759, 42.5111], [-98.13868, 42.51237], [-98.13993, 42.5138], [-98.14125, 42.51527], [-98.1428, 42.51707], [-98.14407, 42.5185], [-98.1452, 42.51981], [-98.14718, 42.52205], [-98.14864, 42.52371], [-98.15014, 42.52543], [-98.15167, 42.52718], [-98.15317, 42.5289], [-98.15443, 42.53033], [-98.15593, 42.53204], [-98.15705, 42.53331], [-98.15851, 42.53498], [-98.15991, 42.5366], [-98.16121, 42.53806], [-98.16248, 42.53951], [-98.16473, 42.5421], [-98.16566, 42.54318], [-98.16718, 42.54488], [-98.16828, 42.54614], [-98.17035, 42.5485], [-98.17179, 42.55016], [-98.17339, 42.55196], [-98.1748, 42.55358], [-98.17582, 42.55474], [-98.17704, 42.55611], [-98.17822, 42.55747], [-98.17922, 42.55863], [-98.18102, 42.56067], [-98.18232, 42.56214], [-98.18442, 42.56457], [-98.18611, 42.56648], [-98.18743, 42.56798], [-98.18866, 42.56938], [-98.18982, 42.57065], [-98.19059, 42.57187], [-98.19154, 42.57328], [-98.19292, 42.57536], [-98.19421, 42.57727], [-98.19562, 42.57939], [-98.19647, 42.58067], [-98.19765, 42.58243], [-98.19871, 42.58401], [-98.19992, 42.58584], [-98.20124, 42.58776], [-98.20225, 42.58932], [-98.20314, 42.59067], [-98.204, 42.5919], [-98.2055, 42.59421], [-98.20683, 42.59619], [-98.20795, 42.59784], [-98.20912, 42.59962], [-98.21021, 42.60122], [-98.211, 42.60242], [-98.21211, 42.60406], [-98.21323, 42.60575], [-98.21428, 42.60734], [-98.21542, 42.60911], [-98.21646, 42.61063], [-98.2173, 42.61186], [-98.21827, 42.61329], [-98.21968, 42.61544], [-98.22085, 42.6172], [-98.22177, 42.61864], [-98.22298, 42.62046], [-98.22429, 42.62238], [-98.22524, 42.62379], [-98.22613, 42.62512], [-98.22738, 42.62693], [-98.22818, 42.62817], [-98.23032, 42.63136], [-98.23119, 42.63267], [-98.23227, 42.63428], [-98.23342, 42.63597], [-98.23449, 42.63758], [-98.23588, 42.63961], [-98.23705, 42.64137], [-98.2378, 42.64249], [-98.23872, 42.64385], [-98.23974, 42.64539], [-98.24065, 42.64674], [-98.24179, 42.64846], [-98.24287, 42.65003], [-98.24392, 42.65162], [-98.24498, 42.65318], [-98.24608, 42.65483], [-98.24721, 42.65647], [-98.24823, 42.65807], [-98.24928, 42.65923], [-98.25071, 42.66082], [-98.25196, 42.66224], [-98.25326, 42.66368], [-98.25442, 42.665], [-98.25599, 42.66676], [-98.25722, 42.66814], [-98.25835, 42.66941], [-98.25984, 42.67107], [-98.26121, 42.67263], [-98.26247, 42.67403], [-98.2637, 42.67543], [-98.26513, 42.67704], [-98.26637, 42.67843], [-98.26771, 42.67994], [-98.26899, 42.68138], [-98.27043, 42.683], [-98.27181, 42.68456], [-98.27328, 42.68619], [-98.27435, 42.68743], [-98.27597, 42.68926], [-98.27729, 42.69077], [-98.27886, 42.69252], [-98.28026, 42.69404], [-98.28189, 42.69586], [-98.28316, 42.69735], [-98.28422, 42.69852], [-98.28556, 42.70004], [-98.28699, 42.70163], [-98.28833, 42.70314], [-98.28943, 42.70439], [-98.2904, 42.70548], [-98.29172, 42.70698], [-98.29355, 42.70902], [-98.29603, 42.71185], [-98.2976, 42.71362], [-98.29935, 42.71557], [-98.30084, 42.71723], [-98.30208, 42.71865], [-98.30351, 42.72027], [-98.30473, 42.72164], [-98.30595, 42.72306], [-98.30758, 42.72483], [-98.30868, 42.7261], [-98.30991, 42.72747], [-98.31152, 42.72926], [-98.3127, 42.73062], [-98.3128, 42.73074], [-98.314, 42.73203], [-98.3154, 42.73365], [-98.31683, 42.73527], [-98.31957, 42.73831], [-98.32069, 42.73956], [-98.32218, 42.74125], [-98.32341, 42.74263], [-98.32477, 42.74416], [-98.32606, 42.74559], [-98.32721, 42.74688], [-98.32849, 42.74834], [-98.32994, 42.74998], [-98.33131, 42.75153], [-98.33276, 42.75311], [-98.333, 42.75439], [-98.33335, 42.75608], [-98.3337, 42.75781], [-98.33407, 42.75961], [-98.33461, 42.76235], [-98.33506, 42.7645], [-98.33546, 42.76643], [-98.33586, 42.76835], [-98.33629, 42.77042], [-98.33665, 42.7722], [-98.33704, 42.77417], [-98.33843, 42.77572], [-98.34002, 42.77745], [-98.34164, 42.7793], [-98.34315, 42.78099], [-98.34462, 42.78261], [-98.34617, 42.78436], [-98.3471, 42.78539], [-98.34804, 42.78646], [-98.34918, 42.78776], [-98.3506, 42.78932], [-98.35158, 42.7904], [-98.35308, 42.79205], [-98.35421, 42.79333], [-98.35544, 42.79474], [-98.35674, 42.79618], [-98.35845, 42.79808], [-98.3599, 42.7997], [-98.36156, 42.80154], [-98.36274, 42.80288], [-98.36398, 42.8043], [-98.36486, 42.80527], [-98.36693, 42.80759], [-98.36835, 42.8092], [-98.36955, 42.81054], [-98.37076, 42.8119], [-98.372, 42.81324], [-98.37337, 42.81478], [-98.37473, 42.81626], [-98.37676, 42.81857], [-98.37772, 42.81968], [-98.37896, 42.82104], [-98.38015, 42.82238], [-98.38129, 42.8237], [-98.38313, 42.82576], [-98.38446, 42.82722], [-98.38546, 42.82836], [-98.38701, 42.83008], [-98.3891, 42.8324], [-98.39021, 42.83364], [-98.39132, 42.8349], [-98.39255, 42.83624], [-98.39384, 42.8377], [-98.39521, 42.83922], [-98.39649, 42.84068], [-98.39802, 42.84236], [-98.39961, 42.84414], [-98.40088, 42.84556], [-98.40211, 42.84693], [-98.40381, 42.84884], [-98.40502, 42.85017], [-98.40628, 42.8516], [-98.40765, 42.85312], [-98.40881, 42.85441], [-98.41042, 42.85621], [-98.4119, 42.85787], [-98.41317, 42.8593], [-98.41479, 42.8611], [-98.41606, 42.86249], [-98.41788, 42.86456], [-98.41919, 42.866], [-98.42061, 42.8676], [-98.422, 42.86913], [-98.42384, 42.87119], [-98.42483, 42.87232], [-98.42652, 42.87416], [-98.42781, 42.8756], [-98.42902, 42.87697], [-98.43049, 42.87861], [-98.43174, 42.87999], [-98.43308, 42.88147], [-98.43433, 42.88288], [-98.4356, 42.88432], [-98.43692, 42.88577], [-98.43852, 42.88761], [-98.44004, 42.88935], [-98.44156, 42.89105], [-98.44283, 42.89256], [-98.44415, 42.89408], [-98.44562, 42.89579], [-98.44703, 42.8974], [-98.4483, 42.89884], [-98.45066, 42.90153], [-98.453, 42.90426], [-98.45452, 42.90602], [-98.45673, 42.90856], [-98.45793, 42.90995], [-98.45998, 42.9123], [-98.46072, 42.91318], [-98.46194, 42.91456], [-98.46316, 42.91597], [-98.46456, 42.9176], [-98.46683, 42.92024], [-98.46775, 42.92127], [-98.4688, 42.9225], [-98.47229, 42.92655], [-98.47318, 42.92757], [-98.47473, 42.9293], [-98.47782, 42.93291], [-98.47925, 42.93451], [-98.48048, 42.93593], [-98.48177, 42.93741], [-98.48355, 42.93947], [-98.48624, 42.94258], [-98.4875, 42.94401], [-98.48907, 42.94579], [-98.49002, 42.9469], [-98.49173, 42.94889], [-98.49281, 42.95009], [-98.49454, 42.9521], [-98.49686, 42.95476], [-98.49893, 42.95711], [-98.49992, 42.95827], [-98.50158, 42.96019], [-98.50286, 42.96164], [-98.50393, 42.96286], [-98.50554, 42.96467], [-98.50676, 42.96611], [-98.50782, 42.96734], [-98.50897, 42.96866], [-98.51031, 42.97014], [-98.51133, 42.97153], [-98.51226, 42.97272], [-98.51373, 42.97468], [-98.51492, 42.97622], [-98.51607, 42.97774], [-98.51769, 42.97984], [-98.51864, 42.9811], [-98.52039, 42.98339], [-98.52137, 42.98466], [-98.5224, 42.98602], [-98.52394, 42.98802], [-98.52526, 42.98975], [-98.52614, 42.99091], [-98.52779, 42.99306], [-98.52963, 42.99539], [-98.53141, 42.99776], [-98.53193, 42.99846], [-98.53268, 42.99947], [-98.53354, 43.00058], [-98.53455, 43.00193], [-98.53583, 43.00359], [-98.53673, 43.00478], [-98.53882, 43.00748], [-98.54, 43.00904], [-98.54129, 43.01073], [-98.54238, 43.01216], [-98.54449, 43.01493], [-98.54657, 43.01767], [-98.5486, 43.02033], [-98.55028, 43.02248], [-98.55127, 43.02379], [-98.55204, 43.02482], [-98.55352, 43.02678], [-98.5543, 43.02774], [-98.55617, 43.03015], [-98.55672, 43.03194], [-98.5573, 43.03364], [-98.55802, 43.03579], [-98.55866, 43.03774], [-98.55942, 43.04003], [-98.55993, 43.04164], [-98.56042, 43.0432], [-98.56165, 43.04462], [-98.56305, 43.04628], [-98.56426, 43.04766], [-98.56441, 43.04903], [-98.56463, 43.05034], [-98.56402, 43.05175], [-98.56336, 43.05345], [-98.56218, 43.0549], [-98.56092, 43.05651], [-98.55969, 43.05807], [-98.55862, 43.0594], [-98.55721, 43.06117], [-98.55654, 43.06202], [-98.55492, 43.06255], [-98.5547, 43.06296]]}, "properties": {"owner": "NOT AVAILABLE", "voltage_kv": 230.0}}, {"type": "Feature", "geometry": {"type": "LineString", "coordinates": [[-99.43595, 44.13283], [-99.43561, 44.13312], [-99.4339, 44.13316], [-99.43214, 44.13311], [-99.42969, 44.13253], [-99.42917, 44.1324], [-99.42527, 44.13163], [-99.42136, 44.13075], [-99.41749, 44.12992], [-99.41366, 44.12909], [-99.40979, 44.12831], [-99.40591, 44.12748], [-99.40198, 44.12664], [-99.39829, 44.12583], [-99.39421, 44.12503], [-99.39096, 44.12434], [-99.38717, 44.12355], [-99.38369, 44.12281], [-99.38004, 44.12205], [-99.37617, 44.12123], [-99.37346, 44.12064], [-99.37037, 44.11999], [-99.3666, 44.11918], [-99.36282, 44.11838], [-99.35893, 44.11756], [-99.35544, 44.11681], [-99.35158, 44.11598], [-99.34858, 44.11536], [-99.3453, 44.11464], [-99.34156, 44.11382], [-99.33758, 44.11303], [-99.33352, 44.11216], [-99.32939, 44.11131], [-99.32514, 44.11048], [-99.32121, 44.10972], [-99.31732, 44.10897], [-99.31333, 44.10818], [-99.31009, 44.10757], [-99.30636, 44.10689], [-99.30234, 44.10613], [-99.29849, 44.10542], [-99.29449, 44.10467], [-99.29075, 44.10421], [-99.28716, 44.10378], [-99.28359, 44.10338], [-99.27961, 44.10289], [-99.27587, 44.10245], [-99.27213, 44.10184], [-99.2686, 44.10125], [-99.26499, 44.10066], [-99.26148, 44.10012], [-99.25813, 44.09955], [-99.25498, 44.09905], [-99.25102, 44.09839], [-99.24706, 44.0977], [-99.24328, 44.09704], [-99.23926, 44.09638], [-99.23527, 44.09573], [-99.23123, 44.09505], [-99.22727, 44.09438], [-99.22338, 44.09377], [-99.21943, 44.0931], [-99.21531, 44.09246], [-99.21127, 44.09178], [-99.20727, 44.0911], [-99.20267, 44.0906], [-99.19854, 44.09014], [-99.19456, 44.08971], [-99.1907, 44.08928], [-99.18682, 44.08886], [-99.18302, 44.08841], [-99.1791, 44.088], [-99.17506, 44.08753], [-99.17155, 44.08713], [-99.16765, 44.08668], [-99.16402, 44.08632], [-99.1603, 44.08588], [-99.15654, 44.0855], [-99.15278, 44.08507], [-99.14898, 44.08466], [-99.14481, 44.08416], [-99.14109, 44.08376], [-99.13724, 44.08337], [-99.13329, 44.08292], [-99.12957, 44.08252], [-99.12561, 44.08208], [-99.12206, 44.08164], [-99.11864, 44.08105], [-99.11508, 44.08044], [-99.11162, 44.07979], [-99.10808, 44.07919], [-99.1044, 44.07853], [-99.10031, 44.07781], [-99.09668, 44.07723], [-99.09313, 44.07661], [-99.08946, 44.076], [-99.08563, 44.07535], [-99.08248, 44.07476], [-99.07876, 44.07403], [-99.07511, 44.07324], [-99.07138, 44.07254], [-99.06738, 44.07165], [-99.06351, 44.0709], [-99.05955, 44.0701], [-99.05585, 44.06931], [-99.05183, 44.06857], [-99.04821, 44.06775], [-99.04437, 44.06695], [-99.04047, 44.06615], [-99.03662, 44.06541], [-99.03294, 44.06469], [-99.02894, 44.06385], [-99.02508, 44.06318], [-99.02125, 44.0624], [-99.01735, 44.06161], [-99.01349, 44.06082], [-99.0097, 44.06005], [-99.00587, 44.05933], [-99.00232, 44.05862], [-98.99854, 44.05786], [-98.99467, 44.05711], [-98.99085, 44.05628], [-98.98702, 44.05555], [-98.98319, 44.05472], [-98.97921, 44.05394], [-98.97544, 44.05319], [-98.97155, 44.05237], [-98.96757, 44.05159], [-98.96362, 44.05075], [-98.95961, 44.04996], [-98.95685, 44.0494], [-98.95323, 44.04875], [-98.94951, 44.04811], [-98.94564, 44.04744], [-98.94165, 44.04676], [-98.93801, 44.04612], [-98.93454, 44.04552], [-98.93098, 44.04491], [-98.92736, 44.04429], [-98.92364, 44.04365], [-98.91976, 44.04297], [-98.91612, 44.04237], [-98.91224, 44.04169], [-98.90834, 44.04101], [-98.90434, 44.04034], [-98.90118, 44.03956], [-98.89807, 44.0388], [-98.89506, 44.03807], [-98.89121, 44.03717], [-98.88795, 44.03639], [-98.88393, 44.03541], [-98.88014, 44.0345], [-98.8763, 44.03359], [-98.87237, 44.03264], [-98.86888, 44.03174], [-98.86517, 44.03086], [-98.86178, 44.03004], [-98.8582, 44.02917], [-98.85432, 44.02823], [-98.85054, 44.02733], [-98.84675, 44.02639], [-98.84294, 44.02547], [-98.83914, 44.02457], [-98.83536, 44.02367], [-98.83151, 44.0227], [-98.8277, 44.02178], [-98.82377, 44.02087], [-98.81982, 44.01992], [-98.81581, 44.01893], [-98.81199, 44.01801], [-98.80818, 44.01705], [-98.80474, 44.01624], [-98.8013, 44.01543], [-98.79768, 44.01455], [-98.79409, 44.01365], [-98.79051, 44.01276], [-98.78689, 44.01189], [-98.78324, 44.01103], [-98.77964, 44.01012], [-98.77604, 44.00927], [-98.77235, 44.0084], [-98.76949, 44.00776], [-98.76558, 44.007], [-98.76213, 44.00626], [-98.75867, 44.00549], [-98.75519, 44.00474], [-98.75152, 44.00405], [-98.74755, 44.00317], [-98.74413, 44.00241], [-98.7405, 44.00171], [-98.73695, 44.00093], [-98.73329, 44.0001], [-98.72959, 43.99932], [-98.72612, 43.99857], [-98.72213, 43.99776], [-98.71815, 43.99704], [-98.71426, 43.99617], [-98.71037, 43.99535], [-98.70678, 43.99467], [-98.70426, 43.99407], [-98.69961, 43.99309], [-98.69524, 43.99212], [-98.69116, 43.99126], [-98.68756, 43.99052], [-98.68388, 43.98974], [-98.67993, 43.9887], [-98.6765, 43.98778], [-98.67281, 43.98678], [-98.66901, 43.98576], [-98.66514, 43.98471], [-98.66134, 43.98369], [-98.65785, 43.98276], [-98.65378, 43.98167], [-98.65117, 43.98097], [-98.64747, 43.97997], [-98.64378, 43.97896], [-98.64009, 43.97795], [-98.63685, 43.97705], [-98.63331, 43.9761], [-98.6294, 43.97511], [-98.62603, 43.97419], [-98.62253, 43.97323], [-98.6195, 43.9724], [-98.61622, 43.9715], [-98.61295, 43.97061], [-98.60929, 43.96961], [-98.60907, 43.96955], [-98.60742, 43.96954]]}, "properties": {"owner": "WAPA-- WESTERN AREA POWER ADMINISTRATION", "voltage_kv": 230.0}}, {"type": "Feature", "geometry": {"type": "LineString", "coordinates": [[-99.43595, 44.13283], [-99.43563, 44.13351], [-99.43388, 44.13361], [-99.43311, 44.13403], [-99.43182, 44.13471], [-99.429, 44.13611], [-99.42829, 44.13646], [-99.42579, 44.13769], [-99.42186, 44.13934], [-99.41726, 44.14127], [-99.41326, 44.14295], [-99.40899, 44.14475], [-99.4047, 44.14655], [-99.4004, 44.14836], [-99.39607, 44.15018], [-99.39225, 44.15178], [-99.38902, 44.15314], [-99.38501, 44.15483], [-99.38116, 44.15644], [-99.37697, 44.1582], [-99.37318, 44.1598], [-99.36926, 44.16146], [-99.3653, 44.16312], [-99.36135, 44.16477], [-99.35688, 44.16678], [-99.3524, 44.16879], [-99.34862, 44.17049], [-99.3444, 44.17238], [-99.34015, 44.17428], [-99.33585, 44.17621], [-99.33175, 44.17805], [-99.3275, 44.17996], [-99.32318, 44.18188], [-99.31873, 44.18388], [-99.31443, 44.1858], [-99.31038, 44.18762], [-99.30605, 44.18956], [-99.30238, 44.19119], [-99.29859, 44.1929], [-99.29464, 44.19468], [-99.29061, 44.19648], [-99.28666, 44.19825], [-99.28275, 44.19999], [-99.27876, 44.20177], [-99.27531, 44.20333], [-99.27175, 44.20491], [-99.26817, 44.20651], [-99.2646, 44.2081], [-99.26106, 44.20969], [-99.25685, 44.211], [-99.25212, 44.21247], [-99.24775, 44.21383], [-99.24337, 44.21519], [-99.239, 44.21655], [-99.23445, 44.21796], [-99.23059, 44.21917], [-99.22657, 44.22041], [-99.22201, 44.22182], [-99.21782, 44.22313], [-99.21358, 44.22444], [-99.20939, 44.22573], [-99.20485, 44.22714], [-99.20045, 44.22851], [-99.19591, 44.22992], [-99.19153, 44.23128], [-99.18716, 44.23264], [-99.18259, 44.23406], [-99.17803, 44.23547], [-99.17347, 44.23688], [-99.16883, 44.23807], [-99.16413, 44.23926], [-99.15982, 44.24035], [-99.15516, 44.24154], [-99.15048, 44.24272], [-99.14599, 44.24386], [-99.14166, 44.24496], [-99.13715, 44.2461], [-99.13266, 44.24724], [-99.12816, 44.24838], [-99.12349, 44.24956], [-99.11897, 44.25071], [-99.11428, 44.25191], [-99.10953, 44.2531], [-99.10517, 44.25421], [-99.10052, 44.25555], [-99.09586, 44.2569], [-99.09118, 44.25826], [-99.0865, 44.25961], [-99.08182, 44.26097], [-99.07715, 44.26232], [-99.07246, 44.26368], [-99.06815, 44.26492], [-99.06369, 44.26622], [-99.06015, 44.26724], [-99.05556, 44.26857], [-99.0509, 44.26992], [-99.04665, 44.27115], [-99.04241, 44.27238], [-99.03774, 44.27373], [-99.03344, 44.27497], [-99.02919, 44.2762], [-99.02495, 44.27742], [-99.02052, 44.27871], [-99.01609, 44.27999], [-99.01164, 44.28127], [-99.00688, 44.28264], [-99.00225, 44.28387], [-98.99752, 44.28514], [-98.99292, 44.28639], [-98.98825, 44.28763], [-98.98439, 44.28867], [-98.97983, 44.28989], [-98.97598, 44.29091], [-98.97205, 44.29197], [-98.96779, 44.29367], [-98.96398, 44.29522], [-98.9596, 44.297], [-98.9552, 44.29878], [-98.95081, 44.30055], [-98.94644, 44.30234], [-98.94205, 44.30413], [-98.93767, 44.30588], [-98.93333, 44.30763], [-98.92915, 44.30932], [-98.92491, 44.31104], [-98.92005, 44.31275], [-98.91514, 44.31448], [-98.91145, 44.31561], [-98.90672, 44.31687], [-98.90199, 44.31814], [-98.89729, 44.31941], [-98.89257, 44.32068], [-98.88782, 44.32195], [-98.88309, 44.32323], [-98.87836, 44.32449], [-98.87438, 44.32557], [-98.87042, 44.32662], [-98.8668, 44.32745], [-98.86275, 44.32817], [-98.85787, 44.32889], [-98.85319, 44.32955], [-98.8485, 44.33023], [-98.84444, 44.33099], [-98.84059, 44.33184], [-98.83682, 44.33284], [-98.83262, 44.33409], [-98.82836, 44.33536], [-98.82421, 44.33661], [-98.82056, 44.33762], [-98.81701, 44.33862], [-98.81237, 44.33991], [-98.80856, 44.34097], [-98.80389, 44.34228], [-98.79935, 44.34353], [-98.79471, 44.34484], [-98.79009, 44.34614], [-98.78548, 44.34742], [-98.78089, 44.34872], [-98.77622, 44.35002], [-98.77251, 44.35105], [-98.76873, 44.35211], [-98.76501, 44.35315], [-98.76056, 44.3544], [-98.75611, 44.35563], [-98.75135, 44.35683], [-98.74618, 44.35786], [-98.74212, 44.35878], [-98.73732, 44.35986], [-98.73257, 44.36093], [-98.72844, 44.36199], [-98.72467, 44.36297], [-98.72016, 44.36415], [-98.71569, 44.36531], [-98.7112, 44.36648], [-98.70668, 44.36765], [-98.70221, 44.36881], [-98.69767, 44.37], [-98.6931, 44.37118], [-98.68833, 44.37242], [-98.68362, 44.37366], [-98.67887, 44.37488], [-98.6741, 44.37611], [-98.66935, 44.37735], [-98.66459, 44.37857], [-98.65974, 44.37982], [-98.65508, 44.38102], [-98.65096, 44.38211], [-98.64628, 44.38331], [-98.64195, 44.38444], [-98.63771, 44.38553], [-98.63335, 44.38656], [-98.62898, 44.38759], [-98.62462, 44.38862], [-98.6204, 44.38961], [-98.616, 44.39066], [-98.61144, 44.39173], [-98.60676, 44.39283], [-98.60238, 44.39385], [-98.5973, 44.39505], [-98.59346, 44.39596], [-98.58948, 44.39699], [-98.58504, 44.39815], [-98.58035, 44.39936], [-98.57675, 44.4003], [-98.5722, 44.40147], [-98.56763, 44.40266], [-98.56308, 44.40383], [-98.55834, 44.40507], [-98.55359, 44.40631], [-98.54898, 44.4075], [-98.54438, 44.4087], [-98.53977, 44.40988], [-98.53522, 44.41107], [-98.53046, 44.41231], [-98.52594, 44.41348], [-98.52145, 44.41464], [-98.51624, 44.41599], [-98.51137, 44.4174], [-98.50695, 44.41869], [-98.50233, 44.42004], [-98.49766, 44.42141], [-98.49297, 44.42277], [-98.48831, 44.42415], [-98.48403, 44.42538], [-98.47936, 44.42674], [-98.47468, 44.42813], [-98.47008, 44.42946], [-98.46653, 44.4305], [-98.46193, 44.43184], [-98.45731, 44.4332], [-98.45242, 44.43473], [-98.44822, 44.43602], [-98.44366, 44.43744], [-98.43927, 44.43879], [-98.43506, 44.44009], [-98.43081, 44.44139], [-98.4266, 44.44271], [-98.42202, 44.44411], [-98.41737, 44.44555], [-98.41276, 44.44697], [-98.40811, 44.4484], [-98.40347, 44.44983], [-98.39883, 44.45127], [-98.39425, 44.45268], [-98.38972, 44.45409], [-98.38518, 44.45547], [-98.38046, 44.45693], [-98.37594, 44.45831], [-98.37132, 44.45974], [-98.36668, 44.46119], [-98.36231, 44.4628], [-98.35798, 44.4644], [-98.35358, 44.46604], [-98.34927, 44.46765], [-98.34572, 44.46896], [-98.34331, 44.46994], [-98.34234, 44.47002], [-98.34138, 44.47072]]}, "properties": {"owner": "WAPA-- WESTERN AREA POWER ADMINISTRATION", "voltage_kv": 230.0}}, {"type": "Feature", "geometry": {"type": "LineString", "coordinates": [[-99.43595, 44.13283], [-99.43644, 44.13265], [-99.438, 44.13263], [-99.44182, 44.13258], [-99.44595, 44.13174], [-99.44918, 44.12937], [-99.45016, 44.12662], [-99.45008, 44.12308], [-99.45003, 44.11951], [-99.44999, 44.11705], [-99.44992, 44.11375], [-99.44986, 44.11128], [-99.44981, 44.10848], [-99.44977, 44.10566], [-99.44974, 44.10251], [-99.44966, 44.09976], [-99.44959, 44.0966], [-99.44953, 44.09373], [-99.44949, 44.09101], [-99.44944, 44.08827], [-99.44939, 44.08573], [-99.44952, 44.08286], [-99.44964, 44.07997], [-99.44974, 44.07673], [-99.44986, 44.07371], [-99.44998, 44.07116], [-99.4487, 44.06992], [-99.4464, 44.06771], [-99.44403, 44.0654], [-99.44166, 44.06309], [-99.44102, 44.06025], [-99.44128, 44.05669], [-99.44165, 44.05189], [-99.44282, 44.04691], [-99.4442, 44.04223], [-99.44487, 44.03981], [-99.44571, 44.0393], [-99.4463, 44.0384]]}, "properties": {"owner": "WAPA-- WESTERN AREA POWER ADMINISTRATION", "voltage_kv": 230.0}}, {"type": "Feature", "geometry": {"type": "LineString", "coordinates": [[-99.43303, 44.1291], [-99.43177, 44.12887], [-99.4311, 44.12919], [-99.42948, 44.12989], [-99.42864, 44.13006], [-99.42815, 44.13016], [-99.42685, 44.13017], [-99.42344, 44.12942], [-99.41965, 44.12779], [-99.41619, 44.1263], [-99.41251, 44.12469], [-99.40875, 44.12304], [-99.40516, 44.12148], [-99.40159, 44.1199], [-99.39866, 44.11863], [-99.39438, 44.11678], [-99.39094, 44.11526], [-99.38675, 44.11342], [-99.38265, 44.11164], [-99.37902, 44.11001], [-99.37493, 44.10824], [-99.37069, 44.10638], [-99.36728, 44.1049], [-99.36341, 44.10321], [-99.36043, 44.10189], [-99.35653, 44.1002], [-99.35293, 44.09863], [-99.34922, 44.09699], [-99.34546, 44.09536], [-99.3414, 44.09357], [-99.33767, 44.09193], [-99.33391, 44.09029], [-99.3302, 44.08868], [-99.32611, 44.08688], [-99.3222, 44.08517], [-99.31833, 44.08346], [-99.31466, 44.08193], [-99.31213, 44.07934], [-99.30955, 44.0768], [-99.30708, 44.07435], [-99.30462, 44.07193], [-99.30208, 44.06946], [-99.29992, 44.06725], [-99.29724, 44.0647], [-99.29487, 44.06214], [-99.2922, 44.05948], [-99.29007, 44.05739], [-99.28799, 44.05531], [-99.28602, 44.05338], [-99.28356, 44.05094], [-99.28088, 44.04828], [-99.27829, 44.04574], [-99.27596, 44.04339], [-99.27348, 44.04096], [-99.27115, 44.03863], [-99.26913, 44.03662], [-99.26699, 44.03451], [-99.26445, 44.03196], [-99.26185, 44.02941], [-99.25962, 44.02719], [-99.25704, 44.02465], [-99.25458, 44.02221], [-99.25258, 44.02021], [-99.25079, 44.01842], [-99.24833, 44.01599], [-99.24572, 44.01337], [-99.24297, 44.01068], [-99.24083, 44.00852], [-99.23837, 44.00611], [-99.23586, 44.00359], [-99.23393, 44.00088], [-99.23159, 43.99772], [-99.22959, 43.99492], [-99.22764, 43.99224], [-99.22561, 43.98943], [-99.22371, 43.98677], [-99.22162, 43.98384], [-99.21959, 43.98106], [-99.21749, 43.978], [-99.21589, 43.97581], [-99.21403, 43.97326], [-99.21231, 43.97084], [-99.21044, 43.96827], [-99.20844, 43.9655], [-99.20632, 43.96255], [-99.20431, 43.95974], [-99.20229, 43.95694], [-99.20047, 43.95439], [-99.19863, 43.95185], [-99.19687, 43.9494], [-99.19487, 43.9466], [-99.19268, 43.94355], [-99.19084, 43.941], [-99.18882, 43.93821], [-99.18673, 43.93527], [-99.18472, 43.93248], [-99.18296, 43.93006], [-99.18109, 43.92738], [-99.17914, 43.9247], [-99.17734, 43.92224], [-99.17497, 43.91948], [-99.17257, 43.91679], [-99.17006, 43.91391], [-99.16766, 43.91114], [-99.16539, 43.90859], [-99.16299, 43.90583], [-99.16053, 43.90299], [-99.15817, 43.90033], [-99.15586, 43.89766], [-99.15354, 43.895], [-99.15121, 43.89232], [-99.14894, 43.88968], [-99.14652, 43.88699], [-99.1443, 43.88445], [-99.14177, 43.88156], [-99.13928, 43.87863], [-99.13685, 43.87596], [-99.13488, 43.87355], [-99.13212, 43.87107], [-99.12936, 43.86862], [-99.12669, 43.86615], [-99.12396, 43.86371], [-99.12118, 43.86125], [-99.11847, 43.8588], [-99.11571, 43.85631], [-99.11296, 43.85388], [-99.11019, 43.85136], [-99.10764, 43.84906], [-99.10475, 43.84649], [-99.10213, 43.84413], [-99.09942, 43.84169], [-99.09646, 43.839], [-99.09376, 43.83657], [-99.09099, 43.8341], [-99.08848, 43.83187], [-99.08588, 43.82951], [-99.08314, 43.82706], [-99.08029, 43.8245], [-99.07746, 43.82193], [-99.07494, 43.81969], [-99.0724, 43.81741], [-99.06977, 43.81504], [-99.06712, 43.81265], [-99.0649, 43.81063], [-99.06211, 43.80815], [-99.05932, 43.80563], [-99.05667, 43.80322], [-99.0538, 43.80066], [-99.05163, 43.79849], [-99.04866, 43.79596], [-99.04584, 43.79337], [-99.04326, 43.79108], [-99.04067, 43.7887], [-99.03781, 43.78618], [-99.03217, 43.78106], [-99.02989, 43.77828], [-99.02763, 43.77555], [-99.02533, 43.77271], [-99.02311, 43.77001], [-99.02096, 43.7674], [-99.01873, 43.76468], [-99.01663, 43.76207], [-99.01458, 43.75963], [-99.01235, 43.75691], [-99.01004, 43.75408], [-99.00801, 43.75159], [-99.00598, 43.74912], [-99.00393, 43.74663], [-99.00191, 43.74416], [-98.99993, 43.74169], [-98.99787, 43.73921], [-98.99579, 43.73672], [-98.99404, 43.73451], [-98.99196, 43.73191], [-98.99009, 43.72969], [-98.98767, 43.72665], [-98.98535, 43.72388], [-98.98311, 43.72116], [-98.98116, 43.71886], [-98.97875, 43.71581], [-98.97658, 43.71312], [-98.97427, 43.71029], [-98.97218, 43.70773], [-98.97011, 43.70521], [-98.96809, 43.70274], [-98.96606, 43.70029], [-98.96398, 43.6977], [-98.96196, 43.69528], [-98.95986, 43.69267], [-98.95789, 43.69027], [-98.95584, 43.68779], [-98.95371, 43.6851], [-98.95137, 43.68238], [-98.94893, 43.67943], [-98.94718, 43.67717], [-98.94502, 43.67463], [-98.94177, 43.67236], [-98.93925, 43.67039], [-98.93615, 43.66809], [-98.93281, 43.66559], [-98.92949, 43.6631], [-98.92677, 43.66107], [-98.92439, 43.6593], [-98.92167, 43.65725], [-98.91888, 43.65518], [-98.91569, 43.65277], [-98.91262, 43.65054], [-98.90999, 43.64857], [-98.90735, 43.64658], [-98.90446, 43.6444], [-98.90158, 43.6423], [-98.8985, 43.64001], [-98.89545, 43.63773], [-98.89239, 43.63542], [-98.88916, 43.63302], [-98.88611, 43.63075], [-98.88279, 43.62829], [-98.88035, 43.62649], [-98.87754, 43.62442], [-98.87464, 43.62232], [-98.87168, 43.62011], [-98.86889, 43.6179], [-98.86622, 43.61539], [-98.86358, 43.61286], [-98.86093, 43.61037], [-98.85827, 43.60785], [-98.85567, 43.60535], [-98.85335, 43.60321], [-98.85076, 43.60067], [-98.8482, 43.59821], [-98.84539, 43.59565], [-98.84283, 43.59312], [-98.84015, 43.59063], [-98.83758, 43.58812], [-98.83499, 43.58566], [-98.83242, 43.58324], [-98.82993, 43.58084], [-98.82745, 43.57839], [-98.82567, 43.57555], [-98.82375, 43.57243], [-98.82209, 43.56971], [-98.82033, 43.56693], [-98.81849, 43.5641], [-98.81671, 43.56121], [-98.81496, 43.55831], [-98.81316, 43.55545], [-98.8114, 43.55266], [-98.80962, 43.5497], [-98.80784, 43.54688], [-98.80601, 43.54394], [-98.80427, 43.54109], [-98.80247, 43.53822], [-98.80066, 43.53527], [-98.79889, 43.53247], [-98.79699, 43.52948], [-98.79538, 43.52691], [-98.79358, 43.52394], [-98.79181, 43.5211], [-98.78999, 43.51818], [-98.7882, 43.5153], [-98.78661, 43.51292], [-98.78476, 43.50998], [-98.78297, 43.50706], [-98.78119, 43.50424], [-98.77944, 43.50132], [-98.77768, 43.49843], [-98.77586, 43.49566], [-98.77412, 43.49294], [-98.77236, 43.49002], [-98.77051, 43.48718], [-98.76894, 43.48461], [-98.76714, 43.48162], [-98.76532, 43.4788], [-98.76347, 43.47578], [-98.7618, 43.47307], [-98.75997, 43.47016], [-98.75825, 43.46741], [-98.75626, 43.4642], [-98.75439, 43.46118], [-98.75261, 43.45835], [-98.75084, 43.45537], [-98.749, 43.45235], [-98.74714, 43.44941], [-98.74552, 43.44668], [-98.74367, 43.44377], [-98.74209, 43.4413], [-98.74025, 43.43826], [-98.73835, 43.43526], [-98.73699, 43.43256], [-98.73547, 43.42971], [-98.73461, 43.428], [-98.73433, 43.42743], [-98.73286, 43.42451], [-98.73127, 43.42152], [-98.72977, 43.41856], [-98.72825, 43.41562], [-98.72693, 43.41301], [-98.72549, 43.41017], [-98.72384, 43.407], [-98.72235, 43.40404], [-98.72081, 43.40108], [-98.71928, 43.39813], [-98.71777, 43.3952], [-98.71627, 43.39227], [-98.71477, 43.38932], [-98.71321, 43.38628], [-98.71191, 43.38376], [-98.71038, 43.3808], [-98.70879, 43.37771], [-98.70741, 43.37501], [-98.70618, 43.37259], [-98.70598, 43.37219], [-98.7046, 43.36963], [-98.70299, 43.36674], [-98.70125, 43.36366], [-98.6995, 43.36063], [-98.69768, 43.35747], [-98.69616, 43.35479], [-98.69441, 43.35176], [-98.69268, 43.34873], [-98.6911, 43.34578], [-98.68949, 43.34288], [-98.68781, 43.34001], [-98.68621, 43.33703], [-98.68453, 43.33411], [-98.68287, 43.33121], [-98.6811, 43.3281], [-98.67966, 43.32562], [-98.6779, 43.32259], [-98.6763, 43.31964], [-98.67486, 43.31716], [-98.67321, 43.31423], [-98.67151, 43.31146], [-98.66975, 43.3084], [-98.66805, 43.30543], [-98.66643, 43.30259], [-98.66475, 43.29965], [-98.66318, 43.29684], [-98.66152, 43.2939], [-98.65992, 43.2911], [-98.65826, 43.2882], [-98.65673, 43.28552], [-98.65509, 43.28261], [-98.65344, 43.27968], [-98.65172, 43.27664], [-98.65003, 43.2737], [-98.64834, 43.27079], [-98.64665, 43.26774], [-98.6449, 43.26469], [-98.64324, 43.26177], [-98.64154, 43.2588], [-98.64011, 43.25627], [-98.63841, 43.25329], [-98.63682, 43.25054], [-98.63526, 43.24796], [-98.63391, 43.24496], [-98.63259, 43.24212], [-98.63115, 43.23901], [-98.62973, 43.23596], [-98.62825, 43.23285], [-98.62694, 43.22999], [-98.62559, 43.22716], [-98.62414, 43.22413], [-98.62286, 43.2212], [-98.62144, 43.21818], [-98.62012, 43.21518], [-98.61877, 43.2122], [-98.61735, 43.20918], [-98.61608, 43.20628], [-98.61474, 43.20353], [-98.61334, 43.20063], [-98.61219, 43.19797], [-98.61082, 43.19497], [-98.60918, 43.19167], [-98.60765, 43.18841], [-98.60615, 43.18515], [-98.60491, 43.18253], [-98.60361, 43.17962], [-98.60232, 43.17691], [-98.60105, 43.17421], [-98.59982, 43.17159], [-98.59788, 43.16893], [-98.5957, 43.16598], [-98.5935, 43.16296], [-98.5915, 43.16032], [-98.58938, 43.15739], [-98.58764, 43.155], [-98.58606, 43.15291], [-98.58443, 43.15068], [-98.58232, 43.14778], [-98.58015, 43.1448], [-98.57838, 43.14238], [-98.5764, 43.13967], [-98.57446, 43.13703], [-98.57248, 43.13434], [-98.57056, 43.13175], [-98.56857, 43.12904], [-98.56627, 43.12646], [-98.56458, 43.12358], [-98.56279, 43.12113], [-98.56087, 43.11853], [-98.55807, 43.11615], [-98.55539, 43.11384], [-98.55262, 43.1115], [-98.54979, 43.10907], [-98.54714, 43.10684], [-98.54415, 43.10429], [-98.54111, 43.10166], [-98.53851, 43.09947], [-98.53547, 43.09685], [-98.53255, 43.09443], [-98.52948, 43.09174], [-98.52717, 43.08976], [-98.5246, 43.08759], [-98.52261, 43.08589], [-98.51884, 43.0846], [-98.51606, 43.08375], [-98.51378, 43.083], [-98.51352, 43.08292], [-98.51175, 43.08234], [-98.5072, 43.08136], [-98.50349, 43.08058], [-98.49968, 43.07855], [-98.49612, 43.07629], [-98.49301, 43.07416], [-98.49016, 43.07229], [-98.48725, 43.07028], [-98.48461, 43.06862], [-98.4817, 43.06663], [-98.47929, 43.06414], [-98.47676, 43.06146], [-98.47483, 43.0594], [-98.47386, 43.05832], [-98.47357, 43.05801], [-98.47149, 43.05575], [-98.469, 43.05305], [-98.46692, 43.05087], [-98.4654, 43.04909], [-98.46333, 43.04684], [-98.46122, 43.04454], [-98.45911, 43.04229], [-98.45723, 43.04023], [-98.45495, 43.03774], [-98.45287, 43.03506], [-98.45087, 43.03223], [-98.44882, 43.02973], [-98.44661, 43.02679], [-98.44499, 43.02465], [-98.44304, 43.02212], [-98.44102, 43.01949], [-98.4391, 43.01698], [-98.43727, 43.01456], [-98.43439, 43.01234], [-98.43154, 43.01016], [-98.42873, 43.0079], [-98.42594, 43.0057], [-98.42293, 43.00345], [-98.41997, 43.00128], [-98.41728, 42.99925], [-98.41462, 42.99713], [-98.41155, 42.99483], [-98.40853, 42.99257], [-98.40579, 42.99047], [-98.40277, 42.98818], [-98.3997, 42.98587], [-98.3966, 42.98362], [-98.39329, 42.98115], [-98.39063, 42.97909], [-98.38772, 42.9769], [-98.38476, 42.97464], [-98.38189, 42.97245], [-98.3791, 42.97029], [-98.37627, 42.96816], [-98.37336, 42.96599], [-98.37046, 42.9638], [-98.36757, 42.96158], [-98.36469, 42.95938], [-98.36177, 42.95721], [-98.35891, 42.95503], [-98.35605, 42.95289], [-98.35252, 42.95023], [-98.34979, 42.94813], [-98.34661, 42.94577], [-98.34384, 42.9437], [-98.3413, 42.94182], [-98.33856, 42.93977], [-98.33582, 42.93773], [-98.33413, 42.93492], [-98.33266, 42.93188], [-98.33091, 42.92857], [-98.32928, 42.92546], [-98.32758, 42.92239], [-98.32584, 42.91907], [-98.32437, 42.91625], [-98.32302, 42.91381], [-98.32147, 42.91071], [-98.32159, 42.90809], [-98.32172, 42.90536], [-98.32188, 42.90254], [-98.32209, 42.89961], [-98.32227, 42.8966], [-98.32249, 42.89361], [-98.32261, 42.89048], [-98.32271, 42.8881], [-98.32286, 42.88559], [-98.32302, 42.88285], [-98.32311, 42.88061], [-98.32309, 42.87818], [-98.32289, 42.87481], [-98.32054, 42.87005], [-98.31913, 42.86533], [-98.31876, 42.86236], [-98.31857, 42.85978], [-98.31809, 42.85686], [-98.31809, 42.8537], [-98.31776, 42.85027], [-98.31738, 42.84677], [-98.31707, 42.84332], [-98.31672, 42.8399], [-98.31659, 42.83717], [-98.31653, 42.83397], [-98.31619, 42.83056], [-98.31571, 42.8274], [-98.31551, 42.82481], [-98.31517, 42.82115], [-98.31488, 42.81811], [-98.31469, 42.8148], [-98.3142, 42.81195], [-98.31402, 42.80828], [-98.31374, 42.80516], [-98.31331, 42.8011], [-98.31314, 42.79871], [-98.31282, 42.79553], [-98.31246, 42.7921], [-98.31224, 42.78925], [-98.312, 42.78629], [-98.31169, 42.7833], [-98.3115, 42.78048], [-98.31165, 42.77788], [-98.31186, 42.77214], [-98.31191, 42.76843], [-98.31204, 42.76517], [-98.31224, 42.76063], [-98.31234, 42.75761], [-98.3124, 42.75455], [-98.31245, 42.75173], [-98.31248, 42.74871], [-98.31251, 42.74567], [-98.31254, 42.74247], [-98.31256, 42.73951], [-98.3126, 42.73608], [-98.31264, 42.73302], [-98.3127, 42.73062], [-98.31271, 42.73019], [-98.31279, 42.72711], [-98.31288, 42.72388], [-98.31294, 42.72093], [-98.31303, 42.71784], [-98.31311, 42.71483], [-98.3132, 42.71196], [-98.31328, 42.70863], [-98.31335, 42.70536], [-98.31344, 42.70207], [-98.31352, 42.69897], [-98.31359, 42.69577], [-98.31366, 42.69274], [-98.31374, 42.69006], [-98.31366, 42.68685], [-98.31359, 42.68355], [-98.31354, 42.68026], [-98.31346, 42.6767], [-98.31342, 42.67382], [-98.31339, 42.67108], [-98.31329, 42.66751], [-98.31323, 42.66455], [-98.31317, 42.66134], [-98.31311, 42.65846], [-98.31304, 42.65552], [-98.31297, 42.65311], [-98.31297, 42.64981], [-98.3129, 42.64665], [-98.31283, 42.64344], [-98.31279, 42.64035], [-98.31272, 42.6373], [-98.31267, 42.63472], [-98.31261, 42.63184], [-98.31257, 42.62903], [-98.31266, 42.62669], [-98.31274, 42.62431], [-98.31289, 42.62073], [-98.31297, 42.61832], [-98.31309, 42.61553], [-98.31321, 42.61196], [-98.31334, 42.60867], [-98.31347, 42.60552], [-98.31357, 42.60263], [-98.31374, 42.59907], [-98.31384, 42.59618], [-98.31396, 42.59276], [-98.31408, 42.5896], [-98.31421, 42.58646], [-98.31433, 42.58344], [-98.31444, 42.5807], [-98.31453, 42.57808], [-98.31465, 42.57535], [-98.31475, 42.5726], [-98.31486, 42.56925], [-98.31497, 42.56629], [-98.3151, 42.56342], [-98.3151, 42.56039], [-98.31508, 42.55686], [-98.31509, 42.55394], [-98.31514, 42.55119], [-98.31519, 42.54776], [-98.31525, 42.54468], [-98.31559, 42.54189], [-98.31589, 42.5393], [-98.31627, 42.53608], [-98.31654, 42.53357], [-98.31687, 42.53099], [-98.31704, 42.52785], [-98.31719, 42.52517], [-98.31737, 42.52202], [-98.31756, 42.51864], [-98.31771, 42.51614], [-98.3179, 42.51284], [-98.31808, 42.50969], [-98.31827, 42.50626], [-98.31843, 42.50325], [-98.31863, 42.50018], [-98.31879, 42.49722], [-98.31898, 42.49401], [-98.31918, 42.49078], [-98.31937, 42.48735], [-98.31953, 42.48461], [-98.31971, 42.48146], [-98.31989, 42.47837], [-98.32004, 42.47557], [-98.32021, 42.47268], [-98.32039, 42.46967], [-98.32054, 42.46693], [-98.31982, 42.46451], [-98.31902, 42.46183], [-98.31806, 42.45861], [-98.31706, 42.45533], [-98.31606, 42.45206], [-98.3152, 42.44906], [-98.31518, 42.44597], [-98.31521, 42.4428], [-98.31521, 42.43953], [-98.31521, 42.43725], [-98.31422, 42.43397], [-98.31322, 42.43061], [-98.3122, 42.42727], [-98.31121, 42.42392], [-98.31043, 42.42136], [-98.31041, 42.41875], [-98.31043, 42.41348], [-98.31045, 42.41046], [-98.31043, 42.40773], [-98.31046, 42.40483], [-98.31044, 42.40117], [-98.31046, 42.39769], [-98.31046, 42.39483], [-98.31046, 42.39195], [-98.31046, 42.38879], [-98.31045, 42.38614], [-98.31048, 42.38302], [-98.31047, 42.37987], [-98.31048, 42.37746], [-98.31048, 42.37398], [-98.31048, 42.37055], [-98.31048, 42.36739], [-98.31049, 42.36421], [-98.3105, 42.36108], [-98.31051, 42.35792], [-98.31049, 42.35477], [-98.31051, 42.35158], [-98.31049, 42.349], [-98.3105, 42.34572], [-98.3105, 42.3429], [-98.31052, 42.33994], [-98.31051, 42.33694], [-98.3105, 42.33443], [-98.31021, 42.33101], [-98.31074, 42.32757], [-98.31074, 42.32446], [-98.31051, 42.32126], [-98.31051, 42.31819], [-98.31052, 42.31504], [-98.31053, 42.31162], [-98.31052, 42.309], [-98.31052, 42.30572], [-98.31054, 42.30248], [-98.31052, 42.29927], [-98.31052, 42.29583], [-98.31054, 42.29242], [-98.31056, 42.28935], [-98.31056, 42.28904], [-98.31055, 42.28569], [-98.31059, 42.28308], [-98.31056, 42.27992], [-98.31057, 42.27715], [-98.31054, 42.2743], [-98.31054, 42.27089], [-98.31056, 42.26771], [-98.30909, 42.26512], [-98.30764, 42.26253], [-98.30612, 42.25982], [-98.30451, 42.25704], [-98.30294, 42.25426], [-98.30143, 42.25155], [-98.29988, 42.24892], [-98.2999, 42.24552], [-98.2999, 42.24222], [-98.29992, 42.23935], [-98.29995, 42.23592], [-98.29994, 42.23276], [-98.29992, 42.22947], [-98.29993, 42.22617], [-98.29991, 42.22313], [-98.29993, 42.22077], [-98.29994, 42.2174], [-98.29993, 42.21397], [-98.29994, 42.21062], [-98.29993, 42.20738], [-98.29993, 42.20409], [-98.29994, 42.20067], [-98.29994, 42.19739], [-98.29993, 42.19435], [-98.29993, 42.19106], [-98.29993, 42.1879], [-98.29993, 42.18489], [-98.29992, 42.18174], [-98.29997, 42.17899], [-98.30001, 42.17624], [-98.30005, 42.1735], [-98.30004, 42.17067], [-98.30011, 42.16768], [-98.30015, 42.16478], [-98.30018, 42.1617], [-98.30023, 42.15841], [-98.30024, 42.15526], [-98.30024, 42.15211], [-98.30015, 42.14894], [-98.30008, 42.14524], [-98.30002, 42.14168], [-98.29998, 42.13866], [-98.29994, 42.13591], [-98.29995, 42.13276], [-98.29991, 42.1296], [-98.29991, 42.12643], [-98.29993, 42.12389], [-98.29994, 42.12067], [-98.29993, 42.11752], [-98.29993, 42.11424], [-98.29995, 42.1108], [-98.29994, 42.10737], [-98.29994, 42.10422], [-98.29995, 42.10093], [-98.29994, 42.09792], [-98.29994, 42.09529], [-98.29992, 42.09205], [-98.29993, 42.08926], [-98.29996, 42.08638], [-98.29994, 42.08364], [-98.29994, 42.08116], [-98.29991, 42.07841], [-98.29993, 42.0758], [-98.29994, 42.07269], [-98.30016, 42.06943], [-98.30037, 42.06634], [-98.3006, 42.06333], [-98.30082, 42.06025], [-98.30104, 42.05731], [-98.30126, 42.05401], [-98.3015, 42.05073], [-98.30166, 42.0484], [-98.30183, 42.04573], [-98.30202, 42.04296], [-98.30233, 42.04004], [-98.30261, 42.03744], [-98.30291, 42.03449], [-98.30321, 42.03155], [-98.30357, 42.02828], [-98.30389, 42.02518], [-98.30423, 42.02215], [-98.30457, 42.01884], [-98.30487, 42.01597], [-98.30519, 42.01282], [-98.30554, 42.00974], [-98.30555, 42.00645], [-98.3055, 42.00363], [-98.30549, 42.00104], [-98.30545, 41.99802], [-98.30539, 41.99476], [-98.30554, 41.99131], [-98.30567, 41.98812], [-98.30581, 41.98516], [-98.3058, 41.98199], [-98.30579, 41.97924], [-98.30578, 41.97595], [-98.30577, 41.97253], [-98.30577, 41.9695], [-98.30575, 41.96641], [-98.30575, 41.96332], [-98.30573, 41.96029], [-98.30574, 41.95701], [-98.30573, 41.95417], [-98.30574, 41.95124], [-98.30572, 41.94823], [-98.30572, 41.945], [-98.30571, 41.94172], [-98.3057, 41.9385], [-98.3057, 41.93534], [-98.30568, 41.93205], [-98.30568, 41.92881], [-98.30569, 41.92559], [-98.30568, 41.92244], [-98.30568, 41.91928], [-98.30568, 41.91619], [-98.30567, 41.91297], [-98.30566, 41.90973], [-98.30565, 41.90653], [-98.30563, 41.90336], [-98.30564, 41.90015], [-98.30565, 41.89691], [-98.30564, 41.89363], [-98.30562, 41.89006], [-98.30563, 41.8869], [-98.30562, 41.88375], [-98.30562, 41.881], [-98.30562, 41.87743], [-98.30561, 41.8745], [-98.3056, 41.87122], [-98.30559, 41.86797], [-98.30559, 41.86486], [-98.30559, 41.8618], [-98.30558, 41.85932], [-98.30558, 41.85602], [-98.30558, 41.85263], [-98.30556, 41.84984], [-98.30558, 41.8467], [-98.30556, 41.84381], [-98.30556, 41.84077], [-98.30558, 41.83732], [-98.3056, 41.83463], [-98.30563, 41.83124], [-98.30565, 41.82825], [-98.30569, 41.82485], [-98.30571, 41.82159], [-98.30574, 41.8183], [-98.30576, 41.81501], [-98.30578, 41.81191], [-98.30581, 41.80873], [-98.30534, 41.80542], [-98.30494, 41.80256], [-98.30445, 41.79915], [-98.30399, 41.79595], [-98.30352, 41.79274], [-98.30304, 41.78933], [-98.30261, 41.78632], [-98.30216, 41.78319], [-98.30173, 41.78019], [-98.30126, 41.77692], [-98.30092, 41.77451], [-98.30042, 41.77105], [-98.30004, 41.76835], [-98.29959, 41.76513], [-98.29888, 41.76221], [-98.29808, 41.75877], [-98.29727, 41.75538], [-98.29649, 41.75207], [-98.29568, 41.74866], [-98.29505, 41.746], [-98.29441, 41.74337], [-98.29359, 41.7409], [-98.29251, 41.73772], [-98.29146, 41.73465], [-98.29047, 41.73172], [-98.28934, 41.7284], [-98.28839, 41.72561], [-98.28732, 41.72245], [-98.28633, 41.7195], [-98.28524, 41.7163], [-98.28433, 41.71365], [-98.28316, 41.71018], [-98.28209, 41.70699], [-98.28203, 41.70398], [-98.28197, 41.70111], [-98.28194, 41.69835], [-98.28195, 41.6952], [-98.28193, 41.69224], [-98.2819, 41.68903], [-98.28189, 41.68629], [-98.2819, 41.68271], [-98.28186, 41.67983], [-98.28184, 41.6764], [-98.28183, 41.67312], [-98.28182, 41.67003], [-98.28181, 41.66693], [-98.28181, 41.66392], [-98.28179, 41.66068], [-98.28177, 41.65775], [-98.28176, 41.6546], [-98.28034, 41.65185], [-98.27892, 41.64908], [-98.27767, 41.64665], [-98.27616, 41.64371], [-98.27505, 41.64152], [-98.27353, 41.63858], [-98.27272, 41.63507], [-98.27203, 41.63196], [-98.2713, 41.62885], [-98.2706, 41.62574], [-98.26989, 41.62264], [-98.26915, 41.61938], [-98.26846, 41.61627], [-98.26767, 41.61289], [-98.26697, 41.60989], [-98.26628, 41.60681], [-98.26547, 41.6033], [-98.26535, 41.60276], [-98.2648, 41.60031], [-98.26405, 41.59708], [-98.26348, 41.59444], [-98.26285, 41.59188], [-98.26287, 41.589], [-98.26288, 41.58576], [-98.2629, 41.58247], [-98.26292, 41.57904], [-98.26291, 41.57588], [-98.2629, 41.57329], [-98.26291, 41.57012], [-98.26297, 41.56696], [-98.26294, 41.56343], [-98.26295, 41.56028], [-98.26295, 41.55708], [-98.26298, 41.55365], [-98.26298, 41.55085], [-98.263, 41.54748], [-98.263, 41.54439], [-98.26299, 41.54096], [-98.26303, 41.53799], [-98.26278, 41.53465], [-98.26265, 41.53238], [-98.26247, 41.52917], [-98.26226, 41.52582], [-98.26204, 41.52294], [-98.2619, 41.52048], [-98.2617, 41.51759], [-98.26149, 41.51421], [-98.26131, 41.51143], [-98.26111, 41.50799], [-98.2609, 41.50464], [-98.26069, 41.50146], [-98.26048, 41.498], [-98.26026, 41.4947], [-98.26005, 41.49141], [-98.25988, 41.48873], [-98.25966, 41.48543], [-98.25948, 41.4829], [-98.25929, 41.47976], [-98.2591, 41.47702], [-98.25893, 41.47395], [-98.25871, 41.47044], [-98.25851, 41.46715], [-98.25834, 41.46455], [-98.25812, 41.46112], [-98.2579, 41.45788], [-98.2577, 41.45427], [-98.2575, 41.45139], [-98.25733, 41.44856], [-98.25672, 41.44526], [-98.2563, 41.44294], [-98.25576, 41.43995], [-98.25521, 41.43696], [-98.25455, 41.43343], [-98.25399, 41.43016], [-98.25335, 41.42666], [-98.25276, 41.42336], [-98.25224, 41.42051], [-98.25161, 41.41715], [-98.25102, 41.41386], [-98.25042, 41.41047], [-98.24996, 41.40795], [-98.2493, 41.40433], [-98.24869, 41.40108], [-98.24815, 41.39793], [-98.24773, 41.39563], [-98.24718, 41.39277], [-98.24665, 41.38966], [-98.24607, 41.38652], [-98.24545, 41.38312], [-98.245, 41.38066], [-98.24501, 41.37739], [-98.24499, 41.37457], [-98.245, 41.37107], [-98.24498, 41.36775], [-98.24497, 41.36485], [-98.24497, 41.36147], [-98.24497, 41.35846], [-98.24496, 41.35502], [-98.24495, 41.35228], [-98.24495, 41.34952], [-98.24495, 41.34679], [-98.24486, 41.34362], [-98.24474, 41.34019], [-98.24465, 41.33704], [-98.24456, 41.3336], [-98.24446, 41.33045], [-98.24435, 41.32703], [-98.24425, 41.3236], [-98.24483, 41.32007], [-98.24528, 41.31719], [-98.2449, 41.31489], [-98.24439, 41.31189], [-98.24398, 41.30944], [-98.24342, 41.3059], [-98.24294, 41.30303], [-98.24259, 41.30094], [-98.24216, 41.29829], [-98.24219, 41.29553], [-98.24223, 41.29209], [-98.24227, 41.28921], [-98.2423, 41.28605], [-98.24234, 41.28289], [-98.24238, 41.27975], [-98.24241, 41.27696], [-98.24246, 41.27329], [-98.24247, 41.27076], [-98.24249, 41.26779], [-98.24254, 41.26462], [-98.24258, 41.26121], [-98.24227, 41.25786], [-98.24192, 41.25437], [-98.2416, 41.251], [-98.24132, 41.24803], [-98.24099, 41.24452], [-98.24066, 41.24113], [-98.24034, 41.23771], [-98.24002, 41.2344], [-98.24043, 41.23139], [-98.24083, 41.22845], [-98.24123, 41.22553], [-98.24163, 41.22259], [-98.24202, 41.21974], [-98.24212, 41.2169], [-98.24221, 41.2135], [-98.2423, 41.21021], [-98.24236, 41.20785], [-98.24247, 41.20452], [-98.24255, 41.20126], [-98.24265, 41.19805], [-98.24275, 41.19496], [-98.24286, 41.19167], [-98.24294, 41.18837], [-98.24304, 41.18494], [-98.24312, 41.1822], [-98.24319, 41.17905], [-98.24328, 41.17602], [-98.24353, 41.17316], [-98.24379, 41.17], [-98.24407, 41.16685], [-98.24433, 41.16371], [-98.2446, 41.16041], [-98.24488, 41.15712], [-98.24513, 41.15397], [-98.2454, 41.15097], [-98.24562, 41.14816], [-98.2465, 41.14528], [-98.24733, 41.14261], [-98.24824, 41.1396], [-98.24917, 41.13659], [-98.25007, 41.1336], [-98.25095, 41.13071], [-98.25187, 41.12776], [-98.25274, 41.12482], [-98.25363, 41.12196], [-98.25454, 41.11899], [-98.25454, 41.11578], [-98.25456, 41.11263], [-98.25457, 41.10948], [-98.25458, 41.10618], [-98.25459, 41.10303], [-98.2546, 41.09986], [-98.2546, 41.09679], [-98.25457, 41.09356], [-98.25454, 41.09034], [-98.2546, 41.08705], [-98.25465, 41.08409], [-98.25472, 41.08089], [-98.25473, 41.07772], [-98.25473, 41.07457], [-98.25469, 41.07133], [-98.25466, 41.06817], [-98.25463, 41.06494], [-98.25461, 41.06164], [-98.25457, 41.05835], [-98.25453, 41.055], [-98.25449, 41.05163], [-98.25447, 41.04828], [-98.25441, 41.04524], [-98.25444, 41.04183], [-98.25447, 41.03881], [-98.25449, 41.03552], [-98.25449, 41.03222], [-98.25448, 41.02887], [-98.25446, 41.02557], [-98.25442, 41.01905], [-98.25383, 41.01608], [-98.25382, 41.00955], [-98.25371, 41.00626], [-98.25363, 41.00311], [-98.25352, 40.99994], [-98.25343, 40.99679], [-98.25333, 40.99353], [-98.25324, 40.99032], [-98.25314, 40.98711], [-98.25305, 40.9839], [-98.25268, 40.97436], [-98.25254, 40.96357], [-98.25566, 40.95815], [-98.25735, 40.95503], [-98.25891, 40.95192], [-98.25941, 40.93931], [-98.2594, 40.93619], [-98.2594, 40.93309], [-98.25939, 40.92999], [-98.25939, 40.92697], [-98.25939, 40.92408], [-98.25939, 40.92356], [-98.25939, 40.92198], [-98.25938, 40.91874], [-98.25937, 40.91545], [-98.2594, 40.91302], [-98.26048, 40.91302], [-98.26195, 40.91304], [-98.26236, 40.91207]]}, "properties": {"owner": "WAPA-- WESTERN AREA POWER ADMINISTRATION", "voltage_kv": 345.0}}, {"type": "Feature", "geometry": {"type": "LineString", "coordinates": [[-98.97832, 46.10502], [-98.97836, 46.10055], [-98.97847, 46.09126], [-98.97858, 46.08442], [-98.97868, 46.08087], [-98.98407, 46.08085], [-98.9935, 46.0809], [-99.00085, 46.08095], [-99.00363, 46.08076], [-99.00364, 46.07443], [-99.00359, 46.06612], [-99.00362, 46.05935], [-99.0036, 46.05688], [-99.00387, 46.05163], [-99.00414, 46.04607], [-99.00433, 46.04261], [-99.00482, 46.04055], [-99.00485, 46.03544], [-99.00454, 46.0276], [-99.00455, 46.02172], [-99.00542, 46.01964], [-99.00535, 46.01239], [-99.00538, 46.00916], [-99.00472, 46.00714], [-99.00452, 46.00505], [-99.00465, 46.0], [-99.00484, 45.99554], [-99.00484, 45.99422], [-99.00466, 45.99164], [-99.00472, 45.98686], [-99.00479, 45.98329], [-99.00504, 45.9812], [-99.00506, 45.9753], [-99.00511, 45.97084], [-99.00516, 45.96674], [-99.00502, 45.96474], [-99.00033, 45.96145], [-99.00035, 45.95589], [-99.00037, 45.95401], [-99.00507, 45.95068], [-99.00539, 45.94858], [-99.00549, 45.945], [-99.00555, 45.93955], [-99.00555, 45.93938], [-99.00663, 45.93901], [-99.00921, 45.93903], [-99.01001, 45.93904], [-99.01034, 45.93913]]}, "properties": {"owner": "MONTANA-DAKOTA UTILITIES CO", "voltage_kv": 230.0}}, {"type": "Feature", "geometry": {"type": "LineString", "coordinates": [[-100.39042, 44.44918], [-100.39032, 44.44818], [-100.38971, 44.44807], [-100.38516, 44.44755], [-100.37812, 44.44622], [-100.37437, 44.44549], [-100.36983, 44.44538], [-100.36709, 44.44524], [-100.36648, 44.44524], [-100.36234, 44.44524], [-100.35812, 44.44523], [-100.35389, 44.44524], [-100.34968, 44.44521], [-100.34544, 44.44521], [-100.34119, 44.44521], [-100.33695, 44.4452], [-100.33261, 44.44433], [-100.32825, 44.44348], [-100.32405, 44.44264], [-100.31999, 44.44185], [-100.31612, 44.44108], [-100.31226, 44.44031], [-100.30836, 44.43955], [-100.30449, 44.43879], [-100.30062, 44.43802], [-100.29674, 44.43726], [-100.29287, 44.43649], [-100.28905, 44.43572], [-100.28515, 44.43496], [-100.28125, 44.43418], [-100.27738, 44.43342], [-100.27351, 44.43264], [-100.26945, 44.43184], [-100.26539, 44.43103], [-100.2615, 44.43027], [-100.25764, 44.4295], [-100.25396, 44.42878], [-100.25007, 44.42801], [-100.24657, 44.42731], [-100.24278, 44.42656], [-100.2389, 44.42595], [-100.23493, 44.42595], [-100.23091, 44.42596], [-100.22691, 44.42598], [-100.2229, 44.42598], [-100.21889, 44.42597], [-100.21487, 44.42598], [-100.21085, 44.42599], [-100.20683, 44.42599], [-100.2028, 44.42599], [-100.19878, 44.426], [-100.19477, 44.426], [-100.19074, 44.426], [-100.18675, 44.42601], [-100.18271, 44.42602], [-100.1787, 44.42601], [-100.17466, 44.42602], [-100.17064, 44.42603], [-100.16663, 44.42603], [-100.16262, 44.42604], [-100.15858, 44.42603], [-100.15455, 44.42604], [-100.15055, 44.42604], [-100.14654, 44.42604], [-100.14253, 44.42605], [-100.1385, 44.42605], [-100.13445, 44.42605], [-100.13041, 44.42605], [-100.12643, 44.42606], [-100.12242, 44.42606], [-100.11859, 44.42606], [-100.11478, 44.42607], [-100.11093, 44.42607], [-100.10713, 44.42606], [-100.10329, 44.42607], [-100.09926, 44.42607], [-100.09524, 44.42607], [-100.09122, 44.42607], [-100.08719, 44.42608], [-100.08317, 44.42607], [-100.07914, 44.42608], [-100.07512, 44.42607], [-100.0711, 44.42608], [-100.06706, 44.42608], [-100.06305, 44.42608], [-100.05893, 44.42608], [-100.05482, 44.42609], [-100.05078, 44.42607], [-100.04676, 44.42594], [-100.04294, 44.42503], [-100.0392, 44.42402], [-100.03545, 44.42297], [-100.0317, 44.42195], [-100.02795, 44.42091], [-100.02394, 44.41981], [-100.02042, 44.41886], [-100.01668, 44.41782], [-100.01274, 44.41673], [-100.00987, 44.41596], [-100.00613, 44.41494], [-100.00236, 44.41391], [-99.99863, 44.41288], [-99.99487, 44.41185], [-99.99121, 44.41084], [-99.98736, 44.40979], [-99.9836, 44.40876], [-99.97983, 44.40772], [-99.97611, 44.40669], [-99.97235, 44.40566], [-99.9686, 44.40463], [-99.96486, 44.4036], [-99.96109, 44.40256], [-99.95733, 44.40153], [-99.95361, 44.40049], [-99.94985, 44.39946], [-99.94609, 44.39843], [-99.94234, 44.39738], [-99.93859, 44.39636], [-99.93485, 44.39533], [-99.9311, 44.3943], [-99.92751, 44.39331], [-99.92359, 44.39222], [-99.91983, 44.39119], [-99.91608, 44.39016], [-99.91232, 44.38913], [-99.90859, 44.38809], [-99.90482, 44.38707], [-99.90107, 44.38603], [-99.89733, 44.38499], [-99.89358, 44.38395], [-99.88994, 44.38297], [-99.88653, 44.38187], [-99.88303, 44.38075], [-99.87955, 44.37964], [-99.87603, 44.37851], [-99.87257, 44.3774], [-99.86889, 44.37623], [-99.86521, 44.37505], [-99.86155, 44.37389], [-99.85788, 44.37271], [-99.85419, 44.37155], [-99.85054, 44.37037], [-99.84686, 44.3692], [-99.84322, 44.36804], [-99.83953, 44.36685], [-99.83586, 44.36569], [-99.8322, 44.36452], [-99.82853, 44.36335], [-99.82486, 44.36218], [-99.82118, 44.361], [-99.81734, 44.35978], [-99.81383, 44.35865], [-99.81015, 44.35748], [-99.80649, 44.35631], [-99.80282, 44.35513], [-99.79936, 44.35401], [-99.79586, 44.3529], [-99.79237, 44.35177], [-99.78887, 44.35065], [-99.78539, 44.34953], [-99.7819, 44.34842], [-99.77841, 44.3473], [-99.77493, 44.34619], [-99.77144, 44.34506], [-99.76776, 44.34389], [-99.76408, 44.34271], [-99.76036, 44.34168], [-99.75754, 44.3409], [-99.75396, 44.3399], [-99.74968, 44.33872], [-99.74512, 44.33746], [-99.74142, 44.33644], [-99.73767, 44.33555], [-99.73384, 44.33466], [-99.73004, 44.33376], [-99.72622, 44.33287], [-99.72243, 44.33197], [-99.71861, 44.33108], [-99.71534, 44.33031], [-99.71206, 44.32953], [-99.70896, 44.32881], [-99.70508, 44.32805], [-99.70251, 44.32765], [-99.6999, 44.32726], [-99.69616, 44.32662], [-99.69337, 44.32613], [-99.68981, 44.32564], [-99.68625, 44.32514], [-99.68233, 44.32458], [-99.67838, 44.32403], [-99.67444, 44.32347], [-99.67051, 44.32293], [-99.66656, 44.32237], [-99.66271, 44.32184], [-99.65903, 44.32064], [-99.65537, 44.31945], [-99.65171, 44.3183], [-99.64806, 44.31711], [-99.64441, 44.31593], [-99.64059, 44.3147], [-99.6371, 44.31358], [-99.63344, 44.31241], [-99.62977, 44.31122], [-99.6261, 44.31004], [-99.62267, 44.30891], [-99.61882, 44.30768], [-99.61513, 44.30649], [-99.61148, 44.30531], [-99.60784, 44.30414], [-99.60416, 44.30295], [-99.60086, 44.3019], [-99.59762, 44.30084], [-99.5945, 44.29901], [-99.59141, 44.29716], [-99.5894, 44.29508], [-99.58722, 44.29285], [-99.58526, 44.29082], [-99.58305, 44.28857], [-99.58088, 44.28633], [-99.5787, 44.28408], [-99.57651, 44.28184], [-99.57432, 44.2796], [-99.57214, 44.27736], [-99.56995, 44.2751], [-99.56777, 44.27286], [-99.56549, 44.2705], [-99.56319, 44.26813], [-99.56088, 44.26578], [-99.55879, 44.26363], [-99.55647, 44.26124], [-99.5542, 44.25892], [-99.55191, 44.25656], [-99.54963, 44.25419], [-99.54772, 44.25225], [-99.54546, 44.24992], [-99.54352, 44.2479], [-99.54122, 44.24554], [-99.53938, 44.24364], [-99.53655, 44.24071], [-99.53424, 44.23835], [-99.53217, 44.23622], [-99.53012, 44.23409], [-99.52778, 44.2317], [-99.52547, 44.22934], [-99.52321, 44.22697], [-99.5209, 44.22462], [-99.51863, 44.22224], [-99.51632, 44.21988], [-99.51402, 44.21753], [-99.51174, 44.21516], [-99.50945, 44.2128], [-99.50716, 44.21044], [-99.50487, 44.20808], [-99.50258, 44.20572], [-99.50028, 44.20336], [-99.49831, 44.20133], [-99.49602, 44.19898], [-99.49374, 44.19661], [-99.49144, 44.19426], [-99.48915, 44.19189], [-99.48687, 44.18953], [-99.48458, 44.18717], [-99.48229, 44.1848], [-99.47999, 44.18244], [-99.47771, 44.18008], [-99.47541, 44.17771], [-99.47322, 44.17546], [-99.47105, 44.17321], [-99.46899, 44.17107], [-99.46701, 44.16904], [-99.4647, 44.1667], [-99.46251, 44.16447], [-99.46039, 44.16235], [-99.45809, 44.16001], [-99.45575, 44.15767], [-99.45343, 44.15532], [-99.45111, 44.15297], [-99.4489, 44.15074], [-99.44655, 44.14835], [-99.44417, 44.14594], [-99.44183, 44.14359], [-99.43938, 44.1408], [-99.43806, 44.13806], [-99.43803, 44.13558], [-99.43799, 44.13329], [-99.43676, 44.13318], [-99.43595, 44.13283]]}, "properties": {"owner": "WAPA-- WESTERN AREA POWER ADMINISTRATION", "voltage_kv": 230.0}}, {"type": "Feature", "geometry": {"type": "LineString", "coordinates": [[-98.34138, 44.47072], [-98.34229, 44.47041], [-98.34249, 44.47042], [-98.34329, 44.47043], [-98.347, 44.47036], [-98.35122, 44.47027], [-98.35435, 44.47224], [-98.35713, 44.47399], [-98.36074, 44.47401], [-98.3642, 44.47403], [-98.36749, 44.47405], [-98.37193, 44.47407], [-98.3767, 44.4741], [-98.38072, 44.47411], [-98.38424, 44.47413], [-98.3874, 44.47414], [-98.38904, 44.47385], [-98.39071, 44.47354], [-98.39095, 44.47354], [-98.39144, 44.47354], [-98.39262, 44.47367]]}, "properties": {"owner": "NOT AVAILABLE", "voltage_kv": 230.0}}, {"type": "Feature", "geometry": {"type": "LineString", "coordinates": [[-100.22833, 45.00971], [-100.22893, 45.0101], [-100.22895, 45.01168], [-100.22892, 45.0147], [-100.22897, 45.01784], [-100.22895, 45.02032], [-100.22897, 45.02361], [-100.229, 45.02676], [-100.229, 45.02992], [-100.229, 45.03308], [-100.22904, 45.03622], [-100.22904, 45.03938], [-100.22905, 45.04253], [-100.22906, 45.04542], [-100.22907, 45.04815], [-100.22904, 45.05062], [-100.22903, 45.05309], [-100.22909, 45.05609], [-100.22905, 45.05882], [-100.22908, 45.06197], [-100.2291, 45.06512], [-100.22915, 45.06827], [-100.22912, 45.07144], [-100.22915, 45.07459], [-100.22918, 45.07774], [-100.22915, 45.08089], [-100.22915, 45.08359], [-100.22916, 45.08625], [-100.22918, 45.08858], [-100.22918, 45.09174], [-100.22919, 45.09435], [-100.22919, 45.09708], [-100.22917, 45.10022], [-100.22919, 45.10325], [-100.22921, 45.1064], [-100.22919, 45.10942], [-100.22917, 45.11256], [-100.2292, 45.1149], [-100.22923, 45.11724], [-100.22922, 45.11983], [-100.22924, 45.12245], [-100.22924, 45.1256], [-100.22926, 45.12819], [-100.22927, 45.13122], [-100.22925, 45.13369], [-100.22927, 45.13684], [-100.22927, 45.14], [-100.22928, 45.14314], [-100.22932, 45.14603], [-100.2293, 45.14891], [-100.22926, 45.15179], [-100.22932, 45.15467], [-100.22934, 45.15782], [-100.22935, 45.16092], [-100.22935, 45.164], [-100.22935, 45.16619], [-100.22937, 45.16851], [-100.22935, 45.17045], [-100.22935, 45.17318], [-100.22937, 45.17579], [-100.22938, 45.17839], [-100.22939, 45.18154], [-100.22939, 45.18443], [-100.22938, 45.1873], [-100.22939, 45.19059], [-100.22941, 45.19376], [-100.22942, 45.19663], [-100.22943, 45.19993], [-100.22945, 45.20199], [-100.22943, 45.20486], [-100.22945, 45.20804], [-100.22948, 45.21119], [-100.22946, 45.21406], [-100.22945, 45.21666], [-100.2295, 45.21981], [-100.22946, 45.22233], [-100.22846, 45.22521], [-100.22701, 45.22775], [-100.22645, 45.23143], [-100.22612, 45.23347], [-100.22678, 45.23672], [-100.22777, 45.23925], [-100.22866, 45.24162], [-100.22953, 45.24397], [-100.22952, 45.24685], [-100.22956, 45.25011], [-100.22958, 45.25231], [-100.22957, 45.25452], [-100.22959, 45.25714], [-100.22962, 45.26055], [-100.22961, 45.26371], [-100.22961, 45.26631], [-100.22961, 45.26918], [-100.22962, 45.27234], [-100.22963, 45.27533], [-100.22964, 45.27824], [-100.22964, 45.28139], [-100.22962, 45.2844], [-100.22962, 45.28743], [-100.22965, 45.29057], [-100.22967, 45.29318], [-100.22966, 45.29566], [-100.22965, 45.29838], [-100.22969, 45.30185], [-100.22969, 45.30375], [-100.22967, 45.30593], [-100.22971, 45.30896], [-100.22969, 45.31197], [-100.22969, 45.315], [-100.22973, 45.31733], [-100.22973, 45.3198], [-100.22971, 45.32226], [-100.22973, 45.32653], [-100.22973, 45.32816], [-100.22975, 45.3309], [-100.22976, 45.33365], [-100.22975, 45.3364], [-100.22977, 45.33942], [-100.22978, 45.342], [-100.22977, 45.34462], [-100.22978, 45.34764], [-100.22978, 45.35144], [-100.22981, 45.35559], [-100.22982, 45.35765], [-100.22985, 45.36052], [-100.22983, 45.36299], [-100.22981, 45.36615], [-100.22983, 45.36931], [-100.22987, 45.37233], [-100.22987, 45.37535], [-100.22987, 45.37808], [-100.22988, 45.38124], [-100.22989, 45.3844], [-100.22989, 45.38757], [-100.2299, 45.3907], [-100.22988, 45.39386], [-100.2299, 45.39702], [-100.22991, 45.39976], [-100.22993, 45.40251], [-100.22992, 45.4051], [-100.22992, 45.40741], [-100.22994, 45.41014], [-100.22995, 45.41239], [-100.22995, 45.41485], [-100.22996, 45.4165], [-100.22994, 45.41843], [-100.22996, 45.42116], [-100.22996, 45.42489], [-100.22997, 45.42747], [-100.22999, 45.43049], [-100.22999, 45.4335], [-100.22997, 45.43651], [-100.22999, 45.43967], [-100.23, 45.44283], [-100.23003, 45.44599], [-100.23, 45.44913], [-100.23001, 45.45229], [-100.23004, 45.45544], [-100.23004, 45.4586], [-100.23004, 45.46175], [-100.23005, 45.46449], [-100.23006, 45.46725], [-100.23006, 45.46996], [-100.23008, 45.47272], [-100.23009, 45.47546], [-100.23008, 45.47848], [-100.2301, 45.48154], [-100.2301, 45.48451], [-100.23009, 45.48752], [-100.23009, 45.49069], [-100.2301, 45.49388], [-100.23013, 45.49712], [-100.23012, 45.50037], [-100.23017, 45.50327], [-100.22987, 45.50522], [-100.22948, 45.50835], [-100.22909, 45.5115], [-100.22868, 45.51462], [-100.22829, 45.51778], [-100.22789, 45.52078], [-100.22759, 45.52338], [-100.22718, 45.52653], [-100.22679, 45.52966], [-100.22641, 45.5328], [-100.2262, 45.53427], [-100.22561, 45.53458]]}, "properties": {"owner": "MONTANA-DAKOTA UTILITIES CO.", "voltage_kv": 230.0}}, {"type": "Feature", "geometry": {"type": "LineString", "coordinates": [[-99.43595, 44.13283], [-99.43541, 44.13268], [-99.43388, 44.13271], [-99.43181, 44.13189], [-99.43064, 44.13145], [-99.42974, 44.13111], [-99.4286, 44.13009], [-99.42747, 44.12907], [-99.42505, 44.12663], [-99.42316, 44.12469], [-99.42066, 44.12217], [-99.41842, 44.1199], [-99.41653, 44.11798], [-99.4142, 44.11564], [-99.41183, 44.11325], [-99.40948, 44.11087], [-99.4071, 44.10845], [-99.40477, 44.10609], [-99.40247, 44.10376], [-99.40013, 44.10141], [-99.39781, 44.09905], [-99.39581, 44.09704], [-99.39328, 44.09448], [-99.39095, 44.09213], [-99.38887, 44.09], [-99.38676, 44.08788], [-99.38454, 44.08565], [-99.38218, 44.08324], [-99.37993, 44.08095], [-99.37761, 44.07861], [-99.37534, 44.07627], [-99.373, 44.07391], [-99.37078, 44.07168], [-99.36927, 44.0701], [-99.36695, 44.06777], [-99.36517, 44.06597], [-99.36333, 44.06407], [-99.36154, 44.06229], [-99.35968, 44.06038], [-99.35788, 44.0586], [-99.35548, 44.05614], [-99.35294, 44.05356], [-99.351, 44.0516], [-99.34863, 44.04921], [-99.34633, 44.04686], [-99.34402, 44.04452], [-99.3417, 44.04216], [-99.33938, 44.03981], [-99.33707, 44.03746], [-99.33475, 44.03511], [-99.33255, 44.03288], [-99.33023, 44.03053], [-99.32792, 44.02818], [-99.32561, 44.02583], [-99.32328, 44.02348], [-99.32097, 44.02113], [-99.31867, 44.01878], [-99.31635, 44.01644], [-99.31414, 44.0142], [-99.31184, 44.01185], [-99.3099, 44.00988], [-99.30806, 44.00801], [-99.30598, 44.00591], [-99.30412, 44.00401], [-99.30248, 44.00234], [-99.30037, 44.00023], [-99.29864, 43.99842], [-99.29635, 43.99608], [-99.29401, 43.99372], [-99.2917, 43.99137], [-99.28941, 43.98902], [-99.28708, 43.98668], [-99.28477, 43.98433], [-99.28249, 43.98197], [-99.28004, 43.97951], [-99.27774, 43.97716], [-99.27539, 43.97477], [-99.27397, 43.97256], [-99.27253, 43.97033], [-99.2711, 43.96808], [-99.26965, 43.96584], [-99.26821, 43.96361], [-99.26678, 43.96137], [-99.26509, 43.95875], [-99.26365, 43.95651], [-99.26222, 43.95428], [-99.26113, 43.95259], [-99.25929, 43.94971], [-99.25782, 43.94743], [-99.25623, 43.94495], [-99.25509, 43.9432], [-99.25374, 43.94109], [-99.25214, 43.9386], [-99.25046, 43.93599], [-99.24878, 43.93336], [-99.24729, 43.93102], [-99.2456, 43.92839], [-99.24416, 43.92615], [-99.24265, 43.92378], [-99.24104, 43.9213], [-99.23932, 43.91868], [-99.2376, 43.91594], [-99.236, 43.91346], [-99.23433, 43.91085], [-99.23281, 43.90847], [-99.23123, 43.906], [-99.2289, 43.90355], [-99.22659, 43.90114], [-99.22419, 43.89867], [-99.22194, 43.89629], [-99.21979, 43.89404], [-99.2176, 43.89178], [-99.21547, 43.88954], [-99.2132, 43.88716], [-99.21093, 43.8848], [-99.20866, 43.88243], [-99.20638, 43.88007], [-99.20413, 43.87768], [-99.20186, 43.87532], [-99.19958, 43.87295], [-99.19731, 43.87058], [-99.19506, 43.86821], [-99.19279, 43.86584], [-99.19051, 43.86348], [-99.18826, 43.86112], [-99.18599, 43.85873], [-99.18373, 43.85637], [-99.18145, 43.85401], [-99.17918, 43.85163], [-99.17692, 43.84926], [-99.17438, 43.84661], [-99.17238, 43.84452], [-99.17011, 43.84215], [-99.16785, 43.83978], [-99.16559, 43.83741], [-99.16331, 43.83504], [-99.16105, 43.83267], [-99.1589, 43.83041], [-99.15663, 43.82805], [-99.15438, 43.82567], [-99.1521, 43.82331], [-99.14982, 43.82094], [-99.14757, 43.81857], [-99.1453, 43.81619], [-99.14304, 43.81384], [-99.14078, 43.81146], [-99.13851, 43.80909], [-99.13623, 43.80672], [-99.13401, 43.80435], [-99.13184, 43.80209], [-99.1297, 43.79982], [-99.12729, 43.79735], [-99.12505, 43.79499], [-99.12279, 43.79261], [-99.12053, 43.79024], [-99.11827, 43.78787], [-99.11607, 43.78559], [-99.11398, 43.78318], [-99.11185, 43.78075], [-99.10972, 43.7783], [-99.10761, 43.77588], [-99.10547, 43.77343], [-99.10336, 43.77101], [-99.10121, 43.76857], [-99.09908, 43.76613], [-99.09696, 43.7637], [-99.09484, 43.76127], [-99.09269, 43.75881], [-99.0906, 43.7564], [-99.08877, 43.75433], [-99.08663, 43.75187], [-99.08451, 43.74945], [-99.08238, 43.74702], [-99.08025, 43.74459], [-99.07813, 43.74215], [-99.07609, 43.73983], [-99.07414, 43.73758], [-99.07212, 43.73527], [-99.06999, 43.73283], [-99.06796, 43.7305], [-99.06586, 43.72808], [-99.06371, 43.72565], [-99.06159, 43.72321], [-99.05949, 43.72078], [-99.05735, 43.71834], [-99.05512, 43.7158], [-99.05303, 43.71336], [-99.0509, 43.71092], [-99.04878, 43.70849], [-99.04665, 43.70606], [-99.04455, 43.70363], [-99.04242, 43.70118], [-99.04031, 43.69875], [-99.03819, 43.69633], [-99.03607, 43.69388], [-99.03395, 43.69145], [-99.03192, 43.68914], [-99.02985, 43.68677], [-99.02783, 43.68442], [-99.02576, 43.68207], [-99.02363, 43.67963], [-99.02151, 43.67719], [-99.0195, 43.67488], [-99.01728, 43.67234], [-99.01526, 43.67001], [-99.01323, 43.66769], [-99.01112, 43.66526], [-99.0091, 43.66294], [-99.00698, 43.66051], [-99.00496, 43.65818], [-99.00284, 43.65575], [-99.00072, 43.65332], [-98.99871, 43.651], [-98.99669, 43.64867], [-98.99467, 43.64636], [-98.99268, 43.64407], [-98.99065, 43.64174], [-98.98862, 43.63941], [-98.98661, 43.6371], [-98.9846, 43.63477], [-98.98258, 43.63245], [-98.98056, 43.63013], [-98.97855, 43.62782], [-98.97643, 43.62538], [-98.97431, 43.62295], [-98.97219, 43.62052], [-98.97008, 43.61807], [-98.96796, 43.61563], [-98.96584, 43.6132], [-98.96373, 43.61076], [-98.9616, 43.60833], [-98.9595, 43.60589], [-98.9574, 43.60346], [-98.95345, 43.59894], [-98.95134, 43.59651], [-98.94936, 43.59421], [-98.94735, 43.59189], [-98.94532, 43.58954], [-98.94332, 43.5872], [-98.94117, 43.58476], [-98.9391, 43.58239], [-98.937, 43.57995], [-98.93487, 43.57747], [-98.93275, 43.57504], [-98.93063, 43.5726], [-98.9285, 43.57017], [-98.9264, 43.56774], [-98.92428, 43.5653], [-98.92227, 43.56297], [-98.92025, 43.56066], [-98.91824, 43.55834], [-98.91621, 43.55602], [-98.9142, 43.5537], [-98.9122, 43.55137], [-98.9102, 43.54905], [-98.90816, 43.5467], [-98.90599, 43.54434], [-98.90379, 43.54194], [-98.90158, 43.53951], [-98.89937, 43.53712], [-98.8972, 43.53474], [-98.89499, 43.53234], [-98.89282, 43.52997], [-98.8906, 43.52756], [-98.8884, 43.52516], [-98.8863, 43.52287], [-98.88402, 43.52037], [-98.88191, 43.51808], [-98.87973, 43.51568], [-98.8775, 43.51327], [-98.8753, 43.51087], [-98.87311, 43.50848], [-98.8709, 43.50607], [-98.86872, 43.50369], [-98.86656, 43.50129], [-98.86439, 43.4989], [-98.86215, 43.4965], [-98.85996, 43.4941], [-98.85778, 43.49169], [-98.85558, 43.48929], [-98.85328, 43.48679], [-98.85109, 43.4844], [-98.8489, 43.482], [-98.84671, 43.4796], [-98.84452, 43.4772], [-98.84231, 43.4748], [-98.84012, 43.47241], [-98.83792, 43.47], [-98.83572, 43.4676], [-98.83353, 43.46521], [-98.83133, 43.4628], [-98.82916, 43.46042], [-98.82696, 43.45802], [-98.82478, 43.45563], [-98.82257, 43.45323], [-98.82038, 43.45084], [-98.8184, 43.44866], [-98.8161, 43.44614], [-98.81402, 43.44386], [-98.81204, 43.4417], [-98.81006, 43.43953], [-98.80798, 43.43725], [-98.80603, 43.43513], [-98.8038, 43.43268], [-98.80163, 43.43029], [-98.79938, 43.42785], [-98.79724, 43.42549], [-98.79505, 43.42309], [-98.79286, 43.42071], [-98.79069, 43.41831], [-98.78849, 43.41591], [-98.78618, 43.4134], [-98.784, 43.41101], [-98.78182, 43.40861], [-98.77966, 43.40621], [-98.77745, 43.40381], [-98.7754, 43.40154], [-98.77331, 43.39925], [-98.77112, 43.39685], [-98.76895, 43.39445], [-98.76676, 43.39206], [-98.76457, 43.38965], [-98.76237, 43.38726], [-98.7603, 43.38497], [-98.75821, 43.38268], [-98.75616, 43.38046], [-98.75463, 43.37786], [-98.75304, 43.37522], [-98.75147, 43.37257], [-98.74989, 43.36994], [-98.74832, 43.3673], [-98.74674, 43.36466], [-98.74516, 43.36202], [-98.74358, 43.35939], [-98.74201, 43.35673], [-98.74043, 43.3541], [-98.73884, 43.35145], [-98.73727, 43.34881], [-98.73569, 43.34617], [-98.73419, 43.34365], [-98.73267, 43.34113], [-98.73112, 43.3385], [-98.72955, 43.33586], [-98.72796, 43.33323], [-98.72644, 43.3307], [-98.7249, 43.32806], [-98.72331, 43.32541], [-98.72172, 43.32276], [-98.72016, 43.32015], [-98.71857, 43.31749], [-98.71708, 43.31498], [-98.71557, 43.31246], [-98.714, 43.30981], [-98.71242, 43.30717], [-98.71084, 43.30453], [-98.70928, 43.30189], [-98.70772, 43.29924], [-98.70628, 43.29685], [-98.70613, 43.29661], [-98.70456, 43.29396], [-98.703, 43.29133], [-98.70141, 43.2887], [-98.69984, 43.28604], [-98.69826, 43.2834], [-98.69677, 43.28088], [-98.69519, 43.27823], [-98.69371, 43.27572], [-98.69219, 43.2732], [-98.69071, 43.27069], [-98.6892, 43.26818], [-98.68733, 43.26564], [-98.68548, 43.26309], [-98.68352, 43.26044], [-98.68157, 43.25778], [-98.67973, 43.25523], [-98.67785, 43.25269], [-98.676, 43.25016], [-98.67414, 43.24762], [-98.67218, 43.24495], [-98.67034, 43.24241], [-98.66854, 43.23999], [-98.66671, 43.23747], [-98.66493, 43.23503], [-98.66298, 43.23237], [-98.66096, 43.2299], [-98.65915, 43.22765], [-98.65713, 43.22518], [-98.65512, 43.2227], [-98.6531, 43.22023], [-98.65109, 43.21775], [-98.64918, 43.21539], [-98.64716, 43.21292], [-98.64514, 43.21044], [-98.64327, 43.20812], [-98.64113, 43.20548], [-98.63912, 43.203], [-98.63709, 43.20053], [-98.63508, 43.19806], [-98.63308, 43.19557], [-98.63105, 43.19311], [-98.62906, 43.19064], [-98.62703, 43.18815], [-98.625, 43.18567], [-98.62301, 43.18319], [-98.62102, 43.18072], [-98.61912, 43.17837], [-98.61717, 43.17599], [-98.61528, 43.17363], [-98.61331, 43.17116], [-98.61145, 43.16891], [-98.60963, 43.16668], [-98.60773, 43.16431], [-98.60589, 43.16206], [-98.60417, 43.15993], [-98.60206, 43.15734], [-98.60017, 43.15498], [-98.59846, 43.15287], [-98.5966, 43.1503], [-98.59658, 43.14823], [-98.59782, 43.14636], [-98.59794, 43.14292], [-98.59618, 43.14021], [-98.59446, 43.13748], [-98.59218, 43.13611], [-98.58693, 43.13406], [-98.5842, 43.13298], [-98.58098, 43.13098], [-98.57867, 43.12845], [-98.57667, 43.12598], [-98.57466, 43.12349], [-98.57265, 43.12102], [-98.57064, 43.11853], [-98.56864, 43.11607], [-98.56575, 43.11288], [-98.56449, 43.11117], [-98.56262, 43.10863], [-98.56061, 43.10615], [-98.55861, 43.10368], [-98.5566, 43.1012], [-98.55461, 43.09871], [-98.55259, 43.09624], [-98.5505, 43.09365], [-98.54923, 43.09091], [-98.54796, 43.08817], [-98.54673, 43.08545], [-98.54538, 43.0826], [-98.5442, 43.08013], [-98.54267, 43.07676], [-98.54159, 43.07441], [-98.54039, 43.07182], [-98.54068, 43.07075], [-98.54075, 43.07049], [-98.5409, 43.06993], [-98.54327, 43.06755], [-98.54941, 43.06472], [-98.55408, 43.06255], [-98.5547, 43.06296]]}, "properties": {"owner": "WAPA-- WESTERN AREA POWER ADMINISTRATION", "voltage_kv": 230.0}}, {"type": "Feature", "geometry": {"type": "LineString", "coordinates": [[-99.43303, 44.1291], [-99.43335, 44.12979], [-99.43457, 44.13068], [-99.43463, 44.13191], [-99.43583, 44.13189], [-99.43595, 44.13283]]}, "properties": {"owner": "WAPA-- WESTERN AREA POWER ADMINISTRATION", "voltage_kv": 230.0}}, {"type": "Feature", "geometry": {"type": "LineString", "coordinates": [[-96.47822, 44.84991], [-96.4778, 44.85029], [-96.47778, 44.85063], [-96.47776, 44.85096], [-96.4756, 44.85098], [-96.47344, 44.851], [-96.47162, 44.85101], [-96.46949, 44.85104], [-96.46943, 44.85143], [-96.46928, 44.85245], [-96.46904, 44.85428], [-96.46872, 44.85621], [-96.46876, 44.85802], [-96.46877, 44.85979], [-96.46878, 44.86143], [-96.46881, 44.86311], [-96.4688, 44.86484], [-96.4688, 44.86669], [-96.46883, 44.86818], [-96.46886, 44.86996], [-96.46877, 44.87176], [-96.46873, 44.87339], [-96.46867, 44.87515], [-96.4686, 44.87694], [-96.46854, 44.87878], [-96.46848, 44.88045], [-96.46842, 44.88243], [-96.46833, 44.88449], [-96.46808, 44.88614], [-96.46781, 44.88803], [-96.46754, 44.88968], [-96.46742, 44.89047], [-96.46722, 44.89186], [-96.46695, 44.89363], [-96.46669, 44.8954], [-96.46635, 44.89724], [-96.4664, 44.89913], [-96.4664, 44.901], [-96.46639, 44.90293], [-96.46638, 44.90481], [-96.46636, 44.90651], [-96.46634, 44.9082], [-96.4663, 44.91006], [-96.46628, 44.91188], [-96.46627, 44.91376], [-96.46623, 44.91557], [-96.46622, 44.9174], [-96.46618, 44.91925], [-96.46617, 44.921], [-96.46615, 44.92275], [-96.46615, 44.92455], [-96.4661, 44.92645], [-96.46608, 44.92832], [-96.46605, 44.93012], [-96.46604, 44.93196], [-96.466, 44.93378], [-96.46599, 44.93556], [-96.46594, 44.93744], [-96.46592, 44.93934], [-96.46591, 44.94122], [-96.46587, 44.94309], [-96.46585, 44.94502], [-96.46583, 44.94693], [-96.46581, 44.94846], [-96.46582, 44.95002], [-96.46584, 44.95189], [-96.46586, 44.9538], [-96.46583, 44.95545], [-96.46586, 44.95717], [-96.46587, 44.95896], [-96.46588, 44.96075], [-96.4659, 44.96252], [-96.46593, 44.96421], [-96.46598, 44.9659], [-96.46605, 44.96759], [-96.46608, 44.96935], [-96.46615, 44.97128], [-96.46621, 44.97325], [-96.46601, 44.97477], [-96.46583, 44.97644], [-96.46566, 44.97797], [-96.46546, 44.9798], [-96.46527, 44.98157], [-96.46507, 44.98323], [-96.46485, 44.98517], [-96.46463, 44.98714], [-96.46438, 44.98906], [-96.4651, 44.99091], [-96.46572, 44.99262], [-96.46639, 44.99439], [-96.46638, 44.99606], [-96.46639, 44.99771], [-96.46643, 44.99955], [-96.46645, 45.00124], [-96.46648, 45.00313], [-96.46649, 45.00491], [-96.46651, 45.00679], [-96.46651, 45.00875], [-96.46653, 45.01074], [-96.46656, 45.01198], [-96.46657, 45.01372], [-96.46659, 45.01538], [-96.46659, 45.01716], [-96.46661, 45.01889], [-96.46664, 45.02057], [-96.46666, 45.02186], [-96.46667, 45.02349], [-96.46668, 45.02541], [-96.4667, 45.02732], [-96.46671, 45.02916], [-96.46673, 45.03115], [-96.46675, 45.03295], [-96.46676, 45.03493], [-96.46678, 45.03679], [-96.46679, 45.0387], [-96.46682, 45.04049], [-96.46683, 45.0425], [-96.46687, 45.0443], [-96.46687, 45.04622], [-96.46689, 45.04795], [-96.4669, 45.04983], [-96.4669, 45.05169], [-96.46691, 45.0536], [-96.46693, 45.05546], [-96.46695, 45.05737], [-96.46694, 45.05927], [-96.46696, 45.06125], [-96.46698, 45.06273], [-96.46697, 45.06463], [-96.46698, 45.0665], [-96.46701, 45.06828], [-96.46703, 45.07009], [-96.46704, 45.07199], [-96.46706, 45.07391], [-96.46708, 45.07586], [-96.46709, 45.07777], [-96.46711, 45.07898], [-96.46711, 45.08101], [-96.46713, 45.08276], [-96.46714, 45.08474], [-96.46718, 45.08702], [-96.4672, 45.08902], [-96.46723, 45.09148], [-96.46724, 45.09363], [-96.46725, 45.0957], [-96.46726, 45.09769], [-96.46729, 45.09966], [-96.46731, 45.10147], [-96.46733, 45.10348], [-96.46734, 45.10542], [-96.46735, 45.10711], [-96.46738, 45.10891], [-96.46739, 45.11085], [-96.4674, 45.11268], [-96.46742, 45.11469], [-96.46745, 45.11632], [-96.46746, 45.11819], [-96.46748, 45.1201], [-96.46749, 45.12199], [-96.46749, 45.12327], [-96.46749, 45.12495], [-96.4675, 45.12655], [-96.4675, 45.12836], [-96.46752, 45.13012], [-96.46752, 45.132], [-96.46753, 45.13387], [-96.46752, 45.13579], [-96.46753, 45.13766], [-96.46754, 45.13955], [-96.46755, 45.14146], [-96.46755, 45.14306], [-96.46755, 45.14492], [-96.46751, 45.14683], [-96.46825, 45.14826], [-96.46899, 45.14974], [-96.46974, 45.15129], [-96.46965, 45.1532], [-96.46959, 45.15505], [-96.46953, 45.1565], [-96.46946, 45.15834], [-96.46939, 45.16033], [-96.46932, 45.16237], [-96.46925, 45.16401], [-96.46918, 45.16588], [-96.46911, 45.16746], [-96.46907, 45.16942], [-96.46816, 45.17106], [-96.46724, 45.17277], [-96.46724, 45.17454], [-96.46719, 45.1762], [-96.46717, 45.17786], [-96.46715, 45.17971], [-96.46713, 45.18136], [-96.4671, 45.18311], [-96.46707, 45.18506], [-96.46703, 45.18702], [-96.46701, 45.1884], [-96.46697, 45.19041], [-96.46695, 45.19232], [-96.4669, 45.19427], [-96.46693, 45.19583], [-96.46693, 45.19712], [-96.46695, 45.19891], [-96.46696, 45.20073], [-96.46697, 45.2023], [-96.46697, 45.20452], [-96.467, 45.2067], [-96.46701, 45.20872], [-96.46699, 45.21055], [-96.46698, 45.21251], [-96.46698, 45.21438], [-96.46697, 45.21623], [-96.46697, 45.21775], [-96.46697, 45.21878], [-96.46697, 45.22014], [-96.46694, 45.22203], [-96.46914, 45.22442], [-96.46912, 45.22575], [-96.46911, 45.22773], [-96.46911, 45.22969], [-96.46909, 45.2313], [-96.4691, 45.23284], [-96.46909, 45.23489], [-96.46909, 45.23685], [-96.46908, 45.23861], [-96.46908, 45.24033], [-96.46909, 45.24212], [-96.46908, 45.24377], [-96.46908, 45.24562], [-96.46907, 45.24712], [-96.46908, 45.24913], [-96.46908, 45.25107], [-96.46907, 45.25293], [-96.46903, 45.25478], [-96.46903, 45.25647], [-96.46905, 45.25809], [-96.46907, 45.2598], [-96.46906, 45.2616], [-96.46906, 45.26331], [-96.46906, 45.26491], [-96.46907, 45.26687], [-96.46906, 45.26845], [-96.46906, 45.27004], [-96.46906, 45.272], [-96.47122, 45.27198], [-96.47296, 45.27197], [-96.4755, 45.27198], [-96.47792, 45.27197], [-96.48055, 45.27196], [-96.4833, 45.27194], [-96.48583, 45.27196], [-96.48857, 45.27195], [-96.48858, 45.27307], [-96.48858, 45.2744], [-96.48859, 45.27615], [-96.48858, 45.27781], [-96.48857, 45.2798], [-96.48857, 45.2802], [-96.48858, 45.28119], [-96.48857, 45.28264], [-96.48858, 45.28437], [-96.48858, 45.28594], [-96.48858, 45.2879], [-96.48859, 45.28968], [-96.48857, 45.29117], [-96.48955, 45.29163], [-96.49178, 45.29275], [-96.49399, 45.29385], [-96.4954, 45.29457], [-96.49763, 45.29568], [-96.49889, 45.29632], [-96.50115, 45.29744], [-96.50226, 45.29823], [-96.50393, 45.29936], [-96.50574, 45.30061], [-96.50751, 45.30181], [-96.50821, 45.30183], [-96.50844, 45.30197]]}, "properties": {"owner": "NOT AVAILABLE", "voltage_kv": 230.0}}, {"type": "Feature", "geometry": {"type": "LineString", "coordinates": [[-96.30519, 42.60029], [-96.30644, 42.59994], [-96.30796, 42.59999], [-96.31223, 42.60052], [-96.31599, 42.60149], [-96.31935, 42.60316], [-96.32274, 42.60485], [-96.3253, 42.60609], [-96.32853, 42.6077], [-96.3311, 42.60896], [-96.33315, 42.60987], [-96.33503, 42.61063], [-96.33717, 42.61133], [-96.33962, 42.61206], [-96.34362, 42.61344], [-96.34714, 42.61464], [-96.35082, 42.61607], [-96.35459, 42.6176], [-96.35655, 42.61858], [-96.35999, 42.62063], [-96.36311, 42.62256], [-96.36683, 42.62484], [-96.37021, 42.62698], [-96.37279, 42.62846], [-96.37586, 42.63061], [-96.37805, 42.63195], [-96.38159, 42.63393], [-96.38425, 42.63523], [-96.38742, 42.6368], [-96.39061, 42.63829], [-96.39405, 42.64006], [-96.3973, 42.64166], [-96.40055, 42.64326], [-96.40364, 42.64479], [-96.40674, 42.64632], [-96.40974, 42.6478], [-96.41306, 42.64943], [-96.41681, 42.65128], [-96.41988, 42.6528], [-96.42327, 42.65447], [-96.42668, 42.65614], [-96.43008, 42.6578], [-96.43402, 42.65865], [-96.43792, 42.65952], [-96.44184, 42.66036], [-96.44539, 42.66115], [-96.44933, 42.662], [-96.45321, 42.66284], [-96.45565, 42.66337], [-96.45928, 42.66417], [-96.4628, 42.66492], [-96.46564, 42.66553], [-96.46831, 42.6661], [-96.47064, 42.66657], [-96.47386, 42.66716], [-96.47747, 42.66783], [-96.48057, 42.66839], [-96.48405, 42.66904], [-96.48827, 42.66982], [-96.49183, 42.67049], [-96.49492, 42.67104], [-96.49902, 42.67169], [-96.503, 42.67318], [-96.50642, 42.6746], [-96.50971, 42.67585], [-96.51221, 42.67678], [-96.51587, 42.67815], [-96.51832, 42.67908], [-96.52166, 42.68032], [-96.52382, 42.68115], [-96.5267, 42.68224], [-96.53066, 42.68374], [-96.53398, 42.68498], [-96.53628, 42.68584], [-96.53871, 42.68676], [-96.54159, 42.68784], [-96.54351, 42.68857], [-96.54716, 42.68997], [-96.55002, 42.69106], [-96.5533, 42.69228], [-96.55649, 42.69346], [-96.55964, 42.69466], [-96.56296, 42.6959], [-96.56534, 42.6968], [-96.56725, 42.69752], [-96.57045, 42.69888], [-96.57344, 42.69985], [-96.57595, 42.7008], [-96.57886, 42.70188], [-96.58135, 42.70283], [-96.58402, 42.70383], [-96.58646, 42.70475], [-96.58968, 42.70596], [-96.59246, 42.70651], [-96.59603, 42.70723], [-96.6, 42.70801], [-96.60413, 42.70882], [-96.6086, 42.70972], [-96.6124, 42.71048], [-96.61633, 42.71127], [-96.62027, 42.71205], [-96.62407, 42.7128], [-96.6248, 42.71309], [-96.62507, 42.71322], [-96.62828, 42.71451], [-96.63216, 42.71607], [-96.63613, 42.71763], [-96.63919, 42.71943], [-96.64224, 42.72122], [-96.6453, 42.72301], [-96.64846, 42.72487], [-96.65154, 42.72664], [-96.65461, 42.72845], [-96.65769, 42.73026], [-96.66075, 42.73202], [-96.66381, 42.73381], [-96.66729, 42.73512], [-96.67079, 42.73643], [-96.67426, 42.73773], [-96.67777, 42.73903], [-96.68124, 42.74034], [-96.68474, 42.74163], [-96.68819, 42.74295], [-96.69166, 42.74424], [-96.69512, 42.74554], [-96.6986, 42.74682], [-96.70211, 42.74817], [-96.70558, 42.74946], [-96.70908, 42.75077], [-96.71252, 42.75206], [-96.71587, 42.75332], [-96.71919, 42.75457], [-96.72266, 42.75587], [-96.72615, 42.75717], [-96.72959, 42.75846], [-96.73308, 42.75976], [-96.73674, 42.76114], [-96.74038, 42.76249], [-96.74353, 42.76367], [-96.74704, 42.76497], [-96.75035, 42.76622], [-96.75368, 42.76746], [-96.757, 42.7687], [-96.76033, 42.76995], [-96.76364, 42.77119], [-96.76698, 42.77242], [-96.7703, 42.77366], [-96.77378, 42.77497], [-96.77728, 42.77628], [-96.78094, 42.77763], [-96.78496, 42.77913], [-96.78769, 42.78016], [-96.79114, 42.78144], [-96.79482, 42.78284], [-96.79849, 42.78418], [-96.80225, 42.78562], [-96.80545, 42.78678], [-96.80844, 42.78791], [-96.81144, 42.78903], [-96.81465, 42.79007], [-96.8179, 42.79112], [-96.82114, 42.79217], [-96.8244, 42.79322], [-96.82722, 42.79426], [-96.83092, 42.79563], [-96.83471, 42.79702], [-96.83824, 42.79833], [-96.84182, 42.79964], [-96.8457, 42.8011], [-96.84944, 42.80245], [-96.85333, 42.80388], [-96.8565, 42.80504], [-96.85985, 42.80628], [-96.86298, 42.80745], [-96.86649, 42.80873], [-96.86999, 42.81002], [-96.87349, 42.81131], [-96.877, 42.81259], [-96.88051, 42.81389], [-96.88396, 42.81521], [-96.88749, 42.81647], [-96.89097, 42.81775], [-96.89435, 42.81901], [-96.89784, 42.82029], [-96.90119, 42.82152], [-96.90434, 42.8227], [-96.90769, 42.82392], [-96.91103, 42.82514], [-96.91451, 42.82643], [-96.91803, 42.82772], [-96.92152, 42.829], [-96.92417, 42.82998], [-96.92501, 42.83028], [-96.92819, 42.83144], [-96.93155, 42.83267], [-96.93488, 42.8339], [-96.93836, 42.83519], [-96.94168, 42.83641], [-96.945, 42.83764], [-96.94835, 42.83886], [-96.95186, 42.84015], [-96.9538, 42.84087], [-96.95483, 42.84125], [-96.95836, 42.84255], [-96.96171, 42.84377], [-96.96503, 42.84497], [-96.96836, 42.84621], [-96.97171, 42.84744], [-96.97527, 42.84873], [-96.97896, 42.8501], [-96.9823, 42.85133], [-96.9852, 42.85239], [-96.9892, 42.85385], [-96.99286, 42.8552], [-96.99653, 42.85656], [-97.00021, 42.8579], [-97.00405, 42.85931], [-97.00757, 42.86059], [-97.01123, 42.86194], [-97.0149, 42.86328], [-97.01858, 42.86463], [-97.0223, 42.86598], [-97.02514, 42.86703], [-97.02892, 42.8684], [-97.0325, 42.86972], [-97.03608, 42.87103], [-97.03957, 42.87232], [-97.04311, 42.87362], [-97.04662, 42.8749], [-97.05012, 42.87618], [-97.05361, 42.87747], [-97.05713, 42.87874], [-97.06063, 42.88003], [-97.06428, 42.88136], [-97.0675, 42.88253], [-97.07083, 42.88377], [-97.07433, 42.88504], [-97.0779, 42.88633], [-97.08164, 42.88771], [-97.08505, 42.88885], [-97.0887, 42.89005], [-97.09234, 42.89128], [-97.09585, 42.89243], [-97.09942, 42.89361], [-97.10301, 42.8948], [-97.10658, 42.89599], [-97.11014, 42.89717], [-97.11372, 42.89836], [-97.11734, 42.89957], [-97.12091, 42.90076], [-97.12454, 42.90195], [-97.12785, 42.90306], [-97.12818, 42.90317], [-97.13157, 42.9043], [-97.1349, 42.90542], [-97.13847, 42.90659], [-97.14209, 42.9078], [-97.14582, 42.90903], [-97.1489, 42.91005], [-97.15248, 42.91125], [-97.15606, 42.91244], [-97.15979, 42.91367], [-97.16353, 42.91492], [-97.1671, 42.91609], [-97.17062, 42.91726], [-97.17393, 42.9183], [-97.17736, 42.9194], [-97.1808, 42.92048], [-97.18426, 42.92158], [-97.18769, 42.92268], [-97.19114, 42.92376], [-97.19456, 42.92484], [-97.19798, 42.92593], [-97.20141, 42.92702], [-97.20485, 42.92811], [-97.20845, 42.92926], [-97.21203, 42.93039], [-97.21558, 42.93152], [-97.21921, 42.93266], [-97.22279, 42.9338], [-97.22633, 42.93492], [-97.22972, 42.93599], [-97.23355, 42.93722], [-97.2375, 42.93846], [-97.24103, 42.93958], [-97.24479, 42.94076], [-97.24849, 42.94195], [-97.25216, 42.9431], [-97.25574, 42.94424], [-97.25934, 42.94536], [-97.26311, 42.94655], [-97.26689, 42.94774], [-97.27067, 42.94894], [-97.27423, 42.95008], [-97.27785, 42.95122], [-97.28128, 42.95231], [-97.28521, 42.95355], [-97.28876, 42.95465], [-97.2923, 42.95582], [-97.29926, 42.95809], [-97.30298, 42.95929], [-97.30655, 42.96044], [-97.31033, 42.96167], [-97.31408, 42.9629], [-97.3177, 42.96405], [-97.32112, 42.96517], [-97.32469, 42.96634], [-97.32825, 42.9675], [-97.33187, 42.96866], [-97.33544, 42.96983], [-97.33905, 42.97098], [-97.34139, 42.97175], [-97.34377, 42.9726], [-97.34745, 42.97391], [-97.35116, 42.97523], [-97.35484, 42.97654], [-97.35853, 42.97786], [-97.36237, 42.97921], [-97.36558, 42.98034], [-97.36912, 42.9816], [-97.37264, 42.98286], [-97.37621, 42.98412], [-97.37974, 42.98537], [-97.38327, 42.98661], [-97.38694, 42.98793], [-97.39064, 42.98925], [-97.39434, 42.99057], [-97.39788, 42.99182], [-97.4012, 42.993], [-97.40459, 42.9942], [-97.40795, 42.99539], [-97.41129, 42.99656], [-97.41466, 42.99777], [-97.41819, 42.99902], [-97.42174, 43.00027], [-97.4251, 43.00147], [-97.42875, 43.00276], [-97.43183, 43.00383], [-97.43521, 43.00501], [-97.43871, 43.00626], [-97.44209, 43.00746], [-97.44562, 43.00871], [-97.4488, 43.00985], [-97.45112, 43.01067], [-97.45427, 43.01266], [-97.45691, 43.01435], [-97.45943, 43.01594], [-97.46251, 43.01791], [-97.46634, 43.01926], [-97.46898, 43.01963], [-97.47208, 43.02006], [-97.4752, 43.02049], [-97.47814, 43.0209], [-97.48121, 43.02133], [-97.48456, 43.02251], [-97.48849, 43.0239], [-97.49218, 43.02521], [-97.49543, 43.02636], [-97.49877, 43.02754], [-97.50265, 43.0289], [-97.50652, 43.03026], [-97.51022, 43.03157], [-97.51395, 43.03289], [-97.51765, 43.03421], [-97.52136, 43.03551], [-97.52491, 43.03676], [-97.52844, 43.03801], [-97.53196, 43.03925], [-97.5356, 43.04054], [-97.53947, 43.04192], [-97.54257, 43.04302], [-97.54608, 43.04426], [-97.54963, 43.0455], [-97.55315, 43.04675], [-97.55655, 43.04794], [-97.56015, 43.04922], [-97.5638, 43.05051], [-97.56744, 43.0518], [-97.57106, 43.05306], [-97.5748, 43.05437], [-97.57635, 43.05436], [-97.57803, 43.05426], [-97.57857, 43.05491], [-97.57873, 43.0552]]}, "properties": {"owner": "NOT AVAILABLE", "voltage_kv": 230.0}}, {"type": "Feature", "geometry": {"type": "LineString", "coordinates": [[-100.39042, 44.44918], [-100.39027, 44.44832], [-100.38963, 44.44825], [-100.38925, 44.44845], [-100.38886, 44.44865], [-100.38809, 44.44905], [-100.38649, 44.4499], [-100.3866, 44.4504]]}, "properties": {"owner": "NORTHWESTERN ENERGY - (SD)", "voltage_kv": 230.0}}, {"type": "Feature", "geometry": {"type": "LineString", "coordinates": [[-100.39042, 44.44918], [-100.39008, 44.4489], [-100.38947, 44.44872], [-100.38886, 44.44865], [-100.38498, 44.44821], [-100.37776, 44.44796], [-100.37346, 44.44897], [-100.37319, 44.44918], [-100.37294, 44.44938], [-100.37144, 44.45234], [-100.36996, 44.45531], [-100.37, 44.45814], [-100.37004, 44.46099], [-100.37006, 44.46412], [-100.3701, 44.46727], [-100.37013, 44.47039], [-100.37018, 44.47355], [-100.37022, 44.47666], [-100.37024, 44.47982], [-100.37028, 44.48296], [-100.37037, 44.48611], [-100.37045, 44.48927], [-100.37054, 44.49242], [-100.37066, 44.49557], [-100.37072, 44.49868], [-100.37014, 44.50182], [-100.36966, 44.50496], [-100.36908, 44.50808], [-100.36851, 44.51122], [-100.36797, 44.51435], [-100.36743, 44.51748], [-100.36684, 44.52059], [-100.36629, 44.52374], [-100.36575, 44.52687], [-100.3652, 44.52999], [-100.36466, 44.53299], [-100.36415, 44.5361], [-100.36358, 44.53925], [-100.36307, 44.54222], [-100.36253, 44.54522], [-100.36197, 44.54823], [-100.36143, 44.55134], [-100.3609, 44.55447], [-100.36033, 44.55761], [-100.35978, 44.56073], [-100.35922, 44.56385], [-100.35867, 44.56698], [-100.35812, 44.57012], [-100.35756, 44.57324], [-100.357, 44.57637], [-100.35643, 44.57951], [-100.3559, 44.58263], [-100.35534, 44.58576], [-100.35478, 44.58891], [-100.35424, 44.59202], [-100.35368, 44.59515], [-100.35311, 44.59828], [-100.35253, 44.60142], [-100.35201, 44.60454], [-100.35148, 44.60766], [-100.35114, 44.60938], [-100.35081, 44.61117], [-100.34985, 44.61492], [-100.3494, 44.61674], [-100.3489, 44.61866], [-100.34844, 44.62049], [-100.34798, 44.62239], [-100.34749, 44.62434], [-100.34697, 44.62637], [-100.34647, 44.62833], [-100.34575, 44.63116], [-100.34499, 44.63426], [-100.34427, 44.6371], [-100.34376, 44.63908], [-100.34325, 44.64113], [-100.34276, 44.64302], [-100.34223, 44.64513], [-100.34178, 44.64697], [-100.34132, 44.64873], [-100.34094, 44.65026], [-100.34053, 44.65185], [-100.34009, 44.6536], [-100.33956, 44.65573], [-100.33909, 44.65754], [-100.3387, 44.65908], [-100.3382, 44.6611], [-100.33785, 44.66248], [-100.33742, 44.66421], [-100.33695, 44.66605], [-100.3365, 44.66778], [-100.33601, 44.66975], [-100.33551, 44.67168], [-100.33505, 44.67353], [-100.33457, 44.67542], [-100.33408, 44.67733], [-100.33361, 44.67922], [-100.33314, 44.68111], [-100.33266, 44.68297], [-100.33218, 44.68487], [-100.33173, 44.6867], [-100.33128, 44.68848], [-100.33076, 44.69049], [-100.33026, 44.69247], [-100.32977, 44.69449], [-100.32927, 44.69644], [-100.32874, 44.69851], [-100.32832, 44.70014], [-100.32785, 44.70204], [-100.3274, 44.70381], [-100.32694, 44.70562], [-100.32641, 44.70587]]}, "properties": {"owner": "WAPA-- WESTERN AREA POWER ADMINISTRATION", "voltage_kv": 230.0}}, {"type": "Feature", "geometry": {"type": "LineString", "coordinates": [[-96.44996, 43.37602], [-96.45038, 43.37638], [-96.45135, 43.37715], [-96.45438, 43.37958], [-96.45735, 43.38203], [-96.46032, 43.38448], [-96.46305, 43.38668], [-96.46576, 43.38887], [-96.46841, 43.391], [-96.47095, 43.39331], [-96.47344, 43.39558], [-96.47579, 43.3977], [-96.47816, 43.39985], [-96.48051, 43.40199], [-96.48322, 43.40446], [-96.48602, 43.40697], [-96.48881, 43.40948], [-96.49037, 43.41202], [-96.49199, 43.41461], [-96.49238, 43.4178], [-96.49276, 43.42101], [-96.49313, 43.42407], [-96.4935, 43.4271], [-96.49388, 43.43031], [-96.49428, 43.43354], [-96.49464, 43.4366], [-96.49502, 43.43965], [-96.49537, 43.44271], [-96.49576, 43.44579], [-96.49612, 43.44889], [-96.49651, 43.45198], [-96.49689, 43.45506], [-96.49725, 43.45812], [-96.49761, 43.46118], [-96.49764, 43.46396], [-96.49765, 43.46681], [-96.49766, 43.46961], [-96.49769, 43.47244], [-96.4977, 43.47519], [-96.49772, 43.478], [-96.49773, 43.48094], [-96.49775, 43.48406], [-96.49778, 43.48733], [-96.49779, 43.49062], [-96.49779, 43.49102], [-96.49781, 43.49323], [-96.49784, 43.49644], [-96.49785, 43.49968], [-96.49785, 43.50036], [-96.49787, 43.50288], [-96.49888, 43.50554], [-96.49989, 43.50824], [-96.50095, 43.51102], [-96.50203, 43.51387], [-96.5031, 43.51669], [-96.50419, 43.51956], [-96.50669, 43.52208], [-96.50935, 43.52476], [-96.51177, 43.5272], [-96.51441, 43.52988], [-96.51696, 43.53247], [-96.52032, 43.53463], [-96.52355, 43.53674], [-96.52679, 43.53883], [-96.53018, 43.54102], [-96.53346, 43.54315], [-96.5368, 43.54531], [-96.54016, 43.54748], [-96.54341, 43.54957], [-96.54678, 43.55176], [-96.55023, 43.55334], [-96.55076, 43.55359], [-96.55394, 43.55507], [-96.55655, 43.55627], [-96.5576, 43.55676], [-96.5614, 43.55852], [-96.56514, 43.56], [-96.5687, 43.56139], [-96.57225, 43.5628], [-96.57599, 43.56343], [-96.57972, 43.56407], [-96.58333, 43.56469], [-96.58698, 43.56533], [-96.5907, 43.56596], [-96.59406, 43.5683], [-96.59525, 43.57097], [-96.59631, 43.57361], [-96.59913, 43.57551], [-96.60191, 43.57741], [-96.60479, 43.57938], [-96.60746, 43.5812], [-96.61098, 43.58329], [-96.61395, 43.58504], [-96.61715, 43.58694], [-96.61782, 43.58733], [-96.62054, 43.58891], [-96.62387, 43.59091], [-96.62728, 43.59294], [-96.62999, 43.59455], [-96.63063, 43.59493], [-96.63131, 43.59567], [-96.63339, 43.59792], [-96.63377, 43.59805], [-96.63693, 43.59918], [-96.64139, 43.59983], [-96.64169, 43.59987], [-96.64588, 43.60036], [-96.64715, 43.60003], [-96.64757, 43.60004], [-96.64825, 43.60005], [-96.649, 43.59915]]}, "properties": {"owner": "NOT AVAILABLE", "voltage_kv": 230.0}}, {"type": "Feature", "geometry": {"type": "LineString", "coordinates": [[-96.50844, 45.30197], [-96.50918, 45.3017], [-96.50998, 45.30161], [-96.51246, 45.3014], [-96.51519, 45.30116], [-96.51672, 45.30188], [-96.51862, 45.30272], [-96.52026, 45.30346], [-96.52202, 45.30426], [-96.52417, 45.30525], [-96.52632, 45.30523], [-96.52904, 45.30523], [-96.53174, 45.30523], [-96.53447, 45.30523], [-96.53739, 45.30524], [-96.54026, 45.30526], [-96.5425, 45.30525], [-96.54542, 45.30526], [-96.54824, 45.30527], [-96.55083, 45.30527], [-96.55347, 45.30526], [-96.55584, 45.30528], [-96.55855, 45.30528], [-96.56087, 45.30528], [-96.56343, 45.30528], [-96.56579, 45.30528], [-96.56852, 45.30527], [-96.57126, 45.30529], [-96.57399, 45.30529], [-96.57666, 45.30529], [-96.57946, 45.3053], [-96.58224, 45.30529], [-96.58494, 45.30531], [-96.58773, 45.30531], [-96.59064, 45.30531], [-96.59329, 45.30531], [-96.59601, 45.30532], [-96.59835, 45.30531], [-96.60007, 45.3053], [-96.60164, 45.3053], [-96.60512, 45.30529], [-96.60659, 45.30528], [-96.60908, 45.30527], [-96.61181, 45.30527], [-96.61444, 45.30525], [-96.61727, 45.30524], [-96.61977, 45.30523], [-96.62203, 45.30523], [-96.62456, 45.30522], [-96.62737, 45.30522], [-96.63012, 45.30523], [-96.63297, 45.3052], [-96.63577, 45.30519], [-96.63898, 45.30517], [-96.64118, 45.30516], [-96.64352, 45.30595], [-96.64597, 45.30678], [-96.64843, 45.3076], [-96.65096, 45.30846], [-96.65357, 45.30933], [-96.65584, 45.31009], [-96.65812, 45.31086], [-96.66028, 45.31159], [-96.66276, 45.31241], [-96.66386, 45.31343], [-96.66494, 45.31442], [-96.66671, 45.316], [-96.66851, 45.31763], [-96.66944, 45.31885], [-96.67049, 45.32019], [-96.67179, 45.32185], [-96.67274, 45.32304], [-96.67394, 45.32454], [-96.67522, 45.32618], [-96.67617, 45.32741], [-96.67726, 45.3288], [-96.67838, 45.33025], [-96.6796, 45.33178], [-96.68063, 45.33313], [-96.68187, 45.33394], [-96.68355, 45.33507], [-96.68457, 45.33579], [-96.68652, 45.33711], [-96.68806, 45.33815], [-96.68803, 45.34004], [-96.68803, 45.34202], [-96.68803, 45.34366], [-96.68803, 45.34549], [-96.68801, 45.34741], [-96.68801, 45.34915], [-96.688, 45.35076], [-96.688, 45.35255], [-96.68799, 45.35437], [-96.68799, 45.35608], [-96.68798, 45.35802], [-96.68797, 45.3599], [-96.68796, 45.36173], [-96.68796, 45.36364], [-96.68795, 45.36554], [-96.68795, 45.36744], [-96.68795, 45.36941], [-96.68794, 45.37146], [-96.68794, 45.37319], [-96.68793, 45.37471], [-96.68792, 45.37649], [-96.68791, 45.37834], [-96.68791, 45.38031], [-96.68789, 45.38221], [-96.68789, 45.38382], [-96.6879, 45.38559], [-96.68788, 45.38746], [-96.68787, 45.38927], [-96.68786, 45.39119], [-96.68786, 45.39317], [-96.68786, 45.39509], [-96.68785, 45.39695], [-96.68784, 45.39861], [-96.6897, 45.39979], [-96.69182, 45.40115], [-96.6938, 45.40244], [-96.69581, 45.40374], [-96.69777, 45.40499], [-96.69951, 45.40613], [-96.70159, 45.40745], [-96.70355, 45.40872], [-96.70555, 45.41], [-96.70752, 45.41128], [-96.70956, 45.41258], [-96.71156, 45.41388], [-96.71361, 45.41521], [-96.71572, 45.41656], [-96.71784, 45.41793], [-96.71948, 45.41898], [-96.72152, 45.42029], [-96.72328, 45.42142], [-96.7254, 45.42279], [-96.7274, 45.42405], [-96.72911, 45.4254], [-96.73104, 45.4269], [-96.73281, 45.42826], [-96.73476, 45.42977], [-96.7367, 45.43127], [-96.73867, 45.43277], [-96.74012, 45.43389], [-96.74174, 45.43514], [-96.74364, 45.43661], [-96.74559, 45.43813], [-96.74728, 45.43943], [-96.74922, 45.44093], [-96.75111, 45.44239], [-96.7528, 45.44372], [-96.75462, 45.44508], [-96.75611, 45.44624], [-96.75745, 45.44729], [-96.75942, 45.4488], [-96.76124, 45.45019], [-96.76277, 45.45139], [-96.76458, 45.4528], [-96.76644, 45.45423], [-96.76831, 45.45566], [-96.76984, 45.45689], [-96.77176, 45.45821], [-96.77358, 45.45948], [-96.7755, 45.46081], [-96.77735, 45.46209], [-96.77929, 45.46343], [-96.78156, 45.46346], [-96.78439, 45.46346], [-96.78707, 45.46346], [-96.78994, 45.46345], [-96.79241, 45.46346], [-96.79534, 45.46345], [-96.79804, 45.46345], [-96.80072, 45.46344], [-96.80344, 45.46344], [-96.80609, 45.46344], [-96.80859, 45.46344], [-96.81089, 45.46344], [-96.81378, 45.46343], [-96.81632, 45.46343], [-96.81908, 45.46343], [-96.82114, 45.46343], [-96.82379, 45.46342], [-96.82648, 45.46342], [-96.82911, 45.4634], [-96.83156, 45.46338], [-96.83422, 45.46336], [-96.83684, 45.46336], [-96.83952, 45.46335], [-96.84166, 45.46334], [-96.84428, 45.46333], [-96.8469, 45.46332], [-96.8495, 45.4633], [-96.85209, 45.4633], [-96.85212, 45.465], [-96.85212, 45.4668], [-96.85209, 45.46865], [-96.85211, 45.47056], [-96.85209, 45.47199], [-96.85208, 45.4725], [-96.85208, 45.47402], [-96.85207, 45.47575], [-96.85207, 45.47774], [-96.85206, 45.47957], [-96.85205, 45.48141], [-96.85204, 45.48326], [-96.85203, 45.48509], [-96.85202, 45.48694], [-96.85198, 45.489], [-96.85195, 45.4914], [-96.85193, 45.49436], [-96.8519, 45.49619], [-96.85187, 45.49763], [-96.85186, 45.49951], [-96.85185, 45.50126], [-96.85184, 45.50302], [-96.85184, 45.50479], [-96.85183, 45.50659], [-96.85183, 45.5084], [-96.85183, 45.51022], [-96.85183, 45.51207], [-96.85182, 45.514], [-96.8518, 45.51586], [-96.85181, 45.51772], [-96.8518, 45.51944], [-96.8518, 45.52113], [-96.85179, 45.52303], [-96.85179, 45.52483], [-96.85178, 45.52668], [-96.85178, 45.52852], [-96.85178, 45.53015], [-96.8518, 45.53204], [-96.85182, 45.53392], [-96.85183, 45.53582], [-96.85184, 45.53768], [-96.85186, 45.5394], [-96.85188, 45.54128], [-96.85187, 45.54305], [-96.85189, 45.54494], [-96.85191, 45.5468], [-96.85192, 45.54877], [-96.85193, 45.55065], [-96.85193, 45.55249], [-96.85195, 45.55438], [-96.85197, 45.55627], [-96.85198, 45.55814], [-96.85197, 45.56008], [-96.85195, 45.562], [-96.85192, 45.56388], [-96.85191, 45.56578], [-96.85189, 45.56764], [-96.85187, 45.56956], [-96.85184, 45.57149], [-96.85182, 45.57326], [-96.8518, 45.5751], [-96.85178, 45.577], [-96.85176, 45.57884], [-96.85175, 45.58082], [-96.85173, 45.5827], [-96.8517, 45.58467], [-96.85363, 45.58835], [-96.85433, 45.58972], [-96.85518, 45.59137], [-96.85608, 45.5931], [-96.85698, 45.59489], [-96.85837, 45.59593], [-96.85991, 45.59717], [-96.8612, 45.59819], [-96.8631, 45.59967], [-96.86488, 45.60106], [-96.86482, 45.60295], [-96.86477, 45.60487], [-96.86472, 45.60676], [-96.86466, 45.6086], [-96.86459, 45.61044], [-96.86455, 45.612], [-96.86449, 45.61393], [-96.86442, 45.61585], [-96.86437, 45.61777], [-96.86433, 45.61941], [-96.86427, 45.62118], [-96.86421, 45.62311], [-96.86416, 45.62496], [-96.86412, 45.62668], [-96.86405, 45.62849], [-96.864, 45.63032], [-96.86398, 45.63206], [-96.86397, 45.63384], [-96.86396, 45.63565], [-96.86393, 45.63748], [-96.86393, 45.63931], [-96.8639, 45.64112], [-96.86389, 45.64295], [-96.86387, 45.64475], [-96.86388, 45.64544], [-96.86369, 45.64561]]}, "properties": {"owner": "OTTER TAIL POWER CO", "voltage_kv": 230.0}}, {"type": "Feature", "geometry": {"type": "LineString", "coordinates": [[-100.39042, 44.44918], [-100.39037, 44.44804], [-100.38977, 44.44787], [-100.38527, 44.44724], [-100.37829, 44.44578], [-100.37433, 44.44503], [-100.36973, 44.44512], [-100.36725, 44.44518], [-100.36709, 44.44519], [-100.36648, 44.4452], [-100.36234, 44.4452], [-100.35812, 44.44519], [-100.35389, 44.4452], [-100.34968, 44.44517], [-100.34544, 44.44517], [-100.34119, 44.44517], [-100.33696, 44.44516], [-100.33263, 44.4443], [-100.32827, 44.44344], [-100.32406, 44.44261], [-100.32, 44.44181], [-100.31613, 44.44104], [-100.31227, 44.44027], [-100.30837, 44.43951], [-100.3045, 44.43875], [-100.30063, 44.43798], [-100.29675, 44.43722], [-100.29288, 44.43645], [-100.28906, 44.43568], [-100.28516, 44.43492], [-100.28126, 44.43414], [-100.27739, 44.43338], [-100.27352, 44.43261], [-100.26947, 44.4318], [-100.2654, 44.431], [-100.26151, 44.43023], [-100.25765, 44.42947], [-100.25397, 44.42875], [-100.25008, 44.42797], [-100.24658, 44.42728], [-100.24279, 44.42652], [-100.2389, 44.42592], [-100.23493, 44.42591], [-100.23091, 44.42592], [-100.22691, 44.42594], [-100.2229, 44.42594], [-100.21889, 44.42593], [-100.21487, 44.42594], [-100.21085, 44.42595], [-100.20683, 44.42595], [-100.2028, 44.42595], [-100.19878, 44.42596], [-100.19477, 44.42597], [-100.19074, 44.42596], [-100.18675, 44.42597], [-100.18271, 44.42598], [-100.1787, 44.42597], [-100.17466, 44.42598], [-100.17064, 44.42599], [-100.16663, 44.42599], [-100.16262, 44.426], [-100.15858, 44.42599], [-100.15455, 44.426], [-100.15055, 44.426], [-100.14654, 44.426], [-100.14253, 44.42601], [-100.1385, 44.42601], [-100.13445, 44.42601], [-100.13041, 44.42601], [-100.12643, 44.42603], [-100.12242, 44.42602], [-100.11859, 44.42602], [-100.11478, 44.42603], [-100.11093, 44.42603], [-100.10713, 44.42603], [-100.10329, 44.42603], [-100.09926, 44.42603], [-100.09524, 44.42603], [-100.09122, 44.42603], [-100.08719, 44.42604], [-100.08317, 44.42603], [-100.07914, 44.42605], [-100.07512, 44.42603], [-100.0711, 44.42604], [-100.06706, 44.42604], [-100.06305, 44.42604], [-100.05893, 44.42604], [-100.05482, 44.42605], [-100.05078, 44.42604], [-100.04677, 44.4259], [-100.04296, 44.42499], [-100.03922, 44.42398], [-100.03547, 44.42294], [-100.03172, 44.42191], [-100.02797, 44.42087], [-100.02396, 44.41977], [-100.02043, 44.41882], [-100.0167, 44.41779], [-100.01276, 44.4167], [-100.00989, 44.41593], [-100.00615, 44.4149], [-100.00238, 44.41387], [-99.99864, 44.41284], [-99.99489, 44.41181], [-99.99123, 44.41081], [-99.98738, 44.40975], [-99.98362, 44.40872], [-99.97985, 44.40768], [-99.97613, 44.40666], [-99.97237, 44.40562], [-99.96862, 44.40459], [-99.96487, 44.40356], [-99.96111, 44.40253], [-99.95735, 44.4015], [-99.95363, 44.40045], [-99.94987, 44.39942], [-99.94611, 44.39839], [-99.94235, 44.39734], [-99.93861, 44.39632], [-99.93487, 44.39529], [-99.93112, 44.39426], [-99.92753, 44.39327], [-99.92361, 44.39219], [-99.91985, 44.39116], [-99.9161, 44.39013], [-99.91234, 44.38909], [-99.90861, 44.38805], [-99.90484, 44.38703], [-99.90109, 44.38599], [-99.89735, 44.38496], [-99.8936, 44.38391], [-99.88996, 44.38293], [-99.88655, 44.38183], [-99.88305, 44.38071], [-99.87958, 44.37961], [-99.87605, 44.37848], [-99.87259, 44.37736], [-99.86891, 44.3762], [-99.86523, 44.37502], [-99.86158, 44.37385], [-99.8579, 44.37268], [-99.85421, 44.37151], [-99.85056, 44.37034], [-99.84689, 44.36917], [-99.84324, 44.368], [-99.83955, 44.36682], [-99.83588, 44.36565], [-99.83222, 44.36448], [-99.82855, 44.36331], [-99.82488, 44.36214], [-99.8212, 44.36097], [-99.81736, 44.35975], [-99.81385, 44.35861], [-99.81018, 44.35745], [-99.80651, 44.35628], [-99.80284, 44.3551], [-99.79938, 44.35398], [-99.79588, 44.35287], [-99.7924, 44.35174], [-99.7889, 44.35062], [-99.78541, 44.3495], [-99.78192, 44.34838], [-99.77843, 44.34727], [-99.77495, 44.34616], [-99.77146, 44.34503], [-99.76778, 44.34386], [-99.7641, 44.34267], [-99.76038, 44.34164], [-99.75756, 44.34086], [-99.75398, 44.33987], [-99.7497, 44.33869], [-99.74514, 44.33742], [-99.74144, 44.3364], [-99.73769, 44.33552], [-99.73386, 44.33462], [-99.73005, 44.33372], [-99.72623, 44.33283], [-99.72244, 44.33193], [-99.71863, 44.33104], [-99.71536, 44.33027], [-99.71208, 44.3295], [-99.70897, 44.32877], [-99.70509, 44.32802], [-99.70252, 44.32762], [-99.69991, 44.32722], [-99.69618, 44.32658], [-99.69338, 44.32609], [-99.68982, 44.3256], [-99.68626, 44.3251], [-99.68234, 44.32455], [-99.67839, 44.32399], [-99.67445, 44.32344], [-99.67052, 44.32289], [-99.66657, 44.32233], [-99.66273, 44.3218], [-99.65905, 44.32061], [-99.6554, 44.31942], [-99.65173, 44.31826], [-99.64808, 44.31707], [-99.64443, 44.3159], [-99.64061, 44.31466], [-99.63713, 44.31355], [-99.63346, 44.31237], [-99.62979, 44.31119], [-99.62612, 44.31], [-99.6227, 44.30888], [-99.61884, 44.30764], [-99.61515, 44.30645], [-99.6115, 44.30527], [-99.60787, 44.3041], [-99.60418, 44.30292], [-99.60088, 44.30186], [-99.59764, 44.3008], [-99.59453, 44.29898], [-99.59145, 44.29714], [-99.58945, 44.29506], [-99.58726, 44.29282], [-99.5853, 44.2908], [-99.5831, 44.28855], [-99.58093, 44.28631], [-99.57875, 44.28406], [-99.57656, 44.28182], [-99.57437, 44.27957], [-99.57219, 44.27734], [-99.57, 44.27508], [-99.56782, 44.27283], [-99.56554, 44.27048], [-99.56323, 44.26811], [-99.56092, 44.26576], [-99.55884, 44.26361], [-99.55651, 44.26122], [-99.55425, 44.2589], [-99.55196, 44.25653], [-99.54967, 44.25417], [-99.54776, 44.25223], [-99.54551, 44.2499], [-99.54356, 44.24788], [-99.54126, 44.24551], [-99.53943, 44.24361], [-99.53659, 44.24069], [-99.53429, 44.23833], [-99.53221, 44.2362], [-99.53016, 44.23407], [-99.52783, 44.23168], [-99.52552, 44.22932], [-99.52325, 44.22695], [-99.52094, 44.22459], [-99.51867, 44.22222], [-99.51637, 44.21985], [-99.51407, 44.21751], [-99.51178, 44.21514], [-99.5095, 44.21278], [-99.5072, 44.21042], [-99.50492, 44.20806], [-99.50262, 44.2057], [-99.50033, 44.20334], [-99.49836, 44.20131], [-99.49606, 44.19896], [-99.49378, 44.19659], [-99.49149, 44.19423], [-99.48919, 44.19187], [-99.48691, 44.18951], [-99.48463, 44.18715], [-99.48233, 44.18478], [-99.48003, 44.18242], [-99.47775, 44.18005], [-99.47545, 44.17769], [-99.47326, 44.17543], [-99.47109, 44.17319], [-99.46903, 44.17105], [-99.46705, 44.16902], [-99.46474, 44.16668], [-99.46256, 44.16445], [-99.46043, 44.16233], [-99.45813, 44.15999], [-99.45579, 44.15764], [-99.45347, 44.1553], [-99.45116, 44.15295], [-99.44895, 44.15071], [-99.44659, 44.14833], [-99.44421, 44.14592], [-99.44188, 44.14357], [-99.43942, 44.14079], [-99.43812, 44.13805], [-99.43808, 44.13558], [-99.43823, 44.13304], [-99.43671, 44.13297], [-99.43595, 44.13283]]}, "properties": {"owner": "WAPA-- WESTERN AREA POWER ADMINISTRATION", "voltage_kv": 230.0}}, {"type": "Feature", "geometry": {"type": "LineString", "coordinates": [[-97.57873, 43.0552], [-97.57959, 43.0545], [-97.58132, 43.05439], [-97.58136, 43.05654], [-97.58137, 43.05674], [-97.58526, 43.05752], [-97.58927, 43.0576], [-97.59322, 43.05767], [-97.59722, 43.05775], [-97.60125, 43.05782], [-97.60529, 43.05788], [-97.60931, 43.05796], [-97.61324, 43.05804], [-97.61723, 43.05811], [-97.62115, 43.05819], [-97.62481, 43.05825], [-97.62819, 43.0583], [-97.63211, 43.05837], [-97.63604, 43.05845], [-97.63996, 43.05853], [-97.64341, 43.05859], [-97.64726, 43.05859], [-97.6511, 43.05858], [-97.65513, 43.05859], [-97.65868, 43.05858], [-97.66261, 43.05858], [-97.66636, 43.05858], [-97.67009, 43.05857], [-97.67384, 43.05857], [-97.67756, 43.05857], [-97.6813, 43.05856], [-97.68506, 43.05856], [-97.6888, 43.05856], [-97.6925, 43.05855], [-97.69621, 43.05856], [-97.70003, 43.05855], [-97.70378, 43.05855], [-97.70749, 43.05854], [-97.71148, 43.05854], [-97.71539, 43.05853], [-97.71939, 43.05853], [-97.72322, 43.05853], [-97.72714, 43.05852], [-97.73091, 43.05851], [-97.73501, 43.05851], [-97.73894, 43.05851], [-97.74305, 43.05851], [-97.74677, 43.05849], [-97.75073, 43.05849], [-97.75464, 43.0585], [-97.75859, 43.05848], [-97.76251, 43.05848], [-97.76644, 43.05847], [-97.77038, 43.05847], [-97.77429, 43.05847], [-97.77823, 43.05846], [-97.78234, 43.05846], [-97.78644, 43.05845], [-97.79037, 43.05845], [-97.79411, 43.05845], [-97.79824, 43.05843], [-97.80215, 43.05842], [-97.80607, 43.05842], [-97.80984, 43.05837], [-97.81357, 43.0583], [-97.81732, 43.05824], [-97.82126, 43.05818], [-97.82519, 43.05812], [-97.82911, 43.05806], [-97.83304, 43.058], [-97.83698, 43.05794], [-97.84091, 43.05787], [-97.84483, 43.05781], [-97.84876, 43.05774], [-97.85268, 43.05768], [-97.85657, 43.05762], [-97.86036, 43.05763], [-97.86411, 43.05764], [-97.86801, 43.05765], [-97.87195, 43.05765], [-97.87568, 43.05766], [-97.87943, 43.05767], [-97.88336, 43.05768], [-97.8871, 43.05768], [-97.89083, 43.0577], [-97.89478, 43.0577], [-97.89865, 43.0577], [-97.90261, 43.05771], [-97.90659, 43.05772], [-97.91049, 43.05773], [-97.91446, 43.05773], [-97.91839, 43.05774], [-97.92229, 43.05775], [-97.92619, 43.05775], [-97.93036, 43.05776], [-97.93465, 43.05777], [-97.93851, 43.05777], [-97.94224, 43.05778], [-97.94601, 43.05779], [-97.94937, 43.0578], [-97.95423, 43.0578], [-97.95761, 43.0578], [-97.96133, 43.05782], [-97.96494, 43.05782], [-97.96883, 43.05783], [-97.97295, 43.05783], [-97.97667, 43.05784], [-97.98036, 43.05783], [-97.98422, 43.05784], [-97.98824, 43.05785], [-97.9917, 43.05785], [-97.99579, 43.05786], [-97.9997, 43.05786], [-98.00367, 43.05786], [-98.00757, 43.05787], [-98.01149, 43.05787], [-98.01542, 43.05787], [-98.01935, 43.05787], [-98.02326, 43.05788], [-98.02722, 43.05788], [-98.03115, 43.05788], [-98.03507, 43.05789], [-98.03901, 43.05789], [-98.04294, 43.05789], [-98.04683, 43.05789], [-98.0504, 43.05789], [-98.05451, 43.05789], [-98.05826, 43.0579], [-98.06237, 43.0579], [-98.0661, 43.0579], [-98.07041, 43.0579], [-98.07436, 43.0579], [-98.07809, 43.0579], [-98.08163, 43.0579], [-98.08631, 43.0579], [-98.09005, 43.0579], [-98.09398, 43.0579], [-98.09806, 43.0579], [-98.10183, 43.05791], [-98.10597, 43.05791], [-98.10944, 43.0579], [-98.11317, 43.05791], [-98.11698, 43.05791], [-98.12075, 43.05791], [-98.12449, 43.0579], [-98.12856, 43.05791], [-98.13232, 43.05791], [-98.13625, 43.0579], [-98.14019, 43.05791], [-98.14412, 43.05791], [-98.14804, 43.0579], [-98.15216, 43.0579], [-98.15609, 43.0579], [-98.16003, 43.0579], [-98.16395, 43.0579], [-98.16789, 43.0579], [-98.17183, 43.05789], [-98.17594, 43.05788], [-98.17986, 43.05788], [-98.18322, 43.05788], [-98.18761, 43.05788], [-98.19185, 43.05788], [-98.19588, 43.05787], [-98.1997, 43.05787], [-98.20364, 43.05787], [-98.2076, 43.05786], [-98.21147, 43.05785], [-98.21539, 43.05785], [-98.21971, 43.05784], [-98.22325, 43.05784], [-98.227, 43.05784], [-98.23073, 43.05783], [-98.23447, 43.05783], [-98.23834, 43.05782], [-98.24229, 43.05735], [-98.24619, 43.0569], [-98.25003, 43.05644], [-98.25408, 43.05596], [-98.25812, 43.05549], [-98.26241, 43.05498], [-98.26649, 43.05449], [-98.27041, 43.05402], [-98.27442, 43.05356], [-98.27849, 43.05309], [-98.28258, 43.05259], [-98.28665, 43.05211], [-98.29056, 43.05181], [-98.29444, 43.05165], [-98.2983, 43.0515], [-98.30227, 43.05133], [-98.30538, 43.05181], [-98.30848, 43.05228], [-98.31125, 43.05271], [-98.3138, 43.05311], [-98.31761, 43.05384], [-98.32139, 43.05458], [-98.32514, 43.05544], [-98.32838, 43.05621], [-98.32887, 43.05633], [-98.33263, 43.05722], [-98.33636, 43.05809], [-98.34017, 43.05883], [-98.3443, 43.05882], [-98.34841, 43.0588], [-98.35255, 43.05879], [-98.35645, 43.05878], [-98.36037, 43.05877], [-98.36431, 43.05876], [-98.36824, 43.05874], [-98.37216, 43.05873], [-98.37609, 43.05872], [-98.38, 43.05871], [-98.38392, 43.05869], [-98.38787, 43.05868], [-98.39159, 43.05866], [-98.39535, 43.05865], [-98.39908, 43.05864], [-98.40284, 43.05863], [-98.40676, 43.05861], [-98.4107, 43.05859], [-98.41463, 43.05858], [-98.41855, 43.05858], [-98.42247, 43.05856], [-98.4264, 43.05854], [-98.43036, 43.05852], [-98.43427, 43.05851], [-98.4382, 43.0585], [-98.4419, 43.05849], [-98.44602, 43.05846], [-98.45018, 43.05845], [-98.45408, 43.05844], [-98.45836, 43.05843], [-98.46243, 43.0584], [-98.46583, 43.0584], [-98.47057, 43.05837], [-98.47307, 43.05836], [-98.47386, 43.05836], [-98.47682, 43.05835], [-98.48075, 43.05834], [-98.48506, 43.05831], [-98.48918, 43.0583], [-98.49407, 43.05828], [-98.498, 43.05824], [-98.50191, 43.05818], [-98.50658, 43.05811], [-98.51011, 43.05807], [-98.51514, 43.058], [-98.51834, 43.05795], [-98.52336, 43.05788], [-98.52581, 43.05785], [-98.53027, 43.05779], [-98.53456, 43.05771], [-98.53696, 43.05868], [-98.53886, 43.06002], [-98.53989, 43.06189], [-98.54102, 43.06265], [-98.54878, 43.06362], [-98.55398, 43.06227], [-98.5547, 43.06296]]}, "properties": {"owner": "NORTHWESTERN ENERGY - (SD)", "voltage_kv": 230.0}}, {"type": "Feature", "geometry": {"type": "LineString", "coordinates": [[-96.53435, 44.39509], [-96.53474, 44.39377], [-96.53522, 44.39224], [-96.53564, 44.39087], [-96.53721, 44.39055], [-96.5372, 44.38977], [-96.5372, 44.38864], [-96.53724, 44.38705], [-96.53685, 44.38674]]}, "properties": {"owner": "NOT AVAILABLE", "voltage_kv": 345.0}}, {"type": "Feature", "geometry": {"type": "LineString", "coordinates": [[-97.92432, 44.6006], [-97.92497, 44.60005], [-97.92698, 44.59952], [-97.93187, 44.59857], [-97.93671, 44.59761], [-97.94151, 44.59667], [-97.9468, 44.59561], [-97.95167, 44.59466], [-97.95657, 44.59369], [-97.96099, 44.59282], [-97.96605, 44.59182], [-97.97008, 44.59088], [-97.97412, 44.58992], [-97.97813, 44.58897], [-97.98232, 44.58781], [-97.98653, 44.58664], [-97.99112, 44.58517], [-97.9957, 44.58368], [-98.00028, 44.58221], [-98.00488, 44.58074], [-98.00947, 44.57925], [-98.01405, 44.57778], [-98.01863, 44.5763], [-98.02301, 44.5749], [-98.02738, 44.57348], [-98.03187, 44.57199], [-98.03598, 44.57061], [-98.04012, 44.56924], [-98.04426, 44.56786], [-98.04838, 44.56648], [-98.05297, 44.56488], [-98.05751, 44.56328], [-98.06193, 44.56173], [-98.06646, 44.56014], [-98.07104, 44.55854], [-98.07559, 44.55694], [-98.08014, 44.55535], [-98.08471, 44.55373], [-98.08899, 44.55223], [-98.09133, 44.55143], [-98.09357, 44.55064], [-98.09816, 44.54905], [-98.10267, 44.54746], [-98.10721, 44.54608], [-98.11145, 44.54479], [-98.11567, 44.54351], [-98.11991, 44.54222], [-98.12412, 44.54092], [-98.12853, 44.53959], [-98.13295, 44.53825], [-98.13737, 44.53691], [-98.14159, 44.53562], [-98.14601, 44.53428], [-98.1506, 44.53288], [-98.15518, 44.53149], [-98.16013, 44.52997], [-98.16366, 44.52891], [-98.16788, 44.52762], [-98.17214, 44.52633], [-98.17636, 44.52503], [-98.1806, 44.52375], [-98.185, 44.52241], [-98.18922, 44.52111], [-98.19331, 44.51989], [-98.19773, 44.51854], [-98.20221, 44.51716], [-98.20666, 44.51579], [-98.21106, 44.51444], [-98.2153, 44.51316], [-98.2198, 44.51178], [-98.22427, 44.51041], [-98.22869, 44.50907], [-98.23313, 44.5077], [-98.23778, 44.50629], [-98.24244, 44.50488], [-98.24686, 44.50352], [-98.25108, 44.50222], [-98.25534, 44.50092], [-98.25994, 44.49946], [-98.26456, 44.49797], [-98.26917, 44.49646], [-98.27378, 44.49497], [-98.27839, 44.49348], [-98.28259, 44.49212], [-98.28696, 44.4907], [-98.29141, 44.48926], [-98.29624, 44.48769], [-98.3007, 44.48624], [-98.30488, 44.48489], [-98.30907, 44.48353], [-98.31327, 44.48218], [-98.31745, 44.48082], [-98.32162, 44.47945], [-98.3254, 44.47757], [-98.32925, 44.47564], [-98.33307, 44.4737], [-98.33714, 44.47167], [-98.33792, 44.47136], [-98.33944, 44.47077], [-98.34036, 44.47047], [-98.34138, 44.47072]]}, "properties": {"owner": "NORTHWESTERN ENERGY - (SD)", "voltage_kv": 230.0}}, {"type": "Feature", "geometry": {"type": "LineString", "coordinates": [[-96.53393, 44.39567], [-96.53435, 44.39509]]}, "properties": {"owner": "NOT AVAILABLE", "voltage_kv": 345.0}}, {"type": "Feature", "geometry": {"type": "LineString", "coordinates": [[-96.47822, 44.84991], [-96.47815, 44.85132], [-96.48033, 44.85131], [-96.48469, 44.85128], [-96.48971, 44.85125], [-96.49443, 44.8512], [-96.49917, 44.85115], [-96.50465, 44.8512], [-96.51013, 44.85122], [-96.51563, 44.85127], [-96.52086, 44.85131], [-96.52639, 44.85133], [-96.53181, 44.85137], [-96.53645, 44.8514], [-96.54147, 44.85144], [-96.54571, 44.85161], [-96.55079, 44.85187], [-96.55606, 44.85215], [-96.56146, 44.85244], [-96.56685, 44.8527], [-96.57204, 44.85297], [-96.57724, 44.85325], [-96.5826, 44.85351], [-96.58706, 44.85374], [-96.59174, 44.85398], [-96.59694, 44.85424], [-96.60233, 44.85452], [-96.60689, 44.85474], [-96.61153, 44.85498], [-96.61669, 44.85525], [-96.62087, 44.85542], [-96.62496, 44.85547], [-96.62956, 44.85542], [-96.63481, 44.85537], [-96.64003, 44.8553], [-96.64529, 44.85525], [-96.64901, 44.85528], [-96.65271, 44.85533], [-96.65713, 44.85539], [-96.66118, 44.85544], [-96.66553, 44.85549], [-96.67042, 44.85564], [-96.67582, 44.85583], [-96.68044, 44.85601], [-96.68491, 44.8563], [-96.69006, 44.85648], [-96.69364, 44.85647], [-96.69771, 44.85632], [-96.7014, 44.85603], [-96.70614, 44.85568], [-96.7098, 44.85552], [-96.71417, 44.85553], [-96.7188, 44.85554], [-96.72343, 44.85553], [-96.72866, 44.85554], [-96.73385, 44.85528], [-96.73828, 44.85508], [-96.74289, 44.85485], [-96.74816, 44.85463], [-96.75359, 44.85463], [-96.7583, 44.85488], [-96.76206, 44.8552], [-96.76604, 44.85537], [-96.77066, 44.85541], [-96.77472, 44.85543], [-96.7788, 44.85545], [-96.78258, 44.85548], [-96.78824, 44.85548], [-96.79339, 44.85548], [-96.79847, 44.85548], [-96.80408, 44.8555], [-96.80869, 44.8555], [-96.81372, 44.85551], [-96.81882, 44.85551], [-96.82347, 44.85552], [-96.82904, 44.85553], [-96.83411, 44.85552], [-96.83918, 44.85553], [-96.84382, 44.85552], [-96.84935, 44.8555], [-96.85462, 44.8555], [-96.85939, 44.85549], [-96.86317, 44.85548], [-96.8669, 44.85546], [-96.87143, 44.85496], [-96.87594, 44.85447], [-96.88022, 44.8541], [-96.88446, 44.85374], [-96.88941, 44.85332], [-96.89458, 44.85288], [-96.89922, 44.85249], [-96.90425, 44.85236], [-96.90919, 44.85223], [-96.91435, 44.85225], [-96.91932, 44.85225], [-96.92443, 44.85226], [-96.92972, 44.85226], [-96.93479, 44.85226], [-96.93983, 44.85227], [-96.94441, 44.85228], [-96.94871, 44.85229], [-96.95299, 44.85229], [-96.9572, 44.8523], [-96.96094, 44.8523], [-96.96164, 44.85225], [-96.96178, 44.85233], [-96.96554, 44.85378], [-96.96908, 44.85516], [-96.97286, 44.8566], [-96.97665, 44.85806], [-96.98045, 44.85953], [-96.98425, 44.861], [-96.98874, 44.86273], [-96.99283, 44.8643], [-96.99698, 44.8659], [-97.00111, 44.8675], [-97.00564, 44.86923], [-97.01018, 44.87097], [-97.01473, 44.8727], [-97.01844, 44.87412], [-97.02219, 44.87554], [-97.02594, 44.87697], [-97.02997, 44.87852], [-97.03413, 44.88011], [-97.03913, 44.88118], [-97.045, 44.88257]]}, "properties": {"owner": "NOT AVAILABLE", "voltage_kv": 230.0}}, {"type": "Feature", "geometry": {"type": "LineString", "coordinates": [[-102.66356, 45.52976], [-102.66233, 45.52975], [-102.66191, 45.52997]]}, "properties": {"owner": "NOT AVAILABLE", "voltage_kv": 230.0}}, {"type": "Feature", "geometry": {"type": "LineString", "coordinates": [[-102.66356, 45.52976], [-102.66355, 45.52558], [-102.66353, 45.51041], [-102.66349, 45.49563], [-102.66348, 45.4883], [-102.66346, 45.4717], [-102.66341, 45.45824], [-102.66341, 45.45287], [-102.64682, 45.4401], [-102.63059, 45.42758], [-102.62228, 45.4212], [-102.61628, 45.41657], [-102.60543, 45.4082], [-102.59554, 45.40056], [-102.58712, 45.39401], [-102.58036, 45.38869], [-102.57625, 45.3849], [-102.57112, 45.38012], [-102.57033, 45.37808], [-102.57034, 45.36526], [-102.57034, 45.35132], [-102.5703, 45.32881], [-102.5703, 45.30752], [-102.57029, 45.28661], [-102.57031, 45.26608], [-102.57034, 45.24441], [-102.57038, 45.2191], [-102.5704, 45.20047], [-102.57039, 45.17906], [-102.57034, 45.16743], [-102.57023, 45.14881], [-102.5701, 45.12539], [-102.56999, 45.10334], [-102.56996, 45.09819], [-102.59004, 45.08443], [-102.59099, 45.0838], [-102.59237, 45.06274], [-102.59392, 45.03972], [-102.5942, 45.03542], [-102.59428, 45.03433], [-102.59424, 45.03296], [-102.59401, 45.02399], [-102.59401, 45.02353]]}, "properties": {"owner": "NOT AVAILABLE", "voltage_kv": 230.0}}, {"type": "Feature", "geometry": {"type": "LineString", "coordinates": [[-101.1566, 47.37419], [-101.15626, 47.37226], [-101.15076, 47.37209], [-101.14519, 47.37191], [-101.13498, 47.37198], [-101.12747, 47.37202], [-101.12154, 47.37205], [-101.11643, 47.36745], [-101.11583, 47.36686], [-101.11176, 47.36371], [-101.10768, 47.36055], [-101.10397, 47.35767], [-101.10018, 47.35472], [-101.09685, 47.35217], [-101.09277, 47.34898], [-101.089, 47.34608], [-101.0849, 47.34292], [-101.08114, 47.34], [-101.07737, 47.33707], [-101.07483, 47.33506], [-101.06774, 47.32954], [-101.06385, 47.32661], [-101.06043, 47.32387], [-101.05534, 47.32389], [-101.05023, 47.32387], [-101.0449, 47.32385], [-101.03992, 47.32386], [-101.03451, 47.32383], [-101.02935, 47.32381], [-101.02357, 47.32382], [-101.01852, 47.32132], [-101.00973, 47.31696], [-101.00412, 47.3142], [-101.00199, 47.31317], [-100.99611, 47.31273], [-100.99207, 47.31247], [-100.98684, 47.31248], [-100.98203, 47.31249], [-100.97688, 47.31182], [-100.97169, 47.31116], [-100.96697, 47.31052], [-100.96033, 47.30929], [-100.95317, 47.3093], [-100.94366, 47.30928], [-100.93451, 47.30927], [-100.92566, 47.30926], [-100.91778, 47.30928], [-100.9092, 47.30925], [-100.90039, 47.30924], [-100.89259, 47.3092], [-100.8838, 47.30921], [-100.87692, 47.30917], [-100.87119, 47.30901], [-100.86602, 47.30889], [-100.86372, 47.3024], [-100.86183, 47.29692], [-100.85993, 47.29145], [-100.85789, 47.28556], [-100.85602, 47.28031], [-100.84869, 47.28036], [-100.84394, 47.28042], [-100.8393, 47.28038], [-100.83105, 47.28043], [-100.82343, 47.28039], [-100.81415, 47.28042], [-100.80682, 47.28041], [-100.80253, 47.28041], [-100.79716, 47.27878], [-100.79228, 47.27727], [-100.78692, 47.27558], [-100.78071, 47.27363], [-100.77692, 47.27166], [-100.77267, 47.26937], [-100.76801, 47.26692], [-100.7596, 47.2625], [-100.75329, 47.26248], [-100.74494, 47.26246], [-100.73623, 47.26246], [-100.7283, 47.26248], [-100.71896, 47.26245], [-100.7136, 47.26245], [-100.70865, 47.26245], [-100.70298, 47.26242], [-100.69278, 47.26243], [-100.68574, 47.26241], [-100.67626, 47.2624], [-100.66666, 47.2624], [-100.65955, 47.26238], [-100.65198, 47.26238], [-100.64333, 47.26236], [-100.63457, 47.26238], [-100.62712, 47.26233], [-100.62206, 47.26233], [-100.61403, 47.25887], [-100.61178, 47.25792], [-100.61014, 47.25417], [-100.6086, 47.25066], [-100.60622, 47.24439], [-100.60489, 47.24126], [-100.60192, 47.23451], [-100.59949, 47.22905], [-100.59724, 47.22381], [-100.59424, 47.21688], [-100.59114, 47.20992], [-100.58774, 47.20663], [-100.57996, 47.19987], [-100.57216, 47.19303], [-100.5654, 47.1871], [-100.55572, 47.17861], [-100.54707, 47.17864], [-100.53928, 47.17864], [-100.53021, 47.17864], [-100.52313, 47.17867], [-100.51309, 47.17866], [-100.5044, 47.17867], [-100.4956, 47.17865], [-100.49033, 47.17859], [-100.48044, 47.17718], [-100.47565, 47.17647], [-100.46351, 47.17063], [-100.45519, 47.16643], [-100.45072, 47.1642], [-100.44161, 47.1598], [-100.42954, 47.15391], [-100.41829, 47.15182], [-100.40743, 47.14976], [-100.39711, 47.14781], [-100.39027, 47.14653], [-100.37957, 47.14446], [-100.36976, 47.14258], [-100.36134, 47.13951], [-100.35181, 47.13609], [-100.34638, 47.13406], [-100.33295, 47.12916], [-100.32218, 47.12528], [-100.31302, 47.12195], [-100.308, 47.12013], [-100.2988, 47.11663], [-100.28883, 47.11301], [-100.27882, 47.10966], [-100.26806, 47.10577], [-100.25671, 47.10131], [-100.25015, 47.09831], [-100.23882, 47.09379], [-100.23106, 47.09079], [-100.21726, 47.08532], [-100.20568, 47.08084], [-100.19325, 47.07599], [-100.17835, 47.07173], [-100.16436, 47.06783], [-100.15581, 47.06526], [-100.14009, 47.06082], [-100.12435, 47.05637], [-100.10627, 47.05011], [-100.08956, 47.0443], [-100.07937, 47.04062], [-100.06609, 47.03601], [-100.0572, 47.03293], [-100.04724, 47.02947], [-100.04132, 47.02741], [-100.02983, 47.0234], [-100.01447, 47.01823], [-100.00445, 47.01459], [-99.99032, 47.01086], [-99.97787, 47.00726], [-99.96648, 47.00389], [-99.95622, 47.0005], [-99.94348, 46.99664], [-99.93649, 46.99476], [-99.92151, 46.99006], [-99.91009, 46.98657], [-99.89511, 46.98201], [-99.88385, 46.97923], [-99.87342, 46.97661], [-99.85958, 46.97315], [-99.84481, 46.96943], [-99.82824, 46.96527], [-99.81287, 46.96105], [-99.80367, 46.95849], [-99.79104, 46.95498], [-99.77336, 46.95008], [-99.76197, 46.94692], [-99.74359, 46.9399], [-99.73751, 46.93767], [-99.72451, 46.92233], [-99.71844, 46.91519], [-99.70786, 46.91527], [-99.69493, 46.91165], [-99.69027, 46.91055], [-99.68362, 46.89954], [-99.68136, 46.89583], [-99.6643, 46.89585], [-99.64043, 46.89583], [-99.62239, 46.89572], [-99.60008, 46.89572], [-99.5819, 46.89562], [-99.56374, 46.89555], [-99.55005, 46.89553], [-99.53688, 46.89551], [-99.53237, 46.89543], [-99.53259, 46.8845], [-99.53307, 46.88039], [-99.52214, 46.87223], [-99.51099, 46.86357], [-99.50515, 46.85245], [-99.49816, 46.83895], [-99.49382, 46.83061], [-99.49211, 46.82728], [-99.47221, 46.82212], [-99.46098, 46.81919], [-99.44332, 46.81455], [-99.43104, 46.81135], [-99.41136, 46.80615], [-99.3971, 46.80339], [-99.37222, 46.79913], [-99.36019, 46.7962], [-99.34367, 46.79136], [-99.33038, 46.78754], [-99.30681, 46.7796], [-99.29495, 46.77553], [-99.27921, 46.77037], [-99.26716, 46.76761], [-99.25804, 46.76547], [-99.24847, 46.76256], [-99.23531, 46.75834], [-99.22387, 46.75457], [-99.20368, 46.74808], [-99.18367, 46.74122], [-99.17575, 46.73839], [-99.15917, 46.73772], [-99.15399, 46.73662], [-99.13926, 46.73281], [-99.12719, 46.72967], [-99.11225, 46.72573], [-99.09664, 46.72158], [-99.08059, 46.71758], [-99.0705, 46.7149], [-99.0656, 46.71358], [-99.0556, 46.71096], [-99.04523, 46.70826], [-99.03624, 46.70585], [-99.02655, 46.70333], [-99.01626, 46.70029], [-99.00701, 46.69759], [-98.99661, 46.6945], [-98.98512, 46.69118], [-98.96857, 46.68615], [-98.95844, 46.68317], [-98.9482, 46.68025], [-98.93781, 46.67743], [-98.9274, 46.67457], [-98.91736, 46.67182], [-98.90694, 46.66881], [-98.89659, 46.66568], [-98.88262, 46.66134], [-98.86811, 46.65696], [-98.85745, 46.65429], [-98.84509, 46.65124], [-98.83294, 46.64823], [-98.81303, 46.64323], [-98.80402, 46.641], [-98.79252, 46.63815], [-98.78016, 46.63505], [-98.77239, 46.63312], [-98.76203, 46.62936], [-98.75425, 46.62649], [-98.74478, 46.62289], [-98.73505, 46.61937], [-98.72085, 46.61419], [-98.71056, 46.61048], [-98.70076, 46.60698], [-98.69268, 46.60409], [-98.68471, 46.60122], [-98.67248, 46.59681], [-98.65986, 46.59215], [-98.64998, 46.5886], [-98.6392, 46.58334], [-98.63283, 46.5802], [-98.62337, 46.58019], [-98.61358, 46.58016], [-98.60388, 46.58014], [-98.59415, 46.58014], [-98.58306, 46.58015], [-98.57592, 46.58015], [-98.56357, 46.58013], [-98.54968, 46.58015], [-98.53298, 46.58011], [-98.52036, 46.57553], [-98.51372, 46.57311], [-98.50463, 46.56992], [-98.4931, 46.56582], [-98.4899, 46.56467], [-98.48127, 46.5624], [-98.46874, 46.55906], [-98.45842, 46.55628], [-98.44731, 46.55321], [-98.43821, 46.55078], [-98.43435, 46.54973], [-98.42519, 46.54551], [-98.4159, 46.54131], [-98.40657, 46.53708], [-98.39746, 46.53297], [-98.39022, 46.52965], [-98.38308, 46.52641], [-98.37136, 46.52094], [-98.36884, 46.51973], [-98.35887, 46.51665], [-98.35432, 46.51525], [-98.34489, 46.51135], [-98.33653, 46.50792], [-98.32766, 46.50428], [-98.31788, 46.49969], [-98.30736, 46.49609], [-98.29775, 46.49255], [-98.28778, 46.4889], [-98.2829, 46.48709], [-98.27329, 46.4835], [-98.26395, 46.48001], [-98.25405, 46.47672], [-98.24395, 46.47335], [-98.23441, 46.47014], [-98.22071, 46.46544], [-98.2106, 46.46204], [-98.19634, 46.45722], [-98.18681, 46.45418], [-98.17688, 46.45111], [-98.16659, 46.44793], [-98.15717, 46.44496], [-98.14746, 46.44188], [-98.13364, 46.43758], [-98.11874, 46.43292], [-98.1083, 46.42966], [-98.09485, 46.4232], [-98.08766, 46.41966], [-98.07634, 46.41407], [-98.06745, 46.40977], [-98.05807, 46.40527], [-98.04864, 46.40072], [-98.03896, 46.39603], [-98.0285, 46.39126], [-98.02073, 46.38768], [-98.00747, 46.38181], [-97.99308, 46.37609], [-97.98323, 46.37225], [-97.97934, 46.37075], [-97.97543, 46.36413], [-97.97088, 46.35645], [-97.96818, 46.35186], [-97.96171, 46.34104], [-97.95744, 46.33381], [-97.95527, 46.3302], [-97.94542, 46.32828], [-97.93348, 46.32591], [-97.92435, 46.32411], [-97.90973, 46.32124], [-97.89616, 46.31851], [-97.89116, 46.31856], [-97.87654, 46.31851], [-97.86554, 46.31854], [-97.85349, 46.31853], [-97.84394, 46.31853], [-97.828, 46.31854], [-97.81767, 46.31851], [-97.8086, 46.31852], [-97.79537, 46.3185], [-97.78065, 46.31852], [-97.76524, 46.31848], [-97.75483, 46.31847], [-97.74445, 46.31848], [-97.73375, 46.31845], [-97.72221, 46.31844], [-97.71257, 46.31844], [-97.69861, 46.3184], [-97.69321, 46.31788], [-97.68184, 46.31673], [-97.67161, 46.3157], [-97.66032, 46.31456], [-97.65074, 46.31361], [-97.64458, 46.31299], [-97.63282, 46.30948], [-97.62575, 46.3073], [-97.61517, 46.30416], [-97.60536, 46.30129], [-97.59458, 46.29806], [-97.59157, 46.29719], [-97.58553, 46.29724], [-97.57322, 46.29731], [-97.56072, 46.29732], [-97.54564, 46.29731], [-97.52995, 46.29728], [-97.51385, 46.29726], [-97.49808, 46.29728], [-97.48063, 46.29727], [-97.4676, 46.29729], [-97.45647, 46.29726], [-97.44741, 46.29726], [-97.43929, 46.2972], [-97.42862, 46.29724], [-97.41959, 46.29727], [-97.41407, 46.29086], [-97.40571, 46.28107], [-97.39721, 46.27145], [-97.39015, 46.26365], [-97.38317, 46.25592], [-97.37735, 46.24953], [-97.37138, 46.24292], [-97.36404, 46.23483], [-97.35601, 46.22651], [-97.35251, 46.22287], [-97.35264, 46.21442], [-97.35264, 46.20621], [-97.35262, 46.19664], [-97.34156, 46.19484], [-97.33413, 46.18986], [-97.32435, 46.18338], [-97.32108, 46.18124], [-97.3058, 46.1812], [-97.3006, 46.18118], [-97.29027, 46.17795], [-97.27836, 46.17754], [-97.26773, 46.17719], [-97.25571, 46.17674], [-97.24554, 46.17636], [-97.23432, 46.17597], [-97.2175, 46.1752], [-97.20778, 46.17479], [-97.20216, 46.17475], [-97.19561, 46.17238], [-97.18469, 46.16929], [-97.17587, 46.16669], [-97.16697, 46.16403], [-97.15582, 46.16074], [-97.1466, 46.158], [-97.13962, 46.15592], [-97.12914, 46.15285], [-97.11603, 46.14891], [-97.10633, 46.14607], [-97.10546, 46.14584], [-97.10503, 46.13798], [-97.105, 46.13431], [-97.10475, 46.13015], [-97.08996, 46.1304], [-97.07824, 46.13055], [-97.07289, 46.1308], [-97.05984, 46.13093], [-97.05659, 46.13099], [-97.05127, 46.13073], [-97.04674, 46.13077], [-97.03501, 46.13136], [-97.02445, 46.13154], [-97.01079, 46.13153], [-97.00203, 46.13155], [-96.98763, 46.13157], [-96.97655, 46.13157], [-96.96845, 46.13154], [-96.95845, 46.13151], [-96.94679, 46.13148], [-96.93716, 46.1309], [-96.92758, 46.13011], [-96.91934, 46.12921], [-96.90958, 46.1281], [-96.89844, 46.1267], [-96.88889, 46.1255], [-96.88005, 46.12439], [-96.87168, 46.11997], [-96.86273, 46.11535], [-96.85457, 46.11104], [-96.84658, 46.10683], [-96.83957, 46.10313], [-96.82998, 46.09815], [-96.82611, 46.0959], [-96.82338, 46.09242], [-96.81838, 46.08594], [-96.81348, 46.07968], [-96.8084, 46.07309], [-96.80316, 46.06633], [-96.79681, 46.05821], [-96.79206, 46.05197], [-96.78713, 46.04565], [-96.78074, 46.03743], [-96.77549, 46.03084], [-96.77162, 46.02764], [-96.7674, 46.02413], [-96.76344, 46.02074], [-96.76341, 46.00972], [-96.76341, 46.00256], [-96.76344, 45.99531], [-96.76354, 45.98807], [-96.76376, 45.97719], [-96.76371, 45.97375], [-96.75331, 45.96654], [-96.74917, 45.96379], [-96.74026, 45.95779], [-96.73049, 45.95782], [-96.72174, 45.95782], [-96.70885, 45.95783], [-96.70087, 45.95784], [-96.69352, 45.95783], [-96.68841, 45.95748], [-96.68007, 45.95757], [-96.67021, 45.95761], [-96.66229, 45.95753], [-96.65197, 45.95745], [-96.64326, 45.95736], [-96.64135, 45.95739], [-96.63624, 45.95709], [-96.62748, 45.95709], [-96.6189, 45.95706], [-96.61216, 45.95707], [-96.60763, 45.95708], [-96.60279, 45.95256], [-96.59724, 45.94768], [-96.58732, 45.9451], [-96.57701, 45.94242], [-96.57232, 45.9412], [-96.56215, 45.93923], [-96.55727, 45.93802], [-96.54709, 45.93555], [-96.54185, 45.9343], [-96.5371, 45.93316], [-96.53235, 45.93206], [-96.52731, 45.9309], [-96.5222, 45.92971], [-96.51707, 45.92852], [-96.51185, 45.92726], [-96.50656, 45.92605], [-96.4966, 45.92615], [-96.49158, 45.92626], [-96.48665, 45.92638], [-96.48147, 45.92649], [-96.47627, 45.92663], [-96.47099, 45.92655], [-96.46564, 45.92646], [-96.46033, 45.9264], [-96.45497, 45.92633], [-96.44972, 45.92628], [-96.43877, 45.92613], [-96.43348, 45.92608], [-96.42783, 45.92597], [-96.42273, 45.92593], [-96.41777, 45.92587], [-96.41234, 45.92592], [-96.4072, 45.92596], [-96.40138, 45.926], [-96.39592, 45.92609], [-96.3905, 45.92613], [-96.38502, 45.92618], [-96.37968, 45.92622], [-96.37417, 45.9263], [-96.36856, 45.92634], [-96.36306, 45.92638], [-96.35769, 45.92642], [-96.35223, 45.92645], [-96.34672, 45.92649], [-96.34124, 45.92655], [-96.33572, 45.92662], [-96.33023, 45.92665], [-96.32494, 45.92668], [-96.31941, 45.92672], [-96.31425, 45.92674], [-96.3087, 45.9268], [-96.30322, 45.92691], [-96.29809, 45.92701], [-96.29291, 45.92697], [-96.28763, 45.92703], [-96.28237, 45.92712], [-96.27704, 45.92716], [-96.2718, 45.92724], [-96.26651, 45.92731], [-96.2613, 45.92735], [-96.25608, 45.92741], [-96.25086, 45.92748], [-96.24521, 45.92756], [-96.24099, 45.92762], [-96.23586, 45.92769], [-96.23053, 45.92751], [-96.22517, 45.92734], [-96.21955, 45.92718], [-96.21852, 45.92715], [-96.21449, 45.92702], [-96.209, 45.92682], [-96.20366, 45.92665], [-96.19868, 45.92666], [-96.19372, 45.92664], [-96.18801, 45.9266], [-96.18265, 45.9266], [-96.17724, 45.9266], [-96.17169, 45.92659], [-96.16624, 45.92664], [-96.16097, 45.92655], [-96.15557, 45.92655], [-96.15033, 45.92652], [-96.14488, 45.92654], [-96.14074, 45.92514], [-96.13586, 45.92351], [-96.13099, 45.92187], [-96.12629, 45.92028], [-96.12141, 45.91869], [-96.11643, 45.91701], [-96.11158, 45.91536], [-96.1068, 45.91376], [-96.10179, 45.91212], [-96.09765, 45.91067], [-96.09284, 45.90948], [-96.08771, 45.90825], [-96.08269, 45.90699], [-96.07773, 45.90575], [-96.07267, 45.90451], [-96.0679, 45.90337], [-96.06337, 45.90229], [-96.05875, 45.90118], [-96.05389, 45.89884], [-96.04903, 45.89654], [-96.04397, 45.8939], [-96.03922, 45.8915], [-96.03514, 45.88936], [-96.03148, 45.88748], [-96.02668, 45.88617], [-96.02138, 45.8848], [-96.01597, 45.8834], [-96.01097, 45.88176], [-96.00627, 45.88028], [-96.00162, 45.87871], [-95.99656, 45.87703], [-95.99133, 45.87524], [-95.98645, 45.87364], [-95.9821, 45.87215], [-95.97663, 45.87041], [-95.97662, 45.86618], [-95.97642, 45.86241], [-95.97634, 45.85847], [-95.97628, 45.85482], [-95.97621, 45.85091], [-95.97608, 45.84704], [-95.97603, 45.84334], [-95.97591, 45.83974], [-95.97585, 45.83521], [-95.9758, 45.83098], [-95.97573, 45.82721], [-95.97563, 45.82281], [-95.97559, 45.81826], [-95.97549, 45.81417], [-95.9753, 45.81042], [-95.96987, 45.81033], [-95.95906, 45.8103], [-95.94821, 45.81025], [-95.9428, 45.81028], [-95.93756, 45.81026], [-95.92663, 45.81022], [-95.92104, 45.81023], [-95.91569, 45.81021], [-95.91035, 45.81025], [-95.90515, 45.81027], [-95.89938, 45.81031], [-95.89309, 45.81034], [-95.88738, 45.81036], [-95.88259, 45.80897], [-95.87754, 45.80745], [-95.87255, 45.80598], [-95.86838, 45.80344], [-95.86412, 45.80077], [-95.85875, 45.79746], [-95.85444, 45.79489], [-95.84908, 45.79149], [-95.84422, 45.7885], [-95.83939, 45.78548], [-95.83507, 45.78282], [-95.83096, 45.78024], [-95.82622, 45.77731], [-95.82192, 45.77464], [-95.81755, 45.77191], [-95.81301, 45.76914], [-95.80903, 45.76692], [-95.8052, 45.76485], [-95.80132, 45.76269], [-95.79725, 45.76051], [-95.79459, 45.75814], [-95.79237, 45.7562], [-95.78902, 45.75328], [-95.78548, 45.75015], [-95.78235, 45.74739], [-95.77906, 45.74452], [-95.7791, 45.74067], [-95.774, 45.73838], [-95.76886, 45.73606], [-95.76376, 45.73381], [-95.76107, 45.73027], [-95.75881, 45.72739], [-95.75638, 45.72429], [-95.75418, 45.7214], [-95.75166, 45.71816], [-95.74795, 45.71588], [-95.74446, 45.71374], [-95.73961, 45.7108], [-95.73478, 45.70786], [-95.73054, 45.70531], [-95.72591, 45.7025], [-95.7218, 45.70004], [-95.71786, 45.69768], [-95.71788, 45.69445], [-95.71795, 45.69109], [-95.71801, 45.68742], [-95.71273, 45.68744], [-95.70795, 45.68744], [-95.70285, 45.68746], [-95.69817, 45.68747], [-95.69295, 45.68744], [-95.68742, 45.68741], [-95.68175, 45.68738], [-95.67625, 45.68738], [-95.67037, 45.68737], [-95.66559, 45.68734], [-95.66042, 45.68732], [-95.6549, 45.68725], [-95.65006, 45.6872], [-95.64492, 45.6872], [-95.63968, 45.68728], [-95.63444, 45.68726], [-95.63022, 45.68728], [-95.62471, 45.68728], [-95.61929, 45.68726], [-95.61445, 45.68726], [-95.61043, 45.68888], [-95.60613, 45.69064], [-95.60174, 45.69246], [-95.59708, 45.69424], [-95.59183, 45.69425], [-95.58662, 45.69422], [-95.5815, 45.69423], [-95.57614, 45.69422], [-95.57086, 45.69423], [-95.5654, 45.69421], [-95.56037, 45.6942], [-95.5552, 45.69419], [-95.55004, 45.69418], [-95.54541, 45.69411], [-95.54081, 45.69405], [-95.53582, 45.69397], [-95.53095, 45.69395], [-95.52551, 45.69397], [-95.51986, 45.69402], [-95.51444, 45.69406], [-95.50944, 45.69408], [-95.5043, 45.69412], [-95.4991, 45.69416], [-95.49451, 45.69412], [-95.4893, 45.6941], [-95.48408, 45.69409], [-95.47948, 45.69405], [-95.47697, 45.69758], [-95.47393, 45.70183], [-95.47114, 45.70582], [-95.46835, 45.70983], [-95.46581, 45.71341], [-95.46263, 45.71611], [-95.45883, 45.71928], [-95.45406, 45.71926], [-95.44917, 45.71924], [-95.44382, 45.71924], [-95.43819, 45.71919], [-95.43337, 45.71917], [-95.42846, 45.71915], [-95.42357, 45.71914], [-95.41814, 45.71912], [-95.41291, 45.71906], [-95.40781, 45.71905], [-95.40299, 45.719], [-95.39734, 45.71903], [-95.39203, 45.71904], [-95.38787, 45.71904], [-95.38241, 45.71996], [-95.37692, 45.72089], [-95.3723, 45.72173], [-95.367, 45.72267], [-95.36205, 45.72352], [-95.35702, 45.72442], [-95.35215, 45.72525], [-95.34778, 45.72602], [-95.34335, 45.72676], [-95.33879, 45.72757], [-95.33388, 45.72869], [-95.32843, 45.72992], [-95.32307, 45.73116], [-95.31809, 45.7323], [-95.3121, 45.73369], [-95.30556, 45.73519], [-95.30011, 45.73644], [-95.29441, 45.73777], [-95.28896, 45.73771], [-95.28347, 45.73777], [-95.27871, 45.73774], [-95.27389, 45.73773], [-95.26271, 45.73734], [-95.25732, 45.73721], [-95.25154, 45.73719], [-95.24549, 45.73718], [-95.20864, 45.7372], [-95.20274, 45.73721], [-95.19679, 45.73725], [-95.1912, 45.73726], [-95.1861, 45.73712], [-95.18052, 45.73695], [-95.17495, 45.73681], [-95.16921, 45.73666], [-95.16435, 45.73654], [-95.15934, 45.73642], [-95.15, 45.73676], [-95.14498, 45.73695], [-95.13912, 45.73719], [-95.12961, 45.73727], [-95.10935, 45.73749], [-95.08646, 45.73758], [-95.0521, 45.73763], [-95.05215, 45.73414], [-95.05211, 45.73067], [-95.05204, 45.72676], [-95.05206, 45.72302], [-95.05199, 45.7195], [-95.0519, 45.71553], [-95.05434, 45.71224], [-95.05703, 45.70856], [-95.05703, 45.70488], [-95.05709, 45.70099], [-95.0571, 45.6976], [-95.0571, 45.69404], [-95.0572, 45.69007], [-95.05711, 45.68655], [-95.05699, 45.67597], [-95.05693, 45.66867], [-95.05687, 45.66511], [-95.04164, 45.66496], [-95.03674, 45.66493], [-95.03115, 45.66496], [-95.01968, 45.66518], [-95.00707, 45.66518], [-95.00709, 45.66167], [-95.00504, 45.65817], [-94.99534, 45.65818], [-94.9898, 45.65813], [-94.98976, 45.6542], [-94.9897, 45.65067], [-94.98973, 45.64705], [-94.98975, 45.64369], [-94.98975, 45.63979], [-94.98973, 45.63586], [-94.98973, 45.63251], [-94.9897, 45.62891], [-94.98966, 45.6251], [-94.98963, 45.62164], [-94.98958, 45.61763], [-94.98957, 45.61358], [-94.9896, 45.61035], [-94.98969, 45.60718], [-94.9897, 45.60344], [-94.98962, 45.59934], [-94.98957, 45.59522], [-94.98563, 45.59319], [-94.97774, 45.58908], [-94.97785, 45.58568], [-94.97789, 45.58235], [-94.97795, 45.57862], [-94.97801, 45.57509], [-94.97806, 45.57182], [-94.97825, 45.56143], [-94.97829, 45.5583], [-94.97834, 45.55494], [-94.97842, 45.5512], [-94.97851, 45.54519], [-94.97855, 45.54218], [-94.9736, 45.54227], [-94.96898, 45.54236], [-94.96349, 45.5424], [-94.95788, 45.54242], [-94.9532, 45.54213], [-94.94827, 45.54185], [-94.94283, 45.54217], [-94.93735, 45.54251], [-94.93242, 45.54253], [-94.92744, 45.54255], [-94.92295, 45.54259], [-94.91662, 45.54261], [-94.91124, 45.54263], [-94.90587, 45.54194], [-94.90043, 45.5419], [-94.89558, 45.5419], [-94.89077, 45.54188], [-94.88606, 45.54187], [-94.88145, 45.54194], [-94.87602, 45.54199], [-94.87086, 45.54206], [-94.86599, 45.54215], [-94.86051, 45.54224], [-94.8553, 45.54227], [-94.84991, 45.5424], [-94.84509, 45.54242], [-94.83946, 45.5424], [-94.83416, 45.54236], [-94.82423, 45.5423], [-94.81851, 45.54221], [-94.81216, 45.54191], [-94.80741, 45.54169], [-94.80313, 45.54148], [-94.80319, 45.53819], [-94.80324, 45.53485], [-94.80332, 45.53115], [-94.80337, 45.52684], [-94.80342, 45.52243], [-94.79943, 45.52133], [-94.79416, 45.51991], [-94.78864, 45.5184], [-94.78395, 45.51707], [-94.78353, 45.51317], [-94.78338, 45.50944], [-94.78326, 45.5055], [-94.78332, 45.50214], [-94.78337, 45.49871], [-94.78337, 45.49519], [-94.78341, 45.49142], [-94.78341, 45.48774], [-94.78345, 45.48384], [-94.78342, 45.48038], [-94.78344, 45.47678], [-94.78345, 45.473], [-94.7834, 45.46882], [-94.78354, 45.46507], [-94.78353, 45.4613], [-94.78355, 45.4572], [-94.78355, 45.45298], [-94.78359, 45.44898], [-94.78354, 45.44538], [-94.78433, 45.44137], [-94.78436, 45.43816], [-94.78438, 45.43473], [-94.78436, 45.43107], [-94.78421, 45.42709], [-94.7833, 45.42366], [-94.78337, 45.41985], [-94.78327, 45.41648], [-94.78322, 45.41238], [-94.78323, 45.40791], [-94.78324, 45.40375], [-94.78322, 45.39919], [-94.78317, 45.39463], [-94.78316, 45.39061], [-94.78322, 45.38604], [-94.78325, 45.38199], [-94.7833, 45.37785], [-94.78331, 45.37366], [-94.78334, 45.36949], [-94.78338, 45.36533], [-94.78334, 45.36118], [-94.78334, 45.35669], [-94.7833, 45.353], [-94.78339, 45.34938], [-94.78338, 45.34586], [-94.78135, 45.3426], [-94.77964, 45.33966], [-94.77784, 45.33665], [-94.77611, 45.33373], [-94.77416, 45.33026], [-94.77167, 45.32617], [-94.76956, 45.32255], [-94.76593, 45.31957], [-94.76335, 45.31754], [-94.76191, 45.31641], [-94.75791, 45.31314], [-94.75429, 45.31019], [-94.75066, 45.30727], [-94.74694, 45.30422], [-94.74326, 45.3014], [-94.74048, 45.29895], [-94.73756, 45.29663], [-94.73426, 45.29396], [-94.73021, 45.29069], [-94.72627, 45.28836], [-94.72218, 45.28598], [-94.71738, 45.28362], [-94.71291, 45.28146], [-94.70828, 45.27922], [-94.7029, 45.27659], [-94.69878, 45.27456], [-94.69421, 45.27231], [-94.69005, 45.27004], [-94.6856, 45.26758], [-94.68087, 45.26503], [-94.67612, 45.26243], [-94.67181, 45.26003], [-94.66744, 45.25769], [-94.66428, 45.25592], [-94.66018, 45.25373], [-94.65596, 45.25136], [-94.65118, 45.24985], [-94.64595, 45.24821], [-94.64025, 45.24639], [-94.63494, 45.2447], [-94.62998, 45.24312], [-94.62463, 45.24133], [-94.61902, 45.23945], [-94.61459, 45.23794], [-94.60942, 45.23607], [-94.60465, 45.23423], [-94.60054, 45.2326], [-94.59703, 45.23126], [-94.59238, 45.22939], [-94.5882, 45.22773], [-94.58312, 45.22575], [-94.57799, 45.2237], [-94.57314, 45.2217], [-94.56803, 45.21953], [-94.56411, 45.21787], [-94.55932, 45.21582], [-94.55547, 45.21424], [-94.55266, 45.21249], [-94.55063, 45.2104], [-94.54756, 45.20687], [-94.54275, 45.20487], [-94.53936, 45.20345], [-94.53393, 45.20119], [-94.52934, 45.19855], [-94.52451, 45.19578], [-94.5196, 45.19299], [-94.516, 45.19099], [-94.51101, 45.1889], [-94.50557, 45.18657], [-94.50027, 45.18431], [-94.49497, 45.18204], [-94.4898, 45.18201], [-94.48471, 45.18193], [-94.47924, 45.18191], [-94.47336, 45.18188], [-94.46874, 45.18376], [-94.46299, 45.18367], [-94.45706, 45.18356], [-94.45185, 45.18341], [-94.44646, 45.18332], [-94.44118, 45.18322], [-94.43551, 45.18319], [-94.43039, 45.18316], [-94.4252, 45.1832], [-94.4197, 45.18405], [-94.41461, 45.18482], [-94.40945, 45.18563], [-94.4035, 45.18657], [-94.39916, 45.18724], [-94.39449, 45.18692], [-94.38928, 45.1865], [-94.38389, 45.1861], [-94.37901, 45.18575], [-94.37388, 45.18537], [-94.3687, 45.18499], [-94.36352, 45.18504], [-94.35828, 45.18507], [-94.35286, 45.18513], [-94.34755, 45.18521], [-94.34279, 45.18523], [-94.33818, 45.18526], [-94.33269, 45.18528], [-94.32767, 45.18329], [-94.3224, 45.18139], [-94.31776, 45.17973], [-94.31303, 45.17804], [-94.30767, 45.17607], [-94.30344, 45.17461], [-94.29949, 45.17319], [-94.29672, 45.17224], [-94.29567, 45.17188], [-94.29073, 45.17003], [-94.28585, 45.16826], [-94.28123, 45.16664], [-94.27625, 45.16489], [-94.27154, 45.16418], [-94.26648, 45.16343], [-94.2616, 45.16266], [-94.2574, 45.16202], [-94.25591, 45.16183], [-94.25177, 45.16122], [-94.24579, 45.16117], [-94.24022, 45.16106], [-94.23458, 45.16104], [-94.22953, 45.16098], [-94.22533, 45.15938], [-94.22118, 45.15787], [-94.21662, 45.15608], [-94.21194, 45.15433], [-94.20681, 45.15441], [-94.20201, 45.15445], [-94.19683, 45.15455], [-94.19169, 45.1546], [-94.18634, 45.1546], [-94.18152, 45.15465], [-94.17614, 45.1547], [-94.16988, 45.15589], [-94.16575, 45.15478], [-94.16111, 45.15487], [-94.14924, 45.15513], [-94.14447, 45.15527], [-94.13887, 45.15539], [-94.13426, 45.15548], [-94.12899, 45.15547], [-94.12352, 45.15551], [-94.11911, 45.15551], [-94.11278, 45.1555], [-94.10672, 45.15551], [-94.10189, 45.15554], [-94.09607, 45.15556], [-94.09128, 45.15557], [-94.08591, 45.15555], [-94.07959, 45.15557], [-94.07402, 45.15559], [-94.06887, 45.15689], [-94.06452, 45.15803], [-94.06019, 45.15795], [-94.05366, 45.15789], [-94.04859, 45.15783], [-94.04294, 45.1578], [-94.03759, 45.15768], [-94.03196, 45.15765], [-94.0263, 45.15762], [-94.02043, 45.15756], [-94.01472, 45.15746], [-94.00951, 45.1574], [-94.00467, 45.15732], [-93.99896, 45.15725], [-93.99346, 45.15723], [-93.98787, 45.15717], [-93.98296, 45.1571], [-93.97728, 45.15703], [-93.97197, 45.15698], [-93.96724, 45.15691], [-93.96252, 45.15687], [-93.95726, 45.15682], [-93.95403, 45.15474], [-93.95061, 45.15254], [-93.94711, 45.15031], [-93.94311, 45.14772], [-93.93868, 45.14482], [-93.93449, 45.14354], [-93.92984, 45.14207], [-93.92492, 45.14055], [-93.92105, 45.1371], [-93.91714, 45.13367], [-93.9133, 45.13021], [-93.90938, 45.12673], [-93.90556, 45.1241], [-93.90205, 45.12159], [-93.89828, 45.11902], [-93.89458, 45.11642], [-93.89086, 45.11381], [-93.88516, 45.11385], [-93.87984, 45.11389], [-93.8748, 45.11392], [-93.86903, 45.11396], [-93.86359, 45.11402], [-93.85826, 45.11407], [-93.84777, 45.11414], [-93.84165, 45.11359], [-93.83759, 45.11317], [-93.83396, 45.11284], [-93.83087, 45.11255], [-93.82527, 45.11243], [-93.81662, 45.11253], [-93.81257, 45.11081], [-93.81005, 45.11103]]}, "properties": {"owner": "DELANO MUNICIPAL UTILITIES", "voltage_kv": 400.0}}, {"type": "Feature", "geometry": {"type": "LineString", "coordinates": [[-95.93111, 44.85427], [-95.93191, 44.85364], [-95.93285, 44.85379], [-95.9365, 44.85482], [-95.94132, 44.85535], [-95.9464, 44.85572], [-95.9511, 44.85582], [-95.95553, 44.85597], [-95.96051, 44.85606], [-95.96548, 44.85606], [-95.97014, 44.85604], [-95.9754, 44.85598], [-95.9808, 44.85593], [-95.98588, 44.85588], [-95.99151, 44.85586], [-95.99612, 44.85582], [-96.00111, 44.85579], [-96.00622, 44.85586], [-96.0109, 44.85593], [-96.0165, 44.85601], [-96.02158, 44.85606], [-96.02649, 44.85639], [-96.03129, 44.8567], [-96.03661, 44.85631], [-96.04202, 44.8559], [-96.04737, 44.85551], [-96.05276, 44.85512], [-96.05736, 44.85477], [-96.06267, 44.85524], [-96.06787, 44.85572], [-96.07313, 44.8562], [-96.07784, 44.85583], [-96.08262, 44.85546], [-96.08786, 44.85539], [-96.09314, 44.85532], [-96.09842, 44.85527], [-96.10373, 44.8552], [-96.10904, 44.85511], [-96.11382, 44.85504], [-96.11929, 44.85521], [-96.12463, 44.85537], [-96.12927, 44.85549], [-96.13433, 44.85562], [-96.13898, 44.85575], [-96.14416, 44.85589], [-96.14947, 44.85593], [-96.15496, 44.85595], [-96.15982, 44.85597], [-96.16463, 44.85601], [-96.16983, 44.85603], [-96.17537, 44.85606], [-96.17997, 44.85608], [-96.18499, 44.8561], [-96.18899, 44.8561], [-96.19303, 44.85608], [-96.19706, 44.85606], [-96.20213, 44.85606], [-96.20717, 44.85604], [-96.21214, 44.85603], [-96.21717, 44.85602], [-96.22272, 44.85602], [-96.22774, 44.85603], [-96.23258, 44.85604], [-96.23757, 44.85605], [-96.24259, 44.85604], [-96.24779, 44.85604], [-96.25204, 44.85607], [-96.25624, 44.85607], [-96.26111, 44.85604], [-96.26598, 44.856], [-96.27115, 44.85598], [-96.2757, 44.85595], [-96.28129, 44.85573], [-96.28644, 44.8555], [-96.29153, 44.8553], [-96.29616, 44.8551], [-96.30077, 44.85492], [-96.30545, 44.8547], [-96.31096, 44.85471], [-96.31648, 44.85473], [-96.32184, 44.85472], [-96.32721, 44.85474], [-96.33255, 44.85474], [-96.33785, 44.85475], [-96.34298, 44.85476], [-96.3481, 44.85476], [-96.35322, 44.85477], [-96.35832, 44.85478], [-96.36386, 44.85438], [-96.36907, 44.85401], [-96.37443, 44.85364], [-96.37981, 44.85327], [-96.38526, 44.85288], [-96.39087, 44.85248], [-96.39643, 44.85209], [-96.40149, 44.85188], [-96.40697, 44.85184], [-96.41237, 44.85181], [-96.41776, 44.85176], [-96.42296, 44.85173], [-96.42817, 44.8517], [-96.43355, 44.85166], [-96.43918, 44.85163], [-96.44384, 44.85157], [-96.44884, 44.85155], [-96.45162, 44.85153], [-96.45439, 44.85151], [-96.45922, 44.85146], [-96.46461, 44.85143], [-96.46943, 44.85139], [-96.47, 44.85139], [-96.47538, 44.85134], [-96.47799, 44.85132], [-96.47822, 44.84991]]}, "properties": {"owner": "WAPA-- WESTERN AREA POWER ADMINISTRATION", "voltage_kv": 230.0}}, {"type": "Feature", "geometry": {"type": "LineString", "coordinates": [[-97.045, 44.88257], [-97.03907, 44.88143], [-97.03895, 44.88141], [-97.03411, 44.88014], [-97.02994, 44.87856], [-97.02592, 44.877], [-97.02217, 44.87557], [-97.01841, 44.87415], [-97.0147, 44.87274], [-97.01016, 44.871], [-97.00561, 44.86926], [-97.00108, 44.86753], [-96.99696, 44.86593], [-96.99281, 44.86433], [-96.98872, 44.86276], [-96.98423, 44.86104], [-96.98042, 44.85956], [-96.97662, 44.85809], [-96.97283, 44.85664], [-96.96905, 44.85519], [-96.96551, 44.85381], [-96.9617, 44.85235], [-96.96097, 44.85238], [-96.95718, 44.85239], [-96.95297, 44.85238], [-96.9487, 44.85237], [-96.94439, 44.85237], [-96.93982, 44.85236], [-96.93477, 44.85235], [-96.9297, 44.85234], [-96.92441, 44.85234], [-96.9193, 44.85234], [-96.91433, 44.85233], [-96.90917, 44.85232], [-96.90423, 44.85245], [-96.89921, 44.85257], [-96.89457, 44.85297], [-96.8894, 44.85341], [-96.88445, 44.85383], [-96.88021, 44.85419], [-96.87593, 44.85455], [-96.87141, 44.85504], [-96.86689, 44.85555], [-96.86315, 44.85556], [-96.85937, 44.85558], [-96.8546, 44.85559], [-96.84933, 44.85558], [-96.8438, 44.8556], [-96.83916, 44.85561], [-96.83409, 44.85561], [-96.82902, 44.85561], [-96.82345, 44.8556], [-96.8188, 44.85559], [-96.8137, 44.85559], [-96.80867, 44.85559], [-96.80406, 44.85558], [-96.79845, 44.85556], [-96.79337, 44.85556], [-96.78822, 44.85556], [-96.78256, 44.85557], [-96.77878, 44.85554], [-96.7747, 44.85551], [-96.77065, 44.8555], [-96.76602, 44.85545], [-96.76204, 44.85528], [-96.75828, 44.85496], [-96.75357, 44.85472], [-96.74814, 44.85472], [-96.74287, 44.85494], [-96.73826, 44.85517], [-96.73383, 44.85536], [-96.72864, 44.85562], [-96.72341, 44.85562], [-96.71878, 44.85562], [-96.71415, 44.85562], [-96.70978, 44.85561], [-96.70612, 44.85576], [-96.70139, 44.85612], [-96.6977, 44.85641], [-96.69362, 44.85655], [-96.69004, 44.85656], [-96.68489, 44.85638], [-96.68042, 44.8561], [-96.6758, 44.85592], [-96.6704, 44.85572], [-96.66551, 44.85557], [-96.66116, 44.85553], [-96.65711, 44.85548], [-96.65269, 44.85542], [-96.64899, 44.85537], [-96.64527, 44.85533], [-96.64001, 44.85539], [-96.63479, 44.85545], [-96.62955, 44.85551], [-96.62494, 44.85556], [-96.62085, 44.8555], [-96.61667, 44.85534], [-96.61151, 44.85506], [-96.60687, 44.85483], [-96.6023, 44.85461], [-96.59692, 44.85432], [-96.59171, 44.85407], [-96.58704, 44.85382], [-96.58258, 44.8536], [-96.57722, 44.85333], [-96.57202, 44.85305], [-96.56683, 44.85278], [-96.56143, 44.85253], [-96.55604, 44.85224], [-96.55076, 44.85196], [-96.54568, 44.85169], [-96.54145, 44.85152], [-96.53643, 44.85148], [-96.53179, 44.85145], [-96.52637, 44.85141], [-96.52084, 44.85139], [-96.51561, 44.85136], [-96.51011, 44.85131], [-96.50463, 44.85129], [-96.49915, 44.85123], [-96.49441, 44.85128], [-96.4897, 44.85133], [-96.48467, 44.85136], [-96.48031, 44.85139], [-96.47538, 44.85141], [-96.47, 44.85146], [-96.46943, 44.85147], [-96.46461, 44.85151], [-96.45922, 44.85154], [-96.4544, 44.85159], [-96.45162, 44.85161], [-96.44884, 44.85162], [-96.44384, 44.85165], [-96.43918, 44.8517], [-96.43355, 44.85174], [-96.42817, 44.85178], [-96.42297, 44.8518], [-96.41776, 44.85183], [-96.41237, 44.85188], [-96.40697, 44.85192], [-96.4015, 44.85196], [-96.39644, 44.85217], [-96.39088, 44.85255], [-96.38528, 44.85295], [-96.37982, 44.85335], [-96.37444, 44.85371], [-96.36908, 44.85409], [-96.36387, 44.85445], [-96.35833, 44.85485], [-96.35322, 44.85484], [-96.3481, 44.85484], [-96.34298, 44.85484], [-96.33785, 44.85483], [-96.33255, 44.85482], [-96.32721, 44.85481], [-96.32184, 44.8548], [-96.31648, 44.8548], [-96.31096, 44.85479], [-96.30545, 44.85478], [-96.30078, 44.85499], [-96.29617, 44.85518], [-96.29153, 44.85538], [-96.28644, 44.85558], [-96.2813, 44.85581], [-96.2757, 44.85603], [-96.27115, 44.85606], [-96.26599, 44.85608], [-96.26111, 44.85612], [-96.25624, 44.85614], [-96.25204, 44.85614], [-96.24779, 44.85612], [-96.24259, 44.85612], [-96.23757, 44.85613], [-96.23258, 44.85612], [-96.22774, 44.85611], [-96.22272, 44.8561], [-96.21717, 44.8561], [-96.21214, 44.85611], [-96.20717, 44.85612], [-96.20213, 44.85614], [-96.19706, 44.85614], [-96.19303, 44.85615], [-96.18899, 44.85618], [-96.18499, 44.85617], [-96.17997, 44.85616], [-96.17537, 44.85613], [-96.16983, 44.8561], [-96.16463, 44.85608], [-96.15982, 44.85605], [-96.15496, 44.85603], [-96.14947, 44.85601], [-96.14416, 44.85597], [-96.13898, 44.85583], [-96.13433, 44.8557], [-96.12927, 44.85556], [-96.12463, 44.85545], [-96.11929, 44.85528], [-96.11382, 44.85512], [-96.10905, 44.85519], [-96.10374, 44.85527], [-96.09842, 44.85534], [-96.09314, 44.8554], [-96.08787, 44.85546], [-96.08263, 44.85553], [-96.07786, 44.85591], [-96.07313, 44.85627], [-96.06785, 44.8558], [-96.06265, 44.85532], [-96.05736, 44.85484], [-96.05277, 44.85519], [-96.04738, 44.85559], [-96.04203, 44.85598], [-96.03662, 44.85639], [-96.03129, 44.85678], [-96.02648, 44.85647], [-96.02157, 44.85614], [-96.01649, 44.85608], [-96.0109, 44.85601], [-96.00622, 44.85594], [-96.00111, 44.85587], [-95.99612, 44.85589], [-95.99151, 44.85593], [-95.98588, 44.85596], [-95.9808, 44.856], [-95.9754, 44.85605], [-95.97014, 44.85612], [-95.96548, 44.85613], [-95.96051, 44.85613], [-95.95553, 44.85605], [-95.95109, 44.8559], [-95.94639, 44.8558], [-95.94131, 44.85543], [-95.9365, 44.85487], [-95.93285, 44.85388], [-95.9319, 44.8539], [-95.93111, 44.85427]]}, "properties": {"owner": "WAPA-- WESTERN AREA POWER ADMINISTRATION", "voltage_kv": 230.0}}, {"type": "Feature", "geometry": {"type": "LineString", "coordinates": [[-95.71958, 43.71186], [-95.72027, 43.71154], [-95.72104, 43.71154], [-95.72099, 43.71058], [-95.7225, 43.71055], [-95.72307, 43.70824], [-95.72336, 43.69566], [-95.72342, 43.68549], [-95.72351, 43.6777], [-95.72383, 43.6385], [-95.72681, 43.63851], [-95.73354, 43.63855], [-95.7407, 43.63844], [-95.75129, 43.63826], [-95.75395, 43.6385], [-95.75819, 43.63817], [-95.76995, 43.63813], [-95.789, 43.63811], [-95.79281, 43.63874], [-95.79435, 43.63876], [-95.79798, 43.63802], [-95.80163, 43.63791], [-95.80888, 43.63781], [-95.81268, 43.63775], [-95.8163, 43.63776], [-95.8237, 43.63786], [-95.83164, 43.63799], [-95.8346, 43.63828], [-95.83886, 43.63797], [-95.85421, 43.63786], [-95.86932, 43.63792], [-95.87351, 43.63822], [-95.87647, 43.638], [-95.89378, 43.63842], [-95.90827, 43.63821], [-95.9118, 43.63855], [-95.91522, 43.63958], [-95.91846, 43.64093], [-95.92168, 43.64226], [-95.92492, 43.64338], [-95.92865, 43.64416], [-95.93141, 43.6449], [-95.93454, 43.64542], [-95.94079, 43.64372], [-95.94332, 43.64247], [-95.94966, 43.64012], [-95.95282, 43.63895], [-95.95683, 43.63721], [-95.96049, 43.63709], [-95.97628, 43.63716], [-95.97947, 43.63633], [-95.98254, 43.63634], [-95.98661, 43.63716], [-96.00875, 43.63727], [-96.01282, 43.63701], [-96.01606, 43.63729], [-96.05341, 43.63719], [-96.05658, 43.63719], [-96.06026, 43.63722], [-96.06399, 43.63726], [-96.06743, 43.63729], [-96.07083, 43.63732], [-96.07396, 43.63705], [-96.07782, 43.63733], [-96.08139, 43.63732], [-96.085, 43.6373], [-96.08891, 43.63727], [-96.09296, 43.63651], [-96.09372, 43.63652], [-96.09428, 43.63653], [-96.09849, 43.6373], [-96.10242, 43.6373], [-96.10638, 43.6373], [-96.11019, 43.63724], [-96.11405, 43.63724], [-96.11777, 43.63728], [-96.12145, 43.63727], [-96.12516, 43.63726], [-96.12903, 43.63724], [-96.13305, 43.63694], [-96.13619, 43.6372], [-96.13997, 43.63723], [-96.14355, 43.63725], [-96.1468, 43.63726], [-96.15063, 43.63726], [-96.15431, 43.63727], [-96.15803, 43.63726], [-96.16169, 43.63725], [-96.16528, 43.63723], [-96.16881, 43.63723], [-96.17261, 43.63722], [-96.17615, 43.63721], [-96.17976, 43.63721], [-96.18349, 43.6372], [-96.18706, 43.6372], [-96.19075, 43.63718], [-96.19451, 43.63732], [-96.19808, 43.63767], [-96.20146, 43.638], [-96.20484, 43.63836], [-96.20821, 43.6387], [-96.21171, 43.63843], [-96.2146, 43.63838], [-96.21712, 43.63872], [-96.22063, 43.63846], [-96.22382, 43.63816], [-96.22703, 43.6379], [-96.23048, 43.63757], [-96.23307, 43.63733], [-96.23333, 43.63731], [-96.23671, 43.63699], [-96.24038, 43.63664], [-96.2439, 43.63632], [-96.24719, 43.63582], [-96.25038, 43.63488], [-96.25387, 43.63369], [-96.25706, 43.63262], [-96.2605, 43.63147], [-96.26341, 43.6305], [-96.26674, 43.62937], [-96.26982, 43.62834], [-96.27332, 43.62716], [-96.27645, 43.62612], [-96.27955, 43.62507], [-96.2832, 43.62384], [-96.28632, 43.6228], [-96.28973, 43.62165], [-96.29298, 43.62055], [-96.29639, 43.61939], [-96.29948, 43.61833], [-96.30289, 43.61718], [-96.30619, 43.61613], [-96.30948, 43.61509], [-96.31287, 43.61409], [-96.31628, 43.61307], [-96.31977, 43.61204], [-96.32324, 43.61102], [-96.32673, 43.60998], [-96.33032, 43.60891], [-96.33297, 43.60839], [-96.33695, 43.60827], [-96.34056, 43.60823], [-96.34452, 43.60817], [-96.34829, 43.60811], [-96.35186, 43.60736], [-96.35394, 43.60751], [-96.35745, 43.60804], [-96.36105, 43.60799], [-96.36483, 43.6081], [-96.36853, 43.60809], [-96.37148, 43.60795], [-96.3751, 43.6081], [-96.37763, 43.60747], [-96.37969, 43.60797], [-96.38344, 43.60816], [-96.38703, 43.60819], [-96.39091, 43.60822], [-96.39437, 43.60815], [-96.39827, 43.6083], [-96.40223, 43.60835], [-96.40545, 43.60838], [-96.40889, 43.60842], [-96.41304, 43.60845], [-96.41642, 43.60845], [-96.42031, 43.60845], [-96.42438, 43.60845], [-96.42846, 43.60822], [-96.43206, 43.60769], [-96.43497, 43.6085], [-96.43796, 43.60853], [-96.44166, 43.60857], [-96.44531, 43.60861], [-96.44919, 43.60864], [-96.45297, 43.60863], [-96.4537, 43.60862], [-96.45672, 43.60858], [-96.4595, 43.60639], [-96.46271, 43.60637], [-96.46597, 43.60852], [-96.46923, 43.60851], [-96.47275, 43.60849], [-96.47633, 43.60845], [-96.47987, 43.60842], [-96.4835, 43.60839], [-96.48706, 43.60837], [-96.49045, 43.60799], [-96.49414, 43.608], [-96.49791, 43.60826], [-96.50181, 43.60822], [-96.50542, 43.60819], [-96.50915, 43.60815], [-96.51293, 43.60811], [-96.51662, 43.60808], [-96.52066, 43.60805], [-96.52419, 43.60801], [-96.52772, 43.60797], [-96.53174, 43.60793], [-96.53508, 43.60789], [-96.53922, 43.60786], [-96.54065, 43.60782], [-96.54337, 43.60784], [-96.54585, 43.60793], [-96.5496, 43.60804], [-96.55358, 43.60809], [-96.55708, 43.6081], [-96.56066, 43.6081], [-96.56426, 43.60811], [-96.56784, 43.6081], [-96.57188, 43.60809], [-96.57596, 43.60829], [-96.57891, 43.60843], [-96.58168, 43.60856], [-96.58186, 43.60857], [-96.58206, 43.60858], [-96.58607, 43.60879], [-96.59024, 43.60887], [-96.59435, 43.60887], [-96.59851, 43.60888], [-96.60264, 43.60888], [-96.60679, 43.60887], [-96.61081, 43.609], [-96.61465, 43.60935], [-96.61845, 43.60971], [-96.62263, 43.60987], [-96.62669, 43.60989], [-96.63022, 43.60986], [-96.63026, 43.60845], [-96.63032, 43.60704], [-96.63042, 43.60462], [-96.6305, 43.60281], [-96.63054, 43.60145], [-96.63058, 43.60077], [-96.63102, 43.60037], [-96.63172, 43.60054]]}, "properties": {"owner": "NOT AVAILABLE", "voltage_kv": 345.0}}, {"type": "Feature", "geometry": {"type": "LineString", "coordinates": [[-103.16523, 44.01032], [-103.16242, 44.01036], [-103.16241, 44.00955], [-103.16193, 44.00949], [-103.15996, 44.00931], [-103.14853, 44.00927], [-103.14721, 44.00921], [-103.14451, 44.0092], [-103.1418, 44.0092], [-103.1389, 44.00919], [-103.13637, 44.00918], [-103.13398, 44.00918], [-103.13155, 44.00918], [-103.12831, 44.00916], [-103.12547, 44.00915], [-103.12221, 44.00915], [-103.11983, 44.00914], [-103.11653, 44.00913], [-103.1133, 44.00912], [-103.11031, 44.00911], [-103.10668, 44.0091], [-103.10373, 44.00909], [-103.09953, 44.00908], [-103.09666, 44.00908], [-103.09411, 44.00909], [-103.09099, 44.00909], [-103.08807, 44.00909], [-103.08536, 44.0091], [-103.08291, 44.00909], [-103.07912, 44.0091], [-103.07602, 44.00911], [-103.07418, 44.0091], [-103.07186, 44.0091], [-103.06885, 44.0091], [-103.06579, 44.0091], [-103.06276, 44.00911], [-103.05973, 44.00911], [-103.05676, 44.00911], [-103.05388, 44.00911], [-103.05103, 44.00911], [-103.04861, 44.00911], [-103.04582, 44.00911], [-103.04305, 44.00911], [-103.04019, 44.00911], [-103.03792, 44.0091], [-103.0351, 44.00937], [-103.03207, 44.00964], [-103.0303, 44.00979], [-103.0284, 44.01145], [-103.02641, 44.01317], [-103.02442, 44.01485], [-103.02274, 44.01631], [-103.02094, 44.01786], [-103.01932, 44.01926], [-103.01748, 44.02086], [-103.01564, 44.02243], [-103.01362, 44.02417], [-103.01175, 44.02579], [-103.00996, 44.02732], [-103.00777, 44.0292], [-103.00527, 44.03135], [-103.00351, 44.03287], [-103.00182, 44.03434], [-102.99996, 44.03598], [-102.99792, 44.03689], [-102.99511, 44.03821], [-102.99284, 44.03923], [-102.9901, 44.04047], [-102.9872, 44.04179], [-102.98486, 44.04284], [-102.98285, 44.04375], [-102.9799, 44.04509], [-102.97799, 44.04597], [-102.97489, 44.04737], [-102.9724, 44.0485], [-102.96982, 44.04968], [-102.96743, 44.05077], [-102.96527, 44.05174], [-102.96343, 44.05256], [-102.96072, 44.05379], [-102.95868, 44.05474], [-102.95617, 44.05587], [-102.95327, 44.05719], [-102.95125, 44.05811], [-102.94875, 44.05926], [-102.94579, 44.0606], [-102.94456, 44.06116], [-102.94311, 44.06183], [-102.9406, 44.06295], [-102.93856, 44.06389], [-102.93631, 44.06491], [-102.93387, 44.06601], [-102.93159, 44.06706], [-102.92899, 44.06705], [-102.92695, 44.06704], [-102.92447, 44.06702], [-102.92225, 44.06702], [-102.91929, 44.06701], [-102.91664, 44.067], [-102.91325, 44.06699], [-102.91022, 44.06698], [-102.9072, 44.06697], [-102.90368, 44.06696], [-102.90041, 44.06695], [-102.89739, 44.06695], [-102.89476, 44.06693], [-102.89228, 44.06693], [-102.88925, 44.06692], [-102.88648, 44.06691], [-102.88322, 44.06689], [-102.87952, 44.06688], [-102.87646, 44.06687], [-102.87362, 44.06687], [-102.87119, 44.06686], [-102.86819, 44.06685], [-102.86445, 44.06687], [-102.86169, 44.06687], [-102.85863, 44.06689], [-102.85556, 44.0669], [-102.85225, 44.06691], [-102.84912, 44.06692], [-102.84567, 44.06694], [-102.84281, 44.06695], [-102.83991, 44.06696], [-102.83639, 44.06697], [-102.83337, 44.06698], [-102.83008, 44.067], [-102.82851, 44.06701], [-102.82807, 44.06857], [-102.82763, 44.07016], [-102.82736, 44.07127], [-102.82731, 44.07149], [-102.82688, 44.07194]]}, "properties": {"owner": "NOT AVAILABLE", "voltage_kv": 230.0}}, {"type": "Feature", "geometry": {"type": "LineString", "coordinates": [[-102.66307, 45.53133], [-102.66318, 45.5312], [-102.66315, 45.52993], [-102.66233, 45.52993], [-102.66191, 45.52997]]}, "properties": {"owner": "NOT AVAILABLE", "voltage_kv": 230.0}}, {"type": "Feature", "geometry": {"type": "LineString", "coordinates": [[-102.66307, 45.53133], [-102.66355, 45.53136], [-102.66356, 45.52976]]}, "properties": {"owner": "NOT AVAILABLE", "voltage_kv": 230.0}}, {"type": "Feature", "geometry": {"type": "LineString", "coordinates": [[-97.0282, 45.20673], [-97.02603, 45.20656], [-97.02603, 45.2082], [-97.01651, 45.20795], [-96.96597, 45.20783], [-96.94409, 45.20788], [-96.94449, 45.22244], [-96.86545, 45.2219], [-96.86542, 45.24043], [-96.83223, 45.24037], [-96.82933, 45.23996], [-96.79907, 45.24002], [-96.79507, 45.23909], [-96.70917, 45.23909], [-96.70894, 45.26886], [-96.69141, 45.26893], [-96.64692, 45.26914], [-96.61967, 45.26923], [-96.61607, 45.26822], [-96.56011, 45.26838], [-96.55049, 45.27008], [-96.54372, 45.27451], [-96.53965, 45.27606], [-96.50915, 45.2762], [-96.50914, 45.28123], [-96.50704, 45.28143]]}, "properties": {"owner": "OTTER TAIL COMPANY", "voltage_kv": 345.0}}, {"type": "Feature", "geometry": {"type": "LineString", "coordinates": [[-98.57021, 46.00853], [-98.56983, 46.0066], [-98.56973, 46.00075], [-98.55877, 45.99616], [-98.55882, 45.9903], [-98.55855, 45.98738], [-98.55828, 45.98442], [-98.55833, 45.97733], [-98.55841, 45.97389], [-98.54898, 45.97376], [-98.53496, 45.97363], [-98.51626, 45.97328], [-98.51139, 45.9735], [-98.50135, 45.97341], [-98.4871, 45.97322], [-98.47794, 45.97331], [-98.47533, 45.96719], [-98.47568, 45.82421], [-98.47687, 45.82128], [-98.4771, 45.7351], [-98.47741, 45.66058], [-98.46348, 45.64718], [-98.43611, 45.64704], [-98.40404, 45.64683], [-98.40407, 45.64394], [-98.4041, 45.63578], [-98.40392, 45.63253], [-98.40392, 45.62594], [-98.40427, 45.62286], [-98.40439, 45.60356], [-98.40446, 45.58265], [-98.39142, 45.58261], [-98.34698, 45.5825], [-98.33348, 45.58391], [-98.32472, 45.58245], [-98.29852, 45.58231], [-98.2985, 45.57307], [-98.29856, 45.55164], [-98.29873, 45.53895], [-98.29874, 45.52693], [-98.29811, 45.52361], [-98.29813, 45.51747], [-98.29499, 45.51612], [-98.29046, 45.51586], [-98.28114, 45.51612], [-98.24487, 45.51595], [-98.23688, 45.51361], [-98.23694, 45.48959], [-98.23432, 45.48662], [-98.21218, 45.48662], [-98.18346, 45.48638], [-98.17555, 45.48324], [-98.14952, 45.48324], [-98.10543, 45.48316], [-98.03466, 45.48316], [-97.9999, 45.48316], [-97.99996, 45.46703], [-98.00006, 45.45123], [-98.00045, 45.41692], [-98.00053, 45.39927], [-97.95868, 45.39909], [-97.93616, 45.39896], [-97.9038, 45.39887], [-97.89932, 45.39799], [-97.89513, 45.39877], [-97.88866, 45.3988], [-97.88875, 45.37655], [-97.88866, 45.35507], [-97.87756, 45.34085], [-97.8776, 45.33194], [-97.87765, 45.30519], [-97.86816, 45.30512], [-97.86821, 45.29833], [-97.86871, 45.24216], [-97.86804, 45.23937], [-97.84431, 45.23948], [-97.82202, 45.23937], [-97.79904, 45.23889], [-97.79491, 45.24001], [-97.78914, 45.24018], [-97.74665, 45.24041], [-97.72828, 45.24079], [-97.72457, 45.24043], [-97.67464, 45.24041], [-97.63705, 45.2402], [-97.63703, 45.23137], [-97.59747, 45.23106], [-97.59745, 45.22619], [-97.59612, 45.22347], [-97.59585, 45.19555], [-97.53483, 45.19561], [-97.53024, 45.19639], [-97.52127, 45.19637], [-97.5126, 45.1951], [-97.48009, 45.19552], [-97.42541, 45.19565], [-97.40228, 45.19573], [-97.40229, 45.18801], [-97.39254, 45.18798], [-97.35185, 45.18817], [-97.29204, 45.18767], [-97.28809, 45.1871], [-97.28354, 45.18779], [-97.26589, 45.18764], [-97.22548, 45.18852], [-97.22551, 45.19507], [-97.20352, 45.19495], [-97.16723, 45.1954], [-97.13383, 45.195], [-97.13383, 45.20951], [-97.10758, 45.20929], [-97.07493, 45.2092], [-97.03054, 45.20838], [-97.03055, 45.20681], [-97.0282, 45.20673]]}, "properties": {"owner": "OTTER TAIL COMPANY", "voltage_kv": 345.0}}, {"type": "Feature", "geometry": {"type": "LineString", "coordinates": [[-96.50704, 45.28143], [-96.50463, 45.2808], [-96.50466, 45.27503], [-96.50461, 45.26821], [-96.50461, 45.26123], [-96.50358, 45.2586], [-96.5046, 45.25584], [-96.50479, 45.24725], [-96.50878, 45.24262], [-96.50812, 45.23387], [-96.50705, 45.23101], [-96.5071, 45.22544], [-96.50687, 45.22265], [-96.49674, 45.21461], [-96.49669, 45.20865], [-96.49665, 45.19357], [-96.49681, 45.18451], [-96.49703, 45.17564], [-96.49812, 45.17278], [-96.49821, 45.1667], [-96.49827, 45.16064], [-96.49847, 45.14867], [-96.49881, 45.13655], [-96.50599, 45.12818], [-96.50805, 45.12565], [-96.50798, 45.11087], [-96.50786, 45.09894], [-96.50772, 45.0871], [-96.50769, 45.07528], [-96.50757, 45.06337], [-96.5075, 45.05744], [-96.5074, 45.04947], [-96.50721, 45.03966], [-96.50719, 45.03367], [-96.50692, 45.02482], [-96.50669, 45.01903], [-96.50673, 45.01614], [-96.50654, 45.00443], [-96.50653, 44.98978], [-96.50643, 44.9753], [-96.5061, 44.96074], [-96.50612, 44.94613], [-96.50606, 44.93171], [-96.50602, 44.91996], [-96.50567, 44.91712], [-96.5057, 44.90559], [-96.50589, 44.889], [-96.50586, 44.88607], [-96.50921, 44.88453], [-96.52106, 44.8841], [-96.54084, 44.88444], [-96.54094, 44.86588], [-96.53954, 44.86584], [-96.53961, 44.8645]]}, "properties": {"owner": "NOT AVAILABLE", "voltage_kv": 345.0}}, {"type": "Feature", "geometry": {"type": "LineString", "coordinates": [[-96.50704, 45.28143], [-96.5065, 45.28221], [-96.504, 45.28225], [-96.50356, 45.28212]]}, "properties": {"owner": "NOT AVAILABLE", "voltage_kv": 230.0}}, {"type": "Feature", "geometry": {"type": "LineString", "coordinates": [[-96.53961, 44.8645], [-96.53959, 44.86361], [-96.54082, 44.86363], [-96.54108, 44.86224], [-96.54118, 44.84884], [-96.54128, 44.84611], [-96.54134, 44.84061], [-96.54134, 44.82667], [-96.54138, 44.81833], [-96.5284, 44.81322], [-96.52098, 44.81175], [-96.52079, 44.80158], [-96.52076, 44.79895], [-96.51758, 44.7978], [-96.51398, 44.79776], [-96.51073, 44.79627], [-96.51077, 44.78324], [-96.52119, 44.78318], [-96.52116, 44.7685], [-96.51086, 44.76859], [-96.51098, 44.7489], [-96.5109, 44.73788], [-96.51078, 44.72626], [-96.51104, 44.71211], [-96.51084, 44.69461], [-96.51094, 44.6891], [-96.51094, 44.68883], [-96.51488, 44.68887], [-96.53469, 44.68883], [-96.53858, 44.68884], [-96.54123, 44.68686], [-96.54125, 44.67244], [-96.54119, 44.66951], [-96.54345, 44.66706], [-96.55148, 44.66705], [-96.56785, 44.66698], [-96.57191, 44.667], [-96.57177, 44.64952], [-96.57176, 44.63809], [-96.57169, 44.62641], [-96.5716, 44.61069], [-96.57163, 44.59754], [-96.57163, 44.58907], [-96.57162, 44.58351], [-96.57156, 44.58081], [-96.57477, 44.58074]]}, "properties": {"owner": "NOT AVAILABLE", "voltage_kv": 345.0}}, {"type": "Feature", "geometry": {"type": "LineString", "coordinates": [[-96.57477, 44.58074], [-96.57155, 44.58016], [-96.57157, 44.57267], [-96.57166, 44.56372], [-96.57142, 44.56092], [-96.57137, 44.54956], [-96.5714, 44.54403], [-96.56387, 44.54397], [-96.56025, 44.54364], [-96.56035, 44.53541], [-96.55117, 44.52134], [-96.54511, 44.51139], [-96.54513, 44.50561], [-96.54498, 44.5], [-96.54523, 44.49118], [-96.54509, 44.47138], [-96.54524, 44.45786], [-96.54227, 44.45634], [-96.53433, 44.45622], [-96.52669, 44.45618], [-96.52471, 44.45076], [-96.52496, 44.44521], [-96.52388, 44.44262], [-96.52059, 44.44152], [-96.5172, 44.44072], [-96.50642, 44.44173], [-96.50505, 44.43914], [-96.50511, 44.43392], [-96.50522, 44.4284], [-96.50382, 44.4261], [-96.50387, 44.42357], [-96.50444, 44.42082], [-96.50568, 44.41854], [-96.50766, 44.41624], [-96.50819, 44.41365], [-96.51164, 44.4062], [-96.51665, 44.4023], [-96.51861, 44.40011], [-96.52024, 44.39768], [-96.52281, 44.39577], [-96.52354, 44.3932], [-96.52384, 44.39042], [-96.53054, 44.3905], [-96.53056, 44.38997], [-96.5293, 44.38926]]}, "properties": {"owner": "NOT AVAILABLE", "voltage_kv": 345.0}}, {"type": "Feature", "geometry": {"type": "LineString", "coordinates": [[-96.50356, 45.28212], [-96.50407, 45.2753], [-96.50411, 45.2695], [-96.50524, 45.26869], [-96.50521, 45.2619], [-96.51492, 45.26186], [-96.52948, 45.26189], [-96.5348, 45.25942], [-96.53479, 45.25478], [-96.53478, 45.24436], [-96.53477, 45.23982], [-96.53747, 45.23804], [-96.53756, 45.23125], [-96.53816, 45.22785], [-96.5376, 45.22351], [-96.53763, 45.21922], [-96.5391, 45.21688], [-96.53956, 45.21443], [-96.53985, 45.21167], [-96.55362, 45.20898], [-96.55673, 45.20847], [-96.56591, 45.20837], [-96.57599, 45.2084], [-96.57829, 45.20647], [-96.57842, 45.19471], [-96.57927, 45.19385], [-96.6012, 45.19374], [-96.61999, 45.19372], [-96.62001, 45.17961], [-96.63856, 45.17953], [-96.63823, 45.17274], [-96.63995, 45.17222], [-96.63987, 45.16246], [-96.63983, 45.15382], [-96.65011, 45.15372], [-96.66032, 45.15367], [-96.66018, 45.14515], [-96.65993, 45.13322], [-96.65983, 45.1287], [-96.67172, 45.12871], [-96.69066, 45.12822], [-96.69063, 45.12286], [-96.69331, 45.12089], [-96.70221, 45.12083], [-96.70505, 45.12138], [-96.71659, 45.12115], [-96.73877, 45.12105], [-96.74745, 45.12098], [-96.74734, 45.1135], [-96.74732, 45.10193], [-96.74737, 45.10068], [-96.74945, 45.09908], [-96.76242, 45.09893], [-96.76503, 45.099], [-96.77694, 45.09212], [-96.78189, 45.09256], [-96.78308, 45.0921], [-96.7924, 45.09246], [-96.80043, 45.08815], [-96.80335, 45.08587], [-96.80773, 45.08196], [-96.81694, 45.0808], [-96.83084, 45.07899], [-96.83946, 45.07728], [-96.84445, 45.07066], [-96.84626, 45.0684], [-96.84894, 45.06756], [-96.85103, 45.06656], [-96.85717, 45.06302], [-96.8579, 45.0626], [-96.86068, 45.06348], [-96.87296, 45.06352], [-96.88185, 45.06359], [-96.88316, 45.06402], [-96.89609, 45.06387], [-96.90791, 45.0637], [-96.90764, 45.05697], [-96.90716, 45.04953], [-96.91265, 45.04493], [-96.91437, 45.04344], [-96.92118, 45.04357]]}, "properties": {"owner": "NOT AVAILABLE", "voltage_kv": 230.0}}, {"type": "Feature", "geometry": {"type": "LineString", "coordinates": [[-96.92118, 45.04357], [-96.92311, 45.04337], [-96.9233, 45.03505], [-96.92965, 45.03508], [-96.94305, 45.03516], [-96.94311, 45.02868], [-96.94289, 45.02249], [-96.94283, 45.02062], [-96.93448, 45.00725], [-96.93315, 45.00512], [-96.93311, 44.99655], [-96.9331, 44.99502], [-96.93085, 44.99442], [-96.92891, 44.99381], [-96.92911, 44.99302]]}, "properties": {"owner": "NOT AVAILABLE", "voltage_kv": 230.0}}, {"type": "Feature", "geometry": {"type": "LineString", "coordinates": [[-96.50704, 45.28143], [-96.50537, 45.28202], [-96.50533, 45.28299], [-96.50811, 45.28299], [-96.50792, 45.28454], [-96.50778, 45.28605], [-96.50951, 45.28993], [-96.50948, 45.29157], [-96.50542, 45.29658], [-96.50519, 45.29993], [-96.50758, 45.30163], [-96.50822, 45.30169], [-96.50844, 45.30197]]}, "properties": {"owner": "NOT AVAILABLE", "voltage_kv": 230.0}}, {"type": "Feature", "geometry": {"type": "LineString", "coordinates": [[-96.50844, 45.30197], [-96.50838, 45.30155], [-96.50763, 45.30147], [-96.50556, 45.29993], [-96.50578, 45.29665], [-96.50981, 45.29159], [-96.50987, 45.28983], [-96.50818, 45.28604], [-96.50925, 45.28226], [-96.508, 45.2821], [-96.50704, 45.28143]]}, "properties": {"owner": "NOT AVAILABLE", "voltage_kv": 230.0}}, {"type": "Feature", "geometry": {"type": "LineString", "coordinates": [[-98.10217, 45.37409], [-98.10336, 45.37432], [-98.13054, 45.37431], [-98.13293, 45.37669], [-98.16581, 45.40878], [-98.18531, 45.42801], [-98.22772, 45.46923], [-98.23809, 45.47938], [-98.23929, 45.48112], [-98.29603, 45.51547], [-98.30592, 45.52141], [-98.33081, 45.53647], [-98.42104, 45.59085], [-98.42426, 45.59276], [-98.44975, 45.60802], [-98.46208, 45.61543], [-98.47191, 45.62146], [-98.47941, 45.63289], [-98.49557, 45.65795], [-98.50856, 45.6609], [-98.5343, 45.66682], [-98.54236, 45.66863], [-98.54444, 45.67128], [-98.55263, 45.68039], [-98.55941, 45.68785], [-98.57531, 45.70695], [-98.59521, 45.73242], [-98.59964, 45.738], [-98.60579, 45.74384], [-98.64762, 45.77442], [-98.6589, 45.78251], [-98.66444, 45.78661], [-98.67859, 45.80139], [-98.69864, 45.82257], [-98.7011, 45.82519], [-98.70358, 45.82776], [-98.70549, 45.82977], [-98.70763, 45.83201], [-98.71003, 45.83457], [-98.71227, 45.83705], [-98.71524, 45.8386], [-98.71866, 45.84042], [-98.72211, 45.84225], [-98.72564, 45.84413], [-98.72916, 45.84599], [-98.7328, 45.84796], [-98.73617, 45.84975], [-98.73969, 45.85163], [-98.74336, 45.85356], [-98.74686, 45.85545], [-98.75039, 45.85731], [-98.75425, 45.85939], [-98.75741, 45.86104], [-98.76097, 45.86293], [-98.76457, 45.86484], [-98.76782, 45.86659], [-98.77175, 45.86868], [-98.77532, 45.87055], [-98.77889, 45.87245], [-98.78237, 45.87434], [-98.78589, 45.87619], [-98.78934, 45.87803], [-98.79294, 45.87992], [-98.79634, 45.88175], [-98.80007, 45.88372], [-98.8035, 45.88557], [-98.80719, 45.88752], [-98.81086, 45.88951], [-98.81434, 45.89132], [-98.81788, 45.89325], [-98.82143, 45.89517], [-98.82505, 45.89706], [-98.8286, 45.89896], [-98.83185, 45.90068], [-98.83514, 45.90244], [-98.83867, 45.90433], [-98.84222, 45.90621], [-98.84592, 45.90817], [-98.84923, 45.90992], [-98.85263, 45.91175], [-98.85674, 45.91352], [-98.86096, 45.91533], [-98.86479, 45.91699], [-98.86813, 45.91843], [-98.87186, 45.92007], [-98.87575, 45.9217], [-98.87954, 45.92337], [-98.88302, 45.9249], [-98.88606, 45.92622], [-98.88901, 45.92807], [-98.89212, 45.93001], [-98.8951, 45.9319], [-98.89761, 45.93348], [-98.89928, 45.93452], [-98.90311, 45.93695], [-98.90571, 45.93859], [-98.90605, 45.93881], [-98.90715, 45.9395], [-98.90789, 45.94008], [-98.92178, 45.94871], [-98.93262, 45.95559], [-98.93891, 45.9595], [-98.94763, 45.96495], [-98.95501, 45.96921], [-98.95816, 45.97098], [-98.96405, 45.97425], [-98.97113, 45.97813], [-98.98099, 45.98372], [-98.98857, 45.9879], [-98.99947, 45.99387], [-99.00736, 45.99831], [-99.01726, 46.00375], [-99.025, 46.00797], [-99.03131, 46.01147], [-99.04042, 46.01655], [-99.05366, 46.02395], [-99.05741, 46.02684], [-99.06544, 46.03305], [-99.07334, 46.03919], [-99.07868, 46.04341], [-99.08718, 46.04997], [-99.09515, 46.05613], [-99.10159, 46.06112], [-99.11083, 46.0686], [-99.11862, 46.07529], [-99.12473, 46.08069], [-99.1328, 46.08761], [-99.14155, 46.09508], [-99.15022, 46.10247], [-99.15655, 46.10656], [-99.16559, 46.1124], [-99.17552, 46.11894], [-99.18154, 46.12279], [-99.18797, 46.12694], [-99.19497, 46.13144], [-99.20468, 46.13769], [-99.21083, 46.14175], [-99.21385, 46.1436], [-99.21977, 46.14745], [-99.22779, 46.15149], [-99.24104, 46.15805], [-99.25139, 46.16319], [-99.26314, 46.16923], [-99.27543, 46.17572], [-99.28539, 46.18103], [-99.29594, 46.18661], [-99.30429, 46.19098], [-99.31788, 46.19749], [-99.33306, 46.20322], [-99.34781, 46.20863], [-99.36071, 46.21347], [-99.37571, 46.21901], [-99.38952, 46.2242], [-99.40394, 46.22947], [-99.40819, 46.23412], [-99.4171, 46.24366], [-99.42696, 46.25439], [-99.43138, 46.25921], [-99.44078, 46.26583], [-99.45068, 46.27297], [-99.46257, 46.28169], [-99.47645, 46.29168], [-99.49193, 46.30286], [-99.50308, 46.31087], [-99.5182, 46.3217], [-99.52851, 46.32909], [-99.53226, 46.33451], [-99.54327, 46.34991], [-99.55326, 46.36366], [-99.56114, 46.37458], [-99.57049, 46.38734], [-99.58014, 46.40082], [-99.59017, 46.41465], [-99.59687, 46.42387], [-99.60312, 46.4327], [-99.61246, 46.44578], [-99.61956, 46.45571], [-99.62853, 46.4678], [-99.63637, 46.47764], [-99.64345, 46.48619], [-99.65133, 46.49603], [-99.65874, 46.50507], [-99.66296, 46.51033], [-99.66759, 46.51581], [-99.67557, 46.52577], [-99.68025, 46.53182], [-99.68895, 46.54248], [-99.69694, 46.55228], [-99.7032, 46.55995], [-99.7093, 46.56745], [-99.71588, 46.57549], [-99.72235, 46.58341], [-99.73454, 46.59831], [-99.74171, 46.60724], [-99.74832, 46.6152], [-99.75643, 46.62549], [-99.7634, 46.63343], [-99.76991, 46.63967], [-99.77994, 46.64933], [-99.78974, 46.65881], [-99.79812, 46.66691], [-99.80842, 46.67697], [-99.8181, 46.68633], [-99.82543, 46.69339], [-99.83546, 46.70337], [-99.84573, 46.71315], [-99.8541, 46.72313], [-99.86278, 46.73331], [-99.86739, 46.73853], [-99.87618, 46.74898], [-99.88955, 46.76487], [-99.89885, 46.77568], [-99.90969, 46.78887], [-99.91413, 46.79404], [-99.91876, 46.79948], [-99.92555, 46.80737], [-99.93631, 46.80807], [-99.94473, 46.80862], [-99.95226, 46.80923], [-99.96115, 46.8097], [-99.96889, 46.81022], [-99.97712, 46.81076], [-99.98587, 46.81132], [-99.99428, 46.81184], [-100.00292, 46.81243], [-100.01242, 46.81303], [-100.02131, 46.8136], [-100.02965, 46.81413], [-100.037, 46.81458], [-100.04699, 46.81524], [-100.05552, 46.81578], [-100.06363, 46.81631], [-100.07531, 46.81707], [-100.08388, 46.81761], [-100.09276, 46.81817], [-100.10185, 46.81875], [-100.11258, 46.81947], [-100.12056, 46.81994], [-100.13287, 46.82073], [-100.14175, 46.82127], [-100.1472, 46.82445], [-100.15631, 46.82971], [-100.16316, 46.83367], [-100.16994, 46.83753], [-100.17707, 46.84163], [-100.18708, 46.84748], [-100.19402, 46.85141], [-100.20112, 46.85557], [-100.21153, 46.86173], [-100.21448, 46.86261], [-100.22281, 46.86528], [-100.23328, 46.86861], [-100.24063, 46.87095], [-100.25491, 46.87554], [-100.2628, 46.87803], [-100.26916, 46.88009], [-100.27772, 46.88282], [-100.2884, 46.88632], [-100.29615, 46.88995], [-100.3001, 46.89181], [-100.30847, 46.89574], [-100.31624, 46.89943], [-100.32336, 46.90278], [-100.33089, 46.9064], [-100.33854, 46.90998], [-100.34965, 46.91525], [-100.35728, 46.91882], [-100.36775, 46.92379], [-100.37523, 46.92728], [-100.38848, 46.93364], [-100.39548, 46.93695], [-100.40675, 46.94224], [-100.41742, 46.94725], [-100.42452, 46.95063], [-100.43073, 46.95368], [-100.43761, 46.9569], [-100.44908, 46.9623], [-100.45582, 46.96543], [-100.4639, 46.96928], [-100.4704, 46.97231], [-100.4786, 46.97621], [-100.48698, 46.98011], [-100.49668, 46.98466], [-100.50413, 46.98816], [-100.51143, 46.99155], [-100.51526, 46.99339], [-100.52367, 46.99737], [-100.53349, 47.00207], [-100.5395, 47.00485], [-100.54665, 47.00822], [-100.55568, 47.01246], [-100.56508, 47.01682], [-100.57346, 47.02079], [-100.58194, 47.02472], [-100.59362, 47.03023], [-100.60214, 47.03436], [-100.60951, 47.0378], [-100.61204, 47.03895], [-100.61587, 47.04012], [-100.62356, 47.04239], [-100.63465, 47.04567], [-100.64288, 47.04813], [-100.65107, 47.05057], [-100.66169, 47.05374], [-100.67054, 47.05636], [-100.67958, 47.05914], [-100.68734, 47.06145], [-100.69739, 47.06446], [-100.70753, 47.06746], [-100.71499, 47.06971], [-100.7227, 47.07198], [-100.73049, 47.07426], [-100.73892, 47.07733], [-100.74667, 47.08014], [-100.75495, 47.08325], [-100.7661, 47.0873], [-100.77245, 47.08956], [-100.78134, 47.09282], [-100.78708, 47.09486], [-100.79569, 47.09798], [-100.80619, 47.10107], [-100.81434, 47.10353], [-100.82252, 47.10592], [-100.83204, 47.10884], [-100.83918, 47.11096], [-100.84869, 47.11377], [-100.85794, 47.1165], [-100.867, 47.11919], [-100.87517, 47.1216], [-100.88498, 47.12448], [-100.89333, 47.12696], [-100.89648, 47.12694], [-100.90633, 47.12695], [-100.91421, 47.12693], [-100.91868, 47.12692], [-100.92662, 47.12691], [-100.93527, 47.12691], [-100.94304, 47.1269], [-100.95294, 47.12691], [-100.95815, 47.12692], [-100.96734, 47.12689], [-100.97526, 47.13177], [-100.98304, 47.13667], [-100.9886, 47.14015], [-100.9926, 47.14258], [-100.99859, 47.14627], [-101.00474, 47.15006], [-101.0115, 47.15424], [-101.01914, 47.15894], [-101.02727, 47.16389], [-101.03391, 47.16798], [-101.04298, 47.17354], [-101.04998, 47.17787], [-101.0589, 47.1835], [-101.0691, 47.18977], [-101.08056, 47.19677], [-101.08861, 47.20172], [-101.0952, 47.2058], [-101.10173, 47.20977], [-101.11056, 47.20992], [-101.1213, 47.21014], [-101.13181, 47.21028], [-101.1433, 47.21049], [-101.15239, 47.21065], [-101.16332, 47.21085], [-101.17569, 47.21103], [-101.18406, 47.21116], [-101.1928, 47.21132], [-101.20205, 47.21148], [-101.21513, 47.21172], [-101.22333, 47.21185], [-101.2304, 47.21194], [-101.23428, 47.21192], [-101.24205, 47.21196], [-101.25188, 47.21199], [-101.25985, 47.21203], [-101.26621, 47.21646], [-101.27329, 47.22131], [-101.27616, 47.22336], [-101.28463, 47.22935], [-101.29219, 47.23442], [-101.29817, 47.23847], [-101.30558, 47.24353], [-101.31194, 47.24781], [-101.31183, 47.25199], [-101.3116, 47.25827], [-101.31144, 47.26426], [-101.31117, 47.2717], [-101.31094, 47.27717], [-101.31115, 47.28181], [-101.31452, 47.28255], [-101.31751, 47.2827]]}, "properties": {"owner": "NOT AVAILABLE", "voltage_kv": 345.0}}, {"type": "Feature", "geometry": {"type": "LineString", "coordinates": [[-99.43303, 44.1291], [-99.43239, 44.12947], [-99.43203, 44.12989], [-99.43066, 44.13141], [-99.43038, 44.13173], [-99.42971, 44.13248], [-99.42831, 44.13407], [-99.42832, 44.13649], [-99.42832, 44.13685], [-99.42838, 44.14007], [-99.42837, 44.14363], [-99.42841, 44.14661], [-99.42844, 44.14994], [-99.42845, 44.15227], [-99.42848, 44.15549], [-99.4285, 44.15832], [-99.42854, 44.16111], [-99.42856, 44.16445], [-99.42859, 44.16732], [-99.42862, 44.17025], [-99.42863, 44.17345], [-99.42866, 44.17642], [-99.42869, 44.17954], [-99.42871, 44.18264], [-99.42875, 44.18615], [-99.42877, 44.18889], [-99.4288, 44.19107], [-99.43116, 44.19353], [-99.43327, 44.1957], [-99.43573, 44.19822], [-99.4382, 44.20076], [-99.44067, 44.20327], [-99.44295, 44.20563], [-99.44558, 44.20832], [-99.44793, 44.21074], [-99.45011, 44.21298], [-99.45239, 44.21531], [-99.45513, 44.21813], [-99.45694, 44.22003], [-99.45957, 44.22273], [-99.46194, 44.22515], [-99.46315, 44.22752], [-99.46414, 44.22953], [-99.46537, 44.23194], [-99.46689, 44.23497], [-99.46832, 44.23779], [-99.46976, 44.24066], [-99.47129, 44.24364], [-99.47272, 44.24646], [-99.47431, 44.24959], [-99.47564, 44.25221], [-99.4772, 44.25532], [-99.47847, 44.25779], [-99.47982, 44.26047], [-99.48131, 44.26341], [-99.48276, 44.26628], [-99.48409, 44.26886], [-99.4853, 44.27128], [-99.4867, 44.27404], [-99.48825, 44.27709], [-99.48971, 44.27996], [-99.49111, 44.28273], [-99.49258, 44.28563], [-99.49407, 44.28856], [-99.49551, 44.2914], [-99.49691, 44.29417], [-99.49792, 44.29616], [-99.49945, 44.29916], [-99.50104, 44.30231], [-99.5027, 44.30557], [-99.50392, 44.30796], [-99.50544, 44.31096], [-99.50693, 44.3139], [-99.50848, 44.31695], [-99.50995, 44.31982], [-99.51125, 44.32243], [-99.51288, 44.32562], [-99.51426, 44.32833], [-99.51574, 44.33124], [-99.51678, 44.3333], [-99.5184, 44.33651], [-99.51977, 44.33917], [-99.52124, 44.34206], [-99.52258, 44.3447], [-99.52419, 44.34788], [-99.52577, 44.35101], [-99.52729, 44.35396], [-99.52882, 44.35693], [-99.53032, 44.35989], [-99.53178, 44.36277], [-99.53324, 44.36568], [-99.53476, 44.36864], [-99.53621, 44.37147], [-99.53766, 44.3743], [-99.53904, 44.37708], [-99.54057, 44.38008], [-99.542, 44.38287], [-99.54343, 44.38569], [-99.54494, 44.38867], [-99.54629, 44.39133], [-99.54769, 44.39406], [-99.54915, 44.39697], [-99.55072, 44.39998], [-99.55215, 44.40282], [-99.5536, 44.40564], [-99.55511, 44.40861], [-99.55656, 44.41147], [-99.55799, 44.41427], [-99.55952, 44.41727], [-99.56081, 44.41982], [-99.5625, 44.42313], [-99.56394, 44.42597], [-99.56543, 44.4289], [-99.56696, 44.43189], [-99.5683, 44.43451], [-99.56972, 44.43734], [-99.57114, 44.4401], [-99.57265, 44.44304], [-99.57413, 44.44594], [-99.57567, 44.44896], [-99.57708, 44.45171], [-99.57831, 44.45414], [-99.57972, 44.45687], [-99.58114, 44.45965], [-99.58272, 44.46275], [-99.58412, 44.4655], [-99.58558, 44.46835], [-99.58711, 44.47134], [-99.58853, 44.47411], [-99.58996, 44.47692], [-99.59156, 44.48005], [-99.59296, 44.48283], [-99.59449, 44.48583], [-99.59598, 44.48872], [-99.5975, 44.49165], [-99.59894, 44.49447], [-99.6005, 44.49752], [-99.60229, 44.50078], [-99.60409, 44.50409], [-99.60583, 44.50714], [-99.60748, 44.51018], [-99.60898, 44.51292], [-99.6106, 44.51583], [-99.61213, 44.51864], [-99.61375, 44.52158], [-99.61528, 44.52432], [-99.61693, 44.5273], [-99.61836, 44.52992], [-99.61978, 44.53249], [-99.62113, 44.53497], [-99.6228, 44.53797], [-99.62436, 44.5408], [-99.62587, 44.54353], [-99.62741, 44.54634], [-99.62904, 44.54926], [-99.63076, 44.55237], [-99.63231, 44.55518], [-99.63391, 44.5581], [-99.63554, 44.56101], [-99.63713, 44.56391], [-99.63867, 44.56666], [-99.6403, 44.56964], [-99.64186, 44.57248], [-99.64346, 44.57539], [-99.6449, 44.57796], [-99.64633, 44.58057], [-99.64787, 44.58331], [-99.64948, 44.58623], [-99.65117, 44.58928], [-99.65269, 44.59204], [-99.65391, 44.59425], [-99.65544, 44.597], [-99.65719, 44.60018], [-99.65886, 44.60319], [-99.6603, 44.60579], [-99.66193, 44.60872], [-99.66352, 44.61159], [-99.66491, 44.61414], [-99.66634, 44.61668], [-99.6676, 44.61908], [-99.66907, 44.62187], [-99.6704, 44.62441], [-99.67157, 44.62662], [-99.67332, 44.62993], [-99.67505, 44.63324], [-99.67662, 44.63622], [-99.67817, 44.63915], [-99.67971, 44.64212], [-99.68122, 44.64496], [-99.68266, 44.64771], [-99.68408, 44.65041], [-99.6855, 44.6531], [-99.687, 44.65596], [-99.68847, 44.65877], [-99.68998, 44.66163], [-99.69156, 44.66462], [-99.69318, 44.6677], [-99.69474, 44.67064], [-99.69621, 44.67345], [-99.69771, 44.67631], [-99.69922, 44.67918], [-99.70069, 44.68197], [-99.70212, 44.68466], [-99.70361, 44.6875], [-99.70519, 44.69046], [-99.70665, 44.69326], [-99.7083, 44.69637], [-99.70972, 44.69907], [-99.71137, 44.7022], [-99.71301, 44.70532], [-99.71445, 44.70806], [-99.7159, 44.71082], [-99.71727, 44.71342], [-99.71855, 44.71582], [-99.72, 44.71857], [-99.72153, 44.72146], [-99.723, 44.72426], [-99.72463, 44.72736], [-99.7263, 44.7305], [-99.72803, 44.73379], [-99.72979, 44.73712], [-99.73076, 44.73895], [-99.73205, 44.74112], [-99.73351, 44.74355], [-99.73511, 44.74622], [-99.73677, 44.749], [-99.73853, 44.75195], [-99.74024, 44.7548], [-99.74187, 44.75753], [-99.74354, 44.76033], [-99.74507, 44.76289], [-99.74659, 44.76541], [-99.74851, 44.76864], [-99.75026, 44.77155], [-99.752, 44.77445], [-99.75364, 44.7772], [-99.75519, 44.77976], [-99.75663, 44.78219], [-99.75816, 44.7847], [-99.75987, 44.78758], [-99.76136, 44.79007], [-99.76301, 44.79282], [-99.76479, 44.79579], [-99.76649, 44.79863], [-99.76774, 44.80075], [-99.76949, 44.80363], [-99.7713, 44.80666], [-99.77306, 44.80958], [-99.77468, 44.81229], [-99.77616, 44.81476], [-99.77795, 44.81776], [-99.77977, 44.8208], [-99.78144, 44.82358], [-99.78308, 44.82634], [-99.7848, 44.82918], [-99.78652, 44.83204], [-99.78811, 44.83469], [-99.78999, 44.83784], [-99.79192, 44.84105], [-99.79343, 44.84358], [-99.79492, 44.84606], [-99.79639, 44.84851], [-99.7981, 44.85135], [-99.79987, 44.85429], [-99.80159, 44.85713], [-99.80291, 44.85935], [-99.80447, 44.86196], [-99.80637, 44.8651], [-99.80824, 44.86823], [-99.80989, 44.871], [-99.81156, 44.87375], [-99.81312, 44.87636], [-99.81463, 44.87887], [-99.81625, 44.88157], [-99.81781, 44.88414], [-99.81949, 44.88694], [-99.82071, 44.88945], [-99.82183, 44.89174], [-99.82296, 44.89409], [-99.82427, 44.89678], [-99.82563, 44.89957], [-99.82682, 44.90204], [-99.82846, 44.90543], [-99.83002, 44.90866], [-99.83133, 44.91133], [-99.83266, 44.91408], [-99.83385, 44.91654], [-99.83511, 44.91912], [-99.83652, 44.92201], [-99.83774, 44.92453], [-99.83898, 44.92706], [-99.84041, 44.93003], [-99.84177, 44.93283], [-99.8431, 44.93555], [-99.84438, 44.93821], [-99.84593, 44.94137], [-99.84729, 44.94418], [-99.84866, 44.94699], [-99.85004, 44.94984], [-99.8514, 44.95262], [-99.85275, 44.95539], [-99.8541, 44.95816], [-99.85542, 44.96089], [-99.85681, 44.96373], [-99.85813, 44.96644], [-99.85948, 44.96922], [-99.86059, 44.97149], [-99.86172, 44.97382], [-99.86303, 44.97651], [-99.86441, 44.97935], [-99.8658, 44.98219], [-99.86728, 44.98526], [-99.86883, 44.98841], [-99.87009, 44.99101], [-99.87137, 44.99363], [-99.87279, 44.99659], [-99.87421, 44.99949], [-99.87558, 45.0023], [-99.87697, 45.00516], [-99.87839, 45.00806], [-99.87978, 45.01098], [-99.88122, 45.01392], [-99.8826, 45.01674], [-99.88396, 45.01954], [-99.88532, 45.02236], [-99.88671, 45.02518], [-99.88807, 45.02795], [-99.88938, 45.03065], [-99.89078, 45.03352], [-99.89225, 45.03654], [-99.89369, 45.03943], [-99.89487, 45.04188], [-99.89653, 45.04388], [-99.89826, 45.04605], [-99.9003, 45.04852], [-99.90232, 45.05101], [-99.90446, 45.05362], [-99.90668, 45.05633], [-99.90892, 45.05906], [-99.91111, 45.06175], [-99.91317, 45.06425], [-99.91528, 45.06685], [-99.9173, 45.06931], [-99.91955, 45.07207], [-99.92165, 45.07462], [-99.92383, 45.07728], [-99.92601, 45.07994], [-99.92816, 45.08257], [-99.93024, 45.0851], [-99.93235, 45.0877], [-99.93438, 45.09018], [-99.93644, 45.0927], [-99.93876, 45.09553], [-99.94057, 45.09774], [-99.94269, 45.10034], [-99.9449, 45.10299], [-99.94716, 45.10577], [-99.94924, 45.10833], [-99.95088, 45.11031], [-99.95299, 45.11283], [-99.95519, 45.11563], [-99.95723, 45.11812], [-99.95941, 45.12076], [-99.96175, 45.12362], [-99.96371, 45.12606], [-99.96586, 45.12865], [-99.9682, 45.13149], [-99.97034, 45.13411], [-99.97238, 45.1366], [-99.97442, 45.13907], [-99.97662, 45.14177], [-99.97885, 45.14448], [-99.98084, 45.14688], [-99.98274, 45.14922], [-99.98482, 45.15174], [-99.98692, 45.15431], [-99.98921, 45.15711], [-99.99121, 45.15953], [-99.99322, 45.16199], [-99.99535, 45.16456], [-99.99742, 45.1671], [-99.99956, 45.16969], [-100.00166, 45.17225], [-100.00377, 45.17482], [-100.00595, 45.17747], [-100.00796, 45.17991], [-100.01014, 45.18254], [-100.01264, 45.1856], [-100.01461, 45.188], [-100.01715, 45.19106], [-100.01923, 45.19361], [-100.02132, 45.19615], [-100.02337, 45.19865], [-100.02579, 45.20158], [-100.02825, 45.20459], [-100.03083, 45.20698], [-100.03362, 45.20959], [-100.03611, 45.21191], [-100.03882, 45.21444], [-100.04142, 45.21684], [-100.04412, 45.21943], [-100.04663, 45.22181], [-100.04935, 45.2243], [-100.05187, 45.22666], [-100.0547, 45.22932], [-100.05696, 45.2314], [-100.05955, 45.23381], [-100.0618, 45.23595], [-100.06389, 45.23791], [-100.0668, 45.24061], [-100.06921, 45.24287], [-100.07139, 45.2449], [-100.07411, 45.24743], [-100.07716, 45.25027], [-100.0802, 45.25312], [-100.08267, 45.25542], [-100.08564, 45.25818], [-100.08817, 45.26054], [-100.09092, 45.26311], [-100.09318, 45.26521], [-100.09557, 45.26744], [-100.09807, 45.26975], [-100.10069, 45.27221], [-100.10267, 45.27407], [-100.10567, 45.27685], [-100.10849, 45.27948], [-100.11153, 45.28228], [-100.11436, 45.28495], [-100.11683, 45.28726], [-100.11971, 45.28991], [-100.12234, 45.29239], [-100.1251, 45.29495], [-100.12799, 45.29766], [-100.13106, 45.3005], [-100.13408, 45.30333], [-100.13706, 45.30608], [-100.13957, 45.30841], [-100.14199, 45.31064], [-100.14389, 45.31246], [-100.14625, 45.31465], [-100.14847, 45.31672], [-100.15118, 45.31924], [-100.15387, 45.32172], [-100.15638, 45.32406], [-100.15883, 45.32634], [-100.16147, 45.32878], [-100.16342, 45.33059], [-100.16576, 45.33277], [-100.1683, 45.33516], [-100.17016, 45.33686], [-100.17231, 45.33887], [-100.17402, 45.34046], [-100.17662, 45.34286], [-100.17919, 45.34527], [-100.18076, 45.34669], [-100.18299, 45.34878], [-100.18557, 45.35116], [-100.18835, 45.35375], [-100.19088, 45.35608], [-100.19317, 45.35822], [-100.19562, 45.36051], [-100.19751, 45.36227], [-100.19917, 45.3638], [-100.20106, 45.36553], [-100.20339, 45.36772], [-100.20566, 45.36979], [-100.20823, 45.3722], [-100.21048, 45.37429], [-100.2129, 45.37656], [-100.21287, 45.37955], [-100.21291, 45.38247], [-100.21293, 45.38474], [-100.21294, 45.38693], [-100.21292, 45.39023], [-100.2129, 45.3928], [-100.21288, 45.39612], [-100.2129, 45.3991], [-100.2129, 45.40209], [-100.2129, 45.40539], [-100.21287, 45.40823], [-100.21288, 45.4111], [-100.21284, 45.41406], [-100.21286, 45.41718], [-100.21286, 45.42022], [-100.21286, 45.42349], [-100.21286, 45.42651], [-100.21285, 45.42952], [-100.21284, 45.43254], [-100.21286, 45.43561], [-100.21287, 45.43855], [-100.21284, 45.44077], [-100.21285, 45.44308], [-100.21282, 45.44618], [-100.21281, 45.44937], [-100.21281, 45.45238], [-100.21279, 45.4556], [-100.21279, 45.45847], [-100.2128, 45.46144], [-100.21281, 45.46449], [-100.21281, 45.46738], [-100.21276, 45.47014], [-100.21278, 45.47309], [-100.21278, 45.47613], [-100.21277, 45.47913], [-100.21276, 45.48216], [-100.21274, 45.48463], [-100.21276, 45.48737], [-100.21276, 45.49], [-100.21278, 45.4929], [-100.21279, 45.49458], [-100.21274, 45.49759], [-100.21275, 45.50112], [-100.21274, 45.50461], [-100.21274, 45.50742], [-100.21273, 45.5105], [-100.21274, 45.51238], [-100.21274, 45.51262], [-100.2127, 45.51519], [-100.21272, 45.51824], [-100.21272, 45.52113], [-100.21273, 45.52399], [-100.21271, 45.5275], [-100.2127, 45.53034], [-100.2127, 45.53319], [-100.21269, 45.53614], [-100.21266, 45.53929], [-100.21267, 45.54234], [-100.21267, 45.54527], [-100.21267, 45.54785], [-100.21265, 45.55077], [-100.21265, 45.55346], [-100.21264, 45.55607], [-100.21265, 45.55897], [-100.2126, 45.56206], [-100.21264, 45.56515], [-100.21264, 45.56785], [-100.21263, 45.57096], [-100.21261, 45.57373], [-100.21286, 45.57668], [-100.21305, 45.5786], [-100.21325, 45.58106], [-100.21348, 45.58355], [-100.21367, 45.58639], [-100.21392, 45.58919], [-100.21413, 45.59207], [-100.21445, 45.59484], [-100.21451, 45.59767], [-100.21456, 45.60041], [-100.21463, 45.60316], [-100.21468, 45.60623], [-100.21475, 45.60919], [-100.2148, 45.6122], [-100.21487, 45.61521], [-100.21492, 45.61814], [-100.21496, 45.62089], [-100.21503, 45.6237], [-100.21509, 45.62665], [-100.21514, 45.62964], [-100.2152, 45.63268], [-100.21525, 45.6355], [-100.21531, 45.63851], [-100.21537, 45.64151], [-100.21544, 45.64453], [-100.21551, 45.64763], [-100.21556, 45.6507], [-100.21558, 45.65377], [-100.21566, 45.65699], [-100.21573, 45.66004], [-100.21578, 45.6633], [-100.21586, 45.666], [-100.2159, 45.6686], [-100.21597, 45.67203], [-100.21604, 45.67557], [-100.2161, 45.67849], [-100.21615, 45.68164], [-100.21622, 45.68518], [-100.21629, 45.68873], [-100.21635, 45.6918], [-100.21641, 45.69499], [-100.21648, 45.69787], [-100.21652, 45.70149], [-100.21658, 45.70433], [-100.21656, 45.70563], [-100.21663, 45.70947], [-100.21662, 45.71293], [-100.21669, 45.71603], [-100.21673, 45.71935], [-100.21675, 45.72215], [-100.21672, 45.72543], [-100.21679, 45.72887], [-100.2168, 45.73089], [-100.21682, 45.73286], [-100.21685, 45.7357], [-100.21688, 45.73844], [-100.2169, 45.74191], [-100.21691, 45.7447], [-100.21691, 45.74744], [-100.21695, 45.75085], [-100.21702, 45.75403], [-100.21703, 45.75695], [-100.21703, 45.76018], [-100.21707, 45.76278], [-100.21692, 45.76625], [-100.21679, 45.7698], [-100.21667, 45.77277], [-100.21652, 45.77604], [-100.21639, 45.77949], [-100.21627, 45.78271], [-100.21615, 45.78607], [-100.21599, 45.78938], [-100.21591, 45.79183], [-100.21572, 45.79529], [-100.21563, 45.79847], [-100.21556, 45.80015], [-100.21543, 45.80308], [-100.21534, 45.80572], [-100.21523, 45.8084], [-100.21509, 45.81171], [-100.21491, 45.81553], [-100.2148, 45.8187], [-100.21468, 45.82183], [-100.21456, 45.82496], [-100.21441, 45.82848], [-100.21428, 45.83191], [-100.21417, 45.83467], [-100.21416, 45.83709], [-100.21417, 45.83863], [-100.21416, 45.84231], [-100.21417, 45.84591], [-100.21417, 45.84926], [-100.21419, 45.85243], [-100.21419, 45.85521], [-100.21419, 45.8582], [-100.21418, 45.86094], [-100.21419, 45.86443], [-100.2142, 45.86719], [-100.21418, 45.87034], [-100.21419, 45.87307], [-100.2142, 45.8763], [-100.21421, 45.87954], [-100.2142, 45.8831], [-100.21422, 45.88629], [-100.21422, 45.88885], [-100.21422, 45.89151], [-100.21421, 45.89445], [-100.21421, 45.89779], [-100.21422, 45.90097], [-100.21423, 45.90409], [-100.21424, 45.90711], [-100.21424, 45.91026], [-100.21421, 45.9132], [-100.21664, 45.91529], [-100.21911, 45.91739], [-100.22159, 45.91949], [-100.22405, 45.92157], [-100.22688, 45.92399], [-100.22858, 45.92543], [-100.22913, 45.9259], [-100.23114, 45.9276], [-100.23335, 45.92946], [-100.2363, 45.93198], [-100.23933, 45.93452], [-100.24204, 45.93684], [-100.24454, 45.93897], [-100.24756, 45.94153], [-100.24768, 45.94163], [-100.24813, 45.94201], [-100.24933, 45.94302], [-100.24958, 45.94331], [-100.25506, 45.94786], [-100.26371, 45.95534], [-100.2733, 45.96345], [-100.28094, 45.96998], [-100.28924, 45.97694], [-100.29671, 45.98327], [-100.30184, 45.98764], [-100.30892, 45.99351], [-100.31062, 45.99551], [-100.31464, 46.0001], [-100.32247, 46.00902], [-100.32468, 46.01163], [-100.32942, 46.0169], [-100.33633, 46.02505], [-100.34184, 46.03138], [-100.34662, 46.03684], [-100.35514, 46.04645], [-100.36304, 46.05547], [-100.36806, 46.06122], [-100.37486, 46.07087], [-100.37998, 46.07811], [-100.38684, 46.08776], [-100.39281, 46.09628], [-100.39945, 46.10571], [-100.40599, 46.11504], [-100.41007, 46.12012], [-100.4119, 46.1231], [-100.4159, 46.12859], [-100.42186, 46.1368], [-100.42607, 46.14251], [-100.43214, 46.15082], [-100.43617, 46.15895], [-100.4384, 46.16353], [-100.44097, 46.16875], [-100.44447, 46.17582], [-100.44949, 46.18572], [-100.45119, 46.18939], [-100.45436, 46.19561], [-100.4584, 46.20383], [-100.46326, 46.21374], [-100.46751, 46.22231], [-100.47045, 46.22823], [-100.47441, 46.2362], [-100.47729, 46.24201], [-100.47968, 46.24682], [-100.48288, 46.25318], [-100.49348, 46.25441], [-100.50424, 46.25573], [-100.51346, 46.25683], [-100.51673, 46.25776], [-100.52669, 46.26055], [-100.5342, 46.26265], [-100.54254, 46.26498], [-100.55074, 46.2673], [-100.56173, 46.27049], [-100.56362, 46.26979], [-100.57147, 46.26714], [-100.57772, 46.26488], [-100.58163, 46.26357], [-100.58644, 46.26847], [-100.59269, 46.27485], [-100.59957, 46.28187], [-100.60661, 46.28907], [-100.61372, 46.29631], [-100.62165, 46.30437], [-100.62621, 46.3091], [-100.63255, 46.31557], [-100.6389, 46.3222], [-100.64432, 46.32813], [-100.64879, 46.3328], [-100.65338, 46.33763], [-100.65826, 46.34273], [-100.66242, 46.34711], [-100.66971, 46.35472], [-100.67433, 46.35964], [-100.67891, 46.36446], [-100.68383, 46.36957], [-100.68647, 46.37236], [-100.69142, 46.37758], [-100.69637, 46.38281], [-100.70142, 46.38801], [-100.7062, 46.39302], [-100.70994, 46.39703], [-100.71603, 46.40338], [-100.72222, 46.40957], [-100.72744, 46.41483], [-100.73233, 46.41968], [-100.7367, 46.42409], [-100.74232, 46.42975], [-100.74511, 46.43251], [-100.7477, 46.43509], [-100.75284, 46.44033], [-100.75735, 46.44475], [-100.76243, 46.4499], [-100.76687, 46.45433], [-100.77181, 46.45925], [-100.78231, 46.46984], [-100.78722, 46.47478], [-100.7914, 46.48101], [-100.79745, 46.48954], [-100.80318, 46.49772], [-100.80796, 46.50458], [-100.8137, 46.51282], [-100.8177, 46.51843], [-100.82297, 46.52595], [-100.82642, 46.53086], [-100.83188, 46.53859], [-100.83549, 46.54384], [-100.83969, 46.54979], [-100.84389, 46.55569], [-100.8484, 46.56207], [-100.85269, 46.56823], [-100.85676, 46.57391], [-100.85864, 46.57674], [-100.86418, 46.58477], [-100.86797, 46.59026], [-100.87194, 46.59593], [-100.87407, 46.5989], [-100.87978, 46.60703], [-100.88602, 46.61587], [-100.89097, 46.62288], [-100.8964, 46.63067], [-100.90151, 46.63784], [-100.90511, 46.64298], [-100.91092, 46.65122], [-100.91525, 46.65736], [-100.91969, 46.66366], [-100.9242, 46.67006], [-100.92795, 46.67532], [-100.93368, 46.68328], [-100.93936, 46.6915], [-100.94092, 46.69449], [-100.94545, 46.70182], [-100.94816, 46.70644], [-100.95146, 46.71161], [-100.95638, 46.71991], [-100.95982, 46.72562], [-100.96708, 46.73737], [-100.97042, 46.74278], [-100.97417, 46.7485], [-100.97604, 46.75124], [-100.97793, 46.75419], [-100.98155, 46.75959], [-100.98491, 46.76485], [-100.98916, 46.77112], [-100.9931, 46.7772], [-100.99638, 46.78216], [-101.00019, 46.78796], [-101.00393, 46.7937], [-101.00892, 46.80118], [-101.01228, 46.80658], [-101.01887, 46.81672], [-101.02194, 46.82163], [-101.02348, 46.82399], [-101.02714, 46.82971], [-101.03243, 46.8381], [-101.03718, 46.8453], [-101.04284, 46.85409], [-101.0464, 46.85961], [-101.04918, 46.86396], [-101.0533, 46.87038], [-101.05652, 46.87539], [-101.05832, 46.87823], [-101.06496, 46.88848], [-101.071, 46.89793], [-101.07435, 46.9032], [-101.07815, 46.90914], [-101.0837, 46.9177], [-101.08882, 46.92554], [-101.09433, 46.93399], [-101.09931, 46.94158], [-101.1044, 46.94941], [-101.10979, 46.95783], [-101.1162, 46.96766], [-101.11945, 46.97254], [-101.12518, 46.98138], [-101.13105, 46.9904], [-101.13629, 46.99852], [-101.14161, 47.00659], [-101.1468, 47.01443], [-101.15026, 47.01975], [-101.15572, 47.02808], [-101.15941, 47.03368], [-101.16292, 47.03896], [-101.16427, 47.04276], [-101.1687, 47.05141], [-101.17282, 47.05906], [-101.17663, 47.06761], [-101.18042, 47.07613], [-101.18368, 47.08339], [-101.18619, 47.08897], [-101.18857, 47.09452], [-101.19297, 47.10192], [-101.1962, 47.10742], [-101.20059, 47.11502], [-101.20683, 47.1256], [-101.21039, 47.13156], [-101.2163, 47.1392], [-101.22186, 47.14641], [-101.22765, 47.15396], [-101.23367, 47.1618], [-101.23944, 47.16936], [-101.24675, 47.17891], [-101.25377, 47.18798], [-101.25942, 47.19535], [-101.26819, 47.20671], [-101.27291, 47.21278], [-101.27729, 47.21896], [-101.28156, 47.22444], [-101.28506, 47.22899], [-101.28664, 47.23007], [-101.29498, 47.23568], [-101.30088, 47.23973], [-101.30603, 47.24324], [-101.31265, 47.24763], [-101.31237, 47.25593], [-101.31217, 47.26158], [-101.31212, 47.26805], [-101.31205, 47.27144], [-101.312, 47.27722], [-101.3119, 47.2795], [-101.31218, 47.28174], [-101.31456, 47.28224], [-101.31751, 47.2827]]}, "properties": {"owner": "WAPA-- WESTERN AREA POWER ADMINISTRATION", "voltage_kv": 345.0}}, {"type": "Feature", "geometry": {"type": "LineString", "coordinates": [[-97.57786, 43.05731], [-97.57776, 43.05678], [-97.57753, 43.05675], [-97.57749, 43.05504], [-97.57873, 43.0552]]}, "properties": {"owner": "NOT AVAILABLE", "voltage_kv": 230.0}}, {"type": "Feature", "geometry": {"type": "LineString", "coordinates": [[-105.20412, 44.3073], [-105.20411, 44.30763], [-105.20286, 44.30752], [-105.20103, 44.30748], [-105.19776, 44.30747], [-105.19415, 44.30745], [-105.19119, 44.30744], [-105.18851, 44.30743], [-105.18539, 44.30741], [-105.18282, 44.30741], [-105.17918, 44.3074], [-105.1759, 44.30738], [-105.17284, 44.30737], [-105.16979, 44.30735], [-105.16699, 44.30727], [-105.16359, 44.30717], [-105.16085, 44.3071], [-105.15807, 44.307], [-105.15442, 44.30703], [-105.15205, 44.30704], [-105.14799, 44.30704], [-105.14501, 44.30704], [-105.14251, 44.30703], [-105.13913, 44.307], [-105.13605, 44.30697], [-105.13271, 44.30695], [-105.13054, 44.30694], [-105.12679, 44.30691], [-105.12338, 44.30691], [-105.11998, 44.30688], [-105.11643, 44.30685], [-105.11399, 44.30684], [-105.11105, 44.30682], [-105.10905, 44.30681], [-105.10718, 44.30681], [-105.10476, 44.30676], [-105.10103, 44.30669], [-105.09787, 44.30664], [-105.09522, 44.30659], [-105.09226, 44.30659], [-105.08825, 44.30661], [-105.08559, 44.30663], [-105.08248, 44.30663], [-105.07909, 44.30665], [-105.07477, 44.30666], [-105.07231, 44.30667], [-105.06862, 44.30666], [-105.06456, 44.30668], [-105.06112, 44.30669], [-105.05786, 44.3067], [-105.0532, 44.3067], [-105.04983, 44.30672], [-105.04658, 44.30675], [-105.04329, 44.30675], [-105.03994, 44.30675], [-105.03697, 44.30676], [-105.03347, 44.30677], [-105.02976, 44.30678], [-105.02396, 44.3068], [-105.02127, 44.30681], [-105.0167, 44.30682], [-105.01213, 44.30683], [-105.00652, 44.30684], [-105.0047, 44.30683], [-105.00191, 44.30685], [-104.99864, 44.30685], [-104.99398, 44.30686], [-104.99119, 44.30688], [-104.9881, 44.30689], [-104.98468, 44.3069], [-104.98121, 44.3069], [-104.97808, 44.30698], [-104.97491, 44.30706], [-104.97136, 44.30717], [-104.96764, 44.30727], [-104.96413, 44.30736], [-104.96088, 44.30745], [-104.95716, 44.30755], [-104.95428, 44.30762], [-104.95124, 44.30771], [-104.94813, 44.3078], [-104.94459, 44.30789], [-104.94257, 44.30795], [-104.9398, 44.30803], [-104.93672, 44.30811], [-104.93449, 44.30817], [-104.93077, 44.30829], [-104.92777, 44.30837], [-104.92407, 44.30849], [-104.92032, 44.3086], [-104.9167, 44.3087], [-104.91318, 44.3088], [-104.9099, 44.30878], [-104.90649, 44.30874], [-104.9029, 44.3087], [-104.89942, 44.30867], [-104.89613, 44.30864], [-104.89228, 44.3086], [-104.88821, 44.30855], [-104.88406, 44.30851], [-104.88114, 44.30848], [-104.87813, 44.30845], [-104.87512, 44.30842], [-104.87242, 44.30839], [-104.86889, 44.30836], [-104.8654, 44.30832], [-104.86239, 44.30828], [-104.85832, 44.30825], [-104.85656, 44.30755], [-104.85289, 44.30609], [-104.84981, 44.30486], [-104.84747, 44.30393], [-104.845, 44.30297], [-104.84265, 44.30205], [-104.84063, 44.30124], [-104.83829, 44.30123], [-104.83534, 44.30121], [-104.83191, 44.30119], [-104.82876, 44.30118], [-104.82526, 44.30115], [-104.82176, 44.30111], [-104.81827, 44.30108], [-104.81543, 44.30105], [-104.81258, 44.30103], [-104.80917, 44.30101], [-104.80585, 44.30098], [-104.80222, 44.30095], [-104.79905, 44.30093], [-104.79599, 44.30092], [-104.79262, 44.30089], [-104.78985, 44.30086], [-104.7866, 44.30081], [-104.7838, 44.30147], [-104.78104, 44.3021], [-104.77813, 44.30276], [-104.77546, 44.3034], [-104.77248, 44.30338], [-104.77019, 44.30339], [-104.7667, 44.3034], [-104.7632, 44.3034], [-104.75957, 44.30342], [-104.75556, 44.30343], [-104.75207, 44.30343], [-104.74815, 44.30345], [-104.74498, 44.30347], [-104.7414, 44.30348], [-104.73774, 44.30349], [-104.73419, 44.30349], [-104.7301, 44.30351], [-104.72663, 44.30353], [-104.72332, 44.30354], [-104.72037, 44.30354], [-104.7166, 44.30356], [-104.71285, 44.30357], [-104.70882, 44.30358], [-104.70525, 44.30359], [-104.70159, 44.30362], [-104.69816, 44.30363], [-104.6952, 44.30365], [-104.69233, 44.30366], [-104.68892, 44.30368], [-104.68598, 44.3037], [-104.68293, 44.30372], [-104.67966, 44.30374], [-104.67575, 44.30376], [-104.67237, 44.30377], [-104.66875, 44.3038], [-104.66535, 44.30381], [-104.66244, 44.30383], [-104.65974, 44.30384], [-104.65649, 44.30386], [-104.65357, 44.30387], [-104.65039, 44.30389], [-104.64741, 44.30391], [-104.64426, 44.30392], [-104.64114, 44.30394], [-104.63824, 44.30396], [-104.63432, 44.30398], [-104.63094, 44.304], [-104.62666, 44.30403], [-104.62354, 44.30404], [-104.61964, 44.30407], [-104.61587, 44.30409], [-104.61199, 44.30426], [-104.60891, 44.3044], [-104.60443, 44.30459], [-104.60236, 44.30469], [-104.59909, 44.30482], [-104.59523, 44.30499], [-104.59146, 44.30516], [-104.58831, 44.30529], [-104.58384, 44.30548], [-104.58068, 44.30562], [-104.5775, 44.30574], [-104.57402, 44.30682], [-104.57104, 44.30775], [-104.56869, 44.30847], [-104.56613, 44.30925], [-104.56393, 44.30996], [-104.56117, 44.3097], [-104.55822, 44.30944], [-104.55566, 44.30922], [-104.55263, 44.30896], [-104.55037, 44.30877], [-104.54579, 44.30837], [-104.54366, 44.30819], [-104.5399, 44.30787], [-104.53685, 44.30759], [-104.53339, 44.3073], [-104.53009, 44.30702], [-104.52747, 44.30678], [-104.52505, 44.30656], [-104.52254, 44.30636], [-104.52062, 44.30617], [-104.51891, 44.30604], [-104.5154, 44.30573], [-104.51135, 44.30538], [-104.50787, 44.30508], [-104.50455, 44.30479], [-104.50305, 44.30467], [-104.50156, 44.30597], [-104.50012, 44.30725], [-104.49819, 44.30895], [-104.4953, 44.31152], [-104.4939, 44.31272], [-104.49166, 44.31469], [-104.48986, 44.3163], [-104.4871, 44.31876], [-104.48566, 44.32003], [-104.48354, 44.32185], [-104.48072, 44.32195], [-104.47813, 44.32206], [-104.47429, 44.32217], [-104.47021, 44.32231], [-104.46797, 44.32238], [-104.46479, 44.32248], [-104.46169, 44.32258], [-104.45656, 44.32275], [-104.45269, 44.32289], [-104.44991, 44.32296], [-104.44724, 44.32305], [-104.44384, 44.32316], [-104.44069, 44.32327], [-104.43664, 44.3234], [-104.43438, 44.32348], [-104.43105, 44.32346], [-104.42698, 44.32345], [-104.42347, 44.32344], [-104.41922, 44.32343], [-104.4173, 44.32342], [-104.41415, 44.32341], [-104.41017, 44.3234], [-104.4061, 44.32339], [-104.40289, 44.32338], [-104.3995, 44.32337], [-104.39659, 44.32336], [-104.39355, 44.32335], [-104.38996, 44.32335], [-104.38685, 44.32334], [-104.38396, 44.32332], [-104.38152, 44.3233], [-104.37625, 44.32591], [-104.37347, 44.32733], [-104.37037, 44.32884], [-104.36708, 44.33049], [-104.3654, 44.33132], [-104.36283, 44.33256], [-104.36045, 44.33377], [-104.35866, 44.33465], [-104.35643, 44.33577], [-104.35435, 44.3368], [-104.35199, 44.33796], [-104.34907, 44.33941], [-104.34623, 44.34081], [-104.34291, 44.34247], [-104.33937, 44.34418], [-104.33677, 44.3455], [-104.33379, 44.34695], [-104.33183, 44.34793], [-104.32949, 44.34907], [-104.3264, 44.35059], [-104.32226, 44.35267], [-104.31918, 44.35417], [-104.31717, 44.35518], [-104.31508, 44.3562], [-104.31276, 44.35735], [-104.31068, 44.35837], [-104.30749, 44.35995], [-104.30472, 44.36132], [-104.30254, 44.36241], [-104.29995, 44.36369], [-104.29816, 44.36457], [-104.2957, 44.36578], [-104.29244, 44.36742], [-104.2905, 44.36838], [-104.28832, 44.36945], [-104.2861, 44.37055], [-104.28335, 44.37192], [-104.28034, 44.37339], [-104.27808, 44.37455], [-104.27778, 44.37574], [-104.27723, 44.37786], [-104.27664, 44.38018], [-104.27612, 44.38221], [-104.2755, 44.38474], [-104.27497, 44.38684], [-104.27438, 44.38922], [-104.27369, 44.39172], [-104.27315, 44.39396], [-104.27262, 44.3961], [-104.27209, 44.39809], [-104.27147, 44.40062], [-104.27085, 44.40301], [-104.27029, 44.40527], [-104.26993, 44.40678], [-104.26914, 44.40984], [-104.26865, 44.41175], [-104.26804, 44.41411], [-104.26757, 44.41596], [-104.267, 44.4183], [-104.26638, 44.4207], [-104.26593, 44.42249], [-104.26531, 44.42501], [-104.26457, 44.42794], [-104.26397, 44.43014], [-104.26342, 44.43239], [-104.26277, 44.43495], [-104.26218, 44.43729], [-104.26158, 44.43961], [-104.26104, 44.44173], [-104.25892, 44.44309], [-104.25676, 44.4445], [-104.25363, 44.4465], [-104.25123, 44.44806], [-104.24846, 44.44984], [-104.24583, 44.45154], [-104.24295, 44.4534], [-104.24054, 44.45497], [-104.2381, 44.45653], [-104.23569, 44.4581], [-104.23286, 44.45993], [-104.23043, 44.46152], [-104.22793, 44.46308], [-104.22406, 44.46558], [-104.22176, 44.4671], [-104.21989, 44.46827], [-104.21371, 44.47093], [-104.21094, 44.4721], [-104.20842, 44.47324], [-104.2057, 44.47442], [-104.20264, 44.47572], [-104.19991, 44.47689], [-104.19834, 44.47758], [-104.19516, 44.47892], [-104.19223, 44.48018], [-104.18975, 44.48123], [-104.18678, 44.4825], [-104.18431, 44.48357], [-104.1814, 44.48481], [-104.17839, 44.48611], [-104.175, 44.48754], [-104.17247, 44.48863], [-104.17008, 44.48969], [-104.1687, 44.49033], [-104.1662, 44.49156], [-104.16244, 44.49346], [-104.15997, 44.4947], [-104.15771, 44.49579], [-104.15607, 44.4966], [-104.15386, 44.49769], [-104.14964, 44.49978], [-104.14529, 44.50192], [-104.1421, 44.50352], [-104.13661, 44.50623], [-104.13357, 44.50773], [-104.13126, 44.50886], [-104.13024, 44.51072], [-104.12918, 44.51264], [-104.12835, 44.51416], [-104.12778, 44.51651], [-104.12448, 44.51807], [-104.12188, 44.51925], [-104.11878, 44.52064], [-104.11518, 44.52044], [-104.11242, 44.52029], [-104.10767, 44.52005], [-104.10385, 44.51985], [-104.1006, 44.51968], [-104.09629, 44.51946], [-104.09295, 44.51928], [-104.09015, 44.51913], [-104.08669, 44.51896], [-104.08132, 44.51867], [-104.07874, 44.51854], [-104.07636, 44.51841], [-104.07366, 44.51828], [-104.07127, 44.51815], [-104.06764, 44.51797], [-104.06363, 44.51775], [-104.06045, 44.51759], [-104.05584, 44.51734], [-104.05278, 44.51738], [-104.04963, 44.51739], [-104.04568, 44.5174], [-104.04268, 44.51742], [-104.03879, 44.51744], [-104.03576, 44.51746], [-104.03258, 44.51747], [-104.02985, 44.51749], [-104.0262, 44.51751], [-104.02201, 44.51753], [-104.01902, 44.51755], [-104.01476, 44.51756], [-104.01164, 44.51759], [-104.00766, 44.51756], [-104.00415, 44.51753], [-104.00167, 44.51755], [-103.99893, 44.51758], [-103.99619, 44.51759], [-103.99321, 44.5176], [-103.9894, 44.51767], [-103.98805, 44.51864], [-103.98521, 44.52081], [-103.9827, 44.52276], [-103.97968, 44.52509], [-103.97715, 44.52702], [-103.9754, 44.52838], [-103.9734, 44.52992], [-103.97143, 44.53145], [-103.97002, 44.53253], [-103.96681, 44.53258], [-103.96311, 44.53257], [-103.95983, 44.53258], [-103.9565, 44.5326], [-103.95401, 44.5326], [-103.95056, 44.53259], [-103.94698, 44.5326], [-103.94154, 44.53263], [-103.93819, 44.53261], [-103.93528, 44.53263], [-103.93192, 44.53263], [-103.92812, 44.53264], [-103.9247, 44.53264], [-103.92124, 44.53267], [-103.91808, 44.53267], [-103.91518, 44.53267], [-103.91206, 44.53268], [-103.90966, 44.53268], [-103.90645, 44.53269], [-103.90158, 44.5327], [-103.90024, 44.53271], [-103.89804, 44.53253], [-103.89645, 44.53237], [-103.89331, 44.53238], [-103.8902, 44.53238], [-103.88822, 44.53233], [-103.88663, 44.53231], [-103.88487, 44.53228], [-103.88305, 44.53227], [-103.88116, 44.53227], [-103.8794, 44.53226], [-103.8769, 44.53224], [-103.87541, 44.53222], [-103.87345, 44.5322], [-103.87115, 44.53218], [-103.8692, 44.53217], [-103.86713, 44.53215], [-103.86557, 44.53214], [-103.86351, 44.53367], [-103.86171, 44.53502], [-103.85991, 44.53634], [-103.85825, 44.53635], [-103.85609, 44.53637], [-103.85487, 44.53638], [-103.85318, 44.5364], [-103.85229, 44.53682]]}, "properties": {"owner": "BLACK HILLS POWER, INC.", "voltage_kv": 230.0}}, {"type": "Feature", "geometry": {"type": "LineString", "coordinates": [[-104.41095, 43.97189], [-104.41075, 43.97165], [-104.41003, 43.97081], [-104.40929, 43.96996], [-104.40681, 43.96883], [-104.4047, 43.96787], [-104.40212, 43.96668], [-104.39953, 43.96547], [-104.39696, 43.9643], [-104.39432, 43.96311], [-104.39175, 43.96193], [-104.38917, 43.96076], [-104.38636, 43.95947], [-104.38358, 43.95818], [-104.37993, 43.95654], [-104.37811, 43.95571], [-104.37549, 43.9545], [-104.37324, 43.95348], [-104.37168, 43.95218], [-104.36972, 43.95058], [-104.3676, 43.94888], [-104.36507, 43.94677], [-104.36252, 43.94471], [-104.36049, 43.94306], [-104.35848, 43.94142], [-104.35643, 43.93973], [-104.35438, 43.93807], [-104.35246, 43.93644], [-104.35045, 43.93479], [-104.34848, 43.93318], [-104.3464, 43.93152], [-104.3442, 43.92974], [-104.34159, 43.92735], [-104.33916, 43.92548], [-104.33707, 43.92377], [-104.33498, 43.92203], [-104.33247, 43.91993], [-104.33018, 43.91809], [-104.3288, 43.91686], [-104.32714, 43.91558], [-104.3247, 43.91355], [-104.32273, 43.91196], [-104.32094, 43.91047], [-104.31902, 43.9089], [-104.31634, 43.90671], [-104.31363, 43.9045], [-104.31142, 43.9027], [-104.30943, 43.90106], [-104.30718, 43.89922], [-104.30512, 43.89752], [-104.30301, 43.89581], [-104.30091, 43.89409], [-104.29883, 43.89236], [-104.29678, 43.8907], [-104.29606, 43.88954], [-104.29469, 43.88728], [-104.29348, 43.88516], [-104.29205, 43.88292], [-104.29069, 43.8807], [-104.28938, 43.87854], [-104.28762, 43.87564], [-104.28595, 43.87293], [-104.28476, 43.87093], [-104.28344, 43.86876], [-104.28217, 43.86667], [-104.28088, 43.86455], [-104.27961, 43.86247], [-104.27832, 43.86033], [-104.27825, 43.858], [-104.2782, 43.85559], [-104.27816, 43.85308], [-104.2781, 43.85066], [-104.27802, 43.84825], [-104.27799, 43.84596], [-104.27797, 43.84374], [-104.27791, 43.84151], [-104.27792, 43.8393], [-104.27787, 43.83707], [-104.27783, 43.83488], [-104.27777, 43.83268], [-104.27552, 43.83113], [-104.27318, 43.82949], [-104.27094, 43.82792], [-104.26885, 43.82637], [-104.26667, 43.82482], [-104.26472, 43.82344], [-104.26239, 43.82177], [-104.26003, 43.82009], [-104.25785, 43.81854], [-104.25546, 43.81687], [-104.25329, 43.81534], [-104.25107, 43.81374], [-104.24885, 43.81217], [-104.24465, 43.80919], [-104.24252, 43.8077], [-104.24048, 43.80628], [-104.23859, 43.80492], [-104.23501, 43.80241], [-104.23204, 43.80031], [-104.22955, 43.79854], [-104.22702, 43.79676], [-104.22449, 43.79497], [-104.22201, 43.79321], [-104.21978, 43.79162], [-104.21752, 43.79003], [-104.21537, 43.78848], [-104.21293, 43.78678], [-104.21053, 43.78507], [-104.20836, 43.78352], [-104.20599, 43.78184], [-104.20378, 43.78028], [-104.20157, 43.7787], [-104.19937, 43.77714], [-104.19716, 43.77558], [-104.19496, 43.77403], [-104.19277, 43.77247], [-104.19052, 43.77088], [-104.1884, 43.76932], [-104.18628, 43.76777], [-104.18391, 43.76619], [-104.18174, 43.76462], [-104.17957, 43.76303], [-104.1775, 43.76154], [-104.17528, 43.76], [-104.17309, 43.75846], [-104.1709, 43.75691], [-104.16867, 43.75534], [-104.16786, 43.75294], [-104.16698, 43.75051], [-104.16612, 43.74815], [-104.16524, 43.7458], [-104.16428, 43.74319], [-104.16346, 43.74088], [-104.16268, 43.7387], [-104.16189, 43.73651], [-104.1611, 43.73431], [-104.16019, 43.73175], [-104.15842, 43.72999], [-104.1565, 43.72804], [-104.15469, 43.72622], [-104.15286, 43.72437], [-104.15105, 43.72254], [-104.14923, 43.7207], [-104.14736, 43.71882], [-104.14563, 43.71705], [-104.14369, 43.71508], [-104.14054, 43.71189], [-104.13845, 43.70979], [-104.13646, 43.70776], [-104.13459, 43.70587], [-104.13267, 43.70394], [-104.13059, 43.70184], [-104.12874, 43.69997], [-104.12679, 43.69799], [-104.12563, 43.69577], [-104.1233, 43.69127], [-104.12218, 43.68908], [-104.12106, 43.68684], [-104.11982, 43.68449], [-104.1186, 43.68211], [-104.11751, 43.68009], [-104.11639, 43.67784], [-104.11539, 43.67579], [-104.11425, 43.67374], [-104.11317, 43.67168], [-104.11219, 43.66963], [-104.11117, 43.66759], [-104.11012, 43.66553], [-104.10904, 43.66345], [-104.10799, 43.66139], [-104.10692, 43.65934], [-104.10587, 43.6573], [-104.10481, 43.65524], [-104.1037, 43.6531], [-104.10265, 43.65105], [-104.10158, 43.64898], [-104.10052, 43.64691], [-104.09944, 43.64484], [-104.09839, 43.64278], [-104.09734, 43.64075], [-104.09628, 43.63871], [-104.09529, 43.63665], [-104.09392, 43.63458], [-104.09258, 43.63245], [-104.09138, 43.63056], [-104.0898, 43.62806], [-104.08845, 43.62592], [-104.08715, 43.62386], [-104.0857, 43.62158], [-104.08414, 43.61911], [-104.08268, 43.6168], [-104.08135, 43.61467], [-104.08003, 43.6126], [-104.07876, 43.6106], [-104.07747, 43.60858], [-104.07618, 43.60653], [-104.0749, 43.60449], [-104.07355, 43.60236], [-104.07243, 43.60057], [-104.07127, 43.59876], [-104.07002, 43.59675], [-104.06855, 43.5945], [-104.06736, 43.59262], [-104.06603, 43.59052], [-104.06468, 43.58832], [-104.06321, 43.58605], [-104.06184, 43.58385], [-104.06052, 43.58178], [-104.05914, 43.57961], [-104.05785, 43.57754], [-104.05655, 43.57549], [-104.05524, 43.57341], [-104.05397, 43.57139], [-104.05267, 43.56935], [-104.05025, 43.56554], [-104.04907, 43.56361], [-104.04781, 43.56163], [-104.04651, 43.55965], [-104.04522, 43.55753], [-104.04388, 43.55544], [-104.04244, 43.55314], [-104.04104, 43.55094], [-104.03976, 43.54887], [-104.03843, 43.54677], [-104.03589, 43.54591], [-104.03364, 43.54514], [-104.03005, 43.54392], [-104.02689, 43.54283], [-104.02517, 43.54225], [-104.02177, 43.54109], [-104.01861, 43.54002], [-104.01421, 43.53852], [-104.00949, 43.5369], [-104.00653, 43.53587], [-104.00375, 43.53496], [-104.00099, 43.534], [-103.99851, 43.53317], [-103.99712, 43.53498], [-103.99578, 43.5367], [-103.99452, 43.53837], [-103.99295, 43.54041], [-103.99003, 43.54424], [-103.98839, 43.54638], [-103.98605, 43.54646], [-103.97984, 43.54664], [-103.97637, 43.54675], [-103.9727, 43.54685], [-103.96872, 43.54696], [-103.96582, 43.54706], [-103.96275, 43.54715], [-103.95925, 43.54725], [-103.95603, 43.54735], [-103.95299, 43.54744], [-103.94999, 43.54752], [-103.94662, 43.54763], [-103.94339, 43.54772], [-103.94015, 43.54782], [-103.93639, 43.54792], [-103.93344, 43.54801], [-103.92943, 43.54813], [-103.92566, 43.54824], [-103.92254, 43.54834], [-103.91886, 43.54844], [-103.91457, 43.54856], [-103.91154, 43.54865], [-103.9079, 43.54876], [-103.90385, 43.54887], [-103.90037, 43.54897], [-103.89852, 43.54675], [-103.89668, 43.54449], [-103.89492, 43.54234], [-103.89325, 43.5403], [-103.89136, 43.538], [-103.89001, 43.53637], [-103.88903, 43.53511], [-103.88763, 43.53385], [-103.886, 43.53256], [-103.88376, 43.53079], [-103.88166, 43.5292], [-103.87951, 43.52748], [-103.87735, 43.52576], [-103.87516, 43.52498], [-103.87213, 43.52389], [-103.86975, 43.52304], [-103.86713, 43.5221], [-103.86514, 43.5214], [-103.86246, 43.52044], [-103.85964, 43.51943], [-103.85722, 43.51856], [-103.85575, 43.51715], [-103.8538, 43.51528], [-103.85194, 43.51352], [-103.85026, 43.51193], [-103.84862, 43.51035], [-103.84676, 43.5086], [-103.84504, 43.50694], [-103.84308, 43.50511], [-103.84105, 43.50314], [-103.83918, 43.50134], [-103.83744, 43.49971], [-103.8356, 43.49793], [-103.83329, 43.49729], [-103.83068, 43.49658], [-103.82818, 43.49586], [-103.82477, 43.4949], [-103.82153, 43.49401], [-103.81781, 43.49297], [-103.81423, 43.49195], [-103.81098, 43.49105], [-103.8089, 43.48976], [-103.80678, 43.48847], [-103.80395, 43.48678], [-103.80163, 43.48538], [-103.79923, 43.48395], [-103.79675, 43.48246], [-103.79422, 43.48094], [-103.79186, 43.47953], [-103.78921, 43.47792], [-103.78672, 43.47643], [-103.78439, 43.47503], [-103.78168, 43.47342], [-103.77916, 43.47189], [-103.77719, 43.4707], [-103.77483, 43.4693], [-103.7724, 43.46784], [-103.76957, 43.46614], [-103.76715, 43.46468], [-103.76491, 43.46334], [-103.7633, 43.46235], [-103.76054, 43.46199], [-103.7577, 43.46162], [-103.75494, 43.46125], [-103.75267, 43.46094], [-103.74752, 43.46027], [-103.74396, 43.45978], [-103.74073, 43.45937], [-103.73614, 43.45762], [-103.73283, 43.45635], [-103.73016, 43.4553], [-103.72749, 43.4543], [-103.72431, 43.45308], [-103.72136, 43.45196], [-103.71866, 43.45093], [-103.71595, 43.4499], [-103.71356, 43.44898], [-103.71148, 43.44817], [-103.70799, 43.44781], [-103.70419, 43.44738], [-103.70123, 43.44705], [-103.6982, 43.44672], [-103.69526, 43.44639], [-103.69203, 43.44603], [-103.68843, 43.44564], [-103.68521, 43.44528], [-103.68417, 43.44517], [-103.68418, 43.44474]]}, "properties": {"owner": "BLACK HILLS POWER, INC.", "voltage_kv": 230.0}}, {"type": "Feature", "geometry": {"type": "LineString", "coordinates": [[-103.50192, 43.43454], [-103.50194, 43.43495], [-103.50246, 43.43496], [-103.50324, 43.43445], [-103.50461, 43.43368], [-103.50717, 43.43237], [-103.50987, 43.43099], [-103.51191, 43.43097], [-103.51506, 43.4309], [-103.51884, 43.43083], [-103.52384, 43.43072], [-103.52649, 43.43042], [-103.52947, 43.43009], [-103.53305, 43.42968], [-103.53563, 43.42939], [-103.53828, 43.4291], [-103.54032, 43.42888], [-103.54274, 43.4286], [-103.54571, 43.42827], [-103.5488, 43.42793], [-103.55121, 43.42765], [-103.55472, 43.42726], [-103.55721, 43.42698], [-103.55964, 43.4267], [-103.56235, 43.4264], [-103.56549, 43.42603], [-103.56822, 43.42682], [-103.57149, 43.42777], [-103.5743, 43.42858], [-103.57715, 43.42942], [-103.58026, 43.43031], [-103.58319, 43.43116], [-103.58618, 43.43201], [-103.58935, 43.43292], [-103.59238, 43.43381], [-103.59599, 43.43484], [-103.59803, 43.43542], [-103.60099, 43.43628], [-103.60331, 43.43696], [-103.6061, 43.43775], [-103.60946, 43.43871], [-103.6116, 43.43933], [-103.61417, 43.44008], [-103.61675, 43.44006], [-103.62047, 43.44006], [-103.62387, 43.44005], [-103.62754, 43.44006], [-103.63058, 43.44004], [-103.63446, 43.44004], [-103.63794, 43.44002], [-103.64189, 43.44047], [-103.64582, 43.44092], [-103.64964, 43.44134], [-103.65285, 43.44169], [-103.6562, 43.44205], [-103.65934, 43.44241], [-103.66204, 43.44271], [-103.66514, 43.44305], [-103.66805, 43.44338], [-103.67106, 43.44372], [-103.67416, 43.44406], [-103.67725, 43.4444], [-103.67987, 43.44469], [-103.68253, 43.44498], [-103.68406, 43.44516], [-103.68418, 43.44474]]}, "properties": {"owner": "BLACK HILLS POWER, INC.", "voltage_kv": 230.0}}, {"type": "Feature", "geometry": {"type": "LineString", "coordinates": [[-103.50192, 43.43454], [-103.50168, 43.43406], [-103.50168, 43.43372], [-103.50167, 43.43275], [-103.50135, 43.43217], [-103.50031, 43.4305], [-103.49919, 43.42864], [-103.4984, 43.42736], [-103.49695, 43.42504], [-103.49566, 43.423], [-103.49487, 43.42175], [-103.49358, 43.41961], [-103.49271, 43.41825], [-103.49192, 43.417], [-103.49061, 43.41488], [-103.48925, 43.41271], [-103.48818, 43.41101], [-103.48661, 43.40851], [-103.48558, 43.40688], [-103.4846, 43.40527], [-103.48377, 43.40391], [-103.48177, 43.40052], [-103.47768, 43.39419], [-103.47699, 43.39307], [-103.4756, 43.39271], [-103.4736, 43.39216], [-103.46936, 43.39102], [-103.46726, 43.39045], [-103.46521, 43.3899], [-103.46338, 43.38942], [-103.45934, 43.38832], [-103.45733, 43.38778], [-103.45427, 43.38696], [-103.45247, 43.38646], [-103.45043, 43.38591], [-103.44818, 43.38531], [-103.44557, 43.38461], [-103.44279, 43.38386], [-103.4401, 43.38314], [-103.4376, 43.38246], [-103.43512, 43.38179], [-103.43206, 43.38097], [-103.42782, 43.37982], [-103.42617, 43.37937], [-103.42582, 43.37821], [-103.42527, 43.37627], [-103.42478, 43.37446], [-103.42433, 43.37292], [-103.42389, 43.37142], [-103.42329, 43.36938], [-103.42394, 43.36579], [-103.42192, 43.36041], [-103.42195, 43.35858], [-103.42196, 43.35691], [-103.42202, 43.35534], [-103.42207, 43.35311], [-103.42148, 43.35111], [-103.42082, 43.35082], [-103.41898, 43.35008], [-103.41703, 43.34924], [-103.41467, 43.3483], [-103.41279, 43.34751], [-103.41112, 43.34684], [-103.40979, 43.34562], [-103.40862, 43.34457], [-103.40698, 43.34309], [-103.405, 43.34131], [-103.40257, 43.33913], [-103.40071, 43.33747], [-103.399, 43.33593], [-103.39687, 43.33402], [-103.39473, 43.33211], [-103.39286, 43.33044], [-103.39086, 43.32865], [-103.38898, 43.32696], [-103.38735, 43.32549], [-103.38603, 43.32432], [-103.38424, 43.32271], [-103.3826, 43.32125], [-103.38047, 43.31934], [-103.37927, 43.31825], [-103.37777, 43.31691], [-103.37638, 43.31569], [-103.37488, 43.31434], [-103.37299, 43.31263], [-103.37067, 43.31054], [-103.36908, 43.30911], [-103.36746, 43.30768], [-103.3661, 43.30645], [-103.3644, 43.30494], [-103.36286, 43.30356], [-103.36097, 43.30186], [-103.3593, 43.30036], [-103.35784, 43.29904], [-103.35625, 43.29762], [-103.35432, 43.29589], [-103.35247, 43.29423], [-103.35055, 43.29251], [-103.34872, 43.29086], [-103.34688, 43.2892], [-103.34568, 43.28799], [-103.34383, 43.28648], [-103.34382, 43.28455], [-103.3439, 43.28245], [-103.34386, 43.28033], [-103.34388, 43.27837], [-103.34386, 43.27701], [-103.34386, 43.2752], [-103.34395, 43.27369], [-103.34393, 43.27121], [-103.34391, 43.26961], [-103.3439, 43.26769], [-103.34392, 43.26606], [-103.34393, 43.26411], [-103.34389, 43.26211], [-103.34387, 43.25999], [-103.34387, 43.25773], [-103.34389, 43.25647], [-103.34385, 43.25452], [-103.34388, 43.25294], [-103.34392, 43.25082], [-103.34389, 43.24873], [-103.34386, 43.24632], [-103.34386, 43.24503], [-103.34383, 43.2437], [-103.34387, 43.24093], [-103.34387, 43.23855], [-103.34387, 43.2362], [-103.34387, 43.23436], [-103.34387, 43.23209], [-103.3439, 43.23047], [-103.34389, 43.22892], [-103.3439, 43.22665], [-103.34391, 43.22441], [-103.3439, 43.22243], [-103.34391, 43.22073], [-103.34392, 43.21899], [-103.34389, 43.21774], [-103.34391, 43.21562], [-103.34391, 43.21345], [-103.34392, 43.21166], [-103.34393, 43.20955], [-103.34392, 43.20683], [-103.34393, 43.20453], [-103.34393, 43.20207], [-103.34394, 43.20041], [-103.3439, 43.19863], [-103.34392, 43.19665], [-103.34394, 43.19385], [-103.34393, 43.19136], [-103.34393, 43.18956], [-103.34396, 43.18794], [-103.34394, 43.18681], [-103.34392, 43.18566], [-103.34394, 43.18403], [-103.34404, 43.18227], [-103.34397, 43.18064], [-103.34399, 43.17917], [-103.34405, 43.17714], [-103.34399, 43.17511], [-103.34396, 43.17306], [-103.34395, 43.17133], [-103.34396, 43.16927], [-103.34396, 43.16617], [-103.34396, 43.16367], [-103.34394, 43.16107], [-103.34394, 43.15874], [-103.34396, 43.15677], [-103.34394, 43.15433], [-103.34394, 43.15183], [-103.34393, 43.14863], [-103.34393, 43.14641], [-103.34394, 43.14483], [-103.34394, 43.14236], [-103.34393, 43.13979], [-103.34392, 43.13764], [-103.34396, 43.13536], [-103.34393, 43.13278], [-103.34394, 43.13057], [-103.34396, 43.12932], [-103.3422, 43.12658], [-103.34079, 43.12442], [-103.33964, 43.12265], [-103.33857, 43.12098], [-103.33731, 43.1191], [-103.33733, 43.11683], [-103.33734, 43.11373], [-103.33735, 43.11156], [-103.33733, 43.10927], [-103.33734, 43.1073], [-103.33728, 43.10545], [-103.33852, 43.10343], [-103.33943, 43.10185], [-103.34074, 43.09969], [-103.34199, 43.09761], [-103.3431, 43.09576], [-103.34395, 43.09436], [-103.34392, 43.09242], [-103.34394, 43.09015], [-103.34391, 43.08779], [-103.3439, 43.0861], [-103.34389, 43.08391], [-103.34391, 43.08153], [-103.34391, 43.0789], [-103.34392, 43.07651], [-103.34391, 43.07434], [-103.34391, 43.07183], [-103.34389, 43.07013], [-103.34392, 43.06821], [-103.3439, 43.06596], [-103.34391, 43.06324], [-103.3439, 43.06147], [-103.3439, 43.05924], [-103.34401, 43.05715], [-103.34392, 43.05482], [-103.3439, 43.05257], [-103.34391, 43.05022], [-103.3439, 43.04787], [-103.3439, 43.046], [-103.3439, 43.04287], [-103.34389, 43.04103], [-103.34389, 43.03872], [-103.34389, 43.03683], [-103.34388, 43.03475], [-103.34392, 43.03219], [-103.3439, 43.02973], [-103.34385, 43.02724], [-103.34517, 43.02484], [-103.3464, 43.02253], [-103.34721, 43.02108], [-103.34717, 43.01849], [-103.34716, 43.01667], [-103.34715, 43.01426], [-103.3472, 43.01312], [-103.34712, 43.01041], [-103.34712, 43.00796], [-103.34715, 43.00531], [-103.34713, 43.00267], [-103.34716, 43.0005], [-103.34651, 42.99868], [-103.34583, 42.99618], [-103.34511, 42.99391], [-103.34516, 42.99142], [-103.34515, 42.98924], [-103.34517, 42.98694], [-103.34514, 42.98521], [-103.34516, 42.98279], [-103.34514, 42.97994], [-103.34511, 42.97738], [-103.34511, 42.97409], [-103.34512, 42.97224], [-103.34514, 42.96941], [-103.34521, 42.96676], [-103.34521, 42.96374], [-103.34521, 42.96181], [-103.34526, 42.95921], [-103.34532, 42.95545], [-103.34537, 42.95339], [-103.34539, 42.95149], [-103.34544, 42.94904], [-103.34547, 42.94621], [-103.34546, 42.94446], [-103.34552, 42.94207], [-103.34549, 42.93978], [-103.34553, 42.93767], [-103.34551, 42.93539], [-103.34552, 42.93305], [-103.34553, 42.93061], [-103.34553, 42.92785], [-103.34555, 42.92591], [-103.34556, 42.92366], [-103.34557, 42.92081], [-103.34558, 42.91814], [-103.34557, 42.91605], [-103.3456, 42.91437], [-103.34562, 42.91201], [-103.34565, 42.91002], [-103.34567, 42.90732], [-103.34568, 42.90506], [-103.3457, 42.90313], [-103.34573, 42.90065], [-103.34574, 42.89895], [-103.34578, 42.89732], [-103.34577, 42.89521], [-103.34583, 42.89232], [-103.34585, 42.89009], [-103.34585, 42.88795], [-103.34587, 42.88505], [-103.34587, 42.88265], [-103.34589, 42.88021], [-103.34593, 42.87835], [-103.34593, 42.87562], [-103.34595, 42.87303], [-103.34595, 42.87072], [-103.34596, 42.86897], [-103.34595, 42.86655], [-103.34593, 42.86419], [-103.34593, 42.86177], [-103.34591, 42.85943], [-103.34589, 42.8572], [-103.3459, 42.85475], [-103.34589, 42.85253], [-103.34588, 42.85047], [-103.34586, 42.84852], [-103.34583, 42.84669], [-103.34584, 42.84445], [-103.3458, 42.84227], [-103.34575, 42.84042], [-103.34748, 42.83881], [-103.3498, 42.83659], [-103.35167, 42.83481], [-103.35392, 42.83265], [-103.35585, 42.8308], [-103.35695, 42.82973], [-103.3588, 42.82796], [-103.36046, 42.82637], [-103.36212, 42.82478], [-103.364, 42.82297], [-103.36552, 42.8215], [-103.36555, 42.81907], [-103.36555, 42.81686], [-103.36551, 42.81443], [-103.36551, 42.81201], [-103.36553, 42.80934], [-103.36548, 42.80702], [-103.36551, 42.80462], [-103.36551, 42.80221], [-103.36548, 42.79999], [-103.36548, 42.79746], [-103.36548, 42.79553], [-103.36543, 42.79316], [-103.36544, 42.79092], [-103.36546, 42.78858], [-103.36545, 42.78629], [-103.36543, 42.78435], [-103.36541, 42.78244], [-103.36536, 42.78036], [-103.36532, 42.77848], [-103.36531, 42.77689], [-103.36526, 42.77426], [-103.36523, 42.77225], [-103.3652, 42.77008], [-103.36516, 42.76776], [-103.36517, 42.76542], [-103.36515, 42.76278], [-103.36514, 42.76052], [-103.36512, 42.75856], [-103.36511, 42.75628], [-103.36511, 42.75471], [-103.36508, 42.7524], [-103.36507, 42.7505], [-103.36507, 42.7484], [-103.36509, 42.74629], [-103.36508, 42.74391], [-103.36512, 42.74186], [-103.3651, 42.73989], [-103.36504, 42.73635], [-103.36496, 42.73263], [-103.36495, 42.73033], [-103.36496, 42.7279], [-103.36492, 42.72644], [-103.36495, 42.72418], [-103.36504, 42.72189], [-103.36429, 42.72063], [-103.36431, 42.71854], [-103.3643, 42.71602], [-103.36431, 42.71364], [-103.36428, 42.71101], [-103.36425, 42.70915], [-103.36424, 42.70749], [-103.3642, 42.70529], [-103.36416, 42.7026], [-103.36413, 42.701], [-103.36411, 42.69851], [-103.36406, 42.69589], [-103.36405, 42.69384], [-103.364, 42.6915], [-103.36395, 42.68886], [-103.36389, 42.68649], [-103.36387, 42.68511], [-103.36383, 42.68314], [-103.36381, 42.68109], [-103.36375, 42.67878], [-103.36329, 42.67632], [-103.36286, 42.67408], [-103.36243, 42.67194], [-103.36198, 42.6696], [-103.36166, 42.6679], [-103.36104, 42.66472], [-103.36057, 42.66229], [-103.35992, 42.66012], [-103.35924, 42.65803], [-103.35868, 42.65543], [-103.35828, 42.65373], [-103.35804, 42.65259], [-103.36246, 42.65242], [-103.36451, 42.65232], [-103.3678, 42.6522], [-103.37095, 42.65209], [-103.37507, 42.65192], [-103.37749, 42.65182], [-103.38169, 42.65166], [-103.38355, 42.65159], [-103.38357, 42.64988], [-103.38358, 42.64807], [-103.38353, 42.64626], [-103.38356, 42.64358], [-103.38352, 42.64213], [-103.38355, 42.63971], [-103.38345, 42.63786], [-103.38338, 42.63595], [-103.3833, 42.63431], [-103.38321, 42.63213], [-103.3832, 42.62988], [-103.3832, 42.62787], [-103.38315, 42.6259], [-103.38317, 42.62466], [-103.38315, 42.62212], [-103.38312, 42.61995], [-103.38308, 42.61766], [-103.38552, 42.61527], [-103.38663, 42.61418], [-103.3889, 42.61195], [-103.39066, 42.61009], [-103.39226, 42.6086], [-103.39392, 42.60698], [-103.39689, 42.60409], [-103.39846, 42.60252], [-103.39777, 42.60021], [-103.39695, 42.59786], [-103.39633, 42.59588], [-103.39528, 42.59243], [-103.39465, 42.59036], [-103.39413, 42.58892], [-103.3935, 42.58682], [-103.39301, 42.58533], [-103.39261, 42.58402], [-103.39312, 42.58169], [-103.39349, 42.5798], [-103.39413, 42.57678], [-103.39463, 42.57435], [-103.39495, 42.57284], [-103.39522, 42.57145], [-103.39571, 42.56922], [-103.39608, 42.56738], [-103.39641, 42.56567], [-103.39786, 42.56409], [-103.40043, 42.56129], [-103.40222, 42.55932], [-103.40332, 42.5581], [-103.40519, 42.55603], [-103.40676, 42.5543], [-103.4082, 42.55275], [-103.41047, 42.55025], [-103.41238, 42.54817], [-103.41397, 42.54641], [-103.41592, 42.54426], [-103.41726, 42.54278], [-103.41909, 42.54082], [-103.42065, 42.53885], [-103.42312, 42.53582], [-103.4251, 42.53339], [-103.42723, 42.53078], [-103.42963, 42.52788], [-103.43078, 42.52643], [-103.43225, 42.52457], [-103.43501, 42.52126], [-103.4362, 42.51978], [-103.43812, 42.5182], [-103.44022, 42.51642], [-103.44262, 42.5144], [-103.44453, 42.51278], [-103.44589, 42.51164], [-103.44833, 42.50957], [-103.45027, 42.50793], [-103.45221, 42.50627], [-103.45358, 42.5051], [-103.45585, 42.50317], [-103.45755, 42.50175], [-103.45981, 42.4993], [-103.4615, 42.49746], [-103.46305, 42.49578], [-103.46411, 42.49459], [-103.46597, 42.49261], [-103.46769, 42.49078], [-103.46966, 42.48863], [-103.4723, 42.48577], [-103.47361, 42.48435], [-103.47537, 42.48246], [-103.47759, 42.48007], [-103.48, 42.47746], [-103.48165, 42.47566], [-103.48335, 42.47381], [-103.48487, 42.47215], [-103.48673, 42.47015], [-103.48853, 42.46819], [-103.48989, 42.46668], [-103.49135, 42.46512], [-103.49268, 42.46368], [-103.4944, 42.46181], [-103.49701, 42.45898], [-103.49949, 42.45632], [-103.50103, 42.4546], [-103.50232, 42.45321], [-103.5035, 42.45194], [-103.50535, 42.44988], [-103.5064, 42.44876], [-103.50765, 42.44741], [-103.50868, 42.44628], [-103.51052, 42.44427], [-103.51169, 42.44304], [-103.51402, 42.4405], [-103.51575, 42.43865], [-103.51736, 42.43688], [-103.5187, 42.43547], [-103.52025, 42.43375], [-103.52205, 42.43178], [-103.52429, 42.42936], [-103.52567, 42.42789], [-103.5271, 42.42633], [-103.52863, 42.42468], [-103.53035, 42.42281], [-103.53199, 42.42104], [-103.53352, 42.41939], [-103.5353, 42.41747], [-103.53751, 42.41506], [-103.53881, 42.41368], [-103.54079, 42.41153], [-103.54222, 42.40998], [-103.54363, 42.40847], [-103.54534, 42.40662], [-103.54682, 42.40501], [-103.54867, 42.403], [-103.55045, 42.40111], [-103.55259, 42.39878], [-103.55424, 42.39699], [-103.55626, 42.39482], [-103.55832, 42.39259], [-103.56035, 42.39041], [-103.56169, 42.38896], [-103.5638, 42.38669], [-103.566, 42.38431], [-103.56721, 42.38297], [-103.56878, 42.3813], [-103.57016, 42.37982], [-103.5726, 42.37717], [-103.57414, 42.37551], [-103.57576, 42.37377], [-103.5775, 42.3719], [-103.57897, 42.37033], [-103.58025, 42.36862], [-103.58168, 42.36674], [-103.58308, 42.36492], [-103.58436, 42.36319], [-103.58594, 42.3611], [-103.58771, 42.35882], [-103.58931, 42.35677], [-103.59111, 42.35438], [-103.59252, 42.35248], [-103.59356, 42.35117], [-103.59523, 42.34895], [-103.5964, 42.34744], [-103.59782, 42.34557], [-103.59939, 42.3435], [-103.60071, 42.34176], [-103.60189, 42.34026], [-103.60194, 42.33804], [-103.60199, 42.33577], [-103.60206, 42.33322], [-103.60209, 42.33145], [-103.60213, 42.32966], [-103.60217, 42.32769], [-103.60223, 42.32535], [-103.60226, 42.32371], [-103.60231, 42.32138], [-103.60237, 42.31933], [-103.60242, 42.31707], [-103.60577, 42.31538], [-103.60805, 42.31423], [-103.61163, 42.31241], [-103.6135, 42.31146], [-103.6169, 42.30973], [-103.61849, 42.30894], [-103.62119, 42.30757], [-103.62604, 42.3051], [-103.62888, 42.30366], [-103.63216, 42.30201], [-103.63462, 42.30076], [-103.63745, 42.29931], [-103.63978, 42.29813], [-103.64167, 42.29718], [-103.6441, 42.29593], [-103.64659, 42.29467], [-103.64949, 42.29319], [-103.65223, 42.29181], [-103.6551, 42.29035], [-103.65779, 42.28897], [-103.65783, 42.28672], [-103.65785, 42.28507], [-103.65792, 42.28246], [-103.65794, 42.28061], [-103.65796, 42.27858], [-103.65797, 42.27705], [-103.65797, 42.2754], [-103.65962, 42.27379], [-103.66093, 42.27245], [-103.66295, 42.27044], [-103.66476, 42.26866], [-103.66638, 42.26704], [-103.66811, 42.26533], [-103.66987, 42.26359], [-103.67176, 42.26171], [-103.67358, 42.25988], [-103.6754, 42.25807], [-103.6772, 42.25627], [-103.67889, 42.25458], [-103.68036, 42.25313], [-103.68168, 42.25176], [-103.68368, 42.25008], [-103.68583, 42.24826], [-103.6882, 42.24624], [-103.69001, 42.24471], [-103.69206, 42.24296], [-103.69418, 42.24116], [-103.69577, 42.23979], [-103.69824, 42.23771], [-103.69979, 42.23638], [-103.70131, 42.23507], [-103.70281, 42.2338], [-103.70489, 42.23203], [-103.70655, 42.23058], [-103.70788, 42.23015], [-103.71023, 42.22935], [-103.712, 42.22874], [-103.71391, 42.22809], [-103.71678, 42.22713], [-103.7177, 42.22578], [-103.71882, 42.22418], [-103.72018, 42.22224], [-103.72176, 42.22001], [-103.72311, 42.2181], [-103.72458, 42.21603], [-103.72598, 42.21399], [-103.72835, 42.21199], [-103.7306, 42.21007], [-103.7326, 42.20832], [-103.73452, 42.20672], [-103.73649, 42.20503], [-103.73851, 42.20334], [-103.74093, 42.20123], [-103.74333, 42.19918], [-103.74497, 42.1978], [-103.74662, 42.19639], [-103.74876, 42.19456], [-103.75073, 42.19286], [-103.75344, 42.19055], [-103.75533, 42.18896], [-103.75721, 42.18734], [-103.7593, 42.18556], [-103.76169, 42.1835], [-103.76363, 42.18184], [-103.76578, 42.18002], [-103.76807, 42.17805], [-103.77051, 42.17597], [-103.7726, 42.17418], [-103.77427, 42.17276], [-103.77681, 42.17059], [-103.77829, 42.16933], [-103.7795, 42.16828], [-103.781, 42.16698], [-103.78316, 42.16518], [-103.78508, 42.16352], [-103.78638, 42.16241], [-103.78828, 42.16077], [-103.78979, 42.1595], [-103.79221, 42.15744], [-103.79418, 42.15573], [-103.79607, 42.15412], [-103.79732, 42.15304], [-103.80048, 42.15036], [-103.80289, 42.14829], [-103.80436, 42.14702], [-103.80665, 42.14502], [-103.80916, 42.1429], [-103.81139, 42.14099], [-103.81304, 42.13959], [-103.81441, 42.13843], [-103.81523, 42.13616], [-103.81581, 42.13455], [-103.81722, 42.13341], [-103.81799, 42.1314], [-103.81863, 42.12982], [-103.81951, 42.12757], [-103.82062, 42.12482], [-103.82133, 42.12306], [-103.82218, 42.12088], [-103.82303, 42.11876], [-103.82355, 42.11746], [-103.82457, 42.1149], [-103.82557, 42.1124], [-103.82608, 42.11103], [-103.82765, 42.10897], [-103.829, 42.10717], [-103.83037, 42.10533], [-103.8318, 42.10342], [-103.83331, 42.10138], [-103.83479, 42.0994], [-103.83614, 42.09759], [-103.83738, 42.09595], [-103.83839, 42.09457], [-103.8401, 42.0923], [-103.84186, 42.08994], [-103.84321, 42.08812], [-103.84473, 42.08607], [-103.84637, 42.08388], [-103.84834, 42.08127], [-103.85076, 42.078], [-103.85254, 42.07562], [-103.85363, 42.07417], [-103.85494, 42.0724], [-103.85694, 42.06972], [-103.858, 42.0683], [-103.85985, 42.06582], [-103.86145, 42.06366], [-103.86322, 42.06131], [-103.86406, 42.06017], [-103.86552, 42.05821], [-103.86702, 42.05618], [-103.86857, 42.05409], [-103.87012, 42.05203], [-103.87141, 42.05032], [-103.87286, 42.04836], [-103.87422, 42.04654], [-103.87554, 42.04475], [-103.87783, 42.0417], [-103.87905, 42.04007], [-103.88081, 42.0377], [-103.88233, 42.03564], [-103.88347, 42.03409], [-103.88468, 42.03253], [-103.88458, 42.03041], [-103.88454, 42.0289], [-103.88445, 42.02643], [-103.88435, 42.02407], [-103.88431, 42.02196], [-103.8842, 42.01968], [-103.88416, 42.01721], [-103.88407, 42.01484], [-103.88399, 42.01223], [-103.88392, 42.01035], [-103.88384, 42.00771], [-103.88375, 42.00505], [-103.88367, 42.00227], [-103.88356, 41.99886], [-103.88347, 41.99699], [-103.88346, 41.99554], [-103.88332, 41.99123], [-103.88325, 41.98967], [-103.88315, 41.98575], [-103.88307, 41.98339], [-103.883, 41.98154], [-103.88292, 41.97924], [-103.88285, 41.97682], [-103.88278, 41.97443], [-103.88272, 41.97215], [-103.88259, 41.96996], [-103.88278, 41.96871], [-103.88289, 41.96656], [-103.88311, 41.9643], [-103.88285, 41.9616], [-103.88265, 41.95903], [-103.8824, 41.95662], [-103.8829, 41.95412], [-103.88329, 41.95206], [-103.88365, 41.95006], [-103.88402, 41.94809], [-103.8844, 41.94606], [-103.88481, 41.94384], [-103.8901, 41.94352], [-103.89275, 41.94337], [-103.89544, 41.94322], [-103.89813, 41.94311], [-103.90287, 41.94148], [-103.90543, 41.94061], [-103.9078, 41.93981], [-103.91053, 41.93887], [-103.91037, 41.93654], [-103.91015, 41.93344], [-103.90994, 41.93097], [-103.90996, 41.92964], [-103.90993, 41.92684], [-103.90989, 41.92479], [-103.90986, 41.92232], [-103.90983, 41.91906], [-103.9098, 41.91671], [-103.90975, 41.91271], [-103.90976, 41.91077], [-103.9097, 41.90851], [-103.90971, 41.90614], [-103.90966, 41.90416], [-103.90963, 41.90184], [-103.90959, 41.90031], [-103.90961, 41.89846], [-103.90957, 41.89659], [-103.90956, 41.89481], [-103.90953, 41.89309], [-103.9095, 41.891], [-103.9095, 41.88941], [-103.90948, 41.88762], [-103.90943, 41.88555], [-103.90939, 41.88308], [-103.90936, 41.88119], [-103.90933, 41.87972], [-103.90929, 41.87739], [-103.90926, 41.87512], [-103.90921, 41.8736], [-103.90917, 41.87104], [-103.90914, 41.86871], [-103.9091, 41.86638], [-103.90906, 41.86406], [-103.90901, 41.86169], [-103.90897, 41.85932], [-103.90891, 41.85708], [-103.90886, 41.8551], [-103.90887, 41.85298], [-103.90881, 41.85099], [-103.90876, 41.84858], [-103.91039, 41.84744], [-103.91236, 41.84604], [-103.91491, 41.84419], [-103.91737, 41.84243], [-103.91957, 41.84084], [-103.92166, 41.83934], [-103.92366, 41.83791], [-103.92629, 41.83602], [-103.92839, 41.83451], [-103.92995, 41.83339], [-103.93232, 41.83168], [-103.93465, 41.83001], [-103.93654, 41.82866], [-103.93816, 41.82753], [-103.93927, 41.82614], [-103.94121, 41.8238], [-103.94228, 41.82252], [-103.94326, 41.82135], [-103.94316, 41.82041], [-103.94308, 41.81982], [-103.94253, 41.81951]]}, "properties": {"owner": "BLACK HILLS POWER, INC.", "voltage_kv": 230.0}}, {"type": "Feature", "geometry": {"type": "LineString", "coordinates": [[-103.85229, 44.53682], [-103.85162, 44.5368], [-103.85088, 44.53674], [-103.84766, 44.53622], [-103.84493, 44.53574], [-103.84478, 44.53302], [-103.84463, 44.52899], [-103.8446, 44.5269], [-103.84462, 44.52531], [-103.84496, 44.52215], [-103.84517, 44.52057], [-103.84532, 44.51726], [-103.84347, 44.51585], [-103.84132, 44.5142], [-103.83895, 44.51239], [-103.83681, 44.51075], [-103.83452, 44.50899], [-103.83195, 44.50702], [-103.82965, 44.50523], [-103.82966, 44.50385], [-103.82969, 44.50258], [-103.82975, 44.49911], [-103.8298, 44.49581], [-103.82982, 44.49429], [-103.82985, 44.49221], [-103.82991, 44.48886], [-103.82704, 44.48884], [-103.82481, 44.48883], [-103.82482, 44.4861], [-103.82372, 44.48286], [-103.82304, 44.48086], [-103.82326, 44.47925], [-103.82353, 44.47716], [-103.82384, 44.47476], [-103.82416, 44.4721], [-103.82448, 44.46972], [-103.82448, 44.46707], [-103.82449, 44.46463], [-103.82451, 44.46169], [-103.82452, 44.45875], [-103.82147, 44.45874], [-103.81856, 44.45873], [-103.81563, 44.45873], [-103.80982, 44.45879], [-103.8067, 44.45756], [-103.79914, 44.45463], [-103.79695, 44.45375], [-103.79474, 44.45291], [-103.7918, 44.45052], [-103.7891, 44.44815], [-103.78721, 44.44656], [-103.78542, 44.44503], [-103.78364, 44.44354], [-103.78183, 44.44203], [-103.78016, 44.44065], [-103.77568, 44.43692], [-103.77381, 44.43535], [-103.77078, 44.43295], [-103.77083, 44.42959], [-103.77086, 44.42449], [-103.77088, 44.42203], [-103.77086, 44.41968], [-103.77084, 44.4173], [-103.77084, 44.41533], [-103.77081, 44.41271], [-103.77082, 44.41003], [-103.77085, 44.40625], [-103.77241, 44.40451], [-103.77402, 44.40276], [-103.77787, 44.39852], [-103.78039, 44.39583], [-103.7802, 44.39413], [-103.78207, 44.3927], [-103.78422, 44.39108], [-103.78725, 44.38885], [-103.78723, 44.38786], [-103.78702, 44.38606], [-103.78676, 44.38427], [-103.78645, 44.38203], [-103.78599, 44.37862], [-103.7854, 44.3737], [-103.78512, 44.37114], [-103.78512, 44.36917], [-103.78456, 44.366], [-103.78884, 44.35903], [-103.78893, 44.35766], [-103.78922, 44.35492], [-103.78945, 44.35209], [-103.78974, 44.3495], [-103.78998, 44.34716], [-103.78759, 44.34574], [-103.78566, 44.34454], [-103.7773, 44.33962], [-103.77114, 44.33595], [-103.76881, 44.33454], [-103.76615, 44.33298], [-103.76295, 44.33107], [-103.76003, 44.32935], [-103.75602, 44.32697], [-103.75187, 44.32449], [-103.75273, 44.32374], [-103.75331, 44.32323], [-103.75316, 44.32293]]}, "properties": {"owner": "BLACK HILLS POWER, INC.", "voltage_kv": 230.0}}, {"type": "Feature", "geometry": {"type": "LineString", "coordinates": [[-103.26041, 44.11992], [-103.26017, 44.12008], [-103.2602, 44.12063], [-103.26021, 44.12107], [-103.26026, 44.12223], [-103.26036, 44.12537], [-103.2605, 44.12698], [-103.26062, 44.12862], [-103.26083, 44.13143], [-103.26102, 44.13396], [-103.26118, 44.13632], [-103.26135, 44.13847], [-103.26149, 44.14059], [-103.26164, 44.14279], [-103.26186, 44.14566], [-103.26206, 44.14824], [-103.26228, 44.15136], [-103.26255, 44.15518], [-103.2627, 44.15718], [-103.26287, 44.1596], [-103.26407, 44.16161], [-103.26512, 44.16338], [-103.26623, 44.16523], [-103.26749, 44.16733], [-103.26886, 44.16961], [-103.27025, 44.17193], [-103.27168, 44.17437], [-103.2728, 44.17605], [-103.27396, 44.17775], [-103.2751, 44.17947], [-103.27628, 44.18124], [-103.27741, 44.18295], [-103.2786, 44.18467], [-103.2799, 44.18661], [-103.28165, 44.18921], [-103.28358, 44.19213], [-103.28419, 44.19301], [-103.2857, 44.19427], [-103.28854, 44.19675], [-103.28885, 44.19855], [-103.28904, 44.20022], [-103.2899, 44.20157], [-103.29075, 44.20304], [-103.29235, 44.20521], [-103.29285, 44.20597], [-103.2941, 44.20807], [-103.29547, 44.21008], [-103.29677, 44.21205], [-103.29809, 44.21402], [-103.29919, 44.21566], [-103.30021, 44.21716], [-103.30111, 44.21848], [-103.3024, 44.22045], [-103.30376, 44.22243], [-103.30482, 44.22409], [-103.30681, 44.22711], [-103.30747, 44.22809], [-103.30847, 44.22958], [-103.31031, 44.23223], [-103.31135, 44.23382], [-103.31265, 44.23572], [-103.31266, 44.23816], [-103.31266, 44.2404], [-103.3127, 44.24314], [-103.31269, 44.24552], [-103.3127, 44.24858], [-103.31274, 44.25031], [-103.31275, 44.25254], [-103.31277, 44.25426], [-103.31276, 44.25634], [-103.31278, 44.25836], [-103.31281, 44.26044], [-103.31282, 44.26322], [-103.31281, 44.26617], [-103.31282, 44.26952], [-103.31283, 44.27264], [-103.31283, 44.27501], [-103.31283, 44.27754], [-103.31284, 44.27968], [-103.3144, 44.28137], [-103.31622, 44.28335], [-103.31822, 44.28551], [-103.32018, 44.28761], [-103.32193, 44.28949], [-103.32346, 44.29118], [-103.32342, 44.2932], [-103.32336, 44.2953], [-103.32331, 44.29765], [-103.32324, 44.30015], [-103.3232, 44.30271], [-103.32312, 44.30517], [-103.32299, 44.30767], [-103.32301, 44.31002], [-103.32292, 44.31283], [-103.32286, 44.31502], [-103.32282, 44.31754], [-103.32274, 44.3205], [-103.32269, 44.32245], [-103.32262, 44.32499], [-103.32258, 44.32721], [-103.32251, 44.32985], [-103.32244, 44.33237], [-103.32236, 44.33525], [-103.32231, 44.33741], [-103.32225, 44.34028], [-103.32219, 44.34238], [-103.32213, 44.34459], [-103.32207, 44.3473], [-103.32202, 44.34968], [-103.32196, 44.35201], [-103.32189, 44.35492], [-103.32182, 44.35741], [-103.32176, 44.3601], [-103.32169, 44.3624], [-103.32166, 44.36397], [-103.32162, 44.3667], [-103.32117, 44.36873], [-103.32067, 44.37124], [-103.32013, 44.37385], [-103.31962, 44.37636], [-103.31914, 44.37876], [-103.31885, 44.3802], [-103.31828, 44.38291], [-103.31777, 44.38547], [-103.3173, 44.38772], [-103.31731, 44.39003], [-103.3173, 44.39264], [-103.31727, 44.39517], [-103.31725, 44.39769], [-103.31725, 44.40019], [-103.31724, 44.40253], [-103.31722, 44.4049], [-103.31719, 44.40757], [-103.31719, 44.41102], [-103.31716, 44.41335], [-103.31715, 44.41515], [-103.31714, 44.41744], [-103.31712, 44.41951], [-103.31709, 44.42207], [-103.31708, 44.42366], [-103.31708, 44.42585], [-103.31706, 44.42876], [-103.31709, 44.43135], [-103.31707, 44.43334], [-103.31705, 44.43651], [-103.31704, 44.43903], [-103.31704, 44.44153], [-103.31705, 44.44289], [-103.31702, 44.44524], [-103.31704, 44.44749], [-103.317, 44.44989], [-103.31701, 44.45223], [-103.31702, 44.45533], [-103.317, 44.45817], [-103.317, 44.46005], [-103.32051, 44.46006], [-103.32395, 44.46005], [-103.32733, 44.46006], [-103.33085, 44.46011], [-103.33304, 44.46014], [-103.33709, 44.46019], [-103.34064, 44.46023], [-103.34418, 44.46028], [-103.34707, 44.46033], [-103.34706, 44.46213], [-103.34707, 44.46409], [-103.34706, 44.46602], [-103.34704, 44.46854], [-103.34705, 44.47012], [-103.34709, 44.47251], [-103.34714, 44.47485], [-103.34713, 44.47696], [-103.34712, 44.47898], [-103.34712, 44.48128], [-103.34709, 44.48404], [-103.34706, 44.48573], [-103.3506, 44.48607], [-103.35437, 44.48642], [-103.35783, 44.48674], [-103.36096, 44.48704], [-103.36409, 44.48734], [-103.36725, 44.48763], [-103.36731, 44.48942], [-103.36727, 44.49203], [-103.36732, 44.49406], [-103.36735, 44.49648], [-103.36735, 44.49802], [-103.37081, 44.49957], [-103.37437, 44.50115], [-103.37681, 44.50234], [-103.37959, 44.50359], [-103.38193, 44.50463], [-103.38518, 44.50608], [-103.38724, 44.50701], [-103.38726, 44.50906], [-103.38732, 44.51198], [-103.38732, 44.51443], [-103.39061, 44.51486], [-103.39402, 44.51533], [-103.39745, 44.5158], [-103.40097, 44.51629], [-103.40451, 44.51677], [-103.40774, 44.51721], [-103.41388, 44.51807], [-103.41713, 44.51852], [-103.41995, 44.51889], [-103.42466, 44.51953], [-103.42749, 44.51991], [-103.43097, 44.5204], [-103.43437, 44.52087], [-103.43758, 44.52129], [-103.44069, 44.52175], [-103.44449, 44.52175], [-103.44793, 44.52176], [-103.45114, 44.52176], [-103.4546, 44.52177], [-103.45777, 44.5218], [-103.46, 44.52282], [-103.46229, 44.52384], [-103.46451, 44.52483], [-103.4667, 44.52581], [-103.46879, 44.52674], [-103.47153, 44.52799], [-103.47398, 44.52909], [-103.47721, 44.53053], [-103.47885, 44.53127], [-103.48097, 44.53224], [-103.48487, 44.53221], [-103.48833, 44.5322], [-103.49087, 44.53219], [-103.49399, 44.53218], [-103.49732, 44.53217], [-103.50092, 44.53214], [-103.5046, 44.53213], [-103.50775, 44.53211], [-103.51166, 44.53211], [-103.5153, 44.53207], [-103.51924, 44.53205], [-103.52181, 44.53207], [-103.52513, 44.53204], [-103.52895, 44.53203], [-103.53258, 44.53201], [-103.53591, 44.53199], [-103.53906, 44.53198], [-103.54275, 44.53197], [-103.54597, 44.53197], [-103.54908, 44.53194], [-103.55246, 44.53193], [-103.55465, 44.53191], [-103.55782, 44.53189], [-103.55935, 44.53234], [-103.56177, 44.53303], [-103.56423, 44.53373], [-103.5688, 44.53503], [-103.57198, 44.53593], [-103.57568, 44.53699], [-103.57839, 44.53775], [-103.58142, 44.53862], [-103.58585, 44.53988], [-103.58761, 44.54039], [-103.59097, 44.54135], [-103.59495, 44.54095], [-103.59892, 44.54051], [-103.60255, 44.54014], [-103.60634, 44.53974], [-103.60956, 44.53942], [-103.61395, 44.53897], [-103.61732, 44.5386], [-103.62029, 44.53831], [-103.62359, 44.53795], [-103.62747, 44.53753], [-103.63107, 44.53716], [-103.63429, 44.53683], [-103.63691, 44.53657], [-103.63975, 44.53626], [-103.64305, 44.5359], [-103.64663, 44.53591], [-103.65023, 44.5359], [-103.65381, 44.5359], [-103.65694, 44.53588], [-103.66132, 44.53587], [-103.6638, 44.53587], [-103.6668, 44.53587], [-103.67071, 44.53585], [-103.67386, 44.53584], [-103.67731, 44.53584], [-103.68037, 44.53583], [-103.68351, 44.53584], [-103.68737, 44.53583], [-103.6906, 44.53592], [-103.69404, 44.53602], [-103.69722, 44.53597], [-103.70033, 44.53596], [-103.70353, 44.53593], [-103.70738, 44.53587], [-103.71071, 44.5358], [-103.71436, 44.53573], [-103.71801, 44.53566], [-103.72208, 44.53557], [-103.72211, 44.5336], [-103.72217, 44.53195], [-103.72535, 44.53195], [-103.7287, 44.53197], [-103.7327, 44.53199], [-103.7368, 44.53205], [-103.7388, 44.53206], [-103.7417, 44.53261], [-103.74459, 44.53316], [-103.74744, 44.53373], [-103.75068, 44.53434], [-103.75441, 44.53507], [-103.7585, 44.53585], [-103.75968, 44.53609], [-103.76177, 44.53609], [-103.76394, 44.5361], [-103.76909, 44.53613], [-103.77254, 44.53614], [-103.7768, 44.53618], [-103.78063, 44.53623], [-103.7837, 44.53629], [-103.78665, 44.53633], [-103.79093, 44.53637], [-103.79405, 44.53641], [-103.79775, 44.53645], [-103.80106, 44.53651], [-103.8035, 44.53654], [-103.80744, 44.53659], [-103.80878, 44.53662], [-103.81105, 44.53663], [-103.81711, 44.53673], [-103.82243, 44.5368], [-103.8262, 44.53681], [-103.83157, 44.53683], [-103.83402, 44.53684], [-103.83601, 44.53685], [-103.83974, 44.53687], [-103.84404, 44.53689], [-103.84618, 44.5369], [-103.85001, 44.53691], [-103.8508, 44.53692], [-103.85163, 44.53693], [-103.85229, 44.53682]]}, "properties": {"owner": "BLACK HILLS POWER, INC.", "voltage_kv": 230.0}}, {"type": "Feature", "geometry": {"type": "LineString", "coordinates": [[-103.50192, 43.43454], [-103.50173, 43.43484], [-103.50191, 43.43519], [-103.50223, 43.43663], [-103.50223, 43.43875], [-103.50216, 43.44001], [-103.50208, 43.44288], [-103.50188, 43.44966], [-103.50193, 43.45126], [-103.50188, 43.45683], [-103.50188, 43.45869], [-103.50189, 43.46076], [-103.50187, 43.4633], [-103.50083, 43.46444], [-103.49834, 43.46723], [-103.49686, 43.46892], [-103.49478, 43.47124], [-103.49389, 43.47221], [-103.49304, 43.47319], [-103.49109, 43.47395], [-103.48831, 43.47275], [-103.48698, 43.47265], [-103.48357, 43.47236], [-103.4808, 43.47234], [-103.47899, 43.47232], [-103.47689, 43.47231], [-103.47419, 43.47228], [-103.4716, 43.47225], [-103.46886, 43.47224], [-103.46698, 43.47221], [-103.46424, 43.47321], [-103.46226, 43.47393], [-103.45928, 43.47501], [-103.45684, 43.47588], [-103.45459, 43.47672], [-103.45215, 43.47761], [-103.44923, 43.47868], [-103.4474, 43.47935], [-103.44452, 43.4804], [-103.44134, 43.48154], [-103.43535, 43.48371], [-103.43283, 43.48465], [-103.43002, 43.48567], [-103.42769, 43.48652], [-103.42458, 43.48764], [-103.42278, 43.48832], [-103.42038, 43.48919], [-103.41786, 43.49013], [-103.41387, 43.49157], [-103.4118, 43.49232], [-103.41059, 43.49272], [-103.40872, 43.49331], [-103.40692, 43.49386], [-103.40231, 43.49532], [-103.40068, 43.49584], [-103.39767, 43.49729], [-103.39534, 43.49841], [-103.39342, 43.49933], [-103.39139, 43.50029], [-103.3887, 43.50157], [-103.38574, 43.503], [-103.38439, 43.50363], [-103.38139, 43.50507], [-103.37784, 43.50679], [-103.3757, 43.50747], [-103.37185, 43.50873], [-103.36964, 43.50946], [-103.36765, 43.5101], [-103.3647, 43.51108], [-103.35734, 43.51348], [-103.35371, 43.51467], [-103.35019, 43.51585], [-103.34571, 43.51729], [-103.34385, 43.51794], [-103.34143, 43.51873], [-103.34115, 43.52081], [-103.34091, 43.52346], [-103.34067, 43.52569], [-103.3405, 43.52752], [-103.34028, 43.5297], [-103.34008, 43.53189], [-103.33986, 43.53408], [-103.33968, 43.53586], [-103.33944, 43.53802], [-103.33938, 43.53955], [-103.33925, 43.5421], [-103.33916, 43.54412], [-103.33903, 43.54635], [-103.33892, 43.54838], [-103.33889, 43.54997], [-103.33878, 43.55179], [-103.33862, 43.55434], [-103.33853, 43.55586], [-103.33848, 43.55752], [-103.33835, 43.55917], [-103.33828, 43.56067], [-103.33818, 43.5626], [-103.33811, 43.56402], [-103.33802, 43.56599], [-103.33789, 43.56858], [-103.33781, 43.56951], [-103.33765, 43.57273], [-103.33754, 43.57424], [-103.3374, 43.57721], [-103.33632, 43.57961], [-103.3355, 43.58143], [-103.33463, 43.58331], [-103.33405, 43.58456], [-103.33324, 43.58638], [-103.33232, 43.58844], [-103.33149, 43.59026], [-103.33055, 43.59231], [-103.32959, 43.59441], [-103.32841, 43.59703], [-103.32755, 43.59885], [-103.32667, 43.60088], [-103.32572, 43.60297], [-103.32504, 43.60446], [-103.32439, 43.60585], [-103.32348, 43.60789], [-103.32264, 43.60971], [-103.32172, 43.61177], [-103.32074, 43.61392], [-103.32015, 43.6152], [-103.31895, 43.61784], [-103.31784, 43.62031], [-103.31731, 43.62138], [-103.3156, 43.62518], [-103.31494, 43.62668], [-103.31421, 43.62828], [-103.31365, 43.62951], [-103.31213, 43.63286], [-103.3116, 43.63401], [-103.31106, 43.63519], [-103.31, 43.63748], [-103.30868, 43.64045], [-103.30753, 43.64297], [-103.30633, 43.6456], [-103.30576, 43.64688], [-103.30458, 43.64947], [-103.30358, 43.65169], [-103.30273, 43.65352], [-103.30199, 43.65518], [-103.30084, 43.65768], [-103.30018, 43.65915], [-103.29901, 43.66173], [-103.29752, 43.66502], [-103.29722, 43.66567], [-103.29568, 43.66897], [-103.29486, 43.67086], [-103.29429, 43.67194], [-103.2924, 43.6755], [-103.29157, 43.67707], [-103.29085, 43.67844], [-103.28931, 43.68133], [-103.28855, 43.68281], [-103.28749, 43.68484], [-103.2866, 43.68654], [-103.28492, 43.6897], [-103.2842, 43.69108], [-103.28324, 43.69289], [-103.28258, 43.69416], [-103.28175, 43.69567], [-103.28064, 43.69774], [-103.27956, 43.69979], [-103.27836, 43.70214], [-103.27743, 43.70389], [-103.27678, 43.70513], [-103.27579, 43.70693], [-103.27472, 43.70893], [-103.27362, 43.71112], [-103.27256, 43.713], [-103.27151, 43.71512], [-103.27076, 43.71655], [-103.2702, 43.71761], [-103.26974, 43.71843], [-103.2688, 43.72017], [-103.26784, 43.72203], [-103.26729, 43.72306], [-103.26694, 43.72403], [-103.26622, 43.72577], [-103.26575, 43.72701], [-103.26489, 43.72908], [-103.26426, 43.73062], [-103.26371, 43.732], [-103.26297, 43.7338], [-103.26227, 43.73552], [-103.26158, 43.73721], [-103.26086, 43.73898], [-103.26019, 43.74059], [-103.25944, 43.74245], [-103.25851, 43.74473], [-103.25771, 43.74666], [-103.25675, 43.74903], [-103.25596, 43.75093], [-103.25527, 43.75264], [-103.25447, 43.75459], [-103.25338, 43.75727], [-103.25262, 43.75911], [-103.25135, 43.76223], [-103.25064, 43.76391], [-103.25022, 43.76488], [-103.24957, 43.76626], [-103.24881, 43.76785], [-103.24789, 43.76986], [-103.24722, 43.77125], [-103.24618, 43.77349], [-103.24525, 43.77547], [-103.24418, 43.77779], [-103.24339, 43.77946], [-103.2424, 43.78159], [-103.24173, 43.78302], [-103.2407, 43.7852], [-103.23991, 43.7869], [-103.23861, 43.78968], [-103.23741, 43.79226], [-103.23657, 43.79402], [-103.23496, 43.79742], [-103.23443, 43.79927], [-103.23405, 43.80062], [-103.23358, 43.80232], [-103.23319, 43.80372], [-103.23268, 43.80554], [-103.23216, 43.80736], [-103.23164, 43.80929], [-103.23105, 43.8114], [-103.23047, 43.81347], [-103.22956, 43.8167], [-103.22895, 43.81885], [-103.22832, 43.82116], [-103.22775, 43.8232], [-103.22719, 43.82513], [-103.22683, 43.82642], [-103.22615, 43.82885], [-103.22562, 43.83069], [-103.22548, 43.83192], [-103.22521, 43.83406], [-103.22501, 43.83579], [-103.22473, 43.83799], [-103.22432, 43.84132], [-103.22408, 43.84316], [-103.22389, 43.84478], [-103.22374, 43.84614], [-103.22335, 43.84912], [-103.22314, 43.85081], [-103.22285, 43.85322], [-103.22262, 43.85515], [-103.22238, 43.85703], [-103.22207, 43.85963], [-103.22174, 43.86226], [-103.22155, 43.86374], [-103.22135, 43.86543], [-103.22108, 43.86764], [-103.22088, 43.86927], [-103.22072, 43.87053], [-103.22056, 43.87185], [-103.22025, 43.87436], [-103.22009, 43.87562], [-103.21989, 43.87727], [-103.21954, 43.88011], [-103.21933, 43.88177], [-103.21913, 43.8835], [-103.21884, 43.88575], [-103.21885, 43.88737], [-103.21884, 43.88929], [-103.21884, 43.89118], [-103.21885, 43.89244], [-103.21883, 43.89375], [-103.21882, 43.89602], [-103.21882, 43.89929], [-103.21881, 43.90099], [-103.21879, 43.90268], [-103.2188, 43.90494], [-103.21878, 43.90673], [-103.21877, 43.90874], [-103.21877, 43.91071], [-103.21877, 43.91277], [-103.21876, 43.91493], [-103.21874, 43.91778], [-103.21873, 43.91943], [-103.21875, 43.92115], [-103.21875, 43.92274], [-103.21875, 43.92545], [-103.21878, 43.92794], [-103.21877, 43.92954], [-103.2188, 43.93181], [-103.2188, 43.93295], [-103.2188, 43.93501], [-103.21882, 43.93714], [-103.21884, 43.9393], [-103.21883, 43.94085], [-103.21902, 43.94227], [-103.2194, 43.94531], [-103.21962, 43.94701], [-103.22006, 43.9506], [-103.2205, 43.95402], [-103.2205, 43.95589], [-103.22049, 43.95767], [-103.22049, 43.96009], [-103.22047, 43.96217], [-103.22046, 43.96425], [-103.22045, 43.96805], [-103.22046, 43.97117], [-103.22046, 43.97254], [-103.22044, 43.97418], [-103.22042, 43.97575], [-103.22041, 43.97844], [-103.22322, 43.9806], [-103.22518, 43.98213], [-103.22724, 43.98374], [-103.22871, 43.98484], [-103.23019, 43.98598], [-103.23172, 43.98715], [-103.23173, 43.98915], [-103.23172, 43.99228], [-103.23174, 43.99401], [-103.23175, 43.99624], [-103.23176, 43.99872], [-103.23174, 44.00066], [-103.23169, 44.00289], [-103.23169, 44.00461], [-103.23172, 44.00649], [-103.23172, 44.00792], [-103.23174, 44.00985], [-103.23173, 44.01161], [-103.23171, 44.01409], [-103.23172, 44.01622], [-103.2317, 44.01842], [-103.23171, 44.02127], [-103.23168, 44.02354], [-103.23173, 44.02456], [-103.23078, 44.02453], [-103.22994, 44.02453], [-103.22906, 44.02452], [-103.22838, 44.02449], [-103.22798, 44.02448], [-103.22791, 44.02492]]}, "properties": {"owner": "BLACK HILLS POWER, INC.", "voltage_kv": 230.0}}, {"type": "Feature", "geometry": {"type": "LineString", "coordinates": [[-103.22791, 44.02492], [-103.22827, 44.02456], [-103.22906, 44.02457], [-103.22994, 44.02458], [-103.23078, 44.02459], [-103.23164, 44.0246], [-103.23161, 44.02525], [-103.23166, 44.02715], [-103.23167, 44.02836], [-103.23161, 44.03092], [-103.23165, 44.03282], [-103.23165, 44.03398], [-103.23165, 44.03571], [-103.23164, 44.03726], [-103.23165, 44.03897], [-103.23165, 44.0403], [-103.23162, 44.04378], [-103.23162, 44.04715], [-103.23159, 44.0498], [-103.2316, 44.05136], [-103.23256, 44.05151], [-103.23396, 44.05175], [-103.23621, 44.05213], [-103.24003, 44.05275], [-103.24172, 44.05307], [-103.24471, 44.05306], [-103.24683, 44.05307], [-103.2479, 44.05308], [-103.25042, 44.05309], [-103.25215, 44.05311], [-103.25217, 44.05459], [-103.25216, 44.05567], [-103.25219, 44.0565], [-103.25222, 44.0588], [-103.25216, 44.06021], [-103.25212, 44.0619], [-103.25215, 44.06633], [-103.25244, 44.06881], [-103.25212, 44.07146], [-103.2521, 44.07344], [-103.25217, 44.07486], [-103.25224, 44.07565], [-103.25224, 44.07703], [-103.25223, 44.07828], [-103.25222, 44.07942], [-103.25222, 44.08029], [-103.25221, 44.08186], [-103.25222, 44.08276], [-103.2522, 44.08402], [-103.25217, 44.08498], [-103.25217, 44.08606], [-103.25217, 44.08711], [-103.25216, 44.08812], [-103.25214, 44.08964], [-103.25212, 44.09299], [-103.25209, 44.09577], [-103.25208, 44.09659], [-103.24979, 44.09893], [-103.24855, 44.10018], [-103.24722, 44.10157], [-103.24718, 44.10304], [-103.24721, 44.10533], [-103.24985, 44.10804], [-103.25176, 44.10998], [-103.25442, 44.1127], [-103.25612, 44.11441], [-103.25842, 44.11675], [-103.26003, 44.11841], [-103.26004, 44.11911], [-103.26005, 44.11989], [-103.26041, 44.11992]]}, "properties": {"owner": "BLACK HILLS POWER, INC.", "voltage_kv": 230.0}}, {"type": "Feature", "geometry": {"type": "LineString", "coordinates": [[-103.75316, 44.32293], [-103.75379, 44.32305], [-103.75434, 44.32258], [-103.75484, 44.32215], [-103.75325, 44.3212], [-103.75119, 44.31999], [-103.74913, 44.31876], [-103.75113, 44.31518], [-103.75238, 44.31288], [-103.75367, 44.31059], [-103.75636, 44.30574], [-103.75703, 44.30453], [-103.75795, 44.3029], [-103.75901, 44.30082], [-103.75994, 44.29923], [-103.76159, 44.29633], [-103.76399, 44.29198], [-103.76534, 44.28949], [-103.76726, 44.286], [-103.76851, 44.28376], [-103.76928, 44.28237], [-103.77098, 44.27929], [-103.77285, 44.27589], [-103.77407, 44.2737], [-103.77488, 44.27224], [-103.77579, 44.27058], [-103.77677, 44.26879], [-103.77765, 44.26721], [-103.77868, 44.26536], [-103.77969, 44.26352], [-103.78074, 44.2616], [-103.78178, 44.25972], [-103.78367, 44.2563], [-103.78515, 44.25362], [-103.7867, 44.2506], [-103.7879, 44.24849], [-103.78978, 44.24512], [-103.79047, 44.24388], [-103.79152, 44.24204], [-103.79338, 44.24202], [-103.79631, 44.24201], [-103.80187, 44.24196], [-103.80535, 44.24193], [-103.80772, 44.2419], [-103.80921, 44.24036], [-103.81171, 44.23777], [-103.81398, 44.23538], [-103.81522, 44.23408], [-103.81714, 44.23206], [-103.81973, 44.23109], [-103.82247, 44.23003], [-103.82596, 44.22873], [-103.83193, 44.22643], [-103.83668, 44.22462], [-103.83911, 44.22369], [-103.84539, 44.22129], [-103.84706, 44.22065], [-103.85093, 44.21918], [-103.85396, 44.218], [-103.85831, 44.21636], [-103.86149, 44.21515], [-103.864, 44.21419], [-103.86691, 44.21306], [-103.86945, 44.2121], [-103.87382, 44.21036], [-103.87702, 44.20916], [-103.8799, 44.20807], [-103.8842, 44.2064], [-103.88714, 44.2053], [-103.89044, 44.20402], [-103.89298, 44.20306], [-103.8955, 44.2021], [-103.89931, 44.20063], [-103.90203, 44.19962], [-103.90478, 44.19857], [-103.91112, 44.19613], [-103.91244, 44.19568], [-103.91699, 44.19387], [-103.91974, 44.19281], [-103.92187, 44.19199], [-103.92351, 44.19136], [-103.92764, 44.18975], [-103.93127, 44.18838], [-103.93402, 44.18729], [-103.93773, 44.18589], [-103.9399, 44.18506], [-103.94343, 44.18369], [-103.94629, 44.18258], [-103.94915, 44.18148], [-103.9524, 44.18016], [-103.95429, 44.17943], [-103.95976, 44.17736], [-103.96322, 44.17601], [-103.96746, 44.17435], [-103.97113, 44.17296], [-103.97393, 44.1719], [-103.97711, 44.17066], [-103.98081, 44.16924], [-103.98326, 44.16829], [-103.98598, 44.16724], [-103.98838, 44.16632], [-103.99077, 44.16539], [-103.99311, 44.16449], [-103.9959, 44.16342], [-103.9996, 44.16199], [-104.00262, 44.16082], [-104.00541, 44.15975], [-104.00837, 44.15861], [-104.0142, 44.15636], [-104.01504, 44.156], [-104.01615, 44.15561], [-104.02051, 44.15393], [-104.02708, 44.15139], [-104.02806, 44.15099], [-104.03316, 44.14904], [-104.03938, 44.14662], [-104.04075, 44.14609], [-104.0461, 44.14403], [-104.05024, 44.14237], [-104.05353, 44.14111], [-104.0567, 44.13962], [-104.05982, 44.13813], [-104.06095, 44.13765], [-104.06286, 44.13675], [-104.06714, 44.13471], [-104.07036, 44.13326], [-104.07428, 44.1314], [-104.07789, 44.12972], [-104.08155, 44.12798], [-104.08589, 44.12597], [-104.08851, 44.12476], [-104.09084, 44.12366], [-104.09356, 44.12239], [-104.0956, 44.12142], [-104.09816, 44.12021], [-104.10232, 44.11827], [-104.10581, 44.11663], [-104.11184, 44.11378], [-104.11422, 44.11266], [-104.11722, 44.11127], [-104.11937, 44.11024], [-104.12198, 44.10902], [-104.12432, 44.10793], [-104.12719, 44.1066], [-104.1299, 44.10531], [-104.13213, 44.10421], [-104.13435, 44.10321], [-104.13646, 44.10221], [-104.13918, 44.10093], [-104.14192, 44.09964], [-104.14398, 44.09866], [-104.14634, 44.09755], [-104.14948, 44.09608], [-104.1521, 44.09487], [-104.15459, 44.09368], [-104.15745, 44.09234], [-104.15992, 44.09118], [-104.16253, 44.08995], [-104.16474, 44.08893], [-104.16799, 44.0874], [-104.17086, 44.08605], [-104.17373, 44.08472], [-104.17725, 44.08304], [-104.1802, 44.08166], [-104.18435, 44.07973], [-104.18554, 44.07916], [-104.18849, 44.0778], [-104.19223, 44.07599], [-104.19595, 44.07425], [-104.20386, 44.07053], [-104.21004, 44.06762], [-104.21407, 44.06563], [-104.21626, 44.06458], [-104.21929, 44.06321], [-104.22237, 44.06176], [-104.22468, 44.06065], [-104.22911, 44.05854], [-104.23325, 44.05659], [-104.24078, 44.05309], [-104.24394, 44.05157], [-104.24527, 44.05095], [-104.24722, 44.05005], [-104.25075, 44.0484], [-104.25234, 44.04764], [-104.25697, 44.04545], [-104.25908, 44.04446], [-104.26095, 44.04357], [-104.26324, 44.04249], [-104.26595, 44.04123], [-104.26882, 44.03989], [-104.27334, 44.03773], [-104.2749, 44.03697], [-104.2776, 44.03574], [-104.28108, 44.0341], [-104.28471, 44.03238], [-104.28657, 44.03149], [-104.29244, 44.02873], [-104.29535, 44.02728], [-104.2987, 44.02568], [-104.30028, 44.02493], [-104.30242, 44.02396], [-104.30384, 44.02329], [-104.30756, 44.02151], [-104.31028, 44.02048], [-104.31491, 44.0187], [-104.31663, 44.01806], [-104.31881, 44.01722], [-104.32254, 44.01579], [-104.32478, 44.01494], [-104.33033, 44.01281], [-104.33283, 44.01184], [-104.33688, 44.01028], [-104.33912, 44.00942], [-104.3414, 44.00857], [-104.3454, 44.00703], [-104.34861, 44.00526], [-104.34863, 44.00312], [-104.34868, 44.00028], [-104.3485, 43.99789], [-104.34855, 43.9953], [-104.34857, 43.99285], [-104.3486, 43.99107], [-104.3486, 43.98863], [-104.35302, 43.98861], [-104.35723, 43.98861], [-104.36134, 43.98862], [-104.36674, 43.98862], [-104.37022, 43.98863], [-104.37438, 43.98863], [-104.37836, 43.98864], [-104.38121, 43.98706], [-104.38404, 43.98549], [-104.38677, 43.98398], [-104.38958, 43.98239], [-104.39227, 43.98091], [-104.39463, 43.97958], [-104.39679, 43.97838], [-104.39892, 43.97716], [-104.40129, 43.97588], [-104.40385, 43.97447], [-104.40738, 43.97246], [-104.40865, 43.97239], [-104.41014, 43.97156], [-104.41066, 43.9717], [-104.41095, 43.97189]]}, "properties": {"owner": "BLACK HILLS POWER, INC.", "voltage_kv": 230.0}}, {"type": "Feature", "geometry": {"type": "LineString", "coordinates": [[-103.94253, 41.81951], [-103.94195, 41.82], [-103.94196, 41.82153], [-103.93982, 41.82456], [-103.93787, 41.82729], [-103.93504, 41.82931], [-103.93211, 41.83142], [-103.9292, 41.83352], [-103.9263, 41.8356], [-103.92352, 41.8376], [-103.92061, 41.83968], [-103.91769, 41.84178], [-103.91456, 41.84404], [-103.91125, 41.84639], [-103.90806, 41.84868], [-103.90521, 41.85075], [-103.90374, 41.85354], [-103.90371, 41.85602], [-103.90369, 41.85847], [-103.90361, 41.86185], [-103.90357, 41.86515], [-103.90349, 41.86843], [-103.90343, 41.87178], [-103.90173, 41.87476], [-103.90031, 41.87721], [-103.89911, 41.87929], [-103.89739, 41.88232], [-103.89564, 41.88535], [-103.89385, 41.88838], [-103.8921, 41.89145], [-103.89072, 41.89391], [-103.88902, 41.89692], [-103.88731, 41.89979], [-103.8871, 41.90242], [-103.88686, 41.90514], [-103.88666, 41.90808], [-103.88607, 41.91045], [-103.8854, 41.91316], [-103.88474, 41.9158], [-103.88474, 41.9191], [-103.8847, 41.92251], [-103.88464, 41.92648], [-103.88527, 41.92892], [-103.88537, 41.93173], [-103.88544, 41.93483], [-103.88554, 41.93899], [-103.8845, 41.9436], [-103.88387, 41.947], [-103.88272, 41.95325], [-103.88206, 41.95635], [-103.8823, 41.95885], [-103.88251, 41.96159], [-103.88266, 41.9643], [-103.88254, 41.96678], [-103.88228, 41.96995], [-103.88234, 41.97324], [-103.88232, 41.97597], [-103.8824, 41.97873], [-103.88237, 41.98185], [-103.88244, 41.98564], [-103.88246, 41.98908], [-103.88252, 41.99246], [-103.88275, 41.99556], [-103.88291, 41.99897], [-103.88326, 42.00235], [-103.88293, 42.00503], [-103.88298, 42.0079], [-103.88307, 42.01149], [-103.88317, 42.01474], [-103.88327, 42.01765], [-103.88344, 42.02383], [-103.88353, 42.02698], [-103.88358, 42.03013], [-103.88288, 42.03328], [-103.88086, 42.03653], [-103.87893, 42.03961], [-103.87717, 42.04199], [-103.87521, 42.0446], [-103.87309, 42.04754], [-103.87087, 42.05046], [-103.86899, 42.05294], [-103.86713, 42.05546], [-103.86522, 42.05798], [-103.86352, 42.06028], [-103.86128, 42.06327], [-103.85906, 42.06628], [-103.85683, 42.06925], [-103.85433, 42.0726], [-103.85263, 42.07489], [-103.85047, 42.07777], [-103.84837, 42.08059], [-103.84641, 42.08322], [-103.8443, 42.08603], [-103.84224, 42.08878], [-103.84028, 42.09142], [-103.8383, 42.09406], [-103.83634, 42.0967], [-103.83436, 42.09933], [-103.8324, 42.10197], [-103.83044, 42.10459], [-103.82843, 42.1073], [-103.82638, 42.10998], [-103.82433, 42.11279], [-103.82295, 42.11589], [-103.82153, 42.11901], [-103.82016, 42.12205], [-103.81885, 42.12499], [-103.81742, 42.12811], [-103.8161, 42.13106], [-103.81464, 42.13436], [-103.81321, 42.1375], [-103.81091, 42.13978], [-103.80875, 42.14195], [-103.80619, 42.14458], [-103.80356, 42.14726], [-103.80029, 42.15007], [-103.79727, 42.15266], [-103.79421, 42.15525], [-103.79202, 42.15696], [-103.78932, 42.15912], [-103.7877, 42.16082], [-103.78606, 42.16222], [-103.78369, 42.16424], [-103.78087, 42.16664], [-103.77806, 42.16905], [-103.77542, 42.17131], [-103.77254, 42.17378], [-103.76984, 42.17607], [-103.76743, 42.17814], [-103.76459, 42.18056], [-103.76202, 42.18278], [-103.75916, 42.18522], [-103.75632, 42.18763], [-103.7534, 42.19013], [-103.75058, 42.19254], [-103.7484, 42.1944], [-103.74578, 42.19664], [-103.74302, 42.199], [-103.74028, 42.20136], [-103.73723, 42.20395], [-103.73441, 42.20636], [-103.73162, 42.20874], [-103.72871, 42.21124], [-103.72569, 42.21382], [-103.72357, 42.21682], [-103.72147, 42.21978], [-103.71934, 42.2228], [-103.71742, 42.22553], [-103.71385, 42.22776], [-103.71033, 42.22896], [-103.70631, 42.23035], [-103.70314, 42.23304], [-103.70097, 42.23489], [-103.69806, 42.23738], [-103.69514, 42.23987], [-103.69237, 42.24224], [-103.68969, 42.24451], [-103.6869, 42.24689], [-103.68422, 42.24916], [-103.68139, 42.25157], [-103.67932, 42.25364], [-103.67694, 42.25598], [-103.67445, 42.25848], [-103.67204, 42.2609], [-103.66949, 42.26343], [-103.66696, 42.26593], [-103.66439, 42.26846], [-103.66175, 42.27112], [-103.65892, 42.27347], [-103.65612, 42.27582], [-103.65315, 42.27845], [-103.65037, 42.28037], [-103.64761, 42.28229], [-103.64492, 42.28419], [-103.64212, 42.28617], [-103.63915, 42.28824], [-103.63611, 42.29041], [-103.63304, 42.29257], [-103.63022, 42.29454], [-103.62714, 42.29672], [-103.62465, 42.29848], [-103.62181, 42.30048], [-103.61889, 42.30254], [-103.61579, 42.3047], [-103.61345, 42.30635], [-103.61064, 42.30834], [-103.60758, 42.31052], [-103.60515, 42.31221], [-103.60253, 42.31443], [-103.59993, 42.31663], [-103.59646, 42.31876], [-103.59249, 42.32118], [-103.58945, 42.32325], [-103.58598, 42.32571], [-103.5826, 42.32808], [-103.5801, 42.32985], [-103.57767, 42.33156], [-103.57499, 42.33347], [-103.57231, 42.33535], [-103.56932, 42.33744], [-103.56656, 42.33939], [-103.56387, 42.34128], [-103.56116, 42.34317], [-103.55864, 42.34495], [-103.55608, 42.34676], [-103.55366, 42.34845], [-103.55056, 42.35062], [-103.54792, 42.35249], [-103.54482, 42.35468], [-103.54186, 42.35674], [-103.53916, 42.35864], [-103.53636, 42.36062], [-103.5334, 42.3627], [-103.53019, 42.36494], [-103.52723, 42.36702], [-103.5242, 42.36914], [-103.52126, 42.37156], [-103.51818, 42.37409], [-103.51617, 42.37607], [-103.51394, 42.37827], [-103.5117, 42.38042], [-103.50916, 42.38296], [-103.50659, 42.38547], [-103.50416, 42.38789], [-103.50169, 42.3903], [-103.49923, 42.3928], [-103.49661, 42.39535], [-103.49422, 42.39773], [-103.49152, 42.40028], [-103.48901, 42.40277], [-103.48661, 42.40517], [-103.4842, 42.40801], [-103.48223, 42.41033], [-103.48026, 42.41264], [-103.47845, 42.41477], [-103.47665, 42.41689], [-103.47458, 42.41932], [-103.47249, 42.42178], [-103.47013, 42.42455], [-103.46802, 42.42704], [-103.46585, 42.42959], [-103.46389, 42.43188], [-103.46202, 42.43409], [-103.45958, 42.43692], [-103.45819, 42.43932], [-103.45672, 42.44174], [-103.45509, 42.44449], [-103.45336, 42.44738], [-103.45167, 42.45022], [-103.45035, 42.45241], [-103.44864, 42.45796], [-103.44747, 42.46155], [-103.4468, 42.46357], [-103.44597, 42.46624], [-103.44435, 42.46905], [-103.4427, 42.47197], [-103.44103, 42.47489], [-103.43958, 42.4774], [-103.43821, 42.47979], [-103.43683, 42.48219], [-103.43549, 42.48456], [-103.43374, 42.48755], [-103.43196, 42.49066], [-103.4304, 42.49343], [-103.42878, 42.49626], [-103.42728, 42.49873], [-103.42585, 42.50124], [-103.4242, 42.50415], [-103.42258, 42.50704], [-103.42163, 42.50887], [-103.41976, 42.51184], [-103.41787, 42.51492], [-103.41629, 42.51733], [-103.41477, 42.51986], [-103.41298, 42.52276], [-103.41141, 42.52533], [-103.40972, 42.528], [-103.40827, 42.53035], [-103.40674, 42.53279], [-103.40486, 42.53583], [-103.40297, 42.53882], [-103.40145, 42.54127], [-103.40083, 42.54462], [-103.40023, 42.5479], [-103.39971, 42.55069], [-103.39914, 42.55384], [-103.39762, 42.55674], [-103.39615, 42.55966], [-103.39473, 42.5624], [-103.39327, 42.5652], [-103.39175, 42.56816], [-103.39029, 42.57097], [-103.38901, 42.57347], [-103.3877, 42.57528], [-103.38607, 42.57755], [-103.38345, 42.58053], [-103.38192, 42.58375], [-103.38061, 42.58688], [-103.37951, 42.58949], [-103.37847, 42.59199], [-103.37725, 42.59487], [-103.3761, 42.59754], [-103.375, 42.60022], [-103.37384, 42.60299], [-103.37279, 42.60546], [-103.37152, 42.60848], [-103.37026, 42.6115], [-103.36905, 42.61439], [-103.36772, 42.61758], [-103.36646, 42.62057], [-103.36547, 42.62303], [-103.36458, 42.62542], [-103.3636, 42.62806], [-103.36248, 42.63093], [-103.36134, 42.63383], [-103.36022, 42.63674], [-103.35922, 42.63939], [-103.35812, 42.64229], [-103.357, 42.64518], [-103.35585, 42.64822], [-103.35465, 42.65125], [-103.35367, 42.65389], [-103.35258, 42.65654], [-103.35156, 42.65916], [-103.35045, 42.66205], [-103.34943, 42.66484], [-103.34813, 42.66798], [-103.34692, 42.67117], [-103.34571, 42.67441], [-103.34449, 42.67762], [-103.34355, 42.68065], [-103.34249, 42.68348], [-103.34139, 42.68624], [-103.34025, 42.68913], [-103.33903, 42.69217], [-103.33776, 42.6953], [-103.33666, 42.69834], [-103.33538, 42.7014], [-103.33543, 42.7052], [-103.33534, 42.70817], [-103.3354, 42.71139], [-103.33545, 42.71439], [-103.33542, 42.71741], [-103.33543, 42.72044], [-103.33541, 42.72354], [-103.33548, 42.72673], [-103.3355, 42.7299], [-103.3355, 42.73306], [-103.33548, 42.73624], [-103.33548, 42.73897], [-103.33548, 42.74114], [-103.33545, 42.74471], [-103.33548, 42.74745], [-103.33549, 42.75073], [-103.33548, 42.75361], [-103.33548, 42.75649], [-103.33548, 42.75948], [-103.33548, 42.76246], [-103.33651, 42.76574], [-103.33719, 42.76822], [-103.3379, 42.77072], [-103.33871, 42.7734], [-103.3395, 42.77622], [-103.34035, 42.77889], [-103.34114, 42.78183], [-103.34127, 42.78437], [-103.34137, 42.78731], [-103.34147, 42.7898], [-103.34163, 42.79253], [-103.34174, 42.79548], [-103.34174, 42.79823], [-103.34167, 42.80103], [-103.3417, 42.8039], [-103.3416, 42.80677], [-103.34159, 42.8098], [-103.34149, 42.81567], [-103.34145, 42.82173], [-103.34143, 42.8248], [-103.3392, 42.82765], [-103.33695, 42.83045], [-103.33483, 42.83319], [-103.33263, 42.83592], [-103.33048, 42.83867], [-103.32837, 42.84137], [-103.3262, 42.84413], [-103.32399, 42.847], [-103.32194, 42.84957], [-103.31981, 42.85231], [-103.31766, 42.85505], [-103.31544, 42.85785], [-103.31327, 42.86064], [-103.31103, 42.8635], [-103.30889, 42.86622], [-103.3067, 42.86898], [-103.30469, 42.87154], [-103.30264, 42.87417], [-103.30038, 42.87702], [-103.29861, 42.87928], [-103.2968, 42.88158], [-103.29497, 42.88393], [-103.2931, 42.88628], [-103.29114, 42.88877], [-103.28835, 42.89229], [-103.28631, 42.89485], [-103.2842, 42.89764], [-103.28195, 42.90051], [-103.27986, 42.90312], [-103.27753, 42.90609], [-103.27568, 42.90847], [-103.27341, 42.91127], [-103.2712, 42.91415], [-103.26893, 42.91706], [-103.26709, 42.92013], [-103.26533, 42.92325], [-103.26246, 42.92541], [-103.26031, 42.92813], [-103.25817, 42.93079], [-103.2563, 42.93319], [-103.25446, 42.93557], [-103.25247, 42.93806], [-103.25063, 42.94042], [-103.24851, 42.94309], [-103.24644, 42.94572], [-103.24451, 42.9482], [-103.24231, 42.951], [-103.24014, 42.95373], [-103.23795, 42.95651], [-103.23579, 42.95924], [-103.23415, 42.96133], [-103.23228, 42.96368], [-103.23069, 42.96571], [-103.22861, 42.9683], [-103.22674, 42.97069], [-103.22507, 42.97282], [-103.22275, 42.97577], [-103.22078, 42.97828], [-103.21878, 42.98077], [-103.21665, 42.9835], [-103.21486, 42.98575], [-103.21472, 42.98907], [-103.21449, 42.99535], [-103.21439, 42.99703], [-103.21391, 42.99722]]}, "properties": {"owner": "WAPA-- WESTERN AREA POWER ADMINISTRATION", "voltage_kv": 230.0}}, {"type": "Feature", "geometry": {"type": "LineString", "coordinates": [[-103.21391, 42.99722], [-103.21439, 42.99749], [-103.21436, 42.99838], [-103.21422, 43.00156], [-103.21394, 43.00439], [-103.21366, 43.00712], [-103.2133, 43.0104], [-103.21301, 43.01342], [-103.21267, 43.0167], [-103.21234, 43.01983], [-103.21205, 43.023], [-103.21171, 43.02626], [-103.21141, 43.02928], [-103.21112, 43.03242], [-103.21079, 43.03557], [-103.21048, 43.03873], [-103.20999, 43.0417], [-103.20951, 43.0447], [-103.20909, 43.04732], [-103.20861, 43.05042], [-103.20809, 43.05341], [-103.20753, 43.05611], [-103.20689, 43.05938], [-103.20637, 43.06187], [-103.20571, 43.06529], [-103.20516, 43.06805], [-103.20471, 43.07023], [-103.20396, 43.07395], [-103.20354, 43.07689], [-103.20309, 43.07998], [-103.2026, 43.0833], [-103.20226, 43.08592], [-103.20196, 43.08853], [-103.2016, 43.09163], [-103.20123, 43.09463], [-103.2009, 43.09738], [-103.20068, 43.10099], [-103.20044, 43.10546], [-103.20041, 43.10832], [-103.20035, 43.11148], [-103.20033, 43.11459], [-103.20011, 43.11724], [-103.19981, 43.12093], [-103.19979, 43.12436], [-103.19972, 43.12766], [-103.19969, 43.1304], [-103.19966, 43.13424], [-103.19959, 43.13698], [-103.19957, 43.13971], [-103.19955, 43.14227], [-103.19955, 43.14535], [-103.19954, 43.14848], [-103.19957, 43.15135], [-103.19959, 43.15425], [-103.19961, 43.15726], [-103.19961, 43.1603], [-103.19963, 43.16346], [-103.19964, 43.16659], [-103.19957, 43.17018], [-103.19944, 43.17358], [-103.1994, 43.17646], [-103.19935, 43.17948], [-103.19926, 43.18263], [-103.19917, 43.18579], [-103.1991, 43.18853], [-103.19906, 43.19142], [-103.19897, 43.19443], [-103.19888, 43.19772], [-103.19882, 43.201], [-103.19873, 43.2043], [-103.19867, 43.20745], [-103.19866, 43.21004], [-103.19868, 43.21257], [-103.19865, 43.21586], [-103.19867, 43.21924], [-103.1987, 43.22253], [-103.19869, 43.22582], [-103.19864, 43.22911], [-103.19865, 43.23213], [-103.19869, 43.235], [-103.19869, 43.23816], [-103.19869, 43.24145], [-103.19867, 43.24448], [-103.19868, 43.24721], [-103.1987, 43.25023], [-103.19871, 43.25305], [-103.19871, 43.2557], [-103.19876, 43.25873], [-103.19874, 43.26132], [-103.19877, 43.26366], [-103.19877, 43.26613], [-103.19877, 43.26859], [-103.19879, 43.27147], [-103.19879, 43.27475], [-103.19812, 43.27717], [-103.19728, 43.28041], [-103.19646, 43.28337], [-103.1959, 43.28553], [-103.19516, 43.28821], [-103.19427, 43.29144], [-103.19365, 43.29386], [-103.19293, 43.29656], [-103.19213, 43.29952], [-103.19126, 43.30275], [-103.19054, 43.30585], [-103.18967, 43.30893], [-103.18883, 43.31217], [-103.18803, 43.31486], [-103.18733, 43.31754], [-103.1866, 43.32024], [-103.186, 43.32259], [-103.18534, 43.32494], [-103.18523, 43.32768], [-103.18511, 43.33056], [-103.18501, 43.3338], [-103.1849, 43.33699], [-103.1848, 43.34022], [-103.1848, 43.34215], [-103.1848, 43.34454], [-103.18483, 43.3477], [-103.18482, 43.35098], [-103.18485, 43.35413], [-103.18486, 43.35739], [-103.18488, 43.36003], [-103.18488, 43.36332], [-103.1849, 43.36647], [-103.18493, 43.36968], [-103.18279, 43.37251], [-103.18099, 43.37489], [-103.17887, 43.37765], [-103.17523, 43.38244], [-103.17338, 43.38486], [-103.17123, 43.38769], [-103.16902, 43.39061], [-103.16703, 43.39323], [-103.16529, 43.39548], [-103.16327, 43.39812], [-103.16117, 43.40089], [-103.15953, 43.40306], [-103.15751, 43.40568], [-103.15529, 43.40857], [-103.15347, 43.41098], [-103.1512, 43.41396], [-103.14917, 43.41662], [-103.14726, 43.41911], [-103.14502, 43.42203], [-103.14287, 43.42486], [-103.14059, 43.42783], [-103.13895, 43.43054], [-103.13896, 43.43394], [-103.13893, 43.43736], [-103.13893, 43.44079], [-103.13895, 43.44419], [-103.13895, 43.44762], [-103.13897, 43.45073], [-103.13937, 43.45417], [-103.14035, 43.4583], [-103.1408, 43.46134], [-103.14123, 43.4643], [-103.14298, 43.46922], [-103.1434, 43.47198], [-103.14263, 43.47573], [-103.14102, 43.47882], [-103.14078, 43.48198], [-103.14057, 43.48527], [-103.14042, 43.48773], [-103.14022, 43.49007], [-103.14008, 43.49226], [-103.14009, 43.49472], [-103.1401, 43.49773], [-103.14013, 43.50089], [-103.14015, 43.50377], [-103.14017, 43.50706], [-103.1402, 43.51017], [-103.1402, 43.51305], [-103.1402, 43.51625], [-103.14023, 43.5194], [-103.14025, 43.52242], [-103.14026, 43.5255], [-103.14028, 43.52877], [-103.14028, 43.53203], [-103.1403, 43.5353], [-103.14032, 43.53846], [-103.14035, 43.5416], [-103.14037, 43.54485], [-103.14039, 43.54778], [-103.14039, 43.55066], [-103.14041, 43.55353], [-103.14043, 43.55681], [-103.14046, 43.55956], [-103.14047, 43.56258], [-103.14047, 43.56574], [-103.1405, 43.56822], [-103.14052, 43.57092], [-103.13998, 43.57421], [-103.13939, 43.57747], [-103.13885, 43.58059], [-103.13831, 43.5836], [-103.13781, 43.58658], [-103.13729, 43.58957], [-103.13682, 43.59231], [-103.13622, 43.5956], [-103.13408, 43.59845], [-103.13199, 43.60122], [-103.12994, 43.60389], [-103.12775, 43.60677], [-103.12556, 43.60964], [-103.1235, 43.61236], [-103.1206, 43.61477], [-103.11787, 43.61705], [-103.11506, 43.61947], [-103.11301, 43.62237], [-103.11113, 43.62514], [-103.10912, 43.62799], [-103.10717, 43.6308], [-103.10571, 43.63287], [-103.10579, 43.63575], [-103.10429, 43.63768], [-103.10284, 43.63959], [-103.10137, 43.64151], [-103.09919, 43.64438], [-103.09728, 43.64689], [-103.09517, 43.64966], [-103.0932, 43.65225], [-103.09196, 43.65456], [-103.09039, 43.65748], [-103.08892, 43.66024], [-103.08744, 43.663], [-103.08584, 43.66597], [-103.08449, 43.66853], [-103.0829, 43.67149], [-103.08151, 43.67416], [-103.08025, 43.67662], [-103.07893, 43.67919], [-103.07756, 43.68188], [-103.07607, 43.68479], [-103.07458, 43.68766], [-103.07314, 43.6905], [-103.07169, 43.69333], [-103.07044, 43.69575], [-103.06918, 43.6982], [-103.06681, 43.70193], [-103.06407, 43.70385], [-103.06136, 43.70575], [-103.05836, 43.70786], [-103.05515, 43.7101], [-103.0525, 43.71203], [-103.04986, 43.71393], [-103.0476, 43.71564], [-103.04525, 43.71733], [-103.04219, 43.71956], [-103.03914, 43.72181], [-103.03637, 43.72381], [-103.03353, 43.7259], [-103.03062, 43.72803], [-103.02797, 43.72997], [-103.02517, 43.73202], [-103.02233, 43.73408], [-103.01929, 43.7363], [-103.01624, 43.73853], [-103.01357, 43.74046], [-103.01088, 43.74242], [-103.00796, 43.74455], [-103.00516, 43.74659], [-103.00239, 43.74858], [-102.99986, 43.75044], [-102.9971, 43.75241], [-102.99404, 43.75465], [-102.99164, 43.7564], [-102.9893, 43.75813], [-102.98629, 43.7603], [-102.98348, 43.76232], [-102.98026, 43.76467], [-102.97722, 43.76687], [-102.97402, 43.76917], [-102.97181, 43.77081], [-102.96943, 43.77253], [-102.96622, 43.77486], [-102.96346, 43.77698], [-102.96046, 43.77914], [-102.95754, 43.78127], [-102.95489, 43.7832], [-102.95206, 43.78526], [-102.9491, 43.78741], [-102.9463, 43.78944], [-102.94308, 43.79176], [-102.94013, 43.7939], [-102.93693, 43.79622], [-102.93425, 43.79816], [-102.9313, 43.8003], [-102.92851, 43.80234], [-102.92532, 43.80465], [-102.92238, 43.80677], [-102.9191, 43.8082], [-102.91618, 43.80951], [-102.91362, 43.81062], [-102.91114, 43.81172], [-102.90732, 43.81339], [-102.90416, 43.81478], [-102.90228, 43.8168], [-102.90038, 43.81885], [-102.89848, 43.8209], [-102.89628, 43.82332], [-102.89416, 43.82557], [-102.8939, 43.82832], [-102.89361, 43.83105], [-102.89335, 43.83375], [-102.89305, 43.83638], [-102.89284, 43.83899], [-102.89257, 43.84199], [-102.89232, 43.84488], [-102.89199, 43.84789], [-102.89172, 43.8509], [-102.89145, 43.85348], [-102.89118, 43.85649], [-102.89088, 43.85936], [-102.8906, 43.86252], [-102.89035, 43.86568], [-102.88996, 43.8688], [-102.88962, 43.87195], [-102.88941, 43.87486], [-102.88869, 43.8775], [-102.8879, 43.88051], [-102.88711, 43.88375], [-102.88568, 43.88566], [-102.8838, 43.88818], [-102.8821, 43.89044], [-102.88059, 43.89252], [-102.87887, 43.89477], [-102.87744, 43.8967], [-102.8757, 43.89903], [-102.87398, 43.90133], [-102.87186, 43.90421], [-102.86987, 43.90686], [-102.86814, 43.90917], [-102.86636, 43.91156], [-102.86426, 43.91437], [-102.8622, 43.91711], [-102.86012, 43.91991], [-102.85805, 43.92268], [-102.85596, 43.92545], [-102.85461, 43.92772], [-102.85316, 43.93014], [-102.85166, 43.93262], [-102.85067, 43.93426], [-102.84905, 43.93696], [-102.84751, 43.93954], [-102.84593, 43.94216], [-102.84455, 43.94447], [-102.84313, 43.94683], [-102.84182, 43.94899], [-102.84, 43.95202], [-102.83842, 43.95462], [-102.83693, 43.95709], [-102.83514, 43.96013], [-102.83368, 43.9625], [-102.83189, 43.96551], [-102.83022, 43.9683], [-102.82868, 43.97087], [-102.82868, 43.97341], [-102.82866, 43.97631], [-102.82863, 43.97949], [-102.82861, 43.98263], [-102.82858, 43.98565], [-102.82858, 43.98882], [-102.82854, 43.99196], [-102.82851, 43.99512], [-102.82851, 43.99806], [-102.82848, 44.00129], [-102.8285, 44.00443], [-102.82848, 44.00748], [-102.82847, 44.01048], [-102.82846, 44.0135], [-102.82843, 44.01646], [-102.82841, 44.01939], [-102.82839, 44.02227], [-102.82836, 44.02512], [-102.82834, 44.02835], [-102.82832, 44.03124], [-102.8283, 44.03447], [-102.82828, 44.0373], [-102.82826, 44.04027], [-102.82824, 44.04323], [-102.82823, 44.04599], [-102.82822, 44.04867], [-102.82819, 44.0512], [-102.82817, 44.05451], [-102.82815, 44.05763], [-102.82814, 44.06025], [-102.82811, 44.06345], [-102.82808, 44.06666], [-102.82731, 44.06982], [-102.82692, 44.07136], [-102.82688, 44.07194]]}, "properties": {"owner": "WAPA-- WESTERN AREA POWER ADMINISTRATION", "voltage_kv": 230.0}}, {"type": "Feature", "geometry": {"type": "LineString", "coordinates": [[-102.82688, 44.07194], [-102.82612, 44.07162], [-102.82594, 44.07307], [-102.82459, 44.07571], [-102.82327, 44.0783], [-102.82086, 44.08299], [-102.81879, 44.08579], [-102.81698, 44.08821], [-102.81534, 44.09038], [-102.8129, 44.09363], [-102.80976, 44.09528], [-102.80672, 44.09686], [-102.80319, 44.09871], [-102.79961, 44.10058], [-102.79639, 44.10224], [-102.79298, 44.10401], [-102.78939, 44.10586], [-102.78586, 44.10781], [-102.78219, 44.10975], [-102.77848, 44.11168], [-102.77483, 44.1136], [-102.77111, 44.11553], [-102.76706, 44.11648], [-102.763, 44.11744], [-102.75903, 44.11837], [-102.75477, 44.11937], [-102.75072, 44.12032], [-102.74666, 44.12126], [-102.74264, 44.1222], [-102.7386, 44.12316], [-102.7346, 44.1241], [-102.73055, 44.12504], [-102.72645, 44.12602], [-102.7225, 44.12693], [-102.71824, 44.12794], [-102.71393, 44.12894], [-102.7096, 44.12996], [-102.70543, 44.13077], [-102.70147, 44.13156], [-102.6974, 44.13235], [-102.69335, 44.13313], [-102.68927, 44.13393], [-102.6852, 44.13471], [-102.68116, 44.1355], [-102.67712, 44.13629], [-102.67305, 44.13707], [-102.66902, 44.13786], [-102.66502, 44.13863], [-102.66092, 44.13943], [-102.65685, 44.14021], [-102.65281, 44.14099], [-102.6487, 44.1418], [-102.6445, 44.14258], [-102.64037, 44.14339], [-102.63584, 44.14398], [-102.6325, 44.14443], [-102.62795, 44.14501], [-102.62343, 44.14558], [-102.61905, 44.14597], [-102.61508, 44.14631], [-102.61081, 44.14669], [-102.6066, 44.14706], [-102.60244, 44.14741], [-102.59803, 44.14779], [-102.59394, 44.14816], [-102.58975, 44.14878], [-102.58553, 44.14941], [-102.58132, 44.15004], [-102.57714, 44.15067], [-102.57293, 44.15129], [-102.56875, 44.15193], [-102.56441, 44.15258], [-102.56005, 44.15324], [-102.55582, 44.15387], [-102.55153, 44.15451], [-102.54734, 44.15513], [-102.54314, 44.15575], [-102.53922, 44.15636], [-102.53512, 44.15698], [-102.53099, 44.15759], [-102.52689, 44.15821], [-102.52279, 44.15881], [-102.51869, 44.15943], [-102.51456, 44.16003], [-102.51047, 44.16065], [-102.50635, 44.16127], [-102.50224, 44.16188], [-102.49813, 44.16249], [-102.49401, 44.16311], [-102.48988, 44.16373], [-102.48579, 44.16434], [-102.48162, 44.16576], [-102.47746, 44.16715], [-102.47399, 44.16833], [-102.47018, 44.1696], [-102.4663, 44.17091], [-102.46244, 44.17224], [-102.45858, 44.17354], [-102.45464, 44.17488], [-102.45056, 44.17626], [-102.44728, 44.17816], [-102.44427, 44.17991], [-102.44123, 44.18167], [-102.43821, 44.18343], [-102.43518, 44.1852], [-102.43215, 44.18696], [-102.42912, 44.18872], [-102.42549, 44.19083], [-102.42143, 44.19317], [-102.41788, 44.19374], [-102.41373, 44.19446], [-102.40998, 44.19446], [-102.40623, 44.19448], [-102.40245, 44.19449], [-102.39864, 44.19449], [-102.3919, 44.1945], [-102.38789, 44.19451], [-102.38365, 44.19452], [-102.37968, 44.19453], [-102.37591, 44.19454], [-102.37175, 44.19403], [-102.36758, 44.1935], [-102.36342, 44.19299], [-102.35929, 44.19247], [-102.35507, 44.19303], [-102.35044, 44.19364], [-102.34617, 44.19483], [-102.34329, 44.19452], [-102.33941, 44.19307], [-102.33551, 44.1916], [-102.33146, 44.19006], [-102.32858, 44.18897], [-102.32506, 44.18765], [-102.32167, 44.18637], [-102.31777, 44.1849], [-102.31412, 44.18352], [-102.30918, 44.18167], [-102.30288, 44.17962], [-102.29836, 44.1799], [-102.29389, 44.1802], [-102.28768, 44.18057], [-102.28231, 44.18054], [-102.27762, 44.18052], [-102.27362, 44.18214], [-102.27041, 44.18345], [-102.2658, 44.18362], [-102.26123, 44.1838], [-102.25678, 44.18396], [-102.25222, 44.18414], [-102.24841, 44.1843], [-102.24402, 44.18446], [-102.23965, 44.18463], [-102.23525, 44.1848], [-102.23085, 44.18497], [-102.22687, 44.18512], [-102.22268, 44.18528], [-102.21846, 44.18544], [-102.2142, 44.18561], [-102.21068, 44.18652], [-102.20685, 44.18757], [-102.20253, 44.18869], [-102.19868, 44.1897], [-102.19572, 44.19047], [-102.19271, 44.19127], [-102.19017, 44.19342], [-102.18721, 44.1959], [-102.18398, 44.19769], [-102.18079, 44.19944], [-102.17775, 44.20111], [-102.17472, 44.20277], [-102.17171, 44.20445], [-102.16867, 44.20613], [-102.16504, 44.20813], [-102.16152, 44.20951], [-102.15785, 44.21097], [-102.154, 44.21248], [-102.15, 44.21409], [-102.14632, 44.21555], [-102.14233, 44.21712], [-102.13832, 44.21871], [-102.13432, 44.22031], [-102.13047, 44.22183], [-102.1269, 44.22328], [-102.12266, 44.2235], [-102.1183, 44.22372], [-102.11412, 44.22393], [-102.10992, 44.22415], [-102.10573, 44.22436], [-102.10155, 44.22456], [-102.09755, 44.22478], [-102.09319, 44.225], [-102.08918, 44.22518], [-102.08537, 44.22537], [-102.08135, 44.22558], [-102.07708, 44.22703], [-102.07366, 44.22841], [-102.07063, 44.22962], [-102.067, 44.23107], [-102.0632, 44.2326], [-102.05937, 44.23413], [-102.05551, 44.23566], [-102.052, 44.23707], [-102.04831, 44.23854], [-102.04576, 44.23961], [-102.04271, 44.24083], [-102.03896, 44.24233], [-102.03529, 44.2438], [-102.03187, 44.24518], [-102.02865, 44.24647], [-102.02446, 44.24814], [-102.02049, 44.2486], [-102.01582, 44.24913], [-102.01143, 44.24963], [-102.00707, 44.2501], [-102.00295, 44.25057], [-101.99862, 44.25107], [-101.99428, 44.25156], [-101.98995, 44.25204], [-101.98588, 44.25251], [-101.98173, 44.25298], [-101.97726, 44.25349], [-101.97281, 44.25418], [-101.96836, 44.25491], [-101.96409, 44.25561], [-101.95961, 44.25633], [-101.95527, 44.25702], [-101.95103, 44.25772], [-101.94682, 44.2584], [-101.94331, 44.25896], [-101.94002, 44.2595], [-101.93566, 44.26194], [-101.93236, 44.26378], [-101.92829, 44.2651], [-101.92408, 44.26644], [-101.9195, 44.26678], [-101.91546, 44.26705], [-101.91091, 44.26739], [-101.90686, 44.26807], [-101.90283, 44.26876], [-101.89951, 44.26931], [-101.89517, 44.27003], [-101.89087, 44.27075], [-101.88659, 44.27147], [-101.88213, 44.27222], [-101.87782, 44.27295], [-101.87339, 44.2737], [-101.86887, 44.27446], [-101.86491, 44.27512], [-101.86101, 44.27578], [-101.85701, 44.27645], [-101.85287, 44.27715], [-101.84839, 44.27789], [-101.844, 44.27863], [-101.83962, 44.27936], [-101.83522, 44.28025], [-101.831, 44.28109], [-101.82658, 44.282], [-101.82218, 44.28288], [-101.81812, 44.2837], [-101.81419, 44.2845], [-101.81022, 44.28527], [-101.80639, 44.28606], [-101.80269, 44.28682], [-101.79904, 44.28759], [-101.79534, 44.28836], [-101.7915, 44.28918], [-101.78768, 44.28998], [-101.78368, 44.29083], [-101.77947, 44.29171], [-101.77524, 44.2926], [-101.77171, 44.29334], [-101.76806, 44.2941], [-101.76406, 44.29493], [-101.7602, 44.29575], [-101.75636, 44.29655], [-101.75252, 44.29735], [-101.74875, 44.29814], [-101.74458, 44.29884], [-101.74043, 44.29955], [-101.73633, 44.30024], [-101.73242, 44.30066], [-101.7283, 44.30109], [-101.72487, 44.30146], [-101.72145, 44.30182], [-101.71787, 44.3022], [-101.71384, 44.30263], [-101.71028, 44.30299], [-101.70587, 44.30347], [-101.70226, 44.30385], [-101.69814, 44.30429], [-101.69611, 44.30438], [-101.69606, 44.30425]]}, "properties": {"owner": "WAPA-- WESTERN AREA POWER ADMINISTRATION", "voltage_kv": 230.0}}, {"type": "Feature", "geometry": {"type": "LineString", "coordinates": [[-102.82688, 44.07194], [-102.82628, 44.07178], [-102.82603, 44.07309], [-102.82468, 44.07573], [-102.82335, 44.07832], [-102.82094, 44.08301], [-102.81963, 44.08525], [-102.81962, 44.08683], [-102.8196, 44.08864], [-102.81959, 44.09073], [-102.81958, 44.09227], [-102.81957, 44.09319], [-102.81802, 44.09399], [-102.81609, 44.09494], [-102.81398, 44.096], [-102.81395, 44.09782], [-102.81394, 44.09942], [-102.81393, 44.10085], [-102.81391, 44.10261], [-102.81389, 44.10449], [-102.81388, 44.10648], [-102.8132, 44.10811], [-102.81233, 44.11016], [-102.81158, 44.11195], [-102.81082, 44.11376], [-102.81007, 44.11553], [-102.80912, 44.1178], [-102.80913, 44.1198], [-102.80914, 44.12173], [-102.80916, 44.12372], [-102.80912, 44.12575], [-102.8091, 44.12764], [-102.8091, 44.12979], [-102.80914, 44.13168], [-102.81172, 44.13286], [-102.81403, 44.13391], [-102.81614, 44.13487], [-102.81895, 44.13614], [-102.82061, 44.13689], [-102.82355, 44.13824], [-102.82607, 44.13937], [-102.8264, 44.14127], [-102.82663, 44.14271], [-102.82703, 44.14495], [-102.82742, 44.14707], [-102.82767, 44.14847], [-102.82805, 44.15061], [-102.8284, 44.15256], [-102.8288, 44.15466], [-102.82879, 44.15631], [-102.8288, 44.15828], [-102.8288, 44.16007], [-102.82881, 44.16185], [-102.82882, 44.16373], [-102.82883, 44.16541], [-102.82882, 44.16722], [-102.82883, 44.16915], [-102.82883, 44.17076], [-102.82884, 44.1724], [-102.82886, 44.174], [-102.82886, 44.17586], [-102.82887, 44.17792], [-102.82887, 44.1796], [-102.82888, 44.18125], [-102.82888, 44.18288], [-102.82878, 44.18491], [-102.82871, 44.18675], [-102.8286, 44.18869], [-102.82852, 44.19043], [-102.82789, 44.19168], [-102.82705, 44.19344], [-102.82634, 44.19489], [-102.82569, 44.1962], [-102.82476, 44.19813], [-102.82383, 44.20005], [-102.82297, 44.20183], [-102.82303, 44.20323], [-102.82312, 44.20491], [-102.8232, 44.20664], [-102.82329, 44.20848], [-102.82339, 44.21037], [-102.82346, 44.21222], [-102.82357, 44.21433], [-102.82366, 44.2162], [-102.82376, 44.21807], [-102.82385, 44.22015], [-102.82395, 44.22201], [-102.82405, 44.22405], [-102.82414, 44.22589], [-102.82423, 44.22785], [-102.82432, 44.2295], [-102.82441, 44.23162], [-102.82451, 44.23332], [-102.8246, 44.23526], [-102.82469, 44.23717], [-102.82478, 44.23901], [-102.82487, 44.24077], [-102.82499, 44.24338], [-102.82509, 44.24551], [-102.82521, 44.24751], [-102.82528, 44.24914], [-102.82536, 44.25075], [-102.82544, 44.25271], [-102.82555, 44.25464], [-102.82566, 44.25683], [-102.82574, 44.25854], [-102.82582, 44.26037], [-102.82606, 44.26231], [-102.82629, 44.26414], [-102.82653, 44.2659], [-102.82672, 44.26741], [-102.82695, 44.26921], [-102.8272, 44.27115], [-102.82741, 44.27289], [-102.82768, 44.27505], [-102.8279, 44.27672], [-102.82818, 44.27898], [-102.82842, 44.28082], [-102.82865, 44.28263], [-102.82863, 44.28442], [-102.82861, 44.28608], [-102.8286, 44.28799], [-102.82858, 44.2898], [-102.82858, 44.29151], [-102.82856, 44.29393], [-102.82854, 44.29564], [-102.82854, 44.29726], [-102.82852, 44.29947], [-102.82851, 44.30136], [-102.82849, 44.30298], [-102.82847, 44.30443], [-102.82846, 44.30652], [-102.82843, 44.30836], [-102.82843, 44.31035], [-102.82842, 44.31246], [-102.82842, 44.31385], [-102.82842, 44.31542], [-102.8284, 44.31733], [-102.82837, 44.31954], [-102.82837, 44.32105], [-102.82834, 44.32267], [-102.82835, 44.32427], [-102.82832, 44.32613], [-102.82831, 44.32769], [-102.82551, 44.32965], [-102.82401, 44.33073], [-102.82051, 44.33317], [-102.81861, 44.33448], [-102.81661, 44.33589], [-102.81493, 44.33817], [-102.81386, 44.33966], [-102.81284, 44.3411], [-102.81182, 44.3425], [-102.81076, 44.34396], [-102.80963, 44.34555], [-102.80829, 44.34742], [-102.80742, 44.34863], [-102.80641, 44.35004], [-102.80533, 44.3515], [-102.80422, 44.35306], [-102.80405, 44.35471], [-102.80388, 44.35608], [-102.80374, 44.35748], [-102.80361, 44.3592], [-102.80325, 44.36254], [-102.80329, 44.36389], [-102.80323, 44.36525], [-102.80324, 44.36705], [-102.80329, 44.36846], [-102.80327, 44.37008], [-102.80327, 44.37169], [-102.80327, 44.37363], [-102.80327, 44.37576], [-102.80332, 44.37752], [-102.80327, 44.37947], [-102.80326, 44.38145], [-102.80327, 44.38321], [-102.80329, 44.38507], [-102.80322, 44.38662], [-102.80317, 44.39028], [-102.80312, 44.39206], [-102.80307, 44.39388], [-102.80298, 44.39593], [-102.80297, 44.39777], [-102.80307, 44.39926], [-102.80321, 44.4012], [-102.80327, 44.40246], [-102.80337, 44.40439], [-102.80347, 44.40613], [-102.80367, 44.41004], [-102.80382, 44.41188], [-102.80393, 44.4136], [-102.80402, 44.41538], [-102.80416, 44.41731], [-102.80424, 44.41876], [-102.80436, 44.42123], [-102.80461, 44.42493], [-102.80474, 44.4269], [-102.80483, 44.42872], [-102.80495, 44.4304], [-102.80509, 44.43241], [-102.80522, 44.43428], [-102.80533, 44.43564], [-102.80542, 44.43729], [-102.80551, 44.43876], [-102.80559, 44.44001], [-102.80568, 44.44156], [-102.80579, 44.4434], [-102.8059, 44.44531], [-102.80603, 44.44711], [-102.80615, 44.44896], [-102.80628, 44.4508], [-102.80672, 44.45244], [-102.80717, 44.4541], [-102.80763, 44.45579], [-102.80807, 44.45744], [-102.80857, 44.45923], [-102.809, 44.4608], [-102.80946, 44.46255], [-102.80996, 44.46446], [-102.81048, 44.46633], [-102.81104, 44.46838], [-102.81157, 44.47034], [-102.81209, 44.47225], [-102.81255, 44.47396], [-102.81319, 44.47628], [-102.81362, 44.47784], [-102.81398, 44.4792], [-102.81405, 44.48122], [-102.81409, 44.48309], [-102.81417, 44.48497], [-102.81422, 44.48681], [-102.81427, 44.48867], [-102.81434, 44.49074], [-102.8144, 44.49242], [-102.81445, 44.49444], [-102.81453, 44.49608], [-102.81461, 44.49822], [-102.81466, 44.50014], [-102.8147, 44.50175], [-102.81476, 44.50338], [-102.81481, 44.50491], [-102.81488, 44.50724], [-102.81492, 44.5088], [-102.81497, 44.51006], [-102.81505, 44.51237], [-102.8151, 44.51422], [-102.81516, 44.51598], [-102.8152, 44.51785], [-102.81527, 44.5199], [-102.81535, 44.52231], [-102.8154, 44.52344], [-102.81358, 44.52434], [-102.81169, 44.52526], [-102.80955, 44.52629], [-102.8075, 44.52731], [-102.8054, 44.52833], [-102.80335, 44.52932], [-102.80125, 44.53034], [-102.79892, 44.53143], [-102.79733, 44.5322], [-102.79488, 44.53342], [-102.79295, 44.53441], [-102.79083, 44.53543], [-102.78853, 44.53656], [-102.7862, 44.53771], [-102.78393, 44.53882], [-102.78167, 44.53991], [-102.77939, 44.54103], [-102.77718, 44.54211], [-102.77494, 44.54319], [-102.77283, 44.54423], [-102.77076, 44.54523], [-102.76835, 44.5464], [-102.76592, 44.54759], [-102.76354, 44.54875], [-102.76182, 44.54959], [-102.75965, 44.55062], [-102.75746, 44.5517], [-102.75516, 44.55282], [-102.75307, 44.55384], [-102.75084, 44.55492], [-102.74895, 44.55585], [-102.74709, 44.55675], [-102.74524, 44.55765], [-102.7433, 44.55858], [-102.74147, 44.55947], [-102.73968, 44.56034], [-102.73866, 44.56146], [-102.73762, 44.56263], [-102.73474, 44.56265], [-102.73207, 44.56268], [-102.72939, 44.56271], [-102.72652, 44.56274], [-102.72468, 44.56277], [-102.7229, 44.56278], [-102.72097, 44.5628], [-102.71781, 44.56283], [-102.71568, 44.56285], [-102.71297, 44.56289], [-102.71047, 44.56292], [-102.70773, 44.56295], [-102.70462, 44.56298], [-102.70194, 44.56301], [-102.69988, 44.56302], [-102.69727, 44.56303], [-102.69455, 44.56452], [-102.69275, 44.56548], [-102.6902, 44.56683], [-102.68831, 44.56785], [-102.68598, 44.5691], [-102.68444, 44.56992], [-102.68265, 44.5709], [-102.68013, 44.57223], [-102.67842, 44.57314], [-102.67642, 44.57421], [-102.67452, 44.57522], [-102.6723, 44.57642], [-102.66991, 44.57769], [-102.66785, 44.57878], [-102.66558, 44.58002], [-102.66422, 44.58073], [-102.66174, 44.58203], [-102.66176, 44.58417], [-102.66175, 44.58572], [-102.66175, 44.58784], [-102.66175, 44.5897], [-102.66173, 44.59162], [-102.66173, 44.59389], [-102.66171, 44.59571], [-102.66171, 44.59798], [-102.6617, 44.59982], [-102.66169, 44.60183], [-102.6617, 44.60379], [-102.66169, 44.60555], [-102.66168, 44.60765], [-102.66167, 44.60965], [-102.66168, 44.61141], [-102.66167, 44.61334], [-102.66167, 44.61499], [-102.66166, 44.61661], [-102.66164, 44.61851], [-102.66164, 44.62022], [-102.66165, 44.62174], [-102.66164, 44.62366], [-102.66163, 44.62575], [-102.66162, 44.6268], [-102.66163, 44.62913], [-102.66161, 44.63125], [-102.6616, 44.63333], [-102.6616, 44.63487], [-102.6616, 44.63651], [-102.66158, 44.6383], [-102.66158, 44.64026], [-102.6616, 44.64181], [-102.66157, 44.64369], [-102.66267, 44.64551], [-102.66263, 44.64733], [-102.66264, 44.64913], [-102.66264, 44.65094], [-102.66262, 44.65276], [-102.66262, 44.65469], [-102.66262, 44.65644], [-102.66262, 44.65792], [-102.66261, 44.66011], [-102.66259, 44.66176], [-102.66259, 44.66406], [-102.6626, 44.66593], [-102.66258, 44.66773], [-102.66259, 44.66971], [-102.66257, 44.67112], [-102.66259, 44.67378], [-102.66256, 44.67559], [-102.66256, 44.6779], [-102.66256, 44.67987], [-102.66258, 44.68125], [-102.66232, 44.68325], [-102.66205, 44.68547], [-102.66185, 44.68723], [-102.66163, 44.68906], [-102.66142, 44.6908], [-102.66119, 44.69284], [-102.66103, 44.69408], [-102.66085, 44.6957], [-102.66063, 44.69734], [-102.66048, 44.6988], [-102.66025, 44.70066], [-102.66006, 44.70228], [-102.65988, 44.70391], [-102.65966, 44.70542], [-102.65965, 44.70717], [-102.65961, 44.70866], [-102.6596, 44.71092], [-102.65955, 44.71241], [-102.6595, 44.71489], [-102.65948, 44.71625], [-102.65945, 44.7179], [-102.65939, 44.71972], [-102.65934, 44.72186], [-102.65932, 44.72385], [-102.65928, 44.72566], [-102.65925, 44.72737], [-102.65921, 44.729], [-102.65919, 44.73055], [-102.65914, 44.73271], [-102.65913, 44.73399], [-102.65803, 44.73546], [-102.65696, 44.73689], [-102.65601, 44.73819], [-102.65478, 44.73986], [-102.65341, 44.7417], [-102.6519, 44.74377], [-102.65019, 44.74607], [-102.64882, 44.74789], [-102.64886, 44.7494], [-102.64884, 44.75099], [-102.64885, 44.75211], [-102.64886, 44.7541], [-102.64887, 44.75555], [-102.6489, 44.75681], [-102.64892, 44.75873], [-102.64893, 44.76086], [-102.64893, 44.76279], [-102.64895, 44.7642], [-102.64896, 44.76584], [-102.64897, 44.76794], [-102.64899, 44.7699], [-102.64899, 44.77172], [-102.64991, 44.77313], [-102.6512, 44.77511], [-102.65244, 44.77704], [-102.6538, 44.77912], [-102.65475, 44.78056], [-102.65473, 44.78284], [-102.65476, 44.7846], [-102.65477, 44.78629], [-102.65477, 44.78785], [-102.65475, 44.79031], [-102.65477, 44.79233], [-102.65479, 44.79423], [-102.65478, 44.79617], [-102.65478, 44.798], [-102.6548, 44.80028], [-102.65481, 44.80199], [-102.6548, 44.80355], [-102.65481, 44.80533], [-102.65483, 44.80699], [-102.65484, 44.80824], [-102.65483, 44.81077], [-102.65485, 44.81289], [-102.6546, 44.81569], [-102.65438, 44.81789], [-102.65422, 44.8198], [-102.65407, 44.82146], [-102.6539, 44.82318], [-102.65378, 44.82433], [-102.65362, 44.82612], [-102.65348, 44.82756], [-102.65334, 44.82914], [-102.65322, 44.8305], [-102.65305, 44.83219], [-102.6529, 44.83395], [-102.65269, 44.8361], [-102.65253, 44.83797], [-102.65233, 44.83983], [-102.65215, 44.84173], [-102.65223, 44.84306], [-102.6523, 44.84454], [-102.65236, 44.84616], [-102.65245, 44.84777], [-102.6525, 44.84941], [-102.65257, 44.85109], [-102.65266, 44.8532], [-102.65278, 44.85592], [-102.65287, 44.8581], [-102.65296, 44.86007], [-102.65303, 44.86192], [-102.65311, 44.86363], [-102.65316, 44.86527], [-102.65326, 44.86717], [-102.65334, 44.86883], [-102.6534, 44.87043], [-102.65349, 44.87267], [-102.6536, 44.87444], [-102.65367, 44.87639], [-102.65375, 44.8785], [-102.65387, 44.88089], [-102.65395, 44.88235], [-102.6539, 44.88383], [-102.65387, 44.8859], [-102.65382, 44.88786], [-102.6538, 44.88961], [-102.65376, 44.89176], [-102.65375, 44.89356], [-102.6537, 44.89559], [-102.65367, 44.89708], [-102.65365, 44.8993], [-102.65363, 44.90137], [-102.65359, 44.90353], [-102.65355, 44.90531], [-102.65355, 44.90703], [-102.65349, 44.90884], [-102.65349, 44.91014], [-102.65346, 44.91215], [-102.65344, 44.91425], [-102.65342, 44.91627], [-102.65343, 44.91747], [-102.65347, 44.91945], [-102.65353, 44.92121], [-102.6536, 44.92289], [-102.65363, 44.9245], [-102.65368, 44.92643], [-102.65376, 44.928], [-102.65378, 44.92975], [-102.65384, 44.93169], [-102.65388, 44.93343], [-102.65392, 44.93485], [-102.65398, 44.93629], [-102.65402, 44.93773], [-102.65411, 44.93994], [-102.65229, 44.94124], [-102.6502, 44.94278], [-102.64832, 44.94416], [-102.6464, 44.9456], [-102.64453, 44.94698], [-102.64265, 44.94836], [-102.64072, 44.94979], [-102.63906, 44.95104], [-102.6372, 44.95243], [-102.63487, 44.95412], [-102.63315, 44.95543], [-102.63114, 44.9569], [-102.62914, 44.95836], [-102.62814, 44.95973], [-102.62674, 44.96146], [-102.62449, 44.96477], [-102.62329, 44.96647], [-102.62225, 44.96791], [-102.62089, 44.96972], [-102.61957, 44.97155], [-102.61822, 44.97324], [-102.61713, 44.97478], [-102.61595, 44.97642], [-102.61448, 44.9784], [-102.61323, 44.98007], [-102.61238, 44.98129], [-102.61104, 44.98304], [-102.6097, 44.9849], [-102.60842, 44.9866], [-102.60702, 44.98846], [-102.60572, 44.99022], [-102.60436, 44.99202], [-102.60405, 44.99374], [-102.60365, 44.99546], [-102.60315, 44.9975], [-102.60241, 45.00103], [-102.60197, 45.00286], [-102.60157, 45.00464], [-102.60113, 45.00656], [-102.60085, 45.00765], [-102.59858, 45.00776], [-102.59644, 45.00788], [-102.59419, 45.008], [-102.59275, 45.00806], [-102.59212, 45.00774]]}, "properties": {"owner": "WAPA-- WESTERN AREA POWER ADMINISTRATION", "voltage_kv": 230.0}}, {"type": "Feature", "geometry": {"type": "LineString", "coordinates": [[-102.66191, 45.52997], [-102.66142, 45.52992], [-102.66139, 45.52855], [-102.66142, 45.52662], [-102.6614, 45.52525], [-102.6631, 45.52387], [-102.66311, 45.52258], [-102.66311, 45.52098], [-102.66315, 45.51942], [-102.66314, 45.51804], [-102.66318, 45.51575], [-102.66321, 45.51394], [-102.66322, 45.5119], [-102.66324, 45.51038], [-102.66324, 45.50873], [-102.66323, 45.50702], [-102.66323, 45.50562], [-102.66323, 45.50392], [-102.66322, 45.50213], [-102.66322, 45.50022], [-102.66322, 45.49858], [-102.66322, 45.49682], [-102.66321, 45.49496], [-102.66322, 45.49286], [-102.66321, 45.49109], [-102.66321, 45.48925], [-102.6632, 45.48752], [-102.6632, 45.48567], [-102.66321, 45.48396], [-102.66319, 45.48223], [-102.66318, 45.48007], [-102.66317, 45.4786], [-102.66316, 45.47692], [-102.66316, 45.47527], [-102.66316, 45.47395], [-102.66315, 45.47189], [-102.66314, 45.47034], [-102.66313, 45.4665], [-102.66311, 45.46484], [-102.6631, 45.46355], [-102.6631, 45.46157], [-102.66309, 45.45992], [-102.66309, 45.45815], [-102.66309, 45.45614], [-102.66309, 45.45455], [-102.66309, 45.45295], [-102.66105, 45.45141], [-102.65939, 45.45014], [-102.65764, 45.4488], [-102.65591, 45.44748], [-102.65394, 45.44595], [-102.65224, 45.44464], [-102.6507, 45.44346], [-102.64868, 45.4419], [-102.64681, 45.44047], [-102.6449, 45.43899], [-102.64316, 45.43765], [-102.64181, 45.43664], [-102.64027, 45.43543], [-102.6387, 45.43421], [-102.63713, 45.433], [-102.63538, 45.43166], [-102.63381, 45.43042], [-102.63209, 45.42912], [-102.63055, 45.42794], [-102.62936, 45.42703], [-102.62763, 45.42569], [-102.62637, 45.42461], [-102.62436, 45.42307], [-102.62297, 45.42197], [-102.62117, 45.4206], [-102.61937, 45.41923], [-102.61759, 45.41789], [-102.61604, 45.41668], [-102.61426, 45.41581], [-102.61266, 45.41501], [-102.61114, 45.41423], [-102.60834, 45.41282], [-102.60671, 45.41197], [-102.60466, 45.41094], [-102.6024, 45.40982], [-102.6002, 45.4087], [-102.59787, 45.40753], [-102.59564, 45.40639], [-102.59329, 45.40522], [-102.5911, 45.40409], [-102.58895, 45.40301], [-102.58681, 45.4019], [-102.58471, 45.40085], [-102.583, 45.40001], [-102.58104, 45.399], [-102.58105, 45.39722], [-102.58103, 45.39544], [-102.581, 45.39322], [-102.581, 45.39153], [-102.58099, 45.38939], [-102.58096, 45.38721], [-102.58094, 45.38558], [-102.58094, 45.38313], [-102.5809, 45.38145], [-102.5809, 45.37945], [-102.58087, 45.37708], [-102.58086, 45.37543], [-102.58084, 45.37339], [-102.58081, 45.37141], [-102.5808, 45.3694], [-102.58081, 45.36755], [-102.57926, 45.36636], [-102.57731, 45.36483], [-102.57572, 45.36357], [-102.57403, 45.36224], [-102.57217, 45.36078], [-102.57054, 45.3595], [-102.56871, 45.35808], [-102.56872, 45.35603], [-102.5687, 45.35408], [-102.56873, 45.35207], [-102.56872, 45.35066], [-102.56872, 45.34898], [-102.56872, 45.34714], [-102.56872, 45.34557], [-102.56872, 45.34368], [-102.56872, 45.34189], [-102.56873, 45.34009], [-102.56872, 45.33858], [-102.56874, 45.33696], [-102.56873, 45.33533], [-102.56872, 45.33333], [-102.56873, 45.33159], [-102.56873, 45.32994], [-102.56873, 45.32774], [-102.56875, 45.32609], [-102.56874, 45.32485], [-102.56873, 45.32308], [-102.56875, 45.32088], [-102.56875, 45.31923], [-102.56873, 45.3173], [-102.56875, 45.31546], [-102.56876, 45.31337], [-102.56875, 45.31156], [-102.56875, 45.30972], [-102.56873, 45.3078], [-102.57058, 45.30668], [-102.57061, 45.30515], [-102.57061, 45.30307], [-102.57059, 45.30095], [-102.57061, 45.29831], [-102.57062, 45.29682], [-102.57062, 45.29504], [-102.57061, 45.29336], [-102.5706, 45.29151], [-102.57062, 45.28969], [-102.5706, 45.28843], [-102.57062, 45.28683], [-102.57061, 45.28537], [-102.57062, 45.28328], [-102.57062, 45.28147], [-102.57062, 45.27915], [-102.57061, 45.27744], [-102.57062, 45.27549], [-102.57062, 45.27367], [-102.57062, 45.27219], [-102.57062, 45.27029], [-102.57062, 45.26842], [-102.57062, 45.26616], [-102.56987, 45.26429], [-102.5699, 45.26218], [-102.56989, 45.26081], [-102.56989, 45.25935], [-102.5699, 45.25781], [-102.56989, 45.25627], [-102.56989, 45.25486], [-102.56988, 45.25324], [-102.56987, 45.2512], [-102.56987, 45.24923], [-102.56987, 45.24682], [-102.56986, 45.24517], [-102.56985, 45.2438], [-102.56985, 45.24243], [-102.56986, 45.24113], [-102.56985, 45.23832], [-102.56985, 45.23711], [-102.56983, 45.23529], [-102.56983, 45.2332], [-102.56984, 45.23152], [-102.56983, 45.22982], [-102.56983, 45.22844], [-102.56983, 45.22704], [-102.56982, 45.22569], [-102.56982, 45.22379], [-102.5698, 45.22241], [-102.5698, 45.22035], [-102.56981, 45.21857], [-102.5698, 45.21693], [-102.56979, 45.21501], [-102.56979, 45.21335], [-102.56978, 45.21199], [-102.56978, 45.21005], [-102.56979, 45.20846], [-102.56979, 45.20678], [-102.56977, 45.20513], [-102.56977, 45.20317], [-102.56977, 45.2013], [-102.56976, 45.19968], [-102.56976, 45.198], [-102.56975, 45.19641], [-102.56975, 45.19459], [-102.56975, 45.19274], [-102.56975, 45.1906], [-102.56973, 45.18923], [-102.56974, 45.18722], [-102.56974, 45.18567], [-102.56973, 45.18383], [-102.56973, 45.1821], [-102.56973, 45.18032], [-102.56971, 45.17849], [-102.56971, 45.1767], [-102.56971, 45.17497], [-102.56971, 45.17315], [-102.56971, 45.17141], [-102.5697, 45.16987], [-102.56967, 45.16812], [-102.56969, 45.16652], [-102.5697, 45.16482], [-102.56968, 45.16318], [-102.56967, 45.16099], [-102.56967, 45.15922], [-102.56968, 45.15742], [-102.56966, 45.15551], [-102.56967, 45.15331], [-102.56967, 45.15165], [-102.56966, 45.14997], [-102.56967, 45.14717], [-102.56966, 45.14535], [-102.56966, 45.14342], [-102.56965, 45.14142], [-102.56965, 45.13965], [-102.56965, 45.13795], [-102.56964, 45.13616], [-102.56964, 45.13457], [-102.56965, 45.13328], [-102.56964, 45.13142], [-102.56964, 45.12922], [-102.56963, 45.12752], [-102.56963, 45.12576], [-102.56963, 45.12386], [-102.56963, 45.12232], [-102.56962, 45.12025], [-102.56962, 45.11872], [-102.56962, 45.11684], [-102.56961, 45.11501], [-102.56961, 45.11321], [-102.56961, 45.11176], [-102.56961, 45.11001], [-102.56961, 45.10834], [-102.5696, 45.1066], [-102.56961, 45.10482], [-102.56959, 45.10306], [-102.56959, 45.10131], [-102.5696, 45.09955], [-102.56958, 45.09806], [-102.57131, 45.09688], [-102.57263, 45.09598], [-102.57449, 45.09469], [-102.57633, 45.09343], [-102.57809, 45.09223], [-102.58031, 45.09069], [-102.58173, 45.08975], [-102.584, 45.08816], [-102.58592, 45.08685], [-102.58774, 45.0856], [-102.58964, 45.08434], [-102.58963, 45.08223], [-102.58963, 45.08059], [-102.58963, 45.07884], [-102.58962, 45.07711], [-102.58963, 45.0753], [-102.58964, 45.07351], [-102.58964, 45.07189], [-102.58965, 45.06995], [-102.58965, 45.06825], [-102.58966, 45.06651], [-102.58963, 45.0644], [-102.58966, 45.06263], [-102.58963, 45.06084], [-102.58963, 45.059], [-102.58964, 45.05708], [-102.58962, 45.05535], [-102.58961, 45.05372], [-102.58964, 45.05214], [-102.58961, 45.05042], [-102.58963, 45.04878], [-102.58963, 45.04678], [-102.58961, 45.04491], [-102.58964, 45.04316], [-102.58963, 45.04145], [-102.58963, 45.03957], [-102.58961, 45.03769], [-102.58963, 45.03618], [-102.58961, 45.03454], [-102.58962, 45.03287], [-102.58961, 45.03038], [-102.58963, 45.02848], [-102.58963, 45.02629], [-102.58958, 45.0247], [-102.5896, 45.02272], [-102.59011, 45.02077], [-102.59063, 45.01873], [-102.59108, 45.01698], [-102.59151, 45.01523], [-102.59187, 45.0138], [-102.59235, 45.01192], [-102.59289, 45.00987], [-102.59242, 45.00818], [-102.59212, 45.00774]]}, "properties": {"owner": "WAPA-- WESTERN AREA POWER ADMINISTRATION", "voltage_kv": 230.0}}, {"type": "Feature", "geometry": {"type": "LineString", "coordinates": [[-102.66191, 45.52997], [-102.66142, 45.53025], [-102.66142, 45.5315], [-102.66141, 45.53309], [-102.66142, 45.5352], [-102.66142, 45.53732], [-102.66143, 45.53933], [-102.65914, 45.54078], [-102.65715, 45.5421], [-102.65525, 45.54333], [-102.65356, 45.54443], [-102.65187, 45.54554], [-102.65003, 45.54674], [-102.64781, 45.54813], [-102.6482, 45.54988], [-102.64849, 45.55124], [-102.64881, 45.55271], [-102.6491, 45.55409], [-102.64942, 45.55565], [-102.64975, 45.55723], [-102.6501, 45.5589], [-102.65005, 45.56049], [-102.64998, 45.56268], [-102.64995, 45.56431], [-102.64991, 45.56605], [-102.64987, 45.56773], [-102.64984, 45.56962], [-102.64976, 45.57174], [-102.64972, 45.57317], [-102.6497, 45.57451], [-102.64966, 45.57585], [-102.6496, 45.57803], [-102.64956, 45.5797], [-102.64951, 45.58148], [-102.64947, 45.58351], [-102.64942, 45.58516], [-102.64937, 45.58679], [-102.64932, 45.58834], [-102.64929, 45.59009], [-102.64923, 45.59215], [-102.64919, 45.5942], [-102.64915, 45.59577], [-102.64909, 45.59799], [-102.64905, 45.59923], [-102.649, 45.60092], [-102.64895, 45.60303], [-102.6489, 45.60489], [-102.64887, 45.60608], [-102.64883, 45.60797], [-102.64878, 45.61011], [-102.64875, 45.61162], [-102.64871, 45.61313], [-102.64865, 45.61511], [-102.64863, 45.61632], [-102.64858, 45.61792], [-102.64853, 45.61929], [-102.6485, 45.62089], [-102.64846, 45.62273], [-102.64842, 45.62451], [-102.64835, 45.62601], [-102.64817, 45.62958], [-102.64808, 45.63176], [-102.64798, 45.6334], [-102.64793, 45.63483], [-102.64783, 45.6367], [-102.64776, 45.63821], [-102.64764, 45.6407], [-102.64755, 45.64273], [-102.64744, 45.64514], [-102.64735, 45.64701], [-102.64727, 45.64874], [-102.64719, 45.65013], [-102.64711, 45.65205], [-102.64704, 45.65369], [-102.64696, 45.65505], [-102.64688, 45.65669], [-102.64756, 45.65805], [-102.64816, 45.65927], [-102.64917, 45.66129], [-102.64979, 45.66251], [-102.65075, 45.66444], [-102.65166, 45.66629], [-102.65268, 45.66834], [-102.65272, 45.66982], [-102.65273, 45.67082], [-102.65274, 45.67249], [-102.65277, 45.67397], [-102.6528, 45.67563], [-102.65281, 45.67755], [-102.65283, 45.67925], [-102.65285, 45.68097], [-102.65288, 45.68262], [-102.65288, 45.684], [-102.65288, 45.68557], [-102.6529, 45.68754], [-102.65293, 45.68892], [-102.65297, 45.6903], [-102.65298, 45.69225], [-102.65299, 45.69394], [-102.65301, 45.69553], [-102.65305, 45.69704], [-102.65305, 45.69916], [-102.6531, 45.70213], [-102.65309, 45.70314], [-102.65312, 45.70483], [-102.65315, 45.70669], [-102.65319, 45.70893], [-102.6532, 45.71059], [-102.65322, 45.71179], [-102.65323, 45.71388], [-102.65324, 45.71602], [-102.65331, 45.71819], [-102.65332, 45.7197], [-102.65333, 45.72194], [-102.65335, 45.72373], [-102.65338, 45.72574], [-102.6534, 45.72786], [-102.65341, 45.73011], [-102.65414, 45.73183], [-102.6547, 45.73312], [-102.65403, 45.73503], [-102.65348, 45.73664], [-102.65351, 45.73814], [-102.65355, 45.74026], [-102.65357, 45.74184], [-102.6536, 45.74404], [-102.65363, 45.74596], [-102.65365, 45.74759], [-102.65367, 45.74924], [-102.65369, 45.75067], [-102.6537, 45.75226], [-102.65375, 45.7545], [-102.65376, 45.75637], [-102.65379, 45.75793], [-102.6538, 45.76016], [-102.65382, 45.76188], [-102.65385, 45.76424], [-102.65387, 45.76629], [-102.65514, 45.76841], [-102.65591, 45.76966], [-102.65691, 45.7713], [-102.65811, 45.77326], [-102.65786, 45.77514], [-102.65763, 45.777], [-102.65737, 45.7789], [-102.6571, 45.78112], [-102.65691, 45.78259], [-102.65668, 45.7844], [-102.65649, 45.78581], [-102.65629, 45.78742], [-102.65599, 45.78978], [-102.65584, 45.79096], [-102.65565, 45.79258], [-102.65543, 45.79422], [-102.65518, 45.79625], [-102.65497, 45.79781], [-102.65476, 45.79957], [-102.65457, 45.80099], [-102.65436, 45.80261], [-102.65413, 45.80447], [-102.65387, 45.80661], [-102.6536, 45.80856], [-102.6534, 45.81023], [-102.65319, 45.8119], [-102.6529, 45.81433], [-102.65275, 45.81547], [-102.65251, 45.81734], [-102.65216, 45.81979], [-102.65192, 45.82168], [-102.65293, 45.82313], [-102.65426, 45.82515], [-102.65545, 45.82695], [-102.65362, 45.82834], [-102.65172, 45.82979], [-102.65174, 45.83159], [-102.65175, 45.83337], [-102.65174, 45.83527], [-102.65175, 45.83734], [-102.65176, 45.83903], [-102.65176, 45.84036], [-102.65176, 45.84209], [-102.65174, 45.84385], [-102.65176, 45.84556], [-102.65176, 45.84826], [-102.65176, 45.84969], [-102.65176, 45.85148], [-102.65174, 45.85347], [-102.65176, 45.85559], [-102.65175, 45.85759], [-102.65175, 45.85895], [-102.65176, 45.8606], [-102.65176, 45.86281], [-102.65175, 45.86449], [-102.65175, 45.86647], [-102.65176, 45.86849], [-102.65174, 45.87041], [-102.65175, 45.87242], [-102.65174, 45.87438], [-102.65168, 45.87548], [-102.65166, 45.87925], [-102.65171, 45.88115], [-102.65171, 45.88312], [-102.6517, 45.88539], [-102.65169, 45.88693], [-102.6517, 45.88874], [-102.65169, 45.89058], [-102.65167, 45.89237], [-102.65166, 45.89433], [-102.65164, 45.89632], [-102.65005, 45.89789], [-102.64833, 45.89953], [-102.64664, 45.90114], [-102.64512, 45.90261], [-102.64342, 45.90426], [-102.64172, 45.90589], [-102.64175, 45.90741], [-102.64177, 45.90969], [-102.6418, 45.91167], [-102.6418, 45.91362], [-102.64184, 45.91532], [-102.64185, 45.91704], [-102.64187, 45.91893], [-102.6419, 45.92089], [-102.6419, 45.92265], [-102.64191, 45.92443], [-102.64195, 45.92661], [-102.64196, 45.92844], [-102.64195, 45.93036], [-102.642, 45.9325], [-102.642, 45.9342], [-102.64202, 45.93597], [-102.64204, 45.93789], [-102.64207, 45.93993], [-102.64209, 45.94143], [-102.64211, 45.94281], [-102.6421, 45.94444], [-102.63979, 45.94573], [-102.63768, 45.94688], [-102.63561, 45.94802], [-102.63317, 45.94936], [-102.63061, 45.95076], [-102.62827, 45.95207], [-102.62614, 45.95322], [-102.62376, 45.9546], [-102.62156, 45.95584], [-102.6194, 45.95704], [-102.61741, 45.95811], [-102.61516, 45.95935], [-102.61305, 45.96052], [-102.61081, 45.96175], [-102.60868, 45.96288], [-102.60649, 45.96409], [-102.60408, 45.96541], [-102.60193, 45.96661], [-102.60191, 45.96839], [-102.60191, 45.97024], [-102.60194, 45.97213], [-102.60192, 45.97378], [-102.60194, 45.9756], [-102.60194, 45.97746], [-102.60193, 45.97936], [-102.60195, 45.98146], [-102.60196, 45.98372], [-102.60193, 45.98568], [-102.60197, 45.98788], [-102.60197, 45.98991], [-102.60196, 45.99178], [-102.60197, 45.99361], [-102.60194, 45.99558], [-102.60192, 45.99772], [-102.60189, 45.99975], [-102.60192, 46.0017], [-102.60195, 46.00352], [-102.60196, 46.00526], [-102.60195, 46.00717], [-102.60196, 46.00921], [-102.60194, 46.01117], [-102.60196, 46.013], [-102.60195, 46.01497], [-102.60194, 46.01722], [-102.60197, 46.01937], [-102.60197, 46.02141], [-102.60198, 46.02341], [-102.60198, 46.0255], [-102.60197, 46.02759], [-102.60198, 46.02966], [-102.60201, 46.03145], [-102.6048, 46.03148], [-102.60753, 46.03147], [-102.60989, 46.03147], [-102.61328, 46.03147], [-102.61613, 46.03147], [-102.61917, 46.03148], [-102.61933, 46.03232], [-102.61983, 46.03271]]}, "properties": {"owner": "WAPA-- WESTERN AREA POWER ADMINISTRATION", "voltage_kv": 230.0}}]}